PULocationID,pickup_zone,pickup_hour,trips,unreliable_trips,avg_duration_min,expected_duration_min,delay_rate,month,metric,benchmark_share_citywide_hour,benchmark_share_pickup_borough_hour,benchmark_share_pickup_zone_hour,benchmark_share_zone_pair_hour,low_sample
41,Central Harlem,17,1298,660,20.497663071391884,14.75,0.5084745762711864,2026-02,unreliable_trip_rate,0.0,0.0,0.4884437596302003,0.5115562403697997,False
75,East Harlem South,13,1608,795,20.30804311774461,14.241666666666667,0.4944029850746269,2026-02,unreliable_trip_rate,0.0,0.0,0.4060945273631841,0.5939054726368159,False
75,East Harlem South,16,1972,973,20.343162609871534,13.375,0.4934077079107505,2026-02,unreliable_trip_rate,0.0,0.0,0.3696754563894523,0.6303245436105477,False
75,East Harlem South,21,986,486,14.992021636240704,13.158333333333333,0.49290060851926976,2026-02,unreliable_trip_rate,0.0,0.0,0.6176470588235294,0.38235294117647056,False
24,Bloomingdale,15,565,278,16.612418879056047,13.733333333333333,0.4920353982300885,2026-02,unreliable_trip_rate,0.0,0.0,0.6353982300884956,0.36460176991150445,False
75,East Harlem South,14,1874,918,20.80808431163287,15.6,0.48986125933831376,2026-02,unreliable_trip_rate,0.0,0.0,0.3927427961579509,0.6072572038420491,False
20,Belmont,7,39,19,46.258547008547005,36.483333333333334,0.48717948717948717,2026-02,unreliable_trip_rate,0.0,0.0,1.0,0.0,False
74,East Harlem North,17,923,449,21.490538100397256,17.25,0.48645720476706394,2026-02,unreliable_trip_rate,0.0,0.0,0.6348862405200434,0.36511375947995667,False
219,Springfield Gardens South,5,35,17,39.78809523809524,33.6,0.4857142857142857,2026-02,unreliable_trip_rate,0.0,0.0,1.0,0.0,False
41,Central Harlem,14,933,453,22.048249374776706,16.8,0.4855305466237942,2026-02,unreliable_trip_rate,0.0,0.0,0.6130760986066452,0.38692390139335475,False
41,Central Harlem,16,971,471,22.633504977686236,15.5,0.4850669412976313,2026-02,unreliable_trip_rate,0.0,0.0,0.4799176107106076,0.5200823892893924,False
75,East Harlem South,19,1749,848,15.933457213645893,11.433333333333334,0.48484848484848486,2026-02,unreliable_trip_rate,0.0,0.0,0.41909662664379643,0.5809033733562036,False
41,Central Harlem,19,1128,546,17.12043439716312,12.941666666666666,0.48404255319148937,2026-02,unreliable_trip_rate,0.0,0.0,0.500886524822695,0.499113475177305,False
75,East Harlem South,12,1608,776,19.125342039800994,14.533333333333333,0.48258706467661694,2026-02,unreliable_trip_rate,0.0,0.0,0.3718905472636816,0.6281094527363185,False
75,East Harlem South,10,1393,672,19.223689877961235,15.633333333333333,0.4824120603015075,2026-02,unreliable_trip_rate,0.0,0.0,0.5068198133524767,0.49318018664752333,False
42,Central Harlem North,18,811,389,20.227784628031237,17.433333333333334,0.4796547472256473,2026-02,unreliable_trip_rate,0.0,0.0,0.6152897657213316,0.3847102342786683,False
42,Central Harlem North,16,735,352,26.171746031746032,20.85,0.47891156462585033,2026-02,unreliable_trip_rate,0.0,0.0,0.7006802721088435,0.29931972789115646,False
41,Central Harlem,18,1366,652,19.412493899463154,15.808333333333334,0.4773060029282577,2026-02,unreliable_trip_rate,0.0,0.0,0.41654465592972184,0.5834553440702782,False
41,Central Harlem,9,867,413,20.694367550941944,17.75,0.47635524798154555,2026-02,unreliable_trip_rate,0.0,0.0,0.6412918108419838,0.35870818915801617,False
134,Kew Gardens,9,42,20,36.90555555555555,26.45,0.47619047619047616,2026-02,unreliable_trip_rate,0.0,0.0,1.0,0.0,False
74,East Harlem North,16,899,428,22.563125695216907,17.616666666666667,0.4760845383759733,2026-02,unreliable_trip_rate,0.0,0.0,0.6674082313681868,0.3325917686318131,False
75,East Harlem South,11,1560,742,19.65888888888889,15.325,0.4756410256410256,2026-02,unreliable_trip_rate,0.0,0.0,0.3737179487179487,0.6262820512820513,False
246,West Chelsea/Hudson Yards,3,900,428,11.76612962962963,9.2,0.47555555555555556,2026-02,unreliable_trip_rate,0.0,0.0,0.6655555555555556,0.33444444444444443,False
229,Sutton Place/Turtle Bay North,6,774,368,11.224827734711456,8.566666666666666,0.4754521963824289,2026-02,unreliable_trip_rate,0.0,0.0,0.5051679586563308,0.49483204134366926,False
38,Cambria Heights,8,40,19,55.55291666666667,55.375,0.475,2026-02,unreliable_trip_rate,0.0,0.0,1.0,0.0,False
75,East Harlem South,15,1960,929,21.32734693877551,15.733333333333333,0.4739795918367347,2026-02,unreliable_trip_rate,0.0,0.0,0.3607142857142857,0.6392857142857142,False
155,Marine Park/Mill Basin,15,57,27,39.390058479532165,28.866666666666667,0.47368421052631576,2026-02,unreliable_trip_rate,0.0,0.0,1.0,0.0,False
185,Pelham Parkway,9,36,17,42.113425925925924,34.90833333333333,0.4722222222222222,2026-02,unreliable_trip_rate,0.0,0.0,1.0,0.0,False
41,Central Harlem,15,917,433,21.364740094511088,16.15,0.4721919302071974,2026-02,unreliable_trip_rate,0.0,0.0,0.6226826608505998,0.37731733914940024,False
119,Highbridge,10,53,25,36.97327044025157,27.716666666666665,0.4716981132075472,2026-02,unreliable_trip_rate,0.0,0.0,1.0,0.0,False
125,Hudson Sq,16,846,399,20.397281323877067,14.916666666666668,0.4716312056737589,2026-02,unreliable_trip_rate,0.0,0.0,0.6548463356973995,0.34515366430260047,False
41,Central Harlem,20,860,405,17.41089147286822,14.175,0.47093023255813954,2026-02,unreliable_trip_rate,0.0,0.0,0.65,0.35,False
50,Clinton West,15,1105,520,16.563001508295624,13.583333333333334,0.47058823529411764,2026-02,unreliable_trip_rate,0.0,0.0,0.5194570135746607,0.4805429864253394,False
102,Glendale,13,34,16,30.88774509803922,18.95,0.47058823529411764,2026-02,unreliable_trip_rate,0.0,0.0,1.0,0.0,False
41,Central Harlem,22,727,342,15.774942686840898,13.1,0.47042640990371387,2026-02,unreliable_trip_rate,0.0,0.0,0.6918844566712518,0.3081155433287483,False
217,South Williamsburg,21,49,23,20.36156462585034,17.166666666666668,0.46938775510204084,2026-02,unreliable_trip_rate,0.0,0.0,1.0,0.0,False
42,Central Harlem North,17,767,360,23.667753150804,18.783333333333335,0.46936114732724904,2026-02,unreliable_trip_rate,0.0,0.0,0.6766623207301173,0.32333767926988266,False
139,Laurelton,17,32,15,51.40416666666667,41.30833333333334,0.46875,2026-02,unreliable_trip_rate,0.0,0.0,1.0,0.0,False
217,South Williamsburg,17,32,15,24.514583333333334,21.34166666666667,0.46875,2026-02,unreliable_trip_rate,0.0,0.0,1.0,0.0,False
254,Williamsbridge/Olinville,13,79,37,40.27489451476793,33.43333333333333,0.46835443037974683,2026-02,unreliable_trip_rate,0.0,0.0,1.0,0.0,False
121,Hillcrest/Pomonok,8,45,21,36.09407407407407,24.566666666666666,0.4666666666666667,2026-02,unreliable_trip_rate,0.0,0.0,1.0,0.0,False
149,Madison,8,45,21,41.08851851851852,33.75,0.4666666666666667,2026-02,unreliable_trip_rate,0.0,0.0,1.0,0.0,False
218,Springfield Gardens North,15,30,14,42.28388888888889,31.541666666666664,0.4666666666666667,2026-02,unreliable_trip_rate,0.0,0.0,1.0,0.0,False
236,Upper East Side North,23,1414,658,12.34442479962282,9.5,0.46534653465346537,2026-02,unreliable_trip_rate,0.0,0.0,0.4476661951909477,0.5523338048090524,False
91,Flatlands,4,43,20,39.06744186046512,29.85,0.46511627906976744,2026-02,unreliable_trip_rate,0.0,0.0,1.0,0.0,False
74,East Harlem North,15,882,410,22.776455026455025,18.575,0.46485260770975056,2026-02,unreliable_trip_rate,0.0,0.0,0.6541950113378685,0.3458049886621315,False
41,Central Harlem,12,768,357,20.39353298611111,16.566666666666666,0.46484375,2026-02,unreliable_trip_rate,0.0,0.0,0.67578125,0.32421875,False
78,East Tremont,19,41,19,29.215853658536584,17.85,0.4634146341463415,2026-02,unreliable_trip_rate,0.0,0.0,1.0,0.0,False
125,Hudson Sq,18,1371,633,16.802188183807438,13.983333333333333,0.4617067833698031,2026-02,unreliable_trip_rate,0.0,0.0,0.4442013129102845,0.5557986870897156,False
55,Coney Island,20,39,18,32.4474358974359,26.3,0.46153846153846156,2026-02,unreliable_trip_rate,0.0,0.0,1.0,0.0,False
197,Richmond Hill,5,104,48,28.872756410256407,22.733333333333334,0.46153846153846156,2026-02,unreliable_trip_rate,0.0,0.0,1.0,0.0,False
42,Central Harlem North,19,718,330,19.809633240482825,17.425,0.4596100278551532,2026-02,unreliable_trip_rate,0.0,0.0,0.6629526462395543,0.3370473537604457,False
108,Gravesend,8,37,17,36.454504504504506,24.066666666666666,0.4594594594594595,2026-02,unreliable_trip_rate,0.0,0.0,1.0,0.0,False
50,Clinton West,14,1081,496,16.40146469318532,13.816666666666666,0.4588344125809436,2026-02,unreliable_trip_rate,0.0,0.0,0.47363552266419984,0.5263644773358002,False
50,Clinton West,16,1189,545,17.17118026352677,14.033333333333333,0.45836837678721615,2026-02,unreliable_trip_rate,0.0,0.0,0.49032800672834315,0.5096719932716569,False
81,Eastchester,9,48,22,42.62326388888889,35.150000000000006,0.4583333333333333,2026-02,unreliable_trip_rate,0.0,0.0,1.0,0.0,False
191,Queens Village,15,59,27,33.065819209039546,22.883333333333333,0.4576271186440678,2026-02,unreliable_trip_rate,0.0,0.0,1.0,0.0,False
50,Clinton West,12,1058,484,15.44569943289225,13.466666666666667,0.45746691871455575,2026-02,unreliable_trip_rate,0.0,0.0,0.5387523629489603,0.4612476370510397,False
47,Claremont/Bathgate,18,35,16,38.22904761904762,25.033333333333335,0.45714285714285713,2026-02,unreliable_trip_rate,0.0,0.0,1.0,0.0,False
56,Corona,15,35,16,42.10095238095238,25.816666666666666,0.45714285714285713,2026-02,unreliable_trip_rate,0.0,0.0,1.0,0.0,False
130,Jamaica,5,70,32,31.74595238095238,26.075000000000003,0.45714285714285713,2026-02,unreliable_trip_rate,0.0,0.0,1.0,0.0,False
136,Kingsbridge Heights,10,35,16,47.18714285714285,30.766666666666666,0.45714285714285713,2026-02,unreliable_trip_rate,0.0,0.0,1.0,0.0,False
75,East Harlem South,17,2076,949,18.028403982016698,12.483333333333334,0.4571290944123314,2026-02,unreliable_trip_rate,0.0,0.0,0.33622350674373797,0.6637764932562621,False
60,Crotona Park East,12,46,21,36.256884057971014,30.633333333333333,0.45652173913043476,2026-02,unreliable_trip_rate,0.0,0.0,1.0,0.0,False
216,South Ozone Park,17,92,42,25.57518115942029,17.633333333333333,0.45652173913043476,2026-02,unreliable_trip_rate,0.0,0.0,1.0,0.0,False
39,Canarsie,4,57,26,38.41959064327485,30.0,0.45614035087719296,2026-02,unreliable_trip_rate,0.0,0.0,1.0,0.0,False
74,East Harlem North,14,862,393,21.766666666666666,18.041666666666668,0.45591647331786544,2026-02,unreliable_trip_rate,0.0,0.0,0.6682134570765661,0.33178654292343385,False
24,Bloomingdale,12,562,256,16.32870699881376,13.158333333333333,0.4555160142348754,2026-02,unreliable_trip_rate,0.0,0.0,0.597864768683274,0.40213523131672596,False
74,East Harlem North,18,1039,473,19.822938723131216,17.15,0.4552454282964389,2026-02,unreliable_trip_rate,0.0,0.0,0.615014436958614,0.3849855630413859,False
143,Lincoln Square West,20,1499,682,13.896219702023572,11.8,0.4549699799866578,2026-02,unreliable_trip_rate,0.0,0.0,0.45563709139426284,0.5443629086057371,False
75,East Harlem South,9,1464,666,18.281955828779598,15.225,0.45491803278688525,2026-02,unreliable_trip_rate,0.0,0.0,0.43306010928961747,0.5669398907103825,False
42,Central Harlem North,8,996,453,27.28960843373494,22.558333333333334,0.45481927710843373,2026-02,unreliable_trip_rate,0.0,0.0,0.6877510040160643,0.31224899598393574,False
78,East Tremont,16,33,15,47.0439393939394,30.6,0.45454545454545453,2026-02,unreliable_trip_rate,0.0,0.0,1.0,0.0,False
121,Hillcrest/Pomonok,16,44,20,45.019318181818186,33.225,0.45454545454545453,2026-02,unreliable_trip_rate,0.0,0.0,1.0,0.0,False
200,Riverdale/North Riverdale/Fieldston,8,33,15,42.7939393939394,35.166666666666664,0.45454545454545453,2026-02,unreliable_trip_rate,0.0,0.0,1.0,0.0,False
263,Yorkville West,0,1351,614,11.73807056501357,10.616666666666667,0.4544781643227239,2026-02,unreliable_trip_rate,0.0,0.0,0.49222797927461137,0.5077720207253886,False
41,Central Harlem,13,864,392,19.927179783950617,16.96666666666667,0.4537037037037037,2026-02,unreliable_trip_rate,0.0,0.0,0.6597222222222222,0.3402777777777778,False
211,SoHo,23,1497,679,14.528846582052996,12.05,0.45357381429525717,2026-02,unreliable_trip_rate,0.0,0.0,0.5143620574482298,0.48563794255177023,False
78,East Tremont,6,86,39,38.7906976744186,33.59166666666667,0.45348837209302323,2026-02,unreliable_trip_rate,0.0,0.0,1.0,0.0,False
74,East Harlem North,19,847,384,18.060114128295947,15.583333333333334,0.45336481700118064,2026-02,unreliable_trip_rate,0.0,0.0,0.6658795749704841,0.33412042502951594,False
41,Central Harlem,21,746,338,16.370196604110813,13.525,0.45308310991957107,2026-02,unreliable_trip_rate,0.0,0.0,0.7238605898123325,0.2761394101876676,False
21,Bensonhurst East,7,53,24,45.34496855345912,30.816666666666666,0.4528301886792453,2026-02,unreliable_trip_rate,0.0,0.0,1.0,0.0,False
92,Flushing,17,53,24,29.73553459119497,23.166666666666668,0.4528301886792453,2026-02,unreliable_trip_rate,0.0,0.0,1.0,0.0,False
20,Belmont,8,42,19,40.44087301587302,31.825,0.4523809523809524,2026-02,unreliable_trip_rate,0.0,0.0,1.0,0.0,False
218,Springfield Gardens North,16,42,19,38.82261904761905,32.69166666666666,0.4523809523809524,2026-02,unreliable_trip_rate,0.0,0.0,1.0,0.0,False
125,Hudson Sq,21,1036,468,15.512837837837838,13.2,0.4517374517374517,2026-02,unreliable_trip_rate,0.0,0.0,0.611003861003861,0.388996138996139,False
124,Howard Beach,10,31,14,39.575806451612905,28.466666666666665,0.45161290322580644,2026-02,unreliable_trip_rate,0.0,0.0,1.0,0.0,False
212,Soundview/Bruckner,10,31,14,34.85698924731182,26.6,0.45161290322580644,2026-02,unreliable_trip_rate,0.0,0.0,1.0,0.0,False
50,Clinton West,17,1580,713,16.77970464135021,14.175,0.45126582278481014,2026-02,unreliable_trip_rate,0.0,0.0,0.44367088607594934,0.5563291139240506,False
50,Clinton West,10,1040,468,16.647996794871798,14.766666666666667,0.45,2026-02,unreliable_trip_rate,0.0,0.0,0.5269230769230769,0.47307692307692306,False
157,Maspeth,16,40,18,26.005000000000003,20.4,0.45,2026-02,unreliable_trip_rate,0.0,0.0,1.0,0.0,False
169,Mount Hope,6,60,27,30.005555555555553,21.975,0.45,2026-02,unreliable_trip_rate,0.0,0.0,1.0,0.0,False
113,Greenwich Village North,1,1313,590,12.158060421426757,9.916666666666666,0.44935262757044936,2026-02,unreliable_trip_rate,0.0,0.0,0.536938309215537,0.4630616907844631,False
216,South Ozone Park,15,67,30,24.885323383084575,14.166666666666666,0.44776119402985076,2026-02,unreliable_trip_rate,0.0,0.0,1.0,0.0,False
48,Clinton East,12,2522,1129,15.711274121067936,11.916666666666666,0.4476605868358446,2026-02,unreliable_trip_rate,0.0,0.0,0.25614591593973035,0.7438540840602696,False
151,Manhattan Valley,21,975,436,14.523914529914531,12.716666666666667,0.4471794871794872,2026-02,unreliable_trip_rate,0.0,0.0,0.558974358974359,0.441025641025641,False
32,Bronxdale,7,47,21,53.75,46.28333333333333,0.44680851063829785,2026-02,unreliable_trip_rate,0.0,0.0,1.0,0.0,False
135,Kew Gardens Hills,8,47,21,36.029432624113475,23.2,0.44680851063829785,2026-02,unreliable_trip_rate,0.0,0.0,1.0,0.0,False
140,Lenox Hill East,21,2147,959,13.19695699425555,11.8,0.4466697717745692,2026-02,unreliable_trip_rate,0.0,0.0,0.37587331159757803,0.624126688402422,False
123,Homecrest,9,56,25,34.62589285714286,22.266666666666666,0.44642857142857145,2026-02,unreliable_trip_rate,0.0,0.0,1.0,0.0,False
131,Jamaica Estates,9,56,25,44.77738095238095,38.225,0.44642857142857145,2026-02,unreliable_trip_rate,0.0,0.0,1.0,0.0,False
161,Midtown Center,3,177,79,14.664595103578154,11.416666666666666,0.4463276836158192,2026-02,unreliable_trip_rate,0.0,0.0,1.0,0.0,False
86,Far Rockaway,9,74,33,74.90247747747749,65.45833333333333,0.44594594594594594,2026-02,unreliable_trip_rate,0.0,0.0,1.0,0.0,False
41,Central Harlem,8,1180,526,21.798658192090397,18.508333333333333,0.4457627118644068,2026-02,unreliable_trip_rate,0.0,0.0,0.5008474576271187,0.49915254237288137,False
216,South Ozone Park,5,101,45,26.11930693069307,19.8,0.44554455445544555,2026-02,unreliable_trip_rate,0.0,0.0,1.0,0.0,False
100,Garment District,11,1715,764,17.761438289601553,12.841666666666667,0.4454810495626822,2026-02,unreliable_trip_rate,0.0,0.0,0.34402332361516036,0.6559766763848397,False
74,East Harlem North,12,723,322,21.49640387275242,17.833333333333332,0.44536652835408025,2026-02,unreliable_trip_rate,0.0,0.0,0.7053941908713693,0.2946058091286307,False
186,Penn Station/Madison Sq West,1,1231,548,13.938369888979151,12.1,0.44516653127538586,2026-02,unreliable_trip_rate,0.0,0.0,0.7124289195775793,0.2875710804224208,False
141,Lenox Hill West,1,620,276,11.016586021505377,9.441666666666666,0.44516129032258067,2026-02,unreliable_trip_rate,0.0,0.0,0.8290322580645161,0.17096774193548386,False
24,Bloomingdale,14,605,269,16.64283746556474,13.4,0.4446280991735537,2026-02,unreliable_trip_rate,0.0,0.0,0.6611570247933884,0.33884297520661155,False
123,Homecrest,10,54,24,45.93425925925926,35.36666666666667,0.4444444444444444,2026-02,unreliable_trip_rate,0.0,0.0,1.0,0.0,False
149,Madison,16,36,16,32.15,22.266666666666666,0.4444444444444444,2026-02,unreliable_trip_rate,0.0,0.0,1.0,0.0,False
174,Norwood,7,63,28,39.47222222222222,28.5,0.4444444444444444,2026-02,unreliable_trip_rate,0.0,0.0,1.0,0.0,False
208,Schuylerville/Edgewater Park,13,36,16,31.789814814814818,28.65,0.4444444444444444,2026-02,unreliable_trip_rate,0.0,0.0,1.0,0.0,False
212,Soundview/Bruckner,19,36,16,31.12916666666667,25.025,0.4444444444444444,2026-02,unreliable_trip_rate,0.0,0.0,1.0,0.0,False
218,Springfield Gardens North,14,45,20,38.52185185185185,28.433333333333334,0.4444444444444444,2026-02,unreliable_trip_rate,0.0,0.0,1.0,0.0,False
246,West Chelsea/Hudson Yards,4,405,180,11.922757201646089,9.75,0.4444444444444444,2026-02,unreliable_trip_rate,0.0,0.0,0.8296296296296296,0.17037037037037037,False
140,Lenox Hill East,22,1634,726,13.522919216646267,11.625,0.44430844553243576,2026-02,unreliable_trip_rate,0.0,0.0,0.4449204406364749,0.555079559363525,False
75,East Harlem South,22,818,363,15.029115729421354,13.308333333333334,0.44376528117359415,2026-02,unreliable_trip_rate,0.0,0.0,0.7432762836185819,0.2567237163814181,False
75,East Harlem South,18,2105,934,16.581694378463975,12.566666666666666,0.4437054631828979,2026-02,unreliable_trip_rate,0.0,0.0,0.32826603325415676,0.6717339667458432,False
158,Meatpacking/West Village West,10,735,326,17.598140589569162,14.05,0.4435374149659864,2026-02,unreliable_trip_rate,0.0,0.0,0.6802721088435374,0.3197278911564626,False
125,Hudson Sq,12,681,302,18.882745961820852,15.183333333333334,0.4434654919236417,2026-02,unreliable_trip_rate,0.0,0.0,0.7723935389133627,0.2276064610866373,False
125,Hudson Sq,13,742,329,17.570530098831988,13.908333333333333,0.44339622641509435,2026-02,unreliable_trip_rate,0.0,0.0,0.6873315363881402,0.31266846361185985,False
259,Woodlawn/Wakefield,8,79,35,38.2253164556962,28.05,0.4430379746835443,2026-02,unreliable_trip_rate,0.0,0.0,1.0,0.0,False
55,Coney Island,17,70,31,50.52261904761905,42.08333333333333,0.44285714285714284,2026-02,unreliable_trip_rate,0.0,0.0,1.0,0.0,False
159,Melrose South,15,70,31,33.42714285714286,25.233333333333334,0.44285714285714284,2026-02,unreliable_trip_rate,0.0,0.0,1.0,0.0,False
48,Clinton East,10,2521,1116,16.166871611794264,12.225,0.44268147560491866,2026-02,unreliable_trip_rate,0.0,0.0,0.25545418484728283,0.7445458151527172,False
51,Co-Op City,19,61,27,31.931420765027323,24.95,0.4426229508196721,2026-02,unreliable_trip_rate,0.0,0.0,1.0,0.0,False
72,East Flatbush/Remsen Village,20,61,27,34.143169398907105,25.6,0.4426229508196721,2026-02,unreliable_trip_rate,0.0,0.0,1.0,0.0,False
55,Coney Island,19,52,23,28.140064102564104,24.358333333333334,0.4423076923076923,2026-02,unreliable_trip_rate,0.0,0.0,1.0,0.0,False
155,Marine Park/Mill Basin,6,52,23,51.700961538461534,45.13333333333334,0.4423076923076923,2026-02,unreliable_trip_rate,0.0,0.0,1.0,0.0,False
218,Springfield Gardens North,12,52,23,53.71057692307692,43.91666666666667,0.4423076923076923,2026-02,unreliable_trip_rate,0.0,0.0,1.0,0.0,False
151,Manhattan Valley,22,778,344,14.956383890317053,12.608333333333334,0.442159383033419,2026-02,unreliable_trip_rate,0.0,0.0,0.6632390745501285,0.33676092544987146,False
137,Kips Bay,11,1943,859,17.643609538514326,13.683333333333334,0.44209984559958826,2026-02,unreliable_trip_rate,0.0,0.0,0.3885743695316521,0.611425630468348,False
167,Morrisania/Melrose,5,43,19,30.88875968992248,21.383333333333333,0.4418604651162791,2026-02,unreliable_trip_rate,0.0,0.0,1.0,0.0,False
182,Parkchester,18,43,19,37.48682170542636,29.333333333333332,0.4418604651162791,2026-02,unreliable_trip_rate,0.0,0.0,1.0,0.0,False
183,Pelham Bay,7,43,19,43.489147286821705,40.71666666666667,0.4418604651162791,2026-02,unreliable_trip_rate,0.0,0.0,1.0,0.0,False
75,East Harlem South,20,1232,544,15.954694264069264,13.725,0.44155844155844154,2026-02,unreliable_trip_rate,0.0,0.0,0.4707792207792208,0.5292207792207793,False
247,West Concourse,18,77,34,27.698051948051948,20.816666666666666,0.44155844155844154,2026-02,unreliable_trip_rate,0.0,0.0,1.0,0.0,False
259,Woodlawn/Wakefield,7,77,34,51.609740259740256,37.03333333333333,0.44155844155844154,2026-02,unreliable_trip_rate,0.0,0.0,1.0,0.0,False
218,Springfield Gardens North,7,111,49,53.57702702702703,46.78333333333333,0.44144144144144143,2026-02,unreliable_trip_rate,0.0,0.0,1.0,0.0,False
72,East Flatbush/Remsen Village,14,145,64,35.28908045977012,26.233333333333334,0.4413793103448276,2026-02,unreliable_trip_rate,0.0,0.0,1.0,0.0,False
182,Parkchester,5,68,30,38.355637254901964,28.983333333333334,0.4411764705882353,2026-02,unreliable_trip_rate,0.0,0.0,1.0,0.0,False
265,Outside of NYC,14,34,15,23.596568627450978,12.691666666666666,0.4411764705882353,2026-02,unreliable_trip_rate,0.0,0.0,1.0,0.0,False
166,Morningside Heights,3,84,37,12.195238095238096,9.633333333333333,0.44047619047619047,2026-02,unreliable_trip_rate,0.0,0.0,1.0,0.0,False
75,East Harlem South,7,1481,652,16.60525545802386,13.333333333333334,0.4402430790006752,2026-02,unreliable_trip_rate,0.0,0.0,0.4098582039162728,0.5901417960837272,False
76,East New York,11,284,125,38.70774647887324,32.099999999999994,0.44014084507042256,2026-02,unreliable_trip_rate,0.0,0.0,0.8802816901408451,0.11971830985915492,False
131,Jamaica Estates,6,75,33,31.752444444444446,25.483333333333334,0.44,2026-02,unreliable_trip_rate,0.0,0.0,1.0,0.0,False
241,Van Cortlandt Village,10,50,22,44.605,36.175,0.44,2026-02,unreliable_trip_rate,0.0,0.0,1.0,0.0,False
242,Van Nest/Morris Park,14,50,22,33.781666666666666,24.991666666666667,0.44,2026-02,unreliable_trip_rate,0.0,0.0,1.0,0.0,False
247,West Concourse,12,50,22,27.811333333333334,23.225,0.44,2026-02,unreliable_trip_rate,0.0,0.0,1.0,0.0,False
72,East Flatbush/Remsen Village,5,116,51,35.50459770114943,31.891666666666666,0.4396551724137931,2026-02,unreliable_trip_rate,0.0,0.0,1.0,0.0,False
48,Clinton East,5,1067,469,11.42416432364886,8.55,0.4395501405810684,2026-02,unreliable_trip_rate,0.0,0.0,0.5548266166822868,0.4451733833177132,False
238,Upper West Side North,22,1718,755,13.584264648816452,11.558333333333334,0.4394644935972061,2026-02,unreliable_trip_rate,0.0,0.0,0.3742724097788126,0.6257275902211874,False
48,Clinton East,11,2444,1074,16.30788325150027,13.216666666666667,0.43944353518821605,2026-02,unreliable_trip_rate,0.0,0.0,0.25654664484451717,0.7434533551554828,False
39,Canarsie,20,66,29,31.637626262626267,24.0,0.4393939393939394,2026-02,unreliable_trip_rate,0.0,0.0,1.0,0.0,False
237,Upper East Side South,0,1518,667,11.138153271848925,9.4,0.4393939393939394,2026-02,unreliable_trip_rate,0.0,0.0,0.4380764163372859,0.5619235836627141,False
24,Bloomingdale,11,503,221,16.710006626905233,13.75,0.4393638170974155,2026-02,unreliable_trip_rate,0.0,0.0,0.757455268389662,0.24254473161033796,False
13,Battery Park City,4,41,18,19.508536585365853,14.183333333333334,0.43902439024390244,2026-02,unreliable_trip_rate,0.0,0.0,1.0,0.0,False
29,Brighton Beach,17,41,18,46.42845528455285,38.11666666666667,0.43902439024390244,2026-02,unreliable_trip_rate,0.0,0.0,1.0,0.0,False
143,Lincoln Square West,21,1281,562,13.836820192557898,11.8,0.43871975019516,2026-02,unreliable_trip_rate,0.0,0.0,0.49102263856362216,0.5089773614363778,False
235,University Heights/Morris Heights,5,57,25,35.56228070175438,30.816666666666666,0.43859649122807015,2026-02,unreliable_trip_rate,0.0,0.0,1.0,0.0,False
75,East Harlem South,8,1590,697,19.514150943396228,17.0,0.43836477987421385,2026-02,unreliable_trip_rate,0.0,0.0,0.4157232704402516,0.5842767295597484,False
55,Coney Island,16,73,32,55.982191780821914,48.78333333333333,0.4383561643835616,2026-02,unreliable_trip_rate,0.0,0.0,1.0,0.0,False
264,Unknown,15,219,96,20.987062404870624,16.283333333333335,0.4383561643835616,2026-02,unreliable_trip_rate,0.0,0.0,0.593607305936073,0.4063926940639269,False
125,Hudson Sq,14,746,327,18.213025022341377,14.233333333333333,0.4383378016085791,2026-02,unreliable_trip_rate,0.0,0.0,0.631367292225201,0.36863270777479895,False
151,Manhattan Valley,20,1089,477,14.173431282522191,12.033333333333333,0.4380165289256198,2026-02,unreliable_trip_rate,0.0,0.0,0.4857667584940312,0.5142332415059688,False
81,Eastchester,15,32,14,43.72291666666667,37.641666666666666,0.4375,2026-02,unreliable_trip_rate,0.0,0.0,1.0,0.0,False
92,Flushing,6,32,14,37.5,27.90833333333333,0.4375,2026-02,unreliable_trip_rate,0.0,0.0,1.0,0.0,False
94,Fordham South,9,32,14,46.8125,37.11666666666667,0.4375,2026-02,unreliable_trip_rate,0.0,0.0,1.0,0.0,False
265,Outside of NYC,19,32,14,28.423958333333335,18.09166666666667,0.4375,2026-02,unreliable_trip_rate,0.0,0.0,1.0,0.0,False
166,Morningside Heights,22,1068,467,17.112624843945067,15.149999999999999,0.43726591760299627,2026-02,unreliable_trip_rate,0.0,0.0,0.6226591760299626,0.37734082397003743,False
39,Canarsie,5,199,87,41.95695142378559,36.35,0.4371859296482412,2026-02,unreliable_trip_rate,0.0,0.0,0.8391959798994975,0.16080402010050251,False
125,Hudson Sq,11,632,276,18.333755274261602,14.466666666666665,0.43670886075949367,2026-02,unreliable_trip_rate,0.0,0.0,0.7104430379746836,0.28955696202531644,False
158,Meatpacking/West Village West,15,1184,517,18.385796734234233,15.183333333333334,0.43665540540540543,2026-02,unreliable_trip_rate,0.0,0.0,0.42989864864864863,0.5701013513513513,False
197,Richmond Hill,0,55,24,17.348787878787878,14.983333333333333,0.43636363636363634,2026-02,unreliable_trip_rate,0.0,0.0,1.0,0.0,False
76,East New York,17,227,99,31.059251101321586,24.716666666666665,0.43612334801762115,2026-02,unreliable_trip_rate,0.0,0.0,0.8458149779735683,0.15418502202643172,False
74,East Harlem North,10,633,276,20.80618746708794,17.516666666666666,0.43601895734597157,2026-02,unreliable_trip_rate,0.0,0.0,0.8135860979462876,0.18641390205371247,False
29,Brighton Beach,8,39,17,52.713247863247865,43.2,0.4358974358974359,2026-02,unreliable_trip_rate,0.0,0.0,1.0,0.0,False
95,Forest Hills,11,78,34,38.228418803418805,32.625,0.4358974358974359,2026-02,unreliable_trip_rate,0.0,0.0,1.0,0.0,False
191,Queens Village,13,39,17,27.66196581196581,18.616666666666667,0.4358974358974359,2026-02,unreliable_trip_rate,0.0,0.0,1.0,0.0,False
219,Springfield Gardens South,9,39,17,48.44444444444444,40.083333333333336,0.4358974358974359,2026-02,unreliable_trip_rate,0.0,0.0,1.0,0.0,False
125,Hudson Sq,22,925,403,15.412594594594594,13.333333333333334,0.43567567567567567,2026-02,unreliable_trip_rate,0.0,0.0,0.7416216216216216,0.2583783783783784,False
43,Central Park,22,914,398,11.87727935813275,9.783333333333333,0.43544857768052514,2026-02,unreliable_trip_rate,0.0,0.0,0.6291028446389497,0.37089715536105033,False
42,Central Harlem North,15,604,263,25.039707505518763,20.266666666666666,0.43543046357615894,2026-02,unreliable_trip_rate,0.0,0.0,0.7350993377483444,0.26490066225165565,False
249,West Village,11,1672,728,15.67594696969697,10.816666666666666,0.4354066985645933,2026-02,unreliable_trip_rate,0.0,0.0,0.25059808612440193,0.7494019138755981,False
41,Central Harlem,11,719,313,20.458043579044972,17.1,0.43532684283727396,2026-02,unreliable_trip_rate,0.0,0.0,0.7357440890125174,0.26425591098748263,False
48,Clinton East,14,2591,1127,16.286343754020326,10.875,0.4349671941335392,2026-02,unreliable_trip_rate,0.0,0.0,0.2377460439984562,0.7622539560015438,False
28,Briarwood/Jamaica Hills,15,69,30,31.030917874396135,24.216666666666665,0.43478260869565216,2026-02,unreliable_trip_rate,0.0,0.0,1.0,0.0,False
74,East Harlem North,13,736,320,21.36220561594203,18.4,0.43478260869565216,2026-02,unreliable_trip_rate,0.0,0.0,0.6902173913043478,0.30978260869565216,False
257,Windsor Terrace,8,69,30,35.28768115942029,31.516666666666666,0.43478260869565216,2026-02,unreliable_trip_rate,0.0,0.0,1.0,0.0,False
151,Manhattan Valley,15,1701,739,14.900578091318833,11.75,0.43445032333921224,2026-02,unreliable_trip_rate,0.0,0.0,0.2792475014697237,0.7207524985302763,False
158,Meatpacking/West Village West,12,831,361,17.902567188126753,14.633333333333333,0.43441636582430804,2026-02,unreliable_trip_rate,0.0,0.0,0.6570397111913358,0.34296028880866425,False
74,East Harlem North,11,686,298,20.939965986394558,17.391666666666666,0.43440233236151604,2026-02,unreliable_trip_rate,0.0,0.0,0.717201166180758,0.282798833819242,False
100,Garment District,23,1715,745,14.944178814382896,13.3,0.43440233236151604,2026-02,unreliable_trip_rate,0.0,0.0,0.43090379008746355,0.5690962099125364,False
90,Flatiron,10,1913,831,14.456142185049659,10.958333333333332,0.4343962362780972,2026-02,unreliable_trip_rate,0.0,0.0,0.24307370622059593,0.7569262937794041,False
254,Williamsbridge/Olinville,8,129,56,46.61550387596899,37.983333333333334,0.43410852713178294,2026-02,unreliable_trip_rate,0.0,0.0,1.0,0.0,False
132,JFK Airport,5,1760,764,24.167348484848485,20.041666666666668,0.4340909090909091,2026-02,unreliable_trip_rate,0.0,0.0,0.6551136363636364,0.34488636363636366,False
125,Hudson Sq,20,1062,461,15.774717514124294,13.791666666666668,0.4340866290018832,2026-02,unreliable_trip_rate,0.0,0.0,0.6045197740112994,0.3954802259887006,False
262,Yorkville East,21,1274,553,13.53974358974359,12.391666666666666,0.4340659340659341,2026-02,unreliable_trip_rate,0.0,0.0,0.5227629513343799,0.4772370486656201,False
39,Canarsie,7,318,138,43.86378406708595,34.608333333333334,0.4339622641509434,2026-02,unreliable_trip_rate,0.0,0.0,0.889937106918239,0.11006289308176101,False
39,Canarsie,23,53,23,17.978616352201257,14.75,0.4339622641509434,2026-02,unreliable_trip_rate,0.0,0.0,1.0,0.0,False
139,Laurelton,7,53,23,53.48018867924528,51.25,0.4339622641509434,2026-02,unreliable_trip_rate,0.0,0.0,1.0,0.0,False
250,Westchester Village/Unionport,9,53,23,36.612264150943396,26.183333333333334,0.4339622641509434,2026-02,unreliable_trip_rate,0.0,0.0,1.0,0.0,False
43,Central Park,21,1355,588,12.295116851168514,9.308333333333334,0.43394833948339484,2026-02,unreliable_trip_rate,0.0,0.0,0.3992619926199262,0.6007380073800738,False
11,Bath Beach,14,30,13,41.43666666666666,32.766666666666666,0.43333333333333335,2026-02,unreliable_trip_rate,0.0,0.0,1.0,0.0,False
53,College Point,22,30,13,17.265555555555558,13.716666666666667,0.43333333333333335,2026-02,unreliable_trip_rate,0.0,0.0,1.0,0.0,False
124,Howard Beach,22,30,13,20.119444444444447,16.09166666666667,0.43333333333333335,2026-02,unreliable_trip_rate,0.0,0.0,1.0,0.0,False
140,Lenox Hill East,23,1140,494,13.872997076023392,12.133333333333333,0.43333333333333335,2026-02,unreliable_trip_rate,0.0,0.0,0.6517543859649123,0.3482456140350877,False
210,Sheepshead Bay,8,90,39,45.9537037037037,31.225,0.43333333333333335,2026-02,unreliable_trip_rate,0.0,0.0,1.0,0.0,False
95,Forest Hills,14,97,42,29.99536082474227,22.683333333333334,0.4329896907216495,2026-02,unreliable_trip_rate,0.0,0.0,1.0,0.0,False
86,Far Rockaway,17,37,16,46.75405405405406,39.2,0.43243243243243246,2026-02,unreliable_trip_rate,0.0,0.0,1.0,0.0,False
169,Mount Hope,17,37,16,31.733333333333338,24.716666666666665,0.43243243243243246,2026-02,unreliable_trip_rate,0.0,0.0,1.0,0.0,False
191,Queens Village,17,37,16,35.30495495495495,27.933333333333334,0.43243243243243246,2026-02,unreliable_trip_rate,0.0,0.0,1.0,0.0,False
220,Spuyten Duyvil/Kingsbridge,8,74,32,38.52184684684685,31.708333333333332,0.43243243243243246,2026-02,unreliable_trip_rate,0.0,0.0,1.0,0.0,False
114,Greenwich Village South,11,798,345,15.995050125313282,12.45,0.4323308270676692,2026-02,unreliable_trip_rate,0.0,0.0,0.6754385964912281,0.32456140350877194,False
197,Richmond Hill,11,81,35,34.98312757201646,26.6,0.43209876543209874,2026-02,unreliable_trip_rate,0.0,0.0,1.0,0.0,False
229,Sutton Place/Turtle Bay North,23,1567,677,12.781535843437567,11.233333333333333,0.4320357370772176,2026-02,unreliable_trip_rate,0.0,0.0,0.5003190810465858,0.49968091895341415,False
56,Corona,10,44,19,39.016666666666666,28.683333333333334,0.4318181818181818,2026-02,unreliable_trip_rate,0.0,0.0,1.0,0.0,False
222,Starrett City,12,88,38,41.11477272727273,31.308333333333334,0.4318181818181818,2026-02,unreliable_trip_rate,0.0,0.0,1.0,0.0,False
258,Woodhaven,10,44,19,36.08371212121212,25.166666666666668,0.4318181818181818,2026-02,unreliable_trip_rate,0.0,0.0,1.0,0.0,False
63,Cypress Hills,8,139,60,37.588729016786566,30.416666666666668,0.4316546762589928,2026-02,unreliable_trip_rate,0.0,0.0,1.0,0.0,False
211,SoHo,1,973,420,13.207228502911956,10.983333333333333,0.4316546762589928,2026-02,unreliable_trip_rate,0.0,0.0,0.6515930113052415,0.3484069886947585,False
24,Bloomingdale,10,582,251,16.643384879725087,13.308333333333334,0.43127147766323026,2026-02,unreliable_trip_rate,0.0,0.0,0.6838487972508591,0.3161512027491409,False
191,Queens Village,9,58,25,41.24051724137931,35.24166666666667,0.43103448275862066,2026-02,unreliable_trip_rate,0.0,0.0,1.0,0.0,False
233,UN/Turtle Bay South,9,1550,668,15.944204301075269,13.408333333333333,0.4309677419354839,2026-02,unreliable_trip_rate,0.0,0.0,0.3774193548387097,0.6225806451612903,False
262,Yorkville East,20,1641,707,13.828915295551493,12.1,0.4308348567946374,2026-02,unreliable_trip_rate,0.0,0.0,0.3802559414990859,0.6197440585009141,False
14,Bay Ridge,20,65,28,24.643589743589743,20.65,0.4307692307692308,2026-02,unreliable_trip_rate,0.0,0.0,1.0,0.0,False
235,University Heights/Morris Heights,11,65,28,38.01512820512821,26.85,0.4307692307692308,2026-02,unreliable_trip_rate,0.0,0.0,1.0,0.0,False
113,Greenwich Village North,2,938,404,11.662526652452026,9.625,0.43070362473347545,2026-02,unreliable_trip_rate,0.0,0.0,0.5778251599147122,0.42217484008528783,False
75,East Harlem South,23,606,261,14.023679867986798,12.066666666666666,0.4306930693069307,2026-02,unreliable_trip_rate,0.0,0.0,0.7458745874587459,0.25412541254125415,False
134,Kew Gardens,7,72,31,35.0363425925926,29.166666666666664,0.4305555555555556,2026-02,unreliable_trip_rate,0.0,0.0,1.0,0.0,False
130,Jamaica,11,79,34,37.098312236286915,28.683333333333334,0.43037974683544306,2026-02,unreliable_trip_rate,0.0,0.0,1.0,0.0,False
219,Springfield Gardens South,7,79,34,54.0090717299578,40.06666666666667,0.43037974683544306,2026-02,unreliable_trip_rate,0.0,0.0,1.0,0.0,False
100,Garment District,15,1955,839,19.358431372549017,11.916666666666666,0.429156010230179,2026-02,unreliable_trip_rate,0.0,0.0,0.3063938618925831,0.6936061381074169,False
137,Kips Bay,7,1560,669,14.146271367521368,11.033333333333333,0.4288461538461538,2026-02,unreliable_trip_rate,0.0,0.0,0.5153846153846153,0.4846153846153846,False
233,UN/Turtle Bay South,15,1642,704,19.38649005278116,15.441666666666666,0.4287454323995128,2026-02,unreliable_trip_rate,0.0,0.0,0.44884287454323996,0.5511571254567601,False
14,Bay Ridge,15,105,45,46.191428571428574,35.65,0.42857142857142855,2026-02,unreliable_trip_rate,0.0,0.0,1.0,0.0,False
22,Bensonhurst West,17,42,18,31.737698412698414,24.733333333333334,0.42857142857142855,2026-02,unreliable_trip_rate,0.0,0.0,1.0,0.0,False
32,Bronxdale,17,35,15,40.645714285714284,31.35,0.42857142857142855,2026-02,unreliable_trip_rate,0.0,0.0,1.0,0.0,False
40,Carroll Gardens,15,42,18,29.155555555555555,23.208333333333332,0.42857142857142855,2026-02,unreliable_trip_rate,0.0,0.0,1.0,0.0,False
51,Co-Op City,14,35,15,49.728095238095236,36.46666666666667,0.42857142857142855,2026-02,unreliable_trip_rate,0.0,0.0,1.0,0.0,False
126,Hunts Point,14,35,15,27.353333333333335,23.033333333333335,0.42857142857142855,2026-02,unreliable_trip_rate,0.0,0.0,1.0,0.0,False
134,Kew Gardens,13,42,18,26.756349206349206,20.008333333333333,0.42857142857142855,2026-02,unreliable_trip_rate,0.0,0.0,1.0,0.0,False
180,Ozone Park,8,49,21,33.49761904761905,21.75,0.42857142857142855,2026-02,unreliable_trip_rate,0.0,0.0,1.0,0.0,False
205,Saint Albans,17,49,21,33.51598639455782,21.533333333333335,0.42857142857142855,2026-02,unreliable_trip_rate,0.0,0.0,1.0,0.0,False
216,South Ozone Park,12,77,33,38.622943722943724,29.383333333333333,0.42857142857142855,2026-02,unreliable_trip_rate,0.0,0.0,1.0,0.0,False
216,South Ozone Park,16,98,42,29.886734693877553,18.85,0.42857142857142855,2026-02,unreliable_trip_rate,0.0,0.0,1.0,0.0,False
222,Starrett City,13,70,30,43.1447619047619,38.6,0.42857142857142855,2026-02,unreliable_trip_rate,0.0,0.0,1.0,0.0,False
235,University Heights/Morris Heights,18,42,18,36.00952380952381,25.15,0.42857142857142855,2026-02,unreliable_trip_rate,0.0,0.0,1.0,0.0,False
254,Williamsbridge/Olinville,7,119,51,51.24257703081233,44.5,0.42857142857142855,2026-02,unreliable_trip_rate,0.0,0.0,1.0,0.0,False
13,Battery Park City,9,809,346,18.700968273588792,16.35,0.4276885043263288,2026-02,unreliable_trip_rate,0.0,0.0,0.7601977750309024,0.23980222496909764,False
237,Upper East Side South,1,629,269,10.693031266560679,8.9,0.4276629570747218,2026-02,unreliable_trip_rate,0.0,0.0,0.753577106518283,0.246422893481717,False
249,West Village,12,1852,792,16.384035277177826,11.75,0.42764578833693306,2026-02,unreliable_trip_rate,0.0,0.0,0.2543196544276458,0.7456803455723542,False
77,East New York/Pennsylvania Avenue,8,145,62,42.365172413793104,33.75,0.42758620689655175,2026-02,unreliable_trip_rate,0.0,0.0,1.0,0.0,False
77,East New York/Pennsylvania Avenue,7,131,56,43.29491094147583,33.666666666666664,0.42748091603053434,2026-02,unreliable_trip_rate,0.0,0.0,1.0,0.0,False
141,Lenox Hill West,23,1790,765,11.923351955307263,10.141666666666666,0.4273743016759777,2026-02,unreliable_trip_rate,0.0,0.0,0.3463687150837989,0.6536312849162011,False
41,Central Harlem,7,1042,445,20.973000639795263,18.40833333333333,0.42706333973128596,2026-02,unreliable_trip_rate,0.0,0.0,0.6506717850287908,0.3493282149712092,False
262,Yorkville East,22,897,383,13.372408026755853,12.216666666666667,0.4269788182831661,2026-02,unreliable_trip_rate,0.0,0.0,0.7034559643255296,0.29654403567447046,False
151,Manhattan Valley,12,1764,753,14.89155328798186,12.100000000000001,0.4268707482993197,2026-02,unreliable_trip_rate,0.0,0.0,0.31065759637188206,0.6893424036281179,False
100,Garment District,9,1523,650,15.817520245130225,12.566666666666666,0.42678923177938277,2026-02,unreliable_trip_rate,0.0,0.0,0.36638214051214707,0.6336178594878529,False
210,Sheepshead Bay,9,75,32,40.653111111111116,28.866666666666667,0.4266666666666667,2026-02,unreliable_trip_rate,0.0,0.0,1.0,0.0,False
210,Sheepshead Bay,10,75,32,51.361111111111114,44.75,0.4266666666666667,2026-02,unreliable_trip_rate,0.0,0.0,1.0,0.0,False
137,Kips Bay,15,2494,1064,20.469500133654105,15.516666666666667,0.42662389735364875,2026-02,unreliable_trip_rate,0.0,0.0,0.3412189254210104,0.6587810745789896,False
90,Flatiron,12,2260,964,16.48448377581121,12.183333333333334,0.4265486725663717,2026-02,unreliable_trip_rate,0.0,0.0,0.19380530973451326,0.8061946902654867,False
114,Greenwich Village South,13,1224,522,16.9416394335512,13.850000000000001,0.4264705882352941,2026-02,unreliable_trip_rate,0.0,0.0,0.4223856209150327,0.5776143790849673,False
210,Sheepshead Bay,7,68,29,59.25,44.36666666666667,0.4264705882352941,2026-02,unreliable_trip_rate,0.0,0.0,1.0,0.0,False
218,Springfield Gardens North,9,68,29,46.14264705882353,43.45833333333333,0.4264705882352941,2026-02,unreliable_trip_rate,0.0,0.0,1.0,0.0,False
43,Central Park,9,1475,629,13.478553672316384,10.966666666666667,0.4264406779661017,2026-02,unreliable_trip_rate,0.0,0.0,0.32610169491525426,0.6738983050847458,False
137,Kips Bay,12,1970,840,18.744043993231813,14.841666666666667,0.4263959390862944,2026-02,unreliable_trip_rate,0.0,0.0,0.36598984771573606,0.6340101522842639,False
264,Unknown,7,129,55,17.153875968992246,10.566666666666666,0.4263565891472868,2026-02,unreliable_trip_rate,0.0,0.0,0.6124031007751938,0.3875968992248062,False
28,Briarwood/Jamaica Hills,16,54,23,30.98333333333333,22.46666666666667,0.42592592592592593,2026-02,unreliable_trip_rate,0.0,0.0,1.0,0.0,False
169,Mount Hope,14,54,23,37.577160493827165,29.608333333333334,0.42592592592592593,2026-02,unreliable_trip_rate,0.0,0.0,1.0,0.0,False
205,Saint Albans,14,54,23,44.2682098765432,37.825,0.42592592592592593,2026-02,unreliable_trip_rate,0.0,0.0,1.0,0.0,False
217,South Williamsburg,20,54,23,24.63858024691358,21.125,0.42592592592592593,2026-02,unreliable_trip_rate,0.0,0.0,1.0,0.0,False
235,University Heights/Morris Heights,12,54,23,53.90154320987654,39.95,0.42592592592592593,2026-02,unreliable_trip_rate,0.0,0.0,1.0,0.0,False
248,West Farms/Bronx River,7,101,43,33.13828382838284,29.15,0.42574257425742573,2026-02,unreliable_trip_rate,0.0,0.0,1.0,0.0,False
83,Elmhurst/Maspeth,8,47,20,26.679078014184398,19.266666666666666,0.425531914893617,2026-02,unreliable_trip_rate,0.0,0.0,1.0,0.0,False
196,Rego Park,9,47,20,35.02056737588653,30.9,0.425531914893617,2026-02,unreliable_trip_rate,0.0,0.0,1.0,0.0,False
158,Meatpacking/West Village West,13,997,424,18.154195921096623,14.8,0.42527582748244735,2026-02,unreliable_trip_rate,0.0,0.0,0.46439317953861586,0.5356068204613842,False
18,Bedford Park,19,40,17,29.491666666666667,19.1,0.425,2026-02,unreliable_trip_rate,0.0,0.0,1.0,0.0,False
29,Brighton Beach,16,40,17,49.585,37.958333333333336,0.425,2026-02,unreliable_trip_rate,0.0,0.0,1.0,0.0,False
235,University Heights/Morris Heights,19,40,17,25.3525,20.166666666666664,0.425,2026-02,unreliable_trip_rate,0.0,0.0,1.0,0.0,False
236,Upper East Side North,3,80,34,12.071875,9.291666666666668,0.425,2026-02,unreliable_trip_rate,0.0,0.0,1.0,0.0,False
243,Washington Heights North,3,40,17,14.257499999999999,12.233333333333334,0.425,2026-02,unreliable_trip_rate,0.0,0.0,1.0,0.0,False
211,SoHo,21,1878,798,14.947586084487043,12.7,0.4249201277955272,2026-02,unreliable_trip_rate,0.0,0.0,0.3935037273695421,0.6064962726304579,False
205,Saint Albans,8,153,65,46.92527233115468,38.15,0.42483660130718953,2026-02,unreliable_trip_rate,0.0,0.0,1.0,0.0,False
165,Midwood,11,73,31,42.609817351598174,35.43333333333333,0.4246575342465753,2026-02,unreliable_trip_rate,0.0,0.0,1.0,0.0,False
125,Hudson Sq,15,822,349,19.603974047039742,14.775,0.4245742092457421,2026-02,unreliable_trip_rate,0.0,0.0,0.6082725060827251,0.39172749391727496,False
50,Clinton West,13,1105,469,17.36692307692308,15.05,0.4244343891402715,2026-02,unreliable_trip_rate,0.0,0.0,0.6018099547511312,0.39819004524886875,False
28,Briarwood/Jamaica Hills,4,33,14,14.087373737373737,11.9,0.42424242424242425,2026-02,unreliable_trip_rate,0.0,0.0,1.0,0.0,False
39,Canarsie,0,33,14,15.364646464646464,12.683333333333334,0.42424242424242425,2026-02,unreliable_trip_rate,0.0,0.0,1.0,0.0,False
56,Corona,14,33,14,36.75050505050505,28.6,0.42424242424242425,2026-02,unreliable_trip_rate,0.0,0.0,1.0,0.0,False
77,East New York/Pennsylvania Avenue,15,66,28,41.26136363636363,32.666666666666664,0.42424242424242425,2026-02,unreliable_trip_rate,0.0,0.0,1.0,0.0,False
135,Kew Gardens Hills,5,33,14,26.302020202020202,19.45,0.42424242424242425,2026-02,unreliable_trip_rate,0.0,0.0,1.0,0.0,False
208,Schuylerville/Edgewater Park,9,33,14,42.77878787878788,38.416666666666664,0.42424242424242425,2026-02,unreliable_trip_rate,0.0,0.0,1.0,0.0,False
212,Soundview/Bruckner,15,33,14,26.115151515151513,20.75,0.42424242424242425,2026-02,unreliable_trip_rate,0.0,0.0,1.0,0.0,False
215,South Jamaica,17,33,14,29.873737373737374,21.066666666666666,0.42424242424242425,2026-02,unreliable_trip_rate,0.0,0.0,1.0,0.0,False
140,Lenox Hill East,0,623,264,12.195264847512037,11.15,0.42375601926163725,2026-02,unreliable_trip_rate,0.0,0.0,0.7993579454253612,0.20064205457463885,False
56,Corona,9,59,25,34.507344632768365,24.816666666666666,0.423728813559322,2026-02,unreliable_trip_rate,0.0,0.0,1.0,0.0,False
71,East Flatbush/Farragut,14,137,58,33.2220194647202,25.6,0.4233576642335766,2026-02,unreliable_trip_rate,0.0,0.0,1.0,0.0,False
113,Greenwich Village North,11,1800,762,15.924555555555555,12.608333333333334,0.42333333333333334,2026-02,unreliable_trip_rate,0.0,0.0,0.26,0.74,False
114,Greenwich Village South,12,1009,427,16.23417575156921,12.983333333333333,0.423191278493558,2026-02,unreliable_trip_rate,0.0,0.0,0.5163528245787908,0.4836471754212091,False
24,Bloomingdale,17,709,300,15.697813822284909,13.466666666666667,0.4231311706629055,2026-02,unreliable_trip_rate,0.0,0.0,0.5712270803949224,0.4287729196050776,False
220,Spuyten Duyvil/Kingsbridge,17,52,22,33.777884615384615,26.675,0.4230769230769231,2026-02,unreliable_trip_rate,0.0,0.0,1.0,0.0,False
126,Hunts Point,7,71,30,33.8443661971831,31.0,0.4225352112676056,2026-02,unreliable_trip_rate,0.0,0.0,1.0,0.0,False
247,West Concourse,8,116,49,31.6301724137931,23.975,0.4224137931034483,2026-02,unreliable_trip_rate,0.0,0.0,1.0,0.0,False
215,South Jamaica,15,45,19,32.64037037037037,28.783333333333335,0.4222222222222222,2026-02,unreliable_trip_rate,0.0,0.0,1.0,0.0,False
258,Woodhaven,14,45,19,35.74407407407408,29.066666666666666,0.4222222222222222,2026-02,unreliable_trip_rate,0.0,0.0,1.0,0.0,False
24,Bloomingdale,21,462,195,15.648484848484848,13.641666666666666,0.42207792207792205,2026-02,unreliable_trip_rate,0.0,0.0,0.7813852813852814,0.21861471861471862,False
74,East Harlem North,9,825,348,23.008121212121214,20.4,0.4218181818181818,2026-02,unreliable_trip_rate,0.0,0.0,0.7503030303030302,0.2496969696969697,False
91,Flatlands,13,166,70,33.51084337349398,23.85,0.42168674698795183,2026-02,unreliable_trip_rate,0.0,0.0,1.0,0.0,False
92,Flushing,23,83,35,17.22590361445783,15.616666666666667,0.42168674698795183,2026-02,unreliable_trip_rate,0.0,0.0,1.0,0.0,False
166,Morningside Heights,9,913,385,18.931653888280394,16.783333333333335,0.42168674698795183,2026-02,unreliable_trip_rate,0.0,0.0,0.5805038335158818,0.4194961664841183,False
76,East New York,5,268,113,31.62810945273632,27.491666666666667,0.4216417910447761,2026-02,unreliable_trip_rate,0.0,0.0,0.8582089552238806,0.1417910447761194,False
233,UN/Turtle Bay South,7,1065,449,13.122926447574335,11.4,0.4215962441314554,2026-02,unreliable_trip_rate,0.0,0.0,0.5061032863849765,0.49389671361502346,False
119,Highbridge,6,102,43,41.321405228758174,31.633333333333333,0.4215686274509804,2026-02,unreliable_trip_rate,0.0,0.0,1.0,0.0,False
163,Midtown North,0,1355,571,13.406937269372694,11.633333333333333,0.42140221402214023,2026-02,unreliable_trip_rate,0.0,0.0,0.6118081180811809,0.3881918819188192,False
39,Canarsie,11,228,96,37.470906432748535,27.583333333333332,0.42105263157894735,2026-02,unreliable_trip_rate,0.0,0.0,1.0,0.0,False
39,Canarsie,15,133,56,40.43395989974937,24.65,0.42105263157894735,2026-02,unreliable_trip_rate,0.0,0.0,1.0,0.0,False
126,Hunts Point,13,38,16,33.65219298245614,25.916666666666664,0.42105263157894735,2026-02,unreliable_trip_rate,0.0,0.0,1.0,0.0,False
131,Jamaica Estates,13,38,16,33.24605263157895,22.28333333333333,0.42105263157894735,2026-02,unreliable_trip_rate,0.0,0.0,1.0,0.0,False
213,Soundview/Castle Hill,15,76,32,39.598903508771926,33.20833333333333,0.42105263157894735,2026-02,unreliable_trip_rate,0.0,0.0,1.0,0.0,False
254,Williamsbridge/Olinville,12,76,32,40.39451754385965,32.233333333333334,0.42105263157894735,2026-02,unreliable_trip_rate,0.0,0.0,1.0,0.0,False
264,Unknown,14,233,98,20.716452074391988,15.033333333333333,0.4206008583690987,2026-02,unreliable_trip_rate,0.0,0.0,0.6652360515021459,0.33476394849785407,False
211,SoHo,0,1272,535,13.771488469601676,11.783333333333333,0.42059748427672955,2026-02,unreliable_trip_rate,0.0,0.0,0.5448113207547169,0.455188679245283,False
231,TriBeCa/Civic Center,1,1101,463,14.307795943082047,12.633333333333333,0.42052679382379654,2026-02,unreliable_trip_rate,0.0,0.0,0.6430517711171662,0.3569482288828338,False
90,Flatiron,11,2038,857,15.353222113182857,10.399999999999999,0.4205103042198234,2026-02,unreliable_trip_rate,0.0,0.0,0.2340529931305201,0.7659470068694799,False
24,Bloomingdale,19,621,261,15.301932367149758,13.1,0.42028985507246375,2026-02,unreliable_trip_rate,0.0,0.0,0.7004830917874396,0.2995169082125604,False
233,UN/Turtle Bay South,12,1892,795,17.507760747004934,15.316666666666666,0.4201902748414376,2026-02,unreliable_trip_rate,0.0,0.0,0.31606765327695563,0.6839323467230444,False
113,Greenwich Village North,12,1992,837,16.16039156626506,12.333333333333332,0.42018072289156627,2026-02,unreliable_trip_rate,0.0,0.0,0.2520080321285141,0.7479919678714859,False
249,West Village,10,1619,680,15.016604900144124,10.15,0.420012353304509,2026-02,unreliable_trip_rate,0.0,0.0,0.25818406423718343,0.7418159357628166,False
25,Boerum Hill,16,200,84,35.35766666666667,25.93333333333333,0.42,2026-02,unreliable_trip_rate,0.0,0.0,1.0,0.0,False
122,Hollis,7,50,21,37.51433333333333,21.775,0.42,2026-02,unreliable_trip_rate,0.0,0.0,1.0,0.0,False
123,Homecrest,8,50,21,46.23,32.5,0.42,2026-02,unreliable_trip_rate,0.0,0.0,1.0,0.0,False
205,Saint Albans,13,50,21,44.424666666666674,40.275,0.42,2026-02,unreliable_trip_rate,0.0,0.0,1.0,0.0,False
90,Flatiron,15,2351,987,16.524011059123776,12.9,0.41982135261590814,2026-02,unreliable_trip_rate,0.0,0.0,0.23181624840493406,0.7681837515950659,False
63,Cypress Hills,7,162,68,37.422427983539094,30.84166666666667,0.41975308641975306,2026-02,unreliable_trip_rate,0.0,0.0,1.0,0.0,False
264,Unknown,21,162,68,15.081893004115225,11.958333333333332,0.41975308641975306,2026-02,unreliable_trip_rate,0.0,0.0,0.6296296296296297,0.37037037037037035,False
166,Morningside Heights,15,1399,587,19.816821539194663,16.6,0.41958541815582556,2026-02,unreliable_trip_rate,0.0,0.0,0.3867047891350965,0.6132952108649035,False
24,Bloomingdale,20,491,206,16.10553292600136,13.4,0.4195519348268839,2026-02,unreliable_trip_rate,0.0,0.0,0.7515274949083504,0.2484725050916497,False
24,Bloomingdale,16,553,232,16.93860759493671,13.45,0.41952983725135623,2026-02,unreliable_trip_rate,0.0,0.0,0.7106690777576854,0.28933092224231466,False
263,Yorkville West,1,851,357,11.329122600861732,10.216666666666667,0.4195064629847238,2026-02,unreliable_trip_rate,0.0,0.0,0.6086956521739131,0.391304347826087,False
21,Bensonhurst East,16,31,13,47.04032258064516,34.7,0.41935483870967744,2026-02,unreliable_trip_rate,0.0,0.0,1.0,0.0,False
76,East New York,13,279,117,38.77216248506571,32.88333333333333,0.41935483870967744,2026-02,unreliable_trip_rate,0.0,0.0,0.8781362007168458,0.12186379928315412,False
83,Elmhurst/Maspeth,12,31,13,21.60430107526882,13.266666666666667,0.41935483870967744,2026-02,unreliable_trip_rate,0.0,0.0,1.0,0.0,False
108,Gravesend,11,31,13,37.80806451612903,25.316666666666666,0.41935483870967744,2026-02,unreliable_trip_rate,0.0,0.0,1.0,0.0,False
117,Hammels/Arverne,10,62,26,68.76048387096773,62.65,0.41935483870967744,2026-02,unreliable_trip_rate,0.0,0.0,1.0,0.0,False
136,Kingsbridge Heights,15,31,13,50.54086021505376,37.4,0.41935483870967744,2026-02,unreliable_trip_rate,0.0,0.0,1.0,0.0,False
147,Longwood,12,31,13,48.50430107526882,42.21666666666667,0.41935483870967744,2026-02,unreliable_trip_rate,0.0,0.0,1.0,0.0,False
185,Pelham Parkway,16,31,13,48.048924731182794,29.333333333333332,0.41935483870967744,2026-02,unreliable_trip_rate,0.0,0.0,1.0,0.0,False
195,Red Hook,11,31,13,37.41505376344086,31.333333333333332,0.41935483870967744,2026-02,unreliable_trip_rate,0.0,0.0,1.0,0.0,False
264,Unknown,6,62,26,15.418548387096775,10.508333333333333,0.41935483870967744,2026-02,unreliable_trip_rate,0.0,0.0,1.0,0.0,False
125,Hudson Sq,10,601,252,18.455158069883527,15.0,0.4193011647254576,2026-02,unreliable_trip_rate,0.0,0.0,0.8202995008319468,0.17970049916805325,False
211,SoHo,11,687,288,17.94114507520621,14.55,0.4192139737991266,2026-02,unreliable_trip_rate,0.0,0.0,0.7336244541484717,0.2663755458515284,False
72,East Flatbush/Remsen Village,11,136,57,36.85698529411765,28.566666666666666,0.41911764705882354,2026-02,unreliable_trip_rate,0.0,0.0,1.0,0.0,False
216,South Ozone Park,11,74,31,32.08355855855856,25.65,0.4189189189189189,2026-02,unreliable_trip_rate,0.0,0.0,1.0,0.0,False
47,Claremont/Bathgate,16,43,18,59.329069767441865,44.35,0.4186046511627907,2026-02,unreliable_trip_rate,0.0,0.0,1.0,0.0,False
247,West Concourse,15,86,36,28.69341085271318,20.80833333333333,0.4186046511627907,2026-02,unreliable_trip_rate,0.0,0.0,1.0,0.0,False
107,Gramercy,2,920,385,11.761829710144928,10.341666666666667,0.41847826086956524,2026-02,unreliable_trip_rate,0.0,0.0,0.7217391304347827,0.2782608695652174,False
42,Central Harlem North,14,650,272,25.327384615384613,21.375,0.41846153846153844,2026-02,unreliable_trip_rate,0.0,0.0,0.7815384615384615,0.21846153846153846,False
61,Crown Heights North,15,294,123,35.91887755102041,29.166666666666664,0.41836734693877553,2026-02,unreliable_trip_rate,0.0,0.0,0.8945578231292517,0.1054421768707483,False
29,Brighton Beach,15,55,23,51.690606060606065,37.983333333333334,0.41818181818181815,2026-02,unreliable_trip_rate,0.0,0.0,1.0,0.0,False
169,Mount Hope,9,55,23,37.07181818181818,28.616666666666667,0.41818181818181815,2026-02,unreliable_trip_rate,0.0,0.0,1.0,0.0,False
229,Sutton Place/Turtle Bay North,14,2645,1106,17.303660995589162,14.808333333333334,0.4181474480151229,2026-02,unreliable_trip_rate,0.0,0.0,0.2177693761814745,0.7822306238185255,False
263,Yorkville West,3,354,148,10.225188323917138,8.525,0.4180790960451977,2026-02,unreliable_trip_rate,0.0,0.0,1.0,0.0,False
14,Bay Ridge,18,122,51,27.972677595628415,24.483333333333334,0.4180327868852459,2026-02,unreliable_trip_rate,0.0,0.0,1.0,0.0,False
49,Clinton Hill,16,189,79,36.99832451499118,29.75,0.41798941798941797,2026-02,unreliable_trip_rate,0.0,0.0,1.0,0.0,False
100,Garment District,10,1596,667,16.902652464494572,14.391666666666666,0.41791979949874686,2026-02,unreliable_trip_rate,0.0,0.0,0.38471177944862156,0.6152882205513784,False
100,Garment District,12,1742,728,19.354822043628012,16.266666666666666,0.417910447761194,2026-02,unreliable_trip_rate,0.0,0.0,0.33352468427095294,0.6664753157290471,False
137,Kips Bay,13,2046,855,18.775480612577386,15.216666666666667,0.4178885630498534,2026-02,unreliable_trip_rate,0.0,0.0,0.37438905180840665,0.6256109481915934,False
229,Sutton Place/Turtle Bay North,15,2489,1040,16.2112896745681,12.75,0.4178384893531539,2026-02,unreliable_trip_rate,0.0,0.0,0.21494576134993973,0.7850542386500603,False
211,SoHo,2,687,287,13.425303250849101,11.55,0.4177583697234352,2026-02,unreliable_trip_rate,0.0,0.0,0.8093158660844251,0.19068413391557495,False
197,Richmond Hill,12,79,33,25.989662447257384,20.483333333333334,0.4177215189873418,2026-02,unreliable_trip_rate,0.0,0.0,1.0,0.0,False
125,Hudson Sq,19,1177,491,15.255154347210421,13.183333333333334,0.41716227697536107,2026-02,unreliable_trip_rate,0.0,0.0,0.42650807136788443,0.5734919286321155,False
162,Midtown East,0,1436,599,12.242096100278552,10.65,0.4171309192200557,2026-02,unreliable_trip_rate,0.0,0.0,0.5835654596100278,0.41643454038997213,False
144,Little Italy/NoLiTa,3,1367,570,11.97345769324555,10.033333333333333,0.41697147037307974,2026-02,unreliable_trip_rate,0.0,0.0,0.4842721287490856,0.5157278712509145,False
166,Morningside Heights,23,847,353,17.414403778040143,15.166666666666666,0.4167650531286895,2026-02,unreliable_trip_rate,0.0,0.0,0.8016528925619835,0.19834710743801653,False
68,East Chelsea,1,1411,588,14.241105598866053,12.5,0.4167257264351524,2026-02,unreliable_trip_rate,0.0,0.0,0.6378454996456414,0.3621545003543586,False
26,Borough Park,9,72,30,35.533796296296295,25.191666666666666,0.4166666666666667,2026-02,unreliable_trip_rate,0.0,0.0,1.0,0.0,False
26,Borough Park,20,48,20,20.758680555555554,17.425,0.4166666666666667,2026-02,unreliable_trip_rate,0.0,0.0,1.0,0.0,False
38,Cambria Heights,5,36,15,50.135185185185186,44.225,0.4166666666666667,2026-02,unreliable_trip_rate,0.0,0.0,1.0,0.0,False
56,Corona,11,36,15,37.418055555555554,28.71666666666667,0.4166666666666667,2026-02,unreliable_trip_rate,0.0,0.0,1.0,0.0,False
136,Kingsbridge Heights,7,72,30,46.90671296296296,39.25833333333333,0.4166666666666667,2026-02,unreliable_trip_rate,0.0,0.0,1.0,0.0,False
169,Mount Hope,13,48,20,36.06388888888889,31.433333333333334,0.4166666666666667,2026-02,unreliable_trip_rate,0.0,0.0,1.0,0.0,False
174,Norwood,13,36,15,50.45185185185185,41.075,0.4166666666666667,2026-02,unreliable_trip_rate,0.0,0.0,1.0,0.0,False
180,Ozone Park,9,36,15,32.58796296296296,25.85,0.4166666666666667,2026-02,unreliable_trip_rate,0.0,0.0,1.0,0.0,False
191,Queens Village,11,36,15,36.646759259259255,32.1,0.4166666666666667,2026-02,unreliable_trip_rate,0.0,0.0,1.0,0.0,False
241,Van Cortlandt Village,5,36,15,45.455555555555556,39.63333333333333,0.4166666666666667,2026-02,unreliable_trip_rate,0.0,0.0,1.0,0.0,False
48,Clinton East,13,2602,1084,16.108102741480913,11.816666666666666,0.4166026133743274,2026-02,unreliable_trip_rate,0.0,0.0,0.23059185242121444,0.7694081475787855,False
114,Greenwich Village South,3,1683,701,11.731461675579322,9.8,0.41651812240047537,2026-02,unreliable_trip_rate,0.0,0.0,0.3969102792632204,0.6030897207367796,False
229,Sutton Place/Turtle Bay North,0,1018,424,11.692206941715781,10.216666666666667,0.4165029469548134,2026-02,unreliable_trip_rate,0.0,0.0,0.7053045186640472,0.29469548133595286,False
143,Lincoln Square West,22,1131,471,13.901149425287358,12.633333333333333,0.41644562334217505,2026-02,unreliable_trip_rate,0.0,0.0,0.5517241379310345,0.4482758620689655,False
35,Brownsville,7,233,97,39.985193133047204,30.25,0.41630901287553645,2026-02,unreliable_trip_rate,0.0,0.0,1.0,0.0,False
158,Meatpacking/West Village West,14,1057,440,17.944260485651213,14.866666666666667,0.4162724692526017,2026-02,unreliable_trip_rate,0.0,0.0,0.5619678334910123,0.4380321665089877,False
48,Clinton East,9,2636,1097,15.65825746079919,11.95,0.4161608497723824,2026-02,unreliable_trip_rate,0.0,0.0,0.21547799696509864,0.7845220030349014,False
25,Boerum Hill,10,137,57,32.98905109489051,25.433333333333334,0.41605839416058393,2026-02,unreliable_trip_rate,0.0,0.0,1.0,0.0,False
177,Ocean Hill,12,125,52,36.5328,30.883333333333333,0.416,2026-02,unreliable_trip_rate,0.0,0.0,1.0,0.0,False
51,Co-Op City,9,113,47,51.42035398230089,45.11666666666667,0.415929203539823,2026-02,unreliable_trip_rate,0.0,0.0,1.0,0.0,False
39,Canarsie,9,327,136,37.54480122324159,28.666666666666668,0.41590214067278286,2026-02,unreliable_trip_rate,0.0,0.0,1.0,0.0,False
137,Kips Bay,14,2109,877,19.31876086612929,15.433333333333334,0.41583688952110004,2026-02,unreliable_trip_rate,0.0,0.0,0.3385490753911807,0.6614509246088194,False
39,Canarsie,8,356,148,41.33539325842697,31.275,0.4157303370786517,2026-02,unreliable_trip_rate,0.0,0.0,0.9129213483146067,0.08707865168539326,False
205,Saint Albans,5,89,37,44.66985018726592,39.45,0.4157303370786517,2026-02,unreliable_trip_rate,0.0,0.0,1.0,0.0,False
50,Clinton West,20,1056,439,15.306518308080808,13.441666666666666,0.41571969696969696,2026-02,unreliable_trip_rate,0.0,0.0,0.5634469696969697,0.4365530303030303,False
143,Lincoln Square West,19,2139,889,13.26328502415459,11.233333333333333,0.415614773258532,2026-02,unreliable_trip_rate,0.0,0.0,0.29406264609630667,0.7059373539036933,False
22,Bensonhurst West,7,77,32,48.13636363636363,37.2,0.4155844155844156,2026-02,unreliable_trip_rate,0.0,0.0,1.0,0.0,False
85,Erasmus,11,77,32,42.18917748917749,34.96666666666667,0.4155844155844156,2026-02,unreliable_trip_rate,0.0,0.0,1.0,0.0,False
76,East New York,9,426,177,36.06032863849765,30.141666666666666,0.4154929577464789,2026-02,unreliable_trip_rate,0.0,0.0,0.903755868544601,0.09624413145539906,False
158,Meatpacking/West Village West,16,1230,511,17.9770054200542,14.816666666666666,0.41544715447154473,2026-02,unreliable_trip_rate,0.0,0.0,0.39186991869918697,0.608130081300813,False
247,West Concourse,6,106,44,26.78081761006289,21.083333333333336,0.41509433962264153,2026-02,unreliable_trip_rate,0.0,0.0,1.0,0.0,False
43,Central Park,4,41,17,17.069918699186992,12.783333333333333,0.4146341463414634,2026-02,unreliable_trip_rate,0.0,0.0,1.0,0.0,False
51,Co-Op City,16,41,17,50.70243902439025,42.18333333333333,0.4146341463414634,2026-02,unreliable_trip_rate,0.0,0.0,1.0,0.0,False
136,Kingsbridge Heights,8,82,34,40.64979674796748,31.28333333333333,0.4146341463414634,2026-02,unreliable_trip_rate,0.0,0.0,1.0,0.0,False
152,Manhattanville,4,41,17,15.326829268292682,12.883333333333333,0.4146341463414634,2026-02,unreliable_trip_rate,0.0,0.0,1.0,0.0,False
165,Midwood,7,82,34,38.90589430894309,31.68333333333333,0.4146341463414634,2026-02,unreliable_trip_rate,0.0,0.0,1.0,0.0,False
241,Van Cortlandt Village,19,41,17,27.23821138211382,22.116666666666667,0.4146341463414634,2026-02,unreliable_trip_rate,0.0,0.0,1.0,0.0,False
257,Windsor Terrace,17,41,17,25.295934959349594,24.016666666666666,0.4146341463414634,2026-02,unreliable_trip_rate,0.0,0.0,1.0,0.0,False
61,Crown Heights North,12,345,143,33.93294685990338,28.6,0.4144927536231884,2026-02,unreliable_trip_rate,0.0,0.0,0.9072463768115943,0.0927536231884058,False
42,Central Harlem North,9,707,293,27.244271570014146,24.316666666666666,0.4144271570014144,2026-02,unreliable_trip_rate,0.0,0.0,0.7991513437057991,0.20084865629420084,False
100,Garment District,14,1950,808,18.563589743589745,13.850000000000001,0.41435897435897434,2026-02,unreliable_trip_rate,0.0,0.0,0.31435897435897436,0.6856410256410257,False
24,Bloomingdale,13,572,237,16.213228438228438,13.8,0.4143356643356643,2026-02,unreliable_trip_rate,0.0,0.0,0.6940559440559441,0.30594405594405594,False
197,Richmond Hill,4,70,29,19.566904761904762,16.316666666666666,0.4142857142857143,2026-02,unreliable_trip_rate,0.0,0.0,1.0,0.0,False
142,Lincoln Square East,2,169,70,13.037869822485208,10.983333333333333,0.41420118343195267,2026-02,unreliable_trip_rate,0.0,0.0,1.0,0.0,False
48,Clinton East,15,2845,1178,16.785694200351497,12.116666666666667,0.4140597539543058,2026-02,unreliable_trip_rate,0.0,0.0,0.2312829525483304,0.7687170474516696,False
233,UN/Turtle Bay South,13,1829,757,17.745361764169857,14.95,0.41388737014762167,2026-02,unreliable_trip_rate,0.0,0.0,0.3559322033898305,0.6440677966101694,False
233,UN/Turtle Bay South,11,1793,742,17.381557910392267,15.433333333333334,0.41383156720580033,2026-02,unreliable_trip_rate,0.0,0.0,0.3619631901840491,0.6380368098159509,False
56,Corona,5,58,24,28.149425287356323,19.391666666666666,0.41379310344827586,2026-02,unreliable_trip_rate,0.0,0.0,1.0,0.0,False
56,Corona,22,58,24,21.37844827586207,17.7,0.41379310344827586,2026-02,unreliable_trip_rate,0.0,0.0,1.0,0.0,False
91,Flatlands,17,87,36,38.03773946360153,26.566666666666666,0.41379310344827586,2026-02,unreliable_trip_rate,0.0,0.0,1.0,0.0,False
125,Hudson Sq,23,730,302,15.160821917808219,12.575,0.4136986301369863,2026-02,unreliable_trip_rate,0.0,0.0,0.8328767123287671,0.16712328767123288,False
50,Clinton West,11,1083,448,16.80577100646353,14.9,0.4136657433056325,2026-02,unreliable_trip_rate,0.0,0.0,0.5253924284395198,0.47460757156048017,False
50,Clinton West,8,1478,611,16.049154262516915,14.408333333333333,0.4133964817320704,2026-02,unreliable_trip_rate,0.0,0.0,0.38565629228687415,0.6143437077131259,False
137,Kips Bay,10,1757,726,17.260140390817682,14.316666666666666,0.41320432555492315,2026-02,unreliable_trip_rate,0.0,0.0,0.41434262948207173,0.5856573705179283,False
90,Flatiron,5,380,157,14.74627192982456,9.933333333333334,0.4131578947368421,2026-02,unreliable_trip_rate,0.0,0.0,1.0,0.0,False
186,Penn Station/Madison Sq West,3,489,202,12.847137014314928,9.866666666666667,0.4130879345603272,2026-02,unreliable_trip_rate,0.0,0.0,0.9120654396728016,0.08793456032719836,False
211,SoHo,22,1835,758,14.860363306085377,12.55,0.4130790190735695,2026-02,unreliable_trip_rate,0.0,0.0,0.3994550408719346,0.6005449591280654,False
28,Briarwood/Jamaica Hills,13,46,19,30.846739130434784,21.825,0.41304347826086957,2026-02,unreliable_trip_rate,0.0,0.0,1.0,0.0,False
135,Kew Gardens Hills,7,46,19,34.43514492753623,21.59166666666667,0.41304347826086957,2026-02,unreliable_trip_rate,0.0,0.0,1.0,0.0,False
254,Williamsbridge/Olinville,14,46,19,36.890942028985506,29.258333333333333,0.41304347826086957,2026-02,unreliable_trip_rate,0.0,0.0,1.0,0.0,False
261,World Trade Center,10,414,171,22.290619967793884,18.46666666666667,0.41304347826086957,2026-02,unreliable_trip_rate,0.0,0.0,0.893719806763285,0.10628019323671498,False
125,Hudson Sq,17,1163,480,18.789294926913158,14.716666666666667,0.412725709372313,2026-02,unreliable_trip_rate,0.0,0.0,0.40928632846087704,0.5907136715391229,False
159,Melrose South,13,63,26,34.54365079365079,28.266666666666666,0.4126984126984127,2026-02,unreliable_trip_rate,0.0,0.0,1.0,0.0,False
182,Parkchester,9,63,26,51.46904761904762,43.61666666666667,0.4126984126984127,2026-02,unreliable_trip_rate,0.0,0.0,1.0,0.0,False
107,Gramercy,3,710,293,11.59023474178404,10.058333333333334,0.4126760563380282,2026-02,unreliable_trip_rate,0.0,0.0,0.852112676056338,0.14788732394366197,False
210,Sheepshead Bay,13,80,33,38.37625,26.5,0.4125,2026-02,unreliable_trip_rate,0.0,0.0,1.0,0.0,False
130,Jamaica,13,131,54,31.511577608142492,25.766666666666666,0.4122137404580153,2026-02,unreliable_trip_rate,0.0,0.0,1.0,0.0,False
43,Central Park,18,2038,840,12.86702649656526,9.45,0.41216879293424924,2026-02,unreliable_trip_rate,0.0,0.0,0.24190382728164866,0.7580961727183513,False
21,Bensonhurst East,12,34,14,44.01421568627451,27.991666666666667,0.4117647058823529,2026-02,unreliable_trip_rate,0.0,0.0,1.0,0.0,False
21,Bensonhurst East,18,34,14,25.060784313725488,19.008333333333333,0.4117647058823529,2026-02,unreliable_trip_rate,0.0,0.0,1.0,0.0,False
77,East New York/Pennsylvania Avenue,12,68,28,39.76985294117647,30.65833333333333,0.4117647058823529,2026-02,unreliable_trip_rate,0.0,0.0,1.0,0.0,False
131,Jamaica Estates,12,34,14,32.970098039215685,21.2,0.4117647058823529,2026-02,unreliable_trip_rate,0.0,0.0,1.0,0.0,False
173,North Corona,23,34,14,14.162745098039217,13.8,0.4117647058823529,2026-02,unreliable_trip_rate,0.0,0.0,1.0,0.0,False
205,Saint Albans,20,34,14,41.40245098039216,39.650000000000006,0.4117647058823529,2026-02,unreliable_trip_rate,0.0,0.0,1.0,0.0,False
247,West Concourse,0,34,14,16.059313725490195,12.766666666666666,0.4117647058823529,2026-02,unreliable_trip_rate,0.0,0.0,1.0,0.0,False
263,Yorkville West,2,561,231,10.546880570409982,9.416666666666666,0.4117647058823529,2026-02,unreliable_trip_rate,0.0,0.0,0.8520499108734403,0.14795008912655971,False
151,Manhattan Valley,19,1534,631,13.677835723598434,11.55,0.41134289439374183,2026-02,unreliable_trip_rate,0.0,0.0,0.33116036505867014,0.6688396349413298,False
236,Upper East Side North,0,584,240,11.75847602739726,9.066666666666666,0.410958904109589,2026-02,unreliable_trip_rate,0.0,0.0,0.8167808219178082,0.1832191780821918,False
121,Hillcrest/Pomonok,15,56,23,41.763392857142854,34.8,0.4107142857142857,2026-02,unreliable_trip_rate,0.0,0.0,1.0,0.0,False
264,Unknown,10,168,69,16.866865079365077,12.8,0.4107142857142857,2026-02,unreliable_trip_rate,0.0,0.0,0.6190476190476191,0.38095238095238093,False
222,Starrett City,7,95,39,52.111228070175436,40.8,0.4105263157894737,2026-02,unreliable_trip_rate,0.0,0.0,1.0,0.0,False
4,Alphabet City,22,809,332,15.529480840543881,13.733333333333333,0.4103831891223733,2026-02,unreliable_trip_rate,0.0,0.0,0.6514215080346106,0.34857849196538937,False
74,East Harlem North,8,1021,419,22.399510284035262,19.583333333333332,0.4103819784524976,2026-02,unreliable_trip_rate,0.0,0.0,0.6013712047012733,0.39862879529872675,False
18,Bedford Park,20,39,16,25.030341880341883,18.85,0.41025641025641024,2026-02,unreliable_trip_rate,0.0,0.0,1.0,0.0,False
83,Elmhurst/Maspeth,3,39,16,13.885897435897435,12.55,0.41025641025641024,2026-02,unreliable_trip_rate,0.0,0.0,1.0,0.0,False
126,Hunts Point,12,39,16,32.555128205128206,28.983333333333334,0.41025641025641024,2026-02,unreliable_trip_rate,0.0,0.0,1.0,0.0,False
158,Meatpacking/West Village West,11,741,304,18.322244714349978,15.566666666666666,0.41025641025641024,2026-02,unreliable_trip_rate,0.0,0.0,0.7152496626180836,0.28475033738191635,False
212,Soundview/Bruckner,18,39,16,25.075641025641026,19.366666666666667,0.41025641025641024,2026-02,unreliable_trip_rate,0.0,0.0,1.0,0.0,False
242,Van Nest/Morris Park,7,39,16,35.601282051282055,30.066666666666666,0.41025641025641024,2026-02,unreliable_trip_rate,0.0,0.0,1.0,0.0,False
248,West Farms/Bronx River,14,39,16,28.887179487179484,18.016666666666666,0.41025641025641024,2026-02,unreliable_trip_rate,0.0,0.0,1.0,0.0,False
43,Central Park,19,1868,766,12.590221270521056,9.533333333333333,0.4100642398286938,2026-02,unreliable_trip_rate,0.0,0.0,0.2580299785867238,0.7419700214132763,False
43,Central Park,10,1837,753,13.072836145890038,10.45,0.40990745781164944,2026-02,unreliable_trip_rate,0.0,0.0,0.24006532389765922,0.7599346761023408,False
35,Brownsville,16,122,50,34.36161202185792,23.78333333333333,0.4098360655737705,2026-02,unreliable_trip_rate,0.0,0.0,1.0,0.0,False
76,East New York,6,371,152,43.830637915543576,36.05,0.40970350404312667,2026-02,unreliable_trip_rate,0.0,0.0,1.0,0.0,False
216,South Ozone Park,14,83,34,32.13152610441767,26.4,0.40963855421686746,2026-02,unreliable_trip_rate,0.0,0.0,1.0,0.0,False
100,Garment District,5,984,403,9.376134823848238,7.25,0.4095528455284553,2026-02,unreliable_trip_rate,0.0,0.0,0.41971544715447157,0.5802845528455285,False
228,Sunset Park West,14,105,43,43.035873015873015,35.03333333333333,0.4095238095238095,2026-02,unreliable_trip_rate,0.0,0.0,1.0,0.0,False
216,South Ozone Park,7,193,79,31.02789291882556,22.816666666666666,0.40932642487046633,2026-02,unreliable_trip_rate,0.0,0.0,1.0,0.0,False
140,Lenox Hill East,6,963,394,11.943181031498789,10.783333333333333,0.4091381100726895,2026-02,unreliable_trip_rate,0.0,0.0,0.5784008307372793,0.4215991692627207,False
18,Bedford Park,9,44,18,49.04431818181818,43.19166666666666,0.4090909090909091,2026-02,unreliable_trip_rate,0.0,0.0,1.0,0.0,False
51,Co-Op City,17,44,18,48.510984848484846,36.791666666666664,0.4090909090909091,2026-02,unreliable_trip_rate,0.0,0.0,1.0,0.0,False
65,Downtown Brooklyn/MetroTech,4,44,18,20.670454545454547,16.775,0.4090909090909091,2026-02,unreliable_trip_rate,0.0,0.0,1.0,0.0,False
83,Elmhurst/Maspeth,16,44,18,20.25,17.325,0.4090909090909091,2026-02,unreliable_trip_rate,0.0,0.0,1.0,0.0,False
95,Forest Hills,9,88,36,38.762499999999996,31.40833333333333,0.4090909090909091,2026-02,unreliable_trip_rate,0.0,0.0,1.0,0.0,False
169,Mount Hope,15,44,18,43.85568181818182,28.583333333333332,0.4090909090909091,2026-02,unreliable_trip_rate,0.0,0.0,1.0,0.0,False
90,Flatiron,14,2364,967,16.655590806542584,12.7,0.4090524534686971,2026-02,unreliable_trip_rate,0.0,0.0,0.2398477157360406,0.7601522842639594,False
33,Brooklyn Heights,16,269,110,37.55594795539033,24.616666666666667,0.40892193308550184,2026-02,unreliable_trip_rate,0.0,0.0,1.0,0.0,False
163,Midtown North,3,203,83,14.016666666666666,11.45,0.4088669950738916,2026-02,unreliable_trip_rate,0.0,0.0,1.0,0.0,False
230,Times Sq/Theatre District,2,800,327,13.776916666666667,11.908333333333333,0.40875,2026-02,unreliable_trip_rate,0.0,0.0,0.95375,0.04625,False
141,Lenox Hill West,0,1077,440,11.32352212937171,10.383333333333333,0.4085422469823584,2026-02,unreliable_trip_rate,0.0,0.0,0.5831012070566388,0.4168987929433612,False
238,Upper West Side North,23,984,402,13.863482384823847,11.675,0.40853658536585363,2026-02,unreliable_trip_rate,0.0,0.0,0.6290650406504065,0.3709349593495935,False
261,World Trade Center,7,164,67,20.35731707317073,16.40833333333333,0.40853658536585363,2026-02,unreliable_trip_rate,0.0,0.0,1.0,0.0,False
197,Richmond Hill,14,71,29,29.354460093896712,22.916666666666668,0.4084507042253521,2026-02,unreliable_trip_rate,0.0,0.0,1.0,0.0,False
166,Morningside Heights,7,830,339,18.610220883534137,16.40833333333333,0.40843373493975904,2026-02,unreliable_trip_rate,0.0,0.0,0.6373493975903615,0.36265060240963853,False
264,Unknown,23,120,49,16.31152777777778,15.183333333333334,0.4083333333333333,2026-02,unreliable_trip_rate,0.0,0.0,0.6666666666666666,0.3333333333333333,False
50,Clinton West,9,1362,556,16.839916789035733,15.041666666666668,0.40822320117474303,2026-02,unreliable_trip_rate,0.0,0.0,0.41483113069016153,0.5851688693098385,False
263,Yorkville West,23,1972,805,12.54920554428668,11.175,0.40821501014198786,2026-02,unreliable_trip_rate,0.0,0.0,0.3433062880324544,0.6566937119675457,False
246,West Chelsea/Hudson Yards,2,855,349,12.197621832358674,10.45,0.408187134502924,2026-02,unreliable_trip_rate,0.0,0.0,0.6795321637426901,0.32046783625730996,False
166,Morningside Heights,14,1198,489,19.686463550361715,16.65833333333333,0.4081803005008347,2026-02,unreliable_trip_rate,0.0,0.0,0.4540901502504174,0.5459098497495827,False
22,Bensonhurst West,14,49,20,41.21224489795919,29.966666666666665,0.40816326530612246,2026-02,unreliable_trip_rate,0.0,0.0,1.0,0.0,False
217,South Williamsburg,16,49,20,29.22244897959184,23.466666666666665,0.40816326530612246,2026-02,unreliable_trip_rate,0.0,0.0,1.0,0.0,False
237,Upper East Side South,6,988,403,10.458906882591092,7.833333333333333,0.40789473684210525,2026-02,unreliable_trip_rate,0.0,0.0,0.39878542510121456,0.6012145748987854,False
91,Flatlands,8,255,104,40.861568627450986,29.766666666666666,0.40784313725490196,2026-02,unreliable_trip_rate,0.0,0.0,1.0,0.0,False
76,East New York,7,434,177,42.194470046082955,34.63333333333333,0.4078341013824885,2026-02,unreliable_trip_rate,0.0,0.0,0.9170506912442397,0.08294930875576037,False
117,Hammels/Arverne,7,103,42,58.08559870550162,57.05,0.4077669902912621,2026-02,unreliable_trip_rate,0.0,0.0,1.0,0.0,False
113,Greenwich Village North,13,2127,867,16.52080394922426,13.033333333333333,0.4076163610719323,2026-02,unreliable_trip_rate,0.0,0.0,0.2623413258110014,0.7376586741889986,False
239,Upper West Side South,0,1158,472,12.736240644789868,11.183333333333334,0.4075993091537133,2026-02,unreliable_trip_rate,0.0,0.0,0.5569948186528497,0.4430051813471503,False
233,UN/Turtle Bay South,22,1450,591,13.135252873563218,11.683333333333334,0.40758620689655173,2026-02,unreliable_trip_rate,0.0,0.0,0.5041379310344828,0.49586206896551727,False
166,Morningside Heights,12,1190,485,18.956638655462186,16.683333333333334,0.40756302521008403,2026-02,unreliable_trip_rate,0.0,0.0,0.5067226890756302,0.49327731092436977,False
143,Lincoln Square West,23,692,282,13.996026011560694,12.408333333333333,0.407514450867052,2026-02,unreliable_trip_rate,0.0,0.0,0.8439306358381503,0.15606936416184972,False
50,Clinton West,21,989,403,15.16108864172565,13.716666666666667,0.4074823053589484,2026-02,unreliable_trip_rate,0.0,0.0,0.7259858442871587,0.27401415571284127,False
262,Yorkville East,16,2788,1136,14.4483381157341,11.2,0.40746054519368724,2026-02,unreliable_trip_rate,0.0,0.0,0.2187948350071736,0.7812051649928264,False
205,Saint Albans,9,81,33,42.751440329218106,38.6,0.4074074074074074,2026-02,unreliable_trip_rate,0.0,0.0,1.0,0.0,False
166,Morningside Heights,21,1414,576,16.684347006129187,14.583333333333334,0.4073550212164074,2026-02,unreliable_trip_rate,0.0,0.0,0.47312588401697314,0.5268741159830269,False
114,Greenwich Village South,10,663,270,15.414303670186023,13.133333333333333,0.4072398190045249,2026-02,unreliable_trip_rate,0.0,0.0,0.7571644042232277,0.24283559577677225,False
18,Bedford Park,8,86,35,41.403294573643414,32.36666666666667,0.4069767441860465,2026-02,unreliable_trip_rate,0.0,0.0,1.0,0.0,False
100,Garment District,0,1116,454,14.470504778972522,12.966666666666665,0.4068100358422939,2026-02,unreliable_trip_rate,0.0,0.0,0.807347670250896,0.19265232974910393,False
77,East New York/Pennsylvania Avenue,13,59,24,36.75932203389831,31.433333333333334,0.4067796610169492,2026-02,unreliable_trip_rate,0.0,0.0,1.0,0.0,False
134,Kew Gardens,8,59,24,32.648587570621466,25.433333333333334,0.4067796610169492,2026-02,unreliable_trip_rate,0.0,0.0,1.0,0.0,False
177,Ocean Hill,23,59,24,20.98728813559322,16.616666666666667,0.4067796610169492,2026-02,unreliable_trip_rate,0.0,0.0,1.0,0.0,False
182,Parkchester,10,59,24,43.69237288135593,40.7,0.4067796610169492,2026-02,unreliable_trip_rate,0.0,0.0,1.0,0.0,False
209,Seaport,10,177,72,22.87015065913371,18.216666666666665,0.4067796610169492,2026-02,unreliable_trip_rate,0.0,0.0,1.0,0.0,False
164,Midtown South,7,1008,410,12.075694444444444,9.175,0.40674603174603174,2026-02,unreliable_trip_rate,0.0,0.0,0.4603174603174603,0.5396825396825397,False
213,Soundview/Castle Hill,8,150,61,38.491888888888894,32.16666666666667,0.4066666666666667,2026-02,unreliable_trip_rate,0.0,0.0,1.0,0.0,False
229,Sutton Place/Turtle Bay North,13,2873,1168,16.84437289708783,13.1,0.4065436825617821,2026-02,unreliable_trip_rate,0.0,0.0,0.16707274625826662,0.8329272537417334,False
42,Central Harlem North,13,620,252,25.219731182795698,21.55,0.4064516129032258,2026-02,unreliable_trip_rate,0.0,0.0,0.7709677419354839,0.22903225806451613,False
21,Bensonhurst East,8,64,26,41.09192708333333,36.28333333333333,0.40625,2026-02,unreliable_trip_rate,0.0,0.0,1.0,0.0,False
22,Bensonhurst West,19,32,13,24.066145833333334,16.083333333333336,0.40625,2026-02,unreliable_trip_rate,0.0,0.0,1.0,0.0,False
55,Coney Island,9,128,52,52.678515625,45.80833333333334,0.40625,2026-02,unreliable_trip_rate,0.0,0.0,1.0,0.0,False
62,Crown Heights South,6,96,39,35.996006944444446,30.016666666666666,0.40625,2026-02,unreliable_trip_rate,0.0,0.0,1.0,0.0,False
77,East New York/Pennsylvania Avenue,14,64,26,38.93151041666667,29.85,0.40625,2026-02,unreliable_trip_rate,0.0,0.0,1.0,0.0,False
83,Elmhurst/Maspeth,11,32,13,19.425,15.316666666666666,0.40625,2026-02,unreliable_trip_rate,0.0,0.0,1.0,0.0,False
130,Jamaica,6,128,52,35.120182291666666,27.75,0.40625,2026-02,unreliable_trip_rate,0.0,0.0,1.0,0.0,False
131,Jamaica Estates,18,32,13,24.225520833333334,21.65833333333333,0.40625,2026-02,unreliable_trip_rate,0.0,0.0,1.0,0.0,False
242,Van Nest/Morris Park,5,32,13,26.406770833333333,20.941666666666666,0.40625,2026-02,unreliable_trip_rate,0.0,0.0,1.0,0.0,False
71,East Flatbush/Farragut,11,101,41,38.698349834983496,30.033333333333335,0.40594059405940597,2026-02,unreliable_trip_rate,0.0,0.0,1.0,0.0,False
90,Flatiron,13,2190,889,16.645228310502283,12.666666666666666,0.40593607305936075,2026-02,unreliable_trip_rate,0.0,0.0,0.2146118721461187,0.7853881278538812,False
68,East Chelsea,6,818,332,14.028871230643848,11.091666666666667,0.4058679706601467,2026-02,unreliable_trip_rate,0.0,0.0,0.6454767726161369,0.3545232273838631,False
26,Borough Park,7,69,28,35.619565217391305,23.85,0.4057971014492754,2026-02,unreliable_trip_rate,0.0,0.0,1.0,0.0,False
215,South Jamaica,7,138,56,43.41920289855073,33.55,0.4057971014492754,2026-02,unreliable_trip_rate,0.0,0.0,1.0,0.0,False
264,Unknown,13,244,99,18.8099043715847,13.883333333333333,0.4057377049180328,2026-02,unreliable_trip_rate,0.0,0.0,0.6352459016393442,0.36475409836065575,False
262,Yorkville East,14,2603,1056,14.169106159559483,11.933333333333334,0.4056857472147522,2026-02,unreliable_trip_rate,0.0,0.0,0.2174414137533615,0.7825585862466385,False
17,Bedford,13,222,90,32.950825825825824,26.541666666666664,0.40540540540540543,2026-02,unreliable_trip_rate,0.0,0.0,1.0,0.0,False
29,Brighton Beach,7,37,15,52.160810810810815,48.266666666666666,0.40540540540540543,2026-02,unreliable_trip_rate,0.0,0.0,1.0,0.0,False
241,Van Cortlandt Village,22,37,15,30.00225225225225,28.933333333333334,0.40540540540540543,2026-02,unreliable_trip_rate,0.0,0.0,1.0,0.0,False
247,West Concourse,7,111,45,34.07492492492492,26.133333333333333,0.40540540540540543,2026-02,unreliable_trip_rate,0.0,0.0,1.0,0.0,False
125,Hudson Sq,5,79,32,15.737974683544303,11.2,0.4050632911392405,2026-02,unreliable_trip_rate,0.0,0.0,1.0,0.0,False
264,Unknown,9,158,64,19.60886075949367,14.016666666666666,0.4050632911392405,2026-02,unreliable_trip_rate,0.0,0.0,0.6265822784810127,0.37341772151898733,False
42,Central Harlem North,20,558,226,19.91042413381123,17.758333333333333,0.4050179211469534,2026-02,unreliable_trip_rate,0.0,0.0,0.7921146953405018,0.2078853046594982,False
141,Lenox Hill West,12,4191,1697,14.265429889445636,11.816666666666666,0.4049152946790742,2026-02,unreliable_trip_rate,0.0,0.0,0.13934621808637557,0.8606537819136244,False
71,East Flatbush/Farragut,10,163,66,35.673108384458075,27.85,0.4049079754601227,2026-02,unreliable_trip_rate,0.0,0.0,1.0,0.0,False
113,Greenwich Village North,14,2196,889,16.623345476624166,12.441666666666666,0.4048269581056466,2026-02,unreliable_trip_rate,0.0,0.0,0.2436247723132969,0.7563752276867031,False
14,Bay Ridge,9,84,34,42.37936507936508,34.45,0.40476190476190477,2026-02,unreliable_trip_rate,0.0,0.0,1.0,0.0,False
47,Claremont/Bathgate,8,84,34,43.18968253968254,28.766666666666666,0.40476190476190477,2026-02,unreliable_trip_rate,0.0,0.0,1.0,0.0,False
83,Elmhurst/Maspeth,15,42,17,23.53293650793651,18.458333333333336,0.40476190476190477,2026-02,unreliable_trip_rate,0.0,0.0,1.0,0.0,False
174,Norwood,14,42,17,55.1702380952381,44.45,0.40476190476190477,2026-02,unreliable_trip_rate,0.0,0.0,1.0,0.0,False
233,UN/Turtle Bay South,14,1851,749,18.800486223662883,15.7,0.40464613722312265,2026-02,unreliable_trip_rate,0.0,0.0,0.3095623987034036,0.6904376012965965,False
43,Central Park,20,1687,682,13.066449318316538,10.416666666666666,0.4042679312388856,2026-02,unreliable_trip_rate,0.0,0.0,0.2726733847065797,0.7273266152934202,False
173,North Corona,21,47,19,16.378368794326242,12.95,0.40425531914893614,2026-02,unreliable_trip_rate,0.0,0.0,1.0,0.0,False
234,Union Sq,1,1769,715,12.946335029206708,11.45,0.4041831543244771,2026-02,unreliable_trip_rate,0.0,0.0,0.4511023176936122,0.5488976823063878,False
264,Unknown,8,151,61,23.376269315673287,17.933333333333334,0.40397350993377484,2026-02,unreliable_trip_rate,0.0,0.0,0.6423841059602649,0.3576158940397351,False
229,Sutton Place/Turtle Bay North,10,2686,1085,16.34222511789526,13.133333333333333,0.4039463886820551,2026-02,unreliable_trip_rate,0.0,0.0,0.18391660461653014,0.8160833953834699,False
229,Sutton Place/Turtle Bay North,16,2372,958,15.880663293985386,11.783333333333333,0.40387858347386174,2026-02,unreliable_trip_rate,0.0,0.0,0.22554806070826308,0.774451939291737,False
60,Crotona Park East,8,52,21,35.58301282051282,31.983333333333334,0.40384615384615385,2026-02,unreliable_trip_rate,0.0,0.0,1.0,0.0,False
72,East Flatbush/Remsen Village,22,52,21,26.806410256410256,22.075,0.40384615384615385,2026-02,unreliable_trip_rate,0.0,0.0,1.0,0.0,False
227,Sunset Park East,17,52,21,31.308974358974357,21.641666666666666,0.40384615384615385,2026-02,unreliable_trip_rate,0.0,0.0,1.0,0.0,False
100,Garment District,13,1754,708,18.699477385024704,15.516666666666667,0.40364880273660203,2026-02,unreliable_trip_rate,0.0,0.0,0.33751425313568983,0.6624857468643102,False
170,Murray Hill,6,1157,467,10.777484874675885,8.583333333333334,0.40363007778738114,2026-02,unreliable_trip_rate,0.0,0.0,0.39671564390665515,0.6032843560933449,False
24,Bloomingdale,3,57,23,16.535672514619883,14.0,0.40350877192982454,2026-02,unreliable_trip_rate,0.0,0.0,1.0,0.0,False
100,Garment District,16,2367,955,19.13645965356992,12.033333333333333,0.40346430080270385,2026-02,unreliable_trip_rate,0.0,0.0,0.23996620194338825,0.7600337980566118,False
188,Prospect-Lefferts Gardens,9,300,121,34.21688888888889,28.674999999999997,0.4033333333333333,2026-02,unreliable_trip_rate,0.0,0.0,1.0,0.0,False
151,Manhattan Valley,17,1877,757,14.01561001598295,11.366666666666667,0.40330314331379863,2026-02,unreliable_trip_rate,0.0,0.0,0.25732551944592436,0.7426744805540757,False
113,Greenwich Village North,9,1627,656,14.708164310592093,12.35,0.4031960663798402,2026-02,unreliable_trip_rate,0.0,0.0,0.24585125998770743,0.7541487400122926,False
125,Hudson Sq,9,568,229,15.878961267605634,12.825,0.40316901408450706,2026-02,unreliable_trip_rate,0.0,0.0,0.727112676056338,0.272887323943662,False
146,Long Island City/Queens Plaza,16,191,77,25.62260034904014,20.783333333333335,0.4031413612565445,2026-02,unreliable_trip_rate,0.0,0.0,1.0,0.0,False
166,Morningside Heights,2,129,52,13.199354005167958,10.9,0.40310077519379844,2026-02,unreliable_trip_rate,0.0,0.0,1.0,0.0,False
151,Manhattan Valley,13,1821,734,14.55342302764049,12.216666666666667,0.4030752333882482,2026-02,unreliable_trip_rate,0.0,0.0,0.28555738605162,0.71444261394838,False
10,Baisley Park,10,67,27,43.70696517412936,40.166666666666664,0.40298507462686567,2026-02,unreliable_trip_rate,0.0,0.0,1.0,0.0,False
212,Soundview/Bruckner,9,67,27,35.77935323383085,30.083333333333332,0.40298507462686567,2026-02,unreliable_trip_rate,0.0,0.0,1.0,0.0,False
107,Gramercy,11,2644,1065,16.57569969742814,13.833333333333334,0.4027987897125567,2026-02,unreliable_trip_rate,0.0,0.0,0.22768532526475038,0.7723146747352496,False
63,Cypress Hills,18,72,29,29.897453703703704,25.78333333333333,0.4027777777777778,2026-02,unreliable_trip_rate,0.0,0.0,1.0,0.0,False
165,Midwood,15,72,29,39.420833333333334,34.375,0.4027777777777778,2026-02,unreliable_trip_rate,0.0,0.0,1.0,0.0,False
186,Penn Station/Madison Sq West,2,678,273,13.164823008849558,11.45,0.4026548672566372,2026-02,unreliable_trip_rate,0.0,0.0,0.8923303834808259,0.10766961651917405,False
159,Melrose South,11,77,31,38.537445887445884,32.11666666666667,0.4025974025974026,2026-02,unreliable_trip_rate,0.0,0.0,1.0,0.0,False
41,Central Harlem,10,626,252,20.31650692225772,17.558333333333334,0.402555910543131,2026-02,unreliable_trip_rate,0.0,0.0,0.8338658146964856,0.16613418530351437,False
164,Midtown South,6,554,223,11.635198555956679,8.825,0.40252707581227437,2026-02,unreliable_trip_rate,0.0,0.0,0.6841155234657039,0.315884476534296,False
130,Jamaica,7,164,66,41.8094512195122,33.86666666666667,0.4024390243902439,2026-02,unreliable_trip_rate,0.0,0.0,1.0,0.0,False
114,Greenwich Village South,15,1596,642,17.519611528822054,14.325,0.40225563909774437,2026-02,unreliable_trip_rate,0.0,0.0,0.36466165413533835,0.6353383458646616,False
216,South Ozone Park,10,97,39,33.64106529209622,25.666666666666668,0.4020618556701031,2026-02,unreliable_trip_rate,0.0,0.0,1.0,0.0,False
74,East Harlem North,20,627,252,17.70279106858054,15.216666666666667,0.4019138755980861,2026-02,unreliable_trip_rate,0.0,0.0,0.8038277511961722,0.19617224880382775,False
234,Union Sq,9,2319,932,14.191052177662787,11.133333333333333,0.40189736955584304,2026-02,unreliable_trip_rate,0.0,0.0,0.18240620957309184,0.8175937904269082,False
35,Brownsville,19,107,43,31.487850467289718,24.633333333333333,0.40186915887850466,2026-02,unreliable_trip_rate,0.0,0.0,1.0,0.0,False
107,Gramercy,4,535,215,11.70404984423676,9.0,0.40186915887850466,2026-02,unreliable_trip_rate,0.0,0.0,0.9383177570093458,0.0616822429906542,False
249,West Village,4,901,362,13.85643729189789,11.5,0.4017758046614872,2026-02,unreliable_trip_rate,0.0,0.0,0.8423973362930077,0.15760266370699222,False
71,East Flatbush/Farragut,13,122,49,32.80122950819672,25.525,0.4016393442622951,2026-02,unreliable_trip_rate,0.0,0.0,1.0,0.0,False
50,Clinton West,19,1455,584,15.27143184421535,13.766666666666667,0.4013745704467354,2026-02,unreliable_trip_rate,0.0,0.0,0.42955326460481097,0.570446735395189,False
130,Jamaica,14,147,59,37.366893424036284,28.316666666666666,0.4013605442176871,2026-02,unreliable_trip_rate,0.0,0.0,1.0,0.0,False
130,Jamaica,15,172,69,37.13294573643411,27.058333333333334,0.4011627906976744,2026-02,unreliable_trip_rate,0.0,0.0,1.0,0.0,False
79,East Village,4,2045,820,12.463113284433577,10.716666666666667,0.40097799511002447,2026-02,unreliable_trip_rate,0.0,0.0,0.4410757946210269,0.5589242053789731,False
90,Flatiron,9,1948,781,13.847356262833676,9.133333333333333,0.4009240246406571,2026-02,unreliable_trip_rate,0.0,0.0,0.18429158110882957,0.8157084188911704,False
137,Kips Bay,16,2794,1120,20.25820209973753,14.725,0.4008589835361489,2026-02,unreliable_trip_rate,0.0,0.0,0.26879026485325697,0.731209735146743,False
24,Bloomingdale,18,741,297,16.49869545659019,14.433333333333334,0.4008097165991903,2026-02,unreliable_trip_rate,0.0,0.0,0.5870445344129555,0.41295546558704455,False
229,Sutton Place/Turtle Bay North,11,2716,1088,16.791617574864997,12.958333333333334,0.4005891016200295,2026-02,unreliable_trip_rate,0.0,0.0,0.19624447717231222,0.8037555228276878,False
48,Clinton East,8,2715,1087,14.777249846531614,11.358333333333334,0.4003683241252302,2026-02,unreliable_trip_rate,0.0,0.0,0.21952117863720075,0.7804788213627992,False
100,Garment District,1,792,317,14.625925925925927,12.916666666666666,0.40025252525252525,2026-02,unreliable_trip_rate,0.0,0.0,0.8585858585858586,0.1414141414141414,False
50,Clinton West,23,867,347,14.76705113417916,13.55,0.4002306805074971,2026-02,unreliable_trip_rate,0.0,0.0,0.7750865051903114,0.22491349480968859,False
3,Allerton/Pelham Gardens,8,40,16,42.62583333333333,33.18333333333334,0.4,2026-02,unreliable_trip_rate,0.0,0.0,1.0,0.0,False
21,Bensonhurst East,15,30,12,31.894444444444446,20.991666666666667,0.4,2026-02,unreliable_trip_rate,0.0,0.0,1.0,0.0,False
24,Bloomingdale,9,665,266,17.031879699248123,14.633333333333333,0.4,2026-02,unreliable_trip_rate,0.0,0.0,0.6466165413533834,0.3533834586466165,False
26,Borough Park,11,70,28,40.48119047619048,33.9,0.4,2026-02,unreliable_trip_rate,0.0,0.0,1.0,0.0,False
35,Brownsville,23,60,24,26.501666666666665,22.85,0.4,2026-02,unreliable_trip_rate,0.0,0.0,1.0,0.0,False
56,Corona,19,60,24,26.605277777777776,20.258333333333333,0.4,2026-02,unreliable_trip_rate,0.0,0.0,1.0,0.0,False
56,Corona,21,45,18,17.422592592592594,13.116666666666667,0.4,2026-02,unreliable_trip_rate,0.0,0.0,1.0,0.0,False
61,Crown Heights North,16,265,106,34.958301886792455,27.2,0.4,2026-02,unreliable_trip_rate,0.0,0.0,1.0,0.0,False
78,East Tremont,18,45,18,32.56703703703704,23.2,0.4,2026-02,unreliable_trip_rate,0.0,0.0,1.0,0.0,False
78,East Tremont,22,30,12,34.095,20.549999999999997,0.4,2026-02,unreliable_trip_rate,0.0,0.0,1.0,0.0,False
83,Elmhurst/Maspeth,19,65,26,21.29,19.416666666666668,0.4,2026-02,unreliable_trip_rate,0.0,0.0,1.0,0.0,False
93,Flushing Meadows-Corona Park,18,30,12,30.690555555555555,25.191666666666666,0.4,2026-02,unreliable_trip_rate,0.0,0.0,1.0,0.0,False
102,Glendale,8,50,20,29.787666666666663,22.141666666666666,0.4,2026-02,unreliable_trip_rate,0.0,0.0,1.0,0.0,False
102,Glendale,15,30,12,31.15666666666667,23.683333333333334,0.4,2026-02,unreliable_trip_rate,0.0,0.0,1.0,0.0,False
121,Hillcrest/Pomonok,17,65,26,38.988461538461536,31.3,0.4,2026-02,unreliable_trip_rate,0.0,0.0,1.0,0.0,False
131,Jamaica Estates,15,35,14,27.02190476190476,20.733333333333334,0.4,2026-02,unreliable_trip_rate,0.0,0.0,1.0,0.0,False
139,Laurelton,9,40,16,55.714999999999996,49.13333333333333,0.4,2026-02,unreliable_trip_rate,0.0,0.0,1.0,0.0,False
144,Little Italy/NoLiTa,9,495,198,17.463670033670034,15.316666666666666,0.4,2026-02,unreliable_trip_rate,0.0,0.0,0.8787878787878788,0.12121212121212122,False
147,Longwood,7,65,26,34.38794871794872,28.333333333333332,0.4,2026-02,unreliable_trip_rate,0.0,0.0,1.0,0.0,False
151,Manhattan Valley,2,90,36,10.44648148148148,8.858333333333334,0.4,2026-02,unreliable_trip_rate,0.0,0.0,1.0,0.0,False
155,Marine Park/Mill Basin,8,70,28,41.82690476190476,28.258333333333333,0.4,2026-02,unreliable_trip_rate,0.0,0.0,1.0,0.0,False
157,Maspeth,13,35,14,23.113809523809525,19.45,0.4,2026-02,unreliable_trip_rate,0.0,0.0,1.0,0.0,False
167,Morrisania/Melrose,4,30,12,27.120555555555555,23.4,0.4,2026-02,unreliable_trip_rate,0.0,0.0,1.0,0.0,False
169,Mount Hope,12,40,16,34.02583333333333,27.85,0.4,2026-02,unreliable_trip_rate,0.0,0.0,1.0,0.0,False
169,Mount Hope,18,40,16,31.77125,22.741666666666667,0.4,2026-02,unreliable_trip_rate,0.0,0.0,1.0,0.0,False
177,Ocean Hill,11,140,56,33.019285714285715,28.041666666666664,0.4,2026-02,unreliable_trip_rate,0.0,0.0,1.0,0.0,False
178,Ocean Parkway South,8,35,14,34.96904761904762,29.716666666666665,0.4,2026-02,unreliable_trip_rate,0.0,0.0,1.0,0.0,False
185,Pelham Parkway,6,70,28,45.26404761904762,33.96666666666667,0.4,2026-02,unreliable_trip_rate,0.0,0.0,1.0,0.0,False
191,Queens Village,12,30,12,39.202777777777776,34.575,0.4,2026-02,unreliable_trip_rate,0.0,0.0,1.0,0.0,False
191,Queens Village,23,50,20,29.508666666666667,23.083333333333332,0.4,2026-02,unreliable_trip_rate,0.0,0.0,1.0,0.0,False
197,Richmond Hill,13,80,32,25.5575,19.766666666666666,0.4,2026-02,unreliable_trip_rate,0.0,0.0,1.0,0.0,False
200,Riverdale/North Riverdale/Fieldston,11,30,12,47.071111111111115,40.49166666666667,0.4,2026-02,unreliable_trip_rate,0.0,0.0,1.0,0.0,False
205,Saint Albans,12,40,16,54.73375,51.99166666666666,0.4,2026-02,unreliable_trip_rate,0.0,0.0,1.0,0.0,False
205,Saint Albans,18,50,20,36.052,31.758333333333333,0.4,2026-02,unreliable_trip_rate,0.0,0.0,1.0,0.0,False
215,South Jamaica,12,75,30,41.59133333333333,34.833333333333336,0.4,2026-02,unreliable_trip_rate,0.0,0.0,1.0,0.0,False
217,South Williamsburg,18,60,24,27.113888888888887,23.258333333333333,0.4,2026-02,unreliable_trip_rate,0.0,0.0,1.0,0.0,False
218,Springfield Gardens North,13,65,26,41.933076923076925,38.43333333333333,0.4,2026-02,unreliable_trip_rate,0.0,0.0,1.0,0.0,False
219,Springfield Gardens South,21,30,12,28.42,27.008333333333333,0.4,2026-02,unreliable_trip_rate,0.0,0.0,1.0,0.0,False
223,Steinway,3,35,14,17.83809523809524,16.583333333333332,0.4,2026-02,unreliable_trip_rate,0.0,0.0,1.0,0.0,False
242,Van Nest/Morris Park,11,45,18,45.88777777777777,41.35,0.4,2026-02,unreliable_trip_rate,0.0,0.0,1.0,0.0,False
257,Windsor Terrace,18,60,24,27.51888888888889,25.1,0.4,2026-02,unreliable_trip_rate,0.0,0.0,1.0,0.0,False
264,Unknown,22,130,52,15.867435897435898,12.899999999999999,0.4,2026-02,unreliable_trip_rate,0.0,0.0,0.5923076923076923,0.4076923076923077,False
142,Lincoln Square East,0,1418,567,13.133685942642218,11.425,0.3998589562764457,2026-02,unreliable_trip_rate,0.0,0.0,0.5155148095909732,0.4844851904090268,False
68,East Chelsea,10,3160,1263,19.106339662447258,16.516666666666666,0.3996835443037975,2026-02,unreliable_trip_rate,0.0,0.0,0.19050632911392404,0.8094936708860759,False
239,Upper West Side South,2,253,101,11.636495388669301,9.966666666666667,0.39920948616600793,2026-02,unreliable_trip_rate,0.0,0.0,1.0,0.0,False
144,Little Italy/NoLiTa,4,749,299,12.07750333778371,10.133333333333333,0.3991989319092123,2026-02,unreliable_trip_rate,0.0,0.0,0.8985313751668892,0.10146862483311081,False
107,Gramercy,1,1448,578,12.009277163904237,10.808333333333334,0.39917127071823205,2026-02,unreliable_trip_rate,0.0,0.0,0.46685082872928174,0.5331491712707183,False
113,Greenwich Village North,10,1566,625,16.02130693912303,12.725,0.3991060025542784,2026-02,unreliable_trip_rate,0.0,0.0,0.28735632183908044,0.7126436781609196,False
137,Kips Bay,23,1760,702,13.314876893939395,11.716666666666667,0.39886363636363636,2026-02,unreliable_trip_rate,0.0,0.0,0.4318181818181818,0.5681818181818182,False
43,Central Park,8,1309,522,14.155882352941175,11.75,0.39877769289533993,2026-02,unreliable_trip_rate,0.0,0.0,0.2880061115355233,0.7119938884644768,False
234,Union Sq,4,449,179,13.019710467706014,10.933333333333334,0.3986636971046771,2026-02,unreliable_trip_rate,0.0,0.0,1.0,0.0,False
234,Union Sq,5,296,118,13.724493243243243,10.041666666666668,0.39864864864864863,2026-02,unreliable_trip_rate,0.0,0.0,1.0,0.0,False
151,Manhattan Valley,14,1739,693,15.473174238067854,12.516666666666667,0.39850488786659,2026-02,unreliable_trip_rate,0.0,0.0,0.2650948821161587,0.7349051178838413,False
68,East Chelsea,2,926,369,13.685313174946005,12.1,0.398488120950324,2026-02,unreliable_trip_rate,0.0,0.0,0.8131749460043196,0.18682505399568033,False
100,Garment District,22,2220,884,15.81105105105105,13.6,0.3981981981981982,2026-02,unreliable_trip_rate,0.0,0.0,0.27207207207207207,0.7279279279279279,False
166,Morningside Heights,16,1625,647,18.42926153846154,15.266666666666667,0.39815384615384614,2026-02,unreliable_trip_rate,0.0,0.0,0.344,0.656,False
186,Penn Station/Madison Sq West,4,455,181,12.086776556776558,9.116666666666667,0.3978021978021978,2026-02,unreliable_trip_rate,0.0,0.0,1.0,0.0,False
55,Coney Island,8,166,66,56.891967871485946,47.625,0.39759036144578314,2026-02,unreliable_trip_rate,0.0,0.0,1.0,0.0,False
237,Upper East Side South,5,317,126,12.85273396424816,9.133333333333333,0.39747634069400634,2026-02,unreliable_trip_rate,0.0,0.0,1.0,0.0,False
254,Williamsbridge/Olinville,9,78,31,40.52564102564103,34.40833333333333,0.3974358974358974,2026-02,unreliable_trip_rate,0.0,0.0,1.0,0.0,False
166,Morningside Heights,11,999,397,19.021654988321657,16.483333333333334,0.3973973973973974,2026-02,unreliable_trip_rate,0.0,0.0,0.5135135135135135,0.4864864864864865,False
263,Yorkville West,14,3486,1385,13.60576592082616,10.033333333333333,0.3973034997131383,2026-02,unreliable_trip_rate,0.0,0.0,0.18014916810097534,0.8198508318990246,False
18,Bedford Park,6,73,29,39.935388127853884,35.53333333333333,0.3972602739726027,2026-02,unreliable_trip_rate,0.0,0.0,1.0,0.0,False
123,Homecrest,15,73,29,33.65662100456621,27.983333333333334,0.3972602739726027,2026-02,unreliable_trip_rate,0.0,0.0,1.0,0.0,False
159,Melrose South,12,73,29,35.042694063926945,27.016666666666666,0.3972602739726027,2026-02,unreliable_trip_rate,0.0,0.0,1.0,0.0,False
60,Crotona Park East,6,68,27,41.384313725490195,34.724999999999994,0.39705882352941174,2026-02,unreliable_trip_rate,0.0,0.0,1.0,0.0,False
85,Erasmus,12,68,27,36.363480392156866,28.725,0.39705882352941174,2026-02,unreliable_trip_rate,0.0,0.0,1.0,0.0,False
122,Hollis,6,68,27,34.453186274509804,25.2,0.39705882352941174,2026-02,unreliable_trip_rate,0.0,0.0,1.0,0.0,False
163,Midtown North,9,2350,933,15.13545390070922,12.1,0.39702127659574465,2026-02,unreliable_trip_rate,0.0,0.0,0.19872340425531915,0.8012765957446808,False
100,Garment District,19,2592,1029,15.580234053497943,12.116666666666667,0.39699074074074076,2026-02,unreliable_trip_rate,0.0,0.0,0.24112654320987653,0.7588734567901234,False
117,Hammels/Arverne,11,63,25,60.9973544973545,60.083333333333336,0.3968253968253968,2026-02,unreliable_trip_rate,0.0,0.0,1.0,0.0,False
165,Midwood,17,63,25,28.348412698412698,22.366666666666667,0.3968253968253968,2026-02,unreliable_trip_rate,0.0,0.0,1.0,0.0,False
229,Sutton Place/Turtle Bay North,3,252,100,11.554431216931217,9.158333333333333,0.3968253968253968,2026-02,unreliable_trip_rate,0.0,0.0,1.0,0.0,False
39,Canarsie,6,247,98,50.395276653171386,44.15,0.3967611336032389,2026-02,unreliable_trip_rate,0.0,0.0,1.0,0.0,False
68,East Chelsea,4,615,244,13.2170189701897,11.066666666666666,0.3967479674796748,2026-02,unreliable_trip_rate,0.0,0.0,0.8910569105691057,0.10894308943089431,False
140,Lenox Hill East,1,300,119,11.628,10.133333333333333,0.39666666666666667,2026-02,unreliable_trip_rate,0.0,0.0,1.0,0.0,False
113,Greenwich Village North,16,2506,994,16.221096036179834,12.975,0.39664804469273746,2026-02,unreliable_trip_rate,0.0,0.0,0.23024740622505985,0.7697525937749401,False
60,Crotona Park East,7,58,23,31.80316091954023,25.78333333333333,0.39655172413793105,2026-02,unreliable_trip_rate,0.0,0.0,1.0,0.0,False
216,South Ozone Park,20,58,23,27.14683908045977,24.991666666666667,0.39655172413793105,2026-02,unreliable_trip_rate,0.0,0.0,1.0,0.0,False
254,Williamsbridge/Olinville,11,58,23,45.92183908045977,44.1,0.39655172413793105,2026-02,unreliable_trip_rate,0.0,0.0,1.0,0.0,False
10,Baisley Park,9,111,44,41.184534534534535,37.233333333333334,0.3963963963963964,2026-02,unreliable_trip_rate,0.0,0.0,1.0,0.0,False
29,Brighton Beach,11,53,21,47.536792452830184,43.81666666666667,0.39622641509433965,2026-02,unreliable_trip_rate,0.0,0.0,1.0,0.0,False
63,Cypress Hills,10,106,42,32.93443396226415,26.858333333333334,0.39622641509433965,2026-02,unreliable_trip_rate,0.0,0.0,1.0,0.0,False
100,Garment District,4,318,126,14.126677148846962,12.133333333333333,0.39622641509433965,2026-02,unreliable_trip_rate,0.0,0.0,1.0,0.0,False
242,Van Nest/Morris Park,8,53,21,38.33867924528302,29.933333333333334,0.39622641509433965,2026-02,unreliable_trip_rate,0.0,0.0,1.0,0.0,False
39,Canarsie,13,207,82,33.56908212560386,25.366666666666667,0.3961352657004831,2026-02,unreliable_trip_rate,0.0,0.0,1.0,0.0,False
144,Little Italy/NoLiTa,11,818,324,17.877872860635698,14.991666666666667,0.3960880195599022,2026-02,unreliable_trip_rate,0.0,0.0,0.6418092909535452,0.3581907090464548,False
209,Seaport,14,245,97,23.722448979591835,16.466666666666665,0.39591836734693875,2026-02,unreliable_trip_rate,0.0,0.0,1.0,0.0,False
249,West Village,13,1978,783,15.800193798449612,11.791666666666668,0.39585439838220426,2026-02,unreliable_trip_rate,0.0,0.0,0.2396359959555106,0.7603640040444893,False
12,Battery Park,17,48,19,26.635416666666668,23.325000000000003,0.3958333333333333,2026-02,unreliable_trip_rate,0.0,0.0,1.0,0.0,False
29,Brighton Beach,10,48,19,46.85833333333333,36.24166666666667,0.3958333333333333,2026-02,unreliable_trip_rate,0.0,0.0,1.0,0.0,False
38,Cambria Heights,7,48,19,49.925000000000004,45.53333333333333,0.3958333333333333,2026-02,unreliable_trip_rate,0.0,0.0,1.0,0.0,False
157,Maspeth,11,48,19,20.233680555555555,16.725,0.3958333333333333,2026-02,unreliable_trip_rate,0.0,0.0,1.0,0.0,False
61,Crown Heights North,13,374,148,35.632620320855615,29.516666666666666,0.39572192513368987,2026-02,unreliable_trip_rate,0.0,0.0,1.0,0.0,False
168,Mott Haven/Port Morris,9,139,55,28.523621103117506,22.283333333333335,0.39568345323741005,2026-02,unreliable_trip_rate,0.0,0.0,1.0,0.0,False
211,SoHo,5,91,36,15.741575091575092,11.983333333333333,0.3956043956043956,2026-02,unreliable_trip_rate,0.0,0.0,1.0,0.0,False
260,Woodside,9,91,36,28.626373626373628,25.016666666666666,0.3956043956043956,2026-02,unreliable_trip_rate,0.0,0.0,1.0,0.0,False
231,TriBeCa/Civic Center,14,2101,831,20.882413136601617,16.616666666666667,0.39552594002855784,2026-02,unreliable_trip_rate,0.0,0.0,0.29842931937172773,0.7015706806282722,False
127,Inwood,8,134,53,34.884079601990045,30.458333333333336,0.39552238805970147,2026-02,unreliable_trip_rate,0.0,0.0,1.0,0.0,False
151,Manhattan Valley,10,1654,654,15.741565900846432,12.833333333333334,0.3954050785973398,2026-02,unreliable_trip_rate,0.0,0.0,0.2932285368802902,0.7067714631197098,False
165,Midwood,14,86,34,37.06782945736434,30.741666666666667,0.3953488372093023,2026-02,unreliable_trip_rate,0.0,0.0,1.0,0.0,False
219,Springfield Gardens South,15,43,17,42.814341085271316,33.983333333333334,0.3953488372093023,2026-02,unreliable_trip_rate,0.0,0.0,1.0,0.0,False
235,University Heights/Morris Heights,16,43,17,40.181395348837206,25.183333333333334,0.3953488372093023,2026-02,unreliable_trip_rate,0.0,0.0,1.0,0.0,False
230,Times Sq/Theatre District,7,1285,508,16.160933852140076,10.35,0.3953307392996109,2026-02,unreliable_trip_rate,0.0,0.0,0.42412451361867703,0.5758754863813229,False
246,West Chelsea/Hudson Yards,10,1743,689,17.813826735513484,15.65,0.3952954675846242,2026-02,unreliable_trip_rate,0.0,0.0,0.2834193918531268,0.7165806081468732,False
114,Greenwich Village South,16,1700,672,16.925745098039215,13.833333333333334,0.3952941176470588,2026-02,unreliable_trip_rate,0.0,0.0,0.3205882352941177,0.6794117647058824,False
143,Lincoln Square West,15,2664,1053,15.32070820820821,13.15,0.3952702702702703,2026-02,unreliable_trip_rate,0.0,0.0,0.21734234234234234,0.7826576576576577,False
76,East New York,15,253,100,40.38860342555995,34.46666666666667,0.3952569169960474,2026-02,unreliable_trip_rate,0.0,0.0,0.8735177865612648,0.12648221343873517,False
24,Bloomingdale,2,81,32,13.266872427983538,12.566666666666666,0.3950617283950617,2026-02,unreliable_trip_rate,0.0,0.0,1.0,0.0,False
144,Little Italy/NoLiTa,1,2144,847,12.975652985074626,11.5,0.39505597014925375,2026-02,unreliable_trip_rate,0.0,0.0,0.353544776119403,0.6464552238805971,False
263,Yorkville West,11,3387,1338,13.88121739986222,10.425,0.3950398582816652,2026-02,unreliable_trip_rate,0.0,0.0,0.1809861234130499,0.8190138765869501,False
43,Central Park,11,1947,769,14.777349768875192,11.716666666666667,0.39496661530559835,2026-02,unreliable_trip_rate,0.0,0.0,0.18335901386748846,0.8166409861325116,False
239,Upper West Side South,4,195,77,15.937179487179487,11.25,0.39487179487179486,2026-02,unreliable_trip_rate,0.0,0.0,1.0,0.0,False
18,Bedford Park,12,38,15,43.87324561403509,36.483333333333334,0.39473684210526316,2026-02,unreliable_trip_rate,0.0,0.0,1.0,0.0,False
39,Canarsie,16,114,45,34.51038011695906,25.1,0.39473684210526316,2026-02,unreliable_trip_rate,0.0,0.0,1.0,0.0,False
69,East Concourse/Concourse Village,21,38,15,23.729385964912282,19.108333333333334,0.39473684210526316,2026-02,unreliable_trip_rate,0.0,0.0,1.0,0.0,False
126,Hunts Point,9,38,15,45.77412280701755,37.86666666666667,0.39473684210526316,2026-02,unreliable_trip_rate,0.0,0.0,1.0,0.0,False
136,Kingsbridge Heights,6,38,15,31.6030701754386,26.15,0.39473684210526316,2026-02,unreliable_trip_rate,0.0,0.0,1.0,0.0,False
191,Queens Village,10,38,15,43.046491228070174,37.24166666666667,0.39473684210526316,2026-02,unreliable_trip_rate,0.0,0.0,1.0,0.0,False
191,Queens Village,22,38,15,40.23508771929825,33.33333333333333,0.39473684210526316,2026-02,unreliable_trip_rate,0.0,0.0,1.0,0.0,False
164,Midtown South,10,2123,838,15.531786779714238,12.275,0.39472444653791805,2026-02,unreliable_trip_rate,0.0,0.0,0.21290626471973623,0.7870937352802638,False
91,Flatlands,19,71,28,30.21408450704225,24.333333333333332,0.39436619718309857,2026-02,unreliable_trip_rate,0.0,0.0,1.0,0.0,False
131,Jamaica Estates,8,71,28,35.529342723004696,29.566666666666666,0.39436619718309857,2026-02,unreliable_trip_rate,0.0,0.0,1.0,0.0,False
211,SoHo,4,175,69,13.393999999999998,11.5,0.3942857142857143,2026-02,unreliable_trip_rate,0.0,0.0,1.0,0.0,False
239,Upper West Side South,1,525,207,12.814190476190475,11.216666666666667,0.3942857142857143,2026-02,unreliable_trip_rate,0.0,0.0,0.9333333333333333,0.06666666666666667,False
113,Greenwich Village North,0,1910,753,13.519205933682374,10.433333333333334,0.39424083769633506,2026-02,unreliable_trip_rate,0.0,0.0,0.3712041884816754,0.6287958115183246,False
91,Flatlands,9,241,95,37.09827109266943,26.183333333333334,0.3941908713692946,2026-02,unreliable_trip_rate,0.0,0.0,1.0,0.0,False
205,Saint Albans,7,137,54,48.24233576642336,40.31666666666667,0.39416058394160586,2026-02,unreliable_trip_rate,0.0,0.0,1.0,0.0,False
61,Crown Heights North,17,307,121,34.89809989142237,28.383333333333333,0.3941368078175896,2026-02,unreliable_trip_rate,0.0,0.0,1.0,0.0,False
7,Astoria,17,538,212,24.83076208178439,22.358333333333334,0.3940520446096654,2026-02,unreliable_trip_rate,0.0,0.0,0.8996282527881041,0.10037174721189591,False
43,Central Park,7,967,381,12.01203033436746,10.0,0.3940020682523268,2026-02,unreliable_trip_rate,0.0,0.0,0.4736297828335057,0.5263702171664943,False
67,Dyker Heights,9,33,13,34.39646464646464,29.783333333333335,0.3939393939393939,2026-02,unreliable_trip_rate,0.0,0.0,1.0,0.0,False
77,East New York/Pennsylvania Avenue,22,33,13,21.455555555555556,19.333333333333332,0.3939393939393939,2026-02,unreliable_trip_rate,0.0,0.0,1.0,0.0,False
81,Eastchester,7,66,26,44.570454545454545,38.18333333333334,0.3939393939393939,2026-02,unreliable_trip_rate,0.0,0.0,1.0,0.0,False
93,Flushing Meadows-Corona Park,23,33,13,18.600505050505053,16.266666666666666,0.3939393939393939,2026-02,unreliable_trip_rate,0.0,0.0,1.0,0.0,False
159,Melrose South,16,99,39,40.35606060606061,24.866666666666667,0.3939393939393939,2026-02,unreliable_trip_rate,0.0,0.0,1.0,0.0,False
210,Sheepshead Bay,14,66,26,49.5020202020202,42.29166666666667,0.3939393939393939,2026-02,unreliable_trip_rate,0.0,0.0,1.0,0.0,False
129,Jackson Heights,13,127,50,22.686614173228346,18.9,0.3937007874015748,2026-02,unreliable_trip_rate,0.0,0.0,1.0,0.0,False
129,Jackson Heights,14,127,50,27.7254593175853,23.95,0.3937007874015748,2026-02,unreliable_trip_rate,0.0,0.0,1.0,0.0,False
197,Richmond Hill,6,188,74,32.62375886524823,26.008333333333333,0.39361702127659576,2026-02,unreliable_trip_rate,0.0,0.0,1.0,0.0,False
263,Yorkville West,4,417,164,11.630415667466027,10.666666666666666,0.3932853717026379,2026-02,unreliable_trip_rate,0.0,0.0,0.8537170263788969,0.14628297362110312,False
130,Jamaica,9,89,35,37.18089887640449,26.483333333333334,0.39325842696629215,2026-02,unreliable_trip_rate,0.0,0.0,1.0,0.0,False
42,Central Harlem North,23,440,173,16.17215909090909,14.591666666666667,0.3931818181818182,2026-02,unreliable_trip_rate,0.0,0.0,0.7477272727272727,0.25227272727272726,False
72,East Flatbush/Remsen Village,10,173,68,34.906262042389216,27.45,0.3930635838150289,2026-02,unreliable_trip_rate,0.0,0.0,1.0,0.0,False
113,Greenwich Village North,3,565,222,11.409498525073747,9.116666666666667,0.3929203539823009,2026-02,unreliable_trip_rate,0.0,0.0,0.9469026548672567,0.05309734513274336,False
67,Dyker Heights,7,56,22,38.27083333333333,33.625,0.39285714285714285,2026-02,unreliable_trip_rate,0.0,0.0,1.0,0.0,False
247,West Concourse,9,84,33,27.269246031746032,20.083333333333332,0.39285714285714285,2026-02,unreliable_trip_rate,0.0,0.0,1.0,0.0,False
247,West Concourse,17,84,33,29.00218253968254,21.625,0.39285714285714285,2026-02,unreliable_trip_rate,0.0,0.0,1.0,0.0,False
145,Long Island City/Hunters Point,9,270,106,21.217962962962964,20.116666666666667,0.3925925925925926,2026-02,unreliable_trip_rate,0.0,0.0,0.8851851851851852,0.11481481481481481,False
141,Lenox Hill West,16,4236,1663,14.637295404469626,8.708333333333332,0.3925873465533522,2026-02,unreliable_trip_rate,0.0,0.0,0.14353163361661944,0.8564683663833805,False
148,Lower East Side,13,996,391,18.381827309236947,16.1,0.392570281124498,2026-02,unreliable_trip_rate,0.0,0.0,0.751004016064257,0.24899598393574296,False
39,Canarsie,17,107,42,28.60404984423676,20.083333333333332,0.3925233644859813,2026-02,unreliable_trip_rate,0.0,0.0,1.0,0.0,False
52,Cobble Hill,8,107,42,25.377570093457944,24.366666666666667,0.3925233644859813,2026-02,unreliable_trip_rate,0.0,0.0,1.0,0.0,False
91,Flatlands,15,107,42,35.60700934579439,25.4,0.3925233644859813,2026-02,unreliable_trip_rate,0.0,0.0,1.0,0.0,False
169,Mount Hope,8,107,42,34.60155763239875,25.566666666666666,0.3925233644859813,2026-02,unreliable_trip_rate,0.0,0.0,1.0,0.0,False
130,Jamaica,17,237,93,31.256047819971872,22.916666666666668,0.3924050632911392,2026-02,unreliable_trip_rate,0.0,0.0,1.0,0.0,False
10,Baisley Park,7,130,51,38.517820512820514,29.975,0.3923076923076923,2026-02,unreliable_trip_rate,0.0,0.0,1.0,0.0,False
24,Bloomingdale,1,130,51,15.365384615384615,13.65,0.3923076923076923,2026-02,unreliable_trip_rate,0.0,0.0,1.0,0.0,False
249,West Village,14,2177,854,15.775999081304548,12.166666666666666,0.39228295819935693,2026-02,unreliable_trip_rate,0.0,0.0,0.2131373449701424,0.7868626550298576,False
166,Morningside Heights,13,1216,477,19.09973958333333,16.791666666666668,0.39226973684210525,2026-02,unreliable_trip_rate,0.0,0.0,0.4868421052631579,0.5131578947368421,False
164,Midtown South,9,1966,771,14.758392675483215,12.566666666666666,0.39216683621566634,2026-02,unreliable_trip_rate,0.0,0.0,0.24109867751780265,0.7589013224821973,False
141,Lenox Hill West,13,4289,1682,14.208028289422552,8.433333333333334,0.3921660060620191,2026-02,unreliable_trip_rate,0.0,0.0,0.1261366285847517,0.8738633714152483,False
82,Elmhurst,1,51,20,16.82156862745098,12.65,0.39215686274509803,2026-02,unreliable_trip_rate,0.0,0.0,1.0,0.0,False
108,Gravesend,7,51,20,46.53562091503268,36.78333333333333,0.39215686274509803,2026-02,unreliable_trip_rate,0.0,0.0,1.0,0.0,False
119,Highbridge,8,102,40,36.375816993464056,28.175,0.39215686274509803,2026-02,unreliable_trip_rate,0.0,0.0,1.0,0.0,False
157,Maspeth,17,51,20,23.62156862745098,20.483333333333334,0.39215686274509803,2026-02,unreliable_trip_rate,0.0,0.0,1.0,0.0,False
165,Midwood,9,102,40,34.91013071895425,25.825,0.39215686274509803,2026-02,unreliable_trip_rate,0.0,0.0,1.0,0.0,False
167,Morrisania/Melrose,11,51,20,40.726143790849676,35.06666666666667,0.39215686274509803,2026-02,unreliable_trip_rate,0.0,0.0,1.0,0.0,False
95,Forest Hills,21,125,49,19.0344,16.2,0.392,2026-02,unreliable_trip_rate,0.0,0.0,1.0,0.0,False
258,Woodhaven,7,125,49,33.544133333333335,29.816666666666666,0.392,2026-02,unreliable_trip_rate,0.0,0.0,1.0,0.0,False
233,UN/Turtle Bay South,10,1661,651,16.35185631145896,14.55,0.39193257074051774,2026-02,unreliable_trip_rate,0.0,0.0,0.3341360626128838,0.6658639373871162,False
95,Forest Hills,12,74,29,33.902477477477476,31.65833333333333,0.3918918918918919,2026-02,unreliable_trip_rate,0.0,0.0,1.0,0.0,False
117,Hammels/Arverne,9,74,29,65.06689189189188,63.58333333333333,0.3918918918918919,2026-02,unreliable_trip_rate,0.0,0.0,1.0,0.0,False
210,Sheepshead Bay,12,74,29,42.019594594594594,36.925,0.3918918918918919,2026-02,unreliable_trip_rate,0.0,0.0,1.0,0.0,False
76,East New York,18,217,85,29.515207373271892,26.866666666666667,0.391705069124424,2026-02,unreliable_trip_rate,0.0,0.0,0.8341013824884793,0.16589861751152074,False
72,East Flatbush/Remsen Village,8,240,94,37.955416666666665,27.133333333333333,0.39166666666666666,2026-02,unreliable_trip_rate,0.0,0.0,1.0,0.0,False
151,Manhattan Valley,16,1788,700,14.161428038777032,11.025,0.39149888143176736,2026-02,unreliable_trip_rate,0.0,0.0,0.22762863534675615,0.7723713646532439,False
161,Midtown Center,1,769,301,13.003272648461206,10.616666666666667,0.3914174252275683,2026-02,unreliable_trip_rate,0.0,0.0,0.8244473342002601,0.1755526657997399,False
78,East Tremont,5,46,18,39.3177536231884,28.641666666666666,0.391304347826087,2026-02,unreliable_trip_rate,0.0,0.0,1.0,0.0,False
91,Flatlands,23,46,18,22.213043478260868,18.075000000000003,0.391304347826087,2026-02,unreliable_trip_rate,0.0,0.0,1.0,0.0,False
167,Morrisania/Melrose,13,46,18,38.66847826086956,34.43333333333334,0.391304347826087,2026-02,unreliable_trip_rate,0.0,0.0,1.0,0.0,False
181,Park Slope,15,184,72,35.84864130434782,27.083333333333336,0.391304347826087,2026-02,unreliable_trip_rate,0.0,0.0,1.0,0.0,False
188,Prospect-Lefferts Gardens,11,230,90,39.72782608695652,31.6,0.391304347826087,2026-02,unreliable_trip_rate,0.0,0.0,1.0,0.0,False
198,Ridgewood,9,115,45,31.695797101449276,27.483333333333334,0.391304347826087,2026-02,unreliable_trip_rate,0.0,0.0,1.0,0.0,False
227,Sunset Park East,15,46,18,40.59782608695652,32.38333333333333,0.391304347826087,2026-02,unreliable_trip_rate,0.0,0.0,1.0,0.0,False
158,Meatpacking/West Village West,9,823,322,16.064884568651276,13.166666666666666,0.39125151883353587,2026-02,unreliable_trip_rate,0.0,0.0,0.5917375455650061,0.4082624544349939,False
41,Central Harlem,23,593,232,15.595334457560426,13.866666666666667,0.3912310286677909,2026-02,unreliable_trip_rate,0.0,0.0,0.836424957841484,0.163575042158516,False
114,Greenwich Village South,14,1273,498,16.87402461377324,14.283333333333333,0.39120188531029065,2026-02,unreliable_trip_rate,0.0,0.0,0.37941869599371564,0.6205813040062844,False
48,Clinton East,16,3451,1350,16.351207379503528,12.291666666666668,0.3911909591422776,2026-02,unreliable_trip_rate,0.0,0.0,0.17038539553752535,0.8296146044624746,False
237,Upper East Side South,23,2907,1137,11.905939685815847,9.158333333333333,0.391124871001032,2026-02,unreliable_trip_rate,0.0,0.0,0.22738218094255247,0.7726178190574475,False
234,Union Sq,2,1102,431,12.952555958862675,11.225,0.3911070780399274,2026-02,unreliable_trip_rate,0.0,0.0,0.7241379310344828,0.27586206896551724,False
141,Lenox Hill West,11,4132,1616,14.170696192320102,10.833333333333334,0.3910939012584705,2026-02,unreliable_trip_rate,0.0,0.0,0.1207647628267183,0.8792352371732817,False
35,Brownsville,13,156,61,37.73878205128205,30.008333333333333,0.391025641025641,2026-02,unreliable_trip_rate,0.0,0.0,1.0,0.0,False
90,Flatiron,3,867,339,11.94996155324875,10.216666666666667,0.39100346020761245,2026-02,unreliable_trip_rate,0.0,0.0,0.903114186851211,0.09688581314878893,False
229,Sutton Place/Turtle Bay North,7,1908,746,13.468649545772188,11.95,0.3909853249475891,2026-02,unreliable_trip_rate,0.0,0.0,0.25943396226415094,0.7405660377358491,False
91,Flatlands,5,110,43,41.236969696969695,33.31666666666666,0.39090909090909093,2026-02,unreliable_trip_rate,0.0,0.0,1.0,0.0,False
164,Midtown South,4,632,247,13.664055907172994,10.916666666666668,0.39082278481012656,2026-02,unreliable_trip_rate,0.0,0.0,1.0,0.0,False
69,East Concourse/Concourse Village,13,87,34,39.49961685823755,33.18333333333333,0.39080459770114945,2026-02,unreliable_trip_rate,0.0,0.0,1.0,0.0,False
232,Two Bridges/Seward Park,18,760,297,19.889035087719297,17.041666666666668,0.3907894736842105,2026-02,unreliable_trip_rate,0.0,0.0,0.8828947368421053,0.11710526315789474,False
137,Kips Bay,1,819,320,10.754721204721205,9.95,0.3907203907203907,2026-02,unreliable_trip_rate,0.0,0.0,0.724053724053724,0.27594627594627597,False
55,Coney Island,14,64,25,47.0875,38.35,0.390625,2026-02,unreliable_trip_rate,0.0,0.0,1.0,0.0,False
230,Times Sq/Theatre District,1,1370,535,13.29604622871046,12.041666666666668,0.3905109489051095,2026-02,unreliable_trip_rate,0.0,0.0,0.6562043795620438,0.3437956204379562,False
152,Manhattanville,18,397,155,20.254114189756507,17.433333333333334,0.3904282115869018,2026-02,unreliable_trip_rate,0.0,0.0,0.924433249370277,0.07556675062972293,False
26,Borough Park,21,41,16,23.180487804878048,19.966666666666665,0.3902439024390244,2026-02,unreliable_trip_rate,0.0,0.0,1.0,0.0,False
35,Brownsville,12,164,64,38.20955284552846,31.916666666666664,0.3902439024390244,2026-02,unreliable_trip_rate,0.0,0.0,1.0,0.0,False
60,Crotona Park East,9,41,16,42.56504065040651,36.55,0.3902439024390244,2026-02,unreliable_trip_rate,0.0,0.0,1.0,0.0,False
72,East Flatbush/Remsen Village,15,123,48,30.950271002710025,21.016666666666666,0.3902439024390244,2026-02,unreliable_trip_rate,0.0,0.0,1.0,0.0,False
102,Glendale,19,41,16,22.847154471544716,19.133333333333333,0.3902439024390244,2026-02,unreliable_trip_rate,0.0,0.0,1.0,0.0,False
149,Madison,13,41,16,29.345528455284555,21.516666666666666,0.3902439024390244,2026-02,unreliable_trip_rate,0.0,0.0,1.0,0.0,False
173,North Corona,8,41,16,24.90609756097561,20.2,0.3902439024390244,2026-02,unreliable_trip_rate,0.0,0.0,1.0,0.0,False
203,Rosedale,8,41,16,58.869512195121956,55.71666666666667,0.3902439024390244,2026-02,unreliable_trip_rate,0.0,0.0,1.0,0.0,False
215,South Jamaica,6,123,48,40.85352303523035,36.333333333333336,0.3902439024390244,2026-02,unreliable_trip_rate,0.0,0.0,1.0,0.0,False
227,Sunset Park East,7,41,16,34.515447154471545,28.983333333333334,0.3902439024390244,2026-02,unreliable_trip_rate,0.0,0.0,1.0,0.0,False
242,Van Nest/Morris Park,6,41,16,41.75325203252033,36.95,0.3902439024390244,2026-02,unreliable_trip_rate,0.0,0.0,1.0,0.0,False
242,Van Nest/Morris Park,16,41,16,47.104471544715445,37.166666666666664,0.3902439024390244,2026-02,unreliable_trip_rate,0.0,0.0,1.0,0.0,False
254,Williamsbridge/Olinville,15,41,16,44.478861788617884,38.1,0.3902439024390244,2026-02,unreliable_trip_rate,0.0,0.0,1.0,0.0,False
229,Sutton Place/Turtle Bay North,12,2841,1108,16.85153701748211,13.3,0.3900035198873636,2026-02,unreliable_trip_rate,0.0,0.0,0.16930658218936995,0.8306934178106301,False
50,Clinton West,5,259,101,13.473101673101674,9.966666666666667,0.38996138996138996,2026-02,unreliable_trip_rate,0.0,0.0,1.0,0.0,False
141,Lenox Hill West,15,4550,1774,14.640857142857142,9.416666666666666,0.3898901098901099,2026-02,unreliable_trip_rate,0.0,0.0,0.129010989010989,0.8709890109890109,False
62,Crown Heights South,21,59,23,24.70677966101695,20.65,0.3898305084745763,2026-02,unreliable_trip_rate,0.0,0.0,1.0,0.0,False
63,Cypress Hills,12,59,23,37.985028248587575,32.35,0.3898305084745763,2026-02,unreliable_trip_rate,0.0,0.0,1.0,0.0,False
174,Norwood,11,59,23,50.53870056497175,44.15,0.3898305084745763,2026-02,unreliable_trip_rate,0.0,0.0,1.0,0.0,False
166,Morningside Heights,20,1619,631,17.28174799258802,15.083333333333334,0.3897467572575664,2026-02,unreliable_trip_rate,0.0,0.0,0.4218653489808524,0.5781346510191476,False
233,UN/Turtle Bay South,21,1740,678,13.126858237547893,11.733333333333333,0.3896551724137931,2026-02,unreliable_trip_rate,0.0,0.0,0.38850574712643676,0.6114942528735632,False
161,Midtown Center,8,2798,1090,14.475011913271386,10.85,0.3895639742673338,2026-02,unreliable_trip_rate,0.0,0.0,0.17369549678341673,0.8263045032165832,False
26,Borough Park,18,95,37,29.409122807017546,23.85,0.3894736842105263,2026-02,unreliable_trip_rate,0.0,0.0,1.0,0.0,False
55,Coney Island,11,95,37,47.577894736842104,43.166666666666664,0.3894736842105263,2026-02,unreliable_trip_rate,0.0,0.0,1.0,0.0,False
143,Lincoln Square West,13,2280,888,15.323340643274854,12.475,0.3894736842105263,2026-02,unreliable_trip_rate,0.0,0.0,0.23991228070175438,0.7600877192982456,False
164,Midtown South,0,2298,895,13.907608064984045,12.416666666666666,0.38946910356832026,2026-02,unreliable_trip_rate,0.0,0.0,0.3059181897302002,0.6940818102697999,False
211,SoHo,20,1818,708,15.519581958195818,13.2,0.38943894389438943,2026-02,unreliable_trip_rate,0.0,0.0,0.39163916391639164,0.6083608360836084,False
90,Flatiron,2,1094,426,12.678351614868982,11.149999999999999,0.38939670932358317,2026-02,unreliable_trip_rate,0.0,0.0,0.6727605118829981,0.3272394881170018,False
79,East Village,15,2548,992,16.898665620094192,13.783333333333333,0.3893249607535322,2026-02,unreliable_trip_rate,0.0,0.0,0.23351648351648352,0.7664835164835165,False
24,Bloomingdale,22,411,160,16.375709651257097,13.866666666666667,0.38929440389294406,2026-02,unreliable_trip_rate,0.0,0.0,0.9148418491484185,0.0851581508515815,False
74,East Harlem North,7,912,355,20.700749269005847,17.65,0.3892543859649123,2026-02,unreliable_trip_rate,0.0,0.0,0.6655701754385965,0.3344298245614035,False
231,TriBeCa/Civic Center,0,1516,590,15.027858399296393,13.95,0.3891820580474934,2026-02,unreliable_trip_rate,0.0,0.0,0.5620052770448549,0.43799472295514513,False
45,Chinatown,15,401,156,24.449875311720696,20.2,0.38902743142144636,2026-02,unreliable_trip_rate,0.0,0.0,1.0,0.0,False
246,West Chelsea/Hudson Yards,1,928,361,13.541864224137932,12.149999999999999,0.3890086206896552,2026-02,unreliable_trip_rate,0.0,0.0,0.7747844827586207,0.2252155172413793,False
74,East Harlem North,21,545,212,16.79492354740061,15.0,0.3889908256880734,2026-02,unreliable_trip_rate,0.0,0.0,0.8568807339449541,0.14311926605504588,False
24,Bloomingdale,0,216,84,16.494984567901234,13.825,0.3888888888888889,2026-02,unreliable_trip_rate,0.0,0.0,1.0,0.0,False
55,Coney Island,15,72,28,51.99675925925926,43.0,0.3888888888888889,2026-02,unreliable_trip_rate,0.0,0.0,1.0,0.0,False
69,East Concourse/Concourse Village,16,72,28,50.69722222222222,42.65,0.3888888888888889,2026-02,unreliable_trip_rate,0.0,0.0,1.0,0.0,False
72,East Flatbush/Remsen Village,16,90,35,33.3837037037037,25.85,0.3888888888888889,2026-02,unreliable_trip_rate,0.0,0.0,1.0,0.0,False
74,East Harlem North,22,576,224,16.32957175925926,15.05,0.3888888888888889,2026-02,unreliable_trip_rate,0.0,0.0,0.8177083333333334,0.18229166666666666,False
83,Elmhurst/Maspeth,13,36,14,25.819907407407406,22.96666666666667,0.3888888888888889,2026-02,unreliable_trip_rate,0.0,0.0,1.0,0.0,False
135,Kew Gardens Hills,17,36,14,27.868055555555557,21.108333333333334,0.3888888888888889,2026-02,unreliable_trip_rate,0.0,0.0,1.0,0.0,False
136,Kingsbridge Heights,16,36,14,45.10462962962963,43.90833333333333,0.3888888888888889,2026-02,unreliable_trip_rate,0.0,0.0,1.0,0.0,False
157,Maspeth,14,36,14,25.947222222222223,21.383333333333333,0.3888888888888889,2026-02,unreliable_trip_rate,0.0,0.0,1.0,0.0,False
158,Meatpacking/West Village West,5,108,42,14.403549382716049,9.208333333333332,0.3888888888888889,2026-02,unreliable_trip_rate,0.0,0.0,1.0,0.0,False
173,North Corona,0,36,14,15.17314814814815,13.941666666666666,0.3888888888888889,2026-02,unreliable_trip_rate,0.0,0.0,1.0,0.0,False
191,Queens Village,8,90,35,40.00222222222222,29.96666666666667,0.3888888888888889,2026-02,unreliable_trip_rate,0.0,0.0,1.0,0.0,False
196,Rego Park,11,36,14,38.03842592592593,33.858333333333334,0.3888888888888889,2026-02,unreliable_trip_rate,0.0,0.0,1.0,0.0,False
233,UN/Turtle Bay South,0,543,211,11.82596685082873,10.55,0.3885819521178637,2026-02,unreliable_trip_rate,0.0,0.0,0.7974217311233885,0.20257826887661143,False
137,Kips Bay,9,1606,624,16.413034454130344,14.525,0.38854296388542964,2026-02,unreliable_trip_rate,0.0,0.0,0.3904109589041096,0.6095890410958904,False
132,JFK Airport,3,399,155,21.932205513784464,20.966666666666665,0.38847117794486213,2026-02,unreliable_trip_rate,0.0,0.0,0.9172932330827067,0.08270676691729323,False
148,Lower East Side,4,1398,543,13.315271816881259,12.008333333333333,0.388412017167382,2026-02,unreliable_trip_rate,0.0,0.0,0.6509298998569385,0.3490701001430615,False
211,SoHo,13,1084,421,18.2270295202952,15.233333333333333,0.38837638376383765,2026-02,unreliable_trip_rate,0.0,0.0,0.4843173431734317,0.5156826568265682,False
76,East New York,8,487,189,41.404312114989736,35.38333333333333,0.38809034907597534,2026-02,unreliable_trip_rate,0.0,0.0,0.9034907597535934,0.09650924024640657,False
61,Crown Heights North,11,335,130,35.0228855721393,28.433333333333334,0.3880597014925373,2026-02,unreliable_trip_rate,0.0,0.0,1.0,0.0,False
177,Ocean Hill,21,67,26,28.10298507462687,24.433333333333334,0.3880597014925373,2026-02,unreliable_trip_rate,0.0,0.0,1.0,0.0,False
141,Lenox Hill West,10,3965,1538,13.873093736864229,11.666666666666666,0.38789407313997476,2026-02,unreliable_trip_rate,0.0,0.0,0.1437578814627995,0.8562421185372006,False
17,Bedford,2,49,19,18.44829931972789,16.633333333333333,0.3877551020408163,2026-02,unreliable_trip_rate,0.0,0.0,1.0,0.0,False
28,Briarwood/Jamaica Hills,23,49,19,19.43673469387755,18.833333333333332,0.3877551020408163,2026-02,unreliable_trip_rate,0.0,0.0,1.0,0.0,False
102,Glendale,7,49,19,24.810204081632655,21.0,0.3877551020408163,2026-02,unreliable_trip_rate,0.0,0.0,1.0,0.0,False
166,Morningside Heights,17,1971,764,18.433587011669204,15.866666666666667,0.3876204972095383,2026-02,unreliable_trip_rate,0.0,0.0,0.30339928970065955,0.6966007102993405,False
234,Union Sq,10,2565,994,15.138200129954514,12.025,0.3875243664717349,2026-02,unreliable_trip_rate,0.0,0.0,0.18674463937621832,0.8132553606237817,False
55,Coney Island,13,80,31,49.77375,41.40833333333333,0.3875,2026-02,unreliable_trip_rate,0.0,0.0,1.0,0.0,False
264,Unknown,19,191,74,16.29214659685864,12.0,0.387434554973822,2026-02,unreliable_trip_rate,0.0,0.0,0.5968586387434555,0.4031413612565445,False
264,Unknown,12,173,67,18.03285163776493,14.866666666666667,0.3872832369942196,2026-02,unreliable_trip_rate,0.0,0.0,0.6820809248554913,0.3179190751445087,False
233,UN/Turtle Bay South,23,922,357,12.965762834417932,11.6,0.3872017353579176,2026-02,unreliable_trip_rate,0.0,0.0,0.7060737527114967,0.29392624728850325,False
233,UN/Turtle Bay South,16,1901,736,19.31634227599509,15.65,0.3871646501841136,2026-02,unreliable_trip_rate,0.0,0.0,0.2914255654918464,0.7085744345081536,False
29,Brighton Beach,9,31,12,47.63978494623656,41.65,0.3870967741935484,2026-02,unreliable_trip_rate,0.0,0.0,1.0,0.0,False
47,Claremont/Bathgate,9,62,24,35.67795698924731,29.083333333333336,0.3870967741935484,2026-02,unreliable_trip_rate,0.0,0.0,1.0,0.0,False
65,Downtown Brooklyn/MetroTech,14,186,72,32.22401433691756,23.808333333333334,0.3870967741935484,2026-02,unreliable_trip_rate,0.0,0.0,1.0,0.0,False
121,Hillcrest/Pomonok,21,31,12,29.85,28.2,0.3870967741935484,2026-02,unreliable_trip_rate,0.0,0.0,1.0,0.0,False
167,Morrisania/Melrose,14,62,24,43.659408602150535,37.1,0.3870967741935484,2026-02,unreliable_trip_rate,0.0,0.0,1.0,0.0,False
168,Mott Haven/Port Morris,2,31,12,15.83010752688172,14.0,0.3870967741935484,2026-02,unreliable_trip_rate,0.0,0.0,1.0,0.0,False
193,Queensbridge/Ravenswood,9,124,48,26.45456989247312,23.425,0.3870967741935484,2026-02,unreliable_trip_rate,0.0,0.0,1.0,0.0,False
202,Roosevelt Island,9,31,12,34.05591397849462,30.166666666666668,0.3870967741935484,2026-02,unreliable_trip_rate,0.0,0.0,1.0,0.0,False
227,Sunset Park East,5,31,12,29.561827956989244,26.533333333333335,0.3870967741935484,2026-02,unreliable_trip_rate,0.0,0.0,1.0,0.0,False
236,Upper East Side North,1,248,96,11.346505376344087,9.116666666666667,0.3870967741935484,2026-02,unreliable_trip_rate,0.0,0.0,1.0,0.0,False
241,Van Cortlandt Village,20,31,12,29.35430107526882,19.933333333333334,0.3870967741935484,2026-02,unreliable_trip_rate,0.0,0.0,1.0,0.0,False
264,Unknown,17,248,96,16.613844086021505,11.716666666666665,0.3870967741935484,2026-02,unreliable_trip_rate,0.0,0.0,0.6169354838709677,0.38306451612903225,False
79,East Village,11,2090,809,15.932942583732057,12.966666666666667,0.38708133971291864,2026-02,unreliable_trip_rate,0.0,0.0,0.2913875598086124,0.7086124401913876,False
263,Yorkville West,15,3652,1413,14.18372581234027,10.066666666666666,0.38691128148959475,2026-02,unreliable_trip_rate,0.0,0.0,0.15306681270536693,0.8469331872946331,False
10,Baisley Park,6,137,53,43.997566909975674,37.3,0.38686131386861317,2026-02,unreliable_trip_rate,0.0,0.0,1.0,0.0,False
164,Midtown South,11,2534,980,16.571375953696396,13.5,0.3867403314917127,2026-02,unreliable_trip_rate,0.0,0.0,0.17955801104972377,0.8204419889502762,False
213,Soundview/Castle Hill,11,75,29,37.580222222222226,30.15,0.38666666666666666,2026-02,unreliable_trip_rate,0.0,0.0,1.0,0.0,False
71,East Flatbush/Farragut,16,119,46,34.70084033613445,24.5,0.3865546218487395,2026-02,unreliable_trip_rate,0.0,0.0,1.0,0.0,False
77,East New York/Pennsylvania Avenue,6,119,46,39.70420168067227,30.833333333333332,0.3865546218487395,2026-02,unreliable_trip_rate,0.0,0.0,1.0,0.0,False
235,University Heights/Morris Heights,7,119,46,38.7641456582633,30.15,0.3865546218487395,2026-02,unreliable_trip_rate,0.0,0.0,1.0,0.0,False
107,Gramercy,12,2761,1067,18.158891705903656,13.833333333333334,0.38645418326693226,2026-02,unreliable_trip_rate,0.0,0.0,0.20934444042013764,0.7906555595798623,False
63,Cypress Hills,14,44,17,28.764015151515153,25.03333333333333,0.38636363636363635,2026-02,unreliable_trip_rate,0.0,0.0,1.0,0.0,False
69,East Concourse/Concourse Village,17,88,34,41.8969696969697,27.608333333333334,0.38636363636363635,2026-02,unreliable_trip_rate,0.0,0.0,1.0,0.0,False
121,Hillcrest/Pomonok,14,44,17,45.156439393939394,35.09166666666667,0.38636363636363635,2026-02,unreliable_trip_rate,0.0,0.0,1.0,0.0,False
197,Richmond Hill,7,220,85,30.834318181818183,23.59166666666667,0.38636363636363635,2026-02,unreliable_trip_rate,0.0,0.0,1.0,0.0,False
203,Rosedale,9,44,17,58.88977272727273,59.50833333333333,0.38636363636363635,2026-02,unreliable_trip_rate,0.0,0.0,1.0,0.0,False
219,Springfield Gardens South,14,44,17,37.39545454545455,29.808333333333334,0.38636363636363635,2026-02,unreliable_trip_rate,0.0,0.0,1.0,0.0,False
91,Flatlands,7,228,88,42.22010233918128,33.19166666666666,0.38596491228070173,2026-02,unreliable_trip_rate,0.0,0.0,1.0,0.0,False
91,Flatlands,18,114,44,32.16374269005848,28.15833333333333,0.38596491228070173,2026-02,unreliable_trip_rate,0.0,0.0,1.0,0.0,False
177,Ocean Hill,4,57,22,21.936257309941517,20.183333333333334,0.38596491228070173,2026-02,unreliable_trip_rate,0.0,0.0,1.0,0.0,False
24,Bloomingdale,8,653,252,19.455946911689637,17.866666666666667,0.38591117917304746,2026-02,unreliable_trip_rate,0.0,0.0,0.6523736600306279,0.34762633996937214,False
249,West Village,9,1830,706,14.620582877959928,10.716666666666667,0.38579234972677595,2026-02,unreliable_trip_rate,0.0,0.0,0.21256830601092896,0.7874316939890711,False
114,Greenwich Village South,5,197,76,13.199069373942471,10.466666666666667,0.38578680203045684,2026-02,unreliable_trip_rate,0.0,0.0,1.0,0.0,False
137,Kips Bay,0,1418,547,12.87281382228491,11.666666666666666,0.3857545839210155,2026-02,unreliable_trip_rate,0.0,0.0,0.5705218617771509,0.4294781382228491,False
10,Baisley Park,11,70,27,37.90904761904762,31.075,0.38571428571428573,2026-02,unreliable_trip_rate,0.0,0.0,1.0,0.0,False
113,Greenwich Village North,15,2393,923,16.299066722384733,13.133333333333333,0.3857083159214375,2026-02,unreliable_trip_rate,0.0,0.0,0.2010029251984956,0.7989970748015044,False
151,Manhattan Valley,11,1616,623,14.792512376237624,12.0,0.38551980198019803,2026-02,unreliable_trip_rate,0.0,0.0,0.275990099009901,0.724009900990099,False
159,Melrose South,6,96,37,31.953645833333336,26.316666666666666,0.3854166666666667,2026-02,unreliable_trip_rate,0.0,0.0,1.0,0.0,False
226,Sunnyside,17,475,183,26.908701754385966,22.966666666666665,0.38526315789473686,2026-02,unreliable_trip_rate,0.0,0.0,0.9347368421052632,0.06526315789473684,False
177,Ocean Hill,8,296,114,36.65625,31.225,0.38513513513513514,2026-02,unreliable_trip_rate,0.0,0.0,1.0,0.0,False
234,Union Sq,11,3202,1233,16.54761607328753,12.983333333333333,0.3850718301061836,2026-02,unreliable_trip_rate,0.0,0.0,0.136789506558401,0.863210493441599,False
100,Garment District,8,1348,519,14.079055390702274,10.841666666666667,0.3850148367952522,2026-02,unreliable_trip_rate,0.0,0.0,0.3115727002967359,0.6884272997032641,False
42,Central Harlem North,11,491,189,27.2346911065852,23.766666666666666,0.384928716904277,2026-02,unreliable_trip_rate,0.0,0.0,0.9063136456211812,0.09368635437881874,False
152,Manhattanville,16,317,122,22.478811777076764,18.033333333333335,0.38485804416403785,2026-02,unreliable_trip_rate,0.0,0.0,0.8990536277602523,0.10094637223974763,False
21,Bensonhurst East,10,39,15,35.381623931623935,26.6,0.38461538461538464,2026-02,unreliable_trip_rate,0.0,0.0,1.0,0.0,False
35,Brownsville,20,65,25,28.577435897435898,21.766666666666666,0.38461538461538464,2026-02,unreliable_trip_rate,0.0,0.0,1.0,0.0,False
62,Crown Heights South,14,91,35,36.432967032967035,29.683333333333334,0.38461538461538464,2026-02,unreliable_trip_rate,0.0,0.0,1.0,0.0,False
69,East Concourse/Concourse Village,9,117,45,40.018233618233616,34.06666666666667,0.38461538461538464,2026-02,unreliable_trip_rate,0.0,0.0,1.0,0.0,False
108,Gravesend,9,52,20,40.455128205128204,33.141666666666666,0.38461538461538464,2026-02,unreliable_trip_rate,0.0,0.0,1.0,0.0,False
108,Gravesend,10,39,15,49.66410256410256,50.71666666666667,0.38461538461538464,2026-02,unreliable_trip_rate,0.0,0.0,1.0,0.0,False
121,Hillcrest/Pomonok,7,78,30,37.14316239316239,29.608333333333334,0.38461538461538464,2026-02,unreliable_trip_rate,0.0,0.0,1.0,0.0,False
125,Hudson Sq,4,169,65,14.515384615384615,11.533333333333333,0.38461538461538464,2026-02,unreliable_trip_rate,0.0,0.0,1.0,0.0,False
165,Midwood,13,117,45,32.108547008547006,25.716666666666665,0.38461538461538464,2026-02,unreliable_trip_rate,0.0,0.0,1.0,0.0,False
167,Morrisania/Melrose,15,52,20,41.23717948717949,31.975,0.38461538461538464,2026-02,unreliable_trip_rate,0.0,0.0,1.0,0.0,False
173,North Corona,20,39,15,18.752136752136753,16.833333333333332,0.38461538461538464,2026-02,unreliable_trip_rate,0.0,0.0,1.0,0.0,False
177,Ocean Hill,17,117,45,36.862535612535616,31.316666666666666,0.38461538461538464,2026-02,unreliable_trip_rate,0.0,0.0,1.0,0.0,False
196,Rego Park,14,52,20,31.203205128205127,22.041666666666668,0.38461538461538464,2026-02,unreliable_trip_rate,0.0,0.0,1.0,0.0,False
213,Soundview/Castle Hill,5,65,25,29.455641025641025,25.066666666666666,0.38461538461538464,2026-02,unreliable_trip_rate,0.0,0.0,1.0,0.0,False
227,Sunset Park East,16,39,15,44.185042735042735,30.5,0.38461538461538464,2026-02,unreliable_trip_rate,0.0,0.0,1.0,0.0,False
250,Westchester Village/Unionport,16,65,25,43.549743589743585,36.46666666666667,0.38461538461538464,2026-02,unreliable_trip_rate,0.0,0.0,1.0,0.0,False
250,Westchester Village/Unionport,18,39,15,26.453846153846154,22.616666666666667,0.38461538461538464,2026-02,unreliable_trip_rate,0.0,0.0,1.0,0.0,False
254,Williamsbridge/Olinville,18,39,15,35.72777777777778,28.1,0.38461538461538464,2026-02,unreliable_trip_rate,0.0,0.0,1.0,0.0,False
258,Woodhaven,8,117,45,28.943304843304844,23.516666666666666,0.38461538461538464,2026-02,unreliable_trip_rate,0.0,0.0,1.0,0.0,False
265,Outside of NYC,17,39,15,18.58119658119658,14.883333333333333,0.38461538461538464,2026-02,unreliable_trip_rate,0.0,0.0,1.0,0.0,False
164,Midtown South,8,1776,683,14.10023460960961,11.3,0.38457207207207206,2026-02,unreliable_trip_rate,0.0,0.0,0.24493243243243243,0.7550675675675675,False
229,Sutton Place/Turtle Bay North,2,346,133,10.792148362235068,8.983333333333334,0.38439306358381503,2026-02,unreliable_trip_rate,0.0,0.0,1.0,0.0,False
246,West Chelsea/Hudson Yards,7,817,314,17.746164830681355,14.683333333333334,0.3843329253365973,2026-02,unreliable_trip_rate,0.0,0.0,0.6634026927784578,0.33659730722154224,False
65,Downtown Brooklyn/MetroTech,16,268,103,35.57543532338309,27.933333333333334,0.3843283582089552,2026-02,unreliable_trip_rate,0.0,0.0,1.0,0.0,False
76,East New York,16,203,78,36.3059934318555,32.333333333333336,0.3842364532019704,2026-02,unreliable_trip_rate,0.0,0.0,0.8472906403940886,0.15270935960591134,False
116,Hamilton Heights,20,354,136,20.407485875706215,17.508333333333333,0.384180790960452,2026-02,unreliable_trip_rate,0.0,0.0,0.9124293785310734,0.08757062146892655,False
90,Flatiron,1,1580,607,12.973069620253165,11.683333333333334,0.3841772151898734,2026-02,unreliable_trip_rate,0.0,0.0,0.5424050632911392,0.45759493670886076,False
35,Brownsville,6,151,58,40.3967991169978,35.233333333333334,0.3841059602649007,2026-02,unreliable_trip_rate,0.0,0.0,1.0,0.0,False
14,Bay Ridge,8,138,53,34.68719806763285,30.65833333333333,0.38405797101449274,2026-02,unreliable_trip_rate,0.0,0.0,1.0,0.0,False
90,Flatiron,16,2672,1026,16.394230289421156,12.883333333333333,0.38398203592814373,2026-02,unreliable_trip_rate,0.0,0.0,0.18675149700598803,0.813248502994012,False
71,East Flatbush/Farragut,8,224,86,36.2765625,31.25,0.38392857142857145,2026-02,unreliable_trip_rate,0.0,0.0,1.0,0.0,False
141,Lenox Hill West,14,4651,1785,14.47562531355264,9.25,0.38378843259514084,2026-02,unreliable_trip_rate,0.0,0.0,0.11631907116749086,0.8836809288325091,False
25,Boerum Hill,15,185,71,39.23756756756757,30.6,0.3837837837837838,2026-02,unreliable_trip_rate,0.0,0.0,1.0,0.0,False
77,East New York/Pennsylvania Avenue,5,73,28,34.61643835616438,29.183333333333334,0.3835616438356164,2026-02,unreliable_trip_rate,0.0,0.0,1.0,0.0,False
78,East Tremont,9,73,28,46.27785388127854,38.916666666666664,0.3835616438356164,2026-02,unreliable_trip_rate,0.0,0.0,1.0,0.0,False
144,Little Italy/NoLiTa,10,545,209,16.70816513761468,14.733333333333333,0.3834862385321101,2026-02,unreliable_trip_rate,0.0,0.0,0.9321100917431193,0.06788990825688074,False
249,West Village,16,2467,946,15.903188758275908,12.3,0.38346169436562627,2026-02,unreliable_trip_rate,0.0,0.0,0.19416295095257396,0.805837049047426,False
140,Lenox Hill East,15,4990,1913,19.550083500334,14.55,0.38336673346693384,2026-02,unreliable_trip_rate,0.0,0.0,0.17675350701402806,0.823246492985972,False
14,Bay Ridge,23,60,23,20.671388888888888,18.40833333333333,0.38333333333333336,2026-02,unreliable_trip_rate,0.0,0.0,1.0,0.0,False
191,Queens Village,7,120,46,33.04208333333334,23.691666666666666,0.38333333333333336,2026-02,unreliable_trip_rate,0.0,0.0,1.0,0.0,False
164,Midtown South,12,2771,1062,17.246397209190427,13.416666666666666,0.3832551425478167,2026-02,unreliable_trip_rate,0.0,0.0,0.158065680259834,0.841934319740166,False
43,Central Park,12,2487,953,14.56249162310682,11.966666666666667,0.3831926015279453,2026-02,unreliable_trip_rate,0.0,0.0,0.182951347004423,0.817048652995577,False
14,Bay Ridge,14,107,41,40.891121495327106,34.43333333333333,0.38317757009345793,2026-02,unreliable_trip_rate,0.0,0.0,1.0,0.0,False
246,West Chelsea/Hudson Yards,23,1759,674,15.360185711578549,13.966666666666667,0.3831722569641842,2026-02,unreliable_trip_rate,0.0,0.0,0.40648095508811827,0.5935190449118818,False
72,East Flatbush/Remsen Village,21,47,18,28.74078014184397,26.35,0.3829787234042553,2026-02,unreliable_trip_rate,0.0,0.0,1.0,0.0,False
149,Madison,9,47,18,49.04893617021277,39.7,0.3829787234042553,2026-02,unreliable_trip_rate,0.0,0.0,1.0,0.0,False
196,Rego Park,22,47,18,19.414184397163122,17.05,0.3829787234042553,2026-02,unreliable_trip_rate,0.0,0.0,1.0,0.0,False
218,Springfield Gardens North,11,47,18,48.58404255319149,41.833333333333336,0.3829787234042553,2026-02,unreliable_trip_rate,0.0,0.0,1.0,0.0,False
227,Sunset Park East,12,47,18,36.96879432624113,32.43333333333333,0.3829787234042553,2026-02,unreliable_trip_rate,0.0,0.0,1.0,0.0,False
76,East New York,10,405,155,39.507407407407406,34.75,0.38271604938271603,2026-02,unreliable_trip_rate,0.0,0.0,0.8962962962962963,0.1037037037037037,False
113,Greenwich Village North,4,358,137,13.002327746741154,10.25,0.38268156424581007,2026-02,unreliable_trip_rate,0.0,0.0,1.0,0.0,False
89,Flatbush/Ditmas Park,11,196,75,39.54447278911565,30.958333333333336,0.3826530612244898,2026-02,unreliable_trip_rate,0.0,0.0,1.0,0.0,False
263,Yorkville West,10,3356,1284,13.391229638458482,9.916666666666666,0.38259833134684146,2026-02,unreliable_trip_rate,0.0,0.0,0.16388557806912993,0.83611442193087,False
7,Astoria,2,149,57,16.418232662192395,15.816666666666666,0.3825503355704698,2026-02,unreliable_trip_rate,0.0,0.0,1.0,0.0,False
35,Brownsville,14,149,57,38.66800894854586,29.833333333333332,0.3825503355704698,2026-02,unreliable_trip_rate,0.0,0.0,1.0,0.0,False
163,Midtown North,2,298,114,13.01582774049217,11.183333333333334,0.3825503355704698,2026-02,unreliable_trip_rate,0.0,0.0,1.0,0.0,False
32,Bronxdale,10,34,13,41.98529411764706,37.974999999999994,0.38235294117647056,2026-02,unreliable_trip_rate,0.0,0.0,1.0,0.0,False
71,East Flatbush/Farragut,21,34,13,28.742156862745098,25.558333333333334,0.38235294117647056,2026-02,unreliable_trip_rate,0.0,0.0,1.0,0.0,False
72,East Flatbush/Remsen Village,12,136,52,34.28406862745098,27.71666666666667,0.38235294117647056,2026-02,unreliable_trip_rate,0.0,0.0,1.0,0.0,False
131,Jamaica Estates,11,34,13,33.45833333333333,26.975,0.38235294117647056,2026-02,unreliable_trip_rate,0.0,0.0,1.0,0.0,False
160,Middle Village,9,34,13,33.3235294117647,28.141666666666666,0.38235294117647056,2026-02,unreliable_trip_rate,0.0,0.0,1.0,0.0,False
202,Roosevelt Island,22,34,13,31.602450980392156,29.9,0.38235294117647056,2026-02,unreliable_trip_rate,0.0,0.0,1.0,0.0,False
213,Soundview/Castle Hill,4,34,13,19.00392156862745,15.616666666666667,0.38235294117647056,2026-02,unreliable_trip_rate,0.0,0.0,1.0,0.0,False
215,South Jamaica,4,34,13,31.0,28.291666666666664,0.38235294117647056,2026-02,unreliable_trip_rate,0.0,0.0,1.0,0.0,False
247,West Concourse,20,68,26,19.647549019607844,15.358333333333334,0.38235294117647056,2026-02,unreliable_trip_rate,0.0,0.0,1.0,0.0,False
87,Financial District North,16,1078,412,25.769913419913422,19.358333333333334,0.3821892393320965,2026-02,unreliable_trip_rate,0.0,0.0,0.74860853432282,0.25139146567717996,False
79,East Village,10,2062,788,15.191957646298093,12.925,0.3821532492725509,2026-02,unreliable_trip_rate,0.0,0.0,0.28419010669253153,0.7158098933074685,False
209,Seaport,15,246,94,28.15948509485095,19.591666666666665,0.3821138211382114,2026-02,unreliable_trip_rate,0.0,0.0,1.0,0.0,False
22,Bensonhurst West,10,55,21,34.7,26.65,0.38181818181818183,2026-02,unreliable_trip_rate,0.0,0.0,1.0,0.0,False
169,Mount Hope,7,110,42,35.65909090909091,24.041666666666664,0.38181818181818183,2026-02,unreliable_trip_rate,0.0,0.0,1.0,0.0,False
163,Midtown North,11,3586,1369,16.18259899609593,12.366666666666667,0.38176240936977135,2026-02,unreliable_trip_rate,0.0,0.0,0.14361405465699945,0.8563859453430006,False
146,Long Island City/Queens Plaza,11,186,71,22.97921146953405,20.03333333333333,0.3817204301075269,2026-02,unreliable_trip_rate,0.0,0.0,1.0,0.0,False
68,East Chelsea,3,820,313,12.921869918699185,11.166666666666666,0.38170731707317074,2026-02,unreliable_trip_rate,0.0,0.0,0.8878048780487805,0.11219512195121951,False
130,Jamaica,21,131,50,24.03676844783715,19.483333333333334,0.3816793893129771,2026-02,unreliable_trip_rate,0.0,0.0,1.0,0.0,False
140,Lenox Hill East,13,4323,1650,17.78595111419539,14.316666666666666,0.3816793893129771,2026-02,unreliable_trip_rate,0.0,0.0,0.1621559102475133,0.8378440897524867,False
39,Canarsie,22,76,29,21.442982456140353,17.391666666666666,0.3815789473684211,2026-02,unreliable_trip_rate,0.0,0.0,1.0,0.0,False
76,East New York,19,173,66,29.828805394990365,25.266666666666666,0.3815028901734104,2026-02,unreliable_trip_rate,0.0,0.0,1.0,0.0,False
50,Clinton West,18,1746,666,15.940922107674684,14.558333333333334,0.38144329896907214,2026-02,unreliable_trip_rate,0.0,0.0,0.31844215349369986,0.6815578465063001,False
213,Soundview/Castle Hill,7,139,53,42.3947242206235,31.816666666666666,0.381294964028777,2026-02,unreliable_trip_rate,0.0,0.0,1.0,0.0,False
49,Clinton Hill,15,160,61,36.898125,29.666666666666668,0.38125,2026-02,unreliable_trip_rate,0.0,0.0,1.0,0.0,False
129,Jackson Heights,17,202,77,24.53036303630363,21.133333333333333,0.3811881188118812,2026-02,unreliable_trip_rate,0.0,0.0,1.0,0.0,False
232,Two Bridges/Seward Park,17,606,231,22.66886688668867,18.625,0.3811881188118812,2026-02,unreliable_trip_rate,0.0,0.0,0.933993399339934,0.066006600660066,False
164,Midtown South,14,3038,1158,18.283717357910906,13.716666666666665,0.38117182356813695,2026-02,unreliable_trip_rate,0.0,0.0,0.1718235681369322,0.8281764318630678,False
264,Unknown,16,223,85,20.94185351270553,16.6,0.3811659192825112,2026-02,unreliable_trip_rate,0.0,0.0,0.6367713004484304,0.3632286995515695,False
229,Sutton Place/Turtle Bay North,1,614,234,11.177062975027143,10.041666666666668,0.3811074918566775,2026-02,unreliable_trip_rate,0.0,0.0,0.8811074918566775,0.11889250814332247,False
137,Kips Bay,21,2115,806,13.27301024428684,12.25,0.38108747044917257,2026-02,unreliable_trip_rate,0.0,0.0,0.2860520094562648,0.7139479905437353,False
140,Lenox Hill East,12,4265,1625,17.985549042594766,15.05,0.3810082063305979,2026-02,unreliable_trip_rate,0.0,0.0,0.18757327080890973,0.8124267291910903,False
39,Canarsie,18,147,56,30.2297052154195,26.616666666666667,0.38095238095238093,2026-02,unreliable_trip_rate,0.0,0.0,1.0,0.0,False
43,Central Park,2,42,16,11.020238095238096,8.766666666666666,0.38095238095238093,2026-02,unreliable_trip_rate,0.0,0.0,1.0,0.0,False
78,East Tremont,11,42,16,45.22301587301587,40.03333333333333,0.38095238095238093,2026-02,unreliable_trip_rate,0.0,0.0,1.0,0.0,False
106,Gowanus,17,84,32,25.959920634920632,20.708333333333336,0.38095238095238093,2026-02,unreliable_trip_rate,0.0,0.0,1.0,0.0,False
119,Highbridge,9,63,24,37.6068783068783,30.033333333333335,0.38095238095238093,2026-02,unreliable_trip_rate,0.0,0.0,1.0,0.0,False
130,Jamaica,16,252,96,39.43624338624338,30.075,0.38095238095238093,2026-02,unreliable_trip_rate,0.0,0.0,1.0,0.0,False
185,Pelham Parkway,7,42,16,46.02142857142857,40.233333333333334,0.38095238095238093,2026-02,unreliable_trip_rate,0.0,0.0,1.0,0.0,False
197,Richmond Hill,16,168,64,41.50684523809524,38.05833333333334,0.38095238095238093,2026-02,unreliable_trip_rate,0.0,0.0,1.0,0.0,False
215,South Jamaica,9,105,40,40.61857142857143,34.983333333333334,0.38095238095238093,2026-02,unreliable_trip_rate,0.0,0.0,1.0,0.0,False
216,South Ozone Park,6,126,48,32.41256613756614,25.808333333333334,0.38095238095238093,2026-02,unreliable_trip_rate,0.0,0.0,1.0,0.0,False
79,East Village,12,2137,814,15.88255342380284,13.216666666666667,0.38090781469349555,2026-02,unreliable_trip_rate,0.0,0.0,0.23865231633130557,0.7613476836686944,False
231,TriBeCa/Civic Center,13,1893,721,20.34403944356401,16.783333333333335,0.3808769149498151,2026-02,unreliable_trip_rate,0.0,0.0,0.329635499207607,0.6703645007923931,False
43,Central Park,17,2884,1098,14.783050161812298,11.716666666666667,0.38072122052704577,2026-02,unreliable_trip_rate,0.0,0.0,0.1782246879334258,0.8217753120665742,False
26,Borough Park,8,92,35,37.58297101449275,29.03333333333333,0.3804347826086957,2026-02,unreliable_trip_rate,0.0,0.0,1.0,0.0,False
211,SoHo,9,447,170,17.771700223713648,15.033333333333333,0.38031319910514544,2026-02,unreliable_trip_rate,0.0,0.0,0.9261744966442953,0.0738255033557047,False
21,Bensonhurst East,9,71,27,41.63122065727699,33.6,0.38028169014084506,2026-02,unreliable_trip_rate,0.0,0.0,1.0,0.0,False
130,Jamaica,10,71,27,45.12136150234742,40.38333333333333,0.38028169014084506,2026-02,unreliable_trip_rate,0.0,0.0,1.0,0.0,False
155,Marine Park/Mill Basin,7,71,27,41.97816901408451,30.516666666666666,0.38028169014084506,2026-02,unreliable_trip_rate,0.0,0.0,1.0,0.0,False
212,Soundview/Bruckner,7,71,27,27.576291079812208,21.85,0.38028169014084506,2026-02,unreliable_trip_rate,0.0,0.0,1.0,0.0,False
227,Sunset Park East,8,71,27,32.85164319248826,26.116666666666667,0.38028169014084506,2026-02,unreliable_trip_rate,0.0,0.0,1.0,0.0,False
87,Financial District North,15,818,311,25.026487367563163,19.941666666666666,0.3801955990220049,2026-02,unreliable_trip_rate,0.0,0.0,0.8410757946210269,0.15892420537897312,False
142,Lincoln Square East,3,121,46,12.781542699724518,10.7,0.38016528925619836,2026-02,unreliable_trip_rate,0.0,0.0,1.0,0.0,False
151,Manhattan Valley,8,1694,644,18.345277449822905,16.09166666666667,0.38016528925619836,2026-02,unreliable_trip_rate,0.0,0.0,0.33234946871310506,0.6676505312868949,False
231,TriBeCa/Civic Center,16,2594,986,23.941576715497302,17.641666666666666,0.3801079414032382,2026-02,unreliable_trip_rate,0.0,0.0,0.27525057825751736,0.7247494217424827,False
256,Williamsburg (South Side),16,221,84,27.971191553544493,24.883333333333333,0.38009049773755654,2026-02,unreliable_trip_rate,0.0,0.0,1.0,0.0,False
89,Flatbush/Ditmas Park,0,50,19,24.879333333333335,23.558333333333334,0.38,2026-02,unreliable_trip_rate,0.0,0.0,1.0,0.0,False
97,Fort Greene,16,250,95,32.81693333333333,24.683333333333334,0.38,2026-02,unreliable_trip_rate,0.0,0.0,1.0,0.0,False
174,Norwood,9,50,19,38.76,37.141666666666666,0.38,2026-02,unreliable_trip_rate,0.0,0.0,1.0,0.0,False
174,Norwood,15,50,19,50.855,38.24166666666667,0.38,2026-02,unreliable_trip_rate,0.0,0.0,1.0,0.0,False
227,Sunset Park East,11,50,19,35.891333333333336,30.4,0.38,2026-02,unreliable_trip_rate,0.0,0.0,1.0,0.0,False
148,Lower East Side,15,1087,413,19.911514872738422,16.466666666666665,0.37994480220791166,2026-02,unreliable_trip_rate,0.0,0.0,0.7212511499540019,0.27874885004599814,False
116,Hamilton Heights,8,745,283,24.522013422818794,22.466666666666665,0.37986577181208053,2026-02,unreliable_trip_rate,0.0,0.0,0.8469798657718121,0.15302013422818792,False
262,Yorkville East,13,2801,1064,14.123545162441985,11.4,0.37986433416636917,2026-02,unreliable_trip_rate,0.0,0.0,0.17315244555515888,0.8268475544448411,False
231,TriBeCa/Civic Center,15,2185,830,22.41369183829138,17.6,0.37986270022883295,2026-02,unreliable_trip_rate,0.0,0.0,0.2764302059496567,0.7235697940503433,False
191,Queens Village,6,129,49,37.92545219638243,30.166666666666668,0.3798449612403101,2026-02,unreliable_trip_rate,0.0,0.0,1.0,0.0,False
51,Co-Op City,7,158,60,56.01075949367089,48.99166666666667,0.379746835443038,2026-02,unreliable_trip_rate,0.0,0.0,1.0,0.0,False
63,Cypress Hills,5,79,30,30.03860759493671,24.25,0.379746835443038,2026-02,unreliable_trip_rate,0.0,0.0,1.0,0.0,False
247,West Concourse,19,79,30,19.824472573839664,17.0,0.379746835443038,2026-02,unreliable_trip_rate,0.0,0.0,1.0,0.0,False
249,West Village,15,2436,925,16.100150519978108,12.75,0.3797208538587849,2026-02,unreliable_trip_rate,0.0,0.0,0.18719211822660098,0.812807881773399,False
79,East Village,16,2789,1059,16.580022708258635,13.616666666666667,0.37970598780925063,2026-02,unreliable_trip_rate,0.0,0.0,0.22337755467909645,0.7766224453209035,False
231,TriBeCa/Civic Center,12,1820,691,20.494093406593407,16.891666666666666,0.37967032967032965,2026-02,unreliable_trip_rate,0.0,0.0,0.3362637362637363,0.6637362637362637,False
231,TriBeCa/Civic Center,23,2094,795,15.490703597580389,14.216666666666667,0.37965616045845274,2026-02,unreliable_trip_rate,0.0,0.0,0.38968481375358166,0.6103151862464183,False
45,Chinatown,7,108,41,21.86743827160494,17.45,0.37962962962962965,2026-02,unreliable_trip_rate,0.0,0.0,1.0,0.0,False
4,Alphabet City,18,788,299,18.084835025380713,15.899999999999999,0.37944162436548223,2026-02,unreliable_trip_rate,0.0,0.0,0.7588832487309645,0.24111675126903553,False
72,East Flatbush/Remsen Village,9,232,88,30.220905172413794,23.200000000000003,0.3793103448275862,2026-02,unreliable_trip_rate,0.0,0.0,1.0,0.0,False
157,Maspeth,18,58,22,21.480747126436782,19.15833333333333,0.3793103448275862,2026-02,unreliable_trip_rate,0.0,0.0,1.0,0.0,False
168,Mott Haven/Port Morris,8,174,66,32.6566091954023,25.583333333333332,0.3793103448275862,2026-02,unreliable_trip_rate,0.0,0.0,1.0,0.0,False
188,Prospect-Lefferts Gardens,8,348,132,36.79913793103449,31.558333333333334,0.3793103448275862,2026-02,unreliable_trip_rate,0.0,0.0,1.0,0.0,False
210,Sheepshead Bay,16,58,22,44.924712643678156,36.4,0.3793103448275862,2026-02,unreliable_trip_rate,0.0,0.0,1.0,0.0,False
213,Soundview/Castle Hill,10,87,33,43.87528735632184,36.36666666666667,0.3793103448275862,2026-02,unreliable_trip_rate,0.0,0.0,1.0,0.0,False
65,Downtown Brooklyn/MetroTech,15,211,80,30.696445497630332,23.316666666666666,0.3791469194312796,2026-02,unreliable_trip_rate,0.0,0.0,1.0,0.0,False
163,Midtown North,10,2858,1083,16.216707487753673,13.416666666666666,0.3789363191042687,2026-02,unreliable_trip_rate,0.0,0.0,0.16270118964310706,0.8372988103568929,False
65,Downtown Brooklyn/MetroTech,12,161,61,29.664182194616977,24.383333333333333,0.37888198757763975,2026-02,unreliable_trip_rate,0.0,0.0,1.0,0.0,False
158,Meatpacking/West Village West,17,1684,638,17.579275534441805,15.3,0.37885985748218526,2026-02,unreliable_trip_rate,0.0,0.0,0.2980997624703088,0.7019002375296912,False
51,Co-Op City,8,132,50,47.32234848484848,42.983333333333334,0.3787878787878788,2026-02,unreliable_trip_rate,0.0,0.0,1.0,0.0,False
215,South Jamaica,11,66,25,45.58914141414141,41.35,0.3787878787878788,2026-02,unreliable_trip_rate,0.0,0.0,1.0,0.0,False
216,South Ozone Park,21,66,25,26.33863636363636,23.075,0.3787878787878788,2026-02,unreliable_trip_rate,0.0,0.0,1.0,0.0,False
238,Upper West Side North,21,2290,867,12.769941775836973,10.7,0.37860262008733625,2026-02,unreliable_trip_rate,0.0,0.0,0.2292576419213974,0.7707423580786026,False
39,Canarsie,10,251,95,34.505179282868525,23.15,0.3784860557768924,2026-02,unreliable_trip_rate,0.0,0.0,1.0,0.0,False
238,Upper West Side North,20,2740,1037,12.968381995133822,9.966666666666667,0.3784671532846715,2026-02,unreliable_trip_rate,0.0,0.0,0.22883211678832116,0.7711678832116788,False
56,Corona,16,37,14,31.947297297297297,25.316666666666666,0.3783783783783784,2026-02,unreliable_trip_rate,0.0,0.0,1.0,0.0,False
56,Corona,20,37,14,23.877927927927928,21.533333333333335,0.3783783783783784,2026-02,unreliable_trip_rate,0.0,0.0,1.0,0.0,False
77,East New York/Pennsylvania Avenue,9,111,42,34.290690690690695,27.583333333333332,0.3783783783783784,2026-02,unreliable_trip_rate,0.0,0.0,1.0,0.0,False
95,Forest Hills,10,74,28,37.05,32.025,0.3783783783783784,2026-02,unreliable_trip_rate,0.0,0.0,1.0,0.0,False
185,Pelham Parkway,17,37,14,40.97702702702703,32.233333333333334,0.3783783783783784,2026-02,unreliable_trip_rate,0.0,0.0,1.0,0.0,False
195,Red Hook,14,37,14,32.02117117117117,26.716666666666665,0.3783783783783784,2026-02,unreliable_trip_rate,0.0,0.0,1.0,0.0,False
196,Rego Park,12,37,14,38.43828828828829,29.266666666666666,0.3783783783783784,2026-02,unreliable_trip_rate,0.0,0.0,1.0,0.0,False
222,Starrett City,9,111,42,44.514564564564566,38.1,0.3783783783783784,2026-02,unreliable_trip_rate,0.0,0.0,1.0,0.0,False
45,Chinatown,18,489,185,19.69754601226994,16.65,0.3783231083844581,2026-02,unreliable_trip_rate,0.0,0.0,0.9243353783231084,0.07566462167689161,False
125,Hudson Sq,0,542,205,14.370295202952029,12.283333333333335,0.37822878228782286,2026-02,unreliable_trip_rate,0.0,0.0,0.9354243542435424,0.06457564575645756,False
100,Garment District,3,357,135,14.190896358543416,12.6,0.37815126050420167,2026-02,unreliable_trip_rate,0.0,0.0,1.0,0.0,False
68,East Chelsea,5,529,200,13.738626339004412,10.816666666666666,0.3780718336483932,2026-02,unreliable_trip_rate,0.0,0.0,1.0,0.0,False
228,Sunset Park West,20,82,31,24.212804878048782,22.65,0.3780487804878049,2026-02,unreliable_trip_rate,0.0,0.0,1.0,0.0,False
45,Chinatown,16,463,175,27.74521238300936,21.35,0.3779697624190065,2026-02,unreliable_trip_rate,0.0,0.0,1.0,0.0,False
35,Brownsville,9,254,96,35.836679790026245,27.983333333333334,0.3779527559055118,2026-02,unreliable_trip_rate,0.0,0.0,1.0,0.0,False
90,Flatiron,6,606,229,12.444994499449946,9.6,0.3778877887788779,2026-02,unreliable_trip_rate,0.0,0.0,0.6435643564356436,0.3564356435643564,False
78,East Tremont,14,45,17,43.242592592592594,34.75,0.37777777777777777,2026-02,unreliable_trip_rate,0.0,0.0,1.0,0.0,False
145,Long Island City/Hunters Point,10,225,85,22.16125925925926,20.316666666666666,0.37777777777777777,2026-02,unreliable_trip_rate,0.0,0.0,0.8622222222222222,0.13777777777777778,False
203,Rosedale,5,45,17,49.72296296296296,36.55,0.37777777777777777,2026-02,unreliable_trip_rate,0.0,0.0,1.0,0.0,False
205,Saint Albans,16,45,17,53.36407407407407,56.11666666666667,0.37777777777777777,2026-02,unreliable_trip_rate,0.0,0.0,1.0,0.0,False
89,Flatbush/Ditmas Park,14,188,71,35.031471631205676,28.816666666666666,0.3776595744680851,2026-02,unreliable_trip_rate,0.0,0.0,1.0,0.0,False
231,TriBeCa/Civic Center,3,519,196,13.11062941554271,11.3,0.37764932562620424,2026-02,unreliable_trip_rate,0.0,0.0,0.9075144508670521,0.09248554913294797,False
129,Jackson Heights,3,143,54,14.517249417249417,13.5,0.3776223776223776,2026-02,unreliable_trip_rate,0.0,0.0,1.0,0.0,False
26,Borough Park,12,98,37,36.802891156462586,32.69166666666666,0.37755102040816324,2026-02,unreliable_trip_rate,0.0,0.0,1.0,0.0,False
140,Lenox Hill East,20,3073,1160,13.27062588133203,11.716666666666667,0.37748128864301983,2026-02,unreliable_trip_rate,0.0,0.0,0.23983078424991863,0.7601692157500813,False
14,Bay Ridge,22,53,20,19.42735849056604,18.733333333333334,0.37735849056603776,2026-02,unreliable_trip_rate,0.0,0.0,1.0,0.0,False
18,Bedford Park,5,53,20,45.8682389937107,40.9,0.37735849056603776,2026-02,unreliable_trip_rate,0.0,0.0,1.0,0.0,False
86,Far Rockaway,8,106,40,59.37185534591195,57.00833333333333,0.37735849056603776,2026-02,unreliable_trip_rate,0.0,0.0,1.0,0.0,False
89,Flatbush/Ditmas Park,5,106,40,34.354559748427675,27.78333333333333,0.37735849056603776,2026-02,unreliable_trip_rate,0.0,0.0,1.0,0.0,False
89,Flatbush/Ditmas Park,8,387,146,39.50163652024117,33.483333333333334,0.3772609819121447,2026-02,unreliable_trip_rate,0.0,0.0,1.0,0.0,False
263,Yorkville West,13,3454,1303,13.270580003860259,9.983333333333333,0.3772437753329473,2026-02,unreliable_trip_rate,0.0,0.0,0.1537348002316155,0.8462651997683844,False
71,East Flatbush/Farragut,15,114,43,36.56681286549708,30.191666666666666,0.37719298245614036,2026-02,unreliable_trip_rate,0.0,0.0,1.0,0.0,False
100,Garment District,17,2898,1093,18.04898780768346,12.725000000000001,0.3771566597653554,2026-02,unreliable_trip_rate,0.0,0.0,0.16908212560386474,0.8309178743961353,False
144,Little Italy/NoLiTa,2,1888,712,12.238268008474575,10.666666666666666,0.3771186440677966,2026-02,unreliable_trip_rate,0.0,0.0,0.4067796610169492,0.5932203389830508,False
22,Bensonhurst West,18,61,23,26.04262295081967,19.566666666666666,0.3770491803278688,2026-02,unreliable_trip_rate,0.0,0.0,1.0,0.0,False
55,Coney Island,10,122,46,49.592622950819674,42.99166666666666,0.3770491803278688,2026-02,unreliable_trip_rate,0.0,0.0,1.0,0.0,False
55,Coney Island,18,61,23,37.35027322404372,31.066666666666666,0.3770491803278688,2026-02,unreliable_trip_rate,0.0,0.0,1.0,0.0,False
85,Erasmus,6,122,46,34.92390710382513,29.96666666666667,0.3770491803278688,2026-02,unreliable_trip_rate,0.0,0.0,1.0,0.0,False
164,Midtown South,13,2866,1080,17.404454524307976,13.308333333333334,0.3768318213538032,2026-02,unreliable_trip_rate,0.0,0.0,0.16050244242847173,0.8394975575715282,False
72,East Flatbush/Remsen Village,13,138,52,36.46727053140097,29.458333333333336,0.37681159420289856,2026-02,unreliable_trip_rate,0.0,0.0,1.0,0.0,False
193,Queensbridge/Ravenswood,17,138,52,20.258574879227055,16.2,0.37681159420289856,2026-02,unreliable_trip_rate,0.0,0.0,1.0,0.0,False
141,Lenox Hill West,4,353,133,11.894617563739377,10.283333333333333,0.37677053824362605,2026-02,unreliable_trip_rate,0.0,0.0,1.0,0.0,False
181,Park Slope,16,215,81,33.12875968992248,26.8,0.3767441860465116,2026-02,unreliable_trip_rate,0.0,0.0,1.0,0.0,False
143,Lincoln Square West,14,2408,907,15.183977021040976,11.666666666666666,0.3766611295681063,2026-02,unreliable_trip_rate,0.0,0.0,0.1897840531561462,0.8102159468438538,False
45,Chinatown,12,324,122,25.45977366255144,22.141666666666666,0.3765432098765432,2026-02,unreliable_trip_rate,0.0,0.0,1.0,0.0,False
42,Central Harlem North,10,571,215,26.017600700525392,22.833333333333332,0.37653239929947463,2026-02,unreliable_trip_rate,0.0,0.0,0.8861646234676007,0.1138353765323993,False
143,Lincoln Square West,3,85,32,12.093529411764706,9.683333333333334,0.3764705882352941,2026-02,unreliable_trip_rate,0.0,0.0,1.0,0.0,False
97,Fort Greene,10,178,67,29.13370786516854,23.441666666666666,0.37640449438202245,2026-02,unreliable_trip_rate,0.0,0.0,1.0,0.0,False
10,Baisley Park,13,93,35,40.21971326164875,35.63333333333333,0.3763440860215054,2026-02,unreliable_trip_rate,0.0,0.0,1.0,0.0,False
62,Crown Heights South,19,93,35,29.33243727598566,26.283333333333335,0.3763440860215054,2026-02,unreliable_trip_rate,0.0,0.0,1.0,0.0,False
35,Brownsville,5,101,38,29.76155115511551,23.8,0.37623762376237624,2026-02,unreliable_trip_rate,0.0,0.0,1.0,0.0,False
225,Stuyvesant Heights,14,202,76,34.08473597359736,27.616666666666667,0.37623762376237624,2026-02,unreliable_trip_rate,0.0,0.0,1.0,0.0,False
162,Midtown East,23,2347,883,12.690597926430904,10.516666666666667,0.3762249680443119,2026-02,unreliable_trip_rate,0.0,0.0,0.2582019599488709,0.7417980400511291,False
90,Flatiron,4,638,240,12.910188087774296,10.45,0.3761755485893417,2026-02,unreliable_trip_rate,0.0,0.0,1.0,0.0,False
107,Gramercy,15,3113,1171,17.81607238462362,13.283333333333333,0.376164471570832,2026-02,unreliable_trip_rate,0.0,0.0,0.16029553485383874,0.8397044651461613,False
117,Hammels/Arverne,8,109,41,61.04984709480122,57.11666666666667,0.3761467889908257,2026-02,unreliable_trip_rate,0.0,0.0,1.0,0.0,False
234,Union Sq,8,1949,733,13.17710791859073,10.816666666666666,0.37609030271934324,2026-02,unreliable_trip_rate,0.0,0.0,0.21446895844022576,0.7855310415597743,False
168,Mott Haven/Port Morris,12,117,44,28.8537037037037,21.15,0.37606837606837606,2026-02,unreliable_trip_rate,0.0,0.0,1.0,0.0,False
216,South Ozone Park,18,117,44,24.912250712250714,21.533333333333335,0.37606837606837606,2026-02,unreliable_trip_rate,0.0,0.0,1.0,0.0,False
230,Times Sq/Theatre District,14,3497,1315,21.0410733009246,13.766666666666667,0.37603660280240203,2026-02,unreliable_trip_rate,0.0,0.0,0.16757220474692594,0.8324277952530741,False
262,Yorkville East,15,3250,1222,15.085420512820514,12.566666666666666,0.376,2026-02,unreliable_trip_rate,0.0,0.0,0.1686153846153846,0.8313846153846154,False
95,Forest Hills,22,133,50,17.781453634085214,16.516666666666666,0.37593984962406013,2026-02,unreliable_trip_rate,0.0,0.0,1.0,0.0,False
233,UN/Turtle Bay South,4,133,50,12.849498746867168,10.283333333333333,0.37593984962406013,2026-02,unreliable_trip_rate,0.0,0.0,1.0,0.0,False
260,Woodside,8,141,53,28.43404255319149,26.033333333333335,0.375886524822695,2026-02,unreliable_trip_rate,0.0,0.0,1.0,0.0,False
170,Murray Hill,7,2105,791,12.218345209817894,9.983333333333333,0.37577197149643704,2026-02,unreliable_trip_rate,0.0,0.0,0.24560570071258908,0.754394299287411,False
91,Flatlands,10,173,65,40.11618497109827,32.56666666666667,0.37572254335260113,2026-02,unreliable_trip_rate,0.0,0.0,1.0,0.0,False
17,Bedford,11,205,77,32.61439024390244,26.266666666666666,0.375609756097561,2026-02,unreliable_trip_rate,0.0,0.0,1.0,0.0,False
262,Yorkville East,19,2460,924,14.419031165311653,12.175,0.375609756097561,2026-02,unreliable_trip_rate,0.0,0.0,0.26260162601626014,0.7373983739837399,False
186,Penn Station/Madison Sq West,5,1310,492,9.44969465648855,7.308333333333334,0.3755725190839695,2026-02,unreliable_trip_rate,0.0,0.0,0.3656488549618321,0.6343511450381679,False
45,Chinatown,17,482,181,24.44125172890733,19.541666666666664,0.3755186721991701,2026-02,unreliable_trip_rate,0.0,0.0,1.0,0.0,False
114,Greenwich Village South,17,1952,733,15.735724043715848,11.95,0.3755122950819672,2026-02,unreliable_trip_rate,0.0,0.0,0.24180327868852458,0.7581967213114754,False
132,JFK Airport,4,578,217,20.67782583621684,18.933333333333334,0.3754325259515571,2026-02,unreliable_trip_rate,0.0,0.0,0.903114186851211,0.09688581314878893,False
231,TriBeCa/Civic Center,10,1449,544,19.482769726247987,16.233333333333334,0.3754313319530711,2026-02,unreliable_trip_rate,0.0,0.0,0.38164251207729466,0.6183574879227053,False
19,Bellerose,14,32,12,41.52916666666667,36.90833333333333,0.375,2026-02,unreliable_trip_rate,0.0,0.0,1.0,0.0,False
39,Canarsie,14,176,66,39.080397727272725,31.933333333333334,0.375,2026-02,unreliable_trip_rate,0.0,0.0,1.0,0.0,False
47,Claremont/Bathgate,14,40,15,48.751666666666665,39.94166666666666,0.375,2026-02,unreliable_trip_rate,0.0,0.0,1.0,0.0,False
52,Cobble Hill,13,48,18,29.180208333333336,24.075000000000003,0.375,2026-02,unreliable_trip_rate,0.0,0.0,1.0,0.0,False
55,Coney Island,4,32,12,26.013020833333332,22.34166666666667,0.375,2026-02,unreliable_trip_rate,0.0,0.0,1.0,0.0,False
56,Corona,17,48,18,26.931944444444444,23.175,0.375,2026-02,unreliable_trip_rate,0.0,0.0,1.0,0.0,False
71,East Flatbush/Farragut,6,184,69,40.055615942028986,35.608333333333334,0.375,2026-02,unreliable_trip_rate,0.0,0.0,1.0,0.0,False
83,Elmhurst/Maspeth,23,40,15,15.477083333333335,14.95,0.375,2026-02,unreliable_trip_rate,0.0,0.0,1.0,0.0,False
85,Erasmus,10,72,27,35.68796296296296,27.616666666666667,0.375,2026-02,unreliable_trip_rate,0.0,0.0,1.0,0.0,False
85,Erasmus,22,40,15,23.465833333333332,20.308333333333334,0.375,2026-02,unreliable_trip_rate,0.0,0.0,1.0,0.0,False
86,Far Rockaway,16,40,15,62.91416666666667,66.03333333333333,0.375,2026-02,unreliable_trip_rate,0.0,0.0,1.0,0.0,False
90,Flatiron,0,2040,765,13.554468954248366,12.133333333333333,0.375,2026-02,unreliable_trip_rate,0.0,0.0,0.33676470588235297,0.663235294117647,False
106,Gowanus,11,56,21,29.570535714285715,24.383333333333333,0.375,2026-02,unreliable_trip_rate,0.0,0.0,1.0,0.0,False
123,Homecrest,13,72,27,39.597685185185185,31.575000000000003,0.375,2026-02,unreliable_trip_rate,0.0,0.0,1.0,0.0,False
131,Jamaica Estates,7,64,24,39.2234375,34.58333333333333,0.375,2026-02,unreliable_trip_rate,0.0,0.0,1.0,0.0,False
134,Kew Gardens,18,56,21,22.14345238095238,18.866666666666667,0.375,2026-02,unreliable_trip_rate,0.0,0.0,1.0,0.0,False
136,Kingsbridge Heights,11,32,12,50.518229166666664,39.25833333333333,0.375,2026-02,unreliable_trip_rate,0.0,0.0,1.0,0.0,False
166,Morningside Heights,10,864,324,18.222916666666666,16.05,0.375,2026-02,unreliable_trip_rate,0.0,0.0,0.5416666666666666,0.4583333333333333,False
167,Morrisania/Melrose,17,48,18,30.308333333333334,26.925,0.375,2026-02,unreliable_trip_rate,0.0,0.0,1.0,0.0,False
167,Morrisania/Melrose,20,32,12,29.00625,24.991666666666667,0.375,2026-02,unreliable_trip_rate,0.0,0.0,1.0,0.0,False
169,Mount Hope,22,32,12,17.880729166666665,14.3,0.375,2026-02,unreliable_trip_rate,0.0,0.0,1.0,0.0,False
197,Richmond Hill,17,80,30,21.913958333333333,17.525,0.375,2026-02,unreliable_trip_rate,0.0,0.0,1.0,0.0,False
198,Ridgewood,12,64,24,28.358854166666667,23.425,0.375,2026-02,unreliable_trip_rate,0.0,0.0,1.0,0.0,False
208,Schuylerville/Edgewater Park,10,32,12,42.1609375,36.99166666666667,0.375,2026-02,unreliable_trip_rate,0.0,0.0,1.0,0.0,False
215,South Jamaica,5,40,15,32.42041666666667,25.541666666666664,0.375,2026-02,unreliable_trip_rate,0.0,0.0,1.0,0.0,False
216,South Ozone Park,19,64,24,27.425520833333334,24.433333333333334,0.375,2026-02,unreliable_trip_rate,0.0,0.0,1.0,0.0,False
217,South Williamsburg,13,40,15,31.589999999999996,22.816666666666666,0.375,2026-02,unreliable_trip_rate,0.0,0.0,1.0,0.0,False
219,Springfield Gardens South,8,56,21,43.519642857142856,36.88333333333333,0.375,2026-02,unreliable_trip_rate,0.0,0.0,1.0,0.0,False
219,Springfield Gardens South,17,32,12,36.35572916666667,31.025,0.375,2026-02,unreliable_trip_rate,0.0,0.0,1.0,0.0,False
223,Steinway,8,160,60,29.368854166666665,26.56666666666667,0.375,2026-02,unreliable_trip_rate,0.0,0.0,1.0,0.0,False
225,Stuyvesant Heights,4,104,39,23.95384615384615,20.95,0.375,2026-02,unreliable_trip_rate,0.0,0.0,1.0,0.0,False
237,Upper East Side South,4,192,72,11.531944444444443,8.891666666666666,0.375,2026-02,unreliable_trip_rate,0.0,0.0,1.0,0.0,False
254,Williamsbridge/Olinville,17,48,18,38.13368055555556,33.650000000000006,0.375,2026-02,unreliable_trip_rate,0.0,0.0,1.0,0.0,False
260,Woodside,16,144,54,22.19074074074074,19.508333333333333,0.375,2026-02,unreliable_trip_rate,0.0,0.0,1.0,0.0,False
140,Lenox Hill East,14,4641,1740,18.834776987718165,15.083333333333334,0.3749191984486102,2026-02,unreliable_trip_rate,0.0,0.0,0.17410040939452703,0.8258995906054729,False
166,Morningside Heights,8,1019,382,19.713411841674844,17.7,0.3748773307163886,2026-02,unreliable_trip_rate,0.0,0.0,0.47791952894995093,0.5220804710500491,False
137,Kips Bay,8,1774,665,15.748553175497934,13.716666666666665,0.37485907553551295,2026-02,unreliable_trip_rate,0.0,0.0,0.32807215332581735,0.6719278466741826,False
263,Yorkville West,12,3406,1276,13.681057936973968,10.0,0.37463300058719906,2026-02,unreliable_trip_rate,0.0,0.0,0.14709336465061656,0.8529066353493835,False
140,Lenox Hill East,10,3796,1422,16.081985423252547,14.133333333333333,0.3746048472075869,2026-02,unreliable_trip_rate,0.0,0.0,0.1696522655426765,0.8303477344573235,False
107,Gramercy,0,2403,900,12.457379664308503,11.266666666666667,0.37453183520599254,2026-02,unreliable_trip_rate,0.0,0.0,0.2846441947565543,0.7153558052434457,False
132,JFK Airport,6,3305,1237,35.534674735249624,32.233333333333334,0.37428139183055975,2026-02,unreliable_trip_rate,0.0,0.0,0.5609682299546143,0.4390317700453858,False
129,Jackson Heights,9,163,61,27.594580777096116,25.7,0.37423312883435583,2026-02,unreliable_trip_rate,0.0,0.0,1.0,0.0,False
211,SoHo,12,898,336,19.214458054936895,15.933333333333334,0.3741648106904232,2026-02,unreliable_trip_rate,0.0,0.0,0.5579064587973274,0.4420935412026726,False
239,Upper West Side South,23,1935,724,12.921283376399655,10.95,0.37416020671834627,2026-02,unreliable_trip_rate,0.0,0.0,0.3095607235142119,0.6904392764857881,False
42,Central Harlem North,7,973,364,24.47444330250086,21.633333333333333,0.37410071942446044,2026-02,unreliable_trip_rate,0.0,0.0,0.7019527235354573,0.29804727646454265,False
167,Morrisania/Melrose,7,139,52,37.59484412470024,32.7,0.37410071942446044,2026-02,unreliable_trip_rate,0.0,0.0,1.0,0.0,False
79,East Village,14,2355,881,16.78283085633404,13.683333333333334,0.3740976645435244,2026-02,unreliable_trip_rate,0.0,0.0,0.24033970276008493,0.7596602972399151,False
163,Midtown North,12,3871,1448,16.84287005941617,14.016666666666667,0.3740635494704211,2026-02,unreliable_trip_rate,0.0,0.0,0.12296564195298372,0.8770343580470162,False
50,Clinton West,22,1040,389,15.783798076923079,14.25,0.37403846153846154,2026-02,unreliable_trip_rate,0.0,0.0,0.6913461538461538,0.30865384615384617,False
141,Lenox Hill West,2,385,144,10.514069264069263,9.766666666666667,0.37402597402597404,2026-02,unreliable_trip_rate,0.0,0.0,0.8935064935064935,0.10649350649350649,False
263,Yorkville West,16,3672,1373,13.731976216412491,9.658333333333333,0.3739106753812636,2026-02,unreliable_trip_rate,0.0,0.0,0.14787581699346405,0.8521241830065359,False
77,East New York/Pennsylvania Avenue,10,99,37,38.72205387205387,33.03333333333333,0.37373737373737376,2026-02,unreliable_trip_rate,0.0,0.0,1.0,0.0,False
216,South Ozone Park,13,99,37,29.98148148148148,25.216666666666665,0.37373737373737376,2026-02,unreliable_trip_rate,0.0,0.0,1.0,0.0,False
151,Manhattan Valley,9,1659,620,16.03690978501105,13.383333333333333,0.37371910789632307,2026-02,unreliable_trip_rate,0.0,0.0,0.2899336949969861,0.7100663050030138,False
143,Lincoln Square West,10,2336,873,14.976847888127853,13.225,0.3737157534246575,2026-02,unreliable_trip_rate,0.0,0.0,0.206763698630137,0.793236301369863,False
159,Melrose South,17,91,34,35.98498168498168,26.25,0.37362637362637363,2026-02,unreliable_trip_rate,0.0,0.0,1.0,0.0,False
248,West Farms/Bronx River,8,91,34,33.665018315018315,23.983333333333334,0.37362637362637363,2026-02,unreliable_trip_rate,0.0,0.0,1.0,0.0,False
168,Mott Haven/Port Morris,16,174,65,31.714176245210727,23.233333333333334,0.3735632183908046,2026-02,unreliable_trip_rate,0.0,0.0,1.0,0.0,False
22,Bensonhurst West,8,83,31,39.34357429718875,30.883333333333333,0.37349397590361444,2026-02,unreliable_trip_rate,0.0,0.0,1.0,0.0,False
170,Murray Hill,0,1920,717,12.680633680555555,11.5,0.3734375,2026-02,unreliable_trip_rate,0.0,0.0,0.3614583333333333,0.6385416666666667,False
231,TriBeCa/Civic Center,4,466,174,12.787124463519314,10.741666666666667,0.37339055793991416,2026-02,unreliable_trip_rate,0.0,0.0,0.9206008583690987,0.07939914163090128,False
43,Central Park,14,3064,1144,15.870109878154919,13.383333333333333,0.3733681462140992,2026-02,unreliable_trip_rate,0.0,0.0,0.14588772845953002,0.85411227154047,False
137,Kips Bay,22,2151,803,13.438098558809855,11.933333333333334,0.37331473733147374,2026-02,unreliable_trip_rate,0.0,0.0,0.31520223152022314,0.6847977684797768,False
68,East Chelsea,0,2502,934,15.125879296562749,13.566666666666666,0.3733013589128697,2026-02,unreliable_trip_rate,0.0,0.0,0.3041566746602718,0.6958433253397283,False
113,Greenwich Village North,23,2486,928,14.006965674443551,11.075,0.37329042638777155,2026-02,unreliable_trip_rate,0.0,0.0,0.2666934835076428,0.7333065164923572,False
233,UN/Turtle Bay South,8,1535,573,14.815016286644951,13.283333333333333,0.3732899022801303,2026-02,unreliable_trip_rate,0.0,0.0,0.30749185667752443,0.6925081433224756,False
234,Union Sq,7,1093,408,12.53860933211345,9.85,0.37328453796889294,2026-02,unreliable_trip_rate,0.0,0.0,0.5068618481244281,0.4931381518755718,False
246,West Chelsea/Hudson Yards,11,2288,854,17.770418123543124,15.016666666666667,0.3732517482517482,2026-02,unreliable_trip_rate,0.0,0.0,0.17657342657342656,0.8234265734265734,False
35,Brownsville,15,134,50,35.71529850746269,27.166666666666664,0.373134328358209,2026-02,unreliable_trip_rate,0.0,0.0,1.0,0.0,False
77,East New York/Pennsylvania Avenue,17,67,25,36.67985074626866,28.85,0.373134328358209,2026-02,unreliable_trip_rate,0.0,0.0,1.0,0.0,False
92,Flushing,12,67,25,41.34129353233831,36.25,0.373134328358209,2026-02,unreliable_trip_rate,0.0,0.0,1.0,0.0,False
114,Greenwich Village South,4,536,200,13.133924129353234,10.925,0.373134328358209,2026-02,unreliable_trip_rate,0.0,0.0,0.9347014925373134,0.06529850746268656,False
133,Kensington,18,67,25,21.597512437810945,19.133333333333333,0.373134328358209,2026-02,unreliable_trip_rate,0.0,0.0,1.0,0.0,False
4,Alphabet City,21,595,222,15.840980392156862,14.5,0.373109243697479,2026-02,unreliable_trip_rate,0.0,0.0,0.8689075630252101,0.13109243697478992,False
41,Central Harlem,1,193,72,14.748359240069085,13.55,0.37305699481865284,2026-02,unreliable_trip_rate,0.0,0.0,1.0,0.0,False
62,Crown Heights South,9,185,69,33.31612612612613,28.45,0.372972972972973,2026-02,unreliable_trip_rate,0.0,0.0,1.0,0.0,False
95,Forest Hills,17,185,69,28.47126126126126,24.183333333333334,0.372972972972973,2026-02,unreliable_trip_rate,0.0,0.0,1.0,0.0,False
71,East Flatbush/Farragut,19,59,22,33.01751412429378,26.633333333333333,0.3728813559322034,2026-02,unreliable_trip_rate,0.0,0.0,1.0,0.0,False
191,Queens Village,5,59,22,43.0954802259887,34.083333333333336,0.3728813559322034,2026-02,unreliable_trip_rate,0.0,0.0,1.0,0.0,False
223,Steinway,15,118,44,29.56045197740113,25.883333333333333,0.3728813559322034,2026-02,unreliable_trip_rate,0.0,0.0,1.0,0.0,False
35,Brownsville,8,271,101,36.663837638376386,32.483333333333334,0.3726937269372694,2026-02,unreliable_trip_rate,0.0,0.0,1.0,0.0,False
4,Alphabet City,1,1315,490,14.048415716096326,13.033333333333333,0.3726235741444867,2026-02,unreliable_trip_rate,0.0,0.0,0.5391634980988593,0.46083650190114067,False
65,Downtown Brooklyn/MetroTech,11,153,57,26.665032679738562,22.383333333333333,0.37254901960784315,2026-02,unreliable_trip_rate,0.0,0.0,1.0,0.0,False
127,Inwood,15,102,38,32.53186274509804,23.733333333333334,0.37254901960784315,2026-02,unreliable_trip_rate,0.0,0.0,1.0,0.0,False
157,Maspeth,9,51,19,21.80686274509804,16.883333333333333,0.37254901960784315,2026-02,unreliable_trip_rate,0.0,0.0,1.0,0.0,False
4,Alphabet City,3,647,241,13.356156620298814,11.933333333333334,0.37248840803709427,2026-02,unreliable_trip_rate,0.0,0.0,0.8114374034003091,0.18856259659969088,False
107,Gramercy,10,2449,912,15.317129440587996,12.5,0.37239689669252757,2026-02,unreliable_trip_rate,0.0,0.0,0.20947325438954675,0.7905267456104532,False
163,Midtown North,8,1896,706,14.304623769338958,11.466666666666667,0.37236286919831224,2026-02,unreliable_trip_rate,0.0,0.0,0.18143459915611815,0.8185654008438819,False
127,Inwood,14,94,35,34.223581560283684,27.3,0.3723404255319149,2026-02,unreliable_trip_rate,0.0,0.0,1.0,0.0,False
129,Jackson Heights,16,137,51,26.57360097323601,22.883333333333333,0.3722627737226277,2026-02,unreliable_trip_rate,0.0,0.0,1.0,0.0,False
12,Battery Park,13,43,16,21.8531007751938,17.666666666666668,0.37209302325581395,2026-02,unreliable_trip_rate,0.0,0.0,1.0,0.0,False
29,Brighton Beach,13,43,16,41.68178294573643,34.8,0.37209302325581395,2026-02,unreliable_trip_rate,0.0,0.0,1.0,0.0,False
121,Hillcrest/Pomonok,9,43,16,41.665503875968994,36.43333333333333,0.37209302325581395,2026-02,unreliable_trip_rate,0.0,0.0,1.0,0.0,False
200,Riverdale/North Riverdale/Fieldston,17,43,16,30.766666666666666,25.95,0.37209302325581395,2026-02,unreliable_trip_rate,0.0,0.0,1.0,0.0,False
225,Stuyvesant Heights,16,172,64,37.419864341085265,30.2,0.37209302325581395,2026-02,unreliable_trip_rate,0.0,0.0,1.0,0.0,False
42,Central Harlem North,22,465,173,17.31695340501792,15.566666666666666,0.3720430107526882,2026-02,unreliable_trip_rate,0.0,0.0,0.9354838709677419,0.06451612903225806,False
42,Central Harlem North,12,586,218,26.01003981797497,22.0,0.3720136518771331,2026-02,unreliable_trip_rate,0.0,0.0,0.8686006825938567,0.13139931740614336,False
25,Boerum Hill,9,164,61,26.46880081300813,23.15833333333333,0.3719512195121951,2026-02,unreliable_trip_rate,0.0,0.0,1.0,0.0,False
76,East New York,21,121,45,26.999586776859502,23.666666666666668,0.371900826446281,2026-02,unreliable_trip_rate,0.0,0.0,1.0,0.0,False
246,West Chelsea/Hudson Yards,0,1124,418,15.154774614472124,13.691666666666666,0.3718861209964413,2026-02,unreliable_trip_rate,0.0,0.0,0.6983985765124555,0.3016014234875445,False
181,Park Slope,14,156,58,34.11933760683761,28.55,0.3717948717948718,2026-02,unreliable_trip_rate,0.0,0.0,1.0,0.0,False
212,Soundview/Bruckner,6,78,29,28.863247863247864,22.433333333333334,0.3717948717948718,2026-02,unreliable_trip_rate,0.0,0.0,1.0,0.0,False
62,Crown Heights South,13,113,42,37.647197640117994,33.8,0.37168141592920356,2026-02,unreliable_trip_rate,0.0,0.0,1.0,0.0,False
76,East New York,22,113,42,20.141592920353983,16.483333333333334,0.37168141592920356,2026-02,unreliable_trip_rate,0.0,0.0,1.0,0.0,False
132,JFK Airport,2,654,243,23.07018348623853,21.491666666666667,0.37155963302752293,2026-02,unreliable_trip_rate,0.0,0.0,0.863914373088685,0.13608562691131498,False
18,Bedford Park,16,35,13,35.25238095238095,26.233333333333334,0.37142857142857144,2026-02,unreliable_trip_rate,0.0,0.0,1.0,0.0,False
43,Central Park,5,70,26,14.556904761904763,10.075,0.37142857142857144,2026-02,unreliable_trip_rate,0.0,0.0,1.0,0.0,False
134,Kew Gardens,17,70,26,23.37238095238095,19.483333333333334,0.37142857142857144,2026-02,unreliable_trip_rate,0.0,0.0,1.0,0.0,False
155,Marine Park/Mill Basin,11,70,26,40.832857142857144,29.05,0.37142857142857144,2026-02,unreliable_trip_rate,0.0,0.0,1.0,0.0,False
174,Norwood,16,35,13,34.26571428571428,32.25,0.37142857142857144,2026-02,unreliable_trip_rate,0.0,0.0,1.0,0.0,False
182,Parkchester,6,140,52,38.330238095238094,32.475,0.37142857142857144,2026-02,unreliable_trip_rate,0.0,0.0,1.0,0.0,False
197,Richmond Hill,23,70,26,16.016190476190474,14.341666666666667,0.37142857142857144,2026-02,unreliable_trip_rate,0.0,0.0,1.0,0.0,False
241,Van Cortlandt Village,15,35,13,38.05285714285714,34.7,0.37142857142857144,2026-02,unreliable_trip_rate,0.0,0.0,1.0,0.0,False
257,Windsor Terrace,10,35,13,34.84714285714286,28.933333333333334,0.37142857142857144,2026-02,unreliable_trip_rate,0.0,0.0,1.0,0.0,False
144,Little Italy/NoLiTa,12,1080,401,18.990787037037038,16.458333333333332,0.3712962962962963,2026-02,unreliable_trip_rate,0.0,0.0,0.5925925925925926,0.4074074074074074,False
68,East Chelsea,9,2783,1033,16.80426997245179,14.15,0.3711821775062882,2026-02,unreliable_trip_rate,0.0,0.0,0.15810276679841898,0.841897233201581,False
237,Upper East Side South,2,326,121,10.676738241308794,8.8,0.37116564417177916,2026-02,unreliable_trip_rate,0.0,0.0,1.0,0.0,False
161,Midtown Center,0,1983,736,13.068297192805513,11.083333333333334,0.37115481593545135,2026-02,unreliable_trip_rate,0.0,0.0,0.32778618255168934,0.6722138174483107,False
229,Sutton Place/Turtle Bay North,22,2363,877,12.793482860770208,11.166666666666666,0.3711383834109183,2026-02,unreliable_trip_rate,0.0,0.0,0.25095217943292425,0.7490478205670758,False
71,East Flatbush/Farragut,18,97,36,30.480068728522337,23.633333333333333,0.3711340206185567,2026-02,unreliable_trip_rate,0.0,0.0,1.0,0.0,False
218,Springfield Gardens North,8,97,36,52.65085910652921,51.5,0.3711340206185567,2026-02,unreliable_trip_rate,0.0,0.0,1.0,0.0,False
80,East Williamsburg,12,124,46,26.886827956989247,22.95,0.3709677419354839,2026-02,unreliable_trip_rate,0.0,0.0,1.0,0.0,False
211,SoHo,10,515,191,17.688996763754048,14.466666666666667,0.37087378640776697,2026-02,unreliable_trip_rate,0.0,0.0,0.8621359223300971,0.1378640776699029,False
236,Upper East Side North,22,2961,1098,12.373224135990094,9.583333333333334,0.3708206686930091,2026-02,unreliable_trip_rate,0.0,0.0,0.20972644376899696,0.790273556231003,False
82,Elmhurst,14,89,33,31.641385767790265,27.633333333333333,0.3707865168539326,2026-02,unreliable_trip_rate,0.0,0.0,1.0,0.0,False
161,Midtown Center,7,1721,638,12.509432500484214,9.283333333333333,0.37071470075537477,2026-02,unreliable_trip_rate,0.0,0.0,0.24346310284718187,0.7565368971528181,False
254,Williamsbridge/Olinville,5,116,43,39.45158045977011,35.8,0.3706896551724138,2026-02,unreliable_trip_rate,0.0,0.0,1.0,0.0,False
69,East Concourse/Concourse Village,14,54,20,39.763888888888886,30.283333333333335,0.37037037037037035,2026-02,unreliable_trip_rate,0.0,0.0,1.0,0.0,False
71,East Flatbush/Farragut,7,216,80,46.3224537037037,41.25,0.37037037037037035,2026-02,unreliable_trip_rate,0.0,0.0,1.0,0.0,False
78,East Tremont,10,54,20,48.23765432098766,43.083333333333336,0.37037037037037035,2026-02,unreliable_trip_rate,0.0,0.0,1.0,0.0,False
81,Eastchester,6,54,20,38.665432098765436,35.91666666666667,0.37037037037037035,2026-02,unreliable_trip_rate,0.0,0.0,1.0,0.0,False
82,Elmhurst,21,189,70,18.13862433862434,16.216666666666665,0.37037037037037035,2026-02,unreliable_trip_rate,0.0,0.0,1.0,0.0,False
134,Kew Gardens,15,54,20,26.659259259259258,19.566666666666666,0.37037037037037035,2026-02,unreliable_trip_rate,0.0,0.0,1.0,0.0,False
179,Old Astoria,15,135,50,27.86864197530864,26.05,0.37037037037037035,2026-02,unreliable_trip_rate,0.0,0.0,1.0,0.0,False
197,Richmond Hill,3,54,20,18.631481481481483,17.15,0.37037037037037035,2026-02,unreliable_trip_rate,0.0,0.0,1.0,0.0,False
258,Woodhaven,9,81,30,29.030041152263376,23.383333333333333,0.37037037037037035,2026-02,unreliable_trip_rate,0.0,0.0,1.0,0.0,False
232,Two Bridges/Seward Park,16,424,157,25.167216981132075,19.533333333333335,0.37028301886792453,2026-02,unreliable_trip_rate,0.0,0.0,1.0,0.0,False
45,Chinatown,0,370,137,15.557747747747747,14.325,0.37027027027027026,2026-02,unreliable_trip_rate,0.0,0.0,0.9027027027027027,0.0972972972972973,False
43,Central Park,13,2631,974,15.52614975294565,13.033333333333333,0.37020144431774993,2026-02,unreliable_trip_rate,0.0,0.0,0.16419612314709237,0.8358038768529077,False
148,Lower East Side,14,1094,405,19.882449725776965,16.78333333333333,0.3702010968921389,2026-02,unreliable_trip_rate,0.0,0.0,0.6837294332723949,0.3162705667276051,False
17,Bedford,10,208,77,27.660496794871793,25.375,0.3701923076923077,2026-02,unreliable_trip_rate,0.0,0.0,1.0,0.0,False
146,Long Island City/Queens Plaza,15,154,57,29.581385281385284,23.09166666666667,0.37012987012987014,2026-02,unreliable_trip_rate,0.0,0.0,1.0,0.0,False
144,Little Italy/NoLiTa,0,2221,822,13.323232778027917,11.966666666666667,0.37010355695632596,2026-02,unreliable_trip_rate,0.0,0.0,0.3133723547951373,0.6866276452048626,False
17,Bedford,17,254,94,34.54685039370079,29.85,0.3700787401574803,2026-02,unreliable_trip_rate,0.0,0.0,1.0,0.0,False
263,Yorkville West,22,2897,1072,12.336894488551374,10.266666666666667,0.37003797031411806,2026-02,unreliable_trip_rate,0.0,0.0,0.237141870900932,0.762858129099068,False
216,South Ozone Park,9,100,37,30.586833333333335,22.71666666666667,0.37,2026-02,unreliable_trip_rate,0.0,0.0,1.0,0.0,False
213,Soundview/Castle Hill,13,73,27,35.05410958904109,28.8,0.3698630136986301,2026-02,unreliable_trip_rate,0.0,0.0,1.0,0.0,False
177,Ocean Hill,10,192,71,36.23246527777778,28.891666666666666,0.3697916666666667,2026-02,unreliable_trip_rate,0.0,0.0,1.0,0.0,False
10,Baisley Park,8,138,51,38.78055555555555,31.625,0.3695652173913043,2026-02,unreliable_trip_rate,0.0,0.0,1.0,0.0,False
26,Borough Park,13,92,34,41.37590579710145,33.43333333333334,0.3695652173913043,2026-02,unreliable_trip_rate,0.0,0.0,1.0,0.0,False
85,Erasmus,8,138,51,38.81002415458937,34.15,0.3695652173913043,2026-02,unreliable_trip_rate,0.0,0.0,1.0,0.0,False
91,Flatlands,6,138,51,47.630072463768116,43.50833333333333,0.3695652173913043,2026-02,unreliable_trip_rate,0.0,0.0,1.0,0.0,False
182,Parkchester,14,46,17,41.46340579710145,34.75833333333333,0.3695652173913043,2026-02,unreliable_trip_rate,0.0,0.0,1.0,0.0,False
208,Schuylerville/Edgewater Park,7,46,17,47.44420289855073,43.641666666666666,0.3695652173913043,2026-02,unreliable_trip_rate,0.0,0.0,1.0,0.0,False
231,TriBeCa/Civic Center,11,1702,629,20.17854484919702,16.541666666666668,0.3695652173913043,2026-02,unreliable_trip_rate,0.0,0.0,0.3108108108108108,0.6891891891891891,False
235,University Heights/Morris Heights,17,46,17,35.71340579710145,28.40833333333333,0.3695652173913043,2026-02,unreliable_trip_rate,0.0,0.0,1.0,0.0,False
225,Stuyvesant Heights,11,249,92,35.83708165997322,31.5,0.36947791164658633,2026-02,unreliable_trip_rate,0.0,0.0,1.0,0.0,False
82,Elmhurst,15,111,41,31.80885885885886,24.3,0.36936936936936937,2026-02,unreliable_trip_rate,0.0,0.0,1.0,0.0,False
89,Flatbush/Ditmas Park,13,222,82,34.78911411411411,29.016666666666666,0.36936936936936937,2026-02,unreliable_trip_rate,0.0,0.0,1.0,0.0,False
223,Steinway,9,111,41,26.35345345345345,24.0,0.36936936936936937,2026-02,unreliable_trip_rate,0.0,0.0,1.0,0.0,False
213,Soundview/Castle Hill,6,176,65,39.358617424242425,35.25833333333333,0.3693181818181818,2026-02,unreliable_trip_rate,0.0,0.0,1.0,0.0,False
63,Cypress Hills,16,65,24,32.83974358974359,26.233333333333334,0.36923076923076925,2026-02,unreliable_trip_rate,0.0,0.0,1.0,0.0,False
246,West Chelsea/Hudson Yards,9,1365,504,17.666019536019533,16.15,0.36923076923076925,2026-02,unreliable_trip_rate,0.0,0.0,0.3282051282051282,0.6717948717948717,False
188,Prospect-Lefferts Gardens,10,233,86,35.54935622317596,30.333333333333332,0.36909871244635195,2026-02,unreliable_trip_rate,0.0,0.0,1.0,0.0,False
26,Borough Park,17,84,31,28.164484126984128,22.525,0.36904761904761907,2026-02,unreliable_trip_rate,0.0,0.0,1.0,0.0,False
91,Flatlands,16,84,31,40.7734126984127,34.900000000000006,0.36904761904761907,2026-02,unreliable_trip_rate,0.0,0.0,1.0,0.0,False
157,Maspeth,8,84,31,22.809722222222224,19.316666666666666,0.36904761904761907,2026-02,unreliable_trip_rate,0.0,0.0,1.0,0.0,False
210,Sheepshead Bay,11,84,31,40.98154761904762,35.15,0.36904761904761907,2026-02,unreliable_trip_rate,0.0,0.0,1.0,0.0,False
216,South Ozone Park,23,84,31,20.704761904761906,19.34166666666667,0.36904761904761907,2026-02,unreliable_trip_rate,0.0,0.0,1.0,0.0,False
262,Yorkville East,2,84,31,10.446428571428571,9.816666666666666,0.36904761904761907,2026-02,unreliable_trip_rate,0.0,0.0,1.0,0.0,False
132,JFK Airport,9,3030,1118,41.515814081408145,36.733333333333334,0.368976897689769,2026-02,unreliable_trip_rate,0.0,0.0,0.635973597359736,0.36402640264026404,False
4,Alphabet City,12,393,145,19.010729431721796,16.033333333333335,0.36895674300254455,2026-02,unreliable_trip_rate,0.0,0.0,1.0,0.0,False
177,Ocean Hill,7,206,76,36.03470873786408,31.5,0.36893203883495146,2026-02,unreliable_trip_rate,0.0,0.0,1.0,0.0,False
233,UN/Turtle Bay South,3,103,38,12.607605177993527,11.616666666666667,0.36893203883495146,2026-02,unreliable_trip_rate,0.0,0.0,1.0,0.0,False
45,Chinatown,9,225,83,20.749925925925925,18.033333333333335,0.3688888888888889,2026-02,unreliable_trip_rate,0.0,0.0,1.0,0.0,False
170,Murray Hill,9,3614,1333,15.399474266740453,13.55,0.36884338682899837,2026-02,unreliable_trip_rate,0.0,0.0,0.16159380188157166,0.8384061981184283,False
4,Alphabet City,2,1063,392,13.745061147695202,12.3,0.36876763875823143,2026-02,unreliable_trip_rate,0.0,0.0,0.691439322671684,0.3085606773283161,False
61,Crown Heights North,8,518,191,37.14723294723294,33.016666666666666,0.3687258687258687,2026-02,unreliable_trip_rate,0.0,0.0,1.0,0.0,False
230,Times Sq/Theatre District,8,2238,825,16.189104855525766,10.233333333333334,0.36863270777479895,2026-02,unreliable_trip_rate,0.0,0.0,0.22832886505808758,0.7716711349419124,False
163,Midtown North,23,2751,1014,14.17824427480916,11.925,0.3685932388222465,2026-02,unreliable_trip_rate,0.0,0.0,0.2450018175209015,0.7549981824790986,False
141,Lenox Hill West,3,350,129,10.440095238095237,9.383333333333333,0.36857142857142855,2026-02,unreliable_trip_rate,0.0,0.0,1.0,0.0,False
229,Sutton Place/Turtle Bay North,9,2746,1012,15.912011410536538,13.266666666666666,0.3685360524399126,2026-02,unreliable_trip_rate,0.0,0.0,0.15222141296431171,0.8477785870356883,False
148,Lower East Side,17,1506,555,18.649922532093846,15.633333333333333,0.36852589641434264,2026-02,unreliable_trip_rate,0.0,0.0,0.45285524568393093,0.547144754316069,False
40,Carroll Gardens,11,38,14,21.068859649122807,18.59166666666667,0.3684210526315789,2026-02,unreliable_trip_rate,0.0,0.0,1.0,0.0,False
45,Chinatown,10,228,84,21.397368421052633,18.25,0.3684210526315789,2026-02,unreliable_trip_rate,0.0,0.0,1.0,0.0,False
51,Co-Op City,18,57,21,29.126900584795322,22.1,0.3684210526315789,2026-02,unreliable_trip_rate,0.0,0.0,1.0,0.0,False
56,Corona,12,38,14,45.77412280701755,39.40833333333333,0.3684210526315789,2026-02,unreliable_trip_rate,0.0,0.0,1.0,0.0,False
65,Downtown Brooklyn/MetroTech,21,171,63,20.82777777777778,19.416666666666668,0.3684210526315789,2026-02,unreliable_trip_rate,0.0,0.0,1.0,0.0,False
66,DUMBO/Vinegar Hill,12,133,49,22.770050125313283,19.983333333333334,0.3684210526315789,2026-02,unreliable_trip_rate,0.0,0.0,1.0,0.0,False
152,Manhattanville,2,38,14,15.274122807017543,13.641666666666666,0.3684210526315789,2026-02,unreliable_trip_rate,0.0,0.0,1.0,0.0,False
198,Ridgewood,18,152,56,26.814144736842106,24.441666666666666,0.3684210526315789,2026-02,unreliable_trip_rate,0.0,0.0,1.0,0.0,False
222,Starrett City,14,57,21,46.15584795321637,41.96666666666667,0.3684210526315789,2026-02,unreliable_trip_rate,0.0,0.0,1.0,0.0,False
235,University Heights/Morris Heights,13,57,21,43.75964912280702,35.3,0.3684210526315789,2026-02,unreliable_trip_rate,0.0,0.0,1.0,0.0,False
264,Unknown,0,76,28,15.05482456140351,14.833333333333332,0.3684210526315789,2026-02,unreliable_trip_rate,0.0,0.0,0.5921052631578947,0.40789473684210525,False
140,Lenox Hill East,11,4159,1532,17.65767812775507,15.116666666666667,0.36835777831209426,2026-02,unreliable_trip_rate,0.0,0.0,0.15003606636210629,0.8499639336378937,False
100,Garment District,2,486,179,14.505589849108366,13.166666666666668,0.3683127572016461,2026-02,unreliable_trip_rate,0.0,0.0,1.0,0.0,False
45,Chinatown,11,296,109,25.320889639639642,21.191666666666666,0.36824324324324326,2026-02,unreliable_trip_rate,0.0,0.0,1.0,0.0,False
89,Flatbush/Ditmas Park,6,239,88,44.846722454672246,36.85,0.3682008368200837,2026-02,unreliable_trip_rate,0.0,0.0,1.0,0.0,False
137,Kips Bay,6,910,335,12.299725274725274,9.858333333333334,0.36813186813186816,2026-02,unreliable_trip_rate,0.0,0.0,0.7395604395604396,0.26043956043956046,False
197,Richmond Hill,8,182,67,28.532967032967033,23.083333333333332,0.36813186813186816,2026-02,unreliable_trip_rate,0.0,0.0,1.0,0.0,False
76,East New York,20,163,60,31.2398773006135,26.6,0.36809815950920244,2026-02,unreliable_trip_rate,0.0,0.0,1.0,0.0,False
163,Midtown North,7,1141,420,13.2174262342974,10.1,0.36809815950920244,2026-02,unreliable_trip_rate,0.0,0.0,0.37949167397020156,0.6205083260297984,False
61,Crown Heights North,9,538,198,33.49485749690211,29.141666666666666,0.3680297397769517,2026-02,unreliable_trip_rate,0.0,0.0,1.0,0.0,False
151,Manhattan Valley,18,2152,792,14.481141573729865,12.025,0.3680297397769517,2026-02,unreliable_trip_rate,0.0,0.0,0.241635687732342,0.758364312267658,False
143,Lincoln Square West,4,106,39,16.181132075471698,12.458333333333332,0.36792452830188677,2026-02,unreliable_trip_rate,0.0,0.0,1.0,0.0,False
243,Washington Heights North,17,212,78,23.992138364779873,22.008333333333333,0.36792452830188677,2026-02,unreliable_trip_rate,0.0,0.0,1.0,0.0,False
144,Little Italy/NoLiTa,23,2327,856,14.385331614381892,12.366666666666667,0.36785560807907175,2026-02,unreliable_trip_rate,0.0,0.0,0.30210571551353677,0.6978942844864633,False
125,Hudson Sq,1,367,135,13.876385104450499,12.166666666666666,0.3678474114441417,2026-02,unreliable_trip_rate,0.0,0.0,0.9182561307901907,0.08174386920980926,False
49,Clinton Hill,10,174,64,30.88074712643678,26.958333333333332,0.367816091954023,2026-02,unreliable_trip_rate,0.0,0.0,1.0,0.0,False
228,Sunset Park West,12,87,32,30.70785440613027,26.8,0.367816091954023,2026-02,unreliable_trip_rate,0.0,0.0,1.0,0.0,False
148,Lower East Side,18,2004,737,17.082451763140384,14.791666666666668,0.36776447105788423,2026-02,unreliable_trip_rate,0.0,0.0,0.3527944111776447,0.6472055888223552,False
91,Flatlands,12,155,57,36.4236559139785,30.35,0.36774193548387096,2026-02,unreliable_trip_rate,0.0,0.0,1.0,0.0,False
24,Bloomingdale,4,68,25,14.1,12.383333333333333,0.36764705882352944,2026-02,unreliable_trip_rate,0.0,0.0,1.0,0.0,False
33,Brooklyn Heights,13,204,75,30.930637254901963,25.558333333333334,0.36764705882352944,2026-02,unreliable_trip_rate,0.0,0.0,1.0,0.0,False
83,Elmhurst/Maspeth,18,68,25,23.871323529411764,20.133333333333333,0.36764705882352944,2026-02,unreliable_trip_rate,0.0,0.0,1.0,0.0,False
126,Hunts Point,8,68,25,28.44607843137255,24.391666666666666,0.36764705882352944,2026-02,unreliable_trip_rate,0.0,0.0,1.0,0.0,False
244,Washington Heights South,16,487,179,23.505441478439423,21.05,0.3675564681724846,2026-02,unreliable_trip_rate,0.0,0.0,0.9363449691991786,0.06365503080082136,False
69,East Concourse/Concourse Village,10,117,43,43.791880341880336,36.65,0.36752136752136755,2026-02,unreliable_trip_rate,0.0,0.0,1.0,0.0,False
95,Forest Hills,16,117,43,30.422222222222224,22.433333333333334,0.36752136752136755,2026-02,unreliable_trip_rate,0.0,0.0,1.0,0.0,False
7,Astoria,14,283,104,25.833568904593637,22.566666666666666,0.3674911660777385,2026-02,unreliable_trip_rate,0.0,0.0,1.0,0.0,False
246,West Chelsea/Hudson Yards,8,1543,567,17.25748541801685,15.55,0.3674659753726507,2026-02,unreliable_trip_rate,0.0,0.0,0.29747245625405055,0.7025275437459495,False
21,Bensonhurst East,11,49,18,34.99863945578232,28.85,0.3673469387755102,2026-02,unreliable_trip_rate,0.0,0.0,1.0,0.0,False
22,Bensonhurst West,13,49,18,36.624149659863946,25.816666666666666,0.3673469387755102,2026-02,unreliable_trip_rate,0.0,0.0,1.0,0.0,False
29,Brighton Beach,14,49,18,39.42482993197279,37.583333333333336,0.3673469387755102,2026-02,unreliable_trip_rate,0.0,0.0,1.0,0.0,False
51,Co-Op City,13,49,18,54.72687074829932,47.15,0.3673469387755102,2026-02,unreliable_trip_rate,0.0,0.0,1.0,0.0,False
52,Cobble Hill,12,49,18,23.060884353741496,21.25,0.3673469387755102,2026-02,unreliable_trip_rate,0.0,0.0,1.0,0.0,False
133,Kensington,19,49,18,21.282653061224487,18.333333333333332,0.3673469387755102,2026-02,unreliable_trip_rate,0.0,0.0,1.0,0.0,False
147,Longwood,6,49,18,41.97142857142857,36.916666666666664,0.3673469387755102,2026-02,unreliable_trip_rate,0.0,0.0,1.0,0.0,False
167,Morrisania/Melrose,19,49,18,27.501020408163264,20.733333333333334,0.3673469387755102,2026-02,unreliable_trip_rate,0.0,0.0,1.0,0.0,False
211,SoHo,7,245,90,15.89986394557823,13.333333333333334,0.3673469387755102,2026-02,unreliable_trip_rate,0.0,0.0,1.0,0.0,False
220,Spuyten Duyvil/Kingsbridge,19,49,18,22.122108843537415,19.833333333333332,0.3673469387755102,2026-02,unreliable_trip_rate,0.0,0.0,1.0,0.0,False
241,Van Cortlandt Village,17,49,18,38.3391156462585,33.516666666666666,0.3673469387755102,2026-02,unreliable_trip_rate,0.0,0.0,1.0,0.0,False
261,World Trade Center,3,49,18,17.137755102040817,15.783333333333333,0.3673469387755102,2026-02,unreliable_trip_rate,0.0,0.0,1.0,0.0,False
232,Two Bridges/Seward Park,20,599,220,17.618391764051196,15.866666666666667,0.3672787979966611,2026-02,unreliable_trip_rate,0.0,0.0,0.9131886477462438,0.08681135225375626,False
45,Chinatown,21,629,231,17.415606783253843,16.416666666666668,0.3672496025437202,2026-02,unreliable_trip_rate,0.0,0.0,0.904610492845787,0.09538950715421304,False
216,South Ozone Park,8,207,76,32.44975845410628,25.233333333333334,0.3671497584541063,2026-02,unreliable_trip_rate,0.0,0.0,1.0,0.0,False
13,Battery Park City,10,711,261,19.339779653070792,15.816666666666666,0.3670886075949367,2026-02,unreliable_trip_rate,0.0,0.0,0.7665260196905767,0.23347398030942335,False
17,Bedford,16,158,58,32.36149789029536,26.708333333333332,0.3670886075949367,2026-02,unreliable_trip_rate,0.0,0.0,1.0,0.0,False
95,Forest Hills,8,158,58,35.78945147679325,33.05,0.3670886075949367,2026-02,unreliable_trip_rate,0.0,0.0,1.0,0.0,False
188,Prospect-Lefferts Gardens,13,248,91,34.74811827956989,26.625,0.36693548387096775,2026-02,unreliable_trip_rate,0.0,0.0,1.0,0.0,False
164,Midtown South,5,439,161,12.71211085801063,10.166666666666666,0.36674259681093396,2026-02,unreliable_trip_rate,0.0,0.0,1.0,0.0,False
107,Gramercy,14,2975,1091,17.75952380952381,13.625,0.36672268907563027,2026-02,unreliable_trip_rate,0.0,0.0,0.16638655462184873,0.8336134453781513,False
124,Howard Beach,13,30,11,27.849444444444444,26.78333333333333,0.36666666666666664,2026-02,unreliable_trip_rate,0.0,0.0,1.0,0.0,False
150,Manhattan Beach,8,30,11,41.97611111111111,36.575,0.36666666666666664,2026-02,unreliable_trip_rate,0.0,0.0,1.0,0.0,False
160,Middle Village,16,30,11,35.371111111111105,32.825,0.36666666666666664,2026-02,unreliable_trip_rate,0.0,0.0,1.0,0.0,False
180,Ozone Park,22,30,11,19.87222222222222,18.016666666666666,0.36666666666666664,2026-02,unreliable_trip_rate,0.0,0.0,1.0,0.0,False
227,Sunset Park East,6,30,11,40.352777777777774,33.275,0.36666666666666664,2026-02,unreliable_trip_rate,0.0,0.0,1.0,0.0,False
258,Woodhaven,15,30,11,33.94777777777778,24.525,0.36666666666666664,2026-02,unreliable_trip_rate,0.0,0.0,1.0,0.0,False
162,Midtown East,11,4307,1578,17.394458633232723,14.216666666666665,0.3663803111214302,2026-02,unreliable_trip_rate,0.0,0.0,0.12421639192013002,0.87578360807987,False
28,Briarwood/Jamaica Hills,8,71,26,28.7962441314554,22.016666666666666,0.36619718309859156,2026-02,unreliable_trip_rate,0.0,0.0,1.0,0.0,False
114,Greenwich Village South,9,620,227,15.041505376344086,12.358333333333334,0.36612903225806454,2026-02,unreliable_trip_rate,0.0,0.0,0.7935483870967742,0.2064516129032258,False
114,Greenwich Village South,18,2647,969,15.073737564538472,11.116666666666667,0.36607480166225914,2026-02,unreliable_trip_rate,0.0,0.0,0.20627125047223271,0.7937287495277673,False
260,Woodside,20,112,41,18.98690476190476,16.75,0.36607142857142855,2026-02,unreliable_trip_rate,0.0,0.0,1.0,0.0,False
91,Flatlands,14,153,56,32.840196078431376,25.8,0.3660130718954248,2026-02,unreliable_trip_rate,0.0,0.0,1.0,0.0,False
89,Flatbush/Ditmas Park,10,246,90,37.76842818428184,31.35,0.36585365853658536,2026-02,unreliable_trip_rate,0.0,0.0,1.0,0.0,False
169,Mount Hope,20,41,15,27.697967479674794,24.966666666666665,0.36585365853658536,2026-02,unreliable_trip_rate,0.0,0.0,1.0,0.0,False
185,Pelham Parkway,8,41,15,48.5760162601626,43.65,0.36585365853658536,2026-02,unreliable_trip_rate,0.0,0.0,1.0,0.0,False
210,Sheepshead Bay,19,41,15,27.621544715447154,18.366666666666667,0.36585365853658536,2026-02,unreliable_trip_rate,0.0,0.0,1.0,0.0,False
234,Union Sq,3,618,226,12.635005393743258,10.35,0.3656957928802589,2026-02,unreliable_trip_rate,0.0,0.0,0.9466019417475728,0.05339805825242718,False
35,Brownsville,17,134,49,35.23097014925373,25.458333333333332,0.3656716417910448,2026-02,unreliable_trip_rate,0.0,0.0,1.0,0.0,False
89,Flatbush/Ditmas Park,18,227,83,29.23201174743025,25.75,0.3656387665198238,2026-02,unreliable_trip_rate,0.0,0.0,1.0,0.0,False
77,East New York/Pennsylvania Avenue,11,93,34,43.215770609318994,34.55,0.3655913978494624,2026-02,unreliable_trip_rate,0.0,0.0,1.0,0.0,False
263,Yorkville West,21,3305,1208,11.956036308623297,10.183333333333334,0.3655068078668684,2026-02,unreliable_trip_rate,0.0,0.0,0.20030257186081693,0.7996974281391831,False
230,Times Sq/Theatre District,9,2717,993,17.065151515151516,12.333333333333334,0.36547662863452335,2026-02,unreliable_trip_rate,0.0,0.0,0.18770702981229298,0.8122929701877071,False
170,Murray Hill,3,353,129,12.054154863078375,9.833333333333334,0.3654390934844193,2026-02,unreliable_trip_rate,0.0,0.0,1.0,0.0,False
234,Union Sq,12,3667,1340,16.818139260067266,13.0,0.3654213253340605,2026-02,unreliable_trip_rate,0.0,0.0,0.12326152167984729,0.8767384783201527,False
143,Lincoln Square West,17,2983,1090,14.281009051290647,11.483333333333334,0.3654039557492457,2026-02,unreliable_trip_rate,0.0,0.0,0.21119678176332551,0.7888032182366745,False
50,Clinton West,7,884,323,15.355392156862745,13.425,0.36538461538461536,2026-02,unreliable_trip_rate,0.0,0.0,0.6855203619909502,0.31447963800904977,False
116,Hamilton Heights,19,416,152,19.494671474358974,16.766666666666666,0.36538461538461536,2026-02,unreliable_trip_rate,0.0,0.0,1.0,0.0,False
168,Mott Haven/Port Morris,15,156,57,28.838141025641026,23.4,0.36538461538461536,2026-02,unreliable_trip_rate,0.0,0.0,1.0,0.0,False
195,Red Hook,16,52,19,36.490064102564105,32.03333333333333,0.36538461538461536,2026-02,unreliable_trip_rate,0.0,0.0,1.0,0.0,False
197,Richmond Hill,21,52,19,19.464743589743588,16.691666666666666,0.36538461538461536,2026-02,unreliable_trip_rate,0.0,0.0,1.0,0.0,False
247,West Concourse,21,52,19,24.539102564102564,15.925,0.36538461538461536,2026-02,unreliable_trip_rate,0.0,0.0,1.0,0.0,False
107,Gramercy,23,3145,1149,13.07009009009009,11.258333333333333,0.36534181240063596,2026-02,unreliable_trip_rate,0.0,0.0,0.22670906200317964,0.7732909379968204,False
75,East Harlem South,6,854,312,16.022014051522248,13.183333333333334,0.36533957845433257,2026-02,unreliable_trip_rate,0.0,0.0,0.7142857142857143,0.2857142857142857,False
148,Lower East Side,12,849,310,18.23286219081272,15.883333333333333,0.3651354534746761,2026-02,unreliable_trip_rate,0.0,0.0,0.7703180212014135,0.22968197879858657,False
63,Cypress Hills,13,63,23,32.41640211640212,27.2,0.36507936507936506,2026-02,unreliable_trip_rate,0.0,0.0,1.0,0.0,False
250,Westchester Village/Unionport,8,63,23,36.32089947089947,31.6,0.36507936507936506,2026-02,unreliable_trip_rate,0.0,0.0,1.0,0.0,False
264,Unknown,18,274,100,16.594343065693433,12.625,0.36496350364963503,2026-02,unreliable_trip_rate,0.0,0.0,0.5802919708029197,0.4197080291970803,False
25,Boerum Hill,17,285,104,29.07017543859649,23.0,0.3649122807017544,2026-02,unreliable_trip_rate,0.0,0.0,1.0,0.0,False
45,Chinatown,14,370,135,24.188198198198197,19.958333333333336,0.36486486486486486,2026-02,unreliable_trip_rate,0.0,0.0,1.0,0.0,False
48,Clinton East,17,3835,1399,15.791464580617124,11.6,0.3647979139504563,2026-02,unreliable_trip_rate,0.0,0.0,0.15958279009126466,0.8404172099087354,False
26,Borough Park,14,85,31,37.749607843137255,30.916666666666668,0.36470588235294116,2026-02,unreliable_trip_rate,0.0,0.0,1.0,0.0,False
68,East Chelsea,7,1500,547,15.50358888888889,12.791666666666668,0.36466666666666664,2026-02,unreliable_trip_rate,0.0,0.0,0.36866666666666664,0.6313333333333333,False
177,Ocean Hill,16,107,39,37.62866043613707,32.18333333333333,0.3644859813084112,2026-02,unreliable_trip_rate,0.0,0.0,1.0,0.0,False
143,Lincoln Square West,16,2635,960,14.804237824161921,12.291666666666666,0.36432637571157495,2026-02,unreliable_trip_rate,0.0,0.0,0.19468690702087288,0.8053130929791271,False
100,Garment District,18,3099,1129,16.531773690437777,11.05,0.3643110680864795,2026-02,unreliable_trip_rate,0.0,0.0,0.17037754114230397,0.829622458857696,False
179,Old Astoria,16,140,51,27.82940476190476,25.53333333333333,0.36428571428571427,2026-02,unreliable_trip_rate,0.0,0.0,1.0,0.0,False
264,Unknown,20,151,55,14.286534216335543,11.35,0.36423841059602646,2026-02,unreliable_trip_rate,0.0,0.0,0.6490066225165563,0.3509933774834437,False
211,SoHo,3,324,118,12.965946502057612,11.183333333333334,0.36419753086419754,2026-02,unreliable_trip_rate,0.0,0.0,1.0,0.0,False
50,Clinton West,1,368,134,13.526539855072462,12.15,0.3641304347826087,2026-02,unreliable_trip_rate,0.0,0.0,1.0,0.0,False
97,Fort Greene,13,206,75,31.494174757281556,26.6,0.3640776699029126,2026-02,unreliable_trip_rate,0.0,0.0,1.0,0.0,False
68,East Chelsea,11,3774,1374,19.545707472178062,16.90833333333333,0.3640699523052464,2026-02,unreliable_trip_rate,0.0,0.0,0.13089560148383678,0.8691043985161632,False
231,TriBeCa/Civic Center,9,1379,502,18.364358230601887,15.533333333333333,0.3640319071791153,2026-02,unreliable_trip_rate,0.0,0.0,0.3604060913705584,0.6395939086294417,False
141,Lenox Hill West,9,3948,1437,13.89601908139142,11.383333333333333,0.3639817629179331,2026-02,unreliable_trip_rate,0.0,0.0,0.11448834853090173,0.8855116514690983,False
4,Alphabet City,19,797,290,16.66202425763279,15.166666666666666,0.36386449184441655,2026-02,unreliable_trip_rate,0.0,0.0,0.671267252195734,0.328732747804266,False
262,Yorkville East,23,525,191,12.961238095238095,11.95,0.3638095238095238,2026-02,unreliable_trip_rate,0.0,0.0,0.9028571428571428,0.09714285714285714,False
230,Times Sq/Theatre District,15,3931,1430,19.47705418468583,13.133333333333333,0.3637751208343933,2026-02,unreliable_trip_rate,0.0,0.0,0.12973798015772067,0.8702620198422794,False
11,Bath Beach,8,33,12,41.04040404040404,29.6,0.36363636363636365,2026-02,unreliable_trip_rate,0.0,0.0,1.0,0.0,False
14,Bay Ridge,17,110,40,37.75787878787879,33.35,0.36363636363636365,2026-02,unreliable_trip_rate,0.0,0.0,1.0,0.0,False
18,Bedford Park,14,44,16,60.12916666666667,55.641666666666666,0.36363636363636365,2026-02,unreliable_trip_rate,0.0,0.0,1.0,0.0,False
18,Bedford Park,17,33,12,31.26868686868687,27.05,0.36363636363636365,2026-02,unreliable_trip_rate,0.0,0.0,1.0,0.0,False
21,Bensonhurst East,14,44,16,46.50530303030303,35.5,0.36363636363636365,2026-02,unreliable_trip_rate,0.0,0.0,1.0,0.0,False
22,Bensonhurst West,15,44,16,33.540151515151514,27.03333333333333,0.36363636363636365,2026-02,unreliable_trip_rate,0.0,0.0,1.0,0.0,False
32,Bronxdale,16,33,12,49.0540404040404,49.11666666666667,0.36363636363636365,2026-02,unreliable_trip_rate,0.0,0.0,1.0,0.0,False
62,Crown Heights South,17,110,40,34.213787878787876,29.78333333333333,0.36363636363636365,2026-02,unreliable_trip_rate,0.0,0.0,1.0,0.0,False
65,Downtown Brooklyn/MetroTech,9,132,48,25.18901515151515,20.325,0.36363636363636365,2026-02,unreliable_trip_rate,0.0,0.0,1.0,0.0,False
78,East Tremont,15,44,16,44.43939393939394,33.175,0.36363636363636365,2026-02,unreliable_trip_rate,0.0,0.0,1.0,0.0,False
81,Eastchester,10,44,16,38.05984848484849,32.825,0.36363636363636365,2026-02,unreliable_trip_rate,0.0,0.0,1.0,0.0,False
82,Elmhurst,10,44,16,30.224242424242423,25.825000000000003,0.36363636363636365,2026-02,unreliable_trip_rate,0.0,0.0,1.0,0.0,False
119,Highbridge,12,33,12,40.734848484848484,35.55,0.36363636363636365,2026-02,unreliable_trip_rate,0.0,0.0,1.0,0.0,False
133,Kensington,10,55,20,38.32606060606061,29.816666666666666,0.36363636363636365,2026-02,unreliable_trip_rate,0.0,0.0,1.0,0.0,False
149,Madison,15,44,16,32.06969696969697,24.316666666666666,0.36363636363636365,2026-02,unreliable_trip_rate,0.0,0.0,1.0,0.0,False
165,Midwood,12,99,36,40.374242424242425,33.2,0.36363636363636365,2026-02,unreliable_trip_rate,0.0,0.0,1.0,0.0,False
189,Prospect Heights,15,88,32,34.61287878787879,28.766666666666666,0.36363636363636365,2026-02,unreliable_trip_rate,0.0,0.0,1.0,0.0,False
191,Queens Village,16,33,12,51.16919191919192,46.13333333333333,0.36363636363636365,2026-02,unreliable_trip_rate,0.0,0.0,1.0,0.0,False
193,Queensbridge/Ravenswood,18,143,52,20.569580419580422,18.683333333333334,0.36363636363636365,2026-02,unreliable_trip_rate,0.0,0.0,1.0,0.0,False
213,Soundview/Castle Hill,17,44,16,26.63939393939394,20.75,0.36363636363636365,2026-02,unreliable_trip_rate,0.0,0.0,1.0,0.0,False
218,Springfield Gardens North,10,55,20,52.985454545454544,52.8,0.36363636363636365,2026-02,unreliable_trip_rate,0.0,0.0,1.0,0.0,False
236,Upper East Side North,2,132,48,10.640530303030303,10.641666666666666,0.36363636363636365,2026-02,unreliable_trip_rate,0.0,0.0,1.0,0.0,False
260,Woodside,13,77,28,25.6978354978355,21.166666666666668,0.36363636363636365,2026-02,unreliable_trip_rate,0.0,0.0,1.0,0.0,False
260,Woodside,19,154,56,18.920238095238094,16.90833333333333,0.36363636363636365,2026-02,unreliable_trip_rate,0.0,0.0,1.0,0.0,False
264,Unknown,5,33,12,20.9020202020202,19.883333333333333,0.36363636363636365,2026-02,unreliable_trip_rate,0.0,0.0,1.0,0.0,False
163,Midtown North,1,677,246,12.678803545051698,10.633333333333333,0.36336779911373707,2026-02,unreliable_trip_rate,0.0,0.0,0.9556868537666174,0.04431314623338257,False
68,East Chelsea,8,2631,956,16.254123907259597,13.9,0.3633599391866211,2026-02,unreliable_trip_rate,0.0,0.0,0.18662105663245915,0.8133789433675409,False
158,Meatpacking/West Village West,20,1858,675,15.586822748475063,14.391666666666666,0.36329386437029065,2026-02,unreliable_trip_rate,0.0,0.0,0.30570505920344454,0.6942949407965554,False
7,Astoria,16,347,126,25.989865513928915,24.166666666666668,0.3631123919308357,2026-02,unreliable_trip_rate,0.0,0.0,0.9077809798270894,0.09221902017291066,False
100,Garment District,20,2330,846,14.724556509299,11.65,0.3630901287553648,2026-02,unreliable_trip_rate,0.0,0.0,0.23133047210300428,0.7686695278969957,False
152,Manhattanville,11,193,70,22.78013816925734,18.583333333333332,0.3626943005181347,2026-02,unreliable_trip_rate,0.0,0.0,1.0,0.0,False
211,SoHo,17,1892,686,18.20911733615222,15.475,0.36257928118393234,2026-02,unreliable_trip_rate,0.0,0.0,0.31606765327695563,0.6839323467230444,False
166,Morningside Heights,0,491,178,15.303428377460964,13.633333333333333,0.3625254582484725,2026-02,unreliable_trip_rate,0.0,0.0,0.9389002036659878,0.06109979633401222,False
28,Briarwood/Jamaica Hills,9,80,29,35.45125,29.066666666666666,0.3625,2026-02,unreliable_trip_rate,0.0,0.0,1.0,0.0,False
85,Erasmus,17,80,29,32.49208333333333,27.34166666666667,0.3625,2026-02,unreliable_trip_rate,0.0,0.0,1.0,0.0,False
244,Washington Heights South,17,596,216,24.00299217002237,20.366666666666667,0.3624161073825503,2026-02,unreliable_trip_rate,0.0,0.0,0.8942953020134228,0.10570469798657718,False
264,Unknown,11,149,54,19.14765100671141,14.483333333333333,0.3624161073825503,2026-02,unreliable_trip_rate,0.0,0.0,0.5704697986577181,0.42953020134228187,False
215,South Jamaica,8,138,50,36.27814009661836,28.46666666666667,0.36231884057971014,2026-02,unreliable_trip_rate,0.0,0.0,1.0,0.0,False
262,Yorkville East,12,3061,1109,13.769438092126755,12.333333333333334,0.3622999019928128,2026-02,unreliable_trip_rate,0.0,0.0,0.1630186213655668,0.8369813786344332,False
28,Briarwood/Jamaica Hills,14,58,21,28.007183908045977,22.691666666666666,0.3620689655172414,2026-02,unreliable_trip_rate,0.0,0.0,1.0,0.0,False
28,Briarwood/Jamaica Hills,19,58,21,23.51206896551724,21.025,0.3620689655172414,2026-02,unreliable_trip_rate,0.0,0.0,1.0,0.0,False
72,East Flatbush/Remsen Village,4,58,21,22.5183908045977,19.975,0.3620689655172414,2026-02,unreliable_trip_rate,0.0,0.0,1.0,0.0,False
127,Inwood,4,58,21,15.345114942528735,12.741666666666667,0.3620689655172414,2026-02,unreliable_trip_rate,0.0,0.0,1.0,0.0,False
165,Midwood,16,58,21,37.706896551724135,30.383333333333333,0.3620689655172414,2026-02,unreliable_trip_rate,0.0,0.0,1.0,0.0,False
145,Long Island City/Hunters Point,16,384,139,29.556336805555556,24.616666666666667,0.3619791666666667,2026-02,unreliable_trip_rate,0.0,0.0,1.0,0.0,False
143,Lincoln Square West,11,2325,841,14.392537634408603,12.516666666666667,0.36172043010752686,2026-02,unreliable_trip_rate,0.0,0.0,0.19870967741935483,0.8012903225806451,False
33,Brooklyn Heights,11,188,68,32.68014184397163,26.791666666666668,0.3617021276595745,2026-02,unreliable_trip_rate,0.0,0.0,1.0,0.0,False
52,Cobble Hill,14,47,17,30.95886524822695,25.083333333333332,0.3617021276595745,2026-02,unreliable_trip_rate,0.0,0.0,1.0,0.0,False
71,East Flatbush/Farragut,20,47,17,31.92695035460993,28.333333333333332,0.3617021276595745,2026-02,unreliable_trip_rate,0.0,0.0,1.0,0.0,False
119,Highbridge,13,47,17,41.33262411347518,30.35,0.3617021276595745,2026-02,unreliable_trip_rate,0.0,0.0,1.0,0.0,False
123,Homecrest,17,47,17,31.9386524822695,25.133333333333333,0.3617021276595745,2026-02,unreliable_trip_rate,0.0,0.0,1.0,0.0,False
182,Parkchester,13,47,17,43.06170212765958,36.75,0.3617021276595745,2026-02,unreliable_trip_rate,0.0,0.0,1.0,0.0,False
196,Rego Park,20,47,17,21.829432624113476,18.6,0.3617021276595745,2026-02,unreliable_trip_rate,0.0,0.0,1.0,0.0,False
250,Westchester Village/Unionport,5,47,17,27.970212765957445,21.533333333333335,0.3617021276595745,2026-02,unreliable_trip_rate,0.0,0.0,1.0,0.0,False
69,East Concourse/Concourse Village,7,130,47,42.68076923076923,37.858333333333334,0.36153846153846153,2026-02,unreliable_trip_rate,0.0,0.0,1.0,0.0,False
188,Prospect-Lefferts Gardens,15,213,77,32.38865414710485,26.216666666666665,0.3615023474178404,2026-02,unreliable_trip_rate,0.0,0.0,1.0,0.0,False
4,Alphabet City,20,628,227,16.25390127388535,14.850000000000001,0.3614649681528662,2026-02,unreliable_trip_rate,0.0,0.0,0.7452229299363057,0.25477707006369427,False
177,Ocean Hill,20,83,30,25.248192771084337,22.9,0.3614457831325301,2026-02,unreliable_trip_rate,0.0,0.0,1.0,0.0,False
161,Midtown Center,9,3672,1327,15.833169934640523,12.4,0.3613834422657952,2026-02,unreliable_trip_rate,0.0,0.0,0.12663398692810457,0.8733660130718954,False
177,Ocean Hill,5,119,43,24.32549019607843,20.45,0.36134453781512604,2026-02,unreliable_trip_rate,0.0,0.0,1.0,0.0,False
14,Bay Ridge,7,155,56,37.00387096774194,34.56666666666667,0.36129032258064514,2026-02,unreliable_trip_rate,0.0,0.0,1.0,0.0,False
97,Fort Greene,18,382,138,27.086300174520073,22.34166666666667,0.3612565445026178,2026-02,unreliable_trip_rate,0.0,0.0,1.0,0.0,False
142,Lincoln Square East,9,3588,1296,13.782371794871795,11.766666666666667,0.3612040133779264,2026-02,unreliable_trip_rate,0.0,0.0,0.12681159420289856,0.8731884057971014,False
113,Greenwich Village North,17,3015,1089,15.639778883360973,12.35,0.3611940298507463,2026-02,unreliable_trip_rate,0.0,0.0,0.1681592039800995,0.8318407960199005,False
12,Battery Park,15,72,26,25.647916666666667,22.391666666666666,0.3611111111111111,2026-02,unreliable_trip_rate,0.0,0.0,1.0,0.0,False
47,Claremont/Bathgate,5,36,13,49.13935185185185,51.96666666666667,0.3611111111111111,2026-02,unreliable_trip_rate,0.0,0.0,1.0,0.0,False
48,Clinton East,19,4248,1534,14.722520401757691,11.6,0.3611111111111111,2026-02,unreliable_trip_rate,0.0,0.0,0.1560734463276836,0.8439265536723164,False
121,Hillcrest/Pomonok,12,36,13,33.54675925925926,29.46666666666667,0.3611111111111111,2026-02,unreliable_trip_rate,0.0,0.0,1.0,0.0,False
134,Kew Gardens,6,36,13,35.700462962962966,27.45,0.3611111111111111,2026-02,unreliable_trip_rate,0.0,0.0,1.0,0.0,False
149,Madison,11,36,13,40.28425925925926,34.19166666666666,0.3611111111111111,2026-02,unreliable_trip_rate,0.0,0.0,1.0,0.0,False
159,Melrose South,10,72,26,38.422222222222224,30.2,0.3611111111111111,2026-02,unreliable_trip_rate,0.0,0.0,1.0,0.0,False
188,Prospect-Lefferts Gardens,23,72,26,23.641203703703706,21.616666666666667,0.3611111111111111,2026-02,unreliable_trip_rate,0.0,0.0,1.0,0.0,False
200,Riverdale/North Riverdale/Fieldston,16,36,13,38.61157407407407,28.016666666666666,0.3611111111111111,2026-02,unreliable_trip_rate,0.0,0.0,1.0,0.0,False
208,Schuylerville/Edgewater Park,18,36,13,27.305092592592594,22.266666666666666,0.3611111111111111,2026-02,unreliable_trip_rate,0.0,0.0,1.0,0.0,False
208,Schuylerville/Edgewater Park,19,36,13,34.74305555555556,25.25,0.3611111111111111,2026-02,unreliable_trip_rate,0.0,0.0,1.0,0.0,False
212,Soundview/Bruckner,14,36,13,25.986574074074074,19.59166666666667,0.3611111111111111,2026-02,unreliable_trip_rate,0.0,0.0,1.0,0.0,False
116,Hamilton Heights,10,327,118,25.331498470948013,21.0,0.36085626911314983,2026-02,unreliable_trip_rate,0.0,0.0,1.0,0.0,False
152,Manhattanville,12,194,70,21.234536082474225,17.891666666666666,0.36082474226804123,2026-02,unreliable_trip_rate,0.0,0.0,1.0,0.0,False
87,Financial District North,13,826,298,21.253954802259887,18.383333333333333,0.36077481840193704,2026-02,unreliable_trip_rate,0.0,0.0,0.7409200968523002,0.25907990314769974,False
17,Bedford,21,158,57,27.56360759493671,24.791666666666664,0.36075949367088606,2026-02,unreliable_trip_rate,0.0,0.0,1.0,0.0,False
170,Murray Hill,12,4622,1667,17.89785446415693,15.191666666666666,0.3606663781912592,2026-02,unreliable_trip_rate,0.0,0.0,0.13262656858502814,0.8673734314149719,False
210,Sheepshead Bay,18,61,22,27.65573770491803,22.5,0.36065573770491804,2026-02,unreliable_trip_rate,0.0,0.0,1.0,0.0,False
215,South Jamaica,13,61,22,34.16284153005465,30.95,0.36065573770491804,2026-02,unreliable_trip_rate,0.0,0.0,1.0,0.0,False
90,Flatiron,23,2629,948,14.092975782933943,12.366666666666667,0.3605933815138836,2026-02,unreliable_trip_rate,0.0,0.0,0.25446937999239255,0.7455306200076075,False
17,Bedford,14,208,75,34.571233974358975,28.59166666666667,0.3605769230769231,2026-02,unreliable_trip_rate,0.0,0.0,1.0,0.0,False
211,SoHo,19,2180,786,15.638180428134556,13.3375,0.3605504587155963,2026-02,unreliable_trip_rate,0.0,0.0,0.25779816513761467,0.7422018348623853,False
181,Park Slope,17,319,115,28.449529780564262,25.5,0.3605015673981191,2026-02,unreliable_trip_rate,0.0,0.0,1.0,0.0,False
226,Sunnyside,13,258,93,25.190697674418605,21.45,0.36046511627906974,2026-02,unreliable_trip_rate,0.0,0.0,1.0,0.0,False
24,Bloomingdale,23,308,111,16.489935064935064,14.333333333333334,0.36038961038961037,2026-02,unreliable_trip_rate,0.0,0.0,1.0,0.0,False
37,Bushwick South,7,308,111,29.43133116883117,25.90833333333333,0.36038961038961037,2026-02,unreliable_trip_rate,0.0,0.0,1.0,0.0,False
222,Starrett City,8,111,40,50.39219219219219,43.68333333333333,0.36036036036036034,2026-02,unreliable_trip_rate,0.0,0.0,1.0,0.0,False
90,Flatiron,8,1877,676,13.14154679453028,10.5,0.36014917421417153,2026-02,unreliable_trip_rate,0.0,0.0,0.22642514651038892,0.7735748534896111,False
34,Brooklyn Navy Yard,17,50,18,25.145666666666667,22.725,0.36,2026-02,unreliable_trip_rate,0.0,0.0,1.0,0.0,False
97,Fort Greene,14,200,72,31.409166666666664,27.058333333333334,0.36,2026-02,unreliable_trip_rate,0.0,0.0,1.0,0.0,False
106,Gowanus,10,50,18,35.727666666666664,32.108333333333334,0.36,2026-02,unreliable_trip_rate,0.0,0.0,1.0,0.0,False
113,Greenwich Village North,5,200,72,12.915999999999999,8.991666666666667,0.36,2026-02,unreliable_trip_rate,0.0,0.0,1.0,0.0,False
123,Homecrest,16,50,18,36.51166666666666,28.1,0.36,2026-02,unreliable_trip_rate,0.0,0.0,1.0,0.0,False
127,Inwood,16,100,36,29.990166666666667,24.53333333333333,0.36,2026-02,unreliable_trip_rate,0.0,0.0,1.0,0.0,False
169,Mount Hope,19,50,18,26.538,20.933333333333334,0.36,2026-02,unreliable_trip_rate,0.0,0.0,1.0,0.0,False
188,Prospect-Lefferts Gardens,17,225,81,33.13637037037037,27.4,0.36,2026-02,unreliable_trip_rate,0.0,0.0,1.0,0.0,False
189,Prospect Heights,12,75,27,35.56911111111111,30.166666666666668,0.36,2026-02,unreliable_trip_rate,0.0,0.0,1.0,0.0,False
215,South Jamaica,19,50,18,34.25966666666667,28.85,0.36,2026-02,unreliable_trip_rate,0.0,0.0,1.0,0.0,False
235,University Heights/Morris Heights,15,50,18,30.780666666666665,22.875,0.36,2026-02,unreliable_trip_rate,0.0,0.0,1.0,0.0,False
164,Midtown South,3,728,262,13.434271978021977,11.966666666666665,0.3598901098901099,2026-02,unreliable_trip_rate,0.0,0.0,0.9532967032967034,0.046703296703296704,False
145,Long Island City/Hunters Point,17,606,218,23.596562156215622,21.34166666666667,0.35973597359735976,2026-02,unreliable_trip_rate,0.0,0.0,0.8762376237623762,0.12376237623762376,False
143,Lincoln Square West,12,2469,888,14.677426758471716,12.3,0.3596597812879708,2026-02,unreliable_trip_rate,0.0,0.0,0.21061158363710003,0.7893884163628999,False
97,Fort Greene,12,228,82,31.410014619883043,26.950000000000003,0.35964912280701755,2026-02,unreliable_trip_rate,0.0,0.0,1.0,0.0,False
43,Central Park,1,89,32,11.12247191011236,9.75,0.3595505617977528,2026-02,unreliable_trip_rate,0.0,0.0,1.0,0.0,False
162,Midtown East,7,2487,894,11.597292588124917,9.233333333333333,0.3594692400482509,2026-02,unreliable_trip_rate,0.0,0.0,0.182951347004423,0.817048652995577,False
261,World Trade Center,1,128,46,15.5765625,14.791666666666666,0.359375,2026-02,unreliable_trip_rate,0.0,0.0,1.0,0.0,False
148,Lower East Side,20,2144,770,16.314148009950248,14.666666666666666,0.3591417910447761,2026-02,unreliable_trip_rate,0.0,0.0,0.37406716417910446,0.6259328358208955,False
158,Meatpacking/West Village West,3,766,275,13.170104438642296,11.541666666666668,0.35900783289817234,2026-02,unreliable_trip_rate,0.0,0.0,0.7976501305483029,0.20234986945169714,False
22,Bensonhurst West,11,39,14,37.008119658119654,29.733333333333334,0.358974358974359,2026-02,unreliable_trip_rate,0.0,0.0,1.0,0.0,False
35,Brownsville,22,39,14,25.196153846153845,22.083333333333332,0.358974358974359,2026-02,unreliable_trip_rate,0.0,0.0,1.0,0.0,False
134,Kew Gardens,14,39,14,26.507264957264958,19.683333333333334,0.358974358974359,2026-02,unreliable_trip_rate,0.0,0.0,1.0,0.0,False
155,Marine Park/Mill Basin,9,78,28,33.10811965811966,26.325000000000003,0.358974358974359,2026-02,unreliable_trip_rate,0.0,0.0,1.0,0.0,False
167,Morrisania/Melrose,12,39,14,34.88034188034188,26.0,0.358974358974359,2026-02,unreliable_trip_rate,0.0,0.0,1.0,0.0,False
173,North Corona,6,39,14,23.6034188034188,22.333333333333332,0.358974358974359,2026-02,unreliable_trip_rate,0.0,0.0,1.0,0.0,False
173,North Corona,19,39,14,19.100854700854704,18.25,0.358974358974359,2026-02,unreliable_trip_rate,0.0,0.0,1.0,0.0,False
211,SoHo,6,117,42,13.331054131054131,11.033333333333333,0.358974358974359,2026-02,unreliable_trip_rate,0.0,0.0,1.0,0.0,False
220,Spuyten Duyvil/Kingsbridge,11,39,14,48.45470085470085,41.916666666666664,0.358974358974359,2026-02,unreliable_trip_rate,0.0,0.0,1.0,0.0,False
223,Steinway,19,156,56,21.641773504273505,19.941666666666666,0.358974358974359,2026-02,unreliable_trip_rate,0.0,0.0,1.0,0.0,False
228,Sunset Park West,9,78,28,36.75790598290598,35.86666666666666,0.358974358974359,2026-02,unreliable_trip_rate,0.0,0.0,1.0,0.0,False
241,Van Cortlandt Village,8,117,42,40.42706552706552,34.95,0.358974358974359,2026-02,unreliable_trip_rate,0.0,0.0,1.0,0.0,False
241,Van Cortlandt Village,11,39,14,50.10811965811966,40.65,0.358974358974359,2026-02,unreliable_trip_rate,0.0,0.0,1.0,0.0,False
62,Crown Heights South,7,131,47,39.33944020356234,34.43333333333333,0.35877862595419846,2026-02,unreliable_trip_rate,0.0,0.0,1.0,0.0,False
235,University Heights/Morris Heights,8,131,47,41.39236641221374,35.0,0.35877862595419846,2026-02,unreliable_trip_rate,0.0,0.0,1.0,0.0,False
263,Yorkville West,9,3373,1210,14.701556477912836,11.316666666666666,0.3587310999110584,2026-02,unreliable_trip_rate,0.0,0.0,0.16187370293507264,0.8381262970649274,False
193,Queensbridge/Ravenswood,10,92,33,24.265036231884057,21.799999999999997,0.358695652173913,2026-02,unreliable_trip_rate,0.0,0.0,1.0,0.0,False
164,Midtown South,1,1676,601,13.52917661097852,12.35,0.3585918854415274,2026-02,unreliable_trip_rate,0.0,0.0,0.5644391408114559,0.43556085918854415,False
162,Midtown East,3,198,71,12.454208754208755,10.408333333333333,0.35858585858585856,2026-02,unreliable_trip_rate,0.0,0.0,1.0,0.0,False
182,Parkchester,12,53,19,40.45911949685535,37.416666666666664,0.3584905660377358,2026-02,unreliable_trip_rate,0.0,0.0,1.0,0.0,False
224,Stuy Town/Peter Cooper Village,4,106,38,12.432389937106917,10.291666666666668,0.3584905660377358,2026-02,unreliable_trip_rate,0.0,0.0,1.0,0.0,False
247,West Concourse,11,53,19,32.94654088050314,29.0,0.3584905660377358,2026-02,unreliable_trip_rate,0.0,0.0,1.0,0.0,False
264,Unknown,1,53,19,13.350943396226416,11.033333333333333,0.3584905660377358,2026-02,unreliable_trip_rate,0.0,0.0,1.0,0.0,False
168,Mott Haven/Port Morris,7,226,81,29.60154867256637,25.016666666666666,0.3584070796460177,2026-02,unreliable_trip_rate,0.0,0.0,1.0,0.0,False
260,Woodside,23,120,43,15.46,15.008333333333333,0.35833333333333334,2026-02,unreliable_trip_rate,0.0,0.0,1.0,0.0,False
71,East Flatbush/Farragut,9,187,67,37.655080213903744,31.533333333333335,0.3582887700534759,2026-02,unreliable_trip_rate,0.0,0.0,1.0,0.0,False
89,Flatbush/Ditmas Park,16,187,67,38.17245989304813,32.266666666666666,0.3582887700534759,2026-02,unreliable_trip_rate,0.0,0.0,1.0,0.0,False
18,Bedford Park,7,81,29,36.26584362139918,30.383333333333333,0.35802469135802467,2026-02,unreliable_trip_rate,0.0,0.0,1.0,0.0,False
95,Forest Hills,15,81,29,29.226748971193416,26.116666666666667,0.35802469135802467,2026-02,unreliable_trip_rate,0.0,0.0,1.0,0.0,False
145,Long Island City/Hunters Point,14,271,97,28.79188191881919,23.9,0.35793357933579334,2026-02,unreliable_trip_rate,0.0,0.0,1.0,0.0,False
47,Claremont/Bathgate,7,95,34,39.97280701754386,32.71666666666667,0.35789473684210527,2026-02,unreliable_trip_rate,0.0,0.0,1.0,0.0,False
137,Kips Bay,17,3082,1103,17.735182781743458,14.05,0.35788449059052563,2026-02,unreliable_trip_rate,0.0,0.0,0.20960415314730693,0.790395846852693,False
223,Steinway,10,109,39,25.774770642201833,22.383333333333333,0.3577981651376147,2026-02,unreliable_trip_rate,0.0,0.0,1.0,0.0,False
41,Central Harlem,0,355,127,14.104553990610329,12.75,0.35774647887323946,2026-02,unreliable_trip_rate,0.0,0.0,1.0,0.0,False
76,East New York,23,123,44,22.36869918699187,20.366666666666667,0.35772357723577236,2026-02,unreliable_trip_rate,0.0,0.0,1.0,0.0,False
177,Ocean Hill,13,123,44,38.97086720867209,32.65,0.35772357723577236,2026-02,unreliable_trip_rate,0.0,0.0,1.0,0.0,False
151,Manhattan Valley,7,1373,491,16.551177470259773,14.65,0.35761107064821557,2026-02,unreliable_trip_rate,0.0,0.0,0.3394027676620539,0.6605972323379461,False
90,Flatiron,17,3233,1156,15.564321064027219,12.3,0.3575626353232292,2026-02,unreliable_trip_rate,0.0,0.0,0.13918960717599752,0.8608103928240025,False
116,Hamilton Heights,22,344,123,17.897819767441863,16.275,0.35755813953488375,2026-02,unreliable_trip_rate,0.0,0.0,1.0,0.0,False
33,Brooklyn Heights,10,179,64,28.220111731843573,24.666666666666668,0.3575418994413408,2026-02,unreliable_trip_rate,0.0,0.0,1.0,0.0,False
209,Seaport,18,554,198,19.7309265944645,17.28333333333333,0.3574007220216607,2026-02,unreliable_trip_rate,0.0,0.0,0.8646209386281588,0.13537906137184116,False
132,JFK Airport,8,2752,983,46.46041666666667,42.608333333333334,0.35719476744186046,2026-02,unreliable_trip_rate,0.0,0.0,0.6973110465116279,0.3026889534883721,False
3,Allerton/Pelham Gardens,7,42,15,46.801587301587304,42.28333333333333,0.35714285714285715,2026-02,unreliable_trip_rate,0.0,0.0,1.0,0.0,False
82,Elmhurst,9,70,25,30.343809523809522,24.941666666666666,0.35714285714285715,2026-02,unreliable_trip_rate,0.0,0.0,1.0,0.0,False
85,Erasmus,13,84,30,36.169841269841264,27.883333333333333,0.35714285714285715,2026-02,unreliable_trip_rate,0.0,0.0,1.0,0.0,False
152,Manhattanville,23,168,60,15.550892857142859,13.850000000000001,0.35714285714285715,2026-02,unreliable_trip_rate,0.0,0.0,1.0,0.0,False
162,Midtown East,1,644,230,10.929813664596274,9.575,0.35714285714285715,2026-02,unreliable_trip_rate,0.0,0.0,0.9503105590062112,0.049689440993788817,False
183,Pelham Bay,6,42,15,60.18928571428571,58.175,0.35714285714285715,2026-02,unreliable_trip_rate,0.0,0.0,1.0,0.0,False
198,Ridgewood,5,70,25,21.191190476190478,18.275,0.35714285714285715,2026-02,unreliable_trip_rate,0.0,0.0,1.0,0.0,False
198,Ridgewood,15,70,25,29.79952380952381,27.641666666666666,0.35714285714285715,2026-02,unreliable_trip_rate,0.0,0.0,1.0,0.0,False
236,Upper East Side North,4,154,55,13.555952380952382,11.5,0.35714285714285715,2026-02,unreliable_trip_rate,0.0,0.0,1.0,0.0,False
258,Woodhaven,11,42,15,26.776190476190475,22.174999999999997,0.35714285714285715,2026-02,unreliable_trip_rate,0.0,0.0,1.0,0.0,False
223,Steinway,18,227,81,23.095374449339204,21.616666666666667,0.3568281938325991,2026-02,unreliable_trip_rate,0.0,0.0,1.0,0.0,False
144,Little Italy/NoLiTa,5,171,61,13.559941520467836,10.9,0.3567251461988304,2026-02,unreliable_trip_rate,0.0,0.0,1.0,0.0,False
144,Little Italy/NoLiTa,13,1368,488,18.946710526315787,16.791666666666668,0.3567251461988304,2026-02,unreliable_trip_rate,0.0,0.0,0.4502923976608187,0.5497076023391813,False
181,Park Slope,11,143,51,33.12296037296037,28.45,0.35664335664335667,2026-02,unreliable_trip_rate,0.0,0.0,1.0,0.0,False
230,Times Sq/Theatre District,11,3542,1263,18.760074345943913,13.0625,0.3565782044042914,2026-02,unreliable_trip_rate,0.0,0.0,0.13325804630152457,0.8667419536984754,False
162,Midtown East,8,3377,1204,13.897640904155562,10.983333333333333,0.3565294640213207,2026-02,unreliable_trip_rate,0.0,0.0,0.1471720461948475,0.8528279538051525,False
116,Hamilton Heights,4,115,41,14.88608695652174,14.116666666666667,0.3565217391304348,2026-02,unreliable_trip_rate,0.0,0.0,1.0,0.0,False
223,Steinway,7,202,72,24.997524752475247,23.21666666666667,0.3564356435643564,2026-02,unreliable_trip_rate,0.0,0.0,1.0,0.0,False
123,Homecrest,12,73,26,36.3675799086758,30.016666666666666,0.3561643835616438,2026-02,unreliable_trip_rate,0.0,0.0,1.0,0.0,False
142,Lincoln Square East,10,3968,1413,13.694434643817205,11.35,0.3560987903225806,2026-02,unreliable_trip_rate,0.0,0.0,0.10761088709677419,0.8923891129032258,False
35,Brownsville,10,236,84,36.0295197740113,31.016666666666666,0.3559322033898305,2026-02,unreliable_trip_rate,0.0,0.0,1.0,0.0,False
127,Inwood,13,59,21,28.653389830508473,24.0,0.3559322033898305,2026-02,unreliable_trip_rate,0.0,0.0,1.0,0.0,False
208,Schuylerville/Edgewater Park,8,59,21,42.83898305084746,39.53333333333333,0.3559322033898305,2026-02,unreliable_trip_rate,0.0,0.0,1.0,0.0,False
213,Soundview/Castle Hill,12,59,21,40.13333333333333,32.483333333333334,0.3559322033898305,2026-02,unreliable_trip_rate,0.0,0.0,1.0,0.0,False
241,Van Cortlandt Village,9,59,21,46.04774011299435,43.6,0.3559322033898305,2026-02,unreliable_trip_rate,0.0,0.0,1.0,0.0,False
168,Mott Haven/Port Morris,17,163,58,30.542638036809816,25.9,0.3558282208588957,2026-02,unreliable_trip_rate,0.0,0.0,1.0,0.0,False
229,Sutton Place/Turtle Bay North,21,2892,1029,12.632169202397417,10.366666666666667,0.3558091286307054,2026-02,unreliable_trip_rate,0.0,0.0,0.23098201936376211,0.7690179806362379,False
262,Yorkville East,11,3162,1125,14.03055028462998,12.283333333333333,0.3557874762808349,2026-02,unreliable_trip_rate,0.0,0.0,0.15939278937381404,0.8406072106261859,False
179,Old Astoria,22,104,37,18.22548076923077,17.45,0.3557692307692308,2026-02,unreliable_trip_rate,0.0,0.0,1.0,0.0,False
260,Woodside,4,104,37,13.37451923076923,11.975,0.3557692307692308,2026-02,unreliable_trip_rate,0.0,0.0,1.0,0.0,False
232,Two Bridges/Seward Park,10,402,143,21.440381426202322,17.40833333333333,0.35572139303482586,2026-02,unreliable_trip_rate,0.0,0.0,1.0,0.0,False
232,Two Bridges/Seward Park,4,194,69,14.276460481099656,12.958333333333332,0.3556701030927835,2026-02,unreliable_trip_rate,0.0,0.0,1.0,0.0,False
263,Yorkville West,20,3431,1220,12.468464004663364,10.216666666666667,0.3555814631302827,2026-02,unreliable_trip_rate,0.0,0.0,0.17924803264354416,0.8207519673564558,False
148,Lower East Side,3,2714,965,13.673403340702531,12.133333333333333,0.35556374355195286,2026-02,unreliable_trip_rate,0.0,0.0,0.3445099484156227,0.6554900515843773,False
18,Bedford Park,11,45,16,44.532222222222224,36.31666666666667,0.35555555555555557,2026-02,unreliable_trip_rate,0.0,0.0,1.0,0.0,False
28,Briarwood/Jamaica Hills,5,45,16,33.68296296296296,25.083333333333332,0.35555555555555557,2026-02,unreliable_trip_rate,0.0,0.0,1.0,0.0,False
47,Claremont/Bathgate,15,45,16,41.87148148148148,35.11666666666667,0.35555555555555557,2026-02,unreliable_trip_rate,0.0,0.0,1.0,0.0,False
92,Flushing,7,45,16,33.18518518518518,30.166666666666668,0.35555555555555557,2026-02,unreliable_trip_rate,0.0,0.0,1.0,0.0,False
95,Forest Hills,13,90,32,36.775925925925925,30.616666666666667,0.35555555555555557,2026-02,unreliable_trip_rate,0.0,0.0,1.0,0.0,False
133,Kensington,16,45,16,33.58222222222222,24.15,0.35555555555555557,2026-02,unreliable_trip_rate,0.0,0.0,1.0,0.0,False
144,Little Italy/NoLiTa,7,225,80,16.569629629629627,14.566666666666666,0.35555555555555557,2026-02,unreliable_trip_rate,0.0,0.0,1.0,0.0,False
158,Meatpacking/West Village West,23,2115,752,14.76776989755713,13.533333333333333,0.35555555555555557,2026-02,unreliable_trip_rate,0.0,0.0,0.28936170212765955,0.7106382978723405,False
179,Old Astoria,9,180,64,28.132685185185185,24.583333333333332,0.35555555555555557,2026-02,unreliable_trip_rate,0.0,0.0,1.0,0.0,False
220,Spuyten Duyvil/Kingsbridge,6,45,16,41.55444444444444,35.21666666666667,0.35555555555555557,2026-02,unreliable_trip_rate,0.0,0.0,1.0,0.0,False
235,University Heights/Morris Heights,9,90,32,38.83962962962963,34.38333333333333,0.35555555555555557,2026-02,unreliable_trip_rate,0.0,0.0,1.0,0.0,False
247,West Concourse,14,90,32,32.305,23.200000000000003,0.35555555555555557,2026-02,unreliable_trip_rate,0.0,0.0,1.0,0.0,False
162,Midtown East,12,4832,1718,17.334685430463576,15.383333333333333,0.35554635761589404,2026-02,unreliable_trip_rate,0.0,0.0,0.10699503311258278,0.8930049668874173,False
164,Midtown South,15,3215,1143,18.403939865215136,13.633333333333333,0.35552099533437015,2026-02,unreliable_trip_rate,0.0,0.0,0.13561430793157075,0.8643856920684292,False
142,Lincoln Square East,11,4343,1544,14.05585616701205,11.75,0.35551462122956484,2026-02,unreliable_trip_rate,0.0,0.0,0.11167395809348377,0.8883260419065162,False
152,Manhattanville,17,467,166,21.52905067808708,17.733333333333334,0.3554603854389722,2026-02,unreliable_trip_rate,0.0,0.0,0.9357601713062098,0.06423982869379015,False
107,Gramercy,16,3033,1078,17.87794812616771,12.941666666666666,0.35542367293109134,2026-02,unreliable_trip_rate,0.0,0.0,0.16848005275304978,0.8315199472469502,False
112,Greenpoint,15,121,43,28.39641873278237,24.816666666666666,0.35537190082644626,2026-02,unreliable_trip_rate,0.0,0.0,1.0,0.0,False
233,UN/Turtle Bay South,17,2575,915,17.243488673139158,14.65,0.3553398058252427,2026-02,unreliable_trip_rate,0.0,0.0,0.1992233009708738,0.8007766990291262,False
107,Gramercy,9,2772,985,14.653559403559402,12.85,0.35533910533910534,2026-02,unreliable_trip_rate,0.0,0.0,0.16955266955266957,0.8304473304473304,False
37,Bushwick South,11,259,92,32.28204633204633,27.966666666666665,0.3552123552123552,2026-02,unreliable_trip_rate,0.0,0.0,1.0,0.0,False
152,Manhattanville,19,366,130,19.10997267759563,16.583333333333336,0.3551912568306011,2026-02,unreliable_trip_rate,0.0,0.0,1.0,0.0,False
55,Coney Island,12,107,38,48.81931464174455,42.333333333333336,0.35514018691588783,2026-02,unreliable_trip_rate,0.0,0.0,1.0,0.0,False
129,Jackson Heights,10,107,38,25.808878504672897,21.75,0.35514018691588783,2026-02,unreliable_trip_rate,0.0,0.0,1.0,0.0,False
114,Greenwich Village South,7,369,131,15.229855465221318,11.833333333333334,0.35501355013550134,2026-02,unreliable_trip_rate,0.0,0.0,1.0,0.0,False
82,Elmhurst,19,200,71,22.19516666666667,20.175,0.355,2026-02,unreliable_trip_rate,0.0,0.0,1.0,0.0,False
87,Financial District North,14,834,296,23.430275779376498,19.90833333333333,0.354916067146283,2026-02,unreliable_trip_rate,0.0,0.0,0.8800959232613909,0.11990407673860912,False
116,Hamilton Heights,18,479,170,22.19947807933194,19.983333333333334,0.35490605427974947,2026-02,unreliable_trip_rate,0.0,0.0,0.8663883089770354,0.1336116910229645,False
43,Central Park,15,3849,1366,16.171230622672557,13.125,0.35489737594180304,2026-02,unreliable_trip_rate,0.0,0.0,0.1174330995063653,0.8825669004936347,False
40,Carroll Gardens,19,93,33,23.06594982078853,22.566666666666666,0.3548387096774194,2026-02,unreliable_trip_rate,0.0,0.0,1.0,0.0,False
52,Cobble Hill,10,62,22,25.517473118279568,21.90833333333333,0.3548387096774194,2026-02,unreliable_trip_rate,0.0,0.0,1.0,0.0,False
67,Dyker Heights,8,31,11,30.13494623655914,26.0,0.3548387096774194,2026-02,unreliable_trip_rate,0.0,0.0,1.0,0.0,False
121,Hillcrest/Pomonok,13,31,11,37.97096774193548,29.966666666666665,0.3548387096774194,2026-02,unreliable_trip_rate,0.0,0.0,1.0,0.0,False
121,Hillcrest/Pomonok,19,31,11,30.580107526881722,25.85,0.3548387096774194,2026-02,unreliable_trip_rate,0.0,0.0,1.0,0.0,False
126,Hunts Point,10,31,11,32.373118279569894,25.716666666666665,0.3548387096774194,2026-02,unreliable_trip_rate,0.0,0.0,1.0,0.0,False
139,Laurelton,5,31,11,57.115053763440855,59.61666666666667,0.3548387096774194,2026-02,unreliable_trip_rate,0.0,0.0,1.0,0.0,False
140,Lenox Hill East,4,186,66,12.45483870967742,10.841666666666667,0.3548387096774194,2026-02,unreliable_trip_rate,0.0,0.0,1.0,0.0,False
148,Lower East Side,5,341,121,14.677663734115345,12.35,0.3548387096774194,2026-02,unreliable_trip_rate,0.0,0.0,1.0,0.0,False
149,Madison,17,31,11,28.112903225806452,23.833333333333332,0.3548387096774194,2026-02,unreliable_trip_rate,0.0,0.0,1.0,0.0,False
159,Melrose South,7,124,44,32.21787634408602,26.541666666666664,0.3548387096774194,2026-02,unreliable_trip_rate,0.0,0.0,1.0,0.0,False
197,Richmond Hill,9,62,22,31.176344086021505,26.166666666666668,0.3548387096774194,2026-02,unreliable_trip_rate,0.0,0.0,1.0,0.0,False
202,Roosevelt Island,12,31,11,38.026881720430104,34.65,0.3548387096774194,2026-02,unreliable_trip_rate,0.0,0.0,1.0,0.0,False
208,Schuylerville/Edgewater Park,23,31,11,21.701075268817206,18.866666666666667,0.3548387096774194,2026-02,unreliable_trip_rate,0.0,0.0,1.0,0.0,False
219,Springfield Gardens South,11,31,11,49.39139784946237,44.833333333333336,0.3548387096774194,2026-02,unreliable_trip_rate,0.0,0.0,1.0,0.0,False
219,Springfield Gardens South,19,31,11,32.66129032258065,27.616666666666667,0.3548387096774194,2026-02,unreliable_trip_rate,0.0,0.0,1.0,0.0,False
241,Van Cortlandt Village,12,31,11,42.86021505376344,34.88333333333333,0.3548387096774194,2026-02,unreliable_trip_rate,0.0,0.0,1.0,0.0,False
248,West Farms/Bronx River,17,31,11,29.09516129032258,20.233333333333334,0.3548387096774194,2026-02,unreliable_trip_rate,0.0,0.0,1.0,0.0,False
170,Murray Hill,11,4572,1622,17.32771216097988,14.6,0.3547681539807524,2026-02,unreliable_trip_rate,0.0,0.0,0.10673665791776028,0.8932633420822397,False
4,Alphabet City,23,919,326,14.844087776568735,13.566666666666666,0.35473340587595215,2026-02,unreliable_trip_rate,0.0,0.0,0.6942328618063112,0.3057671381936888,False
116,Hamilton Heights,16,344,122,22.51608527131783,19.041666666666664,0.3546511627906977,2026-02,unreliable_trip_rate,0.0,0.0,1.0,0.0,False
36,Bushwick North,17,141,50,34.50933806146572,32.28333333333333,0.3546099290780142,2026-02,unreliable_trip_rate,0.0,0.0,1.0,0.0,False
76,East New York,4,141,50,26.194562647754136,23.533333333333335,0.3546099290780142,2026-02,unreliable_trip_rate,0.0,0.0,1.0,0.0,False
177,Ocean Hill,18,141,50,31.03309692671395,27.533333333333335,0.3546099290780142,2026-02,unreliable_trip_rate,0.0,0.0,1.0,0.0,False
48,Clinton East,7,2321,823,13.047077409162718,10.166666666666666,0.35458853942266266,2026-02,unreliable_trip_rate,0.0,0.0,0.2115467470917708,0.7884532529082292,False
76,East New York,14,251,89,37.68725099601593,33.766666666666666,0.3545816733067729,2026-02,unreliable_trip_rate,0.0,0.0,1.0,0.0,False
26,Borough Park,10,79,28,34.583755274261605,33.11666666666667,0.35443037974683544,2026-02,unreliable_trip_rate,0.0,0.0,1.0,0.0,False
51,Co-Op City,11,79,28,48.35168776371308,41.483333333333334,0.35443037974683544,2026-02,unreliable_trip_rate,0.0,0.0,1.0,0.0,False
228,Sunset Park West,15,127,45,45.13359580052494,39.75,0.3543307086614173,2026-02,unreliable_trip_rate,0.0,0.0,1.0,0.0,False
170,Murray Hill,8,3096,1097,14.262004737295435,12.158333333333333,0.354328165374677,2026-02,unreliable_trip_rate,0.0,0.0,0.1501937984496124,0.8498062015503876,False
125,Hudson Sq,3,302,107,12.866887417218544,10.458333333333332,0.3543046357615894,2026-02,unreliable_trip_rate,0.0,0.0,1.0,0.0,False
161,Midtown Center,2,350,124,13.33295238095238,11.191666666666666,0.35428571428571426,2026-02,unreliable_trip_rate,0.0,0.0,1.0,0.0,False
61,Crown Heights North,19,367,130,27.595186194368754,24.316666666666666,0.3542234332425068,2026-02,unreliable_trip_rate,0.0,0.0,1.0,0.0,False
28,Briarwood/Jamaica Hills,7,96,34,29.556250000000002,25.241666666666667,0.3541666666666667,2026-02,unreliable_trip_rate,0.0,0.0,1.0,0.0,False
39,Canarsie,12,192,68,36.02118055555555,30.566666666666666,0.3541666666666667,2026-02,unreliable_trip_rate,0.0,0.0,1.0,0.0,False
45,Chinatown,8,144,51,19.794212962962963,16.31666666666667,0.3541666666666667,2026-02,unreliable_trip_rate,0.0,0.0,1.0,0.0,False
69,East Concourse/Concourse Village,5,48,17,29.674305555555552,23.883333333333333,0.3541666666666667,2026-02,unreliable_trip_rate,0.0,0.0,1.0,0.0,False
123,Homecrest,7,48,17,51.155902777777776,46.983333333333334,0.3541666666666667,2026-02,unreliable_trip_rate,0.0,0.0,1.0,0.0,False
157,Maspeth,19,48,17,20.206944444444446,17.825000000000003,0.3541666666666667,2026-02,unreliable_trip_rate,0.0,0.0,1.0,0.0,False
167,Morrisania/Melrose,8,96,34,38.24878472222222,31.575,0.3541666666666667,2026-02,unreliable_trip_rate,0.0,0.0,1.0,0.0,False
188,Prospect-Lefferts Gardens,6,288,102,38.12141203703704,33.44166666666666,0.3541666666666667,2026-02,unreliable_trip_rate,0.0,0.0,1.0,0.0,False
242,Van Nest/Morris Park,13,48,17,37.206944444444446,29.133333333333333,0.3541666666666667,2026-02,unreliable_trip_rate,0.0,0.0,1.0,0.0,False
148,Lower East Side,11,802,284,18.756109725685786,16.291666666666664,0.3541147132169576,2026-02,unreliable_trip_rate,0.0,0.0,0.8079800498753117,0.19201995012468828,False
234,Union Sq,0,3022,1070,13.379676814471651,11.75,0.3540701522170748,2026-02,unreliable_trip_rate,0.0,0.0,0.20747849106551952,0.7925215089344805,False
97,Fort Greene,8,274,97,27.89160583941606,24.583333333333336,0.354014598540146,2026-02,unreliable_trip_rate,0.0,0.0,1.0,0.0,False
14,Bay Ridge,13,113,40,40.068141592920355,37.38333333333333,0.35398230088495575,2026-02,unreliable_trip_rate,0.0,0.0,1.0,0.0,False
72,East Flatbush/Remsen Village,18,113,40,32.32182890855457,27.15,0.35398230088495575,2026-02,unreliable_trip_rate,0.0,0.0,1.0,0.0,False
152,Manhattanville,15,243,86,20.56783264746228,17.15,0.35390946502057613,2026-02,unreliable_trip_rate,0.0,0.0,1.0,0.0,False
10,Baisley Park,5,65,23,47.99153846153846,46.733333333333334,0.35384615384615387,2026-02,unreliable_trip_rate,0.0,0.0,1.0,0.0,False
69,East Concourse/Concourse Village,18,65,23,32.202564102564104,23.683333333333334,0.35384615384615387,2026-02,unreliable_trip_rate,0.0,0.0,1.0,0.0,False
86,Far Rockaway,15,65,23,64.38692307692307,64.28333333333333,0.35384615384615387,2026-02,unreliable_trip_rate,0.0,0.0,1.0,0.0,False
198,Ridgewood,11,65,23,28.83076923076923,23.7,0.35384615384615387,2026-02,unreliable_trip_rate,0.0,0.0,1.0,0.0,False
260,Woodside,3,65,23,14.53897435897436,13.516666666666667,0.35384615384615387,2026-02,unreliable_trip_rate,0.0,0.0,1.0,0.0,False
237,Upper East Side South,10,6924,2450,12.976477951088002,9.3,0.353841709994223,2026-02,unreliable_trip_rate,0.0,0.0,0.06556903523974582,0.9344309647602542,False
100,Garment District,21,2682,949,15.127970420084514,12.016666666666667,0.35384041759880686,2026-02,unreliable_trip_rate,0.0,0.0,0.22110365398956003,0.77889634601044,False
170,Murray Hill,10,4102,1451,16.602332195676905,14.233333333333333,0.3537298878595807,2026-02,unreliable_trip_rate,0.0,0.0,0.11872257435397367,0.8812774256460263,False
161,Midtown Center,10,4490,1588,16.965141054194508,13.966666666666667,0.3536748329621381,2026-02,unreliable_trip_rate,0.0,0.0,0.08908685968819599,0.910913140311804,False
186,Penn Station/Madison Sq West,0,2508,887,14.921218766613503,13.458333333333332,0.3536682615629984,2026-02,unreliable_trip_rate,0.0,0.0,0.29465709728867623,0.7053429027113237,False
62,Crown Heights South,15,82,29,35.38373983739837,30.758333333333333,0.35365853658536583,2026-02,unreliable_trip_rate,0.0,0.0,1.0,0.0,False
129,Jackson Heights,1,99,35,17.24158249158249,16.05,0.35353535353535354,2026-02,unreliable_trip_rate,0.0,0.0,1.0,0.0,False
69,East Concourse/Concourse Village,6,150,53,36.24677777777777,32.733333333333334,0.35333333333333333,2026-02,unreliable_trip_rate,0.0,0.0,1.0,0.0,False
261,World Trade Center,17,1107,391,23.277115326708824,20.066666666666666,0.35320686540198737,2026-02,unreliable_trip_rate,0.0,0.0,0.6784101174345076,0.3215898825654923,False
10,Baisley Park,22,51,18,22.5718954248366,21.833333333333332,0.35294117647058826,2026-02,unreliable_trip_rate,0.0,0.0,1.0,0.0,False
32,Bronxdale,12,34,12,48.3406862745098,43.40833333333333,0.35294117647058826,2026-02,unreliable_trip_rate,0.0,0.0,1.0,0.0,False
33,Brooklyn Heights,14,238,84,33.47871148459384,25.766666666666666,0.35294117647058826,2026-02,unreliable_trip_rate,0.0,0.0,1.0,0.0,False
60,Crotona Park East,18,34,12,27.11813725490196,21.700000000000003,0.35294117647058826,2026-02,unreliable_trip_rate,0.0,0.0,1.0,0.0,False
69,East Concourse/Concourse Village,23,34,12,17.439215686274512,15.733333333333334,0.35294117647058826,2026-02,unreliable_trip_rate,0.0,0.0,1.0,0.0,False
72,East Flatbush/Remsen Village,7,221,78,38.07677224736049,32.71666666666667,0.35294117647058826,2026-02,unreliable_trip_rate,0.0,0.0,1.0,0.0,False
159,Melrose South,5,51,18,35.69477124183007,26.866666666666667,0.35294117647058826,2026-02,unreliable_trip_rate,0.0,0.0,1.0,0.0,False
159,Melrose South,21,34,12,17.123039215686276,14.391666666666666,0.35294117647058826,2026-02,unreliable_trip_rate,0.0,0.0,1.0,0.0,False
217,South Williamsburg,7,34,12,33.61666666666667,30.083333333333336,0.35294117647058826,2026-02,unreliable_trip_rate,0.0,0.0,1.0,0.0,False
260,Woodside,14,85,30,24.147843137254903,20.9,0.35294117647058826,2026-02,unreliable_trip_rate,0.0,0.0,1.0,0.0,False
158,Meatpacking/West Village West,18,2021,713,16.700313376216396,14.833333333333334,0.3527956457199406,2026-02,unreliable_trip_rate,0.0,0.0,0.22563087580405738,0.7743691241959426,False
151,Manhattan Valley,23,502,177,15.315106241699867,13.483333333333334,0.35258964143426297,2026-02,unreliable_trip_rate,0.0,0.0,0.9163346613545816,0.08366533864541832,False
17,Bedford,22,156,55,22.28717948717949,20.108333333333334,0.3525641025641026,2026-02,unreliable_trip_rate,0.0,0.0,1.0,0.0,False
25,Boerum Hill,13,156,55,33.05042735042735,29.233333333333334,0.3525641025641026,2026-02,unreliable_trip_rate,0.0,0.0,1.0,0.0,False
162,Midtown East,9,4099,1445,15.856639830853053,12.75,0.3525250060990485,2026-02,unreliable_trip_rate,0.0,0.0,0.09294949987801902,0.907050500121981,False
17,Bedford,18,278,98,27.341486810551558,24.733333333333334,0.35251798561151076,2026-02,unreliable_trip_rate,0.0,0.0,1.0,0.0,False
179,Old Astoria,11,139,49,24.967865707434054,23.633333333333333,0.35251798561151076,2026-02,unreliable_trip_rate,0.0,0.0,1.0,0.0,False
186,Penn Station/Madison Sq West,23,4477,1578,16.051247114883477,14.633333333333333,0.3524681706499888,2026-02,unreliable_trip_rate,0.0,0.0,0.1831583649765468,0.8168416350234532,False
48,Clinton East,6,1833,646,11.104800872885978,9.1,0.3524277141298418,2026-02,unreliable_trip_rate,0.0,0.0,0.26786688488816146,0.7321331151118385,False
49,Clinton Hill,18,315,111,27.808783068783068,22.866666666666667,0.3523809523809524,2026-02,unreliable_trip_rate,0.0,0.0,1.0,0.0,False
89,Flatbush/Ditmas Park,17,193,68,36.277288428324695,31.85,0.35233160621761656,2026-02,unreliable_trip_rate,0.0,0.0,1.0,0.0,False
97,Fort Greene,5,88,31,26.218939393939397,20.358333333333334,0.3522727272727273,2026-02,unreliable_trip_rate,0.0,0.0,1.0,0.0,False
226,Sunnyside,10,230,81,23.346594202898547,21.55,0.3521739130434783,2026-02,unreliable_trip_rate,0.0,0.0,1.0,0.0,False
181,Park Slope,10,142,50,34.43579812206573,30.21666666666667,0.352112676056338,2026-02,unreliable_trip_rate,0.0,0.0,1.0,0.0,False
224,Stuy Town/Peter Cooper Village,18,730,257,16.1575799086758,14.866666666666667,0.35205479452054794,2026-02,unreliable_trip_rate,0.0,0.0,0.7890410958904109,0.21095890410958903,False
163,Midtown North,13,4119,1450,17.07755523185239,14.116666666666667,0.35202719106579267,2026-02,unreliable_trip_rate,0.0,0.0,0.10924981791697014,0.8907501820830298,False
13,Battery Park City,16,1384,487,21.116570327552985,18.025,0.351878612716763,2026-02,unreliable_trip_rate,0.0,0.0,0.528179190751445,0.4718208092485549,False
134,Kew Gardens,16,54,19,27.36820987654321,21.583333333333332,0.35185185185185186,2026-02,unreliable_trip_rate,0.0,0.0,1.0,0.0,False
136,Kingsbridge Heights,9,54,19,47.531172839506176,43.25,0.35185185185185186,2026-02,unreliable_trip_rate,0.0,0.0,1.0,0.0,False
191,Queens Village,14,54,19,34.889197530864195,26.241666666666667,0.35185185185185186,2026-02,unreliable_trip_rate,0.0,0.0,1.0,0.0,False
220,Spuyten Duyvil/Kingsbridge,21,54,19,22.23765432098765,18.008333333333333,0.35185185185185186,2026-02,unreliable_trip_rate,0.0,0.0,1.0,0.0,False
211,SoHo,15,1649,580,19.953497068930666,17.083333333333332,0.35172832019405703,2026-02,unreliable_trip_rate,0.0,0.0,0.30321406913280774,0.6967859308671922,False
188,Prospect-Lefferts Gardens,5,145,51,27.009770114942526,25.066666666666666,0.35172413793103446,2026-02,unreliable_trip_rate,0.0,0.0,1.0,0.0,False
130,Jamaica,18,236,83,25.835240112994352,22.475,0.3516949152542373,2026-02,unreliable_trip_rate,0.0,0.0,1.0,0.0,False
148,Lower East Side,16,1217,428,19.7320734045467,16.566666666666666,0.35168447000821695,2026-02,unreliable_trip_rate,0.0,0.0,0.5201314708299096,0.4798685291700904,False
26,Borough Park,16,91,32,32.72326007326007,26.483333333333334,0.3516483516483517,2026-02,unreliable_trip_rate,0.0,0.0,1.0,0.0,False
40,Carroll Gardens,9,91,32,28.06300366300366,24.666666666666668,0.3516483516483517,2026-02,unreliable_trip_rate,0.0,0.0,1.0,0.0,False
142,Lincoln Square East,4,182,64,15.217857142857143,11.833333333333332,0.3516483516483517,2026-02,unreliable_trip_rate,0.0,0.0,1.0,0.0,False
226,Sunnyside,21,273,96,17.76355311355311,16.5,0.3516483516483517,2026-02,unreliable_trip_rate,0.0,0.0,1.0,0.0,False
61,Crown Heights North,10,421,148,33.559026128266034,29.833333333333332,0.3515439429928741,2026-02,unreliable_trip_rate,0.0,0.0,1.0,0.0,False
170,Murray Hill,4,404,142,12.918069306930692,10.775,0.35148514851485146,2026-02,unreliable_trip_rate,0.0,0.0,1.0,0.0,False
232,Two Bridges/Seward Park,14,387,136,24.75693367786391,20.066666666666666,0.35142118863049093,2026-02,unreliable_trip_rate,0.0,0.0,1.0,0.0,False
61,Crown Heights North,7,424,149,34.72205188679245,31.483333333333334,0.35141509433962265,2026-02,unreliable_trip_rate,0.0,0.0,1.0,0.0,False
10,Baisley Park,17,74,26,34.44549549549549,33.90833333333333,0.35135135135135137,2026-02,unreliable_trip_rate,0.0,0.0,1.0,0.0,False
19,Bellerose,7,37,13,33.582882882882885,22.566666666666666,0.35135135135135137,2026-02,unreliable_trip_rate,0.0,0.0,1.0,0.0,False
47,Claremont/Bathgate,6,74,26,44.94009009009009,41.68333333333334,0.35135135135135137,2026-02,unreliable_trip_rate,0.0,0.0,1.0,0.0,False
78,East Tremont,7,111,39,39.03018018018018,35.2,0.35135135135135137,2026-02,unreliable_trip_rate,0.0,0.0,1.0,0.0,False
175,Oakland Gardens,7,37,13,44.31936936936937,41.71666666666667,0.35135135135135137,2026-02,unreliable_trip_rate,0.0,0.0,1.0,0.0,False
203,Rosedale,7,37,13,55.26801801801802,55.55,0.35135135135135137,2026-02,unreliable_trip_rate,0.0,0.0,1.0,0.0,False
209,Seaport,17,444,156,24.18963963963964,19.40833333333333,0.35135135135135137,2026-02,unreliable_trip_rate,0.0,0.0,1.0,0.0,False
254,Williamsbridge/Olinville,16,37,13,52.589189189189185,46.46666666666667,0.35135135135135137,2026-02,unreliable_trip_rate,0.0,0.0,1.0,0.0,False
244,Washington Heights South,11,353,124,26.357695939565627,22.35,0.35127478753541075,2026-02,unreliable_trip_rate,0.0,0.0,1.0,0.0,False
89,Flatbush/Ditmas Park,12,205,72,36.22764227642276,30.783333333333335,0.35121951219512193,2026-02,unreliable_trip_rate,0.0,0.0,1.0,0.0,False
91,Flatlands,11,131,46,33.52964376590331,26.866666666666667,0.3511450381679389,2026-02,unreliable_trip_rate,0.0,0.0,1.0,0.0,False
186,Penn Station/Madison Sq West,11,5374,1887,18.960321300086836,15.941666666666666,0.351135094901377,2026-02,unreliable_trip_rate,0.0,0.0,0.09006326758466691,0.9099367324153331,False
72,East Flatbush/Remsen Village,19,94,33,32.431382978723406,28.18333333333333,0.35106382978723405,2026-02,unreliable_trip_rate,0.0,0.0,1.0,0.0,False
85,Erasmus,14,94,33,41.4886524822695,34.766666666666666,0.35106382978723405,2026-02,unreliable_trip_rate,0.0,0.0,1.0,0.0,False
244,Washington Heights South,23,322,113,16.60310559006211,14.658333333333333,0.35093167701863354,2026-02,unreliable_trip_rate,0.0,0.0,1.0,0.0,False
237,Upper East Side South,9,6315,2216,12.836365795724465,9.383333333333333,0.35091053048297705,2026-02,unreliable_trip_rate,0.0,0.0,0.08234362628661916,0.9176563737133808,False
33,Brooklyn Heights,15,228,80,34.06315789473684,26.15,0.3508771929824561,2026-02,unreliable_trip_rate,0.0,0.0,1.0,0.0,False
35,Brownsville,21,57,20,30.853508771929825,26.316666666666666,0.3508771929824561,2026-02,unreliable_trip_rate,0.0,0.0,1.0,0.0,False
42,Central Harlem North,0,285,100,15.754444444444443,14.366666666666667,0.3508771929824561,2026-02,unreliable_trip_rate,0.0,0.0,1.0,0.0,False
123,Homecrest,18,57,20,26.612573099415204,24.616666666666667,0.3508771929824561,2026-02,unreliable_trip_rate,0.0,0.0,1.0,0.0,False
233,UN/Turtle Bay South,5,305,107,12.806502732240437,10.633333333333333,0.35081967213114756,2026-02,unreliable_trip_rate,0.0,0.0,1.0,0.0,False
244,Washington Heights South,8,630,221,26.064047619047617,24.616666666666667,0.35079365079365077,2026-02,unreliable_trip_rate,0.0,0.0,0.9507936507936507,0.049206349206349205,False
249,West Village,17,3031,1063,15.733239854833387,12.866666666666667,0.3507093368525239,2026-02,unreliable_trip_rate,0.0,0.0,0.1418673705047839,0.8581326294952161,False
97,Fort Greene,17,348,122,29.230316091954023,23.266666666666666,0.3505747126436782,2026-02,unreliable_trip_rate,0.0,0.0,1.0,0.0,False
7,Astoria,9,371,130,28.26761006289308,25.916666666666668,0.3504043126684636,2026-02,unreliable_trip_rate,0.0,0.0,1.0,0.0,False
129,Jackson Heights,7,254,89,26.08713910761155,24.958333333333336,0.35039370078740156,2026-02,unreliable_trip_rate,0.0,0.0,1.0,0.0,False
79,East Village,13,2469,865,16.323997569866343,13.966666666666667,0.3503442689347914,2026-02,unreliable_trip_rate,0.0,0.0,0.21547185095180235,0.7845281490481977,False
229,Sutton Place/Turtle Bay North,4,237,83,12.902672292545711,10.9,0.350210970464135,2026-02,unreliable_trip_rate,0.0,0.0,1.0,0.0,False
145,Long Island City/Hunters Point,13,257,90,23.062516212710765,21.566666666666666,0.35019455252918286,2026-02,unreliable_trip_rate,0.0,0.0,1.0,0.0,False
140,Lenox Hill East,16,5097,1784,17.94231901118305,14.416666666666666,0.35000980969197565,2026-02,unreliable_trip_rate,0.0,0.0,0.1528350009809692,0.8471649990190308,False
52,Cobble Hill,16,60,21,24.935833333333335,21.416666666666664,0.35,2026-02,unreliable_trip_rate,0.0,0.0,1.0,0.0,False
72,East Flatbush/Remsen Village,6,200,70,37.26466666666667,32.1,0.35,2026-02,unreliable_trip_rate,0.0,0.0,1.0,0.0,False
126,Hunts Point,6,40,14,38.670833333333334,35.358333333333334,0.35,2026-02,unreliable_trip_rate,0.0,0.0,1.0,0.0,False
155,Marine Park/Mill Basin,10,60,21,37.742777777777775,29.85,0.35,2026-02,unreliable_trip_rate,0.0,0.0,1.0,0.0,False
167,Morrisania/Melrose,9,60,21,39.91138888888889,32.53333333333333,0.35,2026-02,unreliable_trip_rate,0.0,0.0,1.0,0.0,False
212,Soundview/Bruckner,11,40,14,32.48166666666667,26.75,0.35,2026-02,unreliable_trip_rate,0.0,0.0,1.0,0.0,False
217,South Williamsburg,15,40,14,34.59916666666667,28.008333333333333,0.35,2026-02,unreliable_trip_rate,0.0,0.0,1.0,0.0,False
225,Stuyvesant Heights,3,60,21,24.460833333333333,23.799999999999997,0.35,2026-02,unreliable_trip_rate,0.0,0.0,1.0,0.0,False
235,University Heights/Morris Heights,10,40,14,40.38791666666667,30.40833333333333,0.35,2026-02,unreliable_trip_rate,0.0,0.0,1.0,0.0,False
230,Times Sq/Theatre District,0,2621,917,13.913887829072873,11.566666666666666,0.3498664631819916,2026-02,unreliable_trip_rate,0.0,0.0,0.25448302174742465,0.7455169782525753,False
137,Kips Bay,3,363,127,11.467401285583104,9.8,0.349862258953168,2026-02,unreliable_trip_rate,0.0,0.0,1.0,0.0,False
209,Seaport,13,243,85,24.148079561042525,17.983333333333334,0.3497942386831276,2026-02,unreliable_trip_rate,0.0,0.0,1.0,0.0,False
45,Chinatown,13,346,121,23.658959537572255,19.991666666666667,0.34971098265895956,2026-02,unreliable_trip_rate,0.0,0.0,1.0,0.0,False
225,Stuyvesant Heights,8,346,121,36.87986512524085,34.46666666666667,0.34971098265895956,2026-02,unreliable_trip_rate,0.0,0.0,1.0,0.0,False
246,West Chelsea/Hudson Yards,5,163,57,14.30071574642127,11.8,0.3496932515337423,2026-02,unreliable_trip_rate,0.0,0.0,1.0,0.0,False
182,Parkchester,8,143,50,41.74090909090909,36.38333333333333,0.34965034965034963,2026-02,unreliable_trip_rate,0.0,0.0,1.0,0.0,False
225,Stuyvesant Heights,12,246,86,37.80955284552845,33.11666666666667,0.34959349593495936,2026-02,unreliable_trip_rate,0.0,0.0,1.0,0.0,False
79,East Village,3,3643,1273,12.179325647360233,10.766666666666667,0.3494372769695306,2026-02,unreliable_trip_rate,0.0,0.0,0.23634367279714522,0.7636563272028548,False
244,Washington Heights South,10,352,123,26.219507575757575,22.616666666666667,0.3494318181818182,2026-02,unreliable_trip_rate,0.0,0.0,1.0,0.0,False
198,Ridgewood,22,83,29,21.23052208835341,21.566666666666666,0.3493975903614458,2026-02,unreliable_trip_rate,0.0,0.0,1.0,0.0,False
224,Stuy Town/Peter Cooper Village,17,521,182,16.343058221369162,14.466666666666667,0.3493282149712092,2026-02,unreliable_trip_rate,0.0,0.0,0.9251439539347409,0.07485604606525911,False
97,Fort Greene,7,209,73,27.99290271132376,25.05,0.3492822966507177,2026-02,unreliable_trip_rate,0.0,0.0,1.0,0.0,False
17,Bedford,12,189,66,33.11772486772487,26.766666666666666,0.3492063492063492,2026-02,unreliable_trip_rate,0.0,0.0,1.0,0.0,False
195,Red Hook,10,63,22,37.60899470899471,35.21666666666667,0.3492063492063492,2026-02,unreliable_trip_rate,0.0,0.0,1.0,0.0,False
231,TriBeCa/Civic Center,2,756,264,13.486970899470899,11.891666666666666,0.3492063492063492,2026-02,unreliable_trip_rate,0.0,0.0,0.8055555555555556,0.19444444444444445,False
75,East Harlem South,1,169,59,13.432741617357001,12.466666666666667,0.34911242603550297,2026-02,unreliable_trip_rate,0.0,0.0,1.0,0.0,False
249,West Village,3,2020,705,12.912194719471948,11.066666666666666,0.349009900990099,2026-02,unreliable_trip_rate,0.0,0.0,0.4405940594059406,0.5594059405940595,False
4,Alphabet City,13,427,149,19.837509758001563,16.733333333333334,0.34894613583138173,2026-02,unreliable_trip_rate,0.0,0.0,1.0,0.0,False
148,Lower East Side,7,470,164,17.27528368794326,14.425,0.34893617021276596,2026-02,unreliable_trip_rate,0.0,0.0,1.0,0.0,False
40,Carroll Gardens,18,129,45,25.551937984496124,23.983333333333334,0.3488372093023256,2026-02,unreliable_trip_rate,0.0,0.0,1.0,0.0,False
117,Hammels/Arverne,15,43,15,62.09069767441861,58.9,0.3488372093023256,2026-02,unreliable_trip_rate,0.0,0.0,1.0,0.0,False
127,Inwood,3,43,15,13.745348837209301,12.7,0.3488372093023256,2026-02,unreliable_trip_rate,0.0,0.0,1.0,0.0,False
134,Kew Gardens,11,43,15,30.384883720930233,22.1,0.3488372093023256,2026-02,unreliable_trip_rate,0.0,0.0,1.0,0.0,False
202,Roosevelt Island,8,43,15,44.15038759689923,42.583333333333336,0.3488372093023256,2026-02,unreliable_trip_rate,0.0,0.0,1.0,0.0,False
254,Williamsbridge/Olinville,23,43,15,22.0984496124031,18.116666666666667,0.3488372093023256,2026-02,unreliable_trip_rate,0.0,0.0,1.0,0.0,False
170,Murray Hill,15,4473,1560,19.051568671286983,14.633333333333333,0.3487592219986586,2026-02,unreliable_trip_rate,0.0,0.0,0.1222892913033758,0.8777107086966242,False
263,Yorkville West,6,1600,558,11.773989583333334,10.108333333333334,0.34875,2026-02,unreliable_trip_rate,0.0,0.0,0.345625,0.654375,False
25,Boerum Hill,11,152,53,32.7594298245614,26.233333333333334,0.34868421052631576,2026-02,unreliable_trip_rate,0.0,0.0,1.0,0.0,False
38,Cambria Heights,6,66,23,60.295707070707074,66.14166666666667,0.3484848484848485,2026-02,unreliable_trip_rate,0.0,0.0,1.0,0.0,False
138,LaGuardia Airport,6,66,23,26.560606060606062,25.325,0.3484848484848485,2026-02,unreliable_trip_rate,0.0,0.0,1.0,0.0,False
262,Yorkville East,0,270,94,12.733641975308643,12.158333333333333,0.34814814814814815,2026-02,unreliable_trip_rate,0.0,0.0,1.0,0.0,False
170,Murray Hill,1,991,345,12.535956945845946,11.15,0.3481331987891019,2026-02,unreliable_trip_rate,0.0,0.0,0.7749747729566094,0.2250252270433905,False
246,West Chelsea/Hudson Yards,12,2709,943,17.885646610065216,15.616666666666667,0.34809892949427834,2026-02,unreliable_trip_rate,0.0,0.0,0.1731266149870801,0.8268733850129198,False
233,UN/Turtle Bay South,6,546,190,11.679426129426128,9.983333333333334,0.34798534798534797,2026-02,unreliable_trip_rate,0.0,0.0,0.8864468864468864,0.11355311355311355,False
22,Bensonhurst West,9,69,24,40.49830917874396,31.5,0.34782608695652173,2026-02,unreliable_trip_rate,0.0,0.0,1.0,0.0,False
37,Bushwick South,9,299,104,30.029821627647713,26.7,0.34782608695652173,2026-02,unreliable_trip_rate,0.0,0.0,1.0,0.0,False
62,Crown Heights South,10,138,48,36.21799516908212,31.783333333333335,0.34782608695652173,2026-02,unreliable_trip_rate,0.0,0.0,1.0,0.0,False
86,Far Rockaway,12,46,16,75.56376811594203,74.6,0.34782608695652173,2026-02,unreliable_trip_rate,0.0,0.0,1.0,0.0,False
102,Glendale,18,46,16,24.894927536231886,23.433333333333334,0.34782608695652173,2026-02,unreliable_trip_rate,0.0,0.0,1.0,0.0,False
126,Hunts Point,19,46,16,23.077173913043477,19.725,0.34782608695652173,2026-02,unreliable_trip_rate,0.0,0.0,1.0,0.0,False
160,Middle Village,18,69,24,26.21570048309179,23.933333333333334,0.34782608695652173,2026-02,unreliable_trip_rate,0.0,0.0,1.0,0.0,False
174,Norwood,8,69,24,32.504347826086956,24.616666666666667,0.34782608695652173,2026-02,unreliable_trip_rate,0.0,0.0,1.0,0.0,False
174,Norwood,10,46,16,39.153985507246375,34.6,0.34782608695652173,2026-02,unreliable_trip_rate,0.0,0.0,1.0,0.0,False
182,Parkchester,4,46,16,35.26086956521739,34.05833333333334,0.34782608695652173,2026-02,unreliable_trip_rate,0.0,0.0,1.0,0.0,False
212,Soundview/Bruckner,8,92,32,32.60054347826087,26.166666666666668,0.34782608695652173,2026-02,unreliable_trip_rate,0.0,0.0,1.0,0.0,False
220,Spuyten Duyvil/Kingsbridge,10,46,16,41.22463768115942,32.45,0.34782608695652173,2026-02,unreliable_trip_rate,0.0,0.0,1.0,0.0,False
141,Lenox Hill West,8,3836,1334,14.407446993395899,11.608333333333334,0.3477580813347237,2026-02,unreliable_trip_rate,0.0,0.0,0.11913451511991657,0.8808654848800834,False
170,Murray Hill,13,4685,1629,17.843518320882247,15.4,0.3477054429028815,2026-02,unreliable_trip_rate,0.0,0.0,0.11248665955176095,0.887513340448239,False
232,Two Bridges/Seward Park,13,420,146,22.395317460317457,19.09166666666667,0.3476190476190476,2026-02,unreliable_trip_rate,0.0,0.0,1.0,0.0,False
43,Central Park,23,469,163,12.235323383084577,10.233333333333333,0.34754797441364604,2026-02,unreliable_trip_rate,0.0,0.0,1.0,0.0,False
48,Clinton East,2,1439,500,12.694927032661571,11.866666666666667,0.34746351633078526,2026-02,unreliable_trip_rate,0.0,0.0,0.5892981236970118,0.4107018763029882,False
143,Lincoln Square West,5,331,115,15.2460221550856,10.616666666666667,0.3474320241691843,2026-02,unreliable_trip_rate,0.0,0.0,1.0,0.0,False
89,Flatbush/Ditmas Park,9,308,107,38.23971861471862,33.325,0.3474025974025974,2026-02,unreliable_trip_rate,0.0,0.0,1.0,0.0,False
52,Cobble Hill,18,95,33,21.027368421052632,19.333333333333332,0.3473684210526316,2026-02,unreliable_trip_rate,0.0,0.0,1.0,0.0,False
226,Sunnyside,20,239,83,19.2197350069735,17.05,0.3472803347280335,2026-02,unreliable_trip_rate,0.0,0.0,1.0,0.0,False
230,Times Sq/Theatre District,13,3463,1202,19.849634228510926,13.183333333333334,0.3470978920011551,2026-02,unreliable_trip_rate,0.0,0.0,0.13889691019347386,0.8611030898065262,False
261,World Trade Center,11,562,195,21.61423487544484,19.983333333333334,0.3469750889679715,2026-02,unreliable_trip_rate,0.0,0.0,0.9448398576512456,0.05516014234875445,False
43,Central Park,6,245,85,12.019931972789115,9.433333333333334,0.3469387755102041,2026-02,unreliable_trip_rate,0.0,0.0,1.0,0.0,False
52,Cobble Hill,11,49,17,28.616666666666667,24.333333333333332,0.3469387755102041,2026-02,unreliable_trip_rate,0.0,0.0,1.0,0.0,False
168,Mott Haven/Port Morris,18,196,68,22.096938775510203,19.125,0.3469387755102041,2026-02,unreliable_trip_rate,0.0,0.0,1.0,0.0,False
45,Chinatown,22,565,196,16.543097345132743,15.2,0.34690265486725663,2026-02,unreliable_trip_rate,0.0,0.0,0.9203539823008849,0.07964601769911504,False
141,Lenox Hill West,21,3500,1214,11.616480952380952,10.125,0.34685714285714286,2026-02,unreliable_trip_rate,0.0,0.0,0.17085714285714285,0.8291428571428572,False
65,Downtown Brooklyn/MetroTech,13,173,60,28.865125240847785,25.566666666666666,0.3468208092485549,2026-02,unreliable_trip_rate,0.0,0.0,1.0,0.0,False
17,Bedford,9,248,86,32.81639784946236,29.40833333333333,0.3467741935483871,2026-02,unreliable_trip_rate,0.0,0.0,1.0,0.0,False
164,Midtown South,2,1093,379,12.715065568770967,11.466666666666667,0.3467520585544373,2026-02,unreliable_trip_rate,0.0,0.0,0.7785910338517841,0.22140896614821592,False
234,Union Sq,13,4021,1394,17.006934427588494,13.733333333333334,0.3466799303655807,2026-02,unreliable_trip_rate,0.0,0.0,0.11290723700571997,0.8870927629942801,False
82,Elmhurst,22,150,52,16.66,15.566666666666666,0.3466666666666667,2026-02,unreliable_trip_rate,0.0,0.0,1.0,0.0,False
205,Saint Albans,10,75,26,45.67422222222222,40.2,0.3466666666666667,2026-02,unreliable_trip_rate,0.0,0.0,1.0,0.0,False
213,Soundview/Castle Hill,9,150,52,40.26933333333333,35.016666666666666,0.3466666666666667,2026-02,unreliable_trip_rate,0.0,0.0,1.0,0.0,False
45,Chinatown,23,476,165,16.58357843137255,15.475,0.34663865546218486,2026-02,unreliable_trip_rate,0.0,0.0,0.930672268907563,0.06932773109243698,False
45,Chinatown,2,176,61,16.278125,14.908333333333333,0.3465909090909091,2026-02,unreliable_trip_rate,0.0,0.0,1.0,0.0,False
140,Lenox Hill East,9,3673,1273,15.826023232598239,14.483333333333333,0.3465831745167438,2026-02,unreliable_trip_rate,0.0,0.0,0.16879934658317453,0.8312006534168255,False
188,Prospect-Lefferts Gardens,19,202,70,28.650000000000002,26.775,0.3465346534653465,2026-02,unreliable_trip_rate,0.0,0.0,1.0,0.0,False
243,Washington Heights North,19,228,79,20.504459064327484,18.808333333333334,0.34649122807017546,2026-02,unreliable_trip_rate,0.0,0.0,0.868421052631579,0.13157894736842105,False
35,Brownsville,18,127,44,32.56601049868766,28.3,0.3464566929133858,2026-02,unreliable_trip_rate,0.0,0.0,1.0,0.0,False
17,Bedford,15,179,62,33.24823091247672,28.566666666666666,0.3463687150837989,2026-02,unreliable_trip_rate,0.0,0.0,1.0,0.0,False
107,Gramercy,13,2916,1010,17.198982624599907,14.05,0.34636488340192045,2026-02,unreliable_trip_rate,0.0,0.0,0.16186556927297668,0.8381344307270233,False
92,Flushing,13,52,18,34.66185897435898,31.941666666666663,0.34615384615384615,2026-02,unreliable_trip_rate,0.0,0.0,1.0,0.0,False
133,Kensington,8,104,36,33.06362179487179,29.483333333333334,0.34615384615384615,2026-02,unreliable_trip_rate,0.0,0.0,1.0,0.0,False
195,Red Hook,15,52,18,41.2073717948718,32.5,0.34615384615384615,2026-02,unreliable_trip_rate,0.0,0.0,1.0,0.0,False
213,Soundview/Castle Hill,14,52,18,40.49487179487179,34.175,0.34615384615384615,2026-02,unreliable_trip_rate,0.0,0.0,1.0,0.0,False
227,Sunset Park East,13,52,18,42.80673076923077,37.599999999999994,0.34615384615384615,2026-02,unreliable_trip_rate,0.0,0.0,1.0,0.0,False
233,UN/Turtle Bay South,2,156,54,11.375961538461539,9.258333333333333,0.34615384615384615,2026-02,unreliable_trip_rate,0.0,0.0,1.0,0.0,False
249,West Village,5,416,144,12.240264423076923,9.291666666666668,0.34615384615384615,2026-02,unreliable_trip_rate,0.0,0.0,1.0,0.0,False
260,Woodside,10,78,27,22.449786324786324,22.725,0.34615384615384615,2026-02,unreliable_trip_rate,0.0,0.0,1.0,0.0,False
230,Times Sq/Theatre District,10,3181,1101,17.934899926647805,12.9,0.3461175730902232,2026-02,unreliable_trip_rate,0.0,0.0,0.13329141779314682,0.8667085822068532,False
229,Sutton Place/Turtle Bay North,8,2791,966,15.008605040009556,12.183333333333334,0.34611250447868147,2026-02,unreliable_trip_rate,0.0,0.0,0.16230741669652454,0.8376925833034754,False
182,Parkchester,7,159,55,38.66603773584905,32.65,0.34591194968553457,2026-02,unreliable_trip_rate,0.0,0.0,1.0,0.0,False
50,Clinton West,6,451,156,13.652254249815226,11.966666666666667,0.3458980044345898,2026-02,unreliable_trip_rate,0.0,0.0,0.9312638580931264,0.06873614190687362,False
152,Manhattanville,21,292,101,16.836301369863012,15.45,0.3458904109589041,2026-02,unreliable_trip_rate,0.0,0.0,1.0,0.0,False
179,Old Astoria,13,133,46,27.219423558897244,24.833333333333332,0.3458646616541353,2026-02,unreliable_trip_rate,0.0,0.0,1.0,0.0,False
41,Central Harlem,2,107,37,13.331931464174454,12.4,0.34579439252336447,2026-02,unreliable_trip_rate,0.0,0.0,1.0,0.0,False
177,Ocean Hill,19,107,37,30.271962616822428,26.266666666666666,0.34579439252336447,2026-02,unreliable_trip_rate,0.0,0.0,1.0,0.0,False
263,Yorkville West,8,2983,1031,14.910738630014526,13.316666666666666,0.3456252095206168,2026-02,unreliable_trip_rate,0.0,0.0,0.16895742541066042,0.8310425745893396,False
167,Morrisania/Melrose,6,136,47,39.11102941176471,35.29166666666667,0.34558823529411764,2026-02,unreliable_trip_rate,0.0,0.0,1.0,0.0,False
164,Midtown South,23,3491,1206,14.467425761481906,12.983333333333334,0.3454597536522486,2026-02,unreliable_trip_rate,0.0,0.0,0.19306788885706103,0.806932111142939,False
61,Crown Heights North,14,330,114,38.992525252525255,33.15,0.34545454545454546,2026-02,unreliable_trip_rate,0.0,0.0,1.0,0.0,False
71,East Flatbush/Farragut,17,110,38,35.24075757575758,31.008333333333333,0.34545454545454546,2026-02,unreliable_trip_rate,0.0,0.0,1.0,0.0,False
260,Woodside,2,55,19,14.92121212121212,13.683333333333334,0.34545454545454546,2026-02,unreliable_trip_rate,0.0,0.0,1.0,0.0,False
37,Bushwick South,6,304,105,26.7827850877193,24.891666666666666,0.34539473684210525,2026-02,unreliable_trip_rate,0.0,0.0,1.0,0.0,False
232,Two Bridges/Seward Park,6,365,126,17.861780821917808,15.066666666666666,0.3452054794520548,2026-02,unreliable_trip_rate,0.0,0.0,0.8684931506849315,0.13150684931506848,False
42,Central Harlem North,2,113,39,13.66297935103245,13.35,0.34513274336283184,2026-02,unreliable_trip_rate,0.0,0.0,1.0,0.0,False
188,Prospect-Lefferts Gardens,7,229,79,41.69366812227074,38.25,0.34497816593886466,2026-02,unreliable_trip_rate,0.0,0.0,1.0,0.0,False
226,Sunnyside,11,229,79,24.193740902474527,21.716666666666665,0.34497816593886466,2026-02,unreliable_trip_rate,0.0,0.0,1.0,0.0,False
90,Flatiron,18,3969,1369,14.900256151843454,12.533333333333333,0.344923154446964,2026-02,unreliable_trip_rate,0.0,0.0,0.11589821113630637,0.8841017888636936,False
65,Downtown Brooklyn/MetroTech,18,374,129,25.267736185383242,22.15,0.3449197860962567,2026-02,unreliable_trip_rate,0.0,0.0,1.0,0.0,False
166,Morningside Heights,19,1824,629,17.26982821637427,15.325,0.34484649122807015,2026-02,unreliable_trip_rate,0.0,0.0,0.2741228070175439,0.7258771929824561,False
123,Homecrest,14,58,20,36.21695402298851,27.03333333333333,0.3448275862068966,2026-02,unreliable_trip_rate,0.0,0.0,1.0,0.0,False
168,Mott Haven/Port Morris,20,116,40,24.04310344827586,20.59166666666667,0.3448275862068966,2026-02,unreliable_trip_rate,0.0,0.0,1.0,0.0,False
88,Financial District South,15,557,192,29.688539796529025,21.4,0.34470377019748655,2026-02,unreliable_trip_rate,0.0,0.0,0.9425493716337523,0.05745062836624776,False
137,Kips Bay,20,2640,910,13.953143939393941,12.75,0.3446969696969697,2026-02,unreliable_trip_rate,0.0,0.0,0.20757575757575758,0.7924242424242425,False
162,Midtown East,13,4968,1712,18.213335346215782,15.725,0.3446054750402576,2026-02,unreliable_trip_rate,0.0,0.0,0.09440418679549115,0.9055958132045089,False
225,Stuyvesant Heights,10,267,92,38.65948813982522,33.666666666666664,0.3445692883895131,2026-02,unreliable_trip_rate,0.0,0.0,1.0,0.0,False
152,Manhattanville,9,238,82,22.9015406162465,20.733333333333334,0.3445378151260504,2026-02,unreliable_trip_rate,0.0,0.0,1.0,0.0,False
17,Bedford,7,209,72,29.933173843700157,26.95,0.3444976076555024,2026-02,unreliable_trip_rate,0.0,0.0,1.0,0.0,False
237,Upper East Side South,7,3942,1358,11.362502113986132,8.133333333333333,0.34449518011161845,2026-02,unreliable_trip_rate,0.0,0.0,0.0943683409436834,0.9056316590563166,False
162,Midtown East,10,4070,1402,16.56600737100737,14.533333333333333,0.34447174447174445,2026-02,unreliable_trip_rate,0.0,0.0,0.0914004914004914,0.9085995085995086,False
92,Flushing,21,90,31,18.420925925925925,16.433333333333334,0.34444444444444444,2026-02,unreliable_trip_rate,0.0,0.0,1.0,0.0,False
237,Upper East Side South,3,180,62,10.731388888888889,9.233333333333334,0.34444444444444444,2026-02,unreliable_trip_rate,0.0,0.0,1.0,0.0,False
127,Inwood,7,151,52,26.518432671081676,24.0,0.3443708609271523,2026-02,unreliable_trip_rate,0.0,0.0,1.0,0.0,False
146,Long Island City/Queens Plaza,14,151,52,24.425938189845475,21.7,0.3443708609271523,2026-02,unreliable_trip_rate,0.0,0.0,1.0,0.0,False
263,Yorkville West,17,4432,1526,14.106701263537907,10.991666666666667,0.3443140794223827,2026-02,unreliable_trip_rate,0.0,0.0,0.12567689530685922,0.8743231046931408,False
146,Long Island City/Queens Plaza,1,61,21,16.971311475409838,15.283333333333333,0.3442622950819672,2026-02,unreliable_trip_rate,0.0,0.0,1.0,0.0,False
239,Upper West Side South,3,122,42,13.181284153005464,11.516666666666666,0.3442622950819672,2026-02,unreliable_trip_rate,0.0,0.0,1.0,0.0,False
43,Central Park,16,3637,1252,15.901182293098707,12.25,0.3442397580423426,2026-02,unreliable_trip_rate,0.0,0.0,0.12070387682155623,0.8792961231784437,False
13,Battery Park City,11,828,285,18.942512077294687,16.983333333333334,0.3442028985507246,2026-02,unreliable_trip_rate,0.0,0.0,0.748792270531401,0.25120772946859904,False
49,Clinton Hill,11,154,53,31.55367965367965,27.083333333333336,0.34415584415584416,2026-02,unreliable_trip_rate,0.0,0.0,1.0,0.0,False
48,Clinton East,3,1238,426,12.675982767905223,11.833333333333334,0.3441033925686591,2026-02,unreliable_trip_rate,0.0,0.0,0.6777059773828756,0.3222940226171244,False
211,SoHo,14,1395,480,18.955077658303463,16.05,0.34408602150537637,2026-02,unreliable_trip_rate,0.0,0.0,0.34121863799283153,0.6587813620071684,False
225,Stuyvesant Heights,13,218,75,34.299541284403674,30.125,0.3440366972477064,2026-02,unreliable_trip_rate,0.0,0.0,1.0,0.0,False
87,Financial District North,12,718,247,20.525487465181058,18.133333333333333,0.34401114206128136,2026-02,unreliable_trip_rate,0.0,0.0,0.9136490250696379,0.08635097493036212,False
4,Alphabet City,17,567,195,19.041769547325103,16.183333333333334,0.3439153439153439,2026-02,unreliable_trip_rate,0.0,0.0,0.9470899470899471,0.05291005291005291,False
225,Stuyvesant Heights,18,221,76,30.49917043740573,27.2,0.3438914027149321,2026-02,unreliable_trip_rate,0.0,0.0,1.0,0.0,False
63,Cypress Hills,4,32,11,21.325,17.53333333333333,0.34375,2026-02,unreliable_trip_rate,0.0,0.0,1.0,0.0,False
102,Glendale,9,32,11,28.613020833333334,23.275,0.34375,2026-02,unreliable_trip_rate,0.0,0.0,1.0,0.0,False
119,Highbridge,18,32,11,32.633854166666666,22.041666666666664,0.34375,2026-02,unreliable_trip_rate,0.0,0.0,1.0,0.0,False
147,Longwood,11,32,11,46.6015625,36.733333333333334,0.34375,2026-02,unreliable_trip_rate,0.0,0.0,1.0,0.0,False
159,Melrose South,4,32,11,13.830729166666668,11.958333333333334,0.34375,2026-02,unreliable_trip_rate,0.0,0.0,1.0,0.0,False
196,Rego Park,10,32,11,36.930729166666666,32.41666666666667,0.34375,2026-02,unreliable_trip_rate,0.0,0.0,1.0,0.0,False
200,Riverdale/North Riverdale/Fieldston,12,32,11,32.397395833333334,29.266666666666666,0.34375,2026-02,unreliable_trip_rate,0.0,0.0,1.0,0.0,False
247,West Concourse,16,96,33,34.08402777777778,26.558333333333334,0.34375,2026-02,unreliable_trip_rate,0.0,0.0,1.0,0.0,False
248,West Farms/Bronx River,10,32,11,40.42916666666667,35.775000000000006,0.34375,2026-02,unreliable_trip_rate,0.0,0.0,1.0,0.0,False
257,Windsor Terrace,12,32,11,35.346354166666664,32.49166666666667,0.34375,2026-02,unreliable_trip_rate,0.0,0.0,1.0,0.0,False
259,Woodlawn/Wakefield,11,32,11,48.72083333333333,49.00833333333333,0.34375,2026-02,unreliable_trip_rate,0.0,0.0,1.0,0.0,False
265,Outside of NYC,13,32,11,20.133854166666666,15.975000000000001,0.34375,2026-02,unreliable_trip_rate,0.0,0.0,1.0,0.0,False
226,Sunnyside,19,419,144,21.749323786793955,19.533333333333335,0.3436754176610978,2026-02,unreliable_trip_rate,0.0,0.0,1.0,0.0,False
43,Central Park,0,259,89,11.581788931788932,9.566666666666666,0.3436293436293436,2026-02,unreliable_trip_rate,0.0,0.0,1.0,0.0,False
40,Carroll Gardens,7,131,45,22.78358778625954,22.716666666666665,0.3435114503816794,2026-02,unreliable_trip_rate,0.0,0.0,1.0,0.0,False
137,Kips Bay,5,524,180,10.98409669211196,8.725,0.3435114503816794,2026-02,unreliable_trip_rate,0.0,0.0,1.0,0.0,False
42,Central Harlem North,21,495,170,18.877070707070708,17.55,0.3434343434343434,2026-02,unreliable_trip_rate,0.0,0.0,0.8545454545454545,0.14545454545454545,False
127,Inwood,20,67,23,21.754726368159204,20.35,0.34328358208955223,2026-02,unreliable_trip_rate,0.0,0.0,1.0,0.0,False
211,SoHo,16,1678,576,19.591607071911007,17.116666666666667,0.3432657926102503,2026-02,unreliable_trip_rate,0.0,0.0,0.3390941597139452,0.6609058402860548,False
87,Financial District North,9,539,185,22.29291898577613,20.616666666666667,0.3432282003710575,2026-02,unreliable_trip_rate,0.0,0.0,0.9369202226345084,0.06307977736549165,False
4,Alphabet City,5,236,81,15.134533898305085,13.025,0.3432203389830508,2026-02,unreliable_trip_rate,0.0,0.0,1.0,0.0,False
4,Alphabet City,0,1116,383,14.496161887694146,13.633333333333333,0.3431899641577061,2026-02,unreliable_trip_rate,0.0,0.0,0.6478494623655914,0.3521505376344086,False
78,East Tremont,8,102,35,41.78415032679739,35.15833333333333,0.3431372549019608,2026-02,unreliable_trip_rate,0.0,0.0,1.0,0.0,False
144,Little Italy/NoLiTa,14,1565,537,19.586017039403618,16.816666666666666,0.34313099041533546,2026-02,unreliable_trip_rate,0.0,0.0,0.3610223642172524,0.6389776357827476,False
164,Midtown South,16,3650,1252,18.10948401826484,14.166666666666666,0.343013698630137,2026-02,unreliable_trip_rate,0.0,0.0,0.13972602739726028,0.8602739726027397,False
7,Astoria,11,277,95,25.60006016847172,23.283333333333335,0.34296028880866425,2026-02,unreliable_trip_rate,0.0,0.0,1.0,0.0,False
161,Midtown Center,11,5645,1936,17.06380277531739,13.2,0.3429583702391497,2026-02,unreliable_trip_rate,0.0,0.0,0.06713906111603189,0.9328609388839681,False
62,Crown Heights South,12,105,36,36.282698412698416,32.78333333333333,0.34285714285714286,2026-02,unreliable_trip_rate,0.0,0.0,1.0,0.0,False
63,Cypress Hills,22,35,12,19.584285714285716,18.466666666666665,0.34285714285714286,2026-02,unreliable_trip_rate,0.0,0.0,1.0,0.0,False
76,East New York,3,35,12,22.361428571428572,18.3,0.34285714285714286,2026-02,unreliable_trip_rate,0.0,0.0,1.0,0.0,False
80,East Williamsburg,15,140,48,29.620595238095238,26.116666666666667,0.34285714285714286,2026-02,unreliable_trip_rate,0.0,0.0,1.0,0.0,False
122,Hollis,9,35,12,50.55952380952381,45.21666666666667,0.34285714285714286,2026-02,unreliable_trip_rate,0.0,0.0,1.0,0.0,False
149,Madison,18,35,12,28.44333333333333,23.533333333333335,0.34285714285714286,2026-02,unreliable_trip_rate,0.0,0.0,1.0,0.0,False
157,Maspeth,10,35,12,19.137619047619047,16.016666666666666,0.34285714285714286,2026-02,unreliable_trip_rate,0.0,0.0,1.0,0.0,False
241,Van Cortlandt Village,13,35,12,39.50857142857143,33.75,0.34285714285714286,2026-02,unreliable_trip_rate,0.0,0.0,1.0,0.0,False
255,Williamsburg (North Side),10,70,24,24.744523809523812,22.066666666666666,0.34285714285714286,2026-02,unreliable_trip_rate,0.0,0.0,1.0,0.0,False
211,SoHo,18,2316,794,17.27505757052389,14.683333333333334,0.34283246977547494,2026-02,unreliable_trip_rate,0.0,0.0,0.27849740932642486,0.7215025906735751,False
7,Astoria,13,283,97,25.67567726737338,24.0,0.34275618374558303,2026-02,unreliable_trip_rate,0.0,0.0,1.0,0.0,False
17,Bedford,19,248,85,25.079166666666666,22.375,0.34274193548387094,2026-02,unreliable_trip_rate,0.0,0.0,1.0,0.0,False
226,Sunnyside,9,286,98,25.00378787878788,24.18333333333333,0.34265734265734266,2026-02,unreliable_trip_rate,0.0,0.0,1.0,0.0,False
232,Two Bridges/Seward Park,12,429,147,22.05846930846931,19.35,0.34265734265734266,2026-02,unreliable_trip_rate,0.0,0.0,1.0,0.0,False
254,Williamsbridge/Olinville,6,143,49,43.394755244755245,39.55,0.34265734265734266,2026-02,unreliable_trip_rate,0.0,0.0,1.0,0.0,False
232,Two Bridges/Seward Park,23,610,209,16.378852459016393,15.358333333333334,0.34262295081967215,2026-02,unreliable_trip_rate,0.0,0.0,0.9393442622950819,0.060655737704918035,False
13,Battery Park City,14,969,332,21.180839353285172,18.75,0.34262125902992774,2026-02,unreliable_trip_rate,0.0,0.0,0.7162022703818369,0.2837977296181631,False
262,Yorkville East,10,3383,1159,13.92193812198246,11.25,0.3425953295891221,2026-02,unreliable_trip_rate,0.0,0.0,0.1412947088383092,0.8587052911616908,False
4,Alphabet City,16,400,137,20.486958333333334,17.291666666666664,0.3425,2026-02,unreliable_trip_rate,0.0,0.0,1.0,0.0,False
170,Murray Hill,2,546,187,12.016483516483516,10.525,0.3424908424908425,2026-02,unreliable_trip_rate,0.0,0.0,1.0,0.0,False
141,Lenox Hill West,7,3025,1036,12.336716253443527,9.616666666666667,0.3424793388429752,2026-02,unreliable_trip_rate,0.0,0.0,0.13917355371900827,0.8608264462809917,False
69,East Concourse/Concourse Village,15,73,25,36.573059360730596,27.633333333333333,0.3424657534246575,2026-02,unreliable_trip_rate,0.0,0.0,1.0,0.0,False
181,Park Slope,19,292,100,25.233390410958904,23.716666666666665,0.3424657534246575,2026-02,unreliable_trip_rate,0.0,0.0,1.0,0.0,False
88,Financial District South,11,330,113,23.6689898989899,19.383333333333333,0.3424242424242424,2026-02,unreliable_trip_rate,0.0,0.0,1.0,0.0,False
87,Financial District North,17,1668,571,23.18414268585132,19.016666666666666,0.342326139088729,2026-02,unreliable_trip_rate,0.0,0.0,0.5059952038369304,0.4940047961630695,False
152,Manhattanville,8,298,102,22.564988814317672,20.35,0.3422818791946309,2026-02,unreliable_trip_rate,0.0,0.0,1.0,0.0,False
162,Midtown East,2,336,115,12.414136904761904,10.791666666666668,0.34226190476190477,2026-02,unreliable_trip_rate,0.0,0.0,1.0,0.0,False
152,Manhattanville,13,225,77,19.58725925925926,17.35,0.3422222222222222,2026-02,unreliable_trip_rate,0.0,0.0,1.0,0.0,False
86,Far Rockaway,7,76,26,64.30526315789473,63.40833333333333,0.34210526315789475,2026-02,unreliable_trip_rate,0.0,0.0,1.0,0.0,False
135,Kew Gardens Hills,18,38,13,24.8109649122807,21.45,0.34210526315789475,2026-02,unreliable_trip_rate,0.0,0.0,1.0,0.0,False
152,Manhattanville,22,190,65,15.658684210526316,13.366666666666667,0.34210526315789475,2026-02,unreliable_trip_rate,0.0,0.0,1.0,0.0,False
155,Marine Park/Mill Basin,12,76,26,32.76578947368421,28.758333333333333,0.34210526315789475,2026-02,unreliable_trip_rate,0.0,0.0,1.0,0.0,False
88,Financial District South,16,763,261,29.37311052861512,23.316666666666666,0.3420707732634338,2026-02,unreliable_trip_rate,0.0,0.0,0.8584534731323722,0.14154652686762778,False
7,Astoria,15,310,106,26.150967741935485,22.866666666666667,0.3419354838709677,2026-02,unreliable_trip_rate,0.0,0.0,1.0,0.0,False
88,Financial District South,17,892,305,25.942507473841555,21.21666666666667,0.3419282511210762,2026-02,unreliable_trip_rate,0.0,0.0,0.7914798206278026,0.2085201793721973,False
45,Chinatown,20,582,199,17.458132875143185,15.908333333333333,0.34192439862542956,2026-02,unreliable_trip_rate,0.0,0.0,0.9484536082474226,0.05154639175257732,False
262,Yorkville East,17,3510,1200,14.991329534662867,12.191666666666666,0.3418803418803419,2026-02,unreliable_trip_rate,0.0,0.0,0.15669515669515668,0.8433048433048433,False
170,Murray Hill,14,4678,1599,18.661489952971355,15.516666666666667,0.34181274048738775,2026-02,unreliable_trip_rate,0.0,0.0,0.11693031209918768,0.8830696879008123,False
146,Long Island City/Queens Plaza,17,316,108,24.76513713080169,22.016666666666666,0.34177215189873417,2026-02,unreliable_trip_rate,0.0,0.0,0.8860759493670886,0.11392405063291139,False
177,Ocean Hill,9,237,81,31.563220815752462,28.566666666666666,0.34177215189873417,2026-02,unreliable_trip_rate,0.0,0.0,1.0,0.0,False
129,Jackson Heights,20,199,68,19.959212730318256,18.733333333333334,0.3417085427135678,2026-02,unreliable_trip_rate,0.0,0.0,1.0,0.0,False
51,Co-Op City,15,41,14,53.42032520325203,45.21666666666667,0.34146341463414637,2026-02,unreliable_trip_rate,0.0,0.0,1.0,0.0,False
55,Coney Island,5,41,14,49.078455284552845,48.46666666666667,0.34146341463414637,2026-02,unreliable_trip_rate,0.0,0.0,1.0,0.0,False
82,Elmhurst,5,82,28,16.695528455284553,15.791666666666666,0.34146341463414637,2026-02,unreliable_trip_rate,0.0,0.0,1.0,0.0,False
119,Highbridge,7,123,42,31.393224932249325,25.466666666666665,0.34146341463414637,2026-02,unreliable_trip_rate,0.0,0.0,1.0,0.0,False
121,Hillcrest/Pomonok,6,41,14,36.9390243902439,34.083333333333336,0.34146341463414637,2026-02,unreliable_trip_rate,0.0,0.0,1.0,0.0,False
217,South Williamsburg,8,41,14,34.66463414634146,27.1,0.34146341463414637,2026-02,unreliable_trip_rate,0.0,0.0,1.0,0.0,False
228,Sunset Park West,16,123,42,34.45840108401084,30.7,0.34146341463414637,2026-02,unreliable_trip_rate,0.0,0.0,1.0,0.0,False
4,Alphabet City,14,454,155,20.492988252569752,16.933333333333334,0.34140969162995594,2026-02,unreliable_trip_rate,0.0,0.0,1.0,0.0,False
137,Kips Bay,19,3375,1152,14.423955555555555,12.7,0.3413333333333333,2026-02,unreliable_trip_rate,0.0,0.0,0.18548148148148147,0.8145185185185185,False
224,Stuy Town/Peter Cooper Village,10,542,185,16.533333333333335,14.316666666666666,0.3413284132841328,2026-02,unreliable_trip_rate,0.0,0.0,0.9280442804428044,0.07195571955719557,False
36,Bushwick North,16,126,43,32.360449735449734,27.375,0.3412698412698413,2026-02,unreliable_trip_rate,0.0,0.0,1.0,0.0,False
145,Long Island City/Hunters Point,18,768,262,22.92272135416667,21.433333333333334,0.3411458333333333,2026-02,unreliable_trip_rate,0.0,0.0,0.8515625,0.1484375,False
144,Little Italy/NoLiTa,21,2442,833,16.226713076713075,14.666666666666666,0.34111384111384113,2026-02,unreliable_trip_rate,0.0,0.0,0.26248976248976247,0.7375102375102375,False
130,Jamaica,8,129,44,34.589405684754524,28.1,0.34108527131782945,2026-02,unreliable_trip_rate,0.0,0.0,1.0,0.0,False
76,East New York,12,261,89,39.863601532567046,37.3,0.34099616858237547,2026-02,unreliable_trip_rate,0.0,0.0,1.0,0.0,False
145,Long Island City/Hunters Point,8,349,119,23.98538681948424,22.916666666666668,0.34097421203438394,2026-02,unreliable_trip_rate,0.0,0.0,0.9054441260744985,0.09455587392550144,False
48,Clinton East,18,4757,1622,15.185757830565482,12.666666666666668,0.3409712003363464,2026-02,unreliable_trip_rate,0.0,0.0,0.1088921589236914,0.8911078410763086,False
180,Ozone Park,7,44,15,38.17840909090909,33.84166666666667,0.3409090909090909,2026-02,unreliable_trip_rate,0.0,0.0,1.0,0.0,False
182,Parkchester,11,44,15,43.92537878787879,37.983333333333334,0.3409090909090909,2026-02,unreliable_trip_rate,0.0,0.0,1.0,0.0,False
219,Springfield Gardens South,16,44,15,46.17386363636364,46.266666666666666,0.3409090909090909,2026-02,unreliable_trip_rate,0.0,0.0,1.0,0.0,False
220,Spuyten Duyvil/Kingsbridge,16,44,15,31.74318181818182,26.200000000000003,0.3409090909090909,2026-02,unreliable_trip_rate,0.0,0.0,1.0,0.0,False
262,Yorkville East,6,1678,572,11.408750496622964,9.958333333333332,0.34088200238379024,2026-02,unreliable_trip_rate,0.0,0.0,0.32419547079856975,0.6758045292014303,False
4,Alphabet City,9,640,218,18.146432291666667,16.033333333333335,0.340625,2026-02,unreliable_trip_rate,0.0,0.0,0.8484375,0.1515625,False
75,East Harlem South,0,367,125,14.34763851044505,13.233333333333333,0.3405994550408719,2026-02,unreliable_trip_rate,0.0,0.0,1.0,0.0,False
223,Steinway,21,138,47,17.904710144927535,17.225,0.34057971014492755,2026-02,unreliable_trip_rate,0.0,0.0,1.0,0.0,False
225,Stuyvesant Heights,9,326,111,36.31441717791411,33.34166666666667,0.34049079754601225,2026-02,unreliable_trip_rate,0.0,0.0,1.0,0.0,False
244,Washington Heights South,9,467,159,26.981120628122767,23.216666666666665,0.3404710920770878,2026-02,unreliable_trip_rate,0.0,0.0,1.0,0.0,False
113,Greenwich Village North,18,3657,1245,14.801809315468052,11.866666666666667,0.34044298605414275,2026-02,unreliable_trip_rate,0.0,0.0,0.14766201804757997,0.85233798195242,False
33,Brooklyn Heights,12,235,80,33.87943262411348,28.683333333333334,0.3404255319148936,2026-02,unreliable_trip_rate,0.0,0.0,1.0,0.0,False
106,Gowanus,8,47,16,28.448581560283685,27.883333333333333,0.3404255319148936,2026-02,unreliable_trip_rate,0.0,0.0,1.0,0.0,False
159,Melrose South,0,47,16,18.253900709219856,16.266666666666666,0.3404255319148936,2026-02,unreliable_trip_rate,0.0,0.0,1.0,0.0,False
159,Melrose South,22,47,16,24.00886524822695,19.383333333333333,0.3404255319148936,2026-02,unreliable_trip_rate,0.0,0.0,1.0,0.0,False
169,Mount Hope,16,47,16,37.99148936170213,27.716666666666665,0.3404255319148936,2026-02,unreliable_trip_rate,0.0,0.0,1.0,0.0,False
213,Soundview/Castle Hill,23,47,16,16.327304964539007,14.516666666666667,0.3404255319148936,2026-02,unreliable_trip_rate,0.0,0.0,1.0,0.0,False
225,Stuyvesant Heights,19,188,64,27.636879432624117,26.883333333333333,0.3404255319148936,2026-02,unreliable_trip_rate,0.0,0.0,1.0,0.0,False
107,Gramercy,6,1178,401,11.22211375212224,9.791666666666668,0.3404074702886248,2026-02,unreliable_trip_rate,0.0,0.0,0.4524617996604414,0.5475382003395586,False
148,Lower East Side,19,2098,714,16.49246107403877,14.908333333333333,0.340324118207817,2026-02,unreliable_trip_rate,0.0,0.0,0.32125834127740704,0.678741658722593,False
166,Morningside Heights,4,144,49,12.826620370370371,11.966666666666667,0.3402777777777778,2026-02,unreliable_trip_rate,0.0,0.0,1.0,0.0,False
68,East Chelsea,15,4379,1490,19.120080688132752,16.55,0.3402603334094542,2026-02,unreliable_trip_rate,0.0,0.0,0.13016670472710665,0.8698332952728933,False
129,Jackson Heights,8,241,82,30.8253112033195,29.066666666666666,0.34024896265560167,2026-02,unreliable_trip_rate,0.0,0.0,1.0,0.0,False
95,Forest Hills,18,194,66,22.279725085910652,20.549999999999997,0.3402061855670103,2026-02,unreliable_trip_rate,0.0,0.0,1.0,0.0,False
237,Upper East Side South,8,5826,1982,11.899399244764846,8.916666666666666,0.34019910744936493,2026-02,unreliable_trip_rate,0.0,0.0,0.06831445245451424,0.9316855475454857,False
107,Gramercy,5,585,199,11.15957264957265,9.05,0.3401709401709402,2026-02,unreliable_trip_rate,0.0,0.0,0.8735042735042735,0.1264957264957265,False
61,Crown Heights North,6,300,102,31.78961111111111,28.858333333333334,0.34,2026-02,unreliable_trip_rate,0.0,0.0,1.0,0.0,False
198,Ridgewood,1,50,17,15.6,15.925,0.34,2026-02,unreliable_trip_rate,0.0,0.0,1.0,0.0,False
222,Starrett City,10,100,34,45.2275,40.233333333333334,0.34,2026-02,unreliable_trip_rate,0.0,0.0,1.0,0.0,False
222,Starrett City,15,50,17,36.236333333333334,33.516666666666666,0.34,2026-02,unreliable_trip_rate,0.0,0.0,1.0,0.0,False
235,University Heights/Morris Heights,14,50,17,41.93899999999999,32.86666666666666,0.34,2026-02,unreliable_trip_rate,0.0,0.0,1.0,0.0,False
258,Woodhaven,4,50,17,22.613666666666667,20.566666666666666,0.34,2026-02,unreliable_trip_rate,0.0,0.0,1.0,0.0,False
36,Bushwick North,8,103,35,30.634466019417474,25.6,0.33980582524271846,2026-02,unreliable_trip_rate,0.0,0.0,1.0,0.0,False
7,Astoria,21,421,143,19.696278701504355,19.35,0.33966745843230406,2026-02,unreliable_trip_rate,0.0,0.0,0.9239904988123515,0.07600950118764846,False
142,Lincoln Square East,7,2423,823,13.023201265648645,9.683333333333334,0.33966157655798596,2026-02,unreliable_trip_rate,0.0,0.0,0.15848122162608336,0.8415187783739166,False
29,Brighton Beach,12,53,18,48.112264150943396,45.78333333333333,0.33962264150943394,2026-02,unreliable_trip_rate,0.0,0.0,1.0,0.0,False
4,Alphabet City,15,433,147,22.446651270207852,17.9,0.3394919168591224,2026-02,unreliable_trip_rate,0.0,0.0,1.0,0.0,False
17,Bedford,0,109,37,22.293119266055044,21.2,0.3394495412844037,2026-02,unreliable_trip_rate,0.0,0.0,1.0,0.0,False
231,TriBeCa/Civic Center,5,165,56,15.146060606060605,12.65,0.3393939393939394,2026-02,unreliable_trip_rate,0.0,0.0,1.0,0.0,False
129,Jackson Heights,21,221,75,17.827978883861235,17.383333333333333,0.3393665158371041,2026-02,unreliable_trip_rate,0.0,0.0,1.0,0.0,False
152,Manhattanville,14,221,75,22.173831070889896,18.2,0.3393665158371041,2026-02,unreliable_trip_rate,0.0,0.0,1.0,0.0,False
133,Kensington,13,56,19,31.30982142857143,29.35,0.3392857142857143,2026-02,unreliable_trip_rate,0.0,0.0,1.0,0.0,False
197,Richmond Hill,10,56,19,26.850297619047616,19.041666666666664,0.3392857142857143,2026-02,unreliable_trip_rate,0.0,0.0,1.0,0.0,False
220,Spuyten Duyvil/Kingsbridge,15,56,19,31.925595238095237,25.43333333333333,0.3392857142857143,2026-02,unreliable_trip_rate,0.0,0.0,1.0,0.0,False
144,Little Italy/NoLiTa,17,2323,788,18.691971588463193,16.1,0.33921653034868704,2026-02,unreliable_trip_rate,0.0,0.0,0.2729229444683599,0.7270770555316401,False
89,Flatbush/Ditmas Park,15,171,58,33.76559454191033,29.366666666666667,0.3391812865497076,2026-02,unreliable_trip_rate,0.0,0.0,1.0,0.0,False
142,Lincoln Square East,15,5452,1849,15.266822572756174,11.866666666666667,0.33914159941305944,2026-02,unreliable_trip_rate,0.0,0.0,0.10344827586206896,0.896551724137931,False
130,Jamaica,12,115,39,33.85086956521739,27.416666666666668,0.3391304347826087,2026-02,unreliable_trip_rate,0.0,0.0,1.0,0.0,False
24,Bloomingdale,7,531,180,18.34450721908349,16.45,0.3389830508474576,2026-02,unreliable_trip_rate,0.0,0.0,0.8248587570621468,0.1751412429378531,False
243,Washington Heights North,10,177,60,29.32984934086629,24.983333333333334,0.3389830508474576,2026-02,unreliable_trip_rate,0.0,0.0,1.0,0.0,False
137,Kips Bay,4,419,142,10.86901352426412,9.3,0.33890214797136037,2026-02,unreliable_trip_rate,0.0,0.0,1.0,0.0,False
61,Crown Heights North,18,360,122,28.82837962962963,25.116666666666667,0.3388888888888889,2026-02,unreliable_trip_rate,0.0,0.0,1.0,0.0,False
225,Stuyvesant Heights,15,183,62,36.41074681238616,32.31666666666667,0.33879781420765026,2026-02,unreliable_trip_rate,0.0,0.0,1.0,0.0,False
85,Erasmus,20,62,21,30.562365591397846,25.125,0.3387096774193548,2026-02,unreliable_trip_rate,0.0,0.0,1.0,0.0,False
88,Financial District South,12,375,127,23.984799999999996,21.183333333333334,0.33866666666666667,2026-02,unreliable_trip_rate,0.0,0.0,1.0,0.0,False
141,Lenox Hill West,17,5443,1843,13.56400575662931,8.616666666666667,0.3386000367444424,2026-02,unreliable_trip_rate,0.0,0.0,0.1085798273011207,0.8914201726988793,False
163,Midtown North,15,4498,1523,16.903253297761967,13.608333333333334,0.3385949310804802,2026-02,unreliable_trip_rate,0.0,0.0,0.09159626500666963,0.9084037349933304,False
65,Downtown Brooklyn/MetroTech,7,127,43,22.498031496062993,20.316666666666666,0.33858267716535434,2026-02,unreliable_trip_rate,0.0,0.0,1.0,0.0,False
129,Jackson Heights,22,192,65,19.132986111111112,18.558333333333334,0.3385416666666667,2026-02,unreliable_trip_rate,0.0,0.0,1.0,0.0,False
261,World Trade Center,12,706,239,22.56657223796034,20.108333333333334,0.3385269121813031,2026-02,unreliable_trip_rate,0.0,0.0,0.8271954674220963,0.17280453257790368,False
71,East Flatbush/Farragut,4,65,22,31.74,28.866666666666667,0.3384615384615385,2026-02,unreliable_trip_rate,0.0,0.0,1.0,0.0,False
151,Manhattan Valley,3,65,22,12.15076923076923,10.533333333333333,0.3384615384615385,2026-02,unreliable_trip_rate,0.0,0.0,1.0,0.0,False
209,Seaport,16,325,110,26.938205128205126,21.383333333333333,0.3384615384615385,2026-02,unreliable_trip_rate,0.0,0.0,1.0,0.0,False
148,Lower East Side,21,2610,883,16.235178799489145,14.983333333333334,0.3383141762452107,2026-02,unreliable_trip_rate,0.0,0.0,0.28620689655172415,0.7137931034482758,False
143,Lincoln Square West,2,68,23,11.761029411764707,10.908333333333335,0.3382352941176471,2026-02,unreliable_trip_rate,0.0,0.0,1.0,0.0,False
165,Midwood,18,68,23,23.974754901960782,21.058333333333334,0.3382352941176471,2026-02,unreliable_trip_rate,0.0,0.0,1.0,0.0,False
141,Lenox Hill West,22,2933,992,12.224792590067052,10.8,0.3382202523013979,2026-02,unreliable_trip_rate,0.0,0.0,0.18377088305489261,0.8162291169451074,False
232,Two Bridges/Seward Park,1,349,118,15.299617956064948,14.366666666666667,0.33810888252148996,2026-02,unreliable_trip_rate,0.0,0.0,1.0,0.0,False
261,World Trade Center,9,349,118,19.498328557784145,17.65,0.33810888252148996,2026-02,unreliable_trip_rate,0.0,0.0,1.0,0.0,False
186,Penn Station/Madison Sq West,10,4832,1633,18.610623620309052,15.25,0.33795529801324503,2026-02,unreliable_trip_rate,0.0,0.0,0.0939569536423841,0.9060430463576159,False
165,Midwood,10,74,25,44.37432432432432,39.03333333333333,0.33783783783783783,2026-02,unreliable_trip_rate,0.0,0.0,1.0,0.0,False
226,Sunnyside,3,74,25,14.805405405405404,13.366666666666667,0.33783783783783783,2026-02,unreliable_trip_rate,0.0,0.0,1.0,0.0,False
88,Financial District South,10,302,102,22.830077262693155,19.791666666666668,0.33774834437086093,2026-02,unreliable_trip_rate,0.0,0.0,1.0,0.0,False
107,Gramercy,17,3941,1331,16.86599847754377,13.5,0.3377315402182187,2026-02,unreliable_trip_rate,0.0,0.0,0.1349911190053286,0.8650088809946714,False
114,Greenwich Village South,2,2849,962,12.74034749034749,10.966666666666667,0.33766233766233766,2026-02,unreliable_trip_rate,0.0,0.0,0.2544752544752545,0.7455247455247456,False
130,Jamaica,1,154,52,15.83690476190476,14.358333333333334,0.33766233766233766,2026-02,unreliable_trip_rate,0.0,0.0,1.0,0.0,False
255,Williamsburg (North Side),11,77,26,26.443073593073592,24.083333333333332,0.33766233766233766,2026-02,unreliable_trip_rate,0.0,0.0,1.0,0.0,False
68,East Chelsea,12,3688,1245,19.426066522053507,17.058333333333334,0.3375813449023861,2026-02,unreliable_trip_rate,0.0,0.0,0.1049349240780911,0.8950650759219089,False
230,Times Sq/Theatre District,12,3357,1133,19.608330850958197,13.083333333333334,0.3375037235627048,2026-02,unreliable_trip_rate,0.0,0.0,0.1346440274054215,0.8653559725945785,False
193,Queensbridge/Ravenswood,15,80,27,30.459583333333335,26.09166666666667,0.3375,2026-02,unreliable_trip_rate,0.0,0.0,1.0,0.0,False
216,South Ozone Park,4,80,27,23.025416666666665,20.56666666666667,0.3375,2026-02,unreliable_trip_rate,0.0,0.0,1.0,0.0,False
162,Midtown East,15,5444,1837,18.264241978937058,15.3,0.33743570903747244,2026-02,unreliable_trip_rate,0.0,0.0,0.09625275532696546,0.9037472446730346,False
250,Westchester Village/Unionport,6,83,28,31.336746987951805,29.866666666666667,0.3373493975903614,2026-02,unreliable_trip_rate,0.0,0.0,1.0,0.0,False
49,Clinton Hill,21,169,57,22.3439842209073,21.1,0.33727810650887574,2026-02,unreliable_trip_rate,0.0,0.0,1.0,0.0,False
129,Jackson Heights,0,172,58,16.478294573643414,15.675,0.3372093023255814,2026-02,unreliable_trip_rate,0.0,0.0,1.0,0.0,False
261,World Trade Center,6,86,29,16.11841085271318,13.033333333333333,0.3372093023255814,2026-02,unreliable_trip_rate,0.0,0.0,1.0,0.0,False
116,Hamilton Heights,7,605,204,23.067107438016528,20.483333333333334,0.3371900826446281,2026-02,unreliable_trip_rate,0.0,0.0,1.0,0.0,False
142,Lincoln Square East,12,4897,1651,13.895378122660134,11.466666666666667,0.3371451909332244,2026-02,unreliable_trip_rate,0.0,0.0,0.10434960179701858,0.8956503982029814,False
35,Brownsville,11,175,59,37.15552380952381,34.46666666666667,0.33714285714285713,2026-02,unreliable_trip_rate,0.0,0.0,1.0,0.0,False
90,Flatiron,22,3160,1065,14.803248945147681,12.433333333333334,0.3370253164556962,2026-02,unreliable_trip_rate,0.0,0.0,0.16360759493670887,0.8363924050632912,False
159,Melrose South,14,92,31,31.599999999999998,26.616666666666667,0.33695652173913043,2026-02,unreliable_trip_rate,0.0,0.0,1.0,0.0,False
90,Flatiron,20,3238,1091,13.918838789376156,12.133333333333333,0.3369363804817789,2026-02,unreliable_trip_rate,0.0,0.0,0.13465101914762198,0.865348980852378,False
238,Upper West Side North,1,279,94,12.499402628434886,10.6,0.33691756272401435,2026-02,unreliable_trip_rate,0.0,0.0,1.0,0.0,False
51,Co-Op City,10,95,32,53.13368421052631,52.983333333333334,0.3368421052631579,2026-02,unreliable_trip_rate,0.0,0.0,1.0,0.0,False
132,JFK Airport,7,3379,1138,45.0842655618033,41.63333333333333,0.3367860313702279,2026-02,unreliable_trip_rate,0.0,0.0,0.5264871263687482,0.47351287363125183,False
55,Coney Island,6,98,33,56.40578231292517,51.733333333333334,0.336734693877551,2026-02,unreliable_trip_rate,0.0,0.0,1.0,0.0,False
225,Stuyvesant Heights,17,196,66,38.2312925170068,34.44166666666666,0.336734693877551,2026-02,unreliable_trip_rate,0.0,0.0,1.0,0.0,False
79,East Village,5,817,275,12.742268461852305,10.8,0.33659730722154224,2026-02,unreliable_trip_rate,0.0,0.0,0.8445532435740514,0.1554467564259486,False
89,Flatbush/Ditmas Park,23,104,35,23.322275641025644,22.15833333333333,0.33653846153846156,2026-02,unreliable_trip_rate,0.0,0.0,1.0,0.0,False
130,Jamaica,0,208,70,17.518990384615385,16.858333333333334,0.33653846153846156,2026-02,unreliable_trip_rate,0.0,0.0,1.0,0.0,False
224,Stuy Town/Peter Cooper Village,2,104,35,13.210096153846154,11.958333333333332,0.33653846153846156,2026-02,unreliable_trip_rate,0.0,0.0,1.0,0.0,False
129,Jackson Heights,15,107,36,26.97710280373832,22.266666666666666,0.3364485981308411,2026-02,unreliable_trip_rate,0.0,0.0,1.0,0.0,False
263,Yorkville West,19,3965,1334,12.896700294241278,9.466666666666667,0.3364438839848676,2026-02,unreliable_trip_rate,0.0,0.0,0.15788146279949558,0.8421185372005044,False
25,Boerum Hill,20,217,73,24.618433179723503,20.516666666666666,0.33640552995391704,2026-02,unreliable_trip_rate,0.0,0.0,1.0,0.0,False
112,Greenpoint,8,217,73,23.521966205837174,22.483333333333334,0.33640552995391704,2026-02,unreliable_trip_rate,0.0,0.0,1.0,0.0,False
129,Jackson Heights,6,217,73,24.77227342549923,22.55,0.33640552995391704,2026-02,unreliable_trip_rate,0.0,0.0,1.0,0.0,False
100,Garment District,7,1466,493,12.281707594361073,9.5,0.33628922237380626,2026-02,unreliable_trip_rate,0.0,0.0,0.27694406548431105,0.723055934515689,False
195,Red Hook,7,113,38,27.740707964601768,25.116666666666667,0.336283185840708,2026-02,unreliable_trip_rate,0.0,0.0,1.0,0.0,False
142,Lincoln Square East,13,4919,1654,14.033922884055025,9.683333333333334,0.3362472047164058,2026-02,unreliable_trip_rate,0.0,0.0,0.10794877007521854,0.8920512299247815,False
65,Downtown Brooklyn/MetroTech,17,366,123,28.49690346083789,22.84166666666667,0.3360655737704918,2026-02,unreliable_trip_rate,0.0,0.0,1.0,0.0,False
162,Midtown East,14,5217,1753,18.2812919302281,15.933333333333334,0.33601686793176155,2026-02,unreliable_trip_rate,0.0,0.0,0.10101590952654782,0.8989840904734522,False
89,Flatbush/Ditmas Park,20,125,42,26.078799999999998,22.633333333333333,0.336,2026-02,unreliable_trip_rate,0.0,0.0,1.0,0.0,False
116,Hamilton Heights,17,375,126,23.043155555555554,18.8,0.336,2026-02,unreliable_trip_rate,0.0,0.0,1.0,0.0,False
85,Erasmus,7,128,43,42.756770833333334,39.24166666666667,0.3359375,2026-02,unreliable_trip_rate,0.0,0.0,1.0,0.0,False
238,Upper West Side North,0,515,173,13.444789644012944,11.683333333333334,0.3359223300970874,2026-02,unreliable_trip_rate,0.0,0.0,1.0,0.0,False
61,Crown Heights North,20,259,87,27.827027027027025,25.033333333333335,0.3359073359073359,2026-02,unreliable_trip_rate,0.0,0.0,1.0,0.0,False
233,UN/Turtle Bay South,18,3141,1055,15.717595245675476,13.966666666666667,0.3358802929003502,2026-02,unreliable_trip_rate,0.0,0.0,0.18274434893346067,0.8172556510665393,False
261,World Trade Center,8,262,88,18.53263358778626,17.125,0.33587786259541985,2026-02,unreliable_trip_rate,0.0,0.0,0.8435114503816794,0.15648854961832062,False
55,Coney Island,7,134,45,62.445646766169155,61.416666666666664,0.3358208955223881,2026-02,unreliable_trip_rate,0.0,0.0,1.0,0.0,False
198,Ridgewood,8,134,45,32.68818407960199,28.96666666666667,0.3358208955223881,2026-02,unreliable_trip_rate,0.0,0.0,1.0,0.0,False
186,Penn Station/Madison Sq West,12,5236,1758,19.860637891520245,16.166666666666668,0.3357524828113063,2026-02,unreliable_trip_rate,0.0,0.0,0.096829640947288,0.903170359052712,False
198,Ridgewood,19,143,48,24.733682983682982,23.316666666666666,0.3356643356643357,2026-02,unreliable_trip_rate,0.0,0.0,1.0,0.0,False
144,Little Italy/NoLiTa,19,2515,844,16.218376408217363,14.0,0.33558648111332007,2026-02,unreliable_trip_rate,0.0,0.0,0.2831013916500994,0.7168986083499006,False
145,Long Island City/Hunters Point,7,304,102,21.89078947368421,19.675,0.3355263157894737,2026-02,unreliable_trip_rate,0.0,0.0,1.0,0.0,False
66,DUMBO/Vinegar Hill,13,164,55,21.950406504065043,19.21666666666667,0.3353658536585366,2026-02,unreliable_trip_rate,0.0,0.0,1.0,0.0,False
224,Stuy Town/Peter Cooper Village,14,334,112,18.044011976047905,15.291666666666668,0.33532934131736525,2026-02,unreliable_trip_rate,0.0,0.0,1.0,0.0,False
48,Clinton East,0,3114,1044,13.444663883536716,11.566666666666666,0.3352601156069364,2026-02,unreliable_trip_rate,0.0,0.0,0.20456005138086064,0.7954399486191394,False
80,East Williamsburg,9,176,59,27.749621212121212,24.508333333333333,0.3352272727272727,2026-02,unreliable_trip_rate,0.0,0.0,1.0,0.0,False
261,World Trade Center,20,943,316,18.296818663838813,17.283333333333335,0.33510074231177095,2026-02,unreliable_trip_rate,0.0,0.0,0.8218451749734889,0.17815482502651114,False
186,Penn Station/Madison Sq West,9,4639,1554,15.971498886254222,13.6,0.3349859883595602,2026-02,unreliable_trip_rate,0.0,0.0,0.10497952144858806,0.895020478551412,False
79,East Village,17,3455,1157,15.71141341051616,11.916666666666666,0.334876989869754,2026-02,unreliable_trip_rate,0.0,0.0,0.15890014471780028,0.8410998552821997,False
224,Stuy Town/Peter Cooper Village,7,502,168,15.831905710491368,13.65,0.3346613545816733,2026-02,unreliable_trip_rate,0.0,0.0,0.8087649402390438,0.19123505976095617,False
158,Meatpacking/West Village West,19,1805,604,15.63005540166205,14.083333333333334,0.3346260387811634,2026-02,unreliable_trip_rate,0.0,0.0,0.2642659279778393,0.7357340720221607,False
238,Upper West Side North,14,4095,1370,14.227602767602768,10.283333333333333,0.33455433455433453,2026-02,unreliable_trip_rate,0.0,0.0,0.10427350427350428,0.8957264957264958,False
162,Midtown East,22,4201,1405,13.13174640958502,11.341666666666667,0.33444417995715303,2026-02,unreliable_trip_rate,0.0,0.0,0.15258271840038087,0.8474172815996192,False
238,Upper West Side North,9,4052,1355,14.993686245475486,12.883333333333333,0.3344027640671273,2026-02,unreliable_trip_rate,0.0,0.0,0.10463968410661402,0.8953603158933859,False
224,Stuy Town/Peter Cooper Village,15,320,107,18.508958333333332,15.6,0.334375,2026-02,unreliable_trip_rate,0.0,0.0,1.0,0.0,False
116,Hamilton Heights,15,338,113,23.575049309664696,19.333333333333336,0.3343195266272189,2026-02,unreliable_trip_rate,0.0,0.0,1.0,0.0,False
48,Clinton East,1,2133,713,13.439873417721518,12.166666666666666,0.3342709798406001,2026-02,unreliable_trip_rate,0.0,0.0,0.3595874355368026,0.6404125644631974,False
238,Upper West Side North,13,3947,1319,14.141204290178194,9.491666666666667,0.3341778565999493,2026-02,unreliable_trip_rate,0.0,0.0,0.12009120851279453,0.8799087914872055,False
224,Stuy Town/Peter Cooper Village,11,413,138,16.521428571428572,14.683333333333334,0.3341404358353511,2026-02,unreliable_trip_rate,0.0,0.0,0.927360774818402,0.07263922518159806,False
87,Financial District North,10,557,186,21.693716337522442,19.1,0.3339317773788151,2026-02,unreliable_trip_rate,0.0,0.0,0.940754039497307,0.059245960502693,False
137,Kips Bay,18,3426,1144,15.82377408056042,14.066666666666666,0.3339171044950379,2026-02,unreliable_trip_rate,0.0,0.0,0.17746643315820199,0.822533566841798,False
114,Greenwich Village South,8,587,196,15.5103066439523,13.25,0.3339011925042589,2026-02,unreliable_trip_rate,0.0,0.0,0.727427597955707,0.272572402044293,False
10,Baisley Park,15,90,30,46.34203703703703,44.675,0.3333333333333333,2026-02,unreliable_trip_rate,0.0,0.0,1.0,0.0,False
10,Baisley Park,19,72,24,30.192129629629633,30.40833333333333,0.3333333333333333,2026-02,unreliable_trip_rate,0.0,0.0,1.0,0.0,False
21,Bensonhurst East,17,30,10,35.897222222222226,25.175,0.3333333333333333,2026-02,unreliable_trip_rate,0.0,0.0,1.0,0.0,False
22,Bensonhurst West,6,51,17,62.03366013071896,61.68333333333333,0.3333333333333333,2026-02,unreliable_trip_rate,0.0,0.0,1.0,0.0,False
28,Briarwood/Jamaica Hills,10,39,13,34.41410256410256,31.65,0.3333333333333333,2026-02,unreliable_trip_rate,0.0,0.0,1.0,0.0,False
28,Briarwood/Jamaica Hills,17,66,22,25.43510101010101,21.34166666666667,0.3333333333333333,2026-02,unreliable_trip_rate,0.0,0.0,1.0,0.0,False
36,Bushwick North,9,114,38,30.171783625730995,27.641666666666666,0.3333333333333333,2026-02,unreliable_trip_rate,0.0,0.0,1.0,0.0,False
52,Cobble Hill,20,51,17,21.583006535947714,20.666666666666668,0.3333333333333333,2026-02,unreliable_trip_rate,0.0,0.0,1.0,0.0,False
56,Corona,4,51,17,19.212091503267974,17.1,0.3333333333333333,2026-02,unreliable_trip_rate,0.0,0.0,1.0,0.0,False
62,Crown Heights South,20,66,22,23.117676767676766,21.766666666666666,0.3333333333333333,2026-02,unreliable_trip_rate,0.0,0.0,1.0,0.0,False
63,Cypress Hills,0,36,12,22.538425925925925,22.025,0.3333333333333333,2026-02,unreliable_trip_rate,0.0,0.0,1.0,0.0,False
63,Cypress Hills,23,51,17,19.523529411764706,20.1,0.3333333333333333,2026-02,unreliable_trip_rate,0.0,0.0,1.0,0.0,False
74,East Harlem North,23,459,153,14.788525780682644,13.483333333333333,0.3333333333333333,2026-02,unreliable_trip_rate,0.0,0.0,0.9259259259259259,0.07407407407407407,False
80,East Williamsburg,7,156,52,26.436858974358973,23.858333333333334,0.3333333333333333,2026-02,unreliable_trip_rate,0.0,0.0,1.0,0.0,False
80,East Williamsburg,14,123,41,29.16869918699187,24.8,0.3333333333333333,2026-02,unreliable_trip_rate,0.0,0.0,1.0,0.0,False
82,Elmhurst,2,57,19,14.943859649122807,14.266666666666667,0.3333333333333333,2026-02,unreliable_trip_rate,0.0,0.0,1.0,0.0,False
85,Erasmus,5,60,20,32.768055555555556,28.46666666666667,0.3333333333333333,2026-02,unreliable_trip_rate,0.0,0.0,1.0,0.0,False
92,Flushing,14,48,16,43.25625,38.166666666666664,0.3333333333333333,2026-02,unreliable_trip_rate,0.0,0.0,1.0,0.0,False
106,Gowanus,23,72,24,23.630555555555556,22.083333333333332,0.3333333333333333,2026-02,unreliable_trip_rate,0.0,0.0,1.0,0.0,False
117,Hammels/Arverne,12,39,13,57.67820512820512,57.68333333333333,0.3333333333333333,2026-02,unreliable_trip_rate,0.0,0.0,1.0,0.0,False
117,Hammels/Arverne,13,33,11,65.88282828282829,66.0,0.3333333333333333,2026-02,unreliable_trip_rate,0.0,0.0,1.0,0.0,False
119,Highbridge,5,36,12,33.53194444444445,27.549999999999997,0.3333333333333333,2026-02,unreliable_trip_rate,0.0,0.0,1.0,0.0,False
119,Highbridge,14,48,16,32.89756944444444,28.125,0.3333333333333333,2026-02,unreliable_trip_rate,0.0,0.0,1.0,0.0,False
129,Jackson Heights,12,108,36,27.83688271604938,26.30833333333333,0.3333333333333333,2026-02,unreliable_trip_rate,0.0,0.0,1.0,0.0,False
131,Jamaica Estates,5,36,12,32.81018518518519,29.891666666666666,0.3333333333333333,2026-02,unreliable_trip_rate,0.0,0.0,1.0,0.0,False
135,Kew Gardens Hills,6,48,16,32.07743055555556,29.625,0.3333333333333333,2026-02,unreliable_trip_rate,0.0,0.0,1.0,0.0,False
147,Longwood,8,39,13,38.71880341880342,34.31666666666667,0.3333333333333333,2026-02,unreliable_trip_rate,0.0,0.0,1.0,0.0,False
147,Longwood,9,33,11,33.67020202020202,27.2,0.3333333333333333,2026-02,unreliable_trip_rate,0.0,0.0,1.0,0.0,False
147,Longwood,17,36,12,33.136574074074076,30.616666666666667,0.3333333333333333,2026-02,unreliable_trip_rate,0.0,0.0,1.0,0.0,False
149,Madison,12,45,15,39.45333333333333,35.03333333333333,0.3333333333333333,2026-02,unreliable_trip_rate,0.0,0.0,1.0,0.0,False
152,Manhattanville,0,120,40,15.762083333333333,14.091666666666667,0.3333333333333333,2026-02,unreliable_trip_rate,0.0,0.0,1.0,0.0,False
155,Marine Park/Mill Basin,21,30,10,21.52277777777778,17.475,0.3333333333333333,2026-02,unreliable_trip_rate,0.0,0.0,1.0,0.0,False
157,Maspeth,22,72,24,24.15300925925926,20.9,0.3333333333333333,2026-02,unreliable_trip_rate,0.0,0.0,1.0,0.0,False
168,Mott Haven/Port Morris,21,96,32,20.721527777777776,17.108333333333334,0.3333333333333333,2026-02,unreliable_trip_rate,0.0,0.0,1.0,0.0,False
169,Mount Hope,23,33,11,17.57828282828283,14.383333333333333,0.3333333333333333,2026-02,unreliable_trip_rate,0.0,0.0,1.0,0.0,False
177,Ocean Hill,22,60,20,28.40972222222222,25.25,0.3333333333333333,2026-02,unreliable_trip_rate,0.0,0.0,1.0,0.0,False
181,Park Slope,13,171,57,32.84610136452242,29.166666666666668,0.3333333333333333,2026-02,unreliable_trip_rate,0.0,0.0,1.0,0.0,False
182,Parkchester,16,36,12,38.951388888888886,33.75833333333333,0.3333333333333333,2026-02,unreliable_trip_rate,0.0,0.0,1.0,0.0,False
185,Pelham Parkway,12,30,10,39.43222222222222,33.733333333333334,0.3333333333333333,2026-02,unreliable_trip_rate,0.0,0.0,1.0,0.0,False
185,Pelham Parkway,18,33,11,29.6469696969697,28.8,0.3333333333333333,2026-02,unreliable_trip_rate,0.0,0.0,1.0,0.0,False
188,Prospect-Lefferts Gardens,14,222,74,33.089864864864865,27.066666666666666,0.3333333333333333,2026-02,unreliable_trip_rate,0.0,0.0,1.0,0.0,False
189,Prospect Heights,1,39,13,23.297863247863248,21.1,0.3333333333333333,2026-02,unreliable_trip_rate,0.0,0.0,1.0,0.0,False
189,Prospect Heights,5,39,13,25.720085470085472,23.216666666666665,0.3333333333333333,2026-02,unreliable_trip_rate,0.0,0.0,1.0,0.0,False
189,Prospect Heights,11,60,20,32.26777777777777,28.34166666666667,0.3333333333333333,2026-02,unreliable_trip_rate,0.0,0.0,1.0,0.0,False
193,Queensbridge/Ravenswood,20,63,21,22.09232804232804,20.4,0.3333333333333333,2026-02,unreliable_trip_rate,0.0,0.0,1.0,0.0,False
196,Rego Park,16,51,17,26.99346405228758,21.8,0.3333333333333333,2026-02,unreliable_trip_rate,0.0,0.0,1.0,0.0,False
197,Richmond Hill,18,69,23,24.404589371980677,21.816666666666666,0.3333333333333333,2026-02,unreliable_trip_rate,0.0,0.0,1.0,0.0,False
200,Riverdale/North Riverdale/Fieldston,15,30,10,42.336666666666666,31.308333333333334,0.3333333333333333,2026-02,unreliable_trip_rate,0.0,0.0,1.0,0.0,False
209,Seaport,9,150,50,21.554333333333332,20.2,0.3333333333333333,2026-02,unreliable_trip_rate,0.0,0.0,1.0,0.0,False
212,Soundview/Bruckner,4,30,10,21.195,17.433333333333334,0.3333333333333333,2026-02,unreliable_trip_rate,0.0,0.0,1.0,0.0,False
212,Soundview/Bruckner,16,30,10,30.595000000000002,31.966666666666665,0.3333333333333333,2026-02,unreliable_trip_rate,0.0,0.0,1.0,0.0,False
215,South Jamaica,18,51,17,35.97091503267974,33.05,0.3333333333333333,2026-02,unreliable_trip_rate,0.0,0.0,1.0,0.0,False
216,South Ozone Park,3,42,14,20.33293650793651,18.975,0.3333333333333333,2026-02,unreliable_trip_rate,0.0,0.0,1.0,0.0,False
217,South Williamsburg,22,45,15,21.437037037037037,22.566666666666666,0.3333333333333333,2026-02,unreliable_trip_rate,0.0,0.0,1.0,0.0,False
222,Starrett City,5,39,13,47.54871794871795,47.71666666666667,0.3333333333333333,2026-02,unreliable_trip_rate,0.0,0.0,1.0,0.0,False
222,Starrett City,11,72,24,47.95231481481481,42.40833333333333,0.3333333333333333,2026-02,unreliable_trip_rate,0.0,0.0,1.0,0.0,False
222,Starrett City,16,39,13,47.636324786324785,46.95,0.3333333333333333,2026-02,unreliable_trip_rate,0.0,0.0,1.0,0.0,False
224,Stuy Town/Peter Cooper Village,13,375,125,17.262755555555557,14.883333333333333,0.3333333333333333,2026-02,unreliable_trip_rate,0.0,0.0,1.0,0.0,False
227,Sunset Park East,9,51,17,42.893464052287584,38.416666666666664,0.3333333333333333,2026-02,unreliable_trip_rate,0.0,0.0,1.0,0.0,False
228,Sunset Park West,19,165,55,25.94222222222222,23.866666666666667,0.3333333333333333,2026-02,unreliable_trip_rate,0.0,0.0,1.0,0.0,False
235,University Heights/Morris Heights,20,36,12,19.9375,17.616666666666667,0.3333333333333333,2026-02,unreliable_trip_rate,0.0,0.0,1.0,0.0,False
241,Van Cortlandt Village,18,39,13,37.029487179487184,30.0,0.3333333333333333,2026-02,unreliable_trip_rate,0.0,0.0,1.0,0.0,False
242,Van Nest/Morris Park,10,51,17,45.04607843137255,40.516666666666666,0.3333333333333333,2026-02,unreliable_trip_rate,0.0,0.0,1.0,0.0,False
242,Van Nest/Morris Park,17,57,19,37.58040935672515,30.533333333333335,0.3333333333333333,2026-02,unreliable_trip_rate,0.0,0.0,1.0,0.0,False
242,Van Nest/Morris Park,22,30,10,20.06722222222222,16.958333333333336,0.3333333333333333,2026-02,unreliable_trip_rate,0.0,0.0,1.0,0.0,False
243,Washington Heights North,12,168,56,26.74246031746032,24.2,0.3333333333333333,2026-02,unreliable_trip_rate,0.0,0.0,1.0,0.0,False
248,West Farms/Bronx River,5,45,15,27.39111111111111,23.0,0.3333333333333333,2026-02,unreliable_trip_rate,0.0,0.0,1.0,0.0,False
250,Westchester Village/Unionport,17,45,15,35.79,32.61666666666667,0.3333333333333333,2026-02,unreliable_trip_rate,0.0,0.0,1.0,0.0,False
258,Woodhaven,12,39,13,32.12094017094017,26.466666666666665,0.3333333333333333,2026-02,unreliable_trip_rate,0.0,0.0,1.0,0.0,False
258,Woodhaven,17,39,13,23.809401709401712,23.733333333333334,0.3333333333333333,2026-02,unreliable_trip_rate,0.0,0.0,1.0,0.0,False
259,Woodlawn/Wakefield,6,102,34,46.17369281045751,41.925,0.3333333333333333,2026-02,unreliable_trip_rate,0.0,0.0,1.0,0.0,False
260,Woodside,0,90,30,15.142592592592592,13.399999999999999,0.3333333333333333,2026-02,unreliable_trip_rate,0.0,0.0,1.0,0.0,False
260,Woodside,12,78,26,27.172008547008545,23.075000000000003,0.3333333333333333,2026-02,unreliable_trip_rate,0.0,0.0,1.0,0.0,False
260,Woodside,15,105,35,26.690158730158732,23.333333333333332,0.3333333333333333,2026-02,unreliable_trip_rate,0.0,0.0,1.0,0.0,False
265,Outside of NYC,15,30,10,20.825555555555557,17.35,0.3333333333333333,2026-02,unreliable_trip_rate,0.0,0.0,1.0,0.0,False
163,Midtown North,14,4480,1492,16.98434895833333,13.2,0.33303571428571427,2026-02,unreliable_trip_rate,0.0,0.0,0.08482142857142858,0.9151785714285714,False
113,Greenwich Village North,19,3228,1074,14.422330648492359,11.716666666666667,0.33271375464684017,2026-02,unreliable_trip_rate,0.0,0.0,0.16047087980173483,0.8395291201982652,False
137,Kips Bay,2,496,165,10.69290994623656,9.733333333333333,0.3326612903225806,2026-02,unreliable_trip_rate,0.0,0.0,1.0,0.0,False
88,Financial District South,14,469,156,27.485323383084577,22.15,0.3326226012793177,2026-02,unreliable_trip_rate,0.0,0.0,1.0,0.0,False
88,Financial District South,13,430,143,24.76015503875969,21.633333333333333,0.3325581395348837,2026-02,unreliable_trip_rate,0.0,0.0,1.0,0.0,False
158,Meatpacking/West Village West,0,2066,687,13.828694740238786,12.783333333333333,0.3325266214908035,2026-02,unreliable_trip_rate,0.0,0.0,0.3194578896418199,0.68054211035818,False
13,Battery Park City,15,999,332,22.079429429429428,18.983333333333334,0.33233233233233234,2026-02,unreliable_trip_rate,0.0,0.0,0.7347347347347347,0.2652652652652653,False
125,Hudson Sq,8,638,212,15.75258620689655,13.183333333333334,0.3322884012539185,2026-02,unreliable_trip_rate,0.0,0.0,0.6818181818181818,0.3181818181818182,False
45,Chinatown,19,596,198,17.96054250559284,16.725,0.33221476510067116,2026-02,unreliable_trip_rate,0.0,0.0,0.9328859060402684,0.06711409395973154,False
116,Hamilton Heights,21,292,97,18.95570776255708,17.008333333333333,0.3321917808219178,2026-02,unreliable_trip_rate,0.0,0.0,1.0,0.0,False
146,Long Island City/Queens Plaza,19,292,97,22.275285388127852,20.75,0.3321917808219178,2026-02,unreliable_trip_rate,0.0,0.0,1.0,0.0,False
226,Sunnyside,18,560,186,23.382440476190474,21.46666666666667,0.33214285714285713,2026-02,unreliable_trip_rate,0.0,0.0,1.0,0.0,False
68,East Chelsea,13,4164,1383,19.50702849823887,17.266666666666666,0.33213256484149856,2026-02,unreliable_trip_rate,0.0,0.0,0.12584053794428435,0.8741594620557157,False
261,World Trade Center,0,268,89,20.394154228855722,17.241666666666667,0.332089552238806,2026-02,unreliable_trip_rate,0.0,0.0,1.0,0.0,False
188,Prospect-Lefferts Gardens,12,250,83,37.15173333333333,32.95833333333333,0.332,2026-02,unreliable_trip_rate,0.0,0.0,1.0,0.0,False
61,Crown Heights North,23,232,77,24.49152298850575,23.783333333333335,0.33189655172413796,2026-02,unreliable_trip_rate,0.0,0.0,1.0,0.0,False
143,Lincoln Square West,7,2055,682,13.690235198702352,11.841666666666667,0.3318734793187348,2026-02,unreliable_trip_rate,0.0,0.0,0.20048661800486617,0.7995133819951338,False
158,Meatpacking/West Village West,4,226,75,15.05538348082596,12.533333333333333,0.33185840707964603,2026-02,unreliable_trip_rate,0.0,0.0,1.0,0.0,False
232,Two Bridges/Seward Park,19,669,222,19.097882411559542,17.666666666666668,0.33183856502242154,2026-02,unreliable_trip_rate,0.0,0.0,0.9147982062780269,0.08520179372197309,False
107,Gramercy,8,2354,781,14.755303030303029,13.0,0.3317757009345794,2026-02,unreliable_trip_rate,0.0,0.0,0.18309260832625318,0.8169073916737468,False
7,Astoria,23,416,138,18.884375,18.40833333333333,0.3317307692307692,2026-02,unreliable_trip_rate,0.0,0.0,0.9158653846153846,0.08413461538461539,False
97,Fort Greene,9,202,67,26.950742574257426,25.383333333333333,0.3316831683168317,2026-02,unreliable_trip_rate,0.0,0.0,1.0,0.0,False
152,Manhattanville,10,187,62,22.6475935828877,21.5,0.3315508021390374,2026-02,unreliable_trip_rate,0.0,0.0,1.0,0.0,False
62,Crown Heights South,8,184,61,35.78152173913043,32.86666666666667,0.33152173913043476,2026-02,unreliable_trip_rate,0.0,0.0,1.0,0.0,False
243,Washington Heights North,20,175,58,22.97742857142857,18.933333333333334,0.3314285714285714,2026-02,unreliable_trip_rate,0.0,0.0,1.0,0.0,False
7,Astoria,19,510,169,23.324771241830064,22.991666666666667,0.33137254901960783,2026-02,unreliable_trip_rate,0.0,0.0,0.9137254901960784,0.08627450980392157,False
181,Park Slope,9,160,53,30.745208333333334,28.424999999999997,0.33125,2026-02,unreliable_trip_rate,0.0,0.0,1.0,0.0,False
48,Clinton East,20,4460,1477,14.237724215246637,12.35,0.3311659192825112,2026-02,unreliable_trip_rate,0.0,0.0,0.1352017937219731,0.864798206278027,False
229,Sutton Place/Turtle Bay North,17,3379,1119,15.461398835947518,12.775,0.33116306599585676,2026-02,unreliable_trip_rate,0.0,0.0,0.1497484462858834,0.8502515537141166,False
186,Penn Station/Madison Sq West,21,5150,1705,16.19066990291262,13.133333333333333,0.33106796116504855,2026-02,unreliable_trip_rate,0.0,0.0,0.12893203883495147,0.8710679611650486,False
193,Queensbridge/Ravenswood,7,145,48,26.394137931034482,24.3,0.3310344827586207,2026-02,unreliable_trip_rate,0.0,0.0,1.0,0.0,False
144,Little Italy/NoLiTa,15,1683,557,20.52532184591008,17.866666666666667,0.33095662507427215,2026-02,unreliable_trip_rate,0.0,0.0,0.35769459298871065,0.6423054070112894,False
17,Bedford,8,248,82,33.18252688172043,31.958333333333332,0.33064516129032256,2026-02,unreliable_trip_rate,0.0,0.0,1.0,0.0,False
49,Clinton Hill,17,248,82,31.701478494623654,24.733333333333334,0.33064516129032256,2026-02,unreliable_trip_rate,0.0,0.0,1.0,0.0,False
186,Penn Station/Madison Sq West,16,4582,1515,19.017194092827005,15.241666666666667,0.3306416412047141,2026-02,unreliable_trip_rate,0.0,0.0,0.12745525971191618,0.8725447402880838,False
144,Little Italy/NoLiTa,18,2801,926,16.484565036296562,13.883333333333333,0.33059621563727243,2026-02,unreliable_trip_rate,0.0,0.0,0.23598714744734023,0.7640128525526597,False
244,Washington Heights South,0,242,80,14.479545454545455,13.583333333333334,0.3305785123966942,2026-02,unreliable_trip_rate,0.0,0.0,1.0,0.0,False
249,West Village,2,3131,1035,13.296822101564995,11.666666666666666,0.3305653145959757,2026-02,unreliable_trip_rate,0.0,0.0,0.2539124880229959,0.7460875119770042,False
13,Battery Park City,12,817,270,19.799163606691145,18.183333333333334,0.33047735618115054,2026-02,unreliable_trip_rate,0.0,0.0,0.806609547123623,0.193390452876377,False
14,Bay Ridge,11,112,37,45.28214285714286,42.21666666666667,0.33035714285714285,2026-02,unreliable_trip_rate,0.0,0.0,1.0,0.0,False
97,Fort Greene,15,221,73,34.238536953242836,27.766666666666666,0.33031674208144796,2026-02,unreliable_trip_rate,0.0,0.0,1.0,0.0,False
226,Sunnyside,12,218,72,24.295259938837923,22.53333333333333,0.3302752293577982,2026-02,unreliable_trip_rate,0.0,0.0,1.0,0.0,False
237,Upper East Side South,15,10439,3447,14.441857457610881,9.9,0.33020404253280966,2026-02,unreliable_trip_rate,0.0,0.0,0.05019637896350225,0.9498036210364977,False
186,Penn Station/Madison Sq West,22,5215,1722,16.542968999680408,15.2,0.3302013422818792,2026-02,unreliable_trip_rate,0.0,0.0,0.14688398849472675,0.8531160115052733,False
238,Upper West Side North,3,106,35,13.568238993710692,10.908333333333333,0.330188679245283,2026-02,unreliable_trip_rate,0.0,0.0,1.0,0.0,False
42,Central Harlem North,3,103,34,14.858252427184468,13.783333333333333,0.3300970873786408,2026-02,unreliable_trip_rate,0.0,0.0,1.0,0.0,False
61,Crown Heights North,21,203,67,30.861986863711003,28.45,0.33004926108374383,2026-02,unreliable_trip_rate,0.0,0.0,1.0,0.0,False
113,Greenwich Village North,22,3415,1127,14.796935090287946,12.0,0.3300146412884334,2026-02,unreliable_trip_rate,0.0,0.0,0.17218155197657395,0.8278184480234261,False
7,Astoria,8,588,194,27.550340136054423,27.041666666666664,0.3299319727891156,2026-02,unreliable_trip_rate,0.0,0.0,0.9472789115646258,0.05272108843537415,False
223,Steinway,11,97,32,25.919587628865976,24.883333333333333,0.32989690721649484,2026-02,unreliable_trip_rate,0.0,0.0,1.0,0.0,False
232,Two Bridges/Seward Park,9,579,191,20.696430627518712,17.683333333333334,0.3298791018998273,2026-02,unreliable_trip_rate,0.0,0.0,1.0,0.0,False
244,Washington Heights South,14,482,159,26.133333333333333,22.266666666666666,0.32987551867219916,2026-02,unreliable_trip_rate,0.0,0.0,1.0,0.0,False
237,Upper East Side South,11,8217,2710,13.433341446594458,9.8,0.3298040647438238,2026-02,unreliable_trip_rate,0.0,0.0,0.05257393209200438,0.9474260679079957,False
165,Midwood,8,94,31,36.62943262411348,30.983333333333334,0.32978723404255317,2026-02,unreliable_trip_rate,0.0,0.0,1.0,0.0,False
26,Borough Park,15,91,30,36.453663003663,31.283333333333335,0.32967032967032966,2026-02,unreliable_trip_rate,0.0,0.0,1.0,0.0,False
72,East Flatbush/Remsen Village,17,91,30,28.75201465201465,24.066666666666666,0.32967032967032966,2026-02,unreliable_trip_rate,0.0,0.0,1.0,0.0,False
145,Long Island City/Hunters Point,6,273,90,19.462698412698412,17.466666666666665,0.32967032967032966,2026-02,unreliable_trip_rate,0.0,0.0,1.0,0.0,False
142,Lincoln Square East,14,5203,1715,14.456499455442374,10.25,0.3296175283490294,2026-02,unreliable_trip_rate,0.0,0.0,0.08783394195656352,0.9121660580434365,False
237,Upper East Side South,12,8936,2945,13.601083631751717,10.15,0.3295658012533572,2026-02,unreliable_trip_rate,0.0,0.0,0.04409131602506714,0.9559086839749329,False
70,East Elmhurst,9,258,85,37.92629198966409,35.68333333333334,0.32945736434108525,2026-02,unreliable_trip_rate,0.0,0.0,1.0,0.0,False
13,Battery Park City,18,2040,672,17.65782679738562,16.4,0.32941176470588235,2026-02,unreliable_trip_rate,0.0,0.0,0.3382352941176471,0.6617647058823529,False
65,Downtown Brooklyn/MetroTech,6,85,28,19.302352941176473,17.7,0.32941176470588235,2026-02,unreliable_trip_rate,0.0,0.0,1.0,0.0,False
186,Penn Station/Madison Sq West,15,4578,1508,19.244160477646716,14.716666666666667,0.32940148536478814,2026-02,unreliable_trip_rate,0.0,0.0,0.11162079510703364,0.8883792048929664,False
233,UN/Turtle Bay South,20,2226,733,13.707614555256065,12.541666666666668,0.32929020664869724,2026-02,unreliable_trip_rate,0.0,0.0,0.25067385444743934,0.7493261455525606,False
209,Seaport,7,82,27,21.408739837398375,19.858333333333334,0.32926829268292684,2026-02,unreliable_trip_rate,0.0,0.0,1.0,0.0,False
232,Two Bridges/Seward Park,15,401,132,22.597339983374894,19.0,0.32917705735660846,2026-02,unreliable_trip_rate,0.0,0.0,1.0,0.0,False
260,Woodside,11,79,26,22.427426160337554,19.866666666666667,0.3291139240506329,2026-02,unreliable_trip_rate,0.0,0.0,1.0,0.0,False
230,Times Sq/Theatre District,3,541,178,14.245009242144178,12.533333333333333,0.3290203327171904,2026-02,unreliable_trip_rate,0.0,0.0,0.8613678373382625,0.13863216266173753,False
25,Boerum Hill,14,152,50,36.57554824561404,32.391666666666666,0.32894736842105265,2026-02,unreliable_trip_rate,0.0,0.0,1.0,0.0,False
63,Cypress Hills,11,76,25,31.93421052631579,29.733333333333334,0.32894736842105265,2026-02,unreliable_trip_rate,0.0,0.0,1.0,0.0,False
224,Stuy Town/Peter Cooper Village,16,374,123,18.43747771836007,16.108333333333334,0.32887700534759357,2026-02,unreliable_trip_rate,0.0,0.0,1.0,0.0,False
146,Long Island City/Queens Plaza,9,146,48,21.39474885844749,21.191666666666666,0.3287671232876712,2026-02,unreliable_trip_rate,0.0,0.0,1.0,0.0,False
141,Lenox Hill West,20,4058,1334,12.02705355676031,9.941666666666666,0.3287333661902415,2026-02,unreliable_trip_rate,0.0,0.0,0.133809758501725,0.8661902414982751,False
166,Morningside Heights,1,216,71,14.136728395061729,12.8,0.3287037037037037,2026-02,unreliable_trip_rate,0.0,0.0,1.0,0.0,False
74,East Harlem North,3,70,23,16.08761904761905,12.366666666666667,0.32857142857142857,2026-02,unreliable_trip_rate,0.0,0.0,1.0,0.0,False
244,Washington Heights South,18,618,203,21.263700107874865,19.65833333333333,0.3284789644012945,2026-02,unreliable_trip_rate,0.0,0.0,0.9498381877022654,0.05016181229773463,False
4,Alphabet City,7,545,179,17.1856880733945,14.733333333333333,0.3284403669724771,2026-02,unreliable_trip_rate,0.0,0.0,1.0,0.0,False
161,Midtown Center,12,6203,2037,17.83543984093718,14.541666666666668,0.3283894889569563,2026-02,unreliable_trip_rate,0.0,0.0,0.07044978236337256,0.9295502176366275,False
65,Downtown Brooklyn/MetroTech,19,335,110,23.040646766169154,20.55,0.3283582089552239,2026-02,unreliable_trip_rate,0.0,0.0,1.0,0.0,False
76,East New York,0,67,22,22.360199004975126,21.0,0.3283582089552239,2026-02,unreliable_trip_rate,0.0,0.0,1.0,0.0,False
186,Penn Station/Madison Sq West,7,3509,1152,11.899401538899971,9.95,0.32829866058706186,2026-02,unreliable_trip_rate,0.0,0.0,0.1555998860074095,0.8444001139925905,False
116,Hamilton Heights,23,329,108,15.838905775075988,15.033333333333333,0.3282674772036474,2026-02,unreliable_trip_rate,0.0,0.0,0.9027355623100304,0.0972644376899696,False
151,Manhattan Valley,1,131,43,14.332442748091603,13.05,0.3282442748091603,2026-02,unreliable_trip_rate,0.0,0.0,1.0,0.0,False
4,Alphabet City,4,326,107,14.022699386503067,12.841666666666667,0.3282208588957055,2026-02,unreliable_trip_rate,0.0,0.0,1.0,0.0,False
164,Midtown South,18,5025,1649,15.618248756218906,13.783333333333333,0.3281592039800995,2026-02,unreliable_trip_rate,0.0,0.0,0.11164179104477612,0.8883582089552239,False
28,Briarwood/Jamaica Hills,18,64,21,29.4609375,23.84166666666667,0.328125,2026-02,unreliable_trip_rate,0.0,0.0,1.0,0.0,False
228,Sunset Park West,0,64,21,20.13125,19.733333333333334,0.328125,2026-02,unreliable_trip_rate,0.0,0.0,1.0,0.0,False
233,UN/Turtle Bay South,1,256,84,11.412955729166667,10.5,0.328125,2026-02,unreliable_trip_rate,0.0,0.0,1.0,0.0,False
89,Flatbush/Ditmas Park,19,189,62,24.736331569664905,21.683333333333334,0.328042328042328,2026-02,unreliable_trip_rate,0.0,0.0,1.0,0.0,False
237,Upper East Side South,14,10445,3425,14.39277804372108,10.025,0.32790808999521304,2026-02,unreliable_trip_rate,0.0,0.0,0.0456677836285304,0.9543322163714696,False
7,Astoria,10,305,100,25.084098360655737,23.516666666666666,0.32786885245901637,2026-02,unreliable_trip_rate,0.0,0.0,1.0,0.0,False
82,Elmhurst,11,61,20,32.807377049180324,27.65,0.32786885245901637,2026-02,unreliable_trip_rate,0.0,0.0,1.0,0.0,False
224,Stuy Town/Peter Cooper Village,21,366,120,14.730510018214936,13.925,0.32786885245901637,2026-02,unreliable_trip_rate,0.0,0.0,0.8142076502732241,0.18579234972677597,False
107,Gramercy,7,1928,632,13.061194674965423,10.95,0.3278008298755187,2026-02,unreliable_trip_rate,0.0,0.0,0.2842323651452282,0.7157676348547718,False
90,Flatiron,19,3664,1201,13.83588518922853,12.0,0.3277838427947598,2026-02,unreliable_trip_rate,0.0,0.0,0.12117903930131005,0.87882096069869,False
232,Two Bridges/Seward Park,7,418,137,21.289194577352472,18.125,0.3277511961722488,2026-02,unreliable_trip_rate,0.0,0.0,1.0,0.0,False
238,Upper West Side North,10,3820,1252,13.98574607329843,10.733333333333333,0.32774869109947646,2026-02,unreliable_trip_rate,0.0,0.0,0.1099476439790576,0.8900523560209425,False
224,Stuy Town/Peter Cooper Village,20,467,153,14.468700927908637,13.9,0.32762312633832974,2026-02,unreliable_trip_rate,0.0,0.0,0.9057815845824411,0.09421841541755889,False
170,Murray Hill,16,4896,1604,18.261036220043575,14.483333333333334,0.3276143790849673,2026-02,unreliable_trip_rate,0.0,0.0,0.10559640522875817,0.8944035947712419,False
86,Far Rockaway,11,58,19,70.20775862068966,64.05833333333334,0.3275862068965517,2026-02,unreliable_trip_rate,0.0,0.0,1.0,0.0,False
164,Midtown South,19,4761,1559,14.552821536091859,12.766666666666667,0.32745221592102497,2026-02,unreliable_trip_rate,0.0,0.0,0.12518378491913462,0.8748162150808654,False
82,Elmhurst,17,168,55,27.217559523809523,22.799999999999997,0.3273809523809524,2026-02,unreliable_trip_rate,0.0,0.0,1.0,0.0,False
97,Fort Greene,11,168,55,32.481746031746034,27.725,0.3273809523809524,2026-02,unreliable_trip_rate,0.0,0.0,1.0,0.0,False
209,Seaport,11,168,55,22.917361111111113,19.275,0.3273809523809524,2026-02,unreliable_trip_rate,0.0,0.0,1.0,0.0,False
260,Woodside,7,168,55,24.35575396825397,22.441666666666666,0.3273809523809524,2026-02,unreliable_trip_rate,0.0,0.0,1.0,0.0,False
142,Lincoln Square East,8,3638,1191,14.183388308594465,11.808333333333334,0.3273776800439802,2026-02,unreliable_trip_rate,0.0,0.0,0.10472787245739418,0.8952721275426059,False
14,Bay Ridge,21,55,18,25.79060606060606,24.533333333333335,0.32727272727272727,2026-02,unreliable_trip_rate,0.0,0.0,1.0,0.0,False
56,Corona,18,55,18,24.930303030303033,22.033333333333335,0.32727272727272727,2026-02,unreliable_trip_rate,0.0,0.0,1.0,0.0,False
130,Jamaica,4,55,18,15.887575757575759,15.483333333333333,0.32727272727272727,2026-02,unreliable_trip_rate,0.0,0.0,1.0,0.0,False
139,Laurelton,8,55,18,63.35363636363636,65.66666666666667,0.32727272727272727,2026-02,unreliable_trip_rate,0.0,0.0,1.0,0.0,False
227,Sunset Park East,14,55,18,43.3530303030303,36.05,0.32727272727272727,2026-02,unreliable_trip_rate,0.0,0.0,1.0,0.0,False
242,Van Nest/Morris Park,15,55,18,39.65363636363636,33.483333333333334,0.32727272727272727,2026-02,unreliable_trip_rate,0.0,0.0,1.0,0.0,False
244,Washington Heights South,13,385,126,26.11082251082251,22.416666666666668,0.32727272727272727,2026-02,unreliable_trip_rate,0.0,0.0,1.0,0.0,False
262,Yorkville East,18,3454,1130,14.558405713182783,11.316666666666666,0.3271569195136074,2026-02,unreliable_trip_rate,0.0,0.0,0.16444701795020267,0.8355529820497973,False
158,Meatpacking/West Village West,1,1822,596,13.431064763995611,12.45,0.32711306256860595,2026-02,unreliable_trip_rate,0.0,0.0,0.3391877058177827,0.6608122941822173,False
71,East Flatbush/Farragut,12,107,35,39.820716510903424,34.9,0.32710280373831774,2026-02,unreliable_trip_rate,0.0,0.0,1.0,0.0,False
37,Bushwick South,10,263,86,32.82059569074779,29.233333333333334,0.3269961977186312,2026-02,unreliable_trip_rate,0.0,0.0,1.0,0.0,False
49,Clinton Hill,8,263,86,32.11533586818758,28.533333333333335,0.3269961977186312,2026-02,unreliable_trip_rate,0.0,0.0,1.0,0.0,False
145,Long Island City/Hunters Point,19,630,206,21.00708994708995,19.441666666666666,0.326984126984127,2026-02,unreliable_trip_rate,0.0,0.0,0.9,0.1,False
69,East Concourse/Concourse Village,19,52,17,28.9275641025641,22.675,0.3269230769230769,2026-02,unreliable_trip_rate,0.0,0.0,1.0,0.0,False
91,Flatlands,22,52,17,26.40032051282051,22.03333333333333,0.3269230769230769,2026-02,unreliable_trip_rate,0.0,0.0,1.0,0.0,False
242,Van Nest/Morris Park,19,52,17,27.862820512820512,23.95,0.3269230769230769,2026-02,unreliable_trip_rate,0.0,0.0,1.0,0.0,False
230,Times Sq/Theatre District,17,5982,1955,18.022372673576285,13.525,0.32681377465730527,2026-02,unreliable_trip_rate,0.0,0.0,0.09344700768973588,0.9065529923102641,False
244,Washington Heights South,15,459,150,26.671350762527233,21.916666666666668,0.32679738562091504,2026-02,unreliable_trip_rate,0.0,0.0,1.0,0.0,False
49,Clinton Hill,9,251,82,30.083200531208497,27.033333333333335,0.32669322709163345,2026-02,unreliable_trip_rate,0.0,0.0,1.0,0.0,False
161,Midtown Center,13,6857,2240,18.36366729862428,14.358333333333334,0.32667347236400757,2026-02,unreliable_trip_rate,0.0,0.0,0.05702202129211025,0.9429779787078898,False
256,Williamsburg (South Side),13,150,49,24.27288888888889,22.09166666666667,0.32666666666666666,2026-02,unreliable_trip_rate,0.0,0.0,1.0,0.0,False
116,Hamilton Heights,12,349,114,22.85845272206304,20.583333333333332,0.32664756446991405,2026-02,unreliable_trip_rate,0.0,0.0,1.0,0.0,False
238,Upper West Side North,16,4164,1360,13.344880723663145,8.8,0.3266090297790586,2026-02,unreliable_trip_rate,0.0,0.0,0.11767531219980788,0.8823246878001921,False
186,Penn Station/Madison Sq West,14,5111,1669,19.233750733711602,15.35,0.3265505771864606,2026-02,unreliable_trip_rate,0.0,0.0,0.1113285071414596,0.8886714928585404,False
68,East Chelsea,23,3926,1282,16.22584904058414,14.575,0.32654100866021396,2026-02,unreliable_trip_rate,0.0,0.0,0.1653082017320428,0.8346917982679573,False
61,Crown Heights North,3,49,16,22.054421768707485,20.366666666666667,0.32653061224489793,2026-02,unreliable_trip_rate,0.0,0.0,1.0,0.0,False
65,Downtown Brooklyn/MetroTech,8,147,48,24.114399092970523,21.65,0.32653061224489793,2026-02,unreliable_trip_rate,0.0,0.0,1.0,0.0,False
95,Forest Hills,0,98,32,17.74863945578231,16.84166666666667,0.32653061224489793,2026-02,unreliable_trip_rate,0.0,0.0,1.0,0.0,False
181,Park Slope,1,98,32,21.4047619047619,21.125,0.32653061224489793,2026-02,unreliable_trip_rate,0.0,0.0,1.0,0.0,False
213,Soundview/Castle Hill,16,49,16,33.281292517006804,28.766666666666666,0.32653061224489793,2026-02,unreliable_trip_rate,0.0,0.0,1.0,0.0,False
215,South Jamaica,10,49,16,41.30136054421769,37.5,0.32653061224489793,2026-02,unreliable_trip_rate,0.0,0.0,1.0,0.0,False
13,Battery Park City,19,1740,568,16.300871647509577,15.4,0.3264367816091954,2026-02,unreliable_trip_rate,0.0,0.0,0.4517241379310345,0.5482758620689655,False
186,Penn Station/Madison Sq West,17,5950,1942,18.292196078431374,14.1,0.32638655462184873,2026-02,unreliable_trip_rate,0.0,0.0,0.10504201680672269,0.8949579831932774,False
140,Lenox Hill East,7,2679,874,13.853272365310438,11.833333333333334,0.3262411347517731,2026-02,unreliable_trip_rate,0.0,0.0,0.1959686450167973,0.8040313549832027,False
189,Prospect Heights,18,141,46,25.50626477541371,24.316666666666666,0.3262411347517731,2026-02,unreliable_trip_rate,0.0,0.0,1.0,0.0,False
68,East Chelsea,17,5841,1905,17.950068481424413,15.266666666666667,0.3261427837699024,2026-02,unreliable_trip_rate,0.0,0.0,0.096045197740113,0.903954802259887,False
37,Bushwick South,15,230,75,35.53224637681159,31.866666666666667,0.32608695652173914,2026-02,unreliable_trip_rate,0.0,0.0,1.0,0.0,False
196,Rego Park,13,46,15,34.41159420289855,28.608333333333334,0.32608695652173914,2026-02,unreliable_trip_rate,0.0,0.0,1.0,0.0,False
202,Roosevelt Island,7,46,15,39.73478260869565,36.09166666666667,0.32608695652173914,2026-02,unreliable_trip_rate,0.0,0.0,1.0,0.0,False
229,Sutton Place/Turtle Bay North,19,3429,1118,13.78498590453971,11.649999999999999,0.32604257801108194,2026-02,unreliable_trip_rate,0.0,0.0,0.16447944006999124,0.8355205599300087,False
263,Yorkville West,7,2865,934,12.817504363001746,11.283333333333333,0.32600349040139615,2026-02,unreliable_trip_rate,0.0,0.0,0.1699825479930192,0.8300174520069808,False
230,Times Sq/Theatre District,18,6329,2063,15.9559619739822,12.133333333333333,0.325959867277611,2026-02,unreliable_trip_rate,0.0,0.0,0.08547953863169537,0.9145204613683047,False
125,Hudson Sq,6,135,44,12.89469135802469,11.466666666666667,0.32592592592592595,2026-02,unreliable_trip_rate,0.0,0.0,1.0,0.0,False
232,Two Bridges/Seward Park,2,270,88,16.120740740740743,15.341666666666667,0.32592592592592595,2026-02,unreliable_trip_rate,0.0,0.0,1.0,0.0,False
143,Lincoln Square West,9,2897,944,15.749142791393396,14.1,0.3258543320676562,2026-02,unreliable_trip_rate,0.0,0.0,0.15567828788401794,0.8443217121159821,False
45,Chinatown,6,89,29,20.466853932584268,16.733333333333334,0.3258426966292135,2026-02,unreliable_trip_rate,0.0,0.0,1.0,0.0,False
186,Penn Station/Madison Sq West,13,5701,1857,20.061790329182013,17.441666666666666,0.3257323276618137,2026-02,unreliable_trip_rate,0.0,0.0,0.09910542010173654,0.9008945798982635,False
164,Midtown South,22,4547,1481,14.405872003518803,11.983333333333333,0.3257092588519903,2026-02,unreliable_trip_rate,0.0,0.0,0.1502089289641522,0.8497910710358478,False
148,Lower East Side,9,829,270,17.645677523120224,16.083333333333332,0.32569360675512665,2026-02,unreliable_trip_rate,0.0,0.0,0.7466827503015682,0.25331724969843183,False
36,Bushwick North,11,86,28,32.34748062015504,29.625,0.32558139534883723,2026-02,unreliable_trip_rate,0.0,0.0,1.0,0.0,False
42,Central Harlem North,1,129,42,14.957105943152454,14.4,0.32558139534883723,2026-02,unreliable_trip_rate,0.0,0.0,1.0,0.0,False
78,East Tremont,17,43,14,30.137596899224807,26.416666666666668,0.32558139534883723,2026-02,unreliable_trip_rate,0.0,0.0,1.0,0.0,False
127,Inwood,19,129,42,23.16731266149871,19.466666666666665,0.32558139534883723,2026-02,unreliable_trip_rate,0.0,0.0,1.0,0.0,False
155,Marine Park/Mill Basin,13,86,28,32.65891472868217,31.058333333333334,0.32558139534883723,2026-02,unreliable_trip_rate,0.0,0.0,1.0,0.0,False
223,Steinway,1,43,14,17.095348837209304,15.1,0.32558139534883723,2026-02,unreliable_trip_rate,0.0,0.0,1.0,0.0,False
259,Woodlawn/Wakefield,10,43,14,54.74186046511628,48.016666666666666,0.32558139534883723,2026-02,unreliable_trip_rate,0.0,0.0,1.0,0.0,False
224,Stuy Town/Peter Cooper Village,1,169,55,13.019723865877713,12.116666666666667,0.3254437869822485,2026-02,unreliable_trip_rate,0.0,0.0,1.0,0.0,False
82,Elmhurst,16,126,41,27.397222222222222,24.166666666666664,0.3253968253968254,2026-02,unreliable_trip_rate,0.0,0.0,1.0,0.0,False
89,Flatbush/Ditmas Park,22,126,41,24.537566137566134,22.808333333333334,0.3253968253968254,2026-02,unreliable_trip_rate,0.0,0.0,1.0,0.0,False
70,East Elmhurst,8,209,68,39.241387559808615,37.5,0.3253588516746411,2026-02,unreliable_trip_rate,0.0,0.0,1.0,0.0,False
237,Upper East Side South,13,9198,2992,14.0529028049576,10.25,0.3252881061100239,2026-02,unreliable_trip_rate,0.0,0.0,0.044683626875407695,0.9553163731245923,False
239,Upper West Side South,22,3376,1098,12.863778633491313,10.483333333333333,0.32523696682464454,2026-02,unreliable_trip_rate,0.0,0.0,0.16646919431279622,0.8335308056872038,False
226,Sunnyside,16,409,133,29.862184189079056,24.15,0.3251833740831296,2026-02,unreliable_trip_rate,0.0,0.0,0.9193154034229829,0.08068459657701711,False
263,Yorkville West,18,4779,1554,13.606287926344423,9.75,0.325172630257376,2026-02,unreliable_trip_rate,0.0,0.0,0.12638627327892865,0.8736137267210714,False
243,Washington Heights North,21,163,53,19.44723926380368,18.933333333333334,0.32515337423312884,2026-02,unreliable_trip_rate,0.0,0.0,1.0,0.0,False
232,Two Bridges/Seward Park,22,689,224,16.195960328979197,15.6,0.3251088534107402,2026-02,unreliable_trip_rate,0.0,0.0,0.918722786647315,0.08127721335268505,False
77,East New York/Pennsylvania Avenue,19,40,13,29.673750000000002,27.041666666666664,0.325,2026-02,unreliable_trip_rate,0.0,0.0,1.0,0.0,False
116,Hamilton Heights,2,80,26,15.411041666666668,14.45,0.325,2026-02,unreliable_trip_rate,0.0,0.0,1.0,0.0,False
126,Hunts Point,15,40,13,34.04625,29.316666666666666,0.325,2026-02,unreliable_trip_rate,0.0,0.0,1.0,0.0,False
174,Norwood,18,40,13,32.41791666666667,21.40833333333333,0.325,2026-02,unreliable_trip_rate,0.0,0.0,1.0,0.0,False
220,Spuyten Duyvil/Kingsbridge,13,40,13,39.181666666666665,34.84166666666667,0.325,2026-02,unreliable_trip_rate,0.0,0.0,1.0,0.0,False
228,Sunset Park West,10,40,13,38.07291666666667,38.55833333333334,0.325,2026-02,unreliable_trip_rate,0.0,0.0,1.0,0.0,False
238,Upper West Side North,2,160,52,12.008645833333334,10.708333333333334,0.325,2026-02,unreliable_trip_rate,0.0,0.0,1.0,0.0,False
244,Washington Heights South,19,600,195,21.047888888888888,18.525,0.325,2026-02,unreliable_trip_rate,0.0,0.0,0.9333333333333333,0.06666666666666667,False
144,Little Italy/NoLiTa,16,1862,605,19.759443250984607,17.416666666666668,0.3249194414607948,2026-02,unreliable_trip_rate,0.0,0.0,0.31686358754027927,0.6831364124597207,False
141,Lenox Hill West,19,4863,1580,12.678422098841592,9.258333333333333,0.3249023236685174,2026-02,unreliable_trip_rate,0.0,0.0,0.13325107958050586,0.8667489204194941,False
246,West Chelsea/Hudson Yards,13,3131,1017,17.673506866815714,15.866666666666667,0.32481635260300223,2026-02,unreliable_trip_rate,0.0,0.0,0.15075055892686043,0.8492494410731396,False
63,Cypress Hills,6,154,50,33.42391774891775,28.59166666666667,0.3246753246753247,2026-02,unreliable_trip_rate,0.0,0.0,1.0,0.0,False
127,Inwood,23,77,25,18.72099567099567,17.0,0.3246753246753247,2026-02,unreliable_trip_rate,0.0,0.0,1.0,0.0,False
226,Sunnyside,2,77,25,15.515151515151516,15.05,0.3246753246753247,2026-02,unreliable_trip_rate,0.0,0.0,1.0,0.0,False
37,Bushwick South,16,228,74,36.27368421052631,31.108333333333334,0.32456140350877194,2026-02,unreliable_trip_rate,0.0,0.0,1.0,0.0,False
95,Forest Hills,6,114,37,34.77251461988304,31.316666666666666,0.32456140350877194,2026-02,unreliable_trip_rate,0.0,0.0,1.0,0.0,False
68,East Chelsea,14,4253,1380,19.21752880319774,16.433333333333334,0.32447683987773335,2026-02,unreliable_trip_rate,0.0,0.0,0.12979073595109333,0.8702092640489066,False
66,DUMBO/Vinegar Hill,15,188,61,25.1322695035461,21.416666666666664,0.324468085106383,2026-02,unreliable_trip_rate,0.0,0.0,1.0,0.0,False
234,Union Sq,23,4651,1509,14.258707804773167,12.391666666666666,0.3244463556224468,2026-02,unreliable_trip_rate,0.0,0.0,0.12470436465276284,0.8752956353472372,False
209,Seaport,21,487,158,16.073271731690625,14.85,0.324435318275154,2026-02,unreliable_trip_rate,0.0,0.0,0.86652977412731,0.13347022587268995,False
4,Alphabet City,10,561,182,17.350089126559713,15.583333333333334,0.3244206773618538,2026-02,unreliable_trip_rate,0.0,0.0,1.0,0.0,False
170,Murray Hill,23,2901,941,13.192594507641044,11.925,0.3243709065839366,2026-02,unreliable_trip_rate,0.0,0.0,0.17993795243019647,0.8200620475698035,False
25,Boerum Hill,8,185,60,30.6181981981982,26.6,0.32432432432432434,2026-02,unreliable_trip_rate,0.0,0.0,1.0,0.0,False
82,Elmhurst,23,148,48,17.537837837837838,16.625,0.32432432432432434,2026-02,unreliable_trip_rate,0.0,0.0,1.0,0.0,False
85,Erasmus,9,111,36,34.75375375375375,31.05,0.32432432432432434,2026-02,unreliable_trip_rate,0.0,0.0,1.0,0.0,False
106,Gowanus,1,37,12,23.564414414414415,23.566666666666666,0.32432432432432434,2026-02,unreliable_trip_rate,0.0,0.0,1.0,0.0,False
119,Highbridge,17,37,12,25.834234234234234,19.9,0.32432432432432434,2026-02,unreliable_trip_rate,0.0,0.0,1.0,0.0,False
168,Mott Haven/Port Morris,23,111,36,16.443243243243245,14.583333333333334,0.32432432432432434,2026-02,unreliable_trip_rate,0.0,0.0,1.0,0.0,False
205,Saint Albans,15,74,24,53.53986486486486,53.91666666666667,0.32432432432432434,2026-02,unreliable_trip_rate,0.0,0.0,1.0,0.0,False
213,Soundview/Castle Hill,18,74,24,28.578378378378382,22.475,0.32432432432432434,2026-02,unreliable_trip_rate,0.0,0.0,1.0,0.0,False
213,Soundview/Castle Hill,20,37,12,27.72927927927928,20.083333333333332,0.32432432432432434,2026-02,unreliable_trip_rate,0.0,0.0,1.0,0.0,False
261,World Trade Center,2,74,24,16.37635135135135,15.308333333333334,0.32432432432432434,2026-02,unreliable_trip_rate,0.0,0.0,1.0,0.0,False
151,Manhattan Valley,0,293,95,14.784015927189987,13.033333333333333,0.3242320819112628,2026-02,unreliable_trip_rate,0.0,0.0,1.0,0.0,False
48,Clinton East,4,1166,378,13.390937678673529,12.483333333333333,0.3241852487135506,2026-02,unreliable_trip_rate,0.0,0.0,0.7032590051457976,0.2967409948542024,False
142,Lincoln Square East,1,509,165,13.03863785199738,11.95,0.3241650294695481,2026-02,unreliable_trip_rate,0.0,0.0,1.0,0.0,False
140,Lenox Hill East,17,5431,1760,16.01968943718161,12.816666666666666,0.3240655496225373,2026-02,unreliable_trip_rate,0.0,0.0,0.1310992450745719,0.8689007549254281,False
232,Two Bridges/Seward Park,8,537,174,21.11663563004345,18.55,0.3240223463687151,2026-02,unreliable_trip_rate,0.0,0.0,1.0,0.0,False
107,Gramercy,22,4087,1324,13.67587064676617,11.391666666666666,0.3239540004893565,2026-02,unreliable_trip_rate,0.0,0.0,0.14631759236603867,0.8536824076339613,False
49,Clinton Hill,19,284,92,26.313497652582157,23.108333333333334,0.323943661971831,2026-02,unreliable_trip_rate,0.0,0.0,1.0,0.0,False
168,Mott Haven/Port Morris,14,142,46,29.577699530516433,24.758333333333333,0.323943661971831,2026-02,unreliable_trip_rate,0.0,0.0,1.0,0.0,False
261,World Trade Center,18,1133,367,20.565739923506914,18.55,0.32391879964695497,2026-02,unreliable_trip_rate,0.0,0.0,0.6946160635481023,0.3053839364518976,False
238,Upper West Side North,8,3906,1265,16.490241508789897,14.358333333333334,0.3238607270865335,2026-02,unreliable_trip_rate,0.0,0.0,0.11239119303635432,0.8876088069636456,False
198,Ridgewood,7,105,34,26.506507936507937,26.45,0.3238095238095238,2026-02,unreliable_trip_rate,0.0,0.0,1.0,0.0,False
232,Two Bridges/Seward Park,0,485,157,15.556735395189003,15.033333333333333,0.3237113402061856,2026-02,unreliable_trip_rate,0.0,0.0,0.9237113402061856,0.07628865979381444,False
230,Times Sq/Theatre District,23,5058,1637,15.126519045736128,11.583333333333334,0.3236457097667062,2026-02,unreliable_trip_rate,0.0,0.0,0.11921708185053381,0.8807829181494662,False
164,Midtown South,17,4345,1406,17.12770233985424,14.266666666666667,0.323590333716916,2026-02,unreliable_trip_rate,0.0,0.0,0.11185270425776755,0.8881472957422325,False
3,Allerton/Pelham Gardens,6,34,11,48.8093137254902,50.55,0.3235294117647059,2026-02,unreliable_trip_rate,0.0,0.0,1.0,0.0,False
53,College Point,23,34,11,20.973529411764705,18.891666666666666,0.3235294117647059,2026-02,unreliable_trip_rate,0.0,0.0,1.0,0.0,False
106,Gowanus,14,34,11,33.13676470588236,28.816666666666666,0.3235294117647059,2026-02,unreliable_trip_rate,0.0,0.0,1.0,0.0,False
112,Greenpoint,9,204,66,24.921405228758168,23.25,0.3235294117647059,2026-02,unreliable_trip_rate,0.0,0.0,1.0,0.0,False
155,Marine Park/Mill Basin,18,68,22,30.434803921568626,25.433333333333334,0.3235294117647059,2026-02,unreliable_trip_rate,0.0,0.0,1.0,0.0,False
173,North Corona,17,34,11,31.60490196078431,23.75,0.3235294117647059,2026-02,unreliable_trip_rate,0.0,0.0,1.0,0.0,False
223,Steinway,23,136,44,18.297794117647058,17.40833333333333,0.3235294117647059,2026-02,unreliable_trip_rate,0.0,0.0,1.0,0.0,False
244,Washington Heights South,1,102,33,14.81748366013072,13.9,0.3235294117647059,2026-02,unreliable_trip_rate,0.0,0.0,1.0,0.0,False
254,Williamsbridge/Olinville,22,34,11,25.836274509803925,18.733333333333334,0.3235294117647059,2026-02,unreliable_trip_rate,0.0,0.0,1.0,0.0,False
69,East Concourse/Concourse Village,8,167,54,40.14740518962076,38.35,0.32335329341317365,2026-02,unreliable_trip_rate,0.0,0.0,1.0,0.0,False
228,Sunset Park West,17,167,54,31.24051896207585,28.966666666666665,0.32335329341317365,2026-02,unreliable_trip_rate,0.0,0.0,1.0,0.0,False
113,Greenwich Village North,8,1432,463,14.416457169459962,12.908333333333333,0.3233240223463687,2026-02,unreliable_trip_rate,0.0,0.0,0.2849162011173184,0.7150837988826816,False
14,Bay Ridge,6,99,32,33.781313131313134,30.5,0.32323232323232326,2026-02,unreliable_trip_rate,0.0,0.0,1.0,0.0,False
226,Sunnyside,8,461,149,26.40654374548084,25.583333333333332,0.3232104121475054,2026-02,unreliable_trip_rate,0.0,0.0,0.9262472885032538,0.0737527114967462,False
168,Mott Haven/Port Morris,13,130,42,29.76820512820513,24.15833333333333,0.3230769230769231,2026-02,unreliable_trip_rate,0.0,0.0,1.0,0.0,False
231,TriBeCa/Civic Center,17,3595,1161,20.225132127955494,16.366666666666667,0.32294853963838666,2026-02,unreliable_trip_rate,0.0,0.0,0.14853963838664813,0.8514603616133519,False
161,Midtown Center,15,8037,2595,18.242735680809588,14.283333333333333,0.3228816722657708,2026-02,unreliable_trip_rate,0.0,0.0,0.06619385342789598,0.933806146572104,False
186,Penn Station/Madison Sq West,8,4095,1322,13.734957264957265,11.633333333333333,0.32283272283272285,2026-02,unreliable_trip_rate,0.0,0.0,0.08498168498168499,0.915018315018315,False
170,Murray Hill,17,6093,1967,17.06631106734504,14.508333333333333,0.3228294764483834,2026-02,unreliable_trip_rate,0.0,0.0,0.10553093714098145,0.8944690628590185,False
95,Forest Hills,19,158,51,21.442616033755275,19.28333333333333,0.3227848101265823,2026-02,unreliable_trip_rate,0.0,0.0,1.0,0.0,False
18,Bedford Park,15,31,10,49.86290322580645,35.71666666666667,0.3225806451612903,2026-02,unreliable_trip_rate,0.0,0.0,1.0,0.0,False
45,Chinatown,3,93,30,15.05448028673835,14.266666666666667,0.3225806451612903,2026-02,unreliable_trip_rate,0.0,0.0,1.0,0.0,False
47,Claremont/Bathgate,13,31,10,36.365053763440855,32.21666666666667,0.3225806451612903,2026-02,unreliable_trip_rate,0.0,0.0,1.0,0.0,False
53,College Point,0,31,10,22.011290322580646,18.05,0.3225806451612903,2026-02,unreliable_trip_rate,0.0,0.0,1.0,0.0,False
81,Eastchester,5,31,10,40.56559139784946,36.916666666666664,0.3225806451612903,2026-02,unreliable_trip_rate,0.0,0.0,1.0,0.0,False
85,Erasmus,15,62,20,29.993817204301074,26.791666666666664,0.3225806451612903,2026-02,unreliable_trip_rate,0.0,0.0,1.0,0.0,False
97,Fort Greene,2,31,10,19.471505376344087,17.85,0.3225806451612903,2026-02,unreliable_trip_rate,0.0,0.0,1.0,0.0,False
146,Long Island City/Queens Plaza,4,124,40,14.962499999999999,14.408333333333333,0.3225806451612903,2026-02,unreliable_trip_rate,0.0,0.0,1.0,0.0,False
169,Mount Hope,21,31,10,24.807526881720428,20.316666666666666,0.3225806451612903,2026-02,unreliable_trip_rate,0.0,0.0,1.0,0.0,False
180,Ozone Park,16,31,10,27.346236559139786,24.416666666666668,0.3225806451612903,2026-02,unreliable_trip_rate,0.0,0.0,1.0,0.0,False
242,Van Nest/Morris Park,9,31,10,33.93440860215054,29.933333333333334,0.3225806451612903,2026-02,unreliable_trip_rate,0.0,0.0,1.0,0.0,False
258,Woodhaven,19,31,10,27.101075268817205,26.1,0.3225806451612903,2026-02,unreliable_trip_rate,0.0,0.0,1.0,0.0,False
66,DUMBO/Vinegar Hill,17,338,109,23.37253451676529,21.65,0.3224852071005917,2026-02,unreliable_trip_rate,0.0,0.0,1.0,0.0,False
224,Stuy Town/Peter Cooper Village,9,543,175,16.15061387354205,14.533333333333333,0.32228360957642727,2026-02,unreliable_trip_rate,0.0,0.0,0.8729281767955801,0.1270718232044199,False
68,East Chelsea,16,4643,1496,18.581847225213583,15.416666666666666,0.3222054706009046,2026-02,unreliable_trip_rate,0.0,0.0,0.1096273960801206,0.8903726039198794,False
141,Lenox Hill West,18,5875,1892,13.121773049645391,10.216666666666667,0.3220425531914894,2026-02,unreliable_trip_rate,0.0,0.0,0.10774468085106383,0.8922553191489362,False
49,Clinton Hill,1,59,19,21.973446327683618,19.716666666666665,0.3220338983050847,2026-02,unreliable_trip_rate,0.0,0.0,1.0,0.0,False
243,Washington Heights North,9,236,76,32.16744350282486,28.391666666666666,0.3220338983050847,2026-02,unreliable_trip_rate,0.0,0.0,1.0,0.0,False
209,Seaport,12,205,66,24.23390243902439,21.583333333333332,0.32195121951219513,2026-02,unreliable_trip_rate,0.0,0.0,1.0,0.0,False
143,Lincoln Square West,1,146,47,12.82956621004566,11.75,0.3219178082191781,2026-02,unreliable_trip_rate,0.0,0.0,1.0,0.0,False
243,Washington Heights North,18,233,75,22.944706723891272,20.8,0.3218884120171674,2026-02,unreliable_trip_rate,0.0,0.0,1.0,0.0,False
142,Lincoln Square East,16,5525,1777,14.340612368024132,11.666666666666666,0.3216289592760181,2026-02,unreliable_trip_rate,0.0,0.0,0.09140271493212669,0.9085972850678733,False
143,Lincoln Square West,0,370,119,13.20472972972973,11.966666666666665,0.3216216216216216,2026-02,unreliable_trip_rate,0.0,0.0,1.0,0.0,False
82,Elmhurst,12,56,18,27.93035714285714,23.891666666666666,0.32142857142857145,2026-02,unreliable_trip_rate,0.0,0.0,1.0,0.0,False
83,Elmhurst/Maspeth,17,56,18,26.43154761904762,25.941666666666666,0.32142857142857145,2026-02,unreliable_trip_rate,0.0,0.0,1.0,0.0,False
85,Erasmus,18,84,27,31.343452380952378,28.075000000000003,0.32142857142857145,2026-02,unreliable_trip_rate,0.0,0.0,1.0,0.0,False
219,Springfield Gardens South,6,56,18,54.50833333333333,54.71666666666667,0.32142857142857145,2026-02,unreliable_trip_rate,0.0,0.0,1.0,0.0,False
235,University Heights/Morris Heights,6,112,36,31.675744047619048,26.3,0.32142857142857145,2026-02,unreliable_trip_rate,0.0,0.0,1.0,0.0,False
236,Upper East Side North,11,8400,2700,14.22653373015873,10.133333333333333,0.32142857142857145,2026-02,unreliable_trip_rate,0.0,0.0,0.05976190476190476,0.9402380952380952,False
237,Upper East Side South,22,5284,1698,11.719145849104214,8.766666666666667,0.3213474640423921,2026-02,unreliable_trip_rate,0.0,0.0,0.10787282361847085,0.8921271763815292,False
90,Flatiron,21,3523,1132,15.07948244867064,12.733333333333333,0.3213170593244394,2026-02,unreliable_trip_rate,0.0,0.0,0.13681521430598922,0.8631847856940108,False
181,Park Slope,18,442,142,26.731146304675715,24.991666666666667,0.3212669683257919,2026-02,unreliable_trip_rate,0.0,0.0,1.0,0.0,False
168,Mott Haven/Port Morris,11,109,35,30.526146788990825,24.233333333333334,0.3211009174311927,2026-02,unreliable_trip_rate,0.0,0.0,1.0,0.0,False
177,Ocean Hill,15,109,35,37.29464831804282,32.71666666666667,0.3211009174311927,2026-02,unreliable_trip_rate,0.0,0.0,1.0,0.0,False
229,Sutton Place/Turtle Bay North,20,3177,1020,12.988810198300282,10.825,0.3210576015108593,2026-02,unreliable_trip_rate,0.0,0.0,0.18256216556499844,0.8174378344350016,False
143,Lincoln Square West,18,3249,1043,13.997342772135017,11.9,0.32102185287780854,2026-02,unreliable_trip_rate,0.0,0.0,0.16251154201292706,0.8374884579870729,False
65,Downtown Brooklyn/MetroTech,10,134,43,24.627860696517413,21.2,0.3208955223880597,2026-02,unreliable_trip_rate,0.0,0.0,1.0,0.0,False
125,Hudson Sq,2,318,102,12.085062893081762,10.633333333333333,0.32075471698113206,2026-02,unreliable_trip_rate,0.0,0.0,0.9056603773584906,0.09433962264150944,False
149,Madison,14,53,17,44.223584905660374,40.483333333333334,0.32075471698113206,2026-02,unreliable_trip_rate,0.0,0.0,1.0,0.0,False
155,Marine Park/Mill Basin,16,53,17,32.70566037735849,27.183333333333334,0.32075471698113206,2026-02,unreliable_trip_rate,0.0,0.0,1.0,0.0,False
181,Park Slope,2,53,17,18.077672955974844,17.733333333333334,0.32075471698113206,2026-02,unreliable_trip_rate,0.0,0.0,1.0,0.0,False
243,Washington Heights North,8,290,93,32.483448275862074,31.758333333333333,0.32068965517241377,2026-02,unreliable_trip_rate,0.0,0.0,1.0,0.0,False
88,Financial District South,19,789,253,19.483460076045628,18.083333333333332,0.320659062103929,2026-02,unreliable_trip_rate,0.0,0.0,0.8428390367553865,0.15716096324461343,False
13,Battery Park City,13,973,312,19.58619390202124,17.983333333333334,0.32065775950668035,2026-02,unreliable_trip_rate,0.0,0.0,0.6115107913669064,0.38848920863309355,False
116,Hamilton Heights,9,496,159,25.212567204301074,22.441666666666666,0.32056451612903225,2026-02,unreliable_trip_rate,0.0,0.0,1.0,0.0,False
225,Stuyvesant Heights,22,156,50,27.504380341880342,28.041666666666664,0.32051282051282054,2026-02,unreliable_trip_rate,0.0,0.0,1.0,0.0,False
114,Greenwich Village South,19,2909,932,14.994219090179902,13.066666666666666,0.320385012031626,2026-02,unreliable_trip_rate,0.0,0.0,0.1605362667583362,0.8394637332416638,False
140,Lenox Hill East,19,4264,1366,14.25597248280175,12.35,0.32035647279549717,2026-02,unreliable_trip_rate,0.0,0.0,0.149859287054409,0.850140712945591,False
239,Upper West Side South,7,2841,910,14.166279479056671,12.416666666666666,0.32030975008799717,2026-02,unreliable_trip_rate,0.0,0.0,0.14431538190777896,0.8556846180922211,False
95,Forest Hills,7,203,65,37.33177339901478,35.416666666666664,0.32019704433497537,2026-02,unreliable_trip_rate,0.0,0.0,1.0,0.0,False
166,Morningside Heights,18,2130,682,17.796205007824724,15.983333333333333,0.32018779342723,2026-02,unreliable_trip_rate,0.0,0.0,0.25023474178403754,0.7497652582159624,False
238,Upper West Side North,7,2727,873,14.65215743796602,12.983333333333333,0.3201320132013201,2026-02,unreliable_trip_rate,0.0,0.0,0.16574990832416575,0.8342500916758343,False
146,Long Island City/Queens Plaza,18,353,113,23.463692162417374,22.183333333333334,0.32011331444759206,2026-02,unreliable_trip_rate,0.0,0.0,1.0,0.0,False
41,Central Harlem,6,728,233,18.412477106227104,17.0,0.32005494505494503,2026-02,unreliable_trip_rate,0.0,0.0,0.7925824175824175,0.20741758241758243,False
80,East Williamsburg,13,125,40,28.808133333333334,25.883333333333333,0.32,2026-02,unreliable_trip_rate,0.0,0.0,1.0,0.0,False
123,Homecrest,11,75,24,44.19288888888889,37.93333333333333,0.32,2026-02,unreliable_trip_rate,0.0,0.0,1.0,0.0,False
129,Jackson Heights,11,125,40,29.90986666666667,27.866666666666667,0.32,2026-02,unreliable_trip_rate,0.0,0.0,1.0,0.0,False
146,Long Island City/Queens Plaza,12,150,48,22.86788888888889,22.0,0.32,2026-02,unreliable_trip_rate,0.0,0.0,1.0,0.0,False
195,Red Hook,21,50,16,24.825333333333333,22.15833333333333,0.32,2026-02,unreliable_trip_rate,0.0,0.0,1.0,0.0,False
244,Washington Heights South,2,50,16,13.768333333333333,13.2,0.32,2026-02,unreliable_trip_rate,0.0,0.0,1.0,0.0,False
48,Clinton East,23,4019,1286,14.446396284316165,12.766666666666667,0.31998009455088333,2026-02,unreliable_trip_rate,0.0,0.0,0.14754914157750684,0.8524508584224931,False
161,Midtown Center,6,869,278,11.661814345991562,8.133333333333333,0.31990794016110474,2026-02,unreliable_trip_rate,0.0,0.0,0.3924050632911392,0.6075949367088608,False
88,Financial District South,9,272,87,20.4859681372549,19.058333333333334,0.31985294117647056,2026-02,unreliable_trip_rate,0.0,0.0,1.0,0.0,False
145,Long Island City/Hunters Point,12,247,79,22.97354925775978,22.166666666666668,0.31983805668016196,2026-02,unreliable_trip_rate,0.0,0.0,1.0,0.0,False
181,Park Slope,20,247,79,23.820985155195682,23.533333333333335,0.31983805668016196,2026-02,unreliable_trip_rate,0.0,0.0,1.0,0.0,False
148,Lower East Side,10,688,220,17.755208333333336,15.7,0.31976744186046513,2026-02,unreliable_trip_rate,0.0,0.0,0.8677325581395349,0.13226744186046513,False
80,East Williamsburg,16,147,47,28.08571428571429,24.0,0.3197278911564626,2026-02,unreliable_trip_rate,0.0,0.0,1.0,0.0,False
87,Financial District North,11,710,227,20.67406103286385,19.308333333333334,0.31971830985915495,2026-02,unreliable_trip_rate,0.0,0.0,0.9,0.1,False
186,Penn Station/Madison Sq West,20,4917,1572,16.250569452918448,12.991666666666667,0.31970713849908483,2026-02,unreliable_trip_rate,0.0,0.0,0.13260117958104536,0.8673988204189547,False
229,Sutton Place/Turtle Bay North,18,4179,1336,14.492442370583074,12.475,0.31969370662838,2026-02,unreliable_trip_rate,0.0,0.0,0.1399856424982053,0.8600143575017947,False
163,Midtown North,16,5224,1670,16.686083460949465,13.216666666666667,0.31967840735068914,2026-02,unreliable_trip_rate,0.0,0.0,0.08614088820826953,0.9138591117917305,False
144,Little Italy/NoLiTa,22,2562,819,14.865918553213634,12.708333333333332,0.319672131147541,2026-02,unreliable_trip_rate,0.0,0.0,0.23106947697111632,0.7689305230288837,False
223,Steinway,16,122,39,25.291256830601093,23.275,0.319672131147541,2026-02,unreliable_trip_rate,0.0,0.0,1.0,0.0,False
52,Cobble Hill,19,72,23,21.44560185185185,20.441666666666666,0.3194444444444444,2026-02,unreliable_trip_rate,0.0,0.0,1.0,0.0,False
193,Queensbridge/Ravenswood,8,144,46,25.543287037037036,24.375,0.3194444444444444,2026-02,unreliable_trip_rate,0.0,0.0,1.0,0.0,False
133,Kensington,15,47,15,31.346099290780142,25.766666666666666,0.3191489361702128,2026-02,unreliable_trip_rate,0.0,0.0,1.0,0.0,False
168,Mott Haven/Port Morris,1,47,15,19.6677304964539,16.133333333333333,0.3191489361702128,2026-02,unreliable_trip_rate,0.0,0.0,1.0,0.0,False
210,Sheepshead Bay,15,47,15,46.7936170212766,35.483333333333334,0.3191489361702128,2026-02,unreliable_trip_rate,0.0,0.0,1.0,0.0,False
241,Van Cortlandt Village,7,94,30,39.02056737588653,34.016666666666666,0.3191489361702128,2026-02,unreliable_trip_rate,0.0,0.0,1.0,0.0,False
87,Financial District North,18,2090,667,19.930063795853272,17.608333333333334,0.3191387559808612,2026-02,unreliable_trip_rate,0.0,0.0,0.3229665071770335,0.6770334928229665,False
17,Bedford,6,210,67,29.6434126984127,25.358333333333334,0.319047619047619,2026-02,unreliable_trip_rate,0.0,0.0,1.0,0.0,False
238,Upper West Side North,11,3941,1257,13.892227015139982,9.283333333333333,0.3189545800558234,2026-02,unreliable_trip_rate,0.0,0.0,0.09743719868053793,0.9025628013194621,False
164,Midtown South,20,4659,1486,14.365525506188739,12.6,0.31895256492809615,2026-02,unreliable_trip_rate,0.0,0.0,0.13264649066323245,0.8673535093367676,False
232,Two Bridges/Seward Park,21,555,177,17.22783783783784,16.4,0.31891891891891894,2026-02,unreliable_trip_rate,0.0,0.0,0.9333333333333333,0.06666666666666667,False
88,Financial District South,4,69,22,16.007004830917875,14.95,0.3188405797101449,2026-02,unreliable_trip_rate,0.0,0.0,1.0,0.0,False
198,Ridgewood,16,69,22,30.332367149758454,27.25,0.3188405797101449,2026-02,unreliable_trip_rate,0.0,0.0,1.0,0.0,False
14,Bay Ridge,10,91,29,39.98516483516484,35.333333333333336,0.31868131868131866,2026-02,unreliable_trip_rate,0.0,0.0,1.0,0.0,False
234,Union Sq,14,4435,1413,17.008462983840662,13.866666666666667,0.3186020293122886,2026-02,unreliable_trip_rate,0.0,0.0,0.07981961668545659,0.9201803833145434,False
151,Manhattan Valley,4,135,43,13.926419753086419,11.633333333333333,0.31851851851851853,2026-02,unreliable_trip_rate,0.0,0.0,1.0,0.0,False
209,Seaport,8,157,50,21.92091295116773,20.35,0.3184713375796178,2026-02,unreliable_trip_rate,0.0,0.0,1.0,0.0,False
238,Upper West Side North,15,5112,1628,14.759653755868547,11.916666666666666,0.31846635367762127,2026-02,unreliable_trip_rate,0.0,0.0,0.10524256651017215,0.8947574334898278,False
87,Financial District North,22,1404,447,16.931576448243117,15.808333333333334,0.31837606837606836,2026-02,unreliable_trip_rate,0.0,0.0,0.5804843304843305,0.41951566951566954,False
87,Financial District North,23,1310,417,16.87641221374046,15.633333333333333,0.3183206106870229,2026-02,unreliable_trip_rate,0.0,0.0,0.6458015267175573,0.35419847328244275,False
63,Cypress Hills,17,44,14,25.56590909090909,25.708333333333332,0.3181818181818182,2026-02,unreliable_trip_rate,0.0,0.0,1.0,0.0,False
71,East Flatbush/Farragut,5,110,35,32.24212121212121,29.225,0.3181818181818182,2026-02,unreliable_trip_rate,0.0,0.0,1.0,0.0,False
85,Erasmus,16,88,28,42.29128787878788,30.941666666666666,0.3181818181818182,2026-02,unreliable_trip_rate,0.0,0.0,1.0,0.0,False
167,Morrisania/Melrose,21,44,14,29.03787878787879,23.016666666666666,0.3181818181818182,2026-02,unreliable_trip_rate,0.0,0.0,1.0,0.0,False
196,Rego Park,18,88,28,25.329545454545453,22.78333333333333,0.3181818181818182,2026-02,unreliable_trip_rate,0.0,0.0,1.0,0.0,False
198,Ridgewood,2,66,21,19.564141414141414,20.041666666666668,0.3181818181818182,2026-02,unreliable_trip_rate,0.0,0.0,1.0,0.0,False
209,Seaport,4,66,21,16.108838383838386,14.158333333333333,0.3181818181818182,2026-02,unreliable_trip_rate,0.0,0.0,1.0,0.0,False
241,Van Cortlandt Village,6,66,21,42.92853535353535,37.983333333333334,0.3181818181818182,2026-02,unreliable_trip_rate,0.0,0.0,1.0,0.0,False
260,Woodside,1,66,21,13.561868686868687,12.95,0.3181818181818182,2026-02,unreliable_trip_rate,0.0,0.0,1.0,0.0,False
261,World Trade Center,4,44,14,13.889015151515151,12.441666666666666,0.3181818181818182,2026-02,unreliable_trip_rate,0.0,0.0,1.0,0.0,False
239,Upper West Side South,15,5554,1767,14.056247749369822,11.433333333333334,0.31814908174288803,2026-02,unreliable_trip_rate,0.0,0.0,0.09074540871444005,0.90925459128556,False
236,Upper East Side North,21,4626,1470,12.144030119613777,8.383333333333333,0.31776913099870296,2026-02,unreliable_trip_rate,0.0,0.0,0.12689148292261132,0.8731085170773887,False
179,Old Astoria,23,107,34,19.28473520249221,17.733333333333334,0.3177570093457944,2026-02,unreliable_trip_rate,0.0,0.0,1.0,0.0,False
196,Rego Park,8,85,27,40.23078431372549,36.31666666666667,0.3176470588235294,2026-02,unreliable_trip_rate,0.0,0.0,1.0,0.0,False
90,Flatiron,7,1083,344,13.027608494921514,10.3,0.31763619575253926,2026-02,unreliable_trip_rate,0.0,0.0,0.4312096029547553,0.5687903970452447,False
25,Boerum Hill,12,189,60,33.44753086419753,29.966666666666665,0.31746031746031744,2026-02,unreliable_trip_rate,0.0,0.0,1.0,0.0,False
130,Jamaica,3,63,20,13.828042328042327,13.233333333333333,0.31746031746031744,2026-02,unreliable_trip_rate,0.0,0.0,1.0,0.0,False
228,Sunset Park West,11,63,20,36.82089947089947,35.666666666666664,0.31746031746031744,2026-02,unreliable_trip_rate,0.0,0.0,1.0,0.0,False
260,Woodside,18,189,60,21.33042328042328,18.866666666666667,0.31746031746031744,2026-02,unreliable_trip_rate,0.0,0.0,1.0,0.0,False
209,Seaport,3,104,33,14.938942307692308,13.9,0.3173076923076923,2026-02,unreliable_trip_rate,0.0,0.0,1.0,0.0,False
262,Yorkville East,1,145,46,11.291609195402298,11.783333333333333,0.31724137931034485,2026-02,unreliable_trip_rate,0.0,0.0,1.0,0.0,False
51,Co-Op City,21,41,13,22.14512195121951,19.0,0.3170731707317073,2026-02,unreliable_trip_rate,0.0,0.0,1.0,0.0,False
197,Richmond Hill,20,41,13,22.23130081300813,19.333333333333332,0.3170731707317073,2026-02,unreliable_trip_rate,0.0,0.0,1.0,0.0,False
256,Williamsburg (South Side),14,164,52,26.121239837398374,24.025,0.3170731707317073,2026-02,unreliable_trip_rate,0.0,0.0,1.0,0.0,False
158,Meatpacking/West Village West,22,2347,744,15.59015054679733,14.35,0.3170004260758415,2026-02,unreliable_trip_rate,0.0,0.0,0.2633148700468683,0.7366851299531316,False
239,Upper West Side South,8,4127,1308,15.096591551570954,12.641666666666666,0.31693724254906713,2026-02,unreliable_trip_rate,0.0,0.0,0.08965350133268718,0.9103464986673128,False
239,Upper West Side South,10,4727,1498,13.65688244834638,11.533333333333333,0.3169028982441295,2026-02,unreliable_trip_rate,0.0,0.0,0.08398561455468585,0.9160143854453141,False
244,Washington Heights South,21,385,122,18.36125541125541,16.483333333333334,0.3168831168831169,2026-02,unreliable_trip_rate,0.0,0.0,1.0,0.0,False
95,Forest Hills,20,101,32,22.103795379537953,19.316666666666666,0.31683168316831684,2026-02,unreliable_trip_rate,0.0,0.0,1.0,0.0,False
66,DUMBO/Vinegar Hill,16,221,70,23.855957767722476,21.933333333333334,0.3167420814479638,2026-02,unreliable_trip_rate,0.0,0.0,1.0,0.0,False
62,Crown Heights South,18,120,38,26.27888888888889,23.65,0.31666666666666665,2026-02,unreliable_trip_rate,0.0,0.0,1.0,0.0,False
97,Fort Greene,19,360,114,23.049212962962965,21.941666666666666,0.31666666666666665,2026-02,unreliable_trip_rate,0.0,0.0,1.0,0.0,False
177,Ocean Hill,0,60,19,23.975277777777777,21.508333333333333,0.31666666666666665,2026-02,unreliable_trip_rate,0.0,0.0,1.0,0.0,False
179,Old Astoria,17,180,57,24.831203703703704,24.40833333333333,0.31666666666666665,2026-02,unreliable_trip_rate,0.0,0.0,1.0,0.0,False
114,Greenwich Village South,6,259,82,13.605083655083655,11.133333333333333,0.3166023166023166,2026-02,unreliable_trip_rate,0.0,0.0,0.8803088803088803,0.11969111969111969,False
239,Upper West Side South,11,4757,1506,13.739857052764346,11.35,0.3165860836661762,2026-02,unreliable_trip_rate,0.0,0.0,0.08723985705276435,0.9127601429472356,False
209,Seaport,0,411,130,15.637429034874291,14.116666666666667,0.31630170316301703,2026-02,unreliable_trip_rate,0.0,0.0,0.9172749391727494,0.0827250608272506,False
37,Bushwick South,8,313,99,32.823322683706074,29.766666666666666,0.31629392971246006,2026-02,unreliable_trip_rate,0.0,0.0,1.0,0.0,False
37,Bushwick South,19,313,99,27.268051118210863,26.666666666666668,0.31629392971246006,2026-02,unreliable_trip_rate,0.0,0.0,1.0,0.0,False
238,Upper West Side North,4,155,49,15.536559139784945,12.433333333333334,0.3161290322580645,2026-02,unreliable_trip_rate,0.0,0.0,1.0,0.0,False
7,Astoria,22,424,134,19.5999606918239,19.066666666666666,0.3160377358490566,2026-02,unreliable_trip_rate,0.0,0.0,0.9292452830188679,0.07075471698113207,False
129,Jackson Heights,18,250,79,23.459466666666668,22.166666666666664,0.316,2026-02,unreliable_trip_rate,0.0,0.0,1.0,0.0,False
158,Meatpacking/West Village West,2,1371,433,12.772234378798931,11.75,0.31582786287381476,2026-02,unreliable_trip_rate,0.0,0.0,0.4084609773887673,0.5915390226112327,False
39,Canarsie,21,57,18,26.73391812865497,21.05,0.3157894736842105,2026-02,unreliable_trip_rate,0.0,0.0,1.0,0.0,False
40,Carroll Gardens,14,38,12,29.921491228070174,27.891666666666666,0.3157894736842105,2026-02,unreliable_trip_rate,0.0,0.0,1.0,0.0,False
49,Clinton Hill,13,171,54,32.50565302144249,28.35,0.3157894736842105,2026-02,unreliable_trip_rate,0.0,0.0,1.0,0.0,False
83,Elmhurst/Maspeth,20,38,12,21.879824561403506,20.708333333333332,0.3157894736842105,2026-02,unreliable_trip_rate,0.0,0.0,1.0,0.0,False
85,Erasmus,4,38,12,26.529824561403508,25.683333333333334,0.3157894736842105,2026-02,unreliable_trip_rate,0.0,0.0,1.0,0.0,False
86,Far Rockaway,6,57,18,74.4640350877193,79.6,0.3157894736842105,2026-02,unreliable_trip_rate,0.0,0.0,1.0,0.0,False
92,Flushing,8,57,18,44.368128654970754,46.233333333333334,0.3157894736842105,2026-02,unreliable_trip_rate,0.0,0.0,1.0,0.0,False
94,Fordham South,6,38,12,36.0469298245614,34.483333333333334,0.3157894736842105,2026-02,unreliable_trip_rate,0.0,0.0,1.0,0.0,False
131,Jamaica Estates,17,38,12,31.668421052631583,26.308333333333334,0.3157894736842105,2026-02,unreliable_trip_rate,0.0,0.0,1.0,0.0,False
134,Kew Gardens,22,38,12,14.094298245614036,13.608333333333334,0.3157894736842105,2026-02,unreliable_trip_rate,0.0,0.0,1.0,0.0,False
139,Laurelton,6,57,18,56.913742690058484,61.06666666666667,0.3157894736842105,2026-02,unreliable_trip_rate,0.0,0.0,1.0,0.0,False
174,Norwood,12,38,12,53.15701754385965,49.65833333333333,0.3157894736842105,2026-02,unreliable_trip_rate,0.0,0.0,1.0,0.0,False
189,Prospect Heights,10,57,18,29.46140350877193,23.233333333333334,0.3157894736842105,2026-02,unreliable_trip_rate,0.0,0.0,1.0,0.0,False
189,Prospect Heights,17,114,36,28.007456140350875,26.34166666666667,0.3157894736842105,2026-02,unreliable_trip_rate,0.0,0.0,1.0,0.0,False
217,South Williamsburg,14,38,12,29.885526315789477,28.96666666666667,0.3157894736842105,2026-02,unreliable_trip_rate,0.0,0.0,1.0,0.0,False
227,Sunset Park East,18,38,12,25.316666666666666,21.108333333333334,0.3157894736842105,2026-02,unreliable_trip_rate,0.0,0.0,1.0,0.0,False
256,Williamsburg (South Side),9,209,66,26.687320574162676,24.533333333333335,0.3157894736842105,2026-02,unreliable_trip_rate,0.0,0.0,1.0,0.0,False
116,Hamilton Heights,11,339,107,23.383726647000984,21.25,0.31563421828908556,2026-02,unreliable_trip_rate,0.0,0.0,1.0,0.0,False
170,Murray Hill,22,4392,1386,13.552121281117183,11.704166666666667,0.3155737704918033,2026-02,unreliable_trip_rate,0.0,0.0,0.14571948998178508,0.8542805100182149,False
140,Lenox Hill East,2,168,53,10.901388888888889,10.058333333333334,0.31547619047619047,2026-02,unreliable_trip_rate,0.0,0.0,1.0,0.0,False
164,Midtown South,21,4759,1501,14.462866848777756,12.325,0.31540239546123133,2026-02,unreliable_trip_rate,0.0,0.0,0.1243958814877075,0.8756041185122925,False
161,Midtown Center,23,4602,1451,13.659343763581052,11.616666666666667,0.31529769665362883,2026-02,unreliable_trip_rate,0.0,0.0,0.13320295523685355,0.8667970447631465,False
66,DUMBO/Vinegar Hill,23,203,64,20.410837438423645,18.55,0.31527093596059114,2026-02,unreliable_trip_rate,0.0,0.0,1.0,0.0,False
193,Queensbridge/Ravenswood,14,92,29,33.335507246376814,29.941666666666666,0.31521739130434784,2026-02,unreliable_trip_rate,0.0,0.0,1.0,0.0,False
82,Elmhurst,18,219,69,23.78630136986301,21.366666666666667,0.3150684931506849,2026-02,unreliable_trip_rate,0.0,0.0,1.0,0.0,False
146,Long Island City/Queens Plaza,13,146,46,22.821461187214613,21.258333333333333,0.3150684931506849,2026-02,unreliable_trip_rate,0.0,0.0,1.0,0.0,False
159,Melrose South,9,73,23,38.660502283105025,37.1,0.3150684931506849,2026-02,unreliable_trip_rate,0.0,0.0,1.0,0.0,False
189,Prospect Heights,19,146,46,22.50308219178082,21.291666666666664,0.3150684931506849,2026-02,unreliable_trip_rate,0.0,0.0,1.0,0.0,False
88,Financial District South,18,905,285,21.856427255985267,19.616666666666667,0.3149171270718232,2026-02,unreliable_trip_rate,0.0,0.0,0.8342541436464088,0.16574585635359115,False
239,Upper West Side South,12,5266,1658,13.555690593746043,10.908333333333333,0.31484998101025446,2026-02,unreliable_trip_rate,0.0,0.0,0.08887200911507785,0.9111279908849221,False
10,Baisley Park,23,54,17,21.796296296296298,20.2,0.3148148148148148,2026-02,unreliable_trip_rate,0.0,0.0,1.0,0.0,False
40,Carroll Gardens,0,54,17,20.91018518518519,21.025,0.3148148148148148,2026-02,unreliable_trip_rate,0.0,0.0,1.0,0.0,False
40,Carroll Gardens,13,54,17,24.445987654320987,23.075000000000003,0.3148148148148148,2026-02,unreliable_trip_rate,0.0,0.0,1.0,0.0,False
95,Forest Hills,4,54,17,23.91759259259259,19.875,0.3148148148148148,2026-02,unreliable_trip_rate,0.0,0.0,1.0,0.0,False
196,Rego Park,6,54,17,25.45,23.525,0.3148148148148148,2026-02,unreliable_trip_rate,0.0,0.0,1.0,0.0,False
217,South Williamsburg,19,54,17,29.86851851851852,25.866666666666667,0.3148148148148148,2026-02,unreliable_trip_rate,0.0,0.0,1.0,0.0,False
243,Washington Heights North,15,178,56,25.57537453183521,21.816666666666666,0.3146067415730337,2026-02,unreliable_trip_rate,0.0,0.0,1.0,0.0,False
248,West Farms/Bronx River,6,89,28,30.693258426966292,25.666666666666668,0.3146067415730337,2026-02,unreliable_trip_rate,0.0,0.0,1.0,0.0,False
260,Woodside,6,124,39,20.594892473118282,19.241666666666667,0.31451612903225806,2026-02,unreliable_trip_rate,0.0,0.0,1.0,0.0,False
152,Manhattanville,20,264,83,17.601073232323234,16.283333333333335,0.3143939393939394,2026-02,unreliable_trip_rate,0.0,0.0,1.0,0.0,False
47,Claremont/Bathgate,12,35,11,44.72714285714286,36.0,0.3142857142857143,2026-02,unreliable_trip_rate,0.0,0.0,1.0,0.0,False
81,Eastchester,12,35,11,45.52904761904762,42.65,0.3142857142857143,2026-02,unreliable_trip_rate,0.0,0.0,1.0,0.0,False
117,Hammels/Arverne,16,35,11,62.77047619047619,61.7,0.3142857142857143,2026-02,unreliable_trip_rate,0.0,0.0,1.0,0.0,False
131,Jamaica Estates,14,35,11,36.49333333333333,27.883333333333333,0.3142857142857143,2026-02,unreliable_trip_rate,0.0,0.0,1.0,0.0,False
198,Ridgewood,21,70,22,21.888571428571428,21.65833333333333,0.3142857142857143,2026-02,unreliable_trip_rate,0.0,0.0,1.0,0.0,False
250,Westchester Village/Unionport,14,35,11,36.62619047619048,32.88333333333333,0.3142857142857143,2026-02,unreliable_trip_rate,0.0,0.0,1.0,0.0,False
33,Brooklyn Heights,9,226,71,27.8297197640118,24.891666666666666,0.3141592920353982,2026-02,unreliable_trip_rate,0.0,0.0,1.0,0.0,False
234,Union Sq,16,5300,1665,16.652713836477986,12.783333333333333,0.3141509433962264,2026-02,unreliable_trip_rate,0.0,0.0,0.0739622641509434,0.9260377358490566,False
256,Williamsburg (South Side),18,430,135,24.733527131782946,22.583333333333336,0.313953488372093,2026-02,unreliable_trip_rate,0.0,0.0,1.0,0.0,False
80,East Williamsburg,23,360,113,19.789212962962964,18.866666666666667,0.3138888888888889,2026-02,unreliable_trip_rate,0.0,0.0,1.0,0.0,False
82,Elmhurst,7,137,43,29.890024330900243,28.0,0.31386861313868614,2026-02,unreliable_trip_rate,0.0,0.0,1.0,0.0,False
205,Saint Albans,6,137,43,56.17956204379562,54.483333333333334,0.31386861313868614,2026-02,unreliable_trip_rate,0.0,0.0,1.0,0.0,False
51,Co-Op City,12,51,16,58.40424836601307,57.083333333333336,0.3137254901960784,2026-02,unreliable_trip_rate,0.0,0.0,1.0,0.0,False
56,Corona,23,51,16,16.927124183006537,15.133333333333333,0.3137254901960784,2026-02,unreliable_trip_rate,0.0,0.0,1.0,0.0,False
77,East New York/Pennsylvania Avenue,18,51,16,30.259477124183007,28.566666666666666,0.3137254901960784,2026-02,unreliable_trip_rate,0.0,0.0,1.0,0.0,False
143,Lincoln Square West,8,3003,942,16.28868353868354,14.7,0.31368631368631367,2026-02,unreliable_trip_rate,0.0,0.0,0.15950715950715952,0.8404928404928405,False
166,Morningside Heights,6,322,101,16.27142857142857,15.4,0.3136645962732919,2026-02,unreliable_trip_rate,0.0,0.0,1.0,0.0,False
70,East Elmhurst,10,220,69,35.61681818181818,34.225,0.31363636363636366,2026-02,unreliable_trip_rate,0.0,0.0,1.0,0.0,False
79,East Village,9,2554,801,15.084860349778124,13.516666666666667,0.31362568519968675,2026-02,unreliable_trip_rate,0.0,0.0,0.18676585747846516,0.8132341425215348,False
129,Jackson Heights,19,236,74,21.84463276836158,20.65833333333333,0.3135593220338983,2026-02,unreliable_trip_rate,0.0,0.0,1.0,0.0,False
113,Greenwich Village North,20,3244,1017,15.382439375256883,11.916666666666666,0.313501849568434,2026-02,unreliable_trip_rate,0.0,0.0,0.15073982737361283,0.8492601726263872,False
225,Stuyvesant Heights,6,252,79,34.951917989417986,30.991666666666667,0.3134920634920635,2026-02,unreliable_trip_rate,0.0,0.0,1.0,0.0,False
224,Stuy Town/Peter Cooper Village,22,418,131,14.590191387559809,13.458333333333332,0.3133971291866029,2026-02,unreliable_trip_rate,0.0,0.0,1.0,0.0,False
66,DUMBO/Vinegar Hill,8,217,68,25.29032258064516,23.333333333333332,0.31336405529953915,2026-02,unreliable_trip_rate,0.0,0.0,1.0,0.0,False
127,Inwood,17,83,26,29.103212851405623,23.216666666666665,0.3132530120481928,2026-02,unreliable_trip_rate,0.0,0.0,1.0,0.0,False
146,Long Island City/Queens Plaza,20,166,52,19.952108433734942,19.191666666666666,0.3132530120481928,2026-02,unreliable_trip_rate,0.0,0.0,1.0,0.0,False
70,East Elmhurst,15,514,161,36.01066796368353,33.53333333333333,0.3132295719844358,2026-02,unreliable_trip_rate,0.0,0.0,1.0,0.0,False
238,Upper West Side North,12,4058,1271,13.88184655823887,10.2,0.31320847708230654,2026-02,unreliable_trip_rate,0.0,0.0,0.10226712666338098,0.897732873336619,False
228,Sunset Park West,8,99,31,35.48686868686868,34.31666666666667,0.31313131313131315,2026-02,unreliable_trip_rate,0.0,0.0,1.0,0.0,False
238,Upper West Side North,19,3491,1093,12.668576339157834,9.433333333333334,0.313090804926955,2026-02,unreliable_trip_rate,0.0,0.0,0.1349183615010026,0.8650816384989974,False
262,Yorkville East,9,3667,1148,14.385224070539042,13.133333333333333,0.3130624488682847,2026-02,unreliable_trip_rate,0.0,0.0,0.12326152167984729,0.8767384783201527,False
25,Boerum Hill,21,230,72,22.511739130434783,21.133333333333333,0.3130434782608696,2026-02,unreliable_trip_rate,0.0,0.0,1.0,0.0,False
145,Long Island City/Hunters Point,11,278,87,22.908153477218224,21.791666666666664,0.3129496402877698,2026-02,unreliable_trip_rate,0.0,0.0,1.0,0.0,False
179,Old Astoria,7,294,92,26.788662131519274,26.25,0.3129251700680272,2026-02,unreliable_trip_rate,0.0,0.0,1.0,0.0,False
61,Crown Heights North,0,179,56,24.055772811918064,23.716666666666665,0.3128491620111732,2026-02,unreliable_trip_rate,0.0,0.0,1.0,0.0,False
232,Two Bridges/Seward Park,11,422,132,22.478712480252764,19.858333333333334,0.3127962085308057,2026-02,unreliable_trip_rate,0.0,0.0,1.0,0.0,False
188,Prospect-Lefferts Gardens,16,227,71,38.528928046989726,34.766666666666666,0.31277533039647576,2026-02,unreliable_trip_rate,0.0,0.0,1.0,0.0,False
116,Hamilton Heights,14,323,101,23.667698658410735,20.75,0.3126934984520124,2026-02,unreliable_trip_rate,0.0,0.0,1.0,0.0,False
79,East Village,8,2307,721,15.623399797717093,14.183333333333334,0.31252709146077157,2026-02,unreliable_trip_rate,0.0,0.0,0.21196358907672302,0.788036410923277,False
51,Co-Op City,5,80,25,57.446458333333325,52.78333333333333,0.3125,2026-02,unreliable_trip_rate,0.0,0.0,1.0,0.0,False
52,Cobble Hill,15,64,20,31.433854166666666,27.558333333333334,0.3125,2026-02,unreliable_trip_rate,0.0,0.0,1.0,0.0,False
62,Crown Heights South,4,32,10,21.264583333333334,20.75,0.3125,2026-02,unreliable_trip_rate,0.0,0.0,1.0,0.0,False
83,Elmhurst/Maspeth,0,32,10,15.976041666666667,15.641666666666666,0.3125,2026-02,unreliable_trip_rate,0.0,0.0,1.0,0.0,False
116,Hamilton Heights,1,112,35,14.721428571428572,13.658333333333333,0.3125,2026-02,unreliable_trip_rate,0.0,0.0,1.0,0.0,False
127,Inwood,12,64,20,26.35,23.808333333333334,0.3125,2026-02,unreliable_trip_rate,0.0,0.0,1.0,0.0,False
189,Prospect Heights,9,80,25,34.259791666666665,31.40833333333333,0.3125,2026-02,unreliable_trip_rate,0.0,0.0,1.0,0.0,False
248,West Farms/Bronx River,4,32,10,25.415104166666666,20.6,0.3125,2026-02,unreliable_trip_rate,0.0,0.0,1.0,0.0,False
250,Westchester Village/Unionport,13,32,10,28.1890625,25.458333333333336,0.3125,2026-02,unreliable_trip_rate,0.0,0.0,1.0,0.0,False
162,Midtown East,16,6135,1917,17.889141537625644,14.475,0.3124694376528117,2026-02,unreliable_trip_rate,0.0,0.0,0.08068459657701711,0.9193154034229829,False
37,Bushwick South,13,269,84,33.52627013630732,31.866666666666667,0.31226765799256506,2026-02,unreliable_trip_rate,0.0,0.0,1.0,0.0,False
224,Stuy Town/Peter Cooper Village,12,394,123,17.7665820642978,15.733333333333334,0.31218274111675126,2026-02,unreliable_trip_rate,0.0,0.0,1.0,0.0,False
61,Crown Heights North,4,141,44,24.977068557919623,23.416666666666668,0.3120567375886525,2026-02,unreliable_trip_rate,0.0,0.0,1.0,0.0,False
226,Sunnyside,15,282,88,29.105555555555554,23.508333333333333,0.3120567375886525,2026-02,unreliable_trip_rate,0.0,0.0,0.8723404255319149,0.1276595744680851,False
239,Upper West Side South,19,4948,1544,12.440959310158988,10.141666666666666,0.3120452708164915,2026-02,unreliable_trip_rate,0.0,0.0,0.11075181891673404,0.889248181083266,False
181,Park Slope,12,170,53,34.78607843137255,33.5,0.31176470588235294,2026-02,unreliable_trip_rate,0.0,0.0,1.0,0.0,False
80,East Williamsburg,18,337,105,23.423046488625122,21.55,0.3115727002967359,2026-02,unreliable_trip_rate,0.0,0.0,1.0,0.0,False
61,Crown Heights North,2,61,19,22.82595628415301,23.5,0.3114754098360656,2026-02,unreliable_trip_rate,0.0,0.0,1.0,0.0,False
113,Greenwich Village North,7,915,285,14.578287795992713,12.516666666666667,0.3114754098360656,2026-02,unreliable_trip_rate,0.0,0.0,0.5693989071038251,0.4306010928961749,False
127,Inwood,18,122,38,23.070081967213117,20.858333333333334,0.3114754098360656,2026-02,unreliable_trip_rate,0.0,0.0,1.0,0.0,False
233,UN/Turtle Bay South,19,2659,828,14.32542309138774,12.933333333333334,0.3113952613764573,2026-02,unreliable_trip_rate,0.0,0.0,0.17826250470101543,0.8217374952989845,False
249,West Village,8,1757,547,14.710709542781256,11.191666666666666,0.31132612407512805,2026-02,unreliable_trip_rate,0.0,0.0,0.2083096186681844,0.7916903813318156,False
159,Melrose South,8,106,33,39.17720125786163,33.675,0.3113207547169811,2026-02,unreliable_trip_rate,0.0,0.0,1.0,0.0,False
239,Upper West Side South,13,5326,1658,13.783539867317561,11.416666666666666,0.31130304168231315,2026-02,unreliable_trip_rate,0.0,0.0,0.08843409688321442,0.9115659031167855,False
236,Upper East Side North,10,7785,2423,12.92931920359666,9.383333333333333,0.31123956326268465,2026-02,unreliable_trip_rate,0.0,0.0,0.06140012845215157,0.9385998715478484,False
10,Baisley Park,21,45,14,24.96074074074074,23.416666666666668,0.3111111111111111,2026-02,unreliable_trip_rate,0.0,0.0,1.0,0.0,False
26,Borough Park,19,90,28,22.32,20.566666666666666,0.3111111111111111,2026-02,unreliable_trip_rate,0.0,0.0,1.0,0.0,False
181,Park Slope,8,180,56,34.746944444444445,32.016666666666666,0.3111111111111111,2026-02,unreliable_trip_rate,0.0,0.0,1.0,0.0,False
260,Woodside,17,135,42,23.36641975308642,21.816666666666666,0.3111111111111111,2026-02,unreliable_trip_rate,0.0,0.0,1.0,0.0,False
249,West Village,19,4364,1357,15.330679040635502,13.233333333333333,0.3109532538955087,2026-02,unreliable_trip_rate,0.0,0.0,0.09326306141154904,0.906736938588451,False
127,Inwood,9,119,37,30.932212885154062,28.633333333333333,0.31092436974789917,2026-02,unreliable_trip_rate,0.0,0.0,1.0,0.0,False
209,Seaport,19,489,152,17.1912406271302,15.983333333333333,0.310838445807771,2026-02,unreliable_trip_rate,0.0,0.0,0.8118609406952966,0.18813905930470348,False
236,Upper East Side North,9,7907,2457,13.65479111335947,11.316666666666666,0.31073732136081955,2026-02,unreliable_trip_rate,0.0,0.0,0.058935120779056535,0.9410648792209435,False
113,Greenwich Village North,6,470,146,12.524929078014184,10.241666666666667,0.31063829787234043,2026-02,unreliable_trip_rate,0.0,0.0,0.7085106382978723,0.29148936170212764,False
112,Greenpoint,11,132,41,26.07790404040404,22.90833333333333,0.3106060606060606,2026-02,unreliable_trip_rate,0.0,0.0,1.0,0.0,False
146,Long Island City/Queens Plaza,21,132,41,19.830176767676768,19.483333333333334,0.3106060606060606,2026-02,unreliable_trip_rate,0.0,0.0,1.0,0.0,False
157,Maspeth,7,116,36,26.917672413793102,23.975,0.3103448275862069,2026-02,unreliable_trip_rate,0.0,0.0,1.0,0.0,False
220,Spuyten Duyvil/Kingsbridge,7,58,18,44.07672413793103,38.025,0.3103448275862069,2026-02,unreliable_trip_rate,0.0,0.0,1.0,0.0,False
107,Gramercy,19,4534,1407,14.16244302308484,12.733333333333333,0.31032201146890165,2026-02,unreliable_trip_rate,0.0,0.0,0.11314512571680635,0.8868548742831937,False
97,Fort Greene,23,303,94,21.96853685368537,20.75,0.3102310231023102,2026-02,unreliable_trip_rate,0.0,0.0,1.0,0.0,False
162,Midtown East,4,216,67,14.77199074074074,12.233333333333334,0.3101851851851852,2026-02,unreliable_trip_rate,0.0,0.0,0.8611111111111112,0.1388888888888889,False
234,Union Sq,15,4782,1483,17.3870765370138,14.15,0.31012128816394813,2026-02,unreliable_trip_rate,0.0,0.0,0.0767461313258051,0.9232538686741949,False
37,Bushwick South,18,329,102,28.724366767983792,27.166666666666668,0.3100303951367781,2026-02,unreliable_trip_rate,0.0,0.0,1.0,0.0,False
50,Clinton West,3,200,62,15.404666666666667,14.183333333333334,0.31,2026-02,unreliable_trip_rate,0.0,0.0,1.0,0.0,False
80,East Williamsburg,19,300,93,23.298055555555557,22.516666666666666,0.31,2026-02,unreliable_trip_rate,0.0,0.0,1.0,0.0,False
189,Prospect Heights,16,100,31,30.566999999999997,30.4,0.31,2026-02,unreliable_trip_rate,0.0,0.0,1.0,0.0,False
186,Penn Station/Madison Sq West,19,5926,1837,16.50718303521206,13.833333333333334,0.3099898751265609,2026-02,unreliable_trip_rate,0.0,0.0,0.10428619642254472,0.8957138035774553,False
249,West Village,18,4178,1295,15.518776926759214,13.25,0.3099569171852561,2026-02,unreliable_trip_rate,0.0,0.0,0.11345141215892772,0.8865485878410723,False
236,Upper East Side North,12,9221,2858,13.670247261685285,9.266666666666666,0.3099446914651339,2026-02,unreliable_trip_rate,0.0,0.0,0.049235440841557315,0.9507645591584427,False
146,Long Island City/Queens Plaza,22,171,53,19.698440545808968,19.583333333333332,0.30994152046783624,2026-02,unreliable_trip_rate,0.0,0.0,1.0,0.0,False
246,West Chelsea/Hudson Yards,22,2778,861,15.299658027357811,14.108333333333334,0.3099352051835853,2026-02,unreliable_trip_rate,0.0,0.0,0.2084233261339093,0.7915766738660908,False
80,East Williamsburg,10,142,44,31.54683098591549,28.25,0.30985915492957744,2026-02,unreliable_trip_rate,0.0,0.0,1.0,0.0,False
224,Stuy Town/Peter Cooper Village,0,213,66,13.376838810641628,12.016666666666667,0.30985915492957744,2026-02,unreliable_trip_rate,0.0,0.0,1.0,0.0,False
7,Astoria,4,255,79,15.527581699346404,15.016666666666667,0.30980392156862746,2026-02,unreliable_trip_rate,0.0,0.0,1.0,0.0,False
33,Brooklyn Heights,17,368,114,28.156702898550723,23.85,0.30978260869565216,2026-02,unreliable_trip_rate,0.0,0.0,1.0,0.0,False
234,Union Sq,17,6428,1991,16.22753318813524,12.399999999999999,0.309738643434972,2026-02,unreliable_trip_rate,0.0,0.0,0.07840696950840075,0.9215930304915992,False
193,Queensbridge/Ravenswood,19,113,35,21.064454277286135,21.433333333333334,0.30973451327433627,2026-02,unreliable_trip_rate,0.0,0.0,1.0,0.0,False
236,Upper East Side North,6,1809,560,10.858724894048278,8.508333333333333,0.3095632946379215,2026-02,unreliable_trip_rate,0.0,0.0,0.2736318407960199,0.7263681592039801,False
40,Carroll Gardens,12,42,13,27.197619047619046,25.09166666666667,0.30952380952380953,2026-02,unreliable_trip_rate,0.0,0.0,1.0,0.0,False
40,Carroll Gardens,17,84,26,27.345238095238095,25.458333333333336,0.30952380952380953,2026-02,unreliable_trip_rate,0.0,0.0,1.0,0.0,False
63,Cypress Hills,15,42,13,32.0563492063492,29.816666666666666,0.30952380952380953,2026-02,unreliable_trip_rate,0.0,0.0,1.0,0.0,False
65,Downtown Brooklyn/MetroTech,20,210,65,22.345714285714287,20.375,0.30952380952380953,2026-02,unreliable_trip_rate,0.0,0.0,1.0,0.0,False
117,Hammels/Arverne,17,42,13,62.68769841269841,63.15833333333333,0.30952380952380953,2026-02,unreliable_trip_rate,0.0,0.0,1.0,0.0,False
157,Maspeth,21,42,13,20.2218253968254,18.641666666666666,0.30952380952380953,2026-02,unreliable_trip_rate,0.0,0.0,1.0,0.0,False
167,Morrisania/Melrose,16,42,13,38.03174603174603,34.90833333333333,0.30952380952380953,2026-02,unreliable_trip_rate,0.0,0.0,1.0,0.0,False
169,Mount Hope,10,42,13,40.58730158730159,36.400000000000006,0.30952380952380953,2026-02,unreliable_trip_rate,0.0,0.0,1.0,0.0,False
171,Murray Hill-Queens,8,42,13,36.1936507936508,35.50833333333333,0.30952380952380953,2026-02,unreliable_trip_rate,0.0,0.0,1.0,0.0,False
227,Sunset Park East,19,42,13,23.88452380952381,22.69166666666667,0.30952380952380953,2026-02,unreliable_trip_rate,0.0,0.0,1.0,0.0,False
186,Penn Station/Madison Sq West,18,6430,1990,17.167786417833074,13.45,0.3094867807153966,2026-02,unreliable_trip_rate,0.0,0.0,0.09922239502332815,0.9007776049766718,False
231,TriBeCa/Civic Center,22,2728,844,15.761815738025414,14.566666666666666,0.3093841642228739,2026-02,unreliable_trip_rate,0.0,0.0,0.2536656891495601,0.7463343108504399,False
133,Kensington,7,110,34,32.38136363636364,30.083333333333336,0.3090909090909091,2026-02,unreliable_trip_rate,0.0,0.0,1.0,0.0,False
203,Rosedale,6,55,17,63.73909090909091,66.1,0.3090909090909091,2026-02,unreliable_trip_rate,0.0,0.0,1.0,0.0,False
230,Times Sq/Theatre District,16,5349,1653,18.64337259300804,13.483333333333333,0.30902972518227706,2026-02,unreliable_trip_rate,0.0,0.0,0.08319312020938494,0.916806879790615,False
247,West Concourse,13,68,21,27.33700980392157,22.933333333333334,0.3088235294117647,2026-02,unreliable_trip_rate,0.0,0.0,1.0,0.0,False
52,Cobble Hill,9,81,25,28.168724279835388,27.366666666666667,0.30864197530864196,2026-02,unreliable_trip_rate,0.0,0.0,1.0,0.0,False
243,Washington Heights North,5,81,25,27.088888888888885,20.0,0.30864197530864196,2026-02,unreliable_trip_rate,0.0,0.0,1.0,0.0,False
66,DUMBO/Vinegar Hill,11,107,33,21.605295950155764,18.45,0.308411214953271,2026-02,unreliable_trip_rate,0.0,0.0,1.0,0.0,False
37,Bushwick South,12,227,70,32.36696035242291,31.05,0.30837004405286345,2026-02,unreliable_trip_rate,0.0,0.0,1.0,0.0,False
193,Queensbridge/Ravenswood,12,120,37,26.535833333333336,24.008333333333333,0.30833333333333335,2026-02,unreliable_trip_rate,0.0,0.0,1.0,0.0,False
244,Washington Heights South,12,399,123,26.517042606516288,22.916666666666668,0.3082706766917293,2026-02,unreliable_trip_rate,0.0,0.0,1.0,0.0,False
4,Alphabet City,11,438,135,17.999885844748857,15.325,0.3082191780821918,2026-02,unreliable_trip_rate,0.0,0.0,1.0,0.0,False
13,Battery Park City,0,146,45,16.382762557077626,15.25,0.3082191780821918,2026-02,unreliable_trip_rate,0.0,0.0,1.0,0.0,False
237,Upper East Side South,16,10291,3171,14.206424707673373,9.741666666666667,0.30813332037702845,2026-02,unreliable_trip_rate,0.0,0.0,0.046934214362063936,0.9530657856379361,False
74,East Harlem North,6,565,174,19.592625368731564,16.466666666666665,0.30796460176991153,2026-02,unreliable_trip_rate,0.0,0.0,1.0,0.0,False
144,Little Italy/NoLiTa,20,2278,701,16.101463271875915,14.0,0.3077260755048288,2026-02,unreliable_trip_rate,0.0,0.0,0.2664618086040386,0.7335381913959613,False
14,Bay Ridge,12,117,36,41.494017094017096,38.2,0.3076923076923077,2026-02,unreliable_trip_rate,0.0,0.0,1.0,0.0,False
25,Boerum Hill,18,325,100,23.983538461538462,21.966666666666665,0.3076923076923077,2026-02,unreliable_trip_rate,0.0,0.0,1.0,0.0,False
63,Cypress Hills,19,39,12,26.650854700854705,23.05,0.3076923076923077,2026-02,unreliable_trip_rate,0.0,0.0,1.0,0.0,False
66,DUMBO/Vinegar Hill,10,78,24,22.09145299145299,19.116666666666667,0.3076923076923077,2026-02,unreliable_trip_rate,0.0,0.0,1.0,0.0,False
69,East Concourse/Concourse Village,12,78,24,39.86559829059829,35.325,0.3076923076923077,2026-02,unreliable_trip_rate,0.0,0.0,1.0,0.0,False
97,Fort Greene,21,312,96,22.138247863247862,20.78333333333333,0.3076923076923077,2026-02,unreliable_trip_rate,0.0,0.0,1.0,0.0,False
106,Gowanus,0,52,16,20.524679487179487,20.875,0.3076923076923077,2026-02,unreliable_trip_rate,0.0,0.0,1.0,0.0,False
130,Jamaica,20,143,44,21.956177156177155,20.016666666666666,0.3076923076923077,2026-02,unreliable_trip_rate,0.0,0.0,1.0,0.0,False
188,Prospect-Lefferts Gardens,0,91,28,25.68058608058608,24.566666666666666,0.3076923076923077,2026-02,unreliable_trip_rate,0.0,0.0,1.0,0.0,False
193,Queensbridge/Ravenswood,23,52,16,19.81025641025641,19.316666666666666,0.3076923076923077,2026-02,unreliable_trip_rate,0.0,0.0,1.0,0.0,False
215,South Jamaica,23,52,16,23.25801282051282,21.09166666666667,0.3076923076923077,2026-02,unreliable_trip_rate,0.0,0.0,1.0,0.0,False
217,South Williamsburg,23,39,12,19.83119658119658,20.55,0.3076923076923077,2026-02,unreliable_trip_rate,0.0,0.0,1.0,0.0,False
247,West Concourse,5,39,12,23.73247863247863,21.316666666666666,0.3076923076923077,2026-02,unreliable_trip_rate,0.0,0.0,1.0,0.0,False
262,Yorkville East,7,3091,951,12.719400409791868,10.9,0.3076674215464251,2026-02,unreliable_trip_rate,0.0,0.0,0.16661274668392106,0.833387253316079,False
239,Upper West Side South,16,5592,1720,13.657015975202672,10.95,0.30758226037195996,2026-02,unreliable_trip_rate,0.0,0.0,0.08530042918454936,0.9146995708154506,False
37,Bushwick South,17,270,83,33.63938271604938,30.84166666666667,0.3074074074074074,2026-02,unreliable_trip_rate,0.0,0.0,1.0,0.0,False
114,Greenwich Village South,1,4031,1239,13.189402960390307,11.141666666666666,0.3073678987844207,2026-02,unreliable_trip_rate,0.0,0.0,0.1523195236913917,0.8476804763086083,False
232,Two Bridges/Seward Park,5,205,63,16.176829268292682,14.183333333333334,0.3073170731707317,2026-02,unreliable_trip_rate,0.0,0.0,1.0,0.0,False
41,Central Harlem,4,166,51,15.75813253012048,13.208333333333332,0.3072289156626506,2026-02,unreliable_trip_rate,0.0,0.0,1.0,0.0,False
239,Upper West Side South,9,4326,1329,14.665888426568038,12.65,0.30721220527045767,2026-02,unreliable_trip_rate,0.0,0.0,0.09824318076745261,0.9017568192325474,False
89,Flatbush/Ditmas Park,7,319,98,42.00041797283176,37.36666666666667,0.3072100313479624,2026-02,unreliable_trip_rate,0.0,0.0,1.0,0.0,False
66,DUMBO/Vinegar Hill,18,394,121,22.7837986463621,20.833333333333336,0.30710659898477155,2026-02,unreliable_trip_rate,0.0,0.0,1.0,0.0,False
13,Battery Park City,17,1993,612,19.663555778558287,17.3,0.3070747616658304,2026-02,unreliable_trip_rate,0.0,0.0,0.3010536879076769,0.6989463120923232,False
223,Steinway,20,114,35,20.007456140350875,18.85,0.30701754385964913,2026-02,unreliable_trip_rate,0.0,0.0,1.0,0.0,False
100,Garment District,6,1541,473,9.741477395630543,8.216666666666667,0.30694354315379624,2026-02,unreliable_trip_rate,0.0,0.0,0.2628163530175211,0.737183646982479,False
49,Clinton Hill,14,163,50,35.19775051124744,29.783333333333335,0.3067484662576687,2026-02,unreliable_trip_rate,0.0,0.0,1.0,0.0,False
140,Lenox Hill East,3,150,46,10.599,9.583333333333334,0.30666666666666664,2026-02,unreliable_trip_rate,0.0,0.0,1.0,0.0,False
144,Little Italy/NoLiTa,8,450,138,16.81662962962963,15.108333333333334,0.30666666666666664,2026-02,unreliable_trip_rate,0.0,0.0,0.9044444444444445,0.09555555555555556,False
196,Rego Park,17,75,23,23.156444444444446,21.05,0.30666666666666664,2026-02,unreliable_trip_rate,0.0,0.0,1.0,0.0,False
36,Bushwick North,18,212,65,26.642610062893084,25.066666666666666,0.30660377358490565,2026-02,unreliable_trip_rate,0.0,0.0,1.0,0.0,False
249,West Village,7,1191,365,14.134382871536523,12.3,0.3064651553316541,2026-02,unreliable_trip_rate,0.0,0.0,0.3887489504617968,0.6112510495382032,False
116,Hamilton Heights,3,62,19,14.521236559139785,13.866666666666667,0.3064516129032258,2026-02,unreliable_trip_rate,0.0,0.0,1.0,0.0,False
113,Greenwich Village North,21,3529,1081,15.375068480211581,12.8,0.3063190705582318,2026-02,unreliable_trip_rate,0.0,0.0,0.13856616605270614,0.8614338339472939,False
226,Sunnyside,4,160,49,15.003020833333332,14.866666666666667,0.30625,2026-02,unreliable_trip_rate,0.0,0.0,1.0,0.0,False
236,Upper East Side North,13,8768,2685,13.81809420620438,9.966666666666667,0.3062271897810219,2026-02,unreliable_trip_rate,0.0,0.0,0.0521213503649635,0.9478786496350365,False
28,Briarwood/Jamaica Hills,6,98,30,38.309183673469384,35.525,0.30612244897959184,2026-02,unreliable_trip_rate,0.0,0.0,1.0,0.0,False
77,East New York/Pennsylvania Avenue,4,49,15,29.394897959183673,26.666666666666668,0.30612244897959184,2026-02,unreliable_trip_rate,0.0,0.0,1.0,0.0,False
82,Elmhurst,4,147,45,16.398072562358276,16.233333333333334,0.30612244897959184,2026-02,unreliable_trip_rate,0.0,0.0,1.0,0.0,False
92,Flushing,16,49,15,35.31224489795918,28.933333333333334,0.30612244897959184,2026-02,unreliable_trip_rate,0.0,0.0,1.0,0.0,False
165,Midwood,19,49,15,21.899319727891154,18.166666666666668,0.30612244897959184,2026-02,unreliable_trip_rate,0.0,0.0,1.0,0.0,False
174,Norwood,17,49,15,34.96530612244898,28.65,0.30612244897959184,2026-02,unreliable_trip_rate,0.0,0.0,1.0,0.0,False
226,Sunnyside,7,477,146,22.416457023060797,21.183333333333334,0.3060796645702306,2026-02,unreliable_trip_rate,0.0,0.0,1.0,0.0,False
74,East Harlem North,0,317,97,14.478654048370137,13.366666666666667,0.305993690851735,2026-02,unreliable_trip_rate,0.0,0.0,1.0,0.0,False
80,East Williamsburg,8,170,52,27.822745098039217,25.583333333333336,0.3058823529411765,2026-02,unreliable_trip_rate,0.0,0.0,1.0,0.0,False
189,Prospect Heights,7,85,26,30.70137254901961,30.483333333333334,0.3058823529411765,2026-02,unreliable_trip_rate,0.0,0.0,1.0,0.0,False
107,Gramercy,18,5025,1537,15.44334991708126,13.2,0.30587064676616915,2026-02,unreliable_trip_rate,0.0,0.0,0.10268656716417911,0.8973134328358209,False
52,Cobble Hill,22,72,22,22.8150462962963,21.46666666666667,0.3055555555555556,2026-02,unreliable_trip_rate,0.0,0.0,1.0,0.0,False
89,Flatbush/Ditmas Park,4,72,22,29.43402777777778,26.84166666666667,0.3055555555555556,2026-02,unreliable_trip_rate,0.0,0.0,1.0,0.0,False
102,Glendale,17,36,11,22.51388888888889,22.666666666666668,0.3055555555555556,2026-02,unreliable_trip_rate,0.0,0.0,1.0,0.0,False
106,Gowanus,12,36,11,29.28009259259259,26.950000000000003,0.3055555555555556,2026-02,unreliable_trip_rate,0.0,0.0,1.0,0.0,False
134,Kew Gardens,12,36,11,33.98796296296296,31.766666666666666,0.3055555555555556,2026-02,unreliable_trip_rate,0.0,0.0,1.0,0.0,False
134,Kew Gardens,23,36,11,15.231481481481483,12.95,0.3055555555555556,2026-02,unreliable_trip_rate,0.0,0.0,1.0,0.0,False
144,Little Italy/NoLiTa,6,144,44,15.75127314814815,15.191666666666666,0.3055555555555556,2026-02,unreliable_trip_rate,0.0,0.0,1.0,0.0,False
212,Soundview/Bruckner,5,36,11,21.877314814814817,18.133333333333333,0.3055555555555556,2026-02,unreliable_trip_rate,0.0,0.0,1.0,0.0,False
248,West Farms/Bronx River,15,36,11,29.495370370370367,27.516666666666666,0.3055555555555556,2026-02,unreliable_trip_rate,0.0,0.0,1.0,0.0,False
209,Seaport,23,455,139,15.961062271062271,15.033333333333333,0.3054945054945055,2026-02,unreliable_trip_rate,0.0,0.0,0.9186813186813186,0.08131868131868132,False
7,Astoria,18,609,186,23.631499726327313,23.183333333333334,0.3054187192118227,2026-02,unreliable_trip_rate,0.0,0.0,0.9195402298850575,0.08045977011494253,False
162,Midtown East,17,8387,2560,17.060714995429436,14.45,0.30523429116489803,2026-02,unreliable_trip_rate,0.0,0.0,0.05985453678311673,0.9401454632168833,False
78,East Tremont,13,59,18,39.36129943502825,36.233333333333334,0.3050847457627119,2026-02,unreliable_trip_rate,0.0,0.0,1.0,0.0,False
82,Elmhurst,13,59,18,28.19689265536723,26.433333333333334,0.3050847457627119,2026-02,unreliable_trip_rate,0.0,0.0,1.0,0.0,False
177,Ocean Hill,6,177,54,36.40075329566855,34.05,0.3050847457627119,2026-02,unreliable_trip_rate,0.0,0.0,1.0,0.0,False
215,South Jamaica,14,59,18,38.40988700564972,37.733333333333334,0.3050847457627119,2026-02,unreliable_trip_rate,0.0,0.0,1.0,0.0,False
248,West Farms/Bronx River,9,59,18,33.42033898305085,29.3,0.3050847457627119,2026-02,unreliable_trip_rate,0.0,0.0,1.0,0.0,False
112,Greenpoint,10,141,43,24.55673758865248,22.716666666666665,0.3049645390070922,2026-02,unreliable_trip_rate,0.0,0.0,1.0,0.0,False
157,Maspeth,6,141,43,20.086406619385343,18.516666666666666,0.3049645390070922,2026-02,unreliable_trip_rate,0.0,0.0,1.0,0.0,False
188,Prospect-Lefferts Gardens,18,282,86,29.141843971631207,25.741666666666667,0.3049645390070922,2026-02,unreliable_trip_rate,0.0,0.0,1.0,0.0,False
193,Queensbridge/Ravenswood,16,105,32,26.425555555555555,24.983333333333334,0.3047619047619048,2026-02,unreliable_trip_rate,0.0,0.0,1.0,0.0,False
162,Midtown East,6,1408,429,9.848259943181818,8.008333333333333,0.3046875,2026-02,unreliable_trip_rate,0.0,0.0,0.25355113636363635,0.7464488636363636,False
107,Gramercy,21,4211,1283,14.214663975302777,12.9,0.3046782236998338,2026-02,unreliable_trip_rate,0.0,0.0,0.1351222987413916,0.8648777012586084,False
261,World Trade Center,16,1113,339,26.82646001796945,22.716666666666665,0.3045822102425876,2026-02,unreliable_trip_rate,0.0,0.0,0.7304582210242587,0.2695417789757412,False
146,Long Island City/Queens Plaza,7,197,60,21.436717428087988,19.783333333333335,0.30456852791878175,2026-02,unreliable_trip_rate,0.0,0.0,1.0,0.0,False
141,Lenox Hill West,6,1297,395,11.383474685170908,9.833333333333334,0.3045489591364688,2026-02,unreliable_trip_rate,0.0,0.0,0.353893600616808,0.646106399383192,False
239,Upper West Side South,21,4266,1299,12.561294733552117,10.383333333333333,0.30450070323488043,2026-02,unreliable_trip_rate,0.0,0.0,0.1258790436005626,0.8741209563994374,False
236,Upper East Side North,16,9899,3014,14.223369363908812,10.133333333333333,0.30447519951510255,2026-02,unreliable_trip_rate,0.0,0.0,0.047075462167895744,0.9529245378321043,False
87,Financial District North,21,1478,450,16.8776950834461,16.016666666666666,0.3044654939106901,2026-02,unreliable_trip_rate,0.0,0.0,0.5419485791610285,0.4580514208389716,False
163,Midtown North,17,6386,1944,15.99125169641925,12.116666666666667,0.3044159098026934,2026-02,unreliable_trip_rate,0.0,0.0,0.06529909176323206,0.9347009082367679,False
261,World Trade Center,19,1002,305,17.959031936127744,17.291666666666668,0.30439121756487025,2026-02,unreliable_trip_rate,0.0,0.0,0.7115768463073853,0.2884231536926148,False
92,Flushing,19,92,28,21.87644927536232,20.1,0.30434782608695654,2026-02,unreliable_trip_rate,0.0,0.0,1.0,0.0,False
126,Hunts Point,18,46,14,23.89021739130435,20.90833333333333,0.30434782608695654,2026-02,unreliable_trip_rate,0.0,0.0,1.0,0.0,False
188,Prospect-Lefferts Gardens,20,161,49,30.008799171842654,28.2,0.30434782608695654,2026-02,unreliable_trip_rate,0.0,0.0,1.0,0.0,False
198,Ridgewood,6,115,35,28.08231884057971,24.783333333333335,0.30434782608695654,2026-02,unreliable_trip_rate,0.0,0.0,1.0,0.0,False
210,Sheepshead Bay,6,46,14,53.80615942028986,55.275,0.30434782608695654,2026-02,unreliable_trip_rate,0.0,0.0,1.0,0.0,False
225,Stuyvesant Heights,1,69,21,23.715458937198065,24.166666666666668,0.30434782608695654,2026-02,unreliable_trip_rate,0.0,0.0,1.0,0.0,False
163,Midtown North,6,424,129,13.397248427672956,9.141666666666666,0.30424528301886794,2026-02,unreliable_trip_rate,0.0,0.0,0.9033018867924528,0.09669811320754718,False
246,West Chelsea/Hudson Yards,6,309,94,15.314401294498381,13.266666666666667,0.3042071197411003,2026-02,unreliable_trip_rate,0.0,0.0,1.0,0.0,False
151,Manhattan Valley,5,240,73,16.305208333333333,14.166666666666668,0.30416666666666664,2026-02,unreliable_trip_rate,0.0,0.0,1.0,0.0,False
236,Upper East Side North,15,11040,3357,14.603414855072465,11.333333333333332,0.3040760869565217,2026-02,unreliable_trip_rate,0.0,0.0,0.04420289855072464,0.9557971014492753,False
63,Cypress Hills,9,125,38,34.66706666666666,30.9,0.304,2026-02,unreliable_trip_rate,0.0,0.0,1.0,0.0,False
75,East Harlem South,2,125,38,13.118799999999998,12.7,0.304,2026-02,unreliable_trip_rate,0.0,0.0,1.0,0.0,False
163,Midtown North,4,250,76,16.7194,14.05,0.304,2026-02,unreliable_trip_rate,0.0,0.0,0.868,0.132,False
39,Canarsie,19,102,31,30.563235294117646,27.125,0.30392156862745096,2026-02,unreliable_trip_rate,0.0,0.0,1.0,0.0,False
223,Steinway,13,102,31,22.886601307189544,22.21666666666667,0.30392156862745096,2026-02,unreliable_trip_rate,0.0,0.0,1.0,0.0,False
236,Upper East Side North,20,5671,1723,11.914912126021276,8.0,0.3038264856286369,2026-02,unreliable_trip_rate,0.0,0.0,0.10544877446658438,0.8945512255334156,False
92,Flushing,20,79,24,20.54915611814346,19.716666666666665,0.3037974683544304,2026-02,unreliable_trip_rate,0.0,0.0,1.0,0.0,False
146,Long Island City/Queens Plaza,5,79,24,15.78776371308017,14.95,0.3037974683544304,2026-02,unreliable_trip_rate,0.0,0.0,1.0,0.0,False
129,Jackson Heights,4,293,89,16.210921501706487,15.983333333333333,0.3037542662116041,2026-02,unreliable_trip_rate,0.0,0.0,1.0,0.0,False
49,Clinton Hill,12,214,65,31.344003115264798,26.9,0.3037383177570093,2026-02,unreliable_trip_rate,0.0,0.0,1.0,0.0,False
224,Stuy Town/Peter Cooper Village,19,642,195,15.52061266874351,14.641666666666666,0.3037383177570093,2026-02,unreliable_trip_rate,0.0,0.0,0.8068535825545171,0.19314641744548286,False
140,Lenox Hill East,18,5074,1541,15.281487320982787,12.7,0.3037051635790303,2026-02,unreliable_trip_rate,0.0,0.0,0.12199448167126527,0.8780055183287347,False
239,Upper West Side South,14,5578,1694,14.02654475917294,11.283333333333333,0.3036930799569738,2026-02,unreliable_trip_rate,0.0,0.0,0.0686626030835425,0.9313373969164576,False
32,Bronxdale,8,56,17,44.070238095238096,38.18333333333334,0.30357142857142855,2026-02,unreliable_trip_rate,0.0,0.0,1.0,0.0,False
155,Marine Park/Mill Basin,17,56,17,26.935416666666665,21.799999999999997,0.30357142857142855,2026-02,unreliable_trip_rate,0.0,0.0,1.0,0.0,False
246,West Chelsea/Hudson Yards,16,4816,1462,17.19736987818383,14.691666666666666,0.30357142857142855,2026-02,unreliable_trip_rate,0.0,0.0,0.10693521594684385,0.8930647840531561,False
68,East Chelsea,18,7096,2154,16.778826099210825,14.524999999999999,0.3035512965050733,2026-02,unreliable_trip_rate,0.0,0.0,0.09780157835400226,0.9021984216459977,False
231,TriBeCa/Civic Center,20,2860,868,16.069032634032634,14.916666666666666,0.3034965034965035,2026-02,unreliable_trip_rate,0.0,0.0,0.21958041958041957,0.7804195804195804,False
36,Bushwick North,12,89,27,28.182397003745315,26.583333333333332,0.30337078651685395,2026-02,unreliable_trip_rate,0.0,0.0,1.0,0.0,False
188,Prospect-Lefferts Gardens,4,89,27,26.1187265917603,24.55,0.30337078651685395,2026-02,unreliable_trip_rate,0.0,0.0,1.0,0.0,False
243,Washington Heights North,16,178,54,27.357677902621724,23.183333333333334,0.30337078651685395,2026-02,unreliable_trip_rate,0.0,0.0,1.0,0.0,False
88,Financial District South,23,630,191,17.521243386243388,16.2,0.30317460317460315,2026-02,unreliable_trip_rate,0.0,0.0,0.8746031746031746,0.1253968253968254,False
238,Upper West Side North,17,4797,1454,13.07255576401918,10.166666666666668,0.30310610798415677,2026-02,unreliable_trip_rate,0.0,0.0,0.09610173024807171,0.9038982697519283,False
148,Lower East Side,2,3738,1133,14.697360442304262,12.866666666666667,0.3031032637774211,2026-02,unreliable_trip_rate,0.0,0.0,0.2102728731942215,0.7897271268057785,False
22,Bensonhurst West,12,66,20,38.737878787878785,35.641666666666666,0.30303030303030304,2026-02,unreliable_trip_rate,0.0,0.0,1.0,0.0,False
66,DUMBO/Vinegar Hill,14,165,50,24.33878787878788,22.183333333333334,0.30303030303030304,2026-02,unreliable_trip_rate,0.0,0.0,1.0,0.0,False
69,East Concourse/Concourse Village,20,33,10,23.05050505050505,20.316666666666666,0.30303030303030304,2026-02,unreliable_trip_rate,0.0,0.0,1.0,0.0,False
94,Fordham South,8,33,10,50.96060606060606,54.25,0.30303030303030304,2026-02,unreliable_trip_rate,0.0,0.0,1.0,0.0,False
168,Mott Haven/Port Morris,10,99,30,30.411952861952862,28.233333333333334,0.30303030303030304,2026-02,unreliable_trip_rate,0.0,0.0,1.0,0.0,False
244,Washington Heights South,20,429,130,18.774747474747475,17.416666666666668,0.30303030303030304,2026-02,unreliable_trip_rate,0.0,0.0,1.0,0.0,False
234,Union Sq,20,6751,2045,14.350145657433465,11.7,0.30291808620945043,2026-02,unreliable_trip_rate,0.0,0.0,0.08754258628351355,0.9124574137164865,False
261,World Trade Center,22,532,161,18.13762531328321,17.133333333333333,0.3026315789473684,2026-02,unreliable_trip_rate,0.0,0.0,0.9398496240601504,0.06015037593984962,False
148,Lower East Side,6,314,95,14.975212314225052,13.525,0.30254777070063693,2026-02,unreliable_trip_rate,0.0,0.0,1.0,0.0,False
61,Crown Heights North,22,238,72,25.43816526610644,24.15,0.3025210084033613,2026-02,unreliable_trip_rate,0.0,0.0,1.0,0.0,False
261,World Trade Center,21,734,222,17.856721162579476,17.083333333333336,0.3024523160762943,2026-02,unreliable_trip_rate,0.0,0.0,0.9046321525885559,0.09536784741144415,False
28,Briarwood/Jamaica Hills,12,43,13,29.05658914728682,23.216666666666665,0.3023255813953488,2026-02,unreliable_trip_rate,0.0,0.0,1.0,0.0,False
36,Bushwick North,10,86,26,28.82151162790698,27.541666666666664,0.3023255813953488,2026-02,unreliable_trip_rate,0.0,0.0,1.0,0.0,False
159,Melrose South,18,86,26,28.90232558139535,24.833333333333332,0.3023255813953488,2026-02,unreliable_trip_rate,0.0,0.0,1.0,0.0,False
173,North Corona,7,43,13,26.864728682170544,24.416666666666668,0.3023255813953488,2026-02,unreliable_trip_rate,0.0,0.0,1.0,0.0,False
220,Spuyten Duyvil/Kingsbridge,14,43,13,32.68798449612403,28.316666666666666,0.3023255813953488,2026-02,unreliable_trip_rate,0.0,0.0,1.0,0.0,False
242,Van Nest/Morris Park,18,43,13,26.404263565891476,22.533333333333335,0.3023255813953488,2026-02,unreliable_trip_rate,0.0,0.0,1.0,0.0,False
256,Williamsburg (South Side),15,149,45,28.194519015659957,25.0,0.30201342281879195,2026-02,unreliable_trip_rate,0.0,0.0,1.0,0.0,False
158,Meatpacking/West Village West,21,2404,726,15.702197726012203,14.433333333333334,0.3019966722129784,2026-02,unreliable_trip_rate,0.0,0.0,0.18261231281198004,0.81738768718802,False
132,JFK Airport,10,3083,931,41.66498540382744,40.55,0.30197859228024654,2026-02,unreliable_trip_rate,0.0,0.0,0.6182289977294843,0.38177100227051575,False
168,Mott Haven/Port Morris,5,106,32,19.15204402515723,17.508333333333333,0.3018867924528302,2026-02,unreliable_trip_rate,0.0,0.0,1.0,0.0,False
213,Soundview/Castle Hill,19,53,16,23.288364779874215,20.65,0.3018867924528302,2026-02,unreliable_trip_rate,0.0,0.0,1.0,0.0,False
242,Van Nest/Morris Park,12,53,16,36.74937106918239,34.71666666666667,0.3018867924528302,2026-02,unreliable_trip_rate,0.0,0.0,1.0,0.0,False
25,Boerum Hill,22,275,83,21.840242424242422,21.0,0.3018181818181818,2026-02,unreliable_trip_rate,0.0,0.0,1.0,0.0,False
68,East Chelsea,22,5190,1566,16.04723827874117,13.733333333333334,0.3017341040462428,2026-02,unreliable_trip_rate,0.0,0.0,0.11271676300578035,0.8872832369942196,False
246,West Chelsea/Hudson Yards,15,4438,1339,17.513774973711882,15.333333333333332,0.3017124831004957,2026-02,unreliable_trip_rate,0.0,0.0,0.11153672825597116,0.8884632717440288,False
163,Midtown North,18,6964,2101,14.331514455293894,11.633333333333333,0.30169442848937394,2026-02,unreliable_trip_rate,0.0,0.0,0.06476163124641011,0.9352383687535899,False
174,Norwood,6,63,19,44.04973544973545,45.43333333333333,0.30158730158730157,2026-02,unreliable_trip_rate,0.0,0.0,1.0,0.0,False
261,World Trade Center,13,756,228,22.727777777777778,20.174999999999997,0.30158730158730157,2026-02,unreliable_trip_rate,0.0,0.0,0.7579365079365079,0.24206349206349206,False
256,Williamsburg (South Side),0,461,139,19.398951554591466,19.0,0.30151843817787416,2026-02,unreliable_trip_rate,0.0,0.0,1.0,0.0,False
10,Baisley Park,20,73,22,29.083561643835615,29.483333333333334,0.3013698630136986,2026-02,unreliable_trip_rate,0.0,0.0,1.0,0.0,False
197,Richmond Hill,19,73,22,21.310502283105023,20.533333333333335,0.3013698630136986,2026-02,unreliable_trip_rate,0.0,0.0,1.0,0.0,False
198,Ridgewood,17,73,22,30.413242009132418,26.466666666666665,0.3013698630136986,2026-02,unreliable_trip_rate,0.0,0.0,1.0,0.0,False
256,Williamsburg (South Side),3,239,72,16.802092050209204,16.683333333333334,0.301255230125523,2026-02,unreliable_trip_rate,0.0,0.0,1.0,0.0,False
225,Stuyvesant Heights,7,332,100,35.72324297188755,33.125,0.30120481927710846,2026-02,unreliable_trip_rate,0.0,0.0,1.0,0.0,False
226,Sunnyside,1,166,50,18.471586345381525,18.141666666666666,0.30120481927710846,2026-02,unreliable_trip_rate,0.0,0.0,1.0,0.0,False
114,Greenwich Village South,21,4340,1307,15.613471582181258,12.708333333333334,0.3011520737327189,2026-02,unreliable_trip_rate,0.0,0.0,0.11382488479262673,0.8861751152073732,False
97,Fort Greene,1,93,28,18.669534050179212,18.183333333333334,0.3010752688172043,2026-02,unreliable_trip_rate,0.0,0.0,1.0,0.0,False
148,Lower East Side,22,3489,1050,16.044119614025032,14.616666666666667,0.3009458297506449,2026-02,unreliable_trip_rate,0.0,0.0,0.2057896245342505,0.7942103754657495,False
36,Bushwick North,15,113,34,32.26843657817109,31.45,0.3008849557522124,2026-02,unreliable_trip_rate,0.0,0.0,1.0,0.0,False
107,Gramercy,20,4173,1255,14.137151529674895,12.85,0.3007428708363288,2026-02,unreliable_trip_rate,0.0,0.0,0.1308411214953271,0.8691588785046729,False
226,Sunnyside,14,296,89,27.158614864864866,23.683333333333334,0.30067567567567566,2026-02,unreliable_trip_rate,0.0,0.0,0.8783783783783784,0.12162162162162163,False
228,Sunset Park West,18,173,52,27.25655105973025,27.516666666666666,0.30057803468208094,2026-02,unreliable_trip_rate,0.0,0.0,1.0,0.0,False
236,Upper East Side North,8,7583,2279,14.121754802408896,12.566666666666666,0.30054068310694976,2026-02,unreliable_trip_rate,0.0,0.0,0.06013451140709482,0.9398654885929052,False
114,Greenwich Village South,22,4577,1375,15.188740805476659,12.683333333333334,0.300415119073629,2026-02,unreliable_trip_rate,0.0,0.0,0.11492243827834826,0.8850775617216518,False
179,Old Astoria,18,263,79,25.068504435994928,25.25,0.30038022813688214,2026-02,unreliable_trip_rate,0.0,0.0,1.0,0.0,False
97,Fort Greene,22,393,118,23.22230703986429,22.133333333333333,0.30025445292620867,2026-02,unreliable_trip_rate,0.0,0.0,1.0,0.0,False
238,Upper West Side North,18,4987,1497,13.432855424102666,9.741666666666667,0.30018046921997193,2026-02,unreliable_trip_rate,0.0,0.0,0.10547423300581511,0.8945257669941848,False
161,Midtown Center,14,7633,2290,18.897908205598497,14.983333333333334,0.30001310100877765,2026-02,unreliable_trip_rate,0.0,0.0,0.04559151054631207,0.954408489453688,False
14,Bay Ridge,4,40,12,24.945,26.225,0.3,2026-02,unreliable_trip_rate,0.0,0.0,1.0,0.0,False
51,Co-Op City,20,50,15,29.726666666666667,23.15,0.3,2026-02,unreliable_trip_rate,0.0,0.0,1.0,0.0,False
77,East New York/Pennsylvania Avenue,16,50,15,38.28733333333333,33.275000000000006,0.3,2026-02,unreliable_trip_rate,0.0,0.0,1.0,0.0,False
85,Erasmus,23,30,9,24.85666666666667,25.0,0.3,2026-02,unreliable_trip_rate,0.0,0.0,1.0,0.0,False
152,Manhattanville,7,300,90,21.366611111111112,19.858333333333334,0.3,2026-02,unreliable_trip_rate,0.0,0.0,1.0,0.0,False
173,North Corona,4,50,15,17.187666666666665,16.35,0.3,2026-02,unreliable_trip_rate,0.0,0.0,1.0,0.0,False
179,Old Astoria,20,110,33,24.90439393939394,23.433333333333334,0.3,2026-02,unreliable_trip_rate,0.0,0.0,1.0,0.0,False
219,Springfield Gardens South,23,40,12,25.292916666666667,27.058333333333334,0.3,2026-02,unreliable_trip_rate,0.0,0.0,1.0,0.0,False
247,West Concourse,10,60,18,29.39888888888889,27.34166666666667,0.3,2026-02,unreliable_trip_rate,0.0,0.0,1.0,0.0,False
250,Westchester Village/Unionport,7,90,27,38.48574074074074,37.641666666666666,0.3,2026-02,unreliable_trip_rate,0.0,0.0,1.0,0.0,False
255,Williamsburg (North Side),14,140,42,25.669285714285714,24.4,0.3,2026-02,unreliable_trip_rate,0.0,0.0,1.0,0.0,False
257,Windsor Terrace,6,30,9,35.19722222222222,26.225,0.3,2026-02,unreliable_trip_rate,0.0,0.0,1.0,0.0,False
249,West Village,1,4579,1373,13.489652034650943,12.1,0.2998471281939288,2026-02,unreliable_trip_rate,0.0,0.0,0.1310329766324525,0.8689670233675475,False
79,East Village,7,1641,492,14.175726183221611,12.483333333333333,0.29981718464351004,2026-02,unreliable_trip_rate,0.0,0.0,0.3229737964655698,0.6770262035344302,False
231,TriBeCa/Civic Center,8,1578,473,17.405724545838613,15.1,0.2997465145754119,2026-02,unreliable_trip_rate,0.0,0.0,0.2750316856780735,0.7249683143219265,False
132,JFK Airport,1,1965,589,25.413799830364717,26.183333333333334,0.29974554707379136,2026-02,unreliable_trip_rate,0.0,0.0,0.7567430025445293,0.24325699745547075,False
48,Clinton East,22,5606,1680,14.663550957307647,12.333333333333334,0.29967891544773456,2026-02,unreliable_trip_rate,0.0,0.0,0.10149839457723868,0.8985016054227614,False
256,Williamsburg (South Side),17,277,83,25.49777376654633,24.05,0.2996389891696751,2026-02,unreliable_trip_rate,0.0,0.0,1.0,0.0,False
49,Clinton Hill,7,187,56,30.82923351158645,27.1,0.2994652406417112,2026-02,unreliable_trip_rate,0.0,0.0,1.0,0.0,False
234,Union Sq,18,7514,2250,15.379143376807736,12.291666666666668,0.29944104338568006,2026-02,unreliable_trip_rate,0.0,0.0,0.07120042587170615,0.9287995741282938,False
243,Washington Heights North,11,157,47,28.642462845010616,25.8,0.29936305732484075,2026-02,unreliable_trip_rate,0.0,0.0,1.0,0.0,False
112,Greenpoint,4,147,44,16.444217687074833,15.616666666666667,0.29931972789115646,2026-02,unreliable_trip_rate,0.0,0.0,1.0,0.0,False
146,Long Island City/Queens Plaza,10,147,44,20.52199546485261,19.0,0.29931972789115646,2026-02,unreliable_trip_rate,0.0,0.0,1.0,0.0,False
256,Williamsburg (South Side),19,431,129,23.883410672853827,22.7,0.29930394431554525,2026-02,unreliable_trip_rate,0.0,0.0,1.0,0.0,False
177,Ocean Hill,14,127,38,36.04015748031496,33.15,0.2992125984251969,2026-02,unreliable_trip_rate,0.0,0.0,1.0,0.0,False
258,Woodhaven,6,127,38,34.33149606299213,31.816666666666666,0.2992125984251969,2026-02,unreliable_trip_rate,0.0,0.0,1.0,0.0,False
36,Bushwick North,13,107,32,31.41619937694704,29.533333333333335,0.29906542056074764,2026-02,unreliable_trip_rate,0.0,0.0,1.0,0.0,False
114,Greenwich Village South,20,3130,936,15.363088391906283,13.158333333333333,0.2990415335463259,2026-02,unreliable_trip_rate,0.0,0.0,0.1501597444089457,0.8498402555910544,False
236,Upper East Side North,14,9444,2823,13.937690597204574,9.95,0.29891994917407877,2026-02,unreliable_trip_rate,0.0,0.0,0.04521389241846675,0.9547861075815333,False
79,East Village,21,6604,1974,15.444283767413689,13.491666666666667,0.2989097516656572,2026-02,unreliable_trip_rate,0.0,0.0,0.09872804360993337,0.9012719563900666,False
179,Old Astoria,8,288,86,30.151504629629628,29.3,0.2986111111111111,2026-02,unreliable_trip_rate,0.0,0.0,1.0,0.0,False
95,Forest Hills,23,134,40,16.52636815920398,15.266666666666666,0.29850746268656714,2026-02,unreliable_trip_rate,0.0,0.0,1.0,0.0,False
160,Middle Village,8,67,20,30.143034825870647,30.033333333333335,0.29850746268656714,2026-02,unreliable_trip_rate,0.0,0.0,1.0,0.0,False
231,TriBeCa/Civic Center,19,3770,1125,16.223788682581787,14.15,0.2984084880636605,2026-02,unreliable_trip_rate,0.0,0.0,0.15888594164456232,0.8411140583554376,False
193,Queensbridge/Ravenswood,6,124,37,22.2247311827957,20.375,0.29838709677419356,2026-02,unreliable_trip_rate,0.0,0.0,1.0,0.0,False
143,Lincoln Square West,6,915,273,12.732331511839709,11.033333333333333,0.2983606557377049,2026-02,unreliable_trip_rate,0.0,0.0,0.49398907103825135,0.5060109289617486,False
62,Crown Heights South,5,57,17,30.0640350877193,27.15,0.2982456140350877,2026-02,unreliable_trip_rate,0.0,0.0,1.0,0.0,False
246,West Chelsea/Hudson Yards,17,5930,1768,17.270890949971893,14.066666666666666,0.2981450252951096,2026-02,unreliable_trip_rate,0.0,0.0,0.09156829679595278,0.9084317032040472,False
168,Mott Haven/Port Morris,22,94,28,17.015602836879435,16.325,0.2978723404255319,2026-02,unreliable_trip_rate,0.0,0.0,1.0,0.0,False
50,Clinton West,0,507,151,14.749769888231427,14.183333333333334,0.2978303747534517,2026-02,unreliable_trip_rate,0.0,0.0,1.0,0.0,False
142,Lincoln Square East,17,6604,1966,13.46358520088835,11.1,0.2976983646274985,2026-02,unreliable_trip_rate,0.0,0.0,0.0726832222895215,0.9273167777104785,False
68,East Chelsea,19,6205,1846,16.14071179156594,14.283333333333333,0.2975020145044319,2026-02,unreliable_trip_rate,0.0,0.0,0.08315874294923449,0.9168412570507655,False
243,Washington Heights North,13,158,47,25.735126582278482,23.733333333333334,0.2974683544303797,2026-02,unreliable_trip_rate,0.0,0.0,1.0,0.0,False
87,Financial District North,20,1617,481,17.550401978973408,16.433333333333334,0.2974644403215832,2026-02,unreliable_trip_rate,0.0,0.0,0.46691403834260975,0.5330859616573902,False
79,East Village,20,5391,1603,14.876194892722438,12.508333333333333,0.29734743090335747,2026-02,unreliable_trip_rate,0.0,0.0,0.10591726952327954,0.8940827304767205,False
87,Financial District North,2,444,132,15.820232732732732,14.608333333333334,0.2972972972972973,2026-02,unreliable_trip_rate,0.0,0.0,0.8828828828828829,0.11711711711711711,False
97,Fort Greene,20,259,77,22.42947232947233,21.833333333333332,0.2972972972972973,2026-02,unreliable_trip_rate,0.0,0.0,1.0,0.0,False
102,Glendale,5,37,11,25.33783783783784,23.383333333333333,0.2972972972972973,2026-02,unreliable_trip_rate,0.0,0.0,1.0,0.0,False
121,Hillcrest/Pomonok,11,37,11,36.57297297297298,37.2,0.2972972972972973,2026-02,unreliable_trip_rate,0.0,0.0,1.0,0.0,False
189,Prospect Heights,8,111,33,37.282582582582585,34.416666666666664,0.2972972972972973,2026-02,unreliable_trip_rate,0.0,0.0,1.0,0.0,False
222,Starrett City,17,37,11,43.594144144144146,41.35,0.2972972972972973,2026-02,unreliable_trip_rate,0.0,0.0,1.0,0.0,False
254,Williamsbridge/Olinville,10,74,22,49.97882882882883,47.3,0.2972972972972973,2026-02,unreliable_trip_rate,0.0,0.0,1.0,0.0,False
75,East Harlem South,5,434,129,14.652073732718893,12.55,0.29723502304147464,2026-02,unreliable_trip_rate,0.0,0.0,1.0,0.0,False
170,Murray Hill,21,4933,1466,13.645293600918981,12.066666666666666,0.2971822420433813,2026-02,unreliable_trip_rate,0.0,0.0,0.12223798905331441,0.8777620109466856,False
261,World Trade Center,15,939,279,25.409850905218317,22.45,0.2971246006389776,2026-02,unreliable_trip_rate,0.0,0.0,0.7092651757188498,0.29073482428115016,False
230,Times Sq/Theatre District,19,5853,1739,14.804248533515576,11.433333333333334,0.2971125918332479,2026-02,unreliable_trip_rate,0.0,0.0,0.09226037929267042,0.9077396207073296,False
193,Queensbridge/Ravenswood,5,64,19,22.595052083333332,18.308333333333334,0.296875,2026-02,unreliable_trip_rate,0.0,0.0,1.0,0.0,False
224,Stuy Town/Peter Cooper Village,8,512,152,16.488639322916665,15.266666666666667,0.296875,2026-02,unreliable_trip_rate,0.0,0.0,0.806640625,0.193359375,False
88,Financial District South,8,246,73,20.24932249322493,18.666666666666664,0.2967479674796748,2026-02,unreliable_trip_rate,0.0,0.0,1.0,0.0,False
168,Mott Haven/Port Morris,4,91,27,16.595238095238095,14.916666666666666,0.2967032967032967,2026-02,unreliable_trip_rate,0.0,0.0,1.0,0.0,False
231,TriBeCa/Civic Center,18,4065,1206,17.432312423124234,14.983333333333333,0.2966789667896679,2026-02,unreliable_trip_rate,0.0,0.0,0.12103321033210332,0.8789667896678967,False
145,Long Island City/Hunters Point,3,145,43,17.19896551724138,16.433333333333334,0.296551724137931,2026-02,unreliable_trip_rate,0.0,0.0,1.0,0.0,False
61,Crown Heights North,5,199,59,27.514405360134003,25.883333333333333,0.2964824120603015,2026-02,unreliable_trip_rate,0.0,0.0,1.0,0.0,False
51,Co-Op City,4,54,16,41.18425925925926,40.141666666666666,0.2962962962962963,2026-02,unreliable_trip_rate,0.0,0.0,1.0,0.0,False
112,Greenpoint,12,135,40,26.5179012345679,24.016666666666666,0.2962962962962963,2026-02,unreliable_trip_rate,0.0,0.0,1.0,0.0,False
126,Hunts Point,17,54,16,35.24135802469136,28.108333333333334,0.2962962962962963,2026-02,unreliable_trip_rate,0.0,0.0,1.0,0.0,False
228,Sunset Park West,21,54,16,25.64783950617284,24.041666666666668,0.2962962962962963,2026-02,unreliable_trip_rate,0.0,0.0,1.0,0.0,False
259,Woodlawn/Wakefield,9,54,16,40.11604938271606,41.21666666666667,0.2962962962962963,2026-02,unreliable_trip_rate,0.0,0.0,1.0,0.0,False
42,Central Harlem North,6,638,189,23.18126959247649,20.15833333333333,0.2962382445141066,2026-02,unreliable_trip_rate,0.0,0.0,0.8463949843260188,0.1536050156739812,False
237,Upper East Side South,20,7930,2348,11.710231189575453,8.183333333333334,0.2960907944514502,2026-02,unreliable_trip_rate,0.0,0.0,0.07679697351828499,0.923203026481715,False
68,East Chelsea,21,5963,1765,16.02825199843479,13.933333333333334,0.29599195036055675,2026-02,unreliable_trip_rate,0.0,0.0,0.10799932919671307,0.8920006708032869,False
37,Bushwick South,20,223,66,26.010612855007473,26.083333333333332,0.29596412556053814,2026-02,unreliable_trip_rate,0.0,0.0,1.0,0.0,False
89,Flatbush/Ditmas Park,21,98,29,27.09251700680272,26.525,0.29591836734693877,2026-02,unreliable_trip_rate,0.0,0.0,1.0,0.0,False
218,Springfield Gardens North,6,98,29,58.276530612244905,55.45,0.29591836734693877,2026-02,unreliable_trip_rate,0.0,0.0,1.0,0.0,False
256,Williamsburg (South Side),7,186,55,26.482885304659497,24.31666666666667,0.2956989247311828,2026-02,unreliable_trip_rate,0.0,0.0,1.0,0.0,False
49,Clinton Hill,4,44,13,20.00530303030303,18.85,0.29545454545454547,2026-02,unreliable_trip_rate,0.0,0.0,1.0,0.0,False
81,Eastchester,8,88,26,38.025378787878786,37.35,0.29545454545454547,2026-02,unreliable_trip_rate,0.0,0.0,1.0,0.0,False
121,Hillcrest/Pomonok,18,44,13,27.007196969696967,21.875,0.29545454545454547,2026-02,unreliable_trip_rate,0.0,0.0,1.0,0.0,False
195,Red Hook,17,88,26,31.780871212121212,28.791666666666664,0.29545454545454547,2026-02,unreliable_trip_rate,0.0,0.0,1.0,0.0,False
217,South Williamsburg,9,44,13,30.40340909090909,30.25,0.29545454545454547,2026-02,unreliable_trip_rate,0.0,0.0,1.0,0.0,False
220,Spuyten Duyvil/Kingsbridge,9,44,13,52.974242424242426,51.50833333333333,0.29545454545454547,2026-02,unreliable_trip_rate,0.0,0.0,1.0,0.0,False
246,West Chelsea/Hudson Yards,14,3666,1083,17.40121385706492,14.925,0.29541734860883795,2026-02,unreliable_trip_rate,0.0,0.0,0.09383524277141299,0.906164757228587,False
140,Lenox Hill East,8,3840,1134,15.758971354166667,14.216666666666667,0.2953125,2026-02,unreliable_trip_rate,0.0,0.0,0.10989583333333333,0.8901041666666667,False
79,East Village,19,5504,1625,14.654357437015504,12.533333333333333,0.29523982558139533,2026-02,unreliable_trip_rate,0.0,0.0,0.0950218023255814,0.9049781976744186,False
41,Central Harlem,5,315,93,18.873862433862435,16.433333333333334,0.29523809523809524,2026-02,unreliable_trip_rate,0.0,0.0,1.0,0.0,False
236,Upper East Side North,7,5599,1653,11.67963326784545,9.3,0.2952312913020182,2026-02,unreliable_trip_rate,0.0,0.0,0.06661903911412752,0.9333809608858725,False
230,Times Sq/Theatre District,20,6576,1940,14.750534772911598,11.483333333333333,0.29501216545012166,2026-02,unreliable_trip_rate,0.0,0.0,0.09352189781021898,0.906478102189781,False
179,Old Astoria,14,139,41,29.00275779376499,27.216666666666665,0.2949640287769784,2026-02,unreliable_trip_rate,0.0,0.0,1.0,0.0,False
125,Hudson Sq,7,356,105,16.44812734082397,14.525,0.2949438202247191,2026-02,unreliable_trip_rate,0.0,0.0,0.8286516853932584,0.17134831460674158,False
196,Rego Park,7,78,23,32.57692307692308,30.858333333333334,0.2948717948717949,2026-02,unreliable_trip_rate,0.0,0.0,1.0,0.0,False
170,Murray Hill,20,5827,1718,14.07401178422287,12.491666666666667,0.2948343916251931,2026-02,unreliable_trip_rate,0.0,0.0,0.10468508666552256,0.8953149133344774,False
80,East Williamsburg,22,346,102,20.91685934489403,19.825,0.2947976878612717,2026-02,unreliable_trip_rate,0.0,0.0,1.0,0.0,False
209,Seaport,22,458,135,16.76713973799127,15.899999999999999,0.29475982532751094,2026-02,unreliable_trip_rate,0.0,0.0,1.0,0.0,False
168,Mott Haven/Port Morris,6,190,56,23.22614035087719,20.525,0.29473684210526313,2026-02,unreliable_trip_rate,0.0,0.0,1.0,0.0,False
170,Murray Hill,19,6600,1943,14.29550505050505,12.966666666666667,0.2943939393939394,2026-02,unreliable_trip_rate,0.0,0.0,0.08181818181818182,0.9181818181818182,False
170,Murray Hill,18,7045,2073,15.620345398627867,13.458333333333334,0.2942512420156139,2026-02,unreliable_trip_rate,0.0,0.0,0.0736692689850958,0.9263307310149042,False
33,Brooklyn Heights,20,238,70,21.919537815126052,21.333333333333336,0.29411764705882354,2026-02,unreliable_trip_rate,0.0,0.0,1.0,0.0,False
112,Greenpoint,5,85,25,18.27823529411765,16.983333333333334,0.29411764705882354,2026-02,unreliable_trip_rate,0.0,0.0,1.0,0.0,False
126,Hunts Point,16,51,15,32.023529411764706,26.533333333333335,0.29411764705882354,2026-02,unreliable_trip_rate,0.0,0.0,1.0,0.0,False
133,Kensington,17,51,15,30.59313725490196,28.2,0.29411764705882354,2026-02,unreliable_trip_rate,0.0,0.0,1.0,0.0,False
210,Sheepshead Bay,17,34,10,36.46911764705882,31.275,0.29411764705882354,2026-02,unreliable_trip_rate,0.0,0.0,1.0,0.0,False
151,Manhattan Valley,6,619,182,14.975175013462573,13.533333333333333,0.2940226171243942,2026-02,unreliable_trip_rate,0.0,0.0,0.8319870759289176,0.1680129240710824,False
145,Long Island City/Hunters Point,15,330,97,30.00030303030303,25.15,0.29393939393939394,2026-02,unreliable_trip_rate,0.0,0.0,0.906060606060606,0.09393939393939393,False
79,East Village,18,5114,1503,15.019329292139227,12.433333333333334,0.2938991005084083,2026-02,unreliable_trip_rate,0.0,0.0,0.09796636683613609,0.9020336331638639,False
13,Battery Park City,22,718,211,16.467130919220054,15.308333333333334,0.2938718662952646,2026-02,unreliable_trip_rate,0.0,0.0,0.8941504178272981,0.10584958217270195,False
209,Seaport,2,211,62,15.343759873617694,14.316666666666666,0.2938388625592417,2026-02,unreliable_trip_rate,0.0,0.0,1.0,0.0,False
87,Financial District North,0,1052,309,15.805893536121673,15.066666666666666,0.29372623574144485,2026-02,unreliable_trip_rate,0.0,0.0,0.6397338403041825,0.3602661596958175,False
260,Woodside,21,109,32,16.43868501529052,15.4,0.29357798165137616,2026-02,unreliable_trip_rate,0.0,0.0,1.0,0.0,False
114,Greenwich Village South,23,4760,1397,14.409383753501402,11.55,0.2934873949579832,2026-02,unreliable_trip_rate,0.0,0.0,0.10798319327731093,0.8920168067226891,False
198,Ridgewood,4,92,27,19.019746376811593,19.308333333333334,0.29347826086956524,2026-02,unreliable_trip_rate,0.0,0.0,1.0,0.0,False
163,Midtown North,22,5592,1641,13.865596685741536,11.641666666666666,0.2934549356223176,2026-02,unreliable_trip_rate,0.0,0.0,0.11140915593705293,0.8885908440629471,False
102,Glendale,6,75,22,31.05511111111111,31.416666666666668,0.29333333333333333,2026-02,unreliable_trip_rate,0.0,0.0,1.0,0.0,False
106,Gowanus,19,75,22,24.605777777777778,23.566666666666666,0.29333333333333333,2026-02,unreliable_trip_rate,0.0,0.0,1.0,0.0,False
211,SoHo,8,433,127,16.46847575057737,14.633333333333333,0.29330254041570436,2026-02,unreliable_trip_rate,0.0,0.0,0.766743648960739,0.23325635103926096,False
40,Carroll Gardens,6,58,17,24.675862068965518,23.441666666666666,0.29310344827586204,2026-02,unreliable_trip_rate,0.0,0.0,1.0,0.0,False
127,Inwood,11,58,17,27.598563218390805,24.09166666666667,0.29310344827586204,2026-02,unreliable_trip_rate,0.0,0.0,1.0,0.0,False
200,Riverdale/North Riverdale/Fieldston,7,58,17,42.19942528735632,38.666666666666664,0.29310344827586204,2026-02,unreliable_trip_rate,0.0,0.0,1.0,0.0,False
197,Richmond Hill,15,157,46,60.219002123142246,61.3,0.2929936305732484,2026-02,unreliable_trip_rate,0.0,0.0,1.0,0.0,False
50,Clinton West,4,256,75,13.350260416666666,12.625,0.29296875,2026-02,unreliable_trip_rate,0.0,0.0,1.0,0.0,False
21,Bensonhurst East,13,41,12,36.858536585365854,30.15,0.2926829268292683,2026-02,unreliable_trip_rate,0.0,0.0,1.0,0.0,False
174,Norwood,23,41,12,19.548780487804876,18.816666666666666,0.2926829268292683,2026-02,unreliable_trip_rate,0.0,0.0,1.0,0.0,False
224,Stuy Town/Peter Cooper Village,23,335,98,14.22502487562189,13.65,0.29253731343283584,2026-02,unreliable_trip_rate,0.0,0.0,1.0,0.0,False
112,Greenpoint,20,294,86,21.4374716553288,21.041666666666668,0.2925170068027211,2026-02,unreliable_trip_rate,0.0,0.0,1.0,0.0,False
142,Lincoln Square East,6,951,278,11.65893796004206,9.283333333333333,0.29232386961093587,2026-02,unreliable_trip_rate,0.0,0.0,0.4384858044164038,0.5615141955835962,False
133,Kensington,9,89,26,29.958426966292137,28.683333333333334,0.29213483146067415,2026-02,unreliable_trip_rate,0.0,0.0,1.0,0.0,False
189,Prospect Heights,21,113,33,27.37330383480826,24.683333333333334,0.2920353982300885,2026-02,unreliable_trip_rate,0.0,0.0,1.0,0.0,False
49,Clinton Hill,6,137,40,27.29111922141119,25.266666666666666,0.291970802919708,2026-02,unreliable_trip_rate,0.0,0.0,1.0,0.0,False
249,West Village,20,5016,1464,15.228671584263688,13.383333333333333,0.291866028708134,2026-02,unreliable_trip_rate,0.0,0.0,0.08133971291866028,0.9186602870813397,False
88,Financial District South,3,96,28,14.518229166666666,13.708333333333332,0.2916666666666667,2026-02,unreliable_trip_rate,0.0,0.0,1.0,0.0,False
94,Fordham South,7,48,14,53.58923611111111,55.4,0.2916666666666667,2026-02,unreliable_trip_rate,0.0,0.0,1.0,0.0,False
258,Woodhaven,13,48,14,37.03819444444444,33.983333333333334,0.2916666666666667,2026-02,unreliable_trip_rate,0.0,0.0,1.0,0.0,False
168,Mott Haven/Port Morris,19,175,51,22.24142857142857,19.55,0.2914285714285714,2026-02,unreliable_trip_rate,0.0,0.0,1.0,0.0,False
36,Bushwick North,20,127,37,26.514566929133856,26.3,0.29133858267716534,2026-02,unreliable_trip_rate,0.0,0.0,1.0,0.0,False
42,Central Harlem North,4,206,60,16.305016181229774,15.35,0.2912621359223301,2026-02,unreliable_trip_rate,0.0,0.0,1.0,0.0,False
145,Long Island City/Hunters Point,5,206,60,17.938106796116504,16.558333333333334,0.2912621359223301,2026-02,unreliable_trip_rate,0.0,0.0,1.0,0.0,False
228,Sunset Park West,7,79,23,31.979324894514768,29.883333333333333,0.2911392405063291,2026-02,unreliable_trip_rate,0.0,0.0,1.0,0.0,False
4,Alphabet City,8,629,183,18.636671966083732,16.883333333333333,0.29093799682034976,2026-02,unreliable_trip_rate,0.0,0.0,0.8918918918918919,0.10810810810810811,False
231,TriBeCa/Civic Center,21,2908,846,16.000618982118294,14.433333333333334,0.2909215955983494,2026-02,unreliable_trip_rate,0.0,0.0,0.19773039889958735,0.8022696011004127,False
62,Crown Heights South,22,55,16,25.39787878787879,26.633333333333333,0.2909090909090909,2026-02,unreliable_trip_rate,0.0,0.0,1.0,0.0,False
142,Lincoln Square East,19,5472,1591,12.594283016569202,9.683333333333334,0.2907529239766082,2026-02,unreliable_trip_rate,0.0,0.0,0.0804093567251462,0.9195906432748538,False
234,Union Sq,22,6477,1883,14.08248417477227,11.516666666666667,0.29072101281457463,2026-02,unreliable_trip_rate,0.0,0.0,0.0784313725490196,0.9215686274509803,False
237,Upper East Side South,17,11304,3286,13.346886058032556,9.466666666666665,0.29069355980184003,2026-02,unreliable_trip_rate,0.0,0.0,0.04485138004246284,0.9551486199575372,False
82,Elmhurst,8,117,34,32.96894586894587,31.616666666666667,0.2905982905982906,2026-02,unreliable_trip_rate,0.0,0.0,1.0,0.0,False
161,Midtown Center,16,9206,2674,17.62602107321312,14.316666666666666,0.29046274169020203,2026-02,unreliable_trip_rate,0.0,0.0,0.052683032804692595,0.9473169671953074,False
32,Bronxdale,11,31,9,46.23010752688172,46.3,0.2903225806451613,2026-02,unreliable_trip_rate,0.0,0.0,1.0,0.0,False
36,Bushwick North,19,186,54,24.896953405017918,24.6,0.2903225806451613,2026-02,unreliable_trip_rate,0.0,0.0,1.0,0.0,False
129,Jackson Heights,2,93,27,14.775089605734767,14.866666666666667,0.2903225806451613,2026-02,unreliable_trip_rate,0.0,0.0,1.0,0.0,False
130,Jamaica,2,62,18,17.671505376344086,16.90833333333333,0.2903225806451613,2026-02,unreliable_trip_rate,0.0,0.0,1.0,0.0,False
200,Riverdale/North Riverdale/Fieldston,9,31,9,44.15913978494624,42.2,0.2903225806451613,2026-02,unreliable_trip_rate,0.0,0.0,1.0,0.0,False
202,Roosevelt Island,19,31,9,34.258602150537634,32.88333333333333,0.2903225806451613,2026-02,unreliable_trip_rate,0.0,0.0,1.0,0.0,False
257,Windsor Terrace,9,31,9,29.581720430107527,24.383333333333333,0.2903225806451613,2026-02,unreliable_trip_rate,0.0,0.0,1.0,0.0,False
258,Woodhaven,16,31,9,25.706451612903226,24.883333333333333,0.2903225806451613,2026-02,unreliable_trip_rate,0.0,0.0,1.0,0.0,False
80,East Williamsburg,0,348,101,19.15766283524904,18.325000000000003,0.29022988505747127,2026-02,unreliable_trip_rate,0.0,0.0,1.0,0.0,False
255,Williamsburg (North Side),4,262,76,16.44052162849873,16.0,0.2900763358778626,2026-02,unreliable_trip_rate,0.0,0.0,1.0,0.0,False
249,West Village,22,6734,1953,15.302603702603703,12.133333333333333,0.29002079002079,2026-02,unreliable_trip_rate,0.0,0.0,0.08494208494208494,0.915057915057915,False
189,Prospect Heights,0,69,20,24.04927536231884,23.65,0.2898550724637681,2026-02,unreliable_trip_rate,0.0,0.0,1.0,0.0,False
209,Seaport,20,483,140,16.424292615596965,16.033333333333335,0.2898550724637681,2026-02,unreliable_trip_rate,0.0,0.0,0.9213250517598344,0.07867494824016563,False
163,Midtown North,19,6057,1755,13.605486764624953,11.0,0.2897473997028232,2026-02,unreliable_trip_rate,0.0,0.0,0.07528479445269935,0.9247152055473007,False
33,Brooklyn Heights,21,214,62,20.715342679127726,19.983333333333334,0.2897196261682243,2026-02,unreliable_trip_rate,0.0,0.0,1.0,0.0,False
112,Greenpoint,18,556,161,23.947601918465228,23.325,0.289568345323741,2026-02,unreliable_trip_rate,0.0,0.0,1.0,0.0,False
70,East Elmhurst,13,297,86,32.60617283950617,30.683333333333334,0.2895622895622896,2026-02,unreliable_trip_rate,0.0,0.0,1.0,0.0,False
133,Kensington,20,38,11,22.79298245614035,22.633333333333333,0.2894736842105263,2026-02,unreliable_trip_rate,0.0,0.0,1.0,0.0,False
169,Mount Hope,11,38,11,48.20614035087719,48.31666666666666,0.2894736842105263,2026-02,unreliable_trip_rate,0.0,0.0,1.0,0.0,False
223,Steinway,14,121,35,27.61404958677686,26.966666666666665,0.2892561983471074,2026-02,unreliable_trip_rate,0.0,0.0,1.0,0.0,False
34,Brooklyn Navy Yard,18,83,24,23.150602409638555,23.1,0.2891566265060241,2026-02,unreliable_trip_rate,0.0,0.0,1.0,0.0,False
40,Carroll Gardens,22,83,24,20.886144578313253,20.116666666666667,0.2891566265060241,2026-02,unreliable_trip_rate,0.0,0.0,1.0,0.0,False
262,Yorkville East,3,83,24,12.50562248995984,11.533333333333333,0.2891566265060241,2026-02,unreliable_trip_rate,0.0,0.0,1.0,0.0,False
82,Elmhurst,3,90,26,14.904814814814815,15.508333333333333,0.28888888888888886,2026-02,unreliable_trip_rate,0.0,0.0,1.0,0.0,False
167,Morrisania/Melrose,18,45,13,30.304814814814815,27.466666666666665,0.28888888888888886,2026-02,unreliable_trip_rate,0.0,0.0,1.0,0.0,False
228,Sunset Park West,23,90,26,25.680555555555557,23.166666666666664,0.28888888888888886,2026-02,unreliable_trip_rate,0.0,0.0,1.0,0.0,False
255,Williamsburg (North Side),22,779,225,21.002032520325205,20.683333333333334,0.2888318356867779,2026-02,unreliable_trip_rate,0.0,0.0,0.9127086007702182,0.08729139922978177,False
255,Williamsburg (North Side),21,530,153,21.12867924528302,20.958333333333332,0.28867924528301886,2026-02,unreliable_trip_rate,0.0,0.0,0.9339622641509434,0.0660377358490566,False
116,Hamilton Heights,13,343,99,25.202478134110788,22.833333333333332,0.2886297376093295,2026-02,unreliable_trip_rate,0.0,0.0,1.0,0.0,False
37,Bushwick South,4,312,90,18.629700854700854,17.791666666666664,0.28846153846153844,2026-02,unreliable_trip_rate,0.0,0.0,1.0,0.0,False
232,Two Bridges/Seward Park,3,163,47,14.926993865030674,14.566666666666666,0.2883435582822086,2026-02,unreliable_trip_rate,0.0,0.0,1.0,0.0,False
256,Williamsburg (South Side),23,503,145,20.901192842942343,19.833333333333332,0.2882703777335984,2026-02,unreliable_trip_rate,0.0,0.0,1.0,0.0,False
225,Stuyvesant Heights,21,118,34,27.479802259887006,26.316666666666666,0.288135593220339,2026-02,unreliable_trip_rate,0.0,0.0,1.0,0.0,False
262,Yorkville East,8,3534,1018,14.9173787964535,13.575,0.288058856819468,2026-02,unreliable_trip_rate,0.0,0.0,0.1211092246745897,0.8788907753254103,False
10,Baisley Park,16,125,36,46.25906666666667,46.88333333333333,0.288,2026-02,unreliable_trip_rate,0.0,0.0,1.0,0.0,False
17,Bedford,23,191,55,22.5413612565445,22.0,0.2879581151832461,2026-02,unreliable_trip_rate,0.0,0.0,1.0,0.0,False
189,Prospect Heights,13,66,19,32.70505050505051,31.625,0.2878787878787879,2026-02,unreliable_trip_rate,0.0,0.0,1.0,0.0,False
198,Ridgewood,13,66,19,26.87121212121212,24.933333333333334,0.2878787878787879,2026-02,unreliable_trip_rate,0.0,0.0,1.0,0.0,False
161,Midtown Center,18,11894,3424,15.859136259178298,13.383333333333333,0.28787624012106944,2026-02,unreliable_trip_rate,0.0,0.0,0.051118210862619806,0.9488817891373802,False
162,Midtown East,19,7761,2234,13.964736073530043,12.191666666666666,0.28784950392990594,2026-02,unreliable_trip_rate,0.0,0.0,0.0797577631748486,0.9202422368251514,False
163,Midtown North,21,5986,1723,13.593331662768682,11.633333333333333,0.2878382893417975,2026-02,unreliable_trip_rate,0.0,0.0,0.08636819244904778,0.9136318075509522,False
33,Brooklyn Heights,18,431,124,23.495088940448568,21.15,0.2877030162412993,2026-02,unreliable_trip_rate,0.0,0.0,1.0,0.0,False
92,Flushing,0,73,21,17.461872146118722,17.033333333333335,0.2876712328767123,2026-02,unreliable_trip_rate,0.0,0.0,1.0,0.0,False
145,Long Island City/Hunters Point,20,428,123,20.9053738317757,20.15833333333333,0.28738317757009346,2026-02,unreliable_trip_rate,0.0,0.0,1.0,0.0,False
62,Crown Heights South,11,87,25,37.27854406130268,33.483333333333334,0.28735632183908044,2026-02,unreliable_trip_rate,0.0,0.0,1.0,0.0,False
24,Bloomingdale,6,275,79,15.667030303030304,14.5,0.2872727272727273,2026-02,unreliable_trip_rate,0.0,0.0,1.0,0.0,False
130,Jamaica,19,202,58,23.521039603960396,22.05,0.2871287128712871,2026-02,unreliable_trip_rate,0.0,0.0,1.0,0.0,False
66,DUMBO/Vinegar Hill,0,108,31,19.625462962962963,18.933333333333334,0.28703703703703703,2026-02,unreliable_trip_rate,0.0,0.0,1.0,0.0,False
80,East Williamsburg,6,115,33,22.85855072463768,20.783333333333335,0.28695652173913044,2026-02,unreliable_trip_rate,0.0,0.0,1.0,0.0,False
237,Upper East Side South,18,11141,3196,12.352849833946683,9.008333333333333,0.2868683242078808,2026-02,unreliable_trip_rate,0.0,0.0,0.046405170092451306,0.9535948299075487,False
224,Stuy Town/Peter Cooper Village,6,373,107,13.612287756925827,12.433333333333334,0.2868632707774799,2026-02,unreliable_trip_rate,0.0,0.0,0.9142091152815014,0.08579088471849866,False
148,Lower East Side,23,4121,1180,15.560329208121006,14.325,0.28633826741082263,2026-02,unreliable_trip_rate,0.0,0.0,0.18029604464935695,0.819703955350643,False
255,Williamsburg (North Side),19,475,136,22.746280701754387,22.133333333333333,0.2863157894736842,2026-02,unreliable_trip_rate,0.0,0.0,1.0,0.0,False
239,Upper West Side South,6,1366,391,13.71281112737921,11.191666666666666,0.2862371888726208,2026-02,unreliable_trip_rate,0.0,0.0,0.32210834553440704,0.677891654465593,False
68,East Chelsea,20,5560,1591,15.773249400479616,14.2,0.28615107913669063,2026-02,unreliable_trip_rate,0.0,0.0,0.09712230215827339,0.9028776978417267,False
234,Union Sq,19,6916,1979,14.48042702911124,11.983333333333333,0.28614806246385194,2026-02,unreliable_trip_rate,0.0,0.0,0.08126084441873915,0.9187391555812608,False
79,East Village,22,7322,2094,14.543658381134481,11.983333333333334,0.28598743512701447,2026-02,unreliable_trip_rate,0.0,0.0,0.09109532914504234,0.9089046708549576,False
162,Midtown East,21,6438,1840,13.430426115770942,12.175,0.28580304442373405,2026-02,unreliable_trip_rate,0.0,0.0,0.09816713264989127,0.9018328673501087,False
18,Bedford Park,10,35,10,49.65761904761905,45.7,0.2857142857142857,2026-02,unreliable_trip_rate,0.0,0.0,1.0,0.0,False
70,East Elmhurst,7,112,32,35.42470238095238,34.05,0.2857142857142857,2026-02,unreliable_trip_rate,0.0,0.0,1.0,0.0,False
87,Financial District North,4,161,46,15.831159420289854,14.95,0.2857142857142857,2026-02,unreliable_trip_rate,0.0,0.0,1.0,0.0,False
92,Flushing,15,63,18,40.521693121693126,36.25,0.2857142857142857,2026-02,unreliable_trip_rate,0.0,0.0,1.0,0.0,False
106,Gowanus,16,49,14,31.365986394557826,28.483333333333334,0.2857142857142857,2026-02,unreliable_trip_rate,0.0,0.0,1.0,0.0,False
116,Hamilton Heights,0,224,64,14.97827380952381,14.391666666666666,0.2857142857142857,2026-02,unreliable_trip_rate,0.0,0.0,1.0,0.0,False
117,Hammels/Arverne,6,91,26,72.64981684981684,74.56666666666666,0.2857142857142857,2026-02,unreliable_trip_rate,0.0,0.0,1.0,0.0,False
127,Inwood,0,42,12,16.88015873015873,16.53333333333333,0.2857142857142857,2026-02,unreliable_trip_rate,0.0,0.0,1.0,0.0,False
133,Kensington,11,56,16,34.62202380952381,31.266666666666666,0.2857142857142857,2026-02,unreliable_trip_rate,0.0,0.0,1.0,0.0,False
138,LaGuardia Airport,2,154,44,19.181277056277054,17.40833333333333,0.2857142857142857,2026-02,unreliable_trip_rate,0.0,0.0,1.0,0.0,False
160,Middle Village,22,35,10,16.526190476190475,16.266666666666666,0.2857142857142857,2026-02,unreliable_trip_rate,0.0,0.0,1.0,0.0,False
179,Old Astoria,4,42,12,19.20357142857143,18.525,0.2857142857142857,2026-02,unreliable_trip_rate,0.0,0.0,1.0,0.0,False
189,Prospect Heights,14,63,18,30.133862433862436,28.45,0.2857142857142857,2026-02,unreliable_trip_rate,0.0,0.0,1.0,0.0,False
196,Rego Park,15,49,14,27.659523809523808,27.216666666666665,0.2857142857142857,2026-02,unreliable_trip_rate,0.0,0.0,1.0,0.0,False
202,Roosevelt Island,6,42,12,34.2484126984127,29.96666666666667,0.2857142857142857,2026-02,unreliable_trip_rate,0.0,0.0,1.0,0.0,False
205,Saint Albans,11,56,16,55.84970238095239,58.91666666666667,0.2857142857142857,2026-02,unreliable_trip_rate,0.0,0.0,1.0,0.0,False
220,Spuyten Duyvil/Kingsbridge,18,63,18,25.160582010582008,21.733333333333334,0.2857142857142857,2026-02,unreliable_trip_rate,0.0,0.0,1.0,0.0,False
223,Steinway,0,98,28,16.315816326530612,16.725,0.2857142857142857,2026-02,unreliable_trip_rate,0.0,0.0,1.0,0.0,False
254,Williamsbridge/Olinville,19,49,14,22.160884353741498,22.0,0.2857142857142857,2026-02,unreliable_trip_rate,0.0,0.0,1.0,0.0,False
257,Windsor Terrace,7,63,18,31.4489417989418,31.35,0.2857142857142857,2026-02,unreliable_trip_rate,0.0,0.0,1.0,0.0,False
37,Bushwick South,14,228,65,36.98801169590643,33.83333333333333,0.2850877192982456,2026-02,unreliable_trip_rate,0.0,0.0,1.0,0.0,False
161,Midtown Center,4,207,59,16.353945249597423,13.766666666666667,0.28502415458937197,2026-02,unreliable_trip_rate,0.0,0.0,0.8067632850241546,0.1932367149758454,False
237,Upper East Side South,21,7633,2175,11.253591859906546,7.875,0.2849469409144504,2026-02,unreliable_trip_rate,0.0,0.0,0.0779510022271715,0.9220489977728286,False
262,Yorkville East,4,179,51,12.952886405959031,11.916666666666666,0.2849162011173184,2026-02,unreliable_trip_rate,0.0,0.0,1.0,0.0,False
256,Williamsburg (South Side),1,351,100,18.436324786324786,18.033333333333335,0.2849002849002849,2026-02,unreliable_trip_rate,0.0,0.0,1.0,0.0,False
246,West Chelsea/Hudson Yards,20,4700,1339,15.249819148936169,13.55,0.2848936170212766,2026-02,unreliable_trip_rate,0.0,0.0,0.1148936170212766,0.8851063829787233,False
4,Alphabet City,6,418,119,16.59354066985646,14.441666666666666,0.284688995215311,2026-02,unreliable_trip_rate,0.0,0.0,0.9114832535885168,0.08851674641148326,False
25,Boerum Hill,19,267,76,24.32159800249688,23.0,0.2846441947565543,2026-02,unreliable_trip_rate,0.0,0.0,1.0,0.0,False
48,Clinton East,21,5742,1634,14.262678509230234,12.575,0.2845698362939742,2026-02,unreliable_trip_rate,0.0,0.0,0.0759317311041449,0.9240682688958551,False
249,West Village,21,6270,1784,15.465276448697502,12.075,0.2845295055821372,2026-02,unreliable_trip_rate,0.0,0.0,0.07814992025518341,0.9218500797448166,False
114,Greenwich Village South,0,4541,1292,13.469507450634955,11.566666666666666,0.28451882845188287,2026-02,unreliable_trip_rate,0.0,0.0,0.1175952433384717,0.8824047566615283,False
80,East Williamsburg,11,116,33,27.32241379310345,25.375,0.28448275862068967,2026-02,unreliable_trip_rate,0.0,0.0,1.0,0.0,False
179,Old Astoria,19,218,62,23.96781345565749,23.18333333333333,0.28440366972477066,2026-02,unreliable_trip_rate,0.0,0.0,1.0,0.0,False
37,Bushwick South,23,299,85,25.253678929765886,24.7,0.2842809364548495,2026-02,unreliable_trip_rate,0.0,0.0,1.0,0.0,False
260,Woodside,22,95,27,17.16315789473684,15.8,0.28421052631578947,2026-02,unreliable_trip_rate,0.0,0.0,1.0,0.0,False
148,Lower East Side,8,729,207,18.29124371284865,16.583333333333332,0.2839506172839506,2026-02,unreliable_trip_rate,0.0,0.0,0.7942386831275721,0.205761316872428,False
142,Lincoln Square East,23,3719,1056,13.404884825669983,11.291666666666668,0.28394729766066146,2026-02,unreliable_trip_rate,0.0,0.0,0.11938693197095994,0.88061306802904,False
25,Boerum Hill,0,222,63,22.19707207207207,20.175,0.28378378378378377,2026-02,unreliable_trip_rate,0.0,0.0,1.0,0.0,False
33,Brooklyn Heights,8,254,72,26.917125984251967,26.083333333333336,0.28346456692913385,2026-02,unreliable_trip_rate,0.0,0.0,1.0,0.0,False
50,Clinton West,2,254,72,13.846391076115486,13.408333333333333,0.28346456692913385,2026-02,unreliable_trip_rate,0.0,0.0,1.0,0.0,False
230,Times Sq/Theatre District,22,8482,2404,15.127552464041498,12.525,0.28342372082056116,2026-02,unreliable_trip_rate,0.0,0.0,0.0723885875972648,0.9276114124027353,False
83,Elmhurst/Maspeth,4,60,17,17.79611111111111,17.666666666666664,0.2833333333333333,2026-02,unreliable_trip_rate,0.0,0.0,1.0,0.0,False
189,Prospect Heights,23,120,34,23.563333333333333,23.558333333333334,0.2833333333333333,2026-02,unreliable_trip_rate,0.0,0.0,1.0,0.0,False
25,Boerum Hill,23,233,66,21.78283261802575,21.35,0.2832618025751073,2026-02,unreliable_trip_rate,0.0,0.0,1.0,0.0,False
261,World Trade Center,14,837,237,25.036758263639985,22.266666666666666,0.2831541218637993,2026-02,unreliable_trip_rate,0.0,0.0,0.7909199522102748,0.20908004778972522,False
65,Downtown Brooklyn/MetroTech,0,166,47,18.09066265060241,17.25,0.28313253012048195,2026-02,unreliable_trip_rate,0.0,0.0,1.0,0.0,False
234,Union Sq,21,7322,2073,14.663518619684968,13.283333333333333,0.2831193662933625,2026-02,unreliable_trip_rate,0.0,0.0,0.08126195028680688,0.9187380497131931,False
160,Middle Village,7,53,15,30.766981132075472,28.166666666666668,0.2830188679245283,2026-02,unreliable_trip_rate,0.0,0.0,1.0,0.0,False
174,Norwood,19,53,15,27.261006289308174,21.183333333333334,0.2830188679245283,2026-02,unreliable_trip_rate,0.0,0.0,1.0,0.0,False
13,Battery Park City,23,343,97,17.025850340136056,15.8,0.282798833819242,2026-02,unreliable_trip_rate,0.0,0.0,1.0,0.0,False
106,Gowanus,9,46,13,34.91702898550725,34.61666666666667,0.2826086956521739,2026-02,unreliable_trip_rate,0.0,0.0,1.0,0.0,False
13,Battery Park City,21,1306,369,15.898800408371617,15.366666666666667,0.28254211332312407,2026-02,unreliable_trip_rate,0.0,0.0,0.5696784073506891,0.43032159264931086,False
246,West Chelsea/Hudson Yards,21,4354,1230,15.490617822691776,13.991666666666667,0.28249885163068444,2026-02,unreliable_trip_rate,0.0,0.0,0.13298116674322463,0.8670188332567754,False
162,Midtown East,18,9710,2743,15.561948163405424,12.683333333333334,0.28249227600411947,2026-02,unreliable_trip_rate,0.0,0.0,0.052729145211122555,0.9472708547888774,False
142,Lincoln Square East,18,7257,2050,13.180524551008222,9.883333333333333,0.2824858757062147,2026-02,unreliable_trip_rate,0.0,0.0,0.057737357034587294,0.9422626429654127,False
237,Upper East Side South,19,8853,2499,11.843710230053842,8.766666666666667,0.2822771941714673,2026-02,unreliable_trip_rate,0.0,0.0,0.06562747091381453,0.9343725290861855,False
249,West Village,23,6664,1881,14.331457583033213,11.483333333333333,0.2822629051620648,2026-02,unreliable_trip_rate,0.0,0.0,0.09618847539015606,0.9038115246098439,False
256,Williamsburg (South Side),22,528,149,20.72629419191919,20.0,0.2821969696969697,2026-02,unreliable_trip_rate,0.0,0.0,1.0,0.0,False
18,Bedford Park,18,39,11,36.855982905982906,25.266666666666666,0.28205128205128205,2026-02,unreliable_trip_rate,0.0,0.0,1.0,0.0,False
71,East Flatbush/Farragut,23,39,11,24.205982905982903,24.55,0.28205128205128205,2026-02,unreliable_trip_rate,0.0,0.0,1.0,0.0,False
77,East New York/Pennsylvania Avenue,23,39,11,19.32136752136752,19.066666666666666,0.28205128205128205,2026-02,unreliable_trip_rate,0.0,0.0,1.0,0.0,False
159,Melrose South,23,39,11,22.077350427350428,18.816666666666666,0.28205128205128205,2026-02,unreliable_trip_rate,0.0,0.0,1.0,0.0,False
160,Middle Village,19,39,11,22.86367521367521,20.233333333333334,0.28205128205128205,2026-02,unreliable_trip_rate,0.0,0.0,1.0,0.0,False
195,Red Hook,13,39,11,38.11196581196581,30.233333333333334,0.28205128205128205,2026-02,unreliable_trip_rate,0.0,0.0,1.0,0.0,False
197,Richmond Hill,22,39,11,17.1008547008547,16.433333333333334,0.28205128205128205,2026-02,unreliable_trip_rate,0.0,0.0,1.0,0.0,False
242,Van Nest/Morris Park,20,39,11,26.77179487179487,22.95,0.28205128205128205,2026-02,unreliable_trip_rate,0.0,0.0,1.0,0.0,False
145,Long Island City/Hunters Point,21,408,115,19.71139705882353,19.766666666666666,0.2818627450980392,2026-02,unreliable_trip_rate,0.0,0.0,1.0,0.0,False
87,Financial District North,19,1938,546,18.070459236326112,16.541666666666668,0.28173374613003094,2026-02,unreliable_trip_rate,0.0,0.0,0.3142414860681115,0.6857585139318886,False
66,DUMBO/Vinegar Hill,9,142,40,24.149061032863848,23.791666666666664,0.28169014084507044,2026-02,unreliable_trip_rate,0.0,0.0,1.0,0.0,False
163,Midtown North,20,5489,1546,14.078906297443371,11.966666666666667,0.28165421752596104,2026-02,unreliable_trip_rate,0.0,0.0,0.09874294042630716,0.9012570595736928,False
12,Battery Park,16,103,29,23.73818770226537,23.1,0.2815533980582524,2026-02,unreliable_trip_rate,0.0,0.0,1.0,0.0,False
256,Williamsburg (South Side),11,103,29,25.801618122977345,22.783333333333335,0.2815533980582524,2026-02,unreliable_trip_rate,0.0,0.0,1.0,0.0,False
112,Greenpoint,17,341,96,24.411143695014665,23.666666666666668,0.28152492668621704,2026-02,unreliable_trip_rate,0.0,0.0,1.0,0.0,False
181,Park Slope,21,341,96,24.521212121212123,24.366666666666667,0.28152492668621704,2026-02,unreliable_trip_rate,0.0,0.0,1.0,0.0,False
97,Fort Greene,6,167,47,28.079740518962076,25.266666666666666,0.281437125748503,2026-02,unreliable_trip_rate,0.0,0.0,1.0,0.0,False
14,Bay Ridge,5,32,9,30.139062499999998,25.666666666666664,0.28125,2026-02,unreliable_trip_rate,0.0,0.0,1.0,0.0,False
102,Glendale,20,32,9,20.0609375,17.75,0.28125,2026-02,unreliable_trip_rate,0.0,0.0,1.0,0.0,False
108,Gravesend,6,32,9,54.3546875,54.59166666666667,0.28125,2026-02,unreliable_trip_rate,0.0,0.0,1.0,0.0,False
124,Howard Beach,21,32,9,25.272395833333334,23.2,0.28125,2026-02,unreliable_trip_rate,0.0,0.0,1.0,0.0,False
127,Inwood,6,64,18,24.350260416666668,21.741666666666667,0.28125,2026-02,unreliable_trip_rate,0.0,0.0,1.0,0.0,False
152,Manhattanville,3,32,9,12.543229166666666,10.75,0.28125,2026-02,unreliable_trip_rate,0.0,0.0,1.0,0.0,False
155,Marine Park/Mill Basin,19,64,18,23.947395833333335,21.958333333333336,0.28125,2026-02,unreliable_trip_rate,0.0,0.0,1.0,0.0,False
160,Middle Village,10,32,9,34.280208333333334,36.05833333333334,0.28125,2026-02,unreliable_trip_rate,0.0,0.0,1.0,0.0,False
173,North Corona,18,32,9,24.5765625,23.34166666666667,0.28125,2026-02,unreliable_trip_rate,0.0,0.0,1.0,0.0,False
212,Soundview/Bruckner,13,32,9,37.713541666666664,34.641666666666666,0.28125,2026-02,unreliable_trip_rate,0.0,0.0,1.0,0.0,False
219,Springfield Gardens South,20,32,9,31.1109375,30.458333333333336,0.28125,2026-02,unreliable_trip_rate,0.0,0.0,1.0,0.0,False
223,Steinway,12,96,27,23.751215277777778,22.508333333333333,0.28125,2026-02,unreliable_trip_rate,0.0,0.0,1.0,0.0,False
228,Sunset Park West,6,64,18,25.495572916666667,24.633333333333333,0.28125,2026-02,unreliable_trip_rate,0.0,0.0,1.0,0.0,False
261,World Trade Center,23,409,115,18.367074164629177,17.55,0.28117359413202936,2026-02,unreliable_trip_rate,0.0,0.0,1.0,0.0,False
161,Midtown Center,17,11268,3166,17.364965684534372,14.7,0.2809726659566915,2026-02,unreliable_trip_rate,0.0,0.0,0.043397231096911605,0.9566027689030884,False
7,Astoria,12,260,73,25.15544871794872,24.4,0.28076923076923077,2026-02,unreliable_trip_rate,0.0,0.0,1.0,0.0,False
239,Upper West Side South,20,4215,1183,12.010755239224991,9.433333333333334,0.28066429418742583,2026-02,unreliable_trip_rate,0.0,0.0,0.09513641755634639,0.9048635824436536,False
256,Williamsburg (South Side),12,139,39,25.647002398081536,23.65,0.2805755395683453,2026-02,unreliable_trip_rate,0.0,0.0,1.0,0.0,False
179,Old Astoria,0,82,23,19.93109756097561,20.8,0.2804878048780488,2026-02,unreliable_trip_rate,0.0,0.0,1.0,0.0,False
148,Lower East Side,0,4407,1236,14.611844792375766,13.166666666666666,0.28046289993192647,2026-02,unreliable_trip_rate,0.0,0.0,0.15793056501021102,0.8420694349897889,False
93,Flushing Meadows-Corona Park,16,50,14,32.159333333333336,30.791666666666668,0.28,2026-02,unreliable_trip_rate,0.0,0.0,1.0,0.0,False
119,Highbridge,11,50,14,35.745333333333335,32.04166666666667,0.28,2026-02,unreliable_trip_rate,0.0,0.0,1.0,0.0,False
255,Williamsburg (North Side),5,75,21,19.34111111111111,18.466666666666665,0.28,2026-02,unreliable_trip_rate,0.0,0.0,1.0,0.0,False
234,Union Sq,6,611,171,12.058647026732132,9.883333333333333,0.27986906710310966,2026-02,unreliable_trip_rate,0.0,0.0,0.7103109656301145,0.2896890343698854,False
181,Park Slope,23,268,75,23.241666666666667,22.53333333333333,0.2798507462686567,2026-02,unreliable_trip_rate,0.0,0.0,1.0,0.0,False
13,Battery Park City,20,1451,406,16.329657707328277,15.883333333333333,0.27980702963473464,2026-02,unreliable_trip_rate,0.0,0.0,0.456237077877326,0.543762922122674,False
186,Penn Station/Madison Sq West,6,2667,746,9.84381952255968,8.4,0.27971503562054745,2026-02,unreliable_trip_rate,0.0,0.0,0.16310461192350956,0.8368953880764904,False
37,Bushwick South,5,304,85,21.890570175438597,20.741666666666667,0.27960526315789475,2026-02,unreliable_trip_rate,0.0,0.0,1.0,0.0,False
80,East Williamsburg,2,347,97,18.809317963496635,18.25,0.27953890489913547,2026-02,unreliable_trip_rate,0.0,0.0,1.0,0.0,False
198,Ridgewood,0,68,19,21.389705882352942,21.75,0.27941176470588236,2026-02,unreliable_trip_rate,0.0,0.0,1.0,0.0,False
75,East Harlem South,3,111,31,13.90960960960961,12.566666666666666,0.27927927927927926,2026-02,unreliable_trip_rate,0.0,0.0,1.0,0.0,False
243,Washington Heights North,7,333,93,28.312512512512516,26.5,0.27927927927927926,2026-02,unreliable_trip_rate,0.0,0.0,1.0,0.0,False
65,Downtown Brooklyn/MetroTech,22,197,55,20.835617597292725,20.983333333333334,0.27918781725888325,2026-02,unreliable_trip_rate,0.0,0.0,1.0,0.0,False
246,West Chelsea/Hudson Yards,19,5314,1483,15.65861560657383,13.775,0.2790741437711705,2026-02,unreliable_trip_rate,0.0,0.0,0.0946556266465939,0.9053443733534061,False
112,Greenpoint,14,129,36,27.38514211886305,25.6,0.27906976744186046,2026-02,unreliable_trip_rate,0.0,0.0,1.0,0.0,False
117,Hammels/Arverne,14,43,12,57.716279069767445,53.666666666666664,0.27906976744186046,2026-02,unreliable_trip_rate,0.0,0.0,1.0,0.0,False
256,Williamsburg (South Side),8,215,60,26.913953488372094,25.683333333333334,0.27906976744186046,2026-02,unreliable_trip_rate,0.0,0.0,1.0,0.0,False
88,Financial District South,20,785,219,18.512738853503183,17.416666666666668,0.2789808917197452,2026-02,unreliable_trip_rate,0.0,0.0,0.8955414012738854,0.10445859872611465,False
142,Lincoln Square East,20,5160,1439,12.829341085271317,10.733333333333333,0.27887596899224804,2026-02,unreliable_trip_rate,0.0,0.0,0.09302325581395349,0.9069767441860465,False
193,Queensbridge/Ravenswood,11,104,29,26.51298076923077,23.375,0.27884615384615385,2026-02,unreliable_trip_rate,0.0,0.0,1.0,0.0,False
49,Clinton Hill,22,165,46,22.605757575757575,21.7,0.2787878787878788,2026-02,unreliable_trip_rate,0.0,0.0,1.0,0.0,False
170,Murray Hill,5,531,148,11.776208411801633,8.583333333333334,0.2787193973634652,2026-02,unreliable_trip_rate,0.0,0.0,0.7080979284369114,0.2919020715630885,False
146,Long Island City/Queens Plaza,0,140,39,18.079047619047618,18.09166666666667,0.2785714285714286,2026-02,unreliable_trip_rate,0.0,0.0,1.0,0.0,False
80,East Williamsburg,20,176,49,22.685511363636365,22.483333333333334,0.2784090909090909,2026-02,unreliable_trip_rate,0.0,0.0,1.0,0.0,False
224,Stuy Town/Peter Cooper Village,3,97,27,12.364432989690721,11.416666666666666,0.27835051546391754,2026-02,unreliable_trip_rate,0.0,0.0,1.0,0.0,False
236,Upper East Side North,17,11052,3072,13.375942514175412,10.0,0.2779587404994571,2026-02,unreliable_trip_rate,0.0,0.0,0.03926891060441549,0.9607310893955845,False
158,Meatpacking/West Village West,7,644,179,17.253442028985507,14.491666666666667,0.2779503105590062,2026-02,unreliable_trip_rate,0.0,0.0,0.5403726708074534,0.45962732919254656,False
7,Astoria,7,655,182,25.522493638676846,24.733333333333334,0.2778625954198473,2026-02,unreliable_trip_rate,0.0,0.0,1.0,0.0,False
29,Brighton Beach,18,36,10,30.387962962962963,25.975,0.2777777777777778,2026-02,unreliable_trip_rate,0.0,0.0,1.0,0.0,False
36,Bushwick North,7,108,30,28.918518518518518,29.475,0.2777777777777778,2026-02,unreliable_trip_rate,0.0,0.0,1.0,0.0,False
65,Downtown Brooklyn/MetroTech,5,54,15,22.19351851851852,18.925,0.2777777777777778,2026-02,unreliable_trip_rate,0.0,0.0,1.0,0.0,False
70,East Elmhurst,6,36,10,30.0625,22.808333333333334,0.2777777777777778,2026-02,unreliable_trip_rate,0.0,0.0,1.0,0.0,False
106,Gowanus,13,36,10,37.28842592592593,32.53333333333333,0.2777777777777778,2026-02,unreliable_trip_rate,0.0,0.0,1.0,0.0,False
112,Greenpoint,6,144,40,22.094560185185188,20.0,0.2777777777777778,2026-02,unreliable_trip_rate,0.0,0.0,1.0,0.0,False
112,Greenpoint,16,162,45,28.108641975308643,25.041666666666668,0.2777777777777778,2026-02,unreliable_trip_rate,0.0,0.0,1.0,0.0,False
124,Howard Beach,6,36,10,69.53472222222223,64.03333333333333,0.2777777777777778,2026-02,unreliable_trip_rate,0.0,0.0,1.0,0.0,False
152,Manhattanville,6,198,55,19.826094276094278,18.575,0.2777777777777778,2026-02,unreliable_trip_rate,0.0,0.0,1.0,0.0,False
241,Van Cortlandt Village,14,36,10,53.633796296296296,51.88333333333333,0.2777777777777778,2026-02,unreliable_trip_rate,0.0,0.0,1.0,0.0,False
255,Williamsburg (North Side),13,126,35,24.500396825396827,22.075000000000003,0.2777777777777778,2026-02,unreliable_trip_rate,0.0,0.0,1.0,0.0,False
42,Central Harlem North,5,299,83,20.032720178372355,17.533333333333335,0.27759197324414714,2026-02,unreliable_trip_rate,0.0,0.0,1.0,0.0,False
249,West Village,0,5729,1590,13.804468493628907,10.941666666666666,0.27753534648280676,2026-02,unreliable_trip_rate,0.0,0.0,0.09355908535521033,0.9064409146447897,False
7,Astoria,20,339,94,22.859488692232055,22.616666666666667,0.27728613569321536,2026-02,unreliable_trip_rate,0.0,0.0,1.0,0.0,False
66,DUMBO/Vinegar Hill,21,303,84,21.007535753575358,20.3,0.27722772277227725,2026-02,unreliable_trip_rate,0.0,0.0,1.0,0.0,False
62,Crown Heights South,16,83,23,32.72289156626506,31.533333333333335,0.27710843373493976,2026-02,unreliable_trip_rate,0.0,0.0,1.0,0.0,False
236,Upper East Side North,19,7387,2047,12.009615992058121,8.466666666666667,0.27710843373493976,2026-02,unreliable_trip_rate,0.0,0.0,0.06321916881007175,0.9367808311899283,False
225,Stuyvesant Heights,20,148,41,28.261599099099097,26.916666666666668,0.27702702702702703,2026-02,unreliable_trip_rate,0.0,0.0,1.0,0.0,False
10,Baisley Park,12,65,18,46.945128205128206,45.016666666666666,0.27692307692307694,2026-02,unreliable_trip_rate,0.0,0.0,1.0,0.0,False
255,Williamsburg (North Side),8,130,36,26.448076923076922,25.675,0.27692307692307694,2026-02,unreliable_trip_rate,0.0,0.0,1.0,0.0,False
262,Yorkville East,5,585,162,12.558176638176638,10.733333333333333,0.27692307692307694,2026-02,unreliable_trip_rate,0.0,0.0,0.5572649572649573,0.4427350427350427,False
158,Meatpacking/West Village West,8,1001,277,16.636346986346986,14.216666666666667,0.27672327672327673,2026-02,unreliable_trip_rate,0.0,0.0,0.4175824175824176,0.5824175824175825,False
35,Brownsville,4,47,13,29.584751773049646,29.0,0.2765957446808511,2026-02,unreliable_trip_rate,0.0,0.0,1.0,0.0,False
66,DUMBO/Vinegar Hill,19,329,91,20.79787234042553,20.033333333333335,0.2765957446808511,2026-02,unreliable_trip_rate,0.0,0.0,1.0,0.0,False
141,Lenox Hill West,5,557,154,12.33836026331538,9.8,0.2764811490125673,2026-02,unreliable_trip_rate,0.0,0.0,0.7935368043087971,0.20646319569120286,False
51,Co-Op City,6,152,42,50.66063596491228,50.06666666666666,0.27631578947368424,2026-02,unreliable_trip_rate,0.0,0.0,1.0,0.0,False
112,Greenpoint,13,134,37,27.334577114427862,25.95,0.27611940298507465,2026-02,unreliable_trip_rate,0.0,0.0,1.0,0.0,False
161,Midtown Center,5,268,74,16.011504975124378,11.441666666666666,0.27611940298507465,2026-02,unreliable_trip_rate,0.0,0.0,0.8171641791044776,0.1828358208955224,False
106,Gowanus,21,87,24,24.473754789272032,24.2,0.27586206896551724,2026-02,unreliable_trip_rate,0.0,0.0,1.0,0.0,False
146,Long Island City/Queens Plaza,8,203,56,23.357799671592776,23.3,0.27586206896551724,2026-02,unreliable_trip_rate,0.0,0.0,1.0,0.0,False
25,Boerum Hill,7,156,43,28.846153846153847,27.208333333333332,0.27564102564102566,2026-02,unreliable_trip_rate,0.0,0.0,1.0,0.0,False
181,Park Slope,22,381,105,26.199212598425195,25.866666666666667,0.2755905511811024,2026-02,unreliable_trip_rate,0.0,0.0,1.0,0.0,False
188,Prospect-Lefferts Gardens,22,98,27,26.21700680272109,26.3,0.2755102040816326,2026-02,unreliable_trip_rate,0.0,0.0,1.0,0.0,False
249,West Village,6,716,197,12.16580540037244,10.466666666666667,0.2751396648044693,2026-02,unreliable_trip_rate,0.0,0.0,0.5810055865921788,0.41899441340782123,False
149,Madison,19,40,11,21.4225,18.333333333333332,0.275,2026-02,unreliable_trip_rate,0.0,0.0,1.0,0.0,False
193,Queensbridge/Ravenswood,0,40,11,20.671666666666667,21.058333333333334,0.275,2026-02,unreliable_trip_rate,0.0,0.0,1.0,0.0,False
226,Sunnyside,5,200,55,16.3615,16.133333333333333,0.275,2026-02,unreliable_trip_rate,0.0,0.0,1.0,0.0,False
82,Elmhurst,6,131,36,25.31386768447837,23.016666666666666,0.2748091603053435,2026-02,unreliable_trip_rate,0.0,0.0,1.0,0.0,False
256,Williamsburg (South Side),2,262,72,17.194847328244276,16.775,0.2748091603053435,2026-02,unreliable_trip_rate,0.0,0.0,1.0,0.0,False
82,Elmhurst,0,91,25,15.894688644688646,15.616666666666667,0.27472527472527475,2026-02,unreliable_trip_rate,0.0,0.0,1.0,0.0,False
70,East Elmhurst,17,295,81,31.25610169491525,30.1,0.2745762711864407,2026-02,unreliable_trip_rate,0.0,0.0,1.0,0.0,False
62,Crown Heights South,23,51,14,26.54183006535948,26.066666666666666,0.27450980392156865,2026-02,unreliable_trip_rate,0.0,0.0,1.0,0.0,False
86,Far Rockaway,13,51,14,69.49313725490197,66.95,0.27450980392156865,2026-02,unreliable_trip_rate,0.0,0.0,1.0,0.0,False
159,Melrose South,20,51,14,26.47254901960784,21.65,0.27450980392156865,2026-02,unreliable_trip_rate,0.0,0.0,1.0,0.0,False
200,Riverdale/North Riverdale/Fieldston,18,51,14,28.666666666666668,26.116666666666667,0.27450980392156865,2026-02,unreliable_trip_rate,0.0,0.0,1.0,0.0,False
228,Sunset Park West,13,102,28,36.790032679738566,34.233333333333334,0.27450980392156865,2026-02,unreliable_trip_rate,0.0,0.0,1.0,0.0,False
255,Williamsburg (North Side),18,470,129,23.838262411347518,23.833333333333336,0.274468085106383,2026-02,unreliable_trip_rate,0.0,0.0,0.9319148936170213,0.06808510638297872,False
34,Brooklyn Navy Yard,4,62,17,19.532258064516128,18.95,0.27419354838709675,2026-02,unreliable_trip_rate,0.0,0.0,1.0,0.0,False
82,Elmhurst,20,146,40,21.59600456621005,21.075000000000003,0.273972602739726,2026-02,unreliable_trip_rate,0.0,0.0,1.0,0.0,False
37,Bushwick South,21,252,69,25.48664021164021,25.775,0.27380952380952384,2026-02,unreliable_trip_rate,0.0,0.0,1.0,0.0,False
74,East Harlem North,2,84,23,13.23611111111111,13.683333333333334,0.27380952380952384,2026-02,unreliable_trip_rate,0.0,0.0,1.0,0.0,False
181,Park Slope,7,168,46,30.176190476190477,28.916666666666664,0.27380952380952384,2026-02,unreliable_trip_rate,0.0,0.0,1.0,0.0,False
179,Old Astoria,21,117,32,20.967236467236464,21.233333333333334,0.27350427350427353,2026-02,unreliable_trip_rate,0.0,0.0,1.0,0.0,False
37,Bushwick South,0,267,73,23.377965043695383,23.45,0.27340823970037453,2026-02,unreliable_trip_rate,0.0,0.0,1.0,0.0,False
256,Williamsburg (South Side),6,139,38,21.837529976019184,20.666666666666668,0.2733812949640288,2026-02,unreliable_trip_rate,0.0,0.0,1.0,0.0,False
79,East Village,2,5552,1517,13.074753842459176,11.016666666666667,0.2732348703170029,2026-02,unreliable_trip_rate,0.0,0.0,0.10969020172910662,0.8903097982708934,False
230,Times Sq/Theatre District,21,9418,2573,15.048009131450414,11.608333333333334,0.2732002548311743,2026-02,unreliable_trip_rate,0.0,0.0,0.06731790188999788,0.9326820981100021,False
231,TriBeCa/Civic Center,7,931,254,17.306498388829215,15.716666666666667,0.2728249194414608,2026-02,unreliable_trip_rate,0.0,0.0,0.5327604726100966,0.4672395273899033,False
18,Bedford Park,13,55,15,48.06878787878788,40.88333333333333,0.2727272727272727,2026-02,unreliable_trip_rate,0.0,0.0,1.0,0.0,False
65,Downtown Brooklyn/MetroTech,23,187,51,20.630303030303033,19.633333333333333,0.2727272727272727,2026-02,unreliable_trip_rate,0.0,0.0,1.0,0.0,False
152,Manhattanville,1,55,15,14.839090909090908,13.85,0.2727272727272727,2026-02,unreliable_trip_rate,0.0,0.0,1.0,0.0,False
189,Prospect Heights,22,110,30,23.454545454545453,23.7,0.2727272727272727,2026-02,unreliable_trip_rate,0.0,0.0,1.0,0.0,False
209,Seaport,5,44,12,15.082575757575757,13.808333333333334,0.2727272727272727,2026-02,unreliable_trip_rate,0.0,0.0,1.0,0.0,False
216,South Ozone Park,22,77,21,24.493073593073593,23.733333333333334,0.2727272727272727,2026-02,unreliable_trip_rate,0.0,0.0,1.0,0.0,False
226,Sunnyside,22,242,66,18.90013774104683,18.666666666666668,0.2727272727272727,2026-02,unreliable_trip_rate,0.0,0.0,1.0,0.0,False
256,Williamsburg (South Side),4,187,51,15.549999999999999,15.333333333333334,0.2727272727272727,2026-02,unreliable_trip_rate,0.0,0.0,1.0,0.0,False
142,Lincoln Square East,21,7411,2021,13.256400395808033,11.55,0.27270273917150184,2026-02,unreliable_trip_rate,0.0,0.0,0.07596815544460936,0.9240318445553907,False
45,Chinatown,1,213,58,16.490297339593116,15.316666666666666,0.27230046948356806,2026-02,unreliable_trip_rate,0.0,0.0,1.0,0.0,False
36,Bushwick North,23,202,55,24.118729372937295,24.508333333333333,0.2722772277227723,2026-02,unreliable_trip_rate,0.0,0.0,1.0,0.0,False
255,Williamsburg (North Side),17,320,87,25.517083333333332,24.383333333333333,0.271875,2026-02,unreliable_trip_rate,0.0,0.0,1.0,0.0,False
198,Ridgewood,3,81,22,19.385185185185186,20.216666666666665,0.2716049382716049,2026-02,unreliable_trip_rate,0.0,0.0,1.0,0.0,False
223,Steinway,17,162,44,24.23940329218107,23.483333333333334,0.2716049382716049,2026-02,unreliable_trip_rate,0.0,0.0,1.0,0.0,False
198,Ridgewood,23,70,19,20.70904761904762,21.616666666666667,0.2714285714285714,2026-02,unreliable_trip_rate,0.0,0.0,1.0,0.0,False
258,Woodhaven,5,70,19,28.586904761904762,24.616666666666667,0.2714285714285714,2026-02,unreliable_trip_rate,0.0,0.0,1.0,0.0,False
56,Corona,8,118,32,35.63206214689265,33.78333333333333,0.2711864406779661,2026-02,unreliable_trip_rate,0.0,0.0,1.0,0.0,False
70,East Elmhurst,12,402,109,31.891956882255393,31.4,0.27114427860696516,2026-02,unreliable_trip_rate,0.0,0.0,1.0,0.0,False
33,Brooklyn Heights,19,347,94,22.284966378482228,21.166666666666668,0.27089337175792505,2026-02,unreliable_trip_rate,0.0,0.0,1.0,0.0,False
32,Bronxdale,6,48,13,40.15277777777778,40.45,0.2708333333333333,2026-02,unreliable_trip_rate,0.0,0.0,1.0,0.0,False
246,West Chelsea/Hudson Yards,18,6651,1801,16.167934646419084,13.533333333333333,0.27078634791760636,2026-02,unreliable_trip_rate,0.0,0.0,0.0723199518869343,0.9276800481130657,False
80,East Williamsburg,21,229,62,21.094905385735082,21.116666666666667,0.27074235807860264,2026-02,unreliable_trip_rate,0.0,0.0,1.0,0.0,False
70,East Elmhurst,16,351,95,36.091690408357074,34.733333333333334,0.2706552706552707,2026-02,unreliable_trip_rate,0.0,0.0,1.0,0.0,False
14,Bay Ridge,16,85,23,42.951764705882354,40.083333333333336,0.27058823529411763,2026-02,unreliable_trip_rate,0.0,0.0,1.0,0.0,False
181,Park Slope,6,85,23,32.30470588235294,28.166666666666668,0.27058823529411763,2026-02,unreliable_trip_rate,0.0,0.0,1.0,0.0,False
130,Jamaica,22,196,53,20.995408163265306,20.28333333333333,0.27040816326530615,2026-02,unreliable_trip_rate,0.0,0.0,1.0,0.0,False
83,Elmhurst/Maspeth,9,37,10,26.308108108108108,25.566666666666666,0.2702702702702703,2026-02,unreliable_trip_rate,0.0,0.0,1.0,0.0,False
91,Flatlands,21,37,10,32.32432432432432,28.3,0.2702702702702703,2026-02,unreliable_trip_rate,0.0,0.0,1.0,0.0,False
119,Highbridge,16,37,10,39.5481981981982,36.38333333333333,0.2702702702702703,2026-02,unreliable_trip_rate,0.0,0.0,1.0,0.0,False
149,Madison,7,37,10,39.843693693693695,32.36666666666667,0.2702702702702703,2026-02,unreliable_trip_rate,0.0,0.0,1.0,0.0,False
157,Maspeth,20,37,10,23.619819819819817,19.483333333333334,0.2702702702702703,2026-02,unreliable_trip_rate,0.0,0.0,1.0,0.0,False
157,Maspeth,23,37,10,17.217117117117116,18.1,0.2702702702702703,2026-02,unreliable_trip_rate,0.0,0.0,1.0,0.0,False
165,Midwood,6,37,10,53.76891891891892,52.28333333333333,0.2702702702702703,2026-02,unreliable_trip_rate,0.0,0.0,1.0,0.0,False
217,South Williamsburg,11,37,10,30.73153153153153,29.883333333333333,0.2702702702702703,2026-02,unreliable_trip_rate,0.0,0.0,1.0,0.0,False
258,Woodhaven,23,37,10,19.11756756756757,17.95,0.2702702702702703,2026-02,unreliable_trip_rate,0.0,0.0,1.0,0.0,False
87,Financial District North,7,422,114,19.648538704581355,17.7,0.27014218009478674,2026-02,unreliable_trip_rate,0.0,0.0,0.8981042654028436,0.1018957345971564,False
157,Maspeth,2,63,17,18.155820105820105,19.25,0.2698412698412698,2026-02,unreliable_trip_rate,0.0,0.0,1.0,0.0,False
92,Flushing,22,115,31,19.269855072463766,19.45,0.26956521739130435,2026-02,unreliable_trip_rate,0.0,0.0,1.0,0.0,False
162,Midtown East,20,7543,2033,13.896274691767202,12.191666666666666,0.2695214105793451,2026-02,unreliable_trip_rate,0.0,0.0,0.07066154050112687,0.9293384594988732,False
80,East Williamsburg,1,334,90,19.145459081836325,18.516666666666666,0.2694610778443114,2026-02,unreliable_trip_rate,0.0,0.0,1.0,0.0,False
10,Baisley Park,18,78,21,38.08311965811966,39.175,0.2692307692307692,2026-02,unreliable_trip_rate,0.0,0.0,1.0,0.0,False
13,Battery Park City,1,52,14,15.549358974358974,14.716666666666667,0.2692307692307692,2026-02,unreliable_trip_rate,0.0,0.0,1.0,0.0,False
66,DUMBO/Vinegar Hill,1,52,14,18.422435897435896,18.633333333333333,0.2692307692307692,2026-02,unreliable_trip_rate,0.0,0.0,1.0,0.0,False
88,Financial District South,22,676,182,17.71836785009862,17.141666666666666,0.2692307692307692,2026-02,unreliable_trip_rate,0.0,0.0,0.893491124260355,0.10650887573964497,False
122,Hollis,8,52,14,32.077564102564104,21.674999999999997,0.2692307692307692,2026-02,unreliable_trip_rate,0.0,0.0,1.0,0.0,False
189,Prospect Heights,6,52,14,25.672115384615385,23.71666666666667,0.2692307692307692,2026-02,unreliable_trip_rate,0.0,0.0,1.0,0.0,False
56,Corona,7,119,32,38.28361344537815,35.53333333333333,0.2689075630252101,2026-02,unreliable_trip_rate,0.0,0.0,1.0,0.0,False
14,Bay Ridge,19,93,25,24.55322580645161,25.466666666666665,0.26881720430107525,2026-02,unreliable_trip_rate,0.0,0.0,1.0,0.0,False
79,East Village,23,7546,2028,14.142386694937715,12.266666666666667,0.26875165650675853,2026-02,unreliable_trip_rate,0.0,0.0,0.08216273522395971,0.9178372647760403,False
244,Washington Heights South,7,655,176,23.548702290076335,22.75,0.2687022900763359,2026-02,unreliable_trip_rate,0.0,0.0,0.9526717557251908,0.04732824427480916,False
196,Rego Park,19,82,22,20.284349593495936,20.40833333333333,0.2682926829268293,2026-02,unreliable_trip_rate,0.0,0.0,1.0,0.0,False
229,Sutton Place/Turtle Bay North,5,291,78,12.648510882016037,10.333333333333334,0.26804123711340205,2026-02,unreliable_trip_rate,0.0,0.0,0.8969072164948454,0.10309278350515463,False
133,Kensington,14,56,15,34.601488095238096,29.7,0.26785714285714285,2026-02,unreliable_trip_rate,0.0,0.0,1.0,0.0,False
161,Midtown Center,22,8294,2215,13.819660798971144,11.533333333333333,0.26706052568121535,2026-02,unreliable_trip_rate,0.0,0.0,0.06269592476489028,0.9373040752351097,False
49,Clinton Hill,20,176,47,25.779166666666665,24.15,0.26704545454545453,2026-02,unreliable_trip_rate,0.0,0.0,1.0,0.0,False
116,Hamilton Heights,5,206,55,19.971278317152102,18.03333333333333,0.2669902912621359,2026-02,unreliable_trip_rate,0.0,0.0,1.0,0.0,False
25,Boerum Hill,4,75,20,20.992222222222225,20.3,0.26666666666666666,2026-02,unreliable_trip_rate,0.0,0.0,1.0,0.0,False
40,Carroll Gardens,21,75,20,22.74,22.75,0.26666666666666666,2026-02,unreliable_trip_rate,0.0,0.0,1.0,0.0,False
69,East Concourse/Concourse Village,11,75,20,43.63422222222222,40.96666666666667,0.26666666666666666,2026-02,unreliable_trip_rate,0.0,0.0,1.0,0.0,False
139,Laurelton,10,30,8,57.13055555555556,61.25833333333334,0.26666666666666666,2026-02,unreliable_trip_rate,0.0,0.0,1.0,0.0,False
225,Stuyvesant Heights,5,165,44,28.406868686868687,28.216666666666665,0.26666666666666666,2026-02,unreliable_trip_rate,0.0,0.0,1.0,0.0,False
112,Greenpoint,0,379,101,19.702462620932277,19.216666666666665,0.26649076517150394,2026-02,unreliable_trip_rate,0.0,0.0,1.0,0.0,False
209,Seaport,1,259,69,14.962870012870013,14.333333333333334,0.26640926640926643,2026-02,unreliable_trip_rate,0.0,0.0,1.0,0.0,False
161,Midtown Center,19,11165,2973,14.531041946559188,12.433333333333334,0.26627854903716974,2026-02,unreliable_trip_rate,0.0,0.0,0.054455888938647556,0.9455441110613524,False
74,East Harlem North,1,169,45,14.985305719921106,14.966666666666667,0.26627218934911245,2026-02,unreliable_trip_rate,0.0,0.0,1.0,0.0,False
66,DUMBO/Vinegar Hill,7,139,37,23.60767386091127,22.266666666666666,0.26618705035971224,2026-02,unreliable_trip_rate,0.0,0.0,1.0,0.0,False
239,Upper West Side South,17,6520,1735,13.271651329243355,10.9,0.2661042944785276,2026-02,unreliable_trip_rate,0.0,0.0,0.06088957055214724,0.9391104294478527,False
79,East Village,0,7779,2067,13.33648926597249,11.649999999999999,0.2657153875819514,2026-02,unreliable_trip_rate,0.0,0.0,0.08844324463298625,0.9115567553670137,False
80,East Williamsburg,17,192,51,27.239149305555557,24.833333333333336,0.265625,2026-02,unreliable_trip_rate,0.0,0.0,1.0,0.0,False
244,Washington Heights South,22,384,102,17.23980034722222,16.46666666666667,0.265625,2026-02,unreliable_trip_rate,0.0,0.0,1.0,0.0,False
255,Williamsburg (North Side),3,456,121,16.15018274853801,16.033333333333335,0.26535087719298245,2026-02,unreliable_trip_rate,0.0,0.0,1.0,0.0,False
12,Battery Park,12,49,13,22.26530612244898,21.866666666666667,0.2653061224489796,2026-02,unreliable_trip_rate,0.0,0.0,1.0,0.0,False
193,Queensbridge/Ravenswood,21,49,13,22.045578231292517,21.933333333333334,0.2653061224489796,2026-02,unreliable_trip_rate,0.0,0.0,1.0,0.0,False
243,Washington Heights North,4,49,13,15.785374149659864,14.616666666666667,0.2653061224489796,2026-02,unreliable_trip_rate,0.0,0.0,1.0,0.0,False
239,Upper West Side South,18,6487,1720,12.854781357586967,10.75,0.26514567596731925,2026-02,unreliable_trip_rate,0.0,0.0,0.06674888238014491,0.9332511176198551,False
106,Gowanus,22,83,22,22.190361445783132,21.633333333333333,0.26506024096385544,2026-02,unreliable_trip_rate,0.0,0.0,1.0,0.0,False
74,East Harlem North,5,317,84,15.375236593059936,13.716666666666667,0.26498422712933756,2026-02,unreliable_trip_rate,0.0,0.0,1.0,0.0,False
17,Bedford,20,185,49,24.58963963963964,24.616666666666667,0.2648648648648649,2026-02,unreliable_trip_rate,0.0,0.0,1.0,0.0,False
236,Upper East Side North,18,10953,2901,12.460065735414956,8.933333333333334,0.2648589427554095,2026-02,unreliable_trip_rate,0.0,0.0,0.04674518396786269,0.9532548160321374,False
83,Elmhurst/Maspeth,10,34,9,18.83186274509804,18.4,0.2647058823529412,2026-02,unreliable_trip_rate,0.0,0.0,1.0,0.0,False
217,South Williamsburg,12,34,9,31.803921568627448,27.96666666666667,0.2647058823529412,2026-02,unreliable_trip_rate,0.0,0.0,1.0,0.0,False
228,Sunset Park West,22,68,18,24.19044117647059,23.90833333333333,0.2647058823529412,2026-02,unreliable_trip_rate,0.0,0.0,1.0,0.0,False
13,Battery Park City,8,1092,289,18.529181929181927,17.15833333333333,0.26465201465201466,2026-02,unreliable_trip_rate,0.0,0.0,0.4542124542124542,0.5457875457875457,False
256,Williamsburg (South Side),20,352,93,23.164441287878788,22.458333333333336,0.26420454545454547,2026-02,unreliable_trip_rate,0.0,0.0,1.0,0.0,False
87,Financial District North,1,757,200,15.297930427124614,14.683333333333334,0.26420079260237783,2026-02,unreliable_trip_rate,0.0,0.0,0.7212681638044914,0.27873183619550856,False
198,Ridgewood,10,72,19,27.39351851851852,23.5,0.2638888888888889,2026-02,unreliable_trip_rate,0.0,0.0,1.0,0.0,False
17,Bedford,5,110,29,26.85772727272727,24.858333333333334,0.2636363636363636,2026-02,unreliable_trip_rate,0.0,0.0,1.0,0.0,False
255,Williamsburg (North Side),9,129,34,26.60232558139535,25.366666666666667,0.26356589147286824,2026-02,unreliable_trip_rate,0.0,0.0,1.0,0.0,False
112,Greenpoint,22,482,127,20.25484094052559,20.466666666666665,0.26348547717842324,2026-02,unreliable_trip_rate,0.0,0.0,1.0,0.0,False
49,Clinton Hill,23,167,44,20.545409181636728,20.633333333333333,0.2634730538922156,2026-02,unreliable_trip_rate,0.0,0.0,1.0,0.0,False
112,Greenpoint,19,448,118,22.458928571428572,22.15833333333333,0.26339285714285715,2026-02,unreliable_trip_rate,0.0,0.0,1.0,0.0,False
63,Cypress Hills,20,38,10,22.142105263157895,21.375,0.2631578947368421,2026-02,unreliable_trip_rate,0.0,0.0,1.0,0.0,False
191,Queens Village,18,38,10,37.30131578947368,36.358333333333334,0.2631578947368421,2026-02,unreliable_trip_rate,0.0,0.0,1.0,0.0,False
88,Financial District South,21,692,182,17.916449903660887,17.125,0.2630057803468208,2026-02,unreliable_trip_rate,0.0,0.0,0.9479768786127167,0.05202312138728324,False
148,Lower East Side,1,4424,1163,14.585107745629898,13.466666666666667,0.26288426763110306,2026-02,unreliable_trip_rate,0.0,0.0,0.1713381555153707,0.8286618444846293,False
34,Brooklyn Navy Yard,19,80,21,23.544166666666666,22.683333333333334,0.2625,2026-02,unreliable_trip_rate,0.0,0.0,1.0,0.0,False
79,East Village,6,1181,310,12.823482924075641,11.666666666666666,0.26248941574936496,2026-02,unreliable_trip_rate,0.0,0.0,0.489415749364945,0.5105842506350551,False
167,Morrisania/Melrose,10,61,16,38.456010928961746,38.0,0.26229508196721313,2026-02,unreliable_trip_rate,0.0,0.0,1.0,0.0,False
256,Williamsburg (South Side),21,389,102,21.85137103684661,21.466666666666665,0.2622107969151671,2026-02,unreliable_trip_rate,0.0,0.0,1.0,0.0,False
112,Greenpoint,7,164,43,22.75589430894309,21.674999999999997,0.2621951219512195,2026-02,unreliable_trip_rate,0.0,0.0,1.0,0.0,False
52,Cobble Hill,7,103,27,24.38090614886731,23.116666666666667,0.2621359223300971,2026-02,unreliable_trip_rate,0.0,0.0,1.0,0.0,False
179,Old Astoria,12,149,39,25.587583892617452,23.883333333333333,0.26174496644295303,2026-02,unreliable_trip_rate,0.0,0.0,1.0,0.0,False
97,Fort Greene,0,214,56,20.334345794392526,20.208333333333332,0.2616822429906542,2026-02,unreliable_trip_rate,0.0,0.0,1.0,0.0,False
130,Jamaica,23,279,73,19.72270011947431,19.166666666666668,0.2616487455197133,2026-02,unreliable_trip_rate,0.0,0.0,1.0,0.0,False
129,Jackson Heights,23,176,46,17.45596590909091,17.608333333333334,0.26136363636363635,2026-02,unreliable_trip_rate,0.0,0.0,1.0,0.0,False
188,Prospect-Lefferts Gardens,21,111,29,28.286786786786788,27.083333333333332,0.26126126126126126,2026-02,unreliable_trip_rate,0.0,0.0,1.0,0.0,False
40,Carroll Gardens,8,134,35,26.644278606965177,26.816666666666666,0.26119402985074625,2026-02,unreliable_trip_rate,0.0,0.0,1.0,0.0,False
40,Carroll Gardens,16,46,12,24.50108695652174,23.233333333333334,0.2608695652173913,2026-02,unreliable_trip_rate,0.0,0.0,1.0,0.0,False
41,Central Harlem,3,92,24,13.632971014492753,13.525,0.2608695652173913,2026-02,unreliable_trip_rate,0.0,0.0,1.0,0.0,False
117,Hammels/Arverne,5,46,12,73.99528985507246,73.35,0.2608695652173913,2026-02,unreliable_trip_rate,0.0,0.0,1.0,0.0,False
122,Hollis,5,46,12,25.084782608695654,21.691666666666666,0.2608695652173913,2026-02,unreliable_trip_rate,0.0,0.0,1.0,0.0,False
255,Williamsburg (North Side),23,794,207,20.44246431570109,20.133333333333333,0.2607052896725441,2026-02,unreliable_trip_rate,0.0,0.0,1.0,0.0,False
256,Williamsburg (South Side),5,96,25,20.474305555555556,17.35,0.2604166666666667,2026-02,unreliable_trip_rate,0.0,0.0,1.0,0.0,False
88,Financial District South,7,146,38,21.142694063926943,19.958333333333336,0.2602739726027397,2026-02,unreliable_trip_rate,0.0,0.0,1.0,0.0,False
129,Jackson Heights,5,146,38,16.562899543378997,17.03333333333333,0.2602739726027397,2026-02,unreliable_trip_rate,0.0,0.0,1.0,0.0,False
13,Battery Park City,7,669,174,19.072496263079223,18.3,0.2600896860986547,2026-02,unreliable_trip_rate,0.0,0.0,0.5411061285500748,0.4588938714499253,False
160,Middle Village,6,50,13,27.51,24.083333333333336,0.26,2026-02,unreliable_trip_rate,0.0,0.0,1.0,0.0,False
226,Sunnyside,23,254,66,19.10564304461942,18.84166666666667,0.25984251968503935,2026-02,unreliable_trip_rate,0.0,0.0,1.0,0.0,False
45,Chinatown,4,77,20,16.725541125541124,16.2,0.2597402597402597,2026-02,unreliable_trip_rate,0.0,0.0,1.0,0.0,False
7,Astoria,5,181,47,20.258563535911602,19.233333333333334,0.2596685082872928,2026-02,unreliable_trip_rate,0.0,0.0,1.0,0.0,False
74,East Harlem North,4,158,41,15.173206751054853,14.608333333333334,0.25949367088607594,2026-02,unreliable_trip_rate,0.0,0.0,1.0,0.0,False
37,Bushwick South,2,320,83,21.52947916666667,21.133333333333333,0.259375,2026-02,unreliable_trip_rate,0.0,0.0,1.0,0.0,False
86,Far Rockaway,14,54,14,73.8851851851852,78.73333333333333,0.25925925925925924,2026-02,unreliable_trip_rate,0.0,0.0,1.0,0.0,False
193,Queensbridge/Ravenswood,22,54,14,22.28333333333333,22.4,0.25925925925925924,2026-02,unreliable_trip_rate,0.0,0.0,1.0,0.0,False
65,Downtown Brooklyn/MetroTech,1,85,22,19.48980392156863,18.566666666666666,0.25882352941176473,2026-02,unreliable_trip_rate,0.0,0.0,1.0,0.0,False
92,Flushing,18,85,22,23.136666666666667,21.183333333333334,0.25882352941176473,2026-02,unreliable_trip_rate,0.0,0.0,1.0,0.0,False
146,Long Island City/Queens Plaza,23,143,37,19.613752913752915,19.316666666666666,0.25874125874125875,2026-02,unreliable_trip_rate,0.0,0.0,1.0,0.0,False
66,DUMBO/Vinegar Hill,6,58,15,20.474137931034484,20.700000000000003,0.25862068965517243,2026-02,unreliable_trip_rate,0.0,0.0,1.0,0.0,False
127,Inwood,10,58,15,28.035919540229884,24.933333333333334,0.25862068965517243,2026-02,unreliable_trip_rate,0.0,0.0,1.0,0.0,False
127,Inwood,21,58,15,18.12672413793103,17.53333333333333,0.25862068965517243,2026-02,unreliable_trip_rate,0.0,0.0,1.0,0.0,False
36,Bushwick North,3,240,62,19.74736111111111,20.441666666666666,0.25833333333333336,2026-02,unreliable_trip_rate,0.0,0.0,1.0,0.0,False
67,Dyker Heights,6,31,8,33.020430107526884,28.266666666666666,0.25806451612903225,2026-02,unreliable_trip_rate,0.0,0.0,1.0,0.0,False
173,North Corona,22,31,8,18.64462365591398,17.95,0.25806451612903225,2026-02,unreliable_trip_rate,0.0,0.0,1.0,0.0,False
209,Seaport,6,62,16,17.002688172043012,15.958333333333332,0.25806451612903225,2026-02,unreliable_trip_rate,0.0,0.0,1.0,0.0,False
241,Van Cortlandt Village,23,31,8,19.273655913978494,16.25,0.25806451612903225,2026-02,unreliable_trip_rate,0.0,0.0,1.0,0.0,False
79,East Village,1,7291,1881,13.103312302839116,11.533333333333333,0.25798930187902896,2026-02,unreliable_trip_rate,0.0,0.0,0.0881909203127143,0.9118090796872856,False
25,Boerum Hill,6,132,34,24.92310606060606,23.741666666666667,0.25757575757575757,2026-02,unreliable_trip_rate,0.0,0.0,1.0,0.0,False
179,Old Astoria,10,171,44,27.61656920077973,27.116666666666667,0.2573099415204678,2026-02,unreliable_trip_rate,0.0,0.0,1.0,0.0,False
149,Madison,10,35,9,34.77,32.31666666666667,0.2571428571428571,2026-02,unreliable_trip_rate,0.0,0.0,1.0,0.0,False
70,East Elmhurst,20,397,102,23.81326616288833,22.8,0.25692695214105793,2026-02,unreliable_trip_rate,0.0,0.0,1.0,0.0,False
86,Far Rockaway,10,74,19,73.36824324324324,75.3,0.25675675675675674,2026-02,unreliable_trip_rate,0.0,0.0,1.0,0.0,False
238,Upper West Side North,6,1348,346,13.967185954500493,12.233333333333333,0.25667655786350146,2026-02,unreliable_trip_rate,0.0,0.0,0.36350148367952523,0.6364985163204748,False
78,East Tremont,12,39,10,38.69102564102564,41.18333333333333,0.2564102564102564,2026-02,unreliable_trip_rate,0.0,0.0,1.0,0.0,False
85,Erasmus,21,39,10,30.095299145299148,30.566666666666666,0.2564102564102564,2026-02,unreliable_trip_rate,0.0,0.0,1.0,0.0,False
196,Rego Park,23,39,10,18.781196581196582,18.716666666666665,0.2564102564102564,2026-02,unreliable_trip_rate,0.0,0.0,1.0,0.0,False
223,Steinway,5,39,10,19.632051282051282,19.0,0.2564102564102564,2026-02,unreliable_trip_rate,0.0,0.0,1.0,0.0,False
145,Long Island City/Hunters Point,22,449,115,19.845545657015588,19.7,0.2561247216035635,2026-02,unreliable_trip_rate,0.0,0.0,1.0,0.0,False
56,Corona,6,82,21,30.10528455284553,29.575,0.25609756097560976,2026-02,unreliable_trip_rate,0.0,0.0,1.0,0.0,False
24,Bloomingdale,5,125,32,14.792133333333334,14.316666666666666,0.256,2026-02,unreliable_trip_rate,0.0,0.0,1.0,0.0,False
70,East Elmhurst,0,254,65,19.853477690288717,18.75,0.2559055118110236,2026-02,unreliable_trip_rate,0.0,0.0,1.0,0.0,False
157,Maspeth,12,43,11,20.07170542635659,19.266666666666666,0.2558139534883721,2026-02,unreliable_trip_rate,0.0,0.0,1.0,0.0,False
195,Red Hook,18,86,22,28.93720930232558,28.7,0.2558139534883721,2026-02,unreliable_trip_rate,0.0,0.0,1.0,0.0,False
217,South Williamsburg,10,43,11,30.59457364341085,30.766666666666666,0.2558139534883721,2026-02,unreliable_trip_rate,0.0,0.0,1.0,0.0,False
243,Washington Heights North,2,43,11,15.051162790697676,14.866666666666667,0.2558139534883721,2026-02,unreliable_trip_rate,0.0,0.0,1.0,0.0,False
85,Erasmus,19,90,23,27.740370370370368,25.966666666666665,0.25555555555555554,2026-02,unreliable_trip_rate,0.0,0.0,1.0,0.0,False
88,Financial District South,6,90,23,16.025185185185187,15.783333333333335,0.25555555555555554,2026-02,unreliable_trip_rate,0.0,0.0,1.0,0.0,False
133,Kensington,12,47,12,34.791489361702126,30.0,0.2553191489361702,2026-02,unreliable_trip_rate,0.0,0.0,1.0,0.0,False
37,Bushwick South,1,294,75,22.925963718820864,22.816666666666666,0.25510204081632654,2026-02,unreliable_trip_rate,0.0,0.0,1.0,0.0,False
91,Flatlands,20,51,13,26.055228758169932,27.15,0.2549019607843137,2026-02,unreliable_trip_rate,0.0,0.0,1.0,0.0,False
223,Steinway,6,102,26,24.7718954248366,23.25,0.2549019607843137,2026-02,unreliable_trip_rate,0.0,0.0,1.0,0.0,False
223,Steinway,22,157,40,18.5807855626327,18.616666666666667,0.25477707006369427,2026-02,unreliable_trip_rate,0.0,0.0,1.0,0.0,False
225,Stuyvesant Heights,23,173,44,26.204238921001924,26.8,0.2543352601156069,2026-02,unreliable_trip_rate,0.0,0.0,1.0,0.0,False
49,Clinton Hill,5,59,15,23.09124293785311,20.65,0.2542372881355932,2026-02,unreliable_trip_rate,0.0,0.0,1.0,0.0,False
25,Boerum Hill,5,67,17,24.273631840796018,20.483333333333334,0.2537313432835821,2026-02,unreliable_trip_rate,0.0,0.0,1.0,0.0,False
155,Marine Park/Mill Basin,14,67,17,33.1455223880597,30.066666666666666,0.2537313432835821,2026-02,unreliable_trip_rate,0.0,0.0,1.0,0.0,False
112,Greenpoint,21,343,87,20.084839650145774,20.066666666666666,0.2536443148688047,2026-02,unreliable_trip_rate,0.0,0.0,1.0,0.0,False
226,Sunnyside,6,379,96,20.203781882146,18.883333333333333,0.2532981530343008,2026-02,unreliable_trip_rate,0.0,0.0,1.0,0.0,False
25,Boerum Hill,3,95,24,21.138947368421054,20.1,0.25263157894736843,2026-02,unreliable_trip_rate,0.0,0.0,1.0,0.0,False
263,Yorkville West,5,677,171,12.295051698670605,10.583333333333334,0.25258493353028066,2026-02,unreliable_trip_rate,0.0,0.0,0.6735598227474151,0.32644017725258495,False
225,Stuyvesant Heights,0,123,31,26.396205962059618,26.633333333333333,0.25203252032520324,2026-02,unreliable_trip_rate,0.0,0.0,1.0,0.0,False
243,Washington Heights North,22,155,39,19.461075268817204,18.4,0.25161290322580643,2026-02,unreliable_trip_rate,0.0,0.0,1.0,0.0,False
140,Lenox Hill East,5,342,86,12.487280701754385,10.641666666666666,0.25146198830409355,2026-02,unreliable_trip_rate,0.0,0.0,0.8947368421052632,0.10526315789473684,False
255,Williamsburg (North Side),15,171,43,27.582456140350878,25.75,0.25146198830409355,2026-02,unreliable_trip_rate,0.0,0.0,1.0,0.0,False
142,Lincoln Square East,22,7775,1950,14.115209003215433,11.725,0.2508038585209003,2026-02,unreliable_trip_rate,0.0,0.0,0.07048231511254019,0.9295176848874598,False
255,Williamsburg (North Side),0,818,205,19.24985737571312,19.241666666666667,0.2506112469437653,2026-02,unreliable_trip_rate,0.0,0.0,0.9156479217603912,0.0843520782396088,False
26,Borough Park,23,36,9,14.881944444444445,15.258333333333333,0.25,2026-02,unreliable_trip_rate,0.0,0.0,1.0,0.0,False
33,Brooklyn Heights,1,56,14,17.91785714285714,17.708333333333332,0.25,2026-02,unreliable_trip_rate,0.0,0.0,1.0,0.0,False
52,Cobble Hill,23,64,16,20.227864583333332,19.358333333333334,0.25,2026-02,unreliable_trip_rate,0.0,0.0,1.0,0.0,False
65,Downtown Brooklyn/MetroTech,2,40,10,15.7025,16.166666666666664,0.25,2026-02,unreliable_trip_rate,0.0,0.0,1.0,0.0,False
97,Fort Greene,4,44,11,18.0,18.358333333333334,0.25,2026-02,unreliable_trip_rate,0.0,0.0,1.0,0.0,False
157,Maspeth,3,164,41,17.509959349593494,17.53333333333333,0.25,2026-02,unreliable_trip_rate,0.0,0.0,1.0,0.0,False
189,Prospect Heights,20,100,25,24.823,24.891666666666666,0.25,2026-02,unreliable_trip_rate,0.0,0.0,1.0,0.0,False
193,Queensbridge/Ravenswood,13,84,21,26.40376984126984,27.575,0.25,2026-02,unreliable_trip_rate,0.0,0.0,1.0,0.0,False
215,South Jamaica,20,52,13,28.040384615384614,28.15833333333333,0.25,2026-02,unreliable_trip_rate,0.0,0.0,1.0,0.0,False
226,Sunnyside,0,188,47,18.78510638297872,18.941666666666666,0.25,2026-02,unreliable_trip_rate,0.0,0.0,1.0,0.0,False
243,Washington Heights North,14,176,44,28.941477272727273,25.933333333333334,0.25,2026-02,unreliable_trip_rate,0.0,0.0,1.0,0.0,False
255,Williamsburg (North Side),2,584,146,18.38056506849315,18.233333333333334,0.25,2026-02,unreliable_trip_rate,0.0,0.0,0.9486301369863014,0.05136986301369863,False
255,Williamsburg (North Side),7,92,23,23.569565217391304,22.299999999999997,0.25,2026-02,unreliable_trip_rate,0.0,0.0,1.0,0.0,False
255,Williamsburg (North Side),20,401,100,22.208977556109723,21.883333333333333,0.24937655860349128,2026-02,unreliable_trip_rate,0.0,0.0,1.0,0.0,False
255,Williamsburg (North Side),1,736,183,18.367866847826086,18.491666666666667,0.24864130434782608,2026-02,unreliable_trip_rate,0.0,0.0,0.9497282608695652,0.050271739130434784,False
70,East Elmhurst,18,310,77,29.377043010752686,28.458333333333336,0.24838709677419354,2026-02,unreliable_trip_rate,0.0,0.0,1.0,0.0,False
36,Bushwick North,0,238,59,22.46470588235294,22.9,0.24789915966386555,2026-02,unreliable_trip_rate,0.0,0.0,1.0,0.0,False
87,Financial District North,5,210,52,15.88420634920635,14.0,0.24761904761904763,2026-02,unreliable_trip_rate,0.0,0.0,1.0,0.0,False
87,Financial District North,6,336,83,16.487946428571426,15.566666666666666,0.24702380952380953,2026-02,unreliable_trip_rate,0.0,0.0,0.9017857142857143,0.09821428571428571,False
162,Midtown East,5,490,121,11.830102040816326,8.633333333333333,0.24693877551020407,2026-02,unreliable_trip_rate,0.0,0.0,0.7,0.3,False
244,Washington Heights South,5,162,40,19.743930041152264,18.21666666666667,0.24691358024691357,2026-02,unreliable_trip_rate,0.0,0.0,1.0,0.0,False
37,Bushwick South,3,316,78,20.80617088607595,21.325000000000003,0.2468354430379747,2026-02,unreliable_trip_rate,0.0,0.0,1.0,0.0,False
17,Bedford,4,77,19,24.292640692640692,23.233333333333334,0.24675324675324675,2026-02,unreliable_trip_rate,0.0,0.0,1.0,0.0,False
198,Ridgewood,14,69,17,28.955555555555556,28.15,0.2463768115942029,2026-02,unreliable_trip_rate,0.0,0.0,1.0,0.0,False
218,Springfield Gardens North,5,65,16,57.14,61.15,0.24615384615384617,2026-02,unreliable_trip_rate,0.0,0.0,1.0,0.0,False
157,Maspeth,5,228,56,18.01703216374269,18.6,0.24561403508771928,2026-02,unreliable_trip_rate,0.0,0.0,1.0,0.0,False
37,Bushwick South,22,269,66,25.19392812887237,25.816666666666666,0.24535315985130113,2026-02,unreliable_trip_rate,0.0,0.0,1.0,0.0,False
158,Meatpacking/West Village West,6,265,65,14.180817610062892,12.333333333333334,0.24528301886792453,2026-02,unreliable_trip_rate,0.0,0.0,0.8603773584905661,0.13962264150943396,False
116,Hamilton Heights,6,347,85,20.84111431316042,19.633333333333333,0.24495677233429394,2026-02,unreliable_trip_rate,0.0,0.0,1.0,0.0,False
61,Crown Heights North,1,90,22,23.449814814814818,24.641666666666666,0.24444444444444444,2026-02,unreliable_trip_rate,0.0,0.0,1.0,0.0,False
160,Middle Village,17,41,10,24.627642276422765,22.966666666666665,0.24390243902439024,2026-02,unreliable_trip_rate,0.0,0.0,1.0,0.0,False
36,Bushwick North,4,230,56,19.729927536231884,20.308333333333334,0.24347826086956523,2026-02,unreliable_trip_rate,0.0,0.0,1.0,0.0,False
161,Midtown Center,21,11222,2730,14.088877502524802,12.383333333333333,0.24327214400285155,2026-02,unreliable_trip_rate,0.0,0.0,0.051505970415255745,0.9484940295847443,False
28,Briarwood/Jamaica Hills,22,37,9,19.11216216216216,18.733333333333334,0.24324324324324326,2026-02,unreliable_trip_rate,0.0,0.0,1.0,0.0,False
36,Bushwick North,22,185,45,24.09369369369369,24.55,0.24324324324324326,2026-02,unreliable_trip_rate,0.0,0.0,1.0,0.0,False
92,Flushing,4,37,9,14.547747747747747,15.083333333333334,0.24324324324324326,2026-02,unreliable_trip_rate,0.0,0.0,1.0,0.0,False
49,Clinton Hill,0,107,26,20.340031152647974,21.016666666666666,0.24299065420560748,2026-02,unreliable_trip_rate,0.0,0.0,1.0,0.0,False
63,Cypress Hills,21,33,8,22.64949494949495,22.9,0.24242424242424243,2026-02,unreliable_trip_rate,0.0,0.0,1.0,0.0,False
179,Old Astoria,5,66,16,19.23181818181818,18.458333333333332,0.24242424242424243,2026-02,unreliable_trip_rate,0.0,0.0,1.0,0.0,False
195,Red Hook,6,33,8,27.73787878787879,23.7,0.24242424242424243,2026-02,unreliable_trip_rate,0.0,0.0,1.0,0.0,False
195,Red Hook,8,132,32,31.169570707070704,30.066666666666666,0.24242424242424243,2026-02,unreliable_trip_rate,0.0,0.0,1.0,0.0,False
227,Sunset Park East,10,33,8,33.80707070707071,34.733333333333334,0.24242424242424243,2026-02,unreliable_trip_rate,0.0,0.0,1.0,0.0,False
243,Washington Heights North,23,157,38,17.110615711252656,16.233333333333334,0.24203821656050956,2026-02,unreliable_trip_rate,0.0,0.0,1.0,0.0,False
33,Brooklyn Heights,23,215,52,18.876511627906975,19.25,0.24186046511627907,2026-02,unreliable_trip_rate,0.0,0.0,1.0,0.0,False
244,Washington Heights South,4,120,29,16.388472222222223,15.341666666666667,0.24166666666666667,2026-02,unreliable_trip_rate,0.0,0.0,1.0,0.0,False
87,Financial District North,8,654,158,20.399388379204893,19.35,0.2415902140672783,2026-02,unreliable_trip_rate,0.0,0.0,0.6697247706422018,0.3302752293577982,False
12,Battery Park,14,58,14,25.21206896551724,23.691666666666666,0.2413793103448276,2026-02,unreliable_trip_rate,0.0,0.0,1.0,0.0,False
230,Times Sq/Theatre District,6,837,202,15.950019912385503,11.616666666666667,0.24133811230585425,2026-02,unreliable_trip_rate,0.0,0.0,0.45997610513739545,0.5400238948626045,False
40,Carroll Gardens,23,83,20,19.87008032128514,19.666666666666668,0.24096385542168675,2026-02,unreliable_trip_rate,0.0,0.0,1.0,0.0,False
224,Stuy Town/Peter Cooper Village,5,191,46,13.420069808027922,11.516666666666667,0.24083769633507854,2026-02,unreliable_trip_rate,0.0,0.0,1.0,0.0,False
161,Midtown Center,20,11548,2779,14.35735913866759,12.525,0.24064773120886734,2026-02,unreliable_trip_rate,0.0,0.0,0.04927260131624524,0.9507273986837548,False
243,Washington Heights North,1,50,12,18.008333333333333,17.483333333333334,0.24,2026-02,unreliable_trip_rate,0.0,0.0,1.0,0.0,False
244,Washington Heights South,6,405,97,21.442057613168725,20.733333333333334,0.23950617283950618,2026-02,unreliable_trip_rate,0.0,0.0,1.0,0.0,False
146,Long Island City/Queens Plaza,2,46,11,15.270652173913044,16.866666666666667,0.2391304347826087,2026-02,unreliable_trip_rate,0.0,0.0,1.0,0.0,False
146,Long Island City/Queens Plaza,3,46,11,13.944927536231885,12.866666666666667,0.2391304347826087,2026-02,unreliable_trip_rate,0.0,0.0,1.0,0.0,False
106,Gowanus,18,113,27,24.246165191740413,24.55,0.23893805309734514,2026-02,unreliable_trip_rate,0.0,0.0,1.0,0.0,False
152,Manhattanville,5,67,16,18.006467661691545,16.816666666666666,0.23880597014925373,2026-02,unreliable_trip_rate,0.0,0.0,1.0,0.0,False
88,Financial District South,0,541,129,16.669839802834257,15.916666666666666,0.23844731977818853,2026-02,unreliable_trip_rate,0.0,0.0,0.9149722735674677,0.08502772643253234,False
36,Bushwick North,5,126,30,20.59722222222222,20.258333333333333,0.23809523809523808,2026-02,unreliable_trip_rate,0.0,0.0,1.0,0.0,False
159,Melrose South,19,84,20,22.677380952380954,21.174999999999997,0.23809523809523808,2026-02,unreliable_trip_rate,0.0,0.0,1.0,0.0,False
168,Mott Haven/Port Morris,0,84,20,15.345833333333333,14.791666666666668,0.23809523809523808,2026-02,unreliable_trip_rate,0.0,0.0,1.0,0.0,False
181,Park Slope,0,231,55,22.128932178932182,22.35,0.23809523809523808,2026-02,unreliable_trip_rate,0.0,0.0,1.0,0.0,False
112,Greenpoint,3,143,34,17.04020979020979,17.233333333333334,0.23776223776223776,2026-02,unreliable_trip_rate,0.0,0.0,1.0,0.0,False
243,Washington Heights North,6,198,47,24.884343434343435,23.03333333333333,0.23737373737373738,2026-02,unreliable_trip_rate,0.0,0.0,1.0,0.0,False
215,South Jamaica,16,59,14,34.237570621468926,35.18333333333333,0.23728813559322035,2026-02,unreliable_trip_rate,0.0,0.0,1.0,0.0,False
80,East Williamsburg,3,329,78,19.45982776089159,19.416666666666668,0.23708206686930092,2026-02,unreliable_trip_rate,0.0,0.0,1.0,0.0,False
17,Bedford,1,76,18,20.25526315789474,20.175,0.23684210526315788,2026-02,unreliable_trip_rate,0.0,0.0,1.0,0.0,False
60,Crotona Park East,10,38,9,38.32061403508772,36.88333333333333,0.23684210526315788,2026-02,unreliable_trip_rate,0.0,0.0,1.0,0.0,False
66,DUMBO/Vinegar Hill,20,266,63,21.83984962406015,21.2,0.23684210526315788,2026-02,unreliable_trip_rate,0.0,0.0,1.0,0.0,False
71,East Flatbush/Farragut,22,38,9,23.974561403508773,22.566666666666666,0.23684210526315788,2026-02,unreliable_trip_rate,0.0,0.0,1.0,0.0,False
195,Red Hook,9,114,27,33.54137426900585,32.05833333333333,0.23684210526315788,2026-02,unreliable_trip_rate,0.0,0.0,1.0,0.0,False
247,West Concourse,23,38,9,16.537719298245612,14.583333333333332,0.23684210526315788,2026-02,unreliable_trip_rate,0.0,0.0,1.0,0.0,False
157,Maspeth,4,229,54,18.591921397379913,18.633333333333333,0.23580786026200873,2026-02,unreliable_trip_rate,0.0,0.0,1.0,0.0,False
7,Astoria,1,221,52,17.405203619909503,18.183333333333334,0.23529411764705882,2026-02,unreliable_trip_rate,0.0,0.0,1.0,0.0,False
228,Sunset Park West,4,51,12,19.480718954248367,20.566666666666666,0.23529411764705882,2026-02,unreliable_trip_rate,0.0,0.0,1.0,0.0,False
260,Woodside,5,68,16,17.814950980392158,16.683333333333334,0.23529411764705882,2026-02,unreliable_trip_rate,0.0,0.0,1.0,0.0,False
87,Financial District North,3,183,43,15.125865209471767,15.316666666666666,0.23497267759562843,2026-02,unreliable_trip_rate,0.0,0.0,1.0,0.0,False
198,Ridgewood,20,64,15,23.06796875,23.008333333333333,0.234375,2026-02,unreliable_trip_rate,0.0,0.0,1.0,0.0,False
195,Red Hook,19,77,18,26.26839826839827,25.733333333333334,0.23376623376623376,2026-02,unreliable_trip_rate,0.0,0.0,1.0,0.0,False
223,Steinway,4,60,14,17.86138888888889,17.641666666666666,0.23333333333333334,2026-02,unreliable_trip_rate,0.0,0.0,1.0,0.0,False
257,Windsor Terrace,13,30,7,27.511111111111113,27.375,0.23333333333333334,2026-02,unreliable_trip_rate,0.0,0.0,1.0,0.0,False
66,DUMBO/Vinegar Hill,22,283,66,21.19399293286219,21.083333333333332,0.2332155477031802,2026-02,unreliable_trip_rate,0.0,0.0,1.0,0.0,False
179,Old Astoria,6,206,48,23.698867313915855,22.025,0.23300970873786409,2026-02,unreliable_trip_rate,0.0,0.0,1.0,0.0,False
10,Baisley Park,14,73,17,38.54817351598174,41.3,0.2328767123287671,2026-02,unreliable_trip_rate,0.0,0.0,1.0,0.0,False
138,LaGuardia Airport,17,4983,1159,33.807338283497224,31.583333333333332,0.23259080874974913,2026-02,unreliable_trip_rate,0.0,0.0,0.27593818984547464,0.7240618101545254,False
92,Flushing,10,43,10,51.516666666666666,50.75,0.23255813953488372,2026-02,unreliable_trip_rate,0.0,0.0,1.0,0.0,False
145,Long Island City/Hunters Point,23,413,96,20.005690072639226,20.0,0.2324455205811138,2026-02,unreliable_trip_rate,0.0,0.0,1.0,0.0,False
256,Williamsburg (South Side),10,138,32,27.026932367149758,27.71666666666667,0.2318840579710145,2026-02,unreliable_trip_rate,0.0,0.0,1.0,0.0,False
145,Long Island City/Hunters Point,0,393,91,19.57459711620017,19.566666666666666,0.23155216284987276,2026-02,unreliable_trip_rate,0.0,0.0,1.0,0.0,False
70,East Elmhurst,19,333,77,25.46226226226226,23.95,0.23123123123123124,2026-02,unreliable_trip_rate,0.0,0.0,1.0,0.0,False
83,Elmhurst/Maspeth,7,65,15,28.462307692307693,29.183333333333334,0.23076923076923078,2026-02,unreliable_trip_rate,0.0,0.0,1.0,0.0,False
36,Bushwick North,6,113,26,25.447197640117995,25.2,0.23008849557522124,2026-02,unreliable_trip_rate,0.0,0.0,1.0,0.0,False
52,Cobble Hill,21,74,17,20.55337837837838,20.233333333333334,0.22972972972972974,2026-02,unreliable_trip_rate,0.0,0.0,1.0,0.0,False
112,Greenpoint,2,183,42,17.389253187613843,17.133333333333333,0.22950819672131148,2026-02,unreliable_trip_rate,0.0,0.0,1.0,0.0,False
138,LaGuardia Airport,16,4982,1143,35.35882844908336,33.175,0.22942593336009634,2026-02,unreliable_trip_rate,0.0,0.0,0.27157767964672824,0.7284223203532718,False
247,West Concourse,22,48,11,18.518055555555556,15.774999999999999,0.22916666666666666,2026-02,unreliable_trip_rate,0.0,0.0,1.0,0.0,False
132,JFK Airport,11,3079,704,41.422750893147125,42.21666666666667,0.22864566417668075,2026-02,unreliable_trip_rate,0.0,0.0,0.6427411497239364,0.35725885027606363,False
14,Bay Ridge,3,35,8,43.62809523809524,48.65,0.22857142857142856,2026-02,unreliable_trip_rate,0.0,0.0,1.0,0.0,False
52,Cobble Hill,17,92,21,26.960869565217394,26.391666666666666,0.22826086956521738,2026-02,unreliable_trip_rate,0.0,0.0,1.0,0.0,False
88,Financial District South,1,338,77,15.399802761341222,14.908333333333333,0.22781065088757396,2026-02,unreliable_trip_rate,0.0,0.0,1.0,0.0,False
181,Park Slope,4,44,10,18.090530303030302,19.15,0.22727272727272727,2026-02,unreliable_trip_rate,0.0,0.0,1.0,0.0,False
216,South Ozone Park,0,66,15,19.06767676767677,19.141666666666666,0.22727272727272727,2026-02,unreliable_trip_rate,0.0,0.0,1.0,0.0,False
36,Bushwick North,21,128,29,23.709895833333334,24.541666666666664,0.2265625,2026-02,unreliable_trip_rate,0.0,0.0,1.0,0.0,False
145,Long Island City/Hunters Point,1,243,55,18.001508916323733,17.633333333333333,0.22633744855967078,2026-02,unreliable_trip_rate,0.0,0.0,1.0,0.0,False
80,East Williamsburg,4,283,64,18.542873969375737,19.483333333333334,0.22614840989399293,2026-02,unreliable_trip_rate,0.0,0.0,1.0,0.0,False
22,Bensonhurst West,16,31,7,28.228494623655912,20.683333333333334,0.22580645161290322,2026-02,unreliable_trip_rate,0.0,0.0,1.0,0.0,False
51,Co-Op City,22,31,7,21.748924731182797,19.95,0.22580645161290322,2026-02,unreliable_trip_rate,0.0,0.0,1.0,0.0,False
177,Ocean Hill,1,31,7,23.561290322580643,24.933333333333334,0.22580645161290322,2026-02,unreliable_trip_rate,0.0,0.0,1.0,0.0,False
202,Roosevelt Island,18,31,7,33.62634408602151,29.616666666666667,0.22580645161290322,2026-02,unreliable_trip_rate,0.0,0.0,1.0,0.0,False
88,Financial District South,2,173,39,16.219075144508672,15.333333333333334,0.2254335260115607,2026-02,unreliable_trip_rate,0.0,0.0,1.0,0.0,False
13,Battery Park City,5,120,27,16.73125,15.291666666666668,0.225,2026-02,unreliable_trip_rate,0.0,0.0,1.0,0.0,False
40,Carroll Gardens,10,58,13,23.76609195402299,22.191666666666666,0.22413793103448276,2026-02,unreliable_trip_rate,0.0,0.0,1.0,0.0,False
70,East Elmhurst,23,384,86,21.224045138888886,20.291666666666668,0.22395833333333334,2026-02,unreliable_trip_rate,0.0,0.0,1.0,0.0,False
25,Boerum Hill,1,130,29,20.65974358974359,20.741666666666667,0.2230769230769231,2026-02,unreliable_trip_rate,0.0,0.0,1.0,0.0,False
146,Long Island City/Queens Plaza,6,148,33,17.644256756756757,17.833333333333332,0.22297297297297297,2026-02,unreliable_trip_rate,0.0,0.0,1.0,0.0,False
17,Bedford,3,36,8,20.333333333333332,20.183333333333334,0.2222222222222222,2026-02,unreliable_trip_rate,0.0,0.0,1.0,0.0,False
33,Brooklyn Heights,6,81,18,22.536213991769547,21.45,0.2222222222222222,2026-02,unreliable_trip_rate,0.0,0.0,1.0,0.0,False
34,Brooklyn Navy Yard,22,36,8,21.09027777777778,20.741666666666667,0.2222222222222222,2026-02,unreliable_trip_rate,0.0,0.0,1.0,0.0,False
62,Crown Heights South,0,36,8,22.850925925925925,23.75,0.2222222222222222,2026-02,unreliable_trip_rate,0.0,0.0,1.0,0.0,False
196,Rego Park,21,54,12,17.614197530864196,17.108333333333334,0.2222222222222222,2026-02,unreliable_trip_rate,0.0,0.0,1.0,0.0,False
261,World Trade Center,5,63,14,14.838095238095237,13.25,0.2222222222222222,2026-02,unreliable_trip_rate,0.0,0.0,1.0,0.0,False
70,East Elmhurst,14,425,94,33.95498039215686,33.05,0.2211764705882353,2026-02,unreliable_trip_rate,0.0,0.0,0.9270588235294117,0.07294117647058823,False
255,Williamsburg (North Side),12,104,23,23.10544871794872,21.933333333333334,0.22115384615384615,2026-02,unreliable_trip_rate,0.0,0.0,1.0,0.0,False
255,Williamsburg (North Side),16,199,44,26.44857621440536,25.933333333333334,0.22110552763819097,2026-02,unreliable_trip_rate,0.0,0.0,1.0,0.0,False
7,Astoria,6,435,96,22.312107279693485,21.266666666666666,0.2206896551724138,2026-02,unreliable_trip_rate,0.0,0.0,1.0,0.0,False
36,Bushwick North,14,109,24,33.05810397553517,30.4,0.22018348623853212,2026-02,unreliable_trip_rate,0.0,0.0,1.0,0.0,False
195,Red Hook,20,50,11,27.75133333333333,25.358333333333334,0.22,2026-02,unreliable_trip_rate,0.0,0.0,1.0,0.0,False
145,Long Island City/Hunters Point,4,260,57,17.327435897435898,17.733333333333334,0.21923076923076923,2026-02,unreliable_trip_rate,0.0,0.0,1.0,0.0,False
155,Marine Park/Mill Basin,22,32,7,19.575520833333332,18.066666666666666,0.21875,2026-02,unreliable_trip_rate,0.0,0.0,1.0,0.0,False
208,Schuylerville/Edgewater Park,6,64,14,37.225260416666664,38.900000000000006,0.21875,2026-02,unreliable_trip_rate,0.0,0.0,1.0,0.0,False
244,Washington Heights South,3,55,12,12.823636363636362,12.783333333333333,0.21818181818181817,2026-02,unreliable_trip_rate,0.0,0.0,1.0,0.0,False
138,LaGuardia Airport,1,601,131,19.82728785357737,19.283333333333335,0.21797004991680533,2026-02,unreliable_trip_rate,0.0,0.0,1.0,0.0,False
138,LaGuardia Airport,9,2808,610,38.557092830009495,37.85,0.21723646723646722,2026-02,unreliable_trip_rate,0.0,0.0,0.37927350427350426,0.6207264957264957,False
133,Kensington,6,83,18,29.557028112449796,27.95,0.21686746987951808,2026-02,unreliable_trip_rate,0.0,0.0,1.0,0.0,False
138,LaGuardia Airport,10,3957,856,36.672466515036646,35.9,0.21632549911549154,2026-02,unreliable_trip_rate,0.0,0.0,0.2989638615112459,0.7010361384887541,False
70,East Elmhurst,11,307,66,34.37236699239957,34.266666666666666,0.21498371335504887,2026-02,unreliable_trip_rate,0.0,0.0,1.0,0.0,False
127,Inwood,22,56,12,18.33422619047619,18.799999999999997,0.21428571428571427,2026-02,unreliable_trip_rate,0.0,0.0,1.0,0.0,False
142,Lincoln Square East,5,411,88,14.74809407948094,9.8,0.2141119221411192,2026-02,unreliable_trip_rate,0.0,0.0,0.8150851581508516,0.18491484184914841,False
138,LaGuardia Airport,15,5480,1169,36.081131386861315,34.516666666666666,0.21332116788321168,2026-02,unreliable_trip_rate,0.0,0.0,0.2279197080291971,0.772080291970803,False
138,LaGuardia Airport,7,708,151,36.997128060263655,35.791666666666664,0.2132768361581921,2026-02,unreliable_trip_rate,0.0,0.0,0.6567796610169492,0.3432203389830508,False
155,Marine Park/Mill Basin,20,47,10,25.309574468085106,24.35,0.2127659574468085,2026-02,unreliable_trip_rate,0.0,0.0,1.0,0.0,False
228,Sunset Park West,1,33,7,20.735353535353536,22.1,0.21212121212121213,2026-02,unreliable_trip_rate,0.0,0.0,1.0,0.0,False
138,LaGuardia Airport,18,4666,989,30.074499928561224,28.65,0.21195885126446634,2026-02,unreliable_trip_rate,0.0,0.0,0.25825117873981995,0.74174882126018,False
243,Washington Heights North,0,90,19,15.989999999999998,17.025,0.2111111111111111,2026-02,unreliable_trip_rate,0.0,0.0,1.0,0.0,False
242,Van Nest/Morris Park,23,38,8,19.481140350877194,17.791666666666668,0.21052631578947367,2026-02,unreliable_trip_rate,0.0,0.0,1.0,0.0,False
33,Brooklyn Heights,22,252,53,19.793320105820108,19.975,0.21031746031746032,2026-02,unreliable_trip_rate,0.0,0.0,1.0,0.0,False
166,Morningside Heights,5,195,41,16.033760683760686,15.6,0.21025641025641026,2026-02,unreliable_trip_rate,0.0,0.0,1.0,0.0,False
215,South Jamaica,21,43,9,27.72093023255814,27.933333333333334,0.20930232558139536,2026-02,unreliable_trip_rate,0.0,0.0,1.0,0.0,False
222,Starrett City,6,67,14,54.060199004975125,55.9,0.208955223880597,2026-02,unreliable_trip_rate,0.0,0.0,1.0,0.0,False
36,Bushwick North,1,278,58,22.788069544364507,23.758333333333333,0.20863309352517986,2026-02,unreliable_trip_rate,0.0,0.0,1.0,0.0,False
36,Bushwick North,2,290,60,21.887873563218392,22.366666666666667,0.20689655172413793,2026-02,unreliable_trip_rate,0.0,0.0,1.0,0.0,False
225,Stuyvesant Heights,2,58,12,23.701436781609196,25.258333333333333,0.20689655172413793,2026-02,unreliable_trip_rate,0.0,0.0,1.0,0.0,False
138,LaGuardia Airport,13,3934,812,32.20905778681579,30.95,0.20640569395017794,2026-02,unreliable_trip_rate,0.0,0.0,0.2768174885612608,0.7231825114387392,False
25,Boerum Hill,2,97,20,20.96340206185567,19.95,0.20618556701030927,2026-02,unreliable_trip_rate,0.0,0.0,1.0,0.0,False
86,Far Rockaway,18,34,7,57.1078431372549,62.325,0.20588235294117646,2026-02,unreliable_trip_rate,0.0,0.0,1.0,0.0,False
70,East Elmhurst,1,73,15,19.03287671232877,18.566666666666666,0.2054794520547945,2026-02,unreliable_trip_rate,0.0,0.0,1.0,0.0,False
231,TriBeCa/Civic Center,6,370,76,14.741171171171171,13.966666666666667,0.20540540540540542,2026-02,unreliable_trip_rate,0.0,0.0,0.727027027027027,0.27297297297297296,False
124,Howard Beach,8,39,8,37.67948717948718,37.9,0.20512820512820512,2026-02,unreliable_trip_rate,0.0,0.0,1.0,0.0,False
228,Sunset Park West,2,44,9,25.63598484848485,25.90833333333333,0.20454545454545456,2026-02,unreliable_trip_rate,0.0,0.0,1.0,0.0,False
40,Carroll Gardens,20,59,12,21.587005649717515,21.85,0.2033898305084746,2026-02,unreliable_trip_rate,0.0,0.0,1.0,0.0,False
112,Greenpoint,1,241,49,18.272752420470265,18.483333333333334,0.2033195020746888,2026-02,unreliable_trip_rate,0.0,0.0,1.0,0.0,False
70,East Elmhurst,22,335,68,20.68228855721393,20.366666666666667,0.20298507462686566,2026-02,unreliable_trip_rate,0.0,0.0,1.0,0.0,False
132,JFK Airport,0,4271,866,27.655607586045424,28.75,0.202762819011941,2026-02,unreliable_trip_rate,0.0,0.0,0.423554202762819,0.576445797237181,False
112,Greenpoint,23,405,82,20.587942386831276,20.616666666666667,0.20246913580246914,2026-02,unreliable_trip_rate,0.0,0.0,1.0,0.0,False
230,Times Sq/Theatre District,5,557,112,17.170945541591863,14.25,0.20107719928186715,2026-02,unreliable_trip_rate,0.0,0.0,0.5134649910233393,0.4865350089766607,False
34,Brooklyn Navy Yard,3,50,10,21.570999999999998,20.84166666666667,0.2,2026-02,unreliable_trip_rate,0.0,0.0,1.0,0.0,False
54,Columbia Street,9,30,6,28.357222222222223,27.608333333333334,0.2,2026-02,unreliable_trip_rate,0.0,0.0,1.0,0.0,False
92,Flushing,9,30,6,46.922222222222224,48.925,0.2,2026-02,unreliable_trip_rate,0.0,0.0,1.0,0.0,False
106,Gowanus,15,45,9,35.65592592592593,35.61666666666667,0.2,2026-02,unreliable_trip_rate,0.0,0.0,1.0,0.0,False
119,Highbridge,20,30,6,20.31722222222222,18.34166666666667,0.2,2026-02,unreliable_trip_rate,0.0,0.0,1.0,0.0,False
205,Saint Albans,19,45,9,45.84259259259259,49.083333333333336,0.2,2026-02,unreliable_trip_rate,0.0,0.0,1.0,0.0,False
215,South Jamaica,22,40,8,22.00958333333333,22.166666666666664,0.2,2026-02,unreliable_trip_rate,0.0,0.0,1.0,0.0,False
138,LaGuardia Airport,19,4961,990,26.983497950681986,25.65,0.19955654101995565,2026-02,unreliable_trip_rate,0.0,0.0,0.23745212658738157,0.7625478734126184,False
75,East Harlem South,4,201,40,14.167578772802655,13.7,0.19900497512437812,2026-02,unreliable_trip_rate,0.0,0.0,1.0,0.0,False
33,Brooklyn Heights,7,186,37,27.247580645161293,26.366666666666667,0.1989247311827957,2026-02,unreliable_trip_rate,0.0,0.0,1.0,0.0,False
7,Astoria,3,182,36,16.934615384615384,17.75,0.1978021978021978,2026-02,unreliable_trip_rate,0.0,0.0,1.0,0.0,False
34,Brooklyn Navy Yard,5,71,14,18.079577464788734,17.916666666666668,0.19718309859154928,2026-02,unreliable_trip_rate,0.0,0.0,1.0,0.0,False
132,JFK Airport,23,6846,1348,28.7252897068848,29.683333333333334,0.1969033011977797,2026-02,unreliable_trip_rate,0.0,0.0,0.23006134969325154,0.7699386503067485,False
80,East Williamsburg,5,122,24,17.76502732240437,18.65,0.19672131147540983,2026-02,unreliable_trip_rate,0.0,0.0,1.0,0.0,False
230,Times Sq/Theatre District,4,555,109,16.774354354354355,14.083333333333334,0.1963963963963964,2026-02,unreliable_trip_rate,0.0,0.0,0.781981981981982,0.218018018018018,False
228,Sunset Park West,3,72,14,22.268749999999997,22.733333333333334,0.19444444444444445,2026-02,unreliable_trip_rate,0.0,0.0,1.0,0.0,False
138,LaGuardia Airport,14,5780,1121,35.495144175317186,34.266666666666666,0.1939446366782007,2026-02,unreliable_trip_rate,0.0,0.0,0.20432525951557093,0.7956747404844291,False
160,Middle Village,23,31,6,16.57688172043011,16.216666666666665,0.1935483870967742,2026-02,unreliable_trip_rate,0.0,0.0,1.0,0.0,False
7,Astoria,0,362,70,18.212338858195213,19.266666666666666,0.19337016574585636,2026-02,unreliable_trip_rate,0.0,0.0,1.0,0.0,False
138,LaGuardia Airport,11,3437,664,34.53185433032684,33.916666666666664,0.19319173697992434,2026-02,unreliable_trip_rate,0.0,0.0,0.32441082339249344,0.6755891766075065,False
83,Elmhurst/Maspeth,6,58,11,19.981896551724137,20.541666666666668,0.1896551724137931,2026-02,unreliable_trip_rate,0.0,0.0,1.0,0.0,False
195,Red Hook,23,37,7,24.702252252252254,25.516666666666666,0.1891891891891892,2026-02,unreliable_trip_rate,0.0,0.0,1.0,0.0,False
145,Long Island City/Hunters Point,2,133,25,18.127568922305766,18.45,0.18796992481203006,2026-02,unreliable_trip_rate,0.0,0.0,1.0,0.0,False
195,Red Hook,12,32,6,31.871354166666666,28.291666666666668,0.1875,2026-02,unreliable_trip_rate,0.0,0.0,1.0,0.0,False
13,Battery Park City,6,292,54,17.39908675799087,16.933333333333334,0.18493150684931506,2026-02,unreliable_trip_rate,0.0,0.0,0.8732876712328768,0.1267123287671233,False
33,Brooklyn Heights,0,103,19,19.32313915857605,19.216666666666665,0.18446601941747573,2026-02,unreliable_trip_rate,0.0,0.0,1.0,0.0,False
138,LaGuardia Airport,12,3935,725,32.50776365946633,31.416666666666668,0.18424396442185514,2026-02,unreliable_trip_rate,0.0,0.0,0.27013977128335454,0.7298602287166455,False
138,LaGuardia Airport,8,1378,251,43.262191582002906,43.75833333333333,0.18214804063860668,2026-02,unreliable_trip_rate,0.0,0.0,0.5870827285921626,0.41291727140783746,False
255,Williamsburg (North Side),6,66,12,21.829545454545453,21.56666666666667,0.18181818181818182,2026-02,unreliable_trip_rate,0.0,0.0,1.0,0.0,False
54,Columbia Street,7,39,7,23.619230769230768,24.65,0.1794871794871795,2026-02,unreliable_trip_rate,0.0,0.0,1.0,0.0,False
138,LaGuardia Airport,0,2633,468,20.015850107608557,19.283333333333335,0.1777440182301557,2026-02,unreliable_trip_rate,0.0,0.0,0.5001898974553741,0.4998101025446259,False
236,Upper East Side North,5,496,88,14.009374999999999,10.825,0.1774193548387097,2026-02,unreliable_trip_rate,0.0,0.0,0.5201612903225806,0.4798387096774194,False
106,Gowanus,20,51,9,20.492483660130716,22.916666666666668,0.17647058823529413,2026-02,unreliable_trip_rate,0.0,0.0,1.0,0.0,False
127,Inwood,5,34,6,17.33235294117647,17.508333333333333,0.17647058823529413,2026-02,unreliable_trip_rate,0.0,0.0,1.0,0.0,False
239,Upper West Side South,5,510,90,15.131013071895424,11.191666666666666,0.17647058823529413,2026-02,unreliable_trip_rate,0.0,0.0,0.7607843137254902,0.23921568627450981,False
70,East Elmhurst,21,516,91,23.033074935400517,22.84166666666667,0.17635658914728683,2026-02,unreliable_trip_rate,0.0,0.0,1.0,0.0,False
54,Columbia Street,8,57,10,27.30233918128655,27.233333333333334,0.17543859649122806,2026-02,unreliable_trip_rate,0.0,0.0,1.0,0.0,False
138,LaGuardia Airport,22,3717,652,21.728822527127615,21.0,0.17541027710519236,2026-02,unreliable_trip_rate,0.0,0.0,0.34893731503900993,0.6510626849609901,False
163,Midtown North,5,284,49,16.916901408450702,10.4,0.17253521126760563,2026-02,unreliable_trip_rate,0.0,0.0,0.7464788732394366,0.2535211267605634,False
138,LaGuardia Airport,20,4808,820,24.053126733222406,22.85,0.17054908485856904,2026-02,unreliable_trip_rate,0.0,0.0,0.2612312811980033,0.7387687188019967,False
132,JFK Airport,12,4035,687,43.142482445270545,44.63333333333333,0.17026022304832714,2026-02,unreliable_trip_rate,0.0,0.0,0.4183395291201983,0.5816604708798018,False
181,Park Slope,5,47,8,23.42695035460993,22.933333333333334,0.1702127659574468,2026-02,unreliable_trip_rate,0.0,0.0,1.0,0.0,False
132,JFK Airport,14,6630,1108,49.89548516842634,51.13333333333333,0.16711915535444946,2026-02,unreliable_trip_rate,0.0,0.0,0.24343891402714932,0.7565610859728507,False
33,Brooklyn Heights,5,30,5,21.64611111111111,19.741666666666667,0.16666666666666666,2026-02,unreliable_trip_rate,0.0,0.0,1.0,0.0,False
86,Far Rockaway,5,66,11,77.3989898989899,79.2,0.16666666666666666,2026-02,unreliable_trip_rate,0.0,0.0,1.0,0.0,False
238,Upper West Side North,5,558,92,15.995041816009559,12.166666666666666,0.16487455197132617,2026-02,unreliable_trip_rate,0.0,0.0,0.7186379928315412,0.28136200716845877,False
138,LaGuardia Airport,3,49,8,20.881292517006802,19.333333333333332,0.16326530612244897,2026-02,unreliable_trip_rate,0.0,0.0,1.0,0.0,False
88,Financial District South,5,44,7,15.917045454545455,15.225,0.1590909090909091,2026-02,unreliable_trip_rate,0.0,0.0,1.0,0.0,False
193,Queensbridge/Ravenswood,4,38,6,15.958771929824563,15.541666666666668,0.15789473684210525,2026-02,unreliable_trip_rate,0.0,0.0,1.0,0.0,False
138,LaGuardia Airport,23,4675,737,21.245978609625666,20.516666666666666,0.15764705882352942,2026-02,unreliable_trip_rate,0.0,0.0,0.27807486631016043,0.7219251336898396,False
132,JFK Airport,13,5890,904,46.703313525749856,47.8,0.1534804753820034,2026-02,unreliable_trip_rate,0.0,0.0,0.2794567062818336,0.7205432937181664,False
132,JFK Airport,15,7921,1197,52.28975297731768,54.0,0.15111728317131676,2026-02,unreliable_trip_rate,0.0,0.0,0.19757606362832975,0.8024239363716702,False
138,LaGuardia Airport,21,5310,799,23.04806967984934,22.316666666666666,0.1504708097928437,2026-02,unreliable_trip_rate,0.0,0.0,0.24821092278719398,0.7517890772128061,False
195,Red Hook,22,56,8,24.747023809523807,24.583333333333336,0.14285714285714285,2026-02,unreliable_trip_rate,0.0,0.0,1.0,0.0,False
132,JFK Airport,22,8009,1102,30.527833270903567,32.28333333333333,0.13759520539393183,2026-02,unreliable_trip_rate,0.0,0.0,0.17068298164564866,0.8293170183543513,False
132,JFK Airport,18,6787,924,43.90360493099553,45.75,0.13614262560777957,2026-02,unreliable_trip_rate,0.0,0.0,0.25180492117283043,0.7481950788271696,False
132,JFK Airport,19,8788,1192,39.54948224852071,41.45,0.1356395084205735,2026-02,unreliable_trip_rate,0.0,0.0,0.16613563950842059,0.8338643604915794,False
132,JFK Airport,20,8955,1205,36.07887958310069,38.31666666666667,0.13456169737576773,2026-02,unreliable_trip_rate,0.0,0.0,0.16136236739251814,0.8386376326074818,False
45,Chinatown,5,45,6,16.30111111111111,16.133333333333333,0.13333333333333333,2026-02,unreliable_trip_rate,0.0,0.0,1.0,0.0,False
220,Spuyten Duyvil/Kingsbridge,22,38,5,17.085087719298247,17.225,0.13157894736842105,2026-02,unreliable_trip_rate,0.0,0.0,1.0,0.0,False
132,JFK Airport,16,8851,1141,53.892432116898284,55.391666666666666,0.1289119873460626,2026-02,unreliable_trip_rate,0.0,0.0,0.17704214213083266,0.8229578578691673,False
132,JFK Airport,17,7059,903,49.388452094253196,50.766666666666666,0.12792180195495112,2026-02,unreliable_trip_rate,0.0,0.0,0.2438022382773764,0.7561977617226237,False
132,JFK Airport,21,7625,954,31.91593442622951,33.93333333333333,0.12511475409836065,2026-02,unreliable_trip_rate,0.0,0.0,0.1837377049180328,0.8162622950819672,False
228,Sunset Park West,5,42,5,22.895634920634922,25.483333333333334,0.11904761904761904,2026-02,unreliable_trip_rate,0.0,0.0,1.0,0.0,False
168,Mott Haven/Port Morris,3,33,3,13.711616161616162,14.65,0.09090909090909091,2026-02,unreliable_trip_rate,0.0,0.0,1.0,0.0,False
40,Carroll Gardens,5,32,2,19.388020833333332,20.583333333333332,0.0625,2026-02,unreliable_trip_rate,0.0,0.0,1.0,0.0,False
1,Newark Airport,1,1,1,25.366666666666667,12.666666666666666,1.0,2026-02,unreliable_trip_rate,1.0,0.0,0.0,0.0,True
1,Newark Airport,13,2,2,44.59166666666667,15.483333333333333,1.0,2026-02,unreliable_trip_rate,1.0,0.0,0.0,0.0,True
1,Newark Airport,16,4,4,51.208333333333336,15.233333333333333,1.0,2026-02,unreliable_trip_rate,1.0,0.0,0.0,0.0,True
2,Jamaica Bay,0,1,1,33.96666666666667,21.433333333333334,1.0,2026-02,unreliable_trip_rate,0.0,1.0,0.0,0.0,True
2,Jamaica Bay,4,1,1,26.283333333333335,17.4,1.0,2026-02,unreliable_trip_rate,0.0,1.0,0.0,0.0,True
2,Jamaica Bay,9,1,1,82.5,33.53333333333333,1.0,2026-02,unreliable_trip_rate,0.0,1.0,0.0,0.0,True
2,Jamaica Bay,21,1,1,36.516666666666666,24.983333333333334,1.0,2026-02,unreliable_trip_rate,0.0,1.0,0.0,0.0,True
2,Jamaica Bay,22,1,1,34.166666666666664,24.516666666666666,1.0,2026-02,unreliable_trip_rate,0.0,1.0,0.0,0.0,True
5,Arden Heights,3,1,1,22.183333333333334,11.883333333333333,1.0,2026-02,unreliable_trip_rate,1.0,0.0,0.0,0.0,True
6,Arrochar/Fort Wadsworth,4,1,1,28.483333333333334,13.2,1.0,2026-02,unreliable_trip_rate,1.0,0.0,0.0,0.0,True
6,Arrochar/Fort Wadsworth,5,2,2,26.125,13.666666666666666,1.0,2026-02,unreliable_trip_rate,1.0,0.0,0.0,0.0,True
6,Arrochar/Fort Wadsworth,18,3,3,22.938888888888886,14.1,1.0,2026-02,unreliable_trip_rate,1.0,0.0,0.0,0.0,True
8,Astoria Park,17,1,1,66.9,36.35,1.0,2026-02,unreliable_trip_rate,0.0,1.0,0.0,0.0,True
11,Bath Beach,4,1,1,29.133333333333333,19.583333333333332,1.0,2026-02,unreliable_trip_rate,0.0,1.0,0.0,0.0,True
11,Bath Beach,23,1,1,33.4,20.8,1.0,2026-02,unreliable_trip_rate,0.0,1.0,0.0,0.0,True
12,Battery Park,1,1,1,18.6,11.95,1.0,2026-02,unreliable_trip_rate,0.0,1.0,0.0,0.0,True
23,Bloomfield/Emerson Hill,3,2,2,29.416666666666664,11.883333333333333,1.0,2026-02,unreliable_trip_rate,1.0,0.0,0.0,0.0,True
23,Bloomfield/Emerson Hill,4,1,1,18.933333333333334,13.2,1.0,2026-02,unreliable_trip_rate,1.0,0.0,0.0,0.0,True
23,Bloomfield/Emerson Hill,5,1,1,37.5,13.666666666666666,1.0,2026-02,unreliable_trip_rate,1.0,0.0,0.0,0.0,True
23,Bloomfield/Emerson Hill,6,1,1,51.43333333333333,24.791666666666664,1.0,2026-02,unreliable_trip_rate,0.0,1.0,0.0,0.0,True
23,Bloomfield/Emerson Hill,9,1,1,29.666666666666668,14.783333333333333,1.0,2026-02,unreliable_trip_rate,1.0,0.0,0.0,0.0,True
23,Bloomfield/Emerson Hill,12,1,1,22.9,15.133333333333333,1.0,2026-02,unreliable_trip_rate,1.0,0.0,0.0,0.0,True
23,Bloomfield/Emerson Hill,14,3,3,44.01111111111111,15.633333333333333,1.0,2026-02,unreliable_trip_rate,1.0,0.0,0.0,0.0,True
23,Bloomfield/Emerson Hill,15,2,2,25.791666666666664,15.65,1.0,2026-02,unreliable_trip_rate,1.0,0.0,0.0,0.0,True
23,Bloomfield/Emerson Hill,16,1,1,100.6,15.233333333333333,1.0,2026-02,unreliable_trip_rate,1.0,0.0,0.0,0.0,True
23,Bloomfield/Emerson Hill,19,1,1,21.616666666666667,13.766666666666667,1.0,2026-02,unreliable_trip_rate,1.0,0.0,0.0,0.0,True
23,Bloomfield/Emerson Hill,20,1,1,30.316666666666666,13.733333333333333,1.0,2026-02,unreliable_trip_rate,1.0,0.0,0.0,0.0,True
27,Breezy Point/Fort Tilden/Riis Beach,9,1,1,82.15,33.53333333333333,1.0,2026-02,unreliable_trip_rate,0.0,1.0,0.0,0.0,True
27,Breezy Point/Fort Tilden/Riis Beach,14,1,1,63.233333333333334,38.6,1.0,2026-02,unreliable_trip_rate,0.0,1.0,0.0,0.0,True
27,Breezy Point/Fort Tilden/Riis Beach,15,1,1,88.86666666666666,41.333333333333336,1.0,2026-02,unreliable_trip_rate,0.0,1.0,0.0,0.0,True
27,Breezy Point/Fort Tilden/Riis Beach,16,1,1,68.05,42.81666666666667,1.0,2026-02,unreliable_trip_rate,0.0,1.0,0.0,0.0,True
27,Breezy Point/Fort Tilden/Riis Beach,22,1,1,32.71666666666667,24.516666666666666,1.0,2026-02,unreliable_trip_rate,0.0,1.0,0.0,0.0,True
30,Broad Channel,8,1,1,55.733333333333334,33.65,1.0,2026-02,unreliable_trip_rate,0.0,1.0,0.0,0.0,True
30,Broad Channel,12,1,1,52.483333333333334,33.38333333333333,1.0,2026-02,unreliable_trip_rate,0.0,1.0,0.0,0.0,True
31,Bronx Park,0,1,1,34.28333333333333,15.233333333333333,1.0,2026-02,unreliable_trip_rate,0.0,1.0,0.0,0.0,True
31,Bronx Park,21,1,1,32.916666666666664,18.84166666666667,1.0,2026-02,unreliable_trip_rate,0.0,1.0,0.0,0.0,True
46,City Island,0,1,1,19.7,15.233333333333333,1.0,2026-02,unreliable_trip_rate,0.0,1.0,0.0,0.0,True
46,City Island,3,1,1,60.36666666666667,16.46666666666667,1.0,2026-02,unreliable_trip_rate,0.0,1.0,0.0,0.0,True
46,City Island,5,1,1,52.78333333333333,27.383333333333333,1.0,2026-02,unreliable_trip_rate,0.0,1.0,0.0,0.0,True
46,City Island,6,3,3,50.26111111111111,32.43333333333333,1.0,2026-02,unreliable_trip_rate,0.0,1.0,0.0,0.0,True
46,City Island,13,2,2,81.51666666666667,32.1,1.0,2026-02,unreliable_trip_rate,0.0,1.0,0.0,0.0,True
46,City Island,14,4,4,64.52916666666667,30.233333333333334,1.0,2026-02,unreliable_trip_rate,0.0,1.0,0.0,0.0,True
46,City Island,16,3,3,87.14444444444445,30.883333333333333,1.0,2026-02,unreliable_trip_rate,0.0,1.0,0.0,0.0,True
46,City Island,20,3,3,46.15555555555556,20.783333333333335,1.0,2026-02,unreliable_trip_rate,0.0,1.0,0.0,0.0,True
47,Claremont/Bathgate,1,1,1,40.18333333333333,14.941666666666666,1.0,2026-02,unreliable_trip_rate,0.0,1.0,0.0,0.0,True
55,Coney Island,1,1,1,24.9,19.716666666666665,1.0,2026-02,unreliable_trip_rate,0.0,1.0,0.0,0.0,True
57,Corona,1,1,1,25.383333333333333,19.966666666666665,1.0,2026-02,unreliable_trip_rate,0.0,1.0,0.0,0.0,True
58,Country Club,0,1,1,21.116666666666667,15.233333333333333,1.0,2026-02,unreliable_trip_rate,0.0,1.0,0.0,0.0,True
58,Country Club,4,3,3,57.79999999999999,19.833333333333332,1.0,2026-02,unreliable_trip_rate,0.0,1.0,0.0,0.0,True
58,Country Club,13,2,2,92.83333333333334,32.1,1.0,2026-02,unreliable_trip_rate,0.0,1.0,0.0,0.0,True
58,Country Club,17,2,2,59.90833333333333,27.008333333333333,1.0,2026-02,unreliable_trip_rate,0.0,1.0,0.0,0.0,True
58,Country Club,21,5,5,38.516666666666666,18.84166666666667,1.0,2026-02,unreliable_trip_rate,0.0,1.0,0.0,0.0,True
59,Crotona Park,4,1,1,33.61666666666667,19.833333333333332,1.0,2026-02,unreliable_trip_rate,0.0,1.0,0.0,0.0,True
59,Crotona Park,18,2,2,41.63333333333333,23.225,1.0,2026-02,unreliable_trip_rate,0.0,1.0,0.0,0.0,True
59,Crotona Park,20,2,2,35.30833333333334,20.783333333333335,1.0,2026-02,unreliable_trip_rate,0.0,1.0,0.0,0.0,True
60,Crotona Park East,2,5,5,26.45,14.05,1.0,2026-02,unreliable_trip_rate,0.0,1.0,0.0,0.0,True
64,Douglaston,4,3,3,36.711111111111116,17.4,1.0,2026-02,unreliable_trip_rate,0.0,1.0,0.0,0.0,True
84,Eltingville/Annadale/Prince's Bay,19,1,1,43.88333333333333,13.766666666666667,1.0,2026-02,unreliable_trip_rate,1.0,0.0,0.0,0.0,True
86,Far Rockaway,2,2,2,39.416666666666664,17.541666666666668,1.0,2026-02,unreliable_trip_rate,0.0,1.0,0.0,0.0,True
86,Far Rockaway,3,1,1,60.516666666666666,16.966666666666665,1.0,2026-02,unreliable_trip_rate,0.0,1.0,0.0,0.0,True
96,Forest Park/Highland Park,11,3,3,66.22222222222223,33.56666666666667,1.0,2026-02,unreliable_trip_rate,0.0,1.0,0.0,0.0,True
99,Freshkills Park,15,1,1,55.583333333333336,15.65,1.0,2026-02,unreliable_trip_rate,1.0,0.0,0.0,0.0,True
101,Glen Oaks,10,4,4,68.0,33.733333333333334,1.0,2026-02,unreliable_trip_rate,0.0,1.0,0.0,0.0,True
109,Great Kills,5,1,1,74.75,13.666666666666666,1.0,2026-02,unreliable_trip_rate,1.0,0.0,0.0,0.0,True
109,Great Kills,8,1,1,83.4,29.85,1.0,2026-02,unreliable_trip_rate,0.0,1.0,0.0,0.0,True
109,Great Kills,9,2,2,29.949999999999996,14.783333333333333,1.0,2026-02,unreliable_trip_rate,1.0,0.0,0.0,0.0,True
109,Great Kills,10,1,1,37.85,14.733333333333333,1.0,2026-02,unreliable_trip_rate,1.0,0.0,0.0,0.0,True
109,Great Kills,15,1,1,33.266666666666666,15.65,1.0,2026-02,unreliable_trip_rate,1.0,0.0,0.0,0.0,True
109,Great Kills,18,1,1,58.75,14.1,1.0,2026-02,unreliable_trip_rate,1.0,0.0,0.0,0.0,True
111,Green-Wood Cemetery,13,1,1,44.93333333333333,28.15,1.0,2026-02,unreliable_trip_rate,0.0,1.0,0.0,0.0,True
115,Grymes Hill/Clifton,3,1,1,36.733333333333334,11.883333333333333,1.0,2026-02,unreliable_trip_rate,1.0,0.0,0.0,0.0,True
115,Grymes Hill/Clifton,13,2,2,35.108333333333334,15.483333333333333,1.0,2026-02,unreliable_trip_rate,1.0,0.0,0.0,0.0,True
115,Grymes Hill/Clifton,16,1,1,27.316666666666666,15.233333333333333,1.0,2026-02,unreliable_trip_rate,1.0,0.0,0.0,0.0,True
115,Grymes Hill/Clifton,18,1,1,19.65,14.1,1.0,2026-02,unreliable_trip_rate,1.0,0.0,0.0,0.0,True
115,Grymes Hill/Clifton,19,3,3,30.71666666666667,13.766666666666667,1.0,2026-02,unreliable_trip_rate,1.0,0.0,0.0,0.0,True
115,Grymes Hill/Clifton,23,1,1,29.783333333333335,13.916666666666666,1.0,2026-02,unreliable_trip_rate,1.0,0.0,0.0,0.0,True
117,Hammels/Arverne,2,1,1,37.416666666666664,17.541666666666668,1.0,2026-02,unreliable_trip_rate,0.0,1.0,0.0,0.0,True
117,Hammels/Arverne,3,4,4,88.625,16.966666666666665,1.0,2026-02,unreliable_trip_rate,0.0,1.0,0.0,0.0,True
117,Hammels/Arverne,4,25,25,63.248000000000005,17.4,1.0,2026-02,unreliable_trip_rate,0.0,1.0,0.0,0.0,True
118,Heartland Village/Todt Hill,4,1,1,31.183333333333334,13.2,1.0,2026-02,unreliable_trip_rate,1.0,0.0,0.0,0.0,True
118,Heartland Village/Todt Hill,14,1,1,58.78333333333333,15.633333333333333,1.0,2026-02,unreliable_trip_rate,1.0,0.0,0.0,0.0,True
118,Heartland Village/Todt Hill,18,2,2,20.5,14.1,1.0,2026-02,unreliable_trip_rate,1.0,0.0,0.0,0.0,True
118,Heartland Village/Todt Hill,21,2,2,36.625,13.716666666666667,1.0,2026-02,unreliable_trip_rate,1.0,0.0,0.0,0.0,True
118,Heartland Village/Todt Hill,22,2,2,35.33333333333333,13.833333333333334,1.0,2026-02,unreliable_trip_rate,1.0,0.0,0.0,0.0,True
118,Heartland Village/Todt Hill,23,1,1,18.533333333333335,13.916666666666666,1.0,2026-02,unreliable_trip_rate,1.0,0.0,0.0,0.0,True
120,Highbridge Park,11,4,4,37.583333333333336,13.75,1.0,2026-02,unreliable_trip_rate,0.0,1.0,0.0,0.0,True
120,Highbridge Park,15,2,2,34.041666666666664,14.1,1.0,2026-02,unreliable_trip_rate,0.0,1.0,0.0,0.0,True
120,Highbridge Park,19,1,1,41.53333333333333,12.633333333333333,1.0,2026-02,unreliable_trip_rate,0.0,1.0,0.0,0.0,True
128,Inwood Hill Park,0,1,1,17.966666666666665,12.233333333333333,1.0,2026-02,unreliable_trip_rate,0.0,1.0,0.0,0.0,True
128,Inwood Hill Park,3,1,1,24.45,11.0,1.0,2026-02,unreliable_trip_rate,0.0,1.0,0.0,0.0,True
128,Inwood Hill Park,5,4,4,41.1625,10.683333333333334,1.0,2026-02,unreliable_trip_rate,0.0,1.0,0.0,0.0,True
128,Inwood Hill Park,11,1,1,40.0,13.75,1.0,2026-02,unreliable_trip_rate,0.0,1.0,0.0,0.0,True
128,Inwood Hill Park,14,13,13,88.36666666666666,14.066666666666666,1.0,2026-02,unreliable_trip_rate,0.0,1.0,0.0,0.0,True
128,Inwood Hill Park,17,7,7,28.14761904761905,13.483333333333333,1.0,2026-02,unreliable_trip_rate,0.0,1.0,0.0,0.0,True
128,Inwood Hill Park,18,5,5,26.763333333333332,13.116666666666667,1.0,2026-02,unreliable_trip_rate,0.0,1.0,0.0,0.0,True
139,Laurelton,1,3,3,34.19444444444445,19.966666666666665,1.0,2026-02,unreliable_trip_rate,0.0,1.0,0.0,0.0,True
147,Longwood,2,1,1,19.783333333333335,14.05,1.0,2026-02,unreliable_trip_rate,0.0,1.0,0.0,0.0,True
150,Manhattan Beach,5,3,3,55.01111111111111,23.483333333333334,1.0,2026-02,unreliable_trip_rate,0.0,1.0,0.0,0.0,True
150,Manhattan Beach,21,6,6,47.833333333333336,22.083333333333332,1.0,2026-02,unreliable_trip_rate,0.0,1.0,0.0,0.0,True
153,Marble Hill,2,1,1,31.483333333333334,11.533333333333333,1.0,2026-02,unreliable_trip_rate,0.0,1.0,0.0,0.0,True
153,Marble Hill,4,3,3,30.527777777777782,11.4,1.0,2026-02,unreliable_trip_rate,0.0,1.0,0.0,0.0,True
153,Marble Hill,5,8,8,41.06875,10.683333333333334,1.0,2026-02,unreliable_trip_rate,0.0,1.0,0.0,0.0,True
153,Marble Hill,8,19,19,41.17280701754386,13.283333333333333,1.0,2026-02,unreliable_trip_rate,0.0,1.0,0.0,0.0,True
153,Marble Hill,10,6,6,30.102777777777778,13.316666666666666,1.0,2026-02,unreliable_trip_rate,0.0,1.0,0.0,0.0,True
153,Marble Hill,13,6,6,35.18611111111111,14.066666666666666,1.0,2026-02,unreliable_trip_rate,0.0,1.0,0.0,0.0,True
154,Marine Park/Floyd Bennett Field,3,1,1,32.61666666666667,18.966666666666665,1.0,2026-02,unreliable_trip_rate,0.0,1.0,0.0,0.0,True
154,Marine Park/Floyd Bennett Field,7,1,1,46.1,29.641666666666666,1.0,2026-02,unreliable_trip_rate,0.0,1.0,0.0,0.0,True
154,Marine Park/Floyd Bennett Field,8,2,2,121.94999999999999,29.55,1.0,2026-02,unreliable_trip_rate,0.0,1.0,0.0,0.0,True
154,Marine Park/Floyd Bennett Field,12,1,1,41.05,29.283333333333335,1.0,2026-02,unreliable_trip_rate,0.0,1.0,0.0,0.0,True
155,Marine Park/Mill Basin,4,3,3,40.36666666666667,19.583333333333332,1.0,2026-02,unreliable_trip_rate,0.0,1.0,0.0,0.0,True
156,Mariners Harbor,5,1,1,39.833333333333336,13.666666666666666,1.0,2026-02,unreliable_trip_rate,1.0,0.0,0.0,0.0,True
156,Mariners Harbor,10,1,1,20.8,14.733333333333333,1.0,2026-02,unreliable_trip_rate,1.0,0.0,0.0,0.0,True
156,Mariners Harbor,14,1,1,25.15,15.633333333333333,1.0,2026-02,unreliable_trip_rate,1.0,0.0,0.0,0.0,True
156,Mariners Harbor,21,1,1,49.31666666666667,13.716666666666667,1.0,2026-02,unreliable_trip_rate,1.0,0.0,0.0,0.0,True
156,Mariners Harbor,23,1,1,33.65,13.916666666666666,1.0,2026-02,unreliable_trip_rate,1.0,0.0,0.0,0.0,True
172,New Dorp/Midland Beach,6,1,1,31.05,24.791666666666664,1.0,2026-02,unreliable_trip_rate,0.0,1.0,0.0,0.0,True
172,New Dorp/Midland Beach,9,1,1,58.833333333333336,14.783333333333333,1.0,2026-02,unreliable_trip_rate,1.0,0.0,0.0,0.0,True
172,New Dorp/Midland Beach,12,1,1,29.216666666666665,15.133333333333333,1.0,2026-02,unreliable_trip_rate,1.0,0.0,0.0,0.0,True
172,New Dorp/Midland Beach,15,1,1,34.96666666666667,15.65,1.0,2026-02,unreliable_trip_rate,1.0,0.0,0.0,0.0,True
172,New Dorp/Midland Beach,21,1,1,41.983333333333334,13.716666666666667,1.0,2026-02,unreliable_trip_rate,1.0,0.0,0.0,0.0,True
176,Oakwood,1,1,1,19.983333333333334,12.666666666666666,1.0,2026-02,unreliable_trip_rate,1.0,0.0,0.0,0.0,True
176,Oakwood,2,1,1,21.35,12.133333333333333,1.0,2026-02,unreliable_trip_rate,1.0,0.0,0.0,0.0,True
176,Oakwood,3,1,1,18.783333333333335,11.883333333333333,1.0,2026-02,unreliable_trip_rate,1.0,0.0,0.0,0.0,True
176,Oakwood,5,1,1,48.016666666666666,13.666666666666666,1.0,2026-02,unreliable_trip_rate,1.0,0.0,0.0,0.0,True
176,Oakwood,9,1,1,30.45,14.783333333333333,1.0,2026-02,unreliable_trip_rate,1.0,0.0,0.0,0.0,True
176,Oakwood,11,1,1,28.483333333333334,14.983333333333333,1.0,2026-02,unreliable_trip_rate,1.0,0.0,0.0,0.0,True
176,Oakwood,20,1,1,67.0,13.733333333333333,1.0,2026-02,unreliable_trip_rate,1.0,0.0,0.0,0.0,True
184,Pelham Bay Park,14,1,1,45.833333333333336,30.233333333333334,1.0,2026-02,unreliable_trip_rate,0.0,1.0,0.0,0.0,True
184,Pelham Bay Park,16,1,1,38.93333333333333,30.883333333333333,1.0,2026-02,unreliable_trip_rate,0.0,1.0,0.0,0.0,True
184,Pelham Bay Park,18,1,1,34.96666666666667,23.225,1.0,2026-02,unreliable_trip_rate,0.0,1.0,0.0,0.0,True
187,Port Richmond,7,1,1,71.88333333333334,29.058333333333334,1.0,2026-02,unreliable_trip_rate,0.0,1.0,0.0,0.0,True
194,Randalls Island,0,2,2,27.433333333333334,12.233333333333333,1.0,2026-02,unreliable_trip_rate,0.0,1.0,0.0,0.0,True
195,Red Hook,3,2,2,29.983333333333334,18.966666666666665,1.0,2026-02,unreliable_trip_rate,0.0,1.0,0.0,0.0,True
199,Rikers Island,8,1,1,65.05,32.141666666666666,1.0,2026-02,unreliable_trip_rate,0.0,1.0,0.0,0.0,True
200,Riverdale/North Riverdale/Fieldston,4,8,8,43.385416666666664,19.833333333333332,1.0,2026-02,unreliable_trip_rate,0.0,1.0,0.0,0.0,True
202,Roosevelt Island,1,6,6,21.33611111111111,11.95,1.0,2026-02,unreliable_trip_rate,0.0,1.0,0.0,0.0,True
202,Roosevelt Island,3,7,7,24.99285714285714,11.0,1.0,2026-02,unreliable_trip_rate,0.0,1.0,0.0,0.0,True
202,Roosevelt Island,11,23,23,35.65217391304348,13.75,1.0,2026-02,unreliable_trip_rate,0.0,1.0,0.0,0.0,True
206,Saint George/New Brighton,0,1,1,32.983333333333334,13.316666666666666,1.0,2026-02,unreliable_trip_rate,1.0,0.0,0.0,0.0,True
206,Saint George/New Brighton,6,1,1,42.083333333333336,24.791666666666664,1.0,2026-02,unreliable_trip_rate,0.0,1.0,0.0,0.0,True
206,Saint George/New Brighton,7,1,1,48.88333333333333,29.058333333333334,1.0,2026-02,unreliable_trip_rate,0.0,1.0,0.0,0.0,True
206,Saint George/New Brighton,13,1,1,38.7,15.483333333333333,1.0,2026-02,unreliable_trip_rate,1.0,0.0,0.0,0.0,True
206,Saint George/New Brighton,21,2,2,47.175,13.716666666666667,1.0,2026-02,unreliable_trip_rate,1.0,0.0,0.0,0.0,True
210,Sheepshead Bay,4,14,14,61.9,19.583333333333332,1.0,2026-02,unreliable_trip_rate,0.0,1.0,0.0,0.0,True
214,South Beach/Dongan Hills,9,2,2,30.975,14.783333333333333,1.0,2026-02,unreliable_trip_rate,1.0,0.0,0.0,0.0,True
214,South Beach/Dongan Hills,12,4,4,39.520833333333336,15.133333333333333,1.0,2026-02,unreliable_trip_rate,1.0,0.0,0.0,0.0,True
214,South Beach/Dongan Hills,19,2,2,32.266666666666666,13.766666666666667,1.0,2026-02,unreliable_trip_rate,1.0,0.0,0.0,0.0,True
214,South Beach/Dongan Hills,20,1,1,28.7,13.733333333333333,1.0,2026-02,unreliable_trip_rate,1.0,0.0,0.0,0.0,True
215,South Jamaica,1,5,5,29.369999999999997,19.966666666666665,1.0,2026-02,unreliable_trip_rate,0.0,1.0,0.0,0.0,True
221,Stapleton,0,2,2,27.883333333333333,13.316666666666666,1.0,2026-02,unreliable_trip_rate,1.0,0.0,0.0,0.0,True
221,Stapleton,12,2,2,29.866666666666667,15.133333333333333,1.0,2026-02,unreliable_trip_rate,1.0,0.0,0.0,0.0,True
221,Stapleton,20,2,2,32.641666666666666,13.733333333333333,1.0,2026-02,unreliable_trip_rate,1.0,0.0,0.0,0.0,True
221,Stapleton,21,1,1,35.31666666666667,13.716666666666667,1.0,2026-02,unreliable_trip_rate,1.0,0.0,0.0,0.0,True
222,Starrett City,3,5,5,48.44666666666667,18.966666666666665,1.0,2026-02,unreliable_trip_rate,0.0,1.0,0.0,0.0,True
240,Van Cortlandt Park,1,1,1,19.8,14.941666666666666,1.0,2026-02,unreliable_trip_rate,0.0,1.0,0.0,0.0,True
240,Van Cortlandt Park,3,2,2,35.21666666666667,16.46666666666667,1.0,2026-02,unreliable_trip_rate,0.0,1.0,0.0,0.0,True
240,Van Cortlandt Park,13,3,3,61.611111111111114,32.1,1.0,2026-02,unreliable_trip_rate,0.0,1.0,0.0,0.0,True
240,Van Cortlandt Park,19,1,1,61.11666666666667,20.7,1.0,2026-02,unreliable_trip_rate,0.0,1.0,0.0,0.0,True
240,Van Cortlandt Park,20,1,1,28.133333333333333,20.783333333333335,1.0,2026-02,unreliable_trip_rate,0.0,1.0,0.0,0.0,True
240,Van Cortlandt Park,23,2,2,34.36666666666667,15.791666666666668,1.0,2026-02,unreliable_trip_rate,0.0,1.0,0.0,0.0,True
245,West Brighton,1,1,1,18.1,12.666666666666666,1.0,2026-02,unreliable_trip_rate,1.0,0.0,0.0,0.0,True
245,West Brighton,8,1,1,51.916666666666664,29.85,1.0,2026-02,unreliable_trip_rate,0.0,1.0,0.0,0.0,True
245,West Brighton,10,1,1,51.1,14.733333333333333,1.0,2026-02,unreliable_trip_rate,1.0,0.0,0.0,0.0,True
245,West Brighton,14,1,1,41.18333333333333,15.633333333333333,1.0,2026-02,unreliable_trip_rate,1.0,0.0,0.0,0.0,True
245,West Brighton,16,1,1,45.95,15.233333333333333,1.0,2026-02,unreliable_trip_rate,1.0,0.0,0.0,0.0,True
245,West Brighton,22,1,1,23.283333333333335,13.833333333333334,1.0,2026-02,unreliable_trip_rate,1.0,0.0,0.0,0.0,True
245,West Brighton,23,1,1,23.183333333333334,13.916666666666666,1.0,2026-02,unreliable_trip_rate,1.0,0.0,0.0,0.0,True
251,Westerleigh,1,1,1,23.0,12.666666666666666,1.0,2026-02,unreliable_trip_rate,1.0,0.0,0.0,0.0,True
251,Westerleigh,14,2,2,25.508333333333333,15.633333333333333,1.0,2026-02,unreliable_trip_rate,1.0,0.0,0.0,0.0,True
251,Westerleigh,16,1,1,24.85,15.233333333333333,1.0,2026-02,unreliable_trip_rate,1.0,0.0,0.0,0.0,True
251,Westerleigh,22,3,3,25.616666666666664,13.833333333333334,1.0,2026-02,unreliable_trip_rate,1.0,0.0,0.0,0.0,True
253,Willets Point,21,1,1,33.583333333333336,24.983333333333334,1.0,2026-02,unreliable_trip_rate,0.0,1.0,0.0,0.0,True
86,Far Rockaway,4,28,27,67.96428571428571,17.4,0.9642857142857143,2026-02,unreliable_trip_rate,0.0,1.0,0.0,0.0,True
202,Roosevelt Island,13,27,26,39.096296296296295,14.066666666666666,0.9629629629629629,2026-02,unreliable_trip_rate,0.0,1.0,0.0,0.0,True
128,Inwood Hill Park,8,16,15,33.60520833333334,13.283333333333333,0.9375,2026-02,unreliable_trip_rate,0.0,1.0,0.0,0.0,True
202,Roosevelt Island,14,16,15,43.00416666666667,14.066666666666666,0.9375,2026-02,unreliable_trip_rate,0.0,1.0,0.0,0.0,True
202,Roosevelt Island,5,15,14,28.466666666666665,10.683333333333334,0.9333333333333333,2026-02,unreliable_trip_rate,0.0,1.0,0.0,0.0,True
153,Marble Hill,16,13,12,28.77948717948718,13.733333333333333,0.9230769230769231,2026-02,unreliable_trip_rate,0.0,1.0,0.0,0.0,True
153,Marble Hill,7,22,20,58.04242424242425,11.833333333333334,0.9090909090909091,2026-02,unreliable_trip_rate,0.0,1.0,0.0,0.0,True
153,Marble Hill,9,11,10,42.85454545454545,13.3,0.9090909090909091,2026-02,unreliable_trip_rate,0.0,1.0,0.0,0.0,True
128,Inwood Hill Park,19,10,9,30.555,12.633333333333333,0.9,2026-02,unreliable_trip_rate,0.0,1.0,0.0,0.0,True
194,Randalls Island,19,10,9,26.856666666666666,12.633333333333333,0.9,2026-02,unreliable_trip_rate,0.0,1.0,0.0,0.0,True
201,Rockaway Park,5,10,9,66.55833333333334,20.25,0.9,2026-02,unreliable_trip_rate,0.0,1.0,0.0,0.0,True
202,Roosevelt Island,16,19,17,45.62543859649123,13.733333333333333,0.8947368421052632,2026-02,unreliable_trip_rate,0.0,1.0,0.0,0.0,True
86,Far Rockaway,0,9,8,44.1462962962963,21.433333333333334,0.8888888888888888,2026-02,unreliable_trip_rate,0.0,1.0,0.0,0.0,True
128,Inwood Hill Park,16,9,8,45.36666666666667,13.733333333333333,0.8888888888888888,2026-02,unreliable_trip_rate,0.0,1.0,0.0,0.0,True
128,Inwood Hill Park,20,18,16,22.612037037037037,12.683333333333334,0.8888888888888888,2026-02,unreliable_trip_rate,0.0,1.0,0.0,0.0,True
202,Roosevelt Island,10,27,24,37.70185185185185,13.316666666666666,0.8888888888888888,2026-02,unreliable_trip_rate,0.0,1.0,0.0,0.0,True
210,Sheepshead Bay,3,9,8,42.074074074074076,18.966666666666665,0.8888888888888888,2026-02,unreliable_trip_rate,0.0,1.0,0.0,0.0,True
202,Roosevelt Island,23,17,15,27.92450980392157,12.7,0.8823529411764706,2026-02,unreliable_trip_rate,0.0,1.0,0.0,0.0,True
202,Roosevelt Island,17,24,21,39.12569444444444,13.483333333333333,0.875,2026-02,unreliable_trip_rate,0.0,1.0,0.0,0.0,True
218,Springfield Gardens North,4,16,14,50.342708333333334,17.4,0.875,2026-02,unreliable_trip_rate,0.0,1.0,0.0,0.0,True
12,Battery Park,18,15,13,26.27111111111111,13.116666666666667,0.8666666666666667,2026-02,unreliable_trip_rate,0.0,1.0,0.0,0.0,True
11,Bath Beach,5,21,18,48.32460317460317,23.483333333333334,0.8571428571428571,2026-02,unreliable_trip_rate,0.0,1.0,0.0,0.0,True
128,Inwood Hill Park,13,7,6,29.761904761904763,14.066666666666666,0.8571428571428571,2026-02,unreliable_trip_rate,0.0,1.0,0.0,0.0,True
202,Roosevelt Island,0,7,6,22.554761904761904,12.233333333333333,0.8571428571428571,2026-02,unreliable_trip_rate,0.0,1.0,0.0,0.0,True
202,Roosevelt Island,2,7,6,22.60238095238095,11.533333333333333,0.8571428571428571,2026-02,unreliable_trip_rate,0.0,1.0,0.0,0.0,True
219,Springfield Gardens South,3,27,23,36.21296296296296,16.966666666666665,0.8518518518518519,2026-02,unreliable_trip_rate,0.0,1.0,0.0,0.0,True
38,Cambria Heights,4,18,15,39.24537037037037,17.4,0.8333333333333334,2026-02,unreliable_trip_rate,0.0,1.0,0.0,0.0,True
46,City Island,12,6,5,48.75833333333333,33.625,0.8333333333333334,2026-02,unreliable_trip_rate,0.0,1.0,0.0,0.0,True
120,Highbridge Park,9,6,5,23.541666666666668,13.3,0.8333333333333334,2026-02,unreliable_trip_rate,0.0,1.0,0.0,0.0,True
184,Pelham Bay Park,7,6,5,71.88055555555555,32.833333333333336,0.8333333333333334,2026-02,unreliable_trip_rate,0.0,1.0,0.0,0.0,True
194,Randalls Island,21,6,5,23.180555555555554,12.8,0.8333333333333334,2026-02,unreliable_trip_rate,0.0,1.0,0.0,0.0,True
202,Roosevelt Island,21,18,15,28.732407407407404,12.8,0.8333333333333334,2026-02,unreliable_trip_rate,0.0,1.0,0.0,0.0,True
202,Roosevelt Island,15,27,22,43.925925925925924,14.1,0.8148148148148148,2026-02,unreliable_trip_rate,0.0,1.0,0.0,0.0,True
210,Sheepshead Bay,5,27,22,59.543209876543216,23.483333333333334,0.8148148148148148,2026-02,unreliable_trip_rate,0.0,1.0,0.0,0.0,True
32,Bronxdale,3,5,4,29.94666666666667,16.46666666666667,0.8,2026-02,unreliable_trip_rate,0.0,1.0,0.0,0.0,True
46,City Island,19,5,4,47.7,20.7,0.8,2026-02,unreliable_trip_rate,0.0,1.0,0.0,0.0,True
85,Erasmus,2,5,4,30.2,19.025,0.8,2026-02,unreliable_trip_rate,0.0,1.0,0.0,0.0,True
115,Grymes Hill/Clifton,5,5,4,23.37333333333333,13.666666666666666,0.8,2026-02,unreliable_trip_rate,1.0,0.0,0.0,0.0,True
120,Highbridge Park,5,5,4,23.446666666666665,10.683333333333334,0.8,2026-02,unreliable_trip_rate,0.0,1.0,0.0,0.0,True
128,Inwood Hill Park,7,5,4,22.596666666666668,11.833333333333334,0.8,2026-02,unreliable_trip_rate,0.0,1.0,0.0,0.0,True
128,Inwood Hill Park,15,15,12,60.30777777777778,14.1,0.8,2026-02,unreliable_trip_rate,0.0,1.0,0.0,0.0,True
136,Kingsbridge Heights,3,5,4,40.89,16.46666666666667,0.8,2026-02,unreliable_trip_rate,0.0,1.0,0.0,0.0,True
150,Manhattan Beach,6,10,8,47.83,28.933333333333334,0.8,2026-02,unreliable_trip_rate,0.0,1.0,0.0,0.0,True
194,Randalls Island,9,5,4,39.760000000000005,13.3,0.8,2026-02,unreliable_trip_rate,0.0,1.0,0.0,0.0,True
201,Rockaway Park,13,10,8,83.245,35.86666666666667,0.8,2026-02,unreliable_trip_rate,0.0,1.0,0.0,0.0,True
265,Outside of NYC,3,10,8,30.380000000000003,9.516666666666666,0.8,2026-02,unreliable_trip_rate,0.0,1.0,0.0,0.0,True
201,Rockaway Park,8,24,19,76.60833333333333,33.65,0.7916666666666666,2026-02,unreliable_trip_rate,0.0,1.0,0.0,0.0,True
29,Brighton Beach,5,14,11,43.68690476190476,23.483333333333334,0.7857142857142857,2026-02,unreliable_trip_rate,0.0,1.0,0.0,0.0,True
123,Homecrest,5,14,11,48.102380952380955,23.483333333333334,0.7857142857142857,2026-02,unreliable_trip_rate,0.0,1.0,0.0,0.0,True
12,Battery Park,21,9,7,20.631481481481483,12.8,0.7777777777777778,2026-02,unreliable_trip_rate,0.0,1.0,0.0,0.0,True
120,Highbridge Park,7,9,7,27.58888888888889,11.833333333333334,0.7777777777777778,2026-02,unreliable_trip_rate,0.0,1.0,0.0,0.0,True
128,Inwood Hill Park,21,9,7,21.144444444444446,12.8,0.7777777777777778,2026-02,unreliable_trip_rate,0.0,1.0,0.0,0.0,True
153,Marble Hill,6,9,7,39.3537037037037,10.666666666666666,0.7777777777777778,2026-02,unreliable_trip_rate,0.0,1.0,0.0,0.0,True
153,Marble Hill,14,9,7,38.166666666666664,14.066666666666666,0.7777777777777778,2026-02,unreliable_trip_rate,0.0,1.0,0.0,0.0,True
194,Randalls Island,15,9,7,27.92962962962963,14.1,0.7777777777777778,2026-02,unreliable_trip_rate,0.0,1.0,0.0,0.0,True
201,Rockaway Park,14,9,7,75.17222222222222,38.6,0.7777777777777778,2026-02,unreliable_trip_rate,0.0,1.0,0.0,0.0,True
205,Saint Albans,4,27,21,38.49814814814815,17.4,0.7777777777777778,2026-02,unreliable_trip_rate,0.0,1.0,0.0,0.0,True
259,Woodlawn/Wakefield,4,27,21,39.08271604938272,19.833333333333332,0.7777777777777778,2026-02,unreliable_trip_rate,0.0,1.0,0.0,0.0,True
22,Bensonhurst West,5,22,17,46.575,23.483333333333334,0.7727272727272727,2026-02,unreliable_trip_rate,0.0,1.0,0.0,0.0,True
180,Ozone Park,5,22,17,39.37651515151515,20.25,0.7727272727272727,2026-02,unreliable_trip_rate,0.0,1.0,0.0,0.0,True
201,Rockaway Park,7,22,17,75.5409090909091,30.4,0.7727272727272727,2026-02,unreliable_trip_rate,0.0,1.0,0.0,0.0,True
81,Eastchester,21,13,10,40.35000000000001,18.84166666666667,0.7692307692307693,2026-02,unreliable_trip_rate,0.0,1.0,0.0,0.0,True
101,Glen Oaks,4,13,10,37.88846153846154,17.4,0.7692307692307693,2026-02,unreliable_trip_rate,0.0,1.0,0.0,0.0,True
29,Brighton Beach,6,17,13,58.508823529411764,28.933333333333334,0.7647058823529411,2026-02,unreliable_trip_rate,0.0,1.0,0.0,0.0,True
201,Rockaway Park,12,17,13,53.925490196078435,33.38333333333333,0.7647058823529411,2026-02,unreliable_trip_rate,0.0,1.0,0.0,0.0,True
16,Bayside,6,21,16,53.38571428571428,26.34166666666667,0.7619047619047619,2026-02,unreliable_trip_rate,0.0,1.0,0.0,0.0,True
9,Auburndale,4,4,3,39.30833333333334,17.4,0.75,2026-02,unreliable_trip_rate,0.0,1.0,0.0,0.0,True
12,Battery Park,7,4,3,15.316666666666666,11.833333333333334,0.75,2026-02,unreliable_trip_rate,0.0,1.0,0.0,0.0,True
31,Bronx Park,18,4,3,35.50833333333333,23.225,0.75,2026-02,unreliable_trip_rate,0.0,1.0,0.0,0.0,True
38,Cambria Heights,1,4,3,32.087500000000006,19.966666666666665,0.75,2026-02,unreliable_trip_rate,0.0,1.0,0.0,0.0,True
51,Co-Op City,2,4,3,22.945833333333333,14.05,0.75,2026-02,unreliable_trip_rate,0.0,1.0,0.0,0.0,True
57,Corona,17,4,3,67.59166666666667,36.35,0.75,2026-02,unreliable_trip_rate,0.0,1.0,0.0,0.0,True
73,East Flushing,2,4,3,24.8625,17.541666666666668,0.75,2026-02,unreliable_trip_rate,0.0,1.0,0.0,0.0,True
73,East Flushing,9,4,3,66.65,33.53333333333333,0.75,2026-02,unreliable_trip_rate,0.0,1.0,0.0,0.0,True
96,Forest Park/Highland Park,12,4,3,50.59583333333333,33.38333333333333,0.75,2026-02,unreliable_trip_rate,0.0,1.0,0.0,0.0,True
118,Heartland Village/Todt Hill,7,4,3,48.84166666666667,29.058333333333334,0.75,2026-02,unreliable_trip_rate,0.0,1.0,0.0,0.0,True
120,Highbridge Park,16,4,3,45.824999999999996,13.733333333333333,0.75,2026-02,unreliable_trip_rate,0.0,1.0,0.0,0.0,True
123,Homecrest,6,24,18,61.77361111111111,28.933333333333334,0.75,2026-02,unreliable_trip_rate,0.0,1.0,0.0,0.0,True
128,Inwood Hill Park,10,4,3,23.475,13.316666666666666,0.75,2026-02,unreliable_trip_rate,0.0,1.0,0.0,0.0,True
128,Inwood Hill Park,12,4,3,35.108333333333334,13.833333333333334,0.75,2026-02,unreliable_trip_rate,0.0,1.0,0.0,0.0,True
131,Jamaica Estates,2,4,3,26.283333333333335,17.541666666666668,0.75,2026-02,unreliable_trip_rate,0.0,1.0,0.0,0.0,True
139,Laurelton,4,12,9,30.025000000000002,17.4,0.75,2026-02,unreliable_trip_rate,0.0,1.0,0.0,0.0,True
150,Manhattan Beach,7,8,6,51.49166666666667,29.641666666666666,0.75,2026-02,unreliable_trip_rate,0.0,1.0,0.0,0.0,True
171,Murray Hill-Queens,3,8,6,22.06458333333333,16.966666666666665,0.75,2026-02,unreliable_trip_rate,0.0,1.0,0.0,0.0,True
175,Oakland Gardens,4,4,3,21.729166666666668,17.4,0.75,2026-02,unreliable_trip_rate,0.0,1.0,0.0,0.0,True
194,Randalls Island,14,4,3,20.47083333333333,14.066666666666666,0.75,2026-02,unreliable_trip_rate,0.0,1.0,0.0,0.0,True
202,Roosevelt Island,4,12,9,19.648611111111112,11.4,0.75,2026-02,unreliable_trip_rate,0.0,1.0,0.0,0.0,True
202,Roosevelt Island,20,16,12,21.953125,12.683333333333334,0.75,2026-02,unreliable_trip_rate,0.0,1.0,0.0,0.0,True
221,Stapleton,18,4,3,21.1,14.1,0.75,2026-02,unreliable_trip_rate,1.0,0.0,0.0,0.0,True
252,Whitestone,5,16,12,33.609375,20.25,0.75,2026-02,unreliable_trip_rate,0.0,1.0,0.0,0.0,True
101,Glen Oaks,6,23,17,53.094202898550726,26.34166666666667,0.7391304347826086,2026-02,unreliable_trip_rate,0.0,1.0,0.0,0.0,True
153,Marble Hill,18,19,14,19.667543859649122,13.116666666666667,0.7368421052631579,2026-02,unreliable_trip_rate,0.0,1.0,0.0,0.0,True
220,Spuyten Duyvil/Kingsbridge,5,19,14,42.338596491228074,27.383333333333333,0.7368421052631579,2026-02,unreliable_trip_rate,0.0,1.0,0.0,0.0,True
60,Crotona Park East,4,15,11,38.16555555555556,19.833333333333332,0.7333333333333333,2026-02,unreliable_trip_rate,0.0,1.0,0.0,0.0,True
16,Bayside,15,11,8,68.2969696969697,41.333333333333336,0.7272727272727273,2026-02,unreliable_trip_rate,0.0,1.0,0.0,0.0,True
189,Prospect Heights,2,18,13,27.537962962962965,19.025,0.7222222222222222,2026-02,unreliable_trip_rate,0.0,1.0,0.0,0.0,True
149,Madison,5,25,18,49.714,23.483333333333334,0.72,2026-02,unreliable_trip_rate,0.0,1.0,0.0,0.0,True
11,Bath Beach,6,14,10,48.37261904761905,28.933333333333334,0.7142857142857143,2026-02,unreliable_trip_rate,0.0,1.0,0.0,0.0,True
12,Battery Park,22,7,5,18.952380952380953,12.866666666666667,0.7142857142857143,2026-02,unreliable_trip_rate,0.0,1.0,0.0,0.0,True
21,Bensonhurst East,4,7,5,33.64523809523809,19.583333333333332,0.7142857142857143,2026-02,unreliable_trip_rate,0.0,1.0,0.0,0.0,True
38,Cambria Heights,11,21,15,59.11190476190476,33.56666666666667,0.7142857142857143,2026-02,unreliable_trip_rate,0.0,1.0,0.0,0.0,True
153,Marble Hill,20,14,10,26.33095238095238,12.683333333333334,0.7142857142857143,2026-02,unreliable_trip_rate,0.0,1.0,0.0,0.0,True
174,Norwood,3,7,5,28.34047619047619,16.46666666666667,0.7142857142857143,2026-02,unreliable_trip_rate,0.0,1.0,0.0,0.0,True
222,Starrett City,4,21,15,37.6484126984127,19.583333333333332,0.7142857142857143,2026-02,unreliable_trip_rate,0.0,1.0,0.0,0.0,True
20,Belmont,15,24,17,68.07916666666667,30.266666666666666,0.7083333333333334,2026-02,unreliable_trip_rate,0.0,1.0,0.0,0.0,True
11,Bath Beach,10,17,12,41.75,28.716666666666665,0.7058823529411765,2026-02,unreliable_trip_rate,0.0,1.0,0.0,0.0,True
12,Battery Park,19,17,12,19.76666666666667,12.633333333333333,0.7058823529411765,2026-02,unreliable_trip_rate,0.0,1.0,0.0,0.0,True
32,Bronxdale,21,27,19,42.669135802469135,18.84166666666667,0.7037037037037037,2026-02,unreliable_trip_rate,0.0,1.0,0.0,0.0,True
55,Coney Island,3,10,7,38.531666666666666,18.966666666666665,0.7,2026-02,unreliable_trip_rate,0.0,1.0,0.0,0.0,True
120,Highbridge Park,10,10,7,33.62833333333333,13.316666666666666,0.7,2026-02,unreliable_trip_rate,0.0,1.0,0.0,0.0,True
32,Bronxdale,18,23,16,41.119565217391305,23.225,0.6956521739130435,2026-02,unreliable_trip_rate,0.0,1.0,0.0,0.0,True
91,Flatlands,3,13,9,35.702564102564104,18.966666666666665,0.6923076923076923,2026-02,unreliable_trip_rate,0.0,1.0,0.0,0.0,True
153,Marble Hill,21,13,9,17.334615384615383,12.8,0.6923076923076923,2026-02,unreliable_trip_rate,0.0,1.0,0.0,0.0,True
108,Gravesend,15,29,20,63.28735632183908,28.233333333333334,0.6896551724137931,2026-02,unreliable_trip_rate,0.0,1.0,0.0,0.0,True
35,Brownsville,1,16,11,34.79375,19.716666666666665,0.6875,2026-02,unreliable_trip_rate,0.0,1.0,0.0,0.0,True
18,Bedford Park,4,22,15,35.49393939393939,19.833333333333332,0.6818181818181818,2026-02,unreliable_trip_rate,0.0,1.0,0.0,0.0,True
259,Woodlawn/Wakefield,16,25,17,66.89133333333334,30.883333333333333,0.68,2026-02,unreliable_trip_rate,0.0,1.0,0.0,0.0,True
3,Allerton/Pelham Gardens,5,24,16,40.91111111111111,27.383333333333333,0.6666666666666666,2026-02,unreliable_trip_rate,0.0,1.0,0.0,0.0,True
3,Allerton/Pelham Gardens,21,15,10,34.92666666666666,18.84166666666667,0.6666666666666666,2026-02,unreliable_trip_rate,0.0,1.0,0.0,0.0,True
12,Battery Park,20,9,6,19.200000000000003,12.683333333333334,0.6666666666666666,2026-02,unreliable_trip_rate,0.0,1.0,0.0,0.0,True
15,Bay Terrace/Fort Totten,5,6,4,26.875,20.25,0.6666666666666666,2026-02,unreliable_trip_rate,0.0,1.0,0.0,0.0,True
20,Belmont,2,3,2,15.333333333333334,14.05,0.6666666666666666,2026-02,unreliable_trip_rate,0.0,1.0,0.0,0.0,True
23,Bloomfield/Emerson Hill,23,3,2,24.099999999999998,13.916666666666666,0.6666666666666666,2026-02,unreliable_trip_rate,1.0,0.0,0.0,0.0,True
27,Breezy Point/Fort Tilden/Riis Beach,17,3,2,50.861111111111114,36.35,0.6666666666666666,2026-02,unreliable_trip_rate,0.0,1.0,0.0,0.0,True
31,Bronx Park,17,6,4,51.230555555555554,27.008333333333333,0.6666666666666666,2026-02,unreliable_trip_rate,0.0,1.0,0.0,0.0,True
31,Bronx Park,20,3,2,32.05555555555555,20.783333333333335,0.6666666666666666,2026-02,unreliable_trip_rate,0.0,1.0,0.0,0.0,True
54,Columbia Street,1,3,2,25.055555555555557,19.716666666666665,0.6666666666666666,2026-02,unreliable_trip_rate,0.0,1.0,0.0,0.0,True
57,Corona,5,6,4,28.96111111111111,20.25,0.6666666666666666,2026-02,unreliable_trip_rate,0.0,1.0,0.0,0.0,True
59,Crotona Park,6,3,2,47.138888888888886,32.43333333333333,0.6666666666666666,2026-02,unreliable_trip_rate,0.0,1.0,0.0,0.0,True
64,Douglaston,6,9,6,40.58703703703704,26.34166666666667,0.6666666666666666,2026-02,unreliable_trip_rate,0.0,1.0,0.0,0.0,True
70,East Elmhurst,5,12,8,31.53611111111111,20.25,0.6666666666666666,2026-02,unreliable_trip_rate,0.0,1.0,0.0,0.0,True
81,Eastchester,1,3,2,23.76111111111111,14.941666666666666,0.6666666666666666,2026-02,unreliable_trip_rate,0.0,1.0,0.0,0.0,True
81,Eastchester,2,6,4,20.944444444444446,14.05,0.6666666666666666,2026-02,unreliable_trip_rate,0.0,1.0,0.0,0.0,True
94,Fordham South,5,18,12,42.73425925925926,27.383333333333333,0.6666666666666666,2026-02,unreliable_trip_rate,0.0,1.0,0.0,0.0,True
101,Glen Oaks,9,6,4,50.51388888888889,33.53333333333333,0.6666666666666666,2026-02,unreliable_trip_rate,0.0,1.0,0.0,0.0,True
115,Grymes Hill/Clifton,6,6,4,38.96944444444444,24.791666666666664,0.6666666666666666,2026-02,unreliable_trip_rate,0.0,1.0,0.0,0.0,True
117,Hammels/Arverne,0,6,4,33.81666666666667,21.433333333333334,0.6666666666666666,2026-02,unreliable_trip_rate,0.0,1.0,0.0,0.0,True
117,Hammels/Arverne,1,6,4,24.522222222222222,19.966666666666665,0.6666666666666666,2026-02,unreliable_trip_rate,0.0,1.0,0.0,0.0,True
120,Highbridge Park,6,3,2,22.505555555555556,10.666666666666666,0.6666666666666666,2026-02,unreliable_trip_rate,0.0,1.0,0.0,0.0,True
120,Highbridge Park,14,6,4,23.03333333333333,14.066666666666666,0.6666666666666666,2026-02,unreliable_trip_rate,0.0,1.0,0.0,0.0,True
120,Highbridge Park,18,3,2,24.900000000000002,13.116666666666667,0.6666666666666666,2026-02,unreliable_trip_rate,0.0,1.0,0.0,0.0,True
123,Homecrest,3,3,2,26.066666666666666,18.966666666666665,0.6666666666666666,2026-02,unreliable_trip_rate,0.0,1.0,0.0,0.0,True
128,Inwood Hill Park,9,9,6,24.757407407407406,13.3,0.6666666666666666,2026-02,unreliable_trip_rate,0.0,1.0,0.0,0.0,True
133,Kensington,4,6,4,24.002777777777776,19.583333333333332,0.6666666666666666,2026-02,unreliable_trip_rate,0.0,1.0,0.0,0.0,True
139,Laurelton,2,3,2,25.777777777777775,17.541666666666668,0.6666666666666666,2026-02,unreliable_trip_rate,0.0,1.0,0.0,0.0,True
153,Marble Hill,12,9,6,39.11666666666667,13.833333333333334,0.6666666666666666,2026-02,unreliable_trip_rate,0.0,1.0,0.0,0.0,True
153,Marble Hill,15,6,4,22.594444444444445,14.1,0.6666666666666666,2026-02,unreliable_trip_rate,0.0,1.0,0.0,0.0,True
154,Marine Park/Floyd Bennett Field,17,3,2,44.15,25.575,0.6666666666666666,2026-02,unreliable_trip_rate,0.0,1.0,0.0,0.0,True
154,Marine Park/Floyd Bennett Field,18,3,2,35.36111111111111,23.816666666666666,0.6666666666666666,2026-02,unreliable_trip_rate,0.0,1.0,0.0,0.0,True
156,Mariners Harbor,7,3,2,35.61666666666667,29.058333333333334,0.6666666666666666,2026-02,unreliable_trip_rate,0.0,1.0,0.0,0.0,True
165,Midwood,5,15,10,43.68111111111111,23.483333333333334,0.6666666666666666,2026-02,unreliable_trip_rate,0.0,1.0,0.0,0.0,True
194,Randalls Island,7,6,4,28.41111111111111,11.833333333333334,0.6666666666666666,2026-02,unreliable_trip_rate,0.0,1.0,0.0,0.0,True
194,Randalls Island,17,6,4,32.22777777777778,13.483333333333333,0.6666666666666666,2026-02,unreliable_trip_rate,0.0,1.0,0.0,0.0,True
194,Randalls Island,20,6,4,27.558333333333334,12.683333333333334,0.6666666666666666,2026-02,unreliable_trip_rate,0.0,1.0,0.0,0.0,True
201,Rockaway Park,6,9,6,40.8537037037037,26.34166666666667,0.6666666666666666,2026-02,unreliable_trip_rate,0.0,1.0,0.0,0.0,True
201,Rockaway Park,15,9,6,72.57037037037037,41.333333333333336,0.6666666666666666,2026-02,unreliable_trip_rate,0.0,1.0,0.0,0.0,True
205,Saint Albans,3,27,18,33.382716049382715,16.966666666666665,0.6666666666666666,2026-02,unreliable_trip_rate,0.0,1.0,0.0,0.0,True
222,Starrett City,1,3,2,28.71666666666667,19.716666666666665,0.6666666666666666,2026-02,unreliable_trip_rate,0.0,1.0,0.0,0.0,True
251,Westerleigh,7,3,2,35.48888888888889,29.058333333333334,0.6666666666666666,2026-02,unreliable_trip_rate,0.0,1.0,0.0,0.0,True
251,Westerleigh,17,3,2,31.733333333333334,21.200000000000003,0.6666666666666666,2026-02,unreliable_trip_rate,0.0,1.0,0.0,0.0,True
127,Inwood,2,23,15,17.42391304347826,11.533333333333333,0.6521739130434783,2026-02,unreliable_trip_rate,0.0,1.0,0.0,0.0,True
147,Longwood,10,23,15,49.85,35.916666666666664,0.6521739130434783,2026-02,unreliable_trip_rate,0.0,1.0,0.0,0.0,True
174,Norwood,0,20,13,23.215833333333332,15.233333333333333,0.65,2026-02,unreliable_trip_rate,0.0,1.0,0.0,0.0,True
124,Howard Beach,4,17,11,29.55,17.4,0.6470588235294118,2026-02,unreliable_trip_rate,0.0,1.0,0.0,0.0,True
124,Howard Beach,5,17,11,41.32843137254902,20.25,0.6470588235294118,2026-02,unreliable_trip_rate,0.0,1.0,0.0,0.0,True
117,Hammels/Arverne,21,14,9,41.60476190476191,24.983333333333334,0.6428571428571429,2026-02,unreliable_trip_rate,0.0,1.0,0.0,0.0,True
139,Laurelton,11,14,9,47.24285714285714,33.56666666666667,0.6428571428571429,2026-02,unreliable_trip_rate,0.0,1.0,0.0,0.0,True
139,Laurelton,12,14,9,42.39761904761905,33.38333333333333,0.6428571428571429,2026-02,unreliable_trip_rate,0.0,1.0,0.0,0.0,True
222,Starrett City,20,28,18,41.727380952380955,22.833333333333332,0.6428571428571429,2026-02,unreliable_trip_rate,0.0,1.0,0.0,0.0,True
259,Woodlawn/Wakefield,0,14,9,22.014285714285712,15.233333333333333,0.6428571428571429,2026-02,unreliable_trip_rate,0.0,1.0,0.0,0.0,True
219,Springfield Gardens South,12,25,16,48.53933333333333,33.38333333333333,0.64,2026-02,unreliable_trip_rate,0.0,1.0,0.0,0.0,True
21,Bensonhurst East,6,22,14,52.93863636363637,28.933333333333334,0.6363636363636364,2026-02,unreliable_trip_rate,0.0,1.0,0.0,0.0,True
81,Eastchester,18,22,14,41.02878787878788,23.225,0.6363636363636364,2026-02,unreliable_trip_rate,0.0,1.0,0.0,0.0,True
101,Glen Oaks,8,22,14,49.929545454545455,33.65,0.6363636363636364,2026-02,unreliable_trip_rate,0.0,1.0,0.0,0.0,True
160,Middle Village,3,11,7,27.562121212121212,16.966666666666665,0.6363636363636364,2026-02,unreliable_trip_rate,0.0,1.0,0.0,0.0,True
183,Pelham Bay,15,11,7,47.16969696969697,30.266666666666666,0.6363636363636364,2026-02,unreliable_trip_rate,0.0,1.0,0.0,0.0,True
254,Williamsbridge/Olinville,0,11,7,21.013636363636365,15.233333333333333,0.6363636363636364,2026-02,unreliable_trip_rate,0.0,1.0,0.0,0.0,True
31,Bronx Park,14,8,5,40.010416666666664,30.233333333333334,0.625,2026-02,unreliable_trip_rate,0.0,1.0,0.0,0.0,True
38,Cambria Heights,12,16,10,44.59375,33.38333333333333,0.625,2026-02,unreliable_trip_rate,0.0,1.0,0.0,0.0,True
117,Hammels/Arverne,23,8,5,36.145833333333336,22.466666666666665,0.625,2026-02,unreliable_trip_rate,0.0,1.0,0.0,0.0,True
184,Pelham Bay Park,6,8,5,55.68333333333333,32.43333333333333,0.625,2026-02,unreliable_trip_rate,0.0,1.0,0.0,0.0,True
201,Rockaway Park,9,16,10,66.19895833333334,33.53333333333333,0.625,2026-02,unreliable_trip_rate,0.0,1.0,0.0,0.0,True
220,Spuyten Duyvil/Kingsbridge,4,8,5,31.579166666666666,19.833333333333332,0.625,2026-02,unreliable_trip_rate,0.0,1.0,0.0,0.0,True
242,Van Nest/Morris Park,4,16,10,39.251041666666666,19.833333333333332,0.625,2026-02,unreliable_trip_rate,0.0,1.0,0.0,0.0,True
250,Westchester Village/Unionport,3,8,5,27.914583333333333,16.46666666666667,0.625,2026-02,unreliable_trip_rate,0.0,1.0,0.0,0.0,True
259,Woodlawn/Wakefield,22,16,10,29.245833333333334,17.366666666666667,0.625,2026-02,unreliable_trip_rate,0.0,1.0,0.0,0.0,True
265,Outside of NYC,7,16,10,21.217708333333334,11.116666666666667,0.625,2026-02,unreliable_trip_rate,0.0,1.0,0.0,0.0,True
81,Eastchester,22,29,18,27.785057471264366,17.366666666666667,0.6206896551724138,2026-02,unreliable_trip_rate,0.0,1.0,0.0,0.0,True
250,Westchester Village/Unionport,15,29,18,44.09827586206896,30.266666666666666,0.6206896551724138,2026-02,unreliable_trip_rate,0.0,1.0,0.0,0.0,True
12,Battery Park,10,21,13,25.015079365079362,13.316666666666666,0.6190476190476191,2026-02,unreliable_trip_rate,0.0,1.0,0.0,0.0,True
67,Dyker Heights,5,13,8,40.74871794871795,23.483333333333334,0.6153846153846154,2026-02,unreliable_trip_rate,0.0,1.0,0.0,0.0,True
108,Gravesend,5,13,8,46.33589743589744,23.483333333333334,0.6153846153846154,2026-02,unreliable_trip_rate,0.0,1.0,0.0,0.0,True
165,Midwood,0,13,8,29.441025641025643,20.2,0.6153846153846154,2026-02,unreliable_trip_rate,0.0,1.0,0.0,0.0,True
47,Claremont/Bathgate,4,18,11,32.61388888888889,19.833333333333332,0.6111111111111112,2026-02,unreliable_trip_rate,0.0,1.0,0.0,0.0,True
81,Eastchester,23,18,11,23.553703703703704,15.791666666666668,0.6111111111111112,2026-02,unreliable_trip_rate,0.0,1.0,0.0,0.0,True
122,Hollis,12,18,11,49.63148148148148,33.38333333333333,0.6111111111111112,2026-02,unreliable_trip_rate,0.0,1.0,0.0,0.0,True
89,Flatbush/Ditmas Park,3,23,14,29.73478260869565,18.966666666666665,0.6086956521739131,2026-02,unreliable_trip_rate,0.0,1.0,0.0,0.0,True
121,Hillcrest/Pomonok,4,23,14,25.708695652173912,17.4,0.6086956521739131,2026-02,unreliable_trip_rate,0.0,1.0,0.0,0.0,True
1,Newark Airport,17,5,3,29.74,14.616666666666667,0.6,2026-02,unreliable_trip_rate,1.0,0.0,0.0,0.0,True
21,Bensonhurst East,5,10,6,37.96333333333333,23.483333333333334,0.6,2026-02,unreliable_trip_rate,0.0,1.0,0.0,0.0,True
58,Country Club,6,5,3,41.519999999999996,32.43333333333333,0.6,2026-02,unreliable_trip_rate,0.0,1.0,0.0,0.0,True
71,East Flatbush/Farragut,2,5,3,34.7,19.025,0.6,2026-02,unreliable_trip_rate,0.0,1.0,0.0,0.0,True
72,East Flatbush/Remsen Village,1,5,3,29.606666666666666,19.716666666666665,0.6,2026-02,unreliable_trip_rate,0.0,1.0,0.0,0.0,True
96,Forest Park/Highland Park,10,5,3,41.06,33.733333333333334,0.6,2026-02,unreliable_trip_rate,0.0,1.0,0.0,0.0,True
101,Glen Oaks,5,5,3,29.10333333333333,20.25,0.6,2026-02,unreliable_trip_rate,0.0,1.0,0.0,0.0,True
120,Highbridge Park,17,5,3,18.223333333333336,13.483333333333333,0.6,2026-02,unreliable_trip_rate,0.0,1.0,0.0,0.0,True
128,Inwood Hill Park,22,5,3,19.393333333333334,12.866666666666667,0.6,2026-02,unreliable_trip_rate,0.0,1.0,0.0,0.0,True
133,Kensington,5,15,9,34.94888888888889,23.483333333333334,0.6,2026-02,unreliable_trip_rate,0.0,1.0,0.0,0.0,True
136,Kingsbridge Heights,0,5,3,20.87333333333333,15.233333333333333,0.6,2026-02,unreliable_trip_rate,0.0,1.0,0.0,0.0,True
153,Marble Hill,0,5,3,14.363333333333333,12.233333333333333,0.6,2026-02,unreliable_trip_rate,0.0,1.0,0.0,0.0,True
153,Marble Hill,1,5,3,12.273333333333333,11.95,0.6,2026-02,unreliable_trip_rate,0.0,1.0,0.0,0.0,True
175,Oakland Gardens,3,5,3,21.4,16.966666666666665,0.6,2026-02,unreliable_trip_rate,0.0,1.0,0.0,0.0,True
183,Pelham Bay,11,5,3,66.08666666666667,36.05,0.6,2026-02,unreliable_trip_rate,0.0,1.0,0.0,0.0,True
185,Pelham Parkway,13,25,15,55.43866666666667,32.1,0.6,2026-02,unreliable_trip_rate,0.0,1.0,0.0,0.0,True
203,Rosedale,11,15,9,55.54888888888889,33.56666666666667,0.6,2026-02,unreliable_trip_rate,0.0,1.0,0.0,0.0,True
218,Springfield Gardens North,1,10,6,33.95333333333333,19.966666666666665,0.6,2026-02,unreliable_trip_rate,0.0,1.0,0.0,0.0,True
219,Springfield Gardens South,2,5,3,38.43333333333333,17.541666666666668,0.6,2026-02,unreliable_trip_rate,0.0,1.0,0.0,0.0,True
240,Van Cortlandt Park,7,20,12,44.263333333333335,32.833333333333336,0.6,2026-02,unreliable_trip_rate,0.0,1.0,0.0,0.0,True
265,Outside of NYC,6,15,9,25.403333333333332,12.483333333333333,0.6,2026-02,unreliable_trip_rate,0.0,1.0,0.0,0.0,True
117,Hammels/Arverne,19,22,13,50.19166666666667,30.15,0.5909090909090909,2026-02,unreliable_trip_rate,0.0,1.0,0.0,0.0,True
67,Dyker Heights,16,17,10,44.1764705882353,27.583333333333332,0.5882352941176471,2026-02,unreliable_trip_rate,0.0,1.0,0.0,0.0,True
149,Madison,6,17,10,49.515686274509804,28.933333333333334,0.5882352941176471,2026-02,unreliable_trip_rate,0.0,1.0,0.0,0.0,True
189,Prospect Heights,3,17,10,25.109803921568627,18.966666666666665,0.5882352941176471,2026-02,unreliable_trip_rate,0.0,1.0,0.0,0.0,True
203,Rosedale,12,17,10,52.92254901960785,33.38333333333333,0.5882352941176471,2026-02,unreliable_trip_rate,0.0,1.0,0.0,0.0,True
240,Van Cortlandt Park,6,17,10,50.71078431372549,32.43333333333333,0.5882352941176471,2026-02,unreliable_trip_rate,0.0,1.0,0.0,0.0,True
21,Bensonhurst East,23,12,7,25.23472222222222,20.8,0.5833333333333334,2026-02,unreliable_trip_rate,0.0,1.0,0.0,0.0,True
92,Flushing,11,24,14,46.17847222222222,33.56666666666667,0.5833333333333334,2026-02,unreliable_trip_rate,0.0,1.0,0.0,0.0,True
178,Ocean Parkway South,6,12,7,54.94027777777777,28.933333333333334,0.5833333333333334,2026-02,unreliable_trip_rate,0.0,1.0,0.0,0.0,True
194,Randalls Island,18,12,7,22.631944444444443,13.116666666666667,0.5833333333333334,2026-02,unreliable_trip_rate,0.0,1.0,0.0,0.0,True
200,Riverdale/North Riverdale/Fieldston,0,12,7,21.570833333333336,15.233333333333333,0.5833333333333334,2026-02,unreliable_trip_rate,0.0,1.0,0.0,0.0,True
201,Rockaway Park,19,12,7,43.61527777777778,30.15,0.5833333333333334,2026-02,unreliable_trip_rate,0.0,1.0,0.0,0.0,True
81,Eastchester,19,19,11,34.62456140350877,20.7,0.5789473684210527,2026-02,unreliable_trip_rate,0.0,1.0,0.0,0.0,True
150,Manhattan Beach,11,19,11,57.16842105263158,28.85,0.5789473684210527,2026-02,unreliable_trip_rate,0.0,1.0,0.0,0.0,True
32,Bronxdale,9,26,15,50.330128205128204,33.8,0.5769230769230769,2026-02,unreliable_trip_rate,0.0,1.0,0.0,0.0,True
117,Hammels/Arverne,18,26,15,49.17307692307692,31.483333333333334,0.5769230769230769,2026-02,unreliable_trip_rate,0.0,1.0,0.0,0.0,True
155,Marine Park/Mill Basin,5,26,15,40.97628205128205,23.483333333333334,0.5769230769230769,2026-02,unreliable_trip_rate,0.0,1.0,0.0,0.0,True
3,Allerton/Pelham Gardens,12,14,8,46.12857142857143,33.625,0.5714285714285714,2026-02,unreliable_trip_rate,0.0,1.0,0.0,0.0,True
12,Battery Park,0,7,4,17.904761904761905,12.233333333333333,0.5714285714285714,2026-02,unreliable_trip_rate,0.0,1.0,0.0,0.0,True
46,City Island,11,7,4,48.80714285714286,36.05,0.5714285714285714,2026-02,unreliable_trip_rate,0.0,1.0,0.0,0.0,True
64,Douglaston,10,7,4,46.57142857142857,33.733333333333334,0.5714285714285714,2026-02,unreliable_trip_rate,0.0,1.0,0.0,0.0,True
139,Laurelton,20,7,4,47.300000000000004,27.883333333333333,0.5714285714285714,2026-02,unreliable_trip_rate,0.0,1.0,0.0,0.0,True
153,Marble Hill,19,14,8,21.311904761904763,12.633333333333333,0.5714285714285714,2026-02,unreliable_trip_rate,0.0,1.0,0.0,0.0,True
159,Melrose South,2,7,4,22.914285714285715,14.05,0.5714285714285714,2026-02,unreliable_trip_rate,0.0,1.0,0.0,0.0,True
194,Randalls Island,16,7,4,22.238095238095237,13.733333333333333,0.5714285714285714,2026-02,unreliable_trip_rate,0.0,1.0,0.0,0.0,True
200,Riverdale/North Riverdale/Fieldston,23,7,4,24.78809523809524,15.791666666666668,0.5714285714285714,2026-02,unreliable_trip_rate,0.0,1.0,0.0,0.0,True
213,Soundview/Castle Hill,21,28,16,27.43095238095238,18.84166666666667,0.5714285714285714,2026-02,unreliable_trip_rate,0.0,1.0,0.0,0.0,True
235,University Heights/Morris Heights,23,21,12,28.608730158730157,15.791666666666668,0.5714285714285714,2026-02,unreliable_trip_rate,0.0,1.0,0.0,0.0,True
240,Van Cortlandt Park,5,7,4,33.46190476190476,27.383333333333333,0.5714285714285714,2026-02,unreliable_trip_rate,0.0,1.0,0.0,0.0,True
254,Williamsbridge/Olinville,4,28,16,30.466666666666665,19.833333333333332,0.5714285714285714,2026-02,unreliable_trip_rate,0.0,1.0,0.0,0.0,True
257,Windsor Terrace,15,21,12,35.361111111111114,28.233333333333334,0.5714285714285714,2026-02,unreliable_trip_rate,0.0,1.0,0.0,0.0,True
265,Outside of NYC,10,14,8,23.822619047619046,13.208333333333332,0.5714285714285714,2026-02,unreliable_trip_rate,0.0,1.0,0.0,0.0,True
265,Outside of NYC,20,21,12,23.366666666666667,11.75,0.5714285714285714,2026-02,unreliable_trip_rate,0.0,1.0,0.0,0.0,True
265,Outside of NYC,22,21,12,20.019841269841272,13.216666666666667,0.5714285714285714,2026-02,unreliable_trip_rate,0.0,1.0,0.0,0.0,True
189,Prospect Heights,4,16,9,25.457291666666666,19.583333333333332,0.5625,2026-02,unreliable_trip_rate,0.0,1.0,0.0,0.0,True
190,Prospect Park,21,16,9,29.370833333333334,22.083333333333332,0.5625,2026-02,unreliable_trip_rate,0.0,1.0,0.0,0.0,True
252,Whitestone,4,16,9,27.816666666666666,17.4,0.5625,2026-02,unreliable_trip_rate,0.0,1.0,0.0,0.0,True
3,Allerton/Pelham Gardens,10,18,10,43.1462962962963,35.916666666666664,0.5555555555555556,2026-02,unreliable_trip_rate,0.0,1.0,0.0,0.0,True
12,Battery Park,11,27,15,19.01543209876543,13.75,0.5555555555555556,2026-02,unreliable_trip_rate,0.0,1.0,0.0,0.0,True
19,Bellerose,6,27,15,38.59197530864198,26.34166666666667,0.5555555555555556,2026-02,unreliable_trip_rate,0.0,1.0,0.0,0.0,True
20,Belmont,0,9,5,21.164814814814818,15.233333333333333,0.5555555555555556,2026-02,unreliable_trip_rate,0.0,1.0,0.0,0.0,True
20,Belmont,13,27,15,43.838888888888896,32.1,0.5555555555555556,2026-02,unreliable_trip_rate,0.0,1.0,0.0,0.0,True
31,Bronx Park,9,9,5,47.44814814814814,33.8,0.5555555555555556,2026-02,unreliable_trip_rate,0.0,1.0,0.0,0.0,True
55,Coney Island,0,18,10,27.907407407407405,20.2,0.5555555555555556,2026-02,unreliable_trip_rate,0.0,1.0,0.0,0.0,True
81,Eastchester,20,27,15,42.074074074074076,20.783333333333335,0.5555555555555556,2026-02,unreliable_trip_rate,0.0,1.0,0.0,0.0,True
150,Manhattan Beach,16,18,10,44.63055555555556,27.583333333333332,0.5555555555555556,2026-02,unreliable_trip_rate,0.0,1.0,0.0,0.0,True
153,Marble Hill,22,9,5,20.824074074074076,12.866666666666667,0.5555555555555556,2026-02,unreliable_trip_rate,0.0,1.0,0.0,0.0,True
194,Randalls Island,10,9,5,17.935185185185183,13.316666666666666,0.5555555555555556,2026-02,unreliable_trip_rate,0.0,1.0,0.0,0.0,True
201,Rockaway Park,20,9,5,49.90185185185185,27.883333333333333,0.5555555555555556,2026-02,unreliable_trip_rate,0.0,1.0,0.0,0.0,True
242,Van Nest/Morris Park,0,18,10,24.355555555555554,15.233333333333333,0.5555555555555556,2026-02,unreliable_trip_rate,0.0,1.0,0.0,0.0,True
254,Williamsbridge/Olinville,1,9,5,21.566666666666666,14.941666666666666,0.5555555555555556,2026-02,unreliable_trip_rate,0.0,1.0,0.0,0.0,True
265,Outside of NYC,9,18,10,25.842592592592595,14.491666666666667,0.5555555555555556,2026-02,unreliable_trip_rate,0.0,1.0,0.0,0.0,True
81,Eastchester,16,29,16,48.55402298850574,30.883333333333333,0.5517241379310345,2026-02,unreliable_trip_rate,0.0,1.0,0.0,0.0,True
94,Fordham South,15,20,11,54.381666666666675,30.266666666666666,0.55,2026-02,unreliable_trip_rate,0.0,1.0,0.0,0.0,True
108,Gravesend,18,20,11,36.524166666666666,23.816666666666666,0.55,2026-02,unreliable_trip_rate,0.0,1.0,0.0,0.0,True
6,Arrochar/Fort Wadsworth,8,11,6,52.57878787878788,29.85,0.5454545454545454,2026-02,unreliable_trip_rate,0.0,1.0,0.0,0.0,True
12,Battery Park,8,11,6,20.21060606060606,13.283333333333333,0.5454545454545454,2026-02,unreliable_trip_rate,0.0,1.0,0.0,0.0,True
19,Bellerose,11,11,6,58.47121212121212,33.56666666666667,0.5454545454545454,2026-02,unreliable_trip_rate,0.0,1.0,0.0,0.0,True
120,Highbridge Park,8,11,6,22.216666666666665,13.283333333333333,0.5454545454545454,2026-02,unreliable_trip_rate,0.0,1.0,0.0,0.0,True
215,South Jamaica,3,11,6,19.256060606060604,16.966666666666665,0.5454545454545454,2026-02,unreliable_trip_rate,0.0,1.0,0.0,0.0,True
219,Springfield Gardens South,4,11,6,32.048484848484854,17.4,0.5454545454545454,2026-02,unreliable_trip_rate,0.0,1.0,0.0,0.0,True
259,Woodlawn/Wakefield,5,22,12,41.74166666666667,27.383333333333333,0.5454545454545454,2026-02,unreliable_trip_rate,0.0,1.0,0.0,0.0,True
265,Outside of NYC,1,11,6,18.721212121212123,11.825,0.5454545454545454,2026-02,unreliable_trip_rate,0.0,1.0,0.0,0.0,True
265,Outside of NYC,21,22,12,21.108333333333334,12.216666666666667,0.5454545454545454,2026-02,unreliable_trip_rate,0.0,1.0,0.0,0.0,True
20,Belmont,16,24,13,48.31597222222222,30.883333333333333,0.5416666666666666,2026-02,unreliable_trip_rate,0.0,1.0,0.0,0.0,True
102,Glendale,4,24,13,21.53402777777778,17.4,0.5416666666666666,2026-02,unreliable_trip_rate,0.0,1.0,0.0,0.0,True
122,Hollis,10,24,13,49.40694444444444,33.733333333333334,0.5416666666666666,2026-02,unreliable_trip_rate,0.0,1.0,0.0,0.0,True
136,Kingsbridge Heights,14,24,13,42.668055555555554,30.233333333333334,0.5416666666666666,2026-02,unreliable_trip_rate,0.0,1.0,0.0,0.0,True
182,Parkchester,22,24,13,22.569444444444443,17.366666666666667,0.5416666666666666,2026-02,unreliable_trip_rate,0.0,1.0,0.0,0.0,True
265,Outside of NYC,18,24,13,22.147916666666664,12.708333333333332,0.5416666666666666,2026-02,unreliable_trip_rate,0.0,1.0,0.0,0.0,True
3,Allerton/Pelham Gardens,16,13,7,47.7448717948718,30.883333333333333,0.5384615384615384,2026-02,unreliable_trip_rate,0.0,1.0,0.0,0.0,True
62,Crown Heights South,2,13,7,21.189743589743593,19.025,0.5384615384615384,2026-02,unreliable_trip_rate,0.0,1.0,0.0,0.0,True
98,Fresh Meadows,6,13,7,44.50384615384615,26.34166666666667,0.5384615384615384,2026-02,unreliable_trip_rate,0.0,1.0,0.0,0.0,True
127,Inwood,1,26,14,18.870512820512822,11.95,0.5384615384615384,2026-02,unreliable_trip_rate,0.0,1.0,0.0,0.0,True
147,Longwood,18,26,14,35.81666666666667,23.225,0.5384615384615384,2026-02,unreliable_trip_rate,0.0,1.0,0.0,0.0,True
192,Queensboro Hill,5,13,7,23.94871794871795,20.25,0.5384615384615384,2026-02,unreliable_trip_rate,0.0,1.0,0.0,0.0,True
259,Woodlawn/Wakefield,17,26,14,38.84935897435898,27.008333333333333,0.5384615384615384,2026-02,unreliable_trip_rate,0.0,1.0,0.0,0.0,True
16,Bayside,8,28,15,44.969047619047615,33.65,0.5357142857142857,2026-02,unreliable_trip_rate,0.0,1.0,0.0,0.0,True
150,Manhattan Beach,14,28,15,41.80714285714286,28.866666666666667,0.5357142857142857,2026-02,unreliable_trip_rate,0.0,1.0,0.0,0.0,True
175,Oakland Gardens,8,28,15,49.36130952380953,33.65,0.5357142857142857,2026-02,unreliable_trip_rate,0.0,1.0,0.0,0.0,True
182,Parkchester,15,28,15,46.41428571428571,30.266666666666666,0.5357142857142857,2026-02,unreliable_trip_rate,0.0,1.0,0.0,0.0,True
3,Allerton/Pelham Gardens,17,15,8,40.04777777777778,27.008333333333333,0.5333333333333333,2026-02,unreliable_trip_rate,0.0,1.0,0.0,0.0,True
98,Fresh Meadows,5,15,8,35.471111111111114,20.25,0.5333333333333333,2026-02,unreliable_trip_rate,0.0,1.0,0.0,0.0,True
32,Bronxdale,15,19,10,48.280701754385966,30.266666666666666,0.5263157894736842,2026-02,unreliable_trip_rate,0.0,1.0,0.0,0.0,True
21,Bensonhurst East,19,21,11,31.763492063492063,22.833333333333332,0.5238095238095238,2026-02,unreliable_trip_rate,0.0,1.0,0.0,0.0,True
94,Fordham South,13,21,11,43.38412698412698,32.1,0.5238095238095238,2026-02,unreliable_trip_rate,0.0,1.0,0.0,0.0,True
124,Howard Beach,0,21,11,25.96825396825397,21.433333333333334,0.5238095238095238,2026-02,unreliable_trip_rate,0.0,1.0,0.0,0.0,True
182,Parkchester,21,21,11,30.820634920634923,18.84166666666667,0.5238095238095238,2026-02,unreliable_trip_rate,0.0,1.0,0.0,0.0,True
259,Woodlawn/Wakefield,20,21,11,48.1484126984127,20.783333333333335,0.5238095238095238,2026-02,unreliable_trip_rate,0.0,1.0,0.0,0.0,True
55,Coney Island,21,23,12,29.679710144927537,22.083333333333332,0.5217391304347826,2026-02,unreliable_trip_rate,0.0,1.0,0.0,0.0,True
78,East Tremont,20,23,12,30.358695652173914,20.783333333333335,0.5217391304347826,2026-02,unreliable_trip_rate,0.0,1.0,0.0,0.0,True
150,Manhattan Beach,15,23,12,49.02898550724638,28.233333333333334,0.5217391304347826,2026-02,unreliable_trip_rate,0.0,1.0,0.0,0.0,True
160,Middle Village,11,23,12,40.43188405797101,33.56666666666667,0.5217391304347826,2026-02,unreliable_trip_rate,0.0,1.0,0.0,0.0,True
205,Saint Albans,23,23,12,26.217391304347824,22.466666666666665,0.5217391304347826,2026-02,unreliable_trip_rate,0.0,1.0,0.0,0.0,True
248,West Farms/Bronx River,21,23,12,30.963043478260868,18.84166666666667,0.5217391304347826,2026-02,unreliable_trip_rate,0.0,1.0,0.0,0.0,True
178,Ocean Parkway South,12,25,13,46.07533333333334,29.283333333333335,0.52,2026-02,unreliable_trip_rate,0.0,1.0,0.0,0.0,True
241,Van Cortlandt Village,16,25,13,42.044666666666664,30.883333333333333,0.52,2026-02,unreliable_trip_rate,0.0,1.0,0.0,0.0,True
81,Eastchester,14,27,14,41.35617283950617,30.233333333333334,0.5185185185185185,2026-02,unreliable_trip_rate,0.0,1.0,0.0,0.0,True
139,Laurelton,16,27,14,61.28333333333334,42.81666666666667,0.5185185185185185,2026-02,unreliable_trip_rate,0.0,1.0,0.0,0.0,True
222,Starrett City,19,29,15,34.000574712643676,22.833333333333332,0.5172413793103449,2026-02,unreliable_trip_rate,0.0,1.0,0.0,0.0,True
1,Newark Airport,14,2,1,40.88333333333333,15.633333333333333,0.5,2026-02,unreliable_trip_rate,1.0,0.0,0.0,0.0,True
6,Arrochar/Fort Wadsworth,0,4,2,16.020833333333332,13.316666666666666,0.5,2026-02,unreliable_trip_rate,1.0,0.0,0.0,0.0,True
6,Arrochar/Fort Wadsworth,10,2,1,27.166666666666668,14.733333333333333,0.5,2026-02,unreliable_trip_rate,1.0,0.0,0.0,0.0,True
6,Arrochar/Fort Wadsworth,13,4,2,14.291666666666668,15.483333333333333,0.5,2026-02,unreliable_trip_rate,1.0,0.0,0.0,0.0,True
6,Arrochar/Fort Wadsworth,14,2,1,35.41666666666667,15.633333333333333,0.5,2026-02,unreliable_trip_rate,1.0,0.0,0.0,0.0,True
9,Auburndale,2,2,1,18.616666666666667,17.541666666666668,0.5,2026-02,unreliable_trip_rate,0.0,1.0,0.0,0.0,True
9,Auburndale,5,2,1,33.7,20.25,0.5,2026-02,unreliable_trip_rate,0.0,1.0,0.0,0.0,True
10,Baisley Park,4,16,8,27.078125,17.4,0.5,2026-02,unreliable_trip_rate,0.0,1.0,0.0,0.0,True
11,Bath Beach,9,28,14,40.333928571428565,28.0,0.5,2026-02,unreliable_trip_rate,0.0,1.0,0.0,0.0,True
11,Bath Beach,22,2,1,28.166666666666664,21.416666666666668,0.5,2026-02,unreliable_trip_rate,0.0,1.0,0.0,0.0,True
12,Battery Park,6,2,1,15.75,10.666666666666666,0.5,2026-02,unreliable_trip_rate,0.0,1.0,0.0,0.0,True
12,Battery Park,9,6,3,15.719444444444443,13.3,0.5,2026-02,unreliable_trip_rate,0.0,1.0,0.0,0.0,True
15,Bay Terrace/Fort Totten,9,8,4,40.606249999999996,33.53333333333333,0.5,2026-02,unreliable_trip_rate,0.0,1.0,0.0,0.0,True
15,Bay Terrace/Fort Totten,11,12,6,44.800000000000004,33.56666666666667,0.5,2026-02,unreliable_trip_rate,0.0,1.0,0.0,0.0,True
15,Bay Terrace/Fort Totten,17,6,3,44.6,36.35,0.5,2026-02,unreliable_trip_rate,0.0,1.0,0.0,0.0,True
16,Bayside,3,8,4,18.575,16.966666666666665,0.5,2026-02,unreliable_trip_rate,0.0,1.0,0.0,0.0,True
16,Bayside,5,8,4,29.070833333333336,20.25,0.5,2026-02,unreliable_trip_rate,0.0,1.0,0.0,0.0,True
18,Bedford Park,2,2,1,16.316666666666666,14.05,0.5,2026-02,unreliable_trip_rate,0.0,1.0,0.0,0.0,True
20,Belmont,3,2,1,22.608333333333334,16.46666666666667,0.5,2026-02,unreliable_trip_rate,0.0,1.0,0.0,0.0,True
20,Belmont,5,20,10,36.74166666666667,27.383333333333333,0.5,2026-02,unreliable_trip_rate,0.0,1.0,0.0,0.0,True
20,Belmont,11,14,7,51.13333333333333,36.05,0.5,2026-02,unreliable_trip_rate,0.0,1.0,0.0,0.0,True
20,Belmont,20,20,10,27.475,20.783333333333335,0.5,2026-02,unreliable_trip_rate,0.0,1.0,0.0,0.0,True
23,Bloomfield/Emerson Hill,7,4,2,39.1125,29.058333333333334,0.5,2026-02,unreliable_trip_rate,0.0,1.0,0.0,0.0,True
23,Bloomfield/Emerson Hill,17,4,2,28.445833333333333,21.200000000000003,0.5,2026-02,unreliable_trip_rate,0.0,1.0,0.0,0.0,True
26,Borough Park,6,22,11,37.45454545454545,28.933333333333334,0.5,2026-02,unreliable_trip_rate,0.0,1.0,0.0,0.0,True
29,Brighton Beach,4,2,1,24.075,19.583333333333332,0.5,2026-02,unreliable_trip_rate,0.0,1.0,0.0,0.0,True
30,Broad Channel,17,4,2,44.4125,36.35,0.5,2026-02,unreliable_trip_rate,0.0,1.0,0.0,0.0,True
31,Bronx Park,5,4,2,42.925,27.383333333333333,0.5,2026-02,unreliable_trip_rate,0.0,1.0,0.0,0.0,True
31,Bronx Park,7,10,5,40.34,32.833333333333336,0.5,2026-02,unreliable_trip_rate,0.0,1.0,0.0,0.0,True
31,Bronx Park,13,8,4,41.91458333333333,32.1,0.5,2026-02,unreliable_trip_rate,0.0,1.0,0.0,0.0,True
31,Bronx Park,16,6,3,48.486111111111114,30.883333333333333,0.5,2026-02,unreliable_trip_rate,0.0,1.0,0.0,0.0,True
32,Bronxdale,5,26,13,37.128846153846155,27.383333333333333,0.5,2026-02,unreliable_trip_rate,0.0,1.0,0.0,0.0,True
32,Bronxdale,22,28,14,25.473809523809525,17.366666666666667,0.5,2026-02,unreliable_trip_rate,0.0,1.0,0.0,0.0,True
33,Brooklyn Heights,3,12,6,21.273611111111112,18.966666666666665,0.5,2026-02,unreliable_trip_rate,0.0,1.0,0.0,0.0,True
40,Carroll Gardens,4,18,9,23.592592592592595,19.583333333333332,0.5,2026-02,unreliable_trip_rate,0.0,1.0,0.0,0.0,True
46,City Island,9,2,1,68.74166666666666,33.8,0.5,2026-02,unreliable_trip_rate,0.0,1.0,0.0,0.0,True
46,City Island,17,2,1,53.53333333333333,27.008333333333333,0.5,2026-02,unreliable_trip_rate,0.0,1.0,0.0,0.0,True
46,City Island,22,2,1,17.45,17.366666666666667,0.5,2026-02,unreliable_trip_rate,0.0,1.0,0.0,0.0,True
47,Claremont/Bathgate,21,26,13,26.297435897435896,18.84166666666667,0.5,2026-02,unreliable_trip_rate,0.0,1.0,0.0,0.0,True
52,Cobble Hill,2,4,2,20.508333333333333,19.025,0.5,2026-02,unreliable_trip_rate,0.0,1.0,0.0,0.0,True
57,Corona,3,2,1,22.075,16.966666666666665,0.5,2026-02,unreliable_trip_rate,0.0,1.0,0.0,0.0,True
57,Corona,9,2,1,44.791666666666664,33.53333333333333,0.5,2026-02,unreliable_trip_rate,0.0,1.0,0.0,0.0,True
57,Corona,16,2,1,51.15833333333333,42.81666666666667,0.5,2026-02,unreliable_trip_rate,0.0,1.0,0.0,0.0,True
58,Country Club,7,10,5,42.18833333333333,32.833333333333336,0.5,2026-02,unreliable_trip_rate,0.0,1.0,0.0,0.0,True
58,Country Club,14,2,1,43.225,30.233333333333334,0.5,2026-02,unreliable_trip_rate,0.0,1.0,0.0,0.0,True
58,Country Club,19,2,1,27.475,20.7,0.5,2026-02,unreliable_trip_rate,0.0,1.0,0.0,0.0,True
58,Country Club,22,4,2,32.7,17.366666666666667,0.5,2026-02,unreliable_trip_rate,0.0,1.0,0.0,0.0,True
59,Crotona Park,12,2,1,40.575,33.625,0.5,2026-02,unreliable_trip_rate,0.0,1.0,0.0,0.0,True
59,Crotona Park,22,2,1,39.824999999999996,17.366666666666667,0.5,2026-02,unreliable_trip_rate,0.0,1.0,0.0,0.0,True
60,Crotona Park East,3,2,1,22.05,16.46666666666667,0.5,2026-02,unreliable_trip_rate,0.0,1.0,0.0,0.0,True
64,Douglaston,2,2,1,24.108333333333334,17.541666666666668,0.5,2026-02,unreliable_trip_rate,0.0,1.0,0.0,0.0,True
64,Douglaston,5,6,3,33.09166666666667,20.25,0.5,2026-02,unreliable_trip_rate,0.0,1.0,0.0,0.0,True
64,Douglaston,8,6,3,52.53888888888889,33.65,0.5,2026-02,unreliable_trip_rate,0.0,1.0,0.0,0.0,True
64,Douglaston,9,8,4,43.65833333333333,33.53333333333333,0.5,2026-02,unreliable_trip_rate,0.0,1.0,0.0,0.0,True
64,Douglaston,12,6,3,49.05555555555555,33.38333333333333,0.5,2026-02,unreliable_trip_rate,0.0,1.0,0.0,0.0,True
67,Dyker Heights,2,2,1,19.075,19.025,0.5,2026-02,unreliable_trip_rate,0.0,1.0,0.0,0.0,True
67,Dyker Heights,20,18,9,24.75,22.833333333333332,0.5,2026-02,unreliable_trip_rate,0.0,1.0,0.0,0.0,True
69,East Concourse/Concourse Village,2,10,5,16.153333333333332,14.05,0.5,2026-02,unreliable_trip_rate,0.0,1.0,0.0,0.0,True
71,East Flatbush/Farragut,3,28,14,21.652380952380952,18.966666666666665,0.5,2026-02,unreliable_trip_rate,0.0,1.0,0.0,0.0,True
72,East Flatbush/Remsen Village,2,6,3,23.980555555555554,19.025,0.5,2026-02,unreliable_trip_rate,0.0,1.0,0.0,0.0,True
73,East Flushing,5,2,1,22.71666666666667,20.25,0.5,2026-02,unreliable_trip_rate,0.0,1.0,0.0,0.0,True
73,East Flushing,6,8,4,34.8375,26.34166666666667,0.5,2026-02,unreliable_trip_rate,0.0,1.0,0.0,0.0,True
73,East Flushing,10,6,3,55.38055555555555,33.733333333333334,0.5,2026-02,unreliable_trip_rate,0.0,1.0,0.0,0.0,True
73,East Flushing,11,6,3,34.76111111111111,33.56666666666667,0.5,2026-02,unreliable_trip_rate,0.0,1.0,0.0,0.0,True
73,East Flushing,12,6,3,44.333333333333336,33.38333333333333,0.5,2026-02,unreliable_trip_rate,0.0,1.0,0.0,0.0,True
78,East Tremont,4,16,8,30.166666666666668,19.833333333333332,0.5,2026-02,unreliable_trip_rate,0.0,1.0,0.0,0.0,True
85,Erasmus,1,14,7,27.07857142857143,19.716666666666665,0.5,2026-02,unreliable_trip_rate,0.0,1.0,0.0,0.0,True
94,Fordham South,0,6,3,23.630555555555556,15.233333333333333,0.5,2026-02,unreliable_trip_rate,0.0,1.0,0.0,0.0,True
94,Fordham South,1,4,2,22.65833333333333,14.941666666666666,0.5,2026-02,unreliable_trip_rate,0.0,1.0,0.0,0.0,True
96,Forest Park/Highland Park,6,8,4,29.725,26.34166666666667,0.5,2026-02,unreliable_trip_rate,0.0,1.0,0.0,0.0,True
96,Forest Park/Highland Park,7,8,4,39.302083333333336,30.4,0.5,2026-02,unreliable_trip_rate,0.0,1.0,0.0,0.0,True
96,Forest Park/Highland Park,8,4,2,37.30416666666667,33.65,0.5,2026-02,unreliable_trip_rate,0.0,1.0,0.0,0.0,True
96,Forest Park/Highland Park,9,2,1,34.95,33.53333333333333,0.5,2026-02,unreliable_trip_rate,0.0,1.0,0.0,0.0,True
101,Glen Oaks,7,8,4,36.77916666666667,30.4,0.5,2026-02,unreliable_trip_rate,0.0,1.0,0.0,0.0,True
101,Glen Oaks,12,10,5,50.22666666666667,33.38333333333333,0.5,2026-02,unreliable_trip_rate,0.0,1.0,0.0,0.0,True
101,Glen Oaks,21,14,7,29.539285714285715,24.983333333333334,0.5,2026-02,unreliable_trip_rate,0.0,1.0,0.0,0.0,True
108,Gravesend,1,6,3,21.616666666666664,19.716666666666665,0.5,2026-02,unreliable_trip_rate,0.0,1.0,0.0,0.0,True
108,Gravesend,4,4,2,22.2375,19.583333333333332,0.5,2026-02,unreliable_trip_rate,0.0,1.0,0.0,0.0,True
115,Grymes Hill/Clifton,1,2,1,22.708333333333332,12.666666666666666,0.5,2026-02,unreliable_trip_rate,1.0,0.0,0.0,0.0,True
115,Grymes Hill/Clifton,14,2,1,24.966666666666665,15.633333333333333,0.5,2026-02,unreliable_trip_rate,1.0,0.0,0.0,0.0,True
115,Grymes Hill/Clifton,15,2,1,31.866666666666667,15.65,0.5,2026-02,unreliable_trip_rate,1.0,0.0,0.0,0.0,True
115,Grymes Hill/Clifton,17,2,1,21.391666666666666,21.200000000000003,0.5,2026-02,unreliable_trip_rate,0.0,1.0,0.0,0.0,True
118,Heartland Village/Todt Hill,6,2,1,46.80833333333333,24.791666666666664,0.5,2026-02,unreliable_trip_rate,0.0,1.0,0.0,0.0,True
118,Heartland Village/Todt Hill,8,4,2,37.625,29.85,0.5,2026-02,unreliable_trip_rate,0.0,1.0,0.0,0.0,True
118,Heartland Village/Todt Hill,17,2,1,26.166666666666664,21.200000000000003,0.5,2026-02,unreliable_trip_rate,0.0,1.0,0.0,0.0,True
120,Highbridge Park,12,2,1,36.49166666666667,13.833333333333334,0.5,2026-02,unreliable_trip_rate,0.0,1.0,0.0,0.0,True
120,Highbridge Park,13,4,2,25.4125,14.066666666666666,0.5,2026-02,unreliable_trip_rate,0.0,1.0,0.0,0.0,True
121,Hillcrest/Pomonok,3,6,3,26.180555555555557,16.966666666666665,0.5,2026-02,unreliable_trip_rate,0.0,1.0,0.0,0.0,True
121,Hillcrest/Pomonok,10,24,12,40.91597222222222,33.733333333333334,0.5,2026-02,unreliable_trip_rate,0.0,1.0,0.0,0.0,True
122,Hollis,1,2,1,18.375,19.966666666666665,0.5,2026-02,unreliable_trip_rate,0.0,1.0,0.0,0.0,True
122,Hollis,2,4,2,20.325,17.541666666666668,0.5,2026-02,unreliable_trip_rate,0.0,1.0,0.0,0.0,True
122,Hollis,4,18,9,38.04907407407407,17.4,0.5,2026-02,unreliable_trip_rate,0.0,1.0,0.0,0.0,True
124,Howard Beach,1,8,4,25.00625,19.966666666666665,0.5,2026-02,unreliable_trip_rate,0.0,1.0,0.0,0.0,True
124,Howard Beach,3,2,1,21.616666666666667,16.966666666666665,0.5,2026-02,unreliable_trip_rate,0.0,1.0,0.0,0.0,True
128,Inwood Hill Park,6,2,1,12.291666666666668,10.666666666666666,0.5,2026-02,unreliable_trip_rate,0.0,1.0,0.0,0.0,True
136,Kingsbridge Heights,22,22,11,22.043939393939397,17.366666666666667,0.5,2026-02,unreliable_trip_rate,0.0,1.0,0.0,0.0,True
139,Laurelton,3,10,5,28.94166666666667,16.966666666666665,0.5,2026-02,unreliable_trip_rate,0.0,1.0,0.0,0.0,True
147,Longwood,15,18,9,55.54444444444445,30.266666666666666,0.5,2026-02,unreliable_trip_rate,0.0,1.0,0.0,0.0,True
147,Longwood,21,12,6,24.418055555555554,18.84166666666667,0.5,2026-02,unreliable_trip_rate,0.0,1.0,0.0,0.0,True
153,Marble Hill,11,12,6,28.847222222222225,13.75,0.5,2026-02,unreliable_trip_rate,0.0,1.0,0.0,0.0,True
154,Marine Park/Floyd Bennett Field,11,4,2,32.670833333333334,28.85,0.5,2026-02,unreliable_trip_rate,0.0,1.0,0.0,0.0,True
165,Midwood,2,4,2,19.9375,19.025,0.5,2026-02,unreliable_trip_rate,0.0,1.0,0.0,0.0,True
165,Midwood,4,6,3,28.902777777777782,19.583333333333332,0.5,2026-02,unreliable_trip_rate,0.0,1.0,0.0,0.0,True
167,Morrisania/Melrose,1,8,4,18.98125,14.941666666666666,0.5,2026-02,unreliable_trip_rate,0.0,1.0,0.0,0.0,True
167,Morrisania/Melrose,22,24,12,23.81041666666667,17.366666666666667,0.5,2026-02,unreliable_trip_rate,0.0,1.0,0.0,0.0,True
171,Murray Hill-Queens,11,16,8,44.809375,33.56666666666667,0.5,2026-02,unreliable_trip_rate,0.0,1.0,0.0,0.0,True
171,Murray Hill-Queens,12,12,6,41.49444444444445,33.38333333333333,0.5,2026-02,unreliable_trip_rate,0.0,1.0,0.0,0.0,True
174,Norwood,4,6,3,37.294444444444444,19.833333333333332,0.5,2026-02,unreliable_trip_rate,0.0,1.0,0.0,0.0,True
174,Norwood,5,18,9,35.91481481481482,27.383333333333333,0.5,2026-02,unreliable_trip_rate,0.0,1.0,0.0,0.0,True
175,Oakland Gardens,6,16,8,35.38125,26.34166666666667,0.5,2026-02,unreliable_trip_rate,0.0,1.0,0.0,0.0,True
175,Oakland Gardens,9,4,2,52.74166666666667,33.53333333333333,0.5,2026-02,unreliable_trip_rate,0.0,1.0,0.0,0.0,True
175,Oakland Gardens,10,12,6,41.859722222222224,33.733333333333334,0.5,2026-02,unreliable_trip_rate,0.0,1.0,0.0,0.0,True
176,Oakwood,7,4,2,36.166666666666664,29.058333333333334,0.5,2026-02,unreliable_trip_rate,0.0,1.0,0.0,0.0,True
176,Oakwood,8,2,1,65.1,29.85,0.5,2026-02,unreliable_trip_rate,0.0,1.0,0.0,0.0,True
178,Ocean Parkway South,20,6,3,24.299999999999997,22.833333333333332,0.5,2026-02,unreliable_trip_rate,0.0,1.0,0.0,0.0,True
180,Ozone Park,3,2,1,20.575,16.966666666666665,0.5,2026-02,unreliable_trip_rate,0.0,1.0,0.0,0.0,True
182,Parkchester,1,2,1,18.641666666666666,14.941666666666666,0.5,2026-02,unreliable_trip_rate,0.0,1.0,0.0,0.0,True
183,Pelham Bay,0,4,2,18.104166666666668,15.233333333333333,0.5,2026-02,unreliable_trip_rate,0.0,1.0,0.0,0.0,True
183,Pelham Bay,12,10,5,47.19166666666667,33.625,0.5,2026-02,unreliable_trip_rate,0.0,1.0,0.0,0.0,True
183,Pelham Bay,13,10,5,44.598333333333336,32.1,0.5,2026-02,unreliable_trip_rate,0.0,1.0,0.0,0.0,True
183,Pelham Bay,21,6,3,22.48888888888889,18.84166666666667,0.5,2026-02,unreliable_trip_rate,0.0,1.0,0.0,0.0,True
184,Pelham Bay Park,0,2,1,17.508333333333333,15.233333333333333,0.5,2026-02,unreliable_trip_rate,0.0,1.0,0.0,0.0,True
185,Pelham Parkway,3,10,5,21.806666666666665,16.46666666666667,0.5,2026-02,unreliable_trip_rate,0.0,1.0,0.0,0.0,True
185,Pelham Parkway,5,26,13,39.059615384615384,27.383333333333333,0.5,2026-02,unreliable_trip_rate,0.0,1.0,0.0,0.0,True
190,Prospect Park,10,14,7,31.53095238095238,28.716666666666665,0.5,2026-02,unreliable_trip_rate,0.0,1.0,0.0,0.0,True
190,Prospect Park,12,10,5,33.475,29.283333333333335,0.5,2026-02,unreliable_trip_rate,0.0,1.0,0.0,0.0,True
192,Queensboro Hill,10,8,4,41.24791666666667,33.733333333333334,0.5,2026-02,unreliable_trip_rate,0.0,1.0,0.0,0.0,True
194,Randalls Island,13,4,2,27.154166666666665,14.066666666666666,0.5,2026-02,unreliable_trip_rate,0.0,1.0,0.0,0.0,True
194,Randalls Island,23,8,4,16.647916666666667,12.7,0.5,2026-02,unreliable_trip_rate,0.0,1.0,0.0,0.0,True
195,Red Hook,2,4,2,21.1,19.025,0.5,2026-02,unreliable_trip_rate,0.0,1.0,0.0,0.0,True
200,Riverdale/North Riverdale/Fieldston,3,2,1,22.1,16.46666666666667,0.5,2026-02,unreliable_trip_rate,0.0,1.0,0.0,0.0,True
200,Riverdale/North Riverdale/Fieldston,14,20,10,41.2125,30.233333333333334,0.5,2026-02,unreliable_trip_rate,0.0,1.0,0.0,0.0,True
200,Riverdale/North Riverdale/Fieldston,20,20,10,30.673333333333336,20.783333333333335,0.5,2026-02,unreliable_trip_rate,0.0,1.0,0.0,0.0,True
200,Riverdale/North Riverdale/Fieldston,21,16,8,27.397916666666667,18.84166666666667,0.5,2026-02,unreliable_trip_rate,0.0,1.0,0.0,0.0,True
201,Rockaway Park,21,4,2,25.583333333333332,24.983333333333334,0.5,2026-02,unreliable_trip_rate,0.0,1.0,0.0,0.0,True
201,Rockaway Park,22,4,2,23.920833333333334,24.516666666666666,0.5,2026-02,unreliable_trip_rate,0.0,1.0,0.0,0.0,True
203,Rosedale,2,6,3,26.38055555555556,17.541666666666668,0.5,2026-02,unreliable_trip_rate,0.0,1.0,0.0,0.0,True
203,Rosedale,4,10,5,24.575,17.4,0.5,2026-02,unreliable_trip_rate,0.0,1.0,0.0,0.0,True
206,Saint George/New Brighton,22,2,1,24.866666666666667,13.833333333333334,0.5,2026-02,unreliable_trip_rate,1.0,0.0,0.0,0.0,True
208,Schuylerville/Edgewater Park,1,2,1,15.858333333333334,14.941666666666666,0.5,2026-02,unreliable_trip_rate,0.0,1.0,0.0,0.0,True
213,Soundview/Castle Hill,1,2,1,19.85,14.941666666666666,0.5,2026-02,unreliable_trip_rate,0.0,1.0,0.0,0.0,True
214,South Beach/Dongan Hills,5,2,1,29.325000000000003,13.666666666666666,0.5,2026-02,unreliable_trip_rate,1.0,0.0,0.0,0.0,True
214,South Beach/Dongan Hills,6,2,1,29.558333333333334,24.791666666666664,0.5,2026-02,unreliable_trip_rate,0.0,1.0,0.0,0.0,True
214,South Beach/Dongan Hills,15,2,1,21.55833333333333,15.65,0.5,2026-02,unreliable_trip_rate,1.0,0.0,0.0,0.0,True
221,Stapleton,10,2,1,20.78333333333333,14.733333333333333,0.5,2026-02,unreliable_trip_rate,1.0,0.0,0.0,0.0,True
221,Stapleton,14,2,1,39.31666666666666,15.633333333333333,0.5,2026-02,unreliable_trip_rate,1.0,0.0,0.0,0.0,True
227,Sunset Park East,3,8,4,18.375,18.966666666666665,0.5,2026-02,unreliable_trip_rate,0.0,1.0,0.0,0.0,True
227,Sunset Park East,22,16,8,27.911458333333332,21.416666666666668,0.5,2026-02,unreliable_trip_rate,0.0,1.0,0.0,0.0,True
235,University Heights/Morris Heights,1,2,1,15.491666666666667,14.941666666666666,0.5,2026-02,unreliable_trip_rate,0.0,1.0,0.0,0.0,True
235,University Heights/Morris Heights,3,12,6,32.42916666666667,16.46666666666667,0.5,2026-02,unreliable_trip_rate,0.0,1.0,0.0,0.0,True
240,Van Cortlandt Park,0,2,1,17.933333333333334,15.233333333333333,0.5,2026-02,unreliable_trip_rate,0.0,1.0,0.0,0.0,True
240,Van Cortlandt Park,8,4,2,41.1875,32.141666666666666,0.5,2026-02,unreliable_trip_rate,0.0,1.0,0.0,0.0,True
240,Van Cortlandt Park,15,2,1,63.05,30.266666666666666,0.5,2026-02,unreliable_trip_rate,0.0,1.0,0.0,0.0,True
240,Van Cortlandt Park,18,4,2,29.1125,23.225,0.5,2026-02,unreliable_trip_rate,0.0,1.0,0.0,0.0,True
251,Westerleigh,0,2,1,17.416666666666664,13.316666666666666,0.5,2026-02,unreliable_trip_rate,1.0,0.0,0.0,0.0,True
251,Westerleigh,4,2,1,21.666666666666668,13.2,0.5,2026-02,unreliable_trip_rate,1.0,0.0,0.0,0.0,True
251,Westerleigh,6,4,2,32.204166666666666,24.791666666666664,0.5,2026-02,unreliable_trip_rate,0.0,1.0,0.0,0.0,True
251,Westerleigh,19,2,1,25.825,13.766666666666667,0.5,2026-02,unreliable_trip_rate,1.0,0.0,0.0,0.0,True
252,Whitestone,3,10,5,28.375,16.966666666666665,0.5,2026-02,unreliable_trip_rate,0.0,1.0,0.0,0.0,True
252,Whitestone,13,8,4,46.77916666666667,35.86666666666667,0.5,2026-02,unreliable_trip_rate,0.0,1.0,0.0,0.0,True
257,Windsor Terrace,14,20,10,34.8525,28.866666666666667,0.5,2026-02,unreliable_trip_rate,0.0,1.0,0.0,0.0,True
258,Woodhaven,2,8,4,17.7125,17.541666666666668,0.5,2026-02,unreliable_trip_rate,0.0,1.0,0.0,0.0,True
259,Woodlawn/Wakefield,15,16,8,56.678125,30.266666666666666,0.5,2026-02,unreliable_trip_rate,0.0,1.0,0.0,0.0,True
19,Bellerose,8,29,14,48.2212643678161,33.65,0.4827586206896552,2026-02,unreliable_trip_rate,0.0,1.0,0.0,0.0,True
248,West Farms/Bronx River,12,29,14,46.27528735632184,33.625,0.4827586206896552,2026-02,unreliable_trip_rate,0.0,1.0,0.0,0.0,True
11,Bath Beach,7,27,13,40.60123456790124,29.641666666666666,0.48148148148148145,2026-02,unreliable_trip_rate,0.0,1.0,0.0,0.0,True
135,Kew Gardens Hills,15,27,13,55.5574074074074,41.333333333333336,0.48148148148148145,2026-02,unreliable_trip_rate,0.0,1.0,0.0,0.0,True
216,South Ozone Park,2,27,13,20.000617283950618,17.541666666666668,0.48148148148148145,2026-02,unreliable_trip_rate,0.0,1.0,0.0,0.0,True
3,Allerton/Pelham Gardens,9,25,12,40.349333333333334,33.8,0.48,2026-02,unreliable_trip_rate,0.0,1.0,0.0,0.0,True
108,Gravesend,12,25,12,47.58133333333333,29.283333333333335,0.48,2026-02,unreliable_trip_rate,0.0,1.0,0.0,0.0,True
208,Schuylerville/Edgewater Park,11,25,12,42.698,36.05,0.48,2026-02,unreliable_trip_rate,0.0,1.0,0.0,0.0,True
47,Claremont/Bathgate,17,23,11,31.467391304347824,27.008333333333333,0.4782608695652174,2026-02,unreliable_trip_rate,0.0,1.0,0.0,0.0,True
72,East Flatbush/Remsen Village,3,23,11,23.97608695652174,18.966666666666665,0.4782608695652174,2026-02,unreliable_trip_rate,0.0,1.0,0.0,0.0,True
92,Flushing,5,23,11,33.24782608695652,20.25,0.4782608695652174,2026-02,unreliable_trip_rate,0.0,1.0,0.0,0.0,True
222,Starrett City,18,23,11,30.368115942028986,23.816666666666666,0.4782608695652174,2026-02,unreliable_trip_rate,0.0,1.0,0.0,0.0,True
49,Clinton Hill,2,21,10,21.913492063492065,19.025,0.47619047619047616,2026-02,unreliable_trip_rate,0.0,1.0,0.0,0.0,True
94,Fordham South,11,21,10,47.14047619047619,36.05,0.47619047619047616,2026-02,unreliable_trip_rate,0.0,1.0,0.0,0.0,True
259,Woodlawn/Wakefield,14,21,10,57.86269841269841,30.233333333333334,0.47619047619047616,2026-02,unreliable_trip_rate,0.0,1.0,0.0,0.0,True
259,Woodlawn/Wakefield,23,21,10,25.19285714285714,15.791666666666668,0.47619047619047616,2026-02,unreliable_trip_rate,0.0,1.0,0.0,0.0,True
38,Cambria Heights,10,19,9,47.30614035087719,33.733333333333334,0.47368421052631576,2026-02,unreliable_trip_rate,0.0,1.0,0.0,0.0,True
136,Kingsbridge Heights,5,19,9,41.94122807017544,27.383333333333333,0.47368421052631576,2026-02,unreliable_trip_rate,0.0,1.0,0.0,0.0,True
259,Woodlawn/Wakefield,21,19,9,31.548245614035086,18.84166666666667,0.47368421052631576,2026-02,unreliable_trip_rate,0.0,1.0,0.0,0.0,True
38,Cambria Heights,17,17,8,45.99803921568627,36.35,0.47058823529411764,2026-02,unreliable_trip_rate,0.0,1.0,0.0,0.0,True
117,Hammels/Arverne,20,17,8,40.4921568627451,27.883333333333333,0.47058823529411764,2026-02,unreliable_trip_rate,0.0,1.0,0.0,0.0,True
171,Murray Hill-Queens,14,17,8,50.57647058823529,38.6,0.47058823529411764,2026-02,unreliable_trip_rate,0.0,1.0,0.0,0.0,True
190,Prospect Park,8,17,8,36.96764705882353,29.55,0.47058823529411764,2026-02,unreliable_trip_rate,0.0,1.0,0.0,0.0,True
222,Starrett City,22,17,8,26.476470588235294,21.416666666666668,0.47058823529411764,2026-02,unreliable_trip_rate,0.0,1.0,0.0,0.0,True
252,Whitestone,12,17,8,42.59705882352941,33.38333333333333,0.47058823529411764,2026-02,unreliable_trip_rate,0.0,1.0,0.0,0.0,True
3,Allerton/Pelham Gardens,4,15,7,29.30666666666667,19.833333333333332,0.4666666666666667,2026-02,unreliable_trip_rate,0.0,1.0,0.0,0.0,True
19,Bellerose,5,15,7,42.11666666666667,20.25,0.4666666666666667,2026-02,unreliable_trip_rate,0.0,1.0,0.0,0.0,True
38,Cambria Heights,19,15,7,38.471111111111114,30.15,0.4666666666666667,2026-02,unreliable_trip_rate,0.0,1.0,0.0,0.0,True
180,Ozone Park,11,15,7,39.65555555555556,33.56666666666667,0.4666666666666667,2026-02,unreliable_trip_rate,0.0,1.0,0.0,0.0,True
201,Rockaway Park,11,15,7,47.79222222222222,33.56666666666667,0.4666666666666667,2026-02,unreliable_trip_rate,0.0,1.0,0.0,0.0,True
47,Claremont/Bathgate,11,28,13,42.085119047619045,36.05,0.4642857142857143,2026-02,unreliable_trip_rate,0.0,1.0,0.0,0.0,True
60,Crotona Park East,13,28,13,43.010714285714286,32.1,0.4642857142857143,2026-02,unreliable_trip_rate,0.0,1.0,0.0,0.0,True
108,Gravesend,16,28,13,42.264880952380956,27.583333333333332,0.4642857142857143,2026-02,unreliable_trip_rate,0.0,1.0,0.0,0.0,True
3,Allerton/Pelham Gardens,11,13,6,53.56025641025641,36.05,0.46153846153846156,2026-02,unreliable_trip_rate,0.0,1.0,0.0,0.0,True
20,Belmont,23,13,6,17.157692307692308,15.791666666666668,0.46153846153846156,2026-02,unreliable_trip_rate,0.0,1.0,0.0,0.0,True
51,Co-Op City,23,26,12,24.512179487179488,15.791666666666668,0.46153846153846156,2026-02,unreliable_trip_rate,0.0,1.0,0.0,0.0,True
98,Fresh Meadows,11,13,6,39.924358974358974,33.56666666666667,0.46153846153846156,2026-02,unreliable_trip_rate,0.0,1.0,0.0,0.0,True
117,Hammels/Arverne,22,13,6,30.310256410256407,24.516666666666666,0.46153846153846156,2026-02,unreliable_trip_rate,0.0,1.0,0.0,0.0,True
119,Highbridge,3,13,6,21.392307692307693,16.46666666666667,0.46153846153846156,2026-02,unreliable_trip_rate,0.0,1.0,0.0,0.0,True
147,Longwood,13,26,12,44.021153846153844,32.1,0.46153846153846156,2026-02,unreliable_trip_rate,0.0,1.0,0.0,0.0,True
165,Midwood,22,13,6,25.36025641025641,21.416666666666668,0.46153846153846156,2026-02,unreliable_trip_rate,0.0,1.0,0.0,0.0,True
182,Parkchester,17,26,12,37.21923076923077,27.008333333333333,0.46153846153846156,2026-02,unreliable_trip_rate,0.0,1.0,0.0,0.0,True
185,Pelham Parkway,10,26,12,44.77948717948718,35.916666666666664,0.46153846153846156,2026-02,unreliable_trip_rate,0.0,1.0,0.0,0.0,True
200,Riverdale/North Riverdale/Fieldston,10,26,12,41.48717948717949,35.916666666666664,0.46153846153846156,2026-02,unreliable_trip_rate,0.0,1.0,0.0,0.0,True
62,Crown Heights South,1,24,11,24.97986111111111,19.716666666666665,0.4583333333333333,2026-02,unreliable_trip_rate,0.0,1.0,0.0,0.0,True
150,Manhattan Beach,10,24,11,41.980555555555554,28.716666666666665,0.4583333333333333,2026-02,unreliable_trip_rate,0.0,1.0,0.0,0.0,True
218,Springfield Gardens North,19,24,11,37.94722222222222,30.15,0.4583333333333333,2026-02,unreliable_trip_rate,0.0,1.0,0.0,0.0,True
11,Bath Beach,19,11,5,29.90606060606061,22.833333333333332,0.45454545454545453,2026-02,unreliable_trip_rate,0.0,1.0,0.0,0.0,True
32,Bronxdale,19,22,10,32.19469696969697,20.7,0.45454545454545453,2026-02,unreliable_trip_rate,0.0,1.0,0.0,0.0,True
38,Cambria Heights,16,11,5,48.02121212121212,42.81666666666667,0.45454545454545453,2026-02,unreliable_trip_rate,0.0,1.0,0.0,0.0,True
62,Crown Heights South,3,11,5,23.875757575757575,18.966666666666665,0.45454545454545453,2026-02,unreliable_trip_rate,0.0,1.0,0.0,0.0,True
67,Dyker Heights,15,22,10,38.334848484848486,28.233333333333334,0.45454545454545453,2026-02,unreliable_trip_rate,0.0,1.0,0.0,0.0,True
73,East Flushing,23,11,5,25.565151515151513,22.466666666666665,0.45454545454545453,2026-02,unreliable_trip_rate,0.0,1.0,0.0,0.0,True
94,Fordham South,10,22,10,40.356818181818184,35.916666666666664,0.45454545454545453,2026-02,unreliable_trip_rate,0.0,1.0,0.0,0.0,True
121,Hillcrest/Pomonok,5,22,10,27.490151515151513,20.25,0.45454545454545453,2026-02,unreliable_trip_rate,0.0,1.0,0.0,0.0,True
138,LaGuardia Airport,4,22,10,23.41212121212121,17.4,0.45454545454545453,2026-02,unreliable_trip_rate,0.0,1.0,0.0,0.0,True
139,Laurelton,21,11,5,25.819696969696967,24.983333333333334,0.45454545454545453,2026-02,unreliable_trip_rate,0.0,1.0,0.0,0.0,True
174,Norwood,22,22,10,20.68939393939394,17.366666666666667,0.45454545454545453,2026-02,unreliable_trip_rate,0.0,1.0,0.0,0.0,True
177,Ocean Hill,2,22,10,22.028030303030302,19.025,0.45454545454545453,2026-02,unreliable_trip_rate,0.0,1.0,0.0,0.0,True
178,Ocean Parkway South,19,22,10,24.577272727272728,22.833333333333332,0.45454545454545453,2026-02,unreliable_trip_rate,0.0,1.0,0.0,0.0,True
185,Pelham Parkway,22,11,5,22.213636363636365,17.366666666666667,0.45454545454545453,2026-02,unreliable_trip_rate,0.0,1.0,0.0,0.0,True
203,Rosedale,22,11,5,28.753030303030304,24.516666666666666,0.45454545454545453,2026-02,unreliable_trip_rate,0.0,1.0,0.0,0.0,True
218,Springfield Gardens North,21,22,10,33.891666666666666,24.983333333333334,0.45454545454545453,2026-02,unreliable_trip_rate,0.0,1.0,0.0,0.0,True
252,Whitestone,9,11,5,45.26060606060606,33.53333333333333,0.45454545454545453,2026-02,unreliable_trip_rate,0.0,1.0,0.0,0.0,True
67,Dyker Heights,11,20,9,38.0775,28.85,0.45,2026-02,unreliable_trip_rate,0.0,1.0,0.0,0.0,True
86,Far Rockaway,20,20,9,36.24166666666666,27.883333333333333,0.45,2026-02,unreliable_trip_rate,0.0,1.0,0.0,0.0,True
94,Fordham South,17,20,9,42.18416666666667,27.008333333333333,0.45,2026-02,unreliable_trip_rate,0.0,1.0,0.0,0.0,True
210,Sheepshead Bay,20,20,9,30.151666666666664,22.833333333333332,0.45,2026-02,unreliable_trip_rate,0.0,1.0,0.0,0.0,True
227,Sunset Park East,0,20,9,21.359166666666667,20.2,0.45,2026-02,unreliable_trip_rate,0.0,1.0,0.0,0.0,True
227,Sunset Park East,23,20,9,24.858333333333334,20.8,0.45,2026-02,unreliable_trip_rate,0.0,1.0,0.0,0.0,True
38,Cambria Heights,9,29,13,46.211494252873564,33.53333333333333,0.4482758620689655,2026-02,unreliable_trip_rate,0.0,1.0,0.0,0.0,True
72,East Flatbush/Remsen Village,23,29,13,24.70287356321839,20.8,0.4482758620689655,2026-02,unreliable_trip_rate,0.0,1.0,0.0,0.0,True
76,East New York,1,29,13,24.33448275862069,19.716666666666665,0.4482758620689655,2026-02,unreliable_trip_rate,0.0,1.0,0.0,0.0,True
95,Forest Hills,5,29,13,27.26206896551724,20.25,0.4482758620689655,2026-02,unreliable_trip_rate,0.0,1.0,0.0,0.0,True
188,Prospect-Lefferts Gardens,1,29,13,21.328735632183907,19.716666666666665,0.4482758620689655,2026-02,unreliable_trip_rate,0.0,1.0,0.0,0.0,True
218,Springfield Gardens North,18,29,13,37.216091954022986,31.483333333333334,0.4482758620689655,2026-02,unreliable_trip_rate,0.0,1.0,0.0,0.0,True
264,Unknown,2,29,13,13.45919540229885,9.266666666666667,0.4482758620689655,2026-02,unreliable_trip_rate,0.0,1.0,0.0,0.0,True
16,Bayside,9,9,4,42.19074074074074,33.53333333333333,0.4444444444444444,2026-02,unreliable_trip_rate,0.0,1.0,0.0,0.0,True
32,Bronxdale,0,9,4,23.26851851851852,15.233333333333333,0.4444444444444444,2026-02,unreliable_trip_rate,0.0,1.0,0.0,0.0,True
47,Claremont/Bathgate,23,27,12,24.51049382716049,15.791666666666668,0.4444444444444444,2026-02,unreliable_trip_rate,0.0,1.0,0.0,0.0,True
60,Crotona Park East,16,18,8,31.869444444444444,30.883333333333333,0.4444444444444444,2026-02,unreliable_trip_rate,0.0,1.0,0.0,0.0,True
85,Erasmus,3,18,8,20.367592592592594,18.966666666666665,0.4444444444444444,2026-02,unreliable_trip_rate,0.0,1.0,0.0,0.0,True
171,Murray Hill-Queens,9,18,8,42.30833333333333,33.53333333333333,0.4444444444444444,2026-02,unreliable_trip_rate,0.0,1.0,0.0,0.0,True
180,Ozone Park,4,9,4,22.383333333333333,17.4,0.4444444444444444,2026-02,unreliable_trip_rate,0.0,1.0,0.0,0.0,True
182,Parkchester,3,9,4,17.87222222222222,16.46666666666667,0.4444444444444444,2026-02,unreliable_trip_rate,0.0,1.0,0.0,0.0,True
185,Pelham Parkway,20,27,12,26.387654320987654,20.783333333333335,0.4444444444444444,2026-02,unreliable_trip_rate,0.0,1.0,0.0,0.0,True
190,Prospect Park,9,9,4,31.39259259259259,28.0,0.4444444444444444,2026-02,unreliable_trip_rate,0.0,1.0,0.0,0.0,True
203,Rosedale,10,18,8,45.3074074074074,33.733333333333334,0.4444444444444444,2026-02,unreliable_trip_rate,0.0,1.0,0.0,0.0,True
208,Schuylerville/Edgewater Park,5,18,8,34.23888888888889,27.383333333333333,0.4444444444444444,2026-02,unreliable_trip_rate,0.0,1.0,0.0,0.0,True
220,Spuyten Duyvil/Kingsbridge,1,9,4,15.053703703703706,14.941666666666666,0.4444444444444444,2026-02,unreliable_trip_rate,0.0,1.0,0.0,0.0,True
254,Williamsbridge/Olinville,3,9,4,28.392592592592592,16.46666666666667,0.4444444444444444,2026-02,unreliable_trip_rate,0.0,1.0,0.0,0.0,True
258,Woodhaven,3,9,4,22.97407407407407,16.966666666666665,0.4444444444444444,2026-02,unreliable_trip_rate,0.0,1.0,0.0,0.0,True
265,Outside of NYC,11,9,4,44.303703703703704,14.558333333333334,0.4444444444444444,2026-02,unreliable_trip_rate,0.0,1.0,0.0,0.0,True
3,Allerton/Pelham Gardens,14,25,11,42.01466666666667,30.233333333333334,0.44,2026-02,unreliable_trip_rate,0.0,1.0,0.0,0.0,True
182,Parkchester,19,25,11,26.86133333333333,20.7,0.44,2026-02,unreliable_trip_rate,0.0,1.0,0.0,0.0,True
15,Bay Terrace/Fort Totten,7,16,7,37.719791666666666,30.4,0.4375,2026-02,unreliable_trip_rate,0.0,1.0,0.0,0.0,True
26,Borough Park,4,16,7,24.26354166666667,19.583333333333332,0.4375,2026-02,unreliable_trip_rate,0.0,1.0,0.0,0.0,True
29,Brighton Beach,23,16,7,28.903125,20.8,0.4375,2026-02,unreliable_trip_rate,0.0,1.0,0.0,0.0,True
35,Brownsville,2,16,7,24.23645833333333,19.025,0.4375,2026-02,unreliable_trip_rate,0.0,1.0,0.0,0.0,True
35,Brownsville,3,16,7,31.079166666666666,18.966666666666665,0.4375,2026-02,unreliable_trip_rate,0.0,1.0,0.0,0.0,True
54,Columbia Street,23,16,7,24.405208333333334,20.8,0.4375,2026-02,unreliable_trip_rate,0.0,1.0,0.0,0.0,True
131,Jamaica Estates,4,16,7,21.453125,17.4,0.4375,2026-02,unreliable_trip_rate,0.0,1.0,0.0,0.0,True
171,Murray Hill-Queens,6,16,7,38.34583333333333,26.34166666666667,0.4375,2026-02,unreliable_trip_rate,0.0,1.0,0.0,0.0,True
55,Coney Island,22,23,10,26.391304347826086,21.416666666666668,0.43478260869565216,2026-02,unreliable_trip_rate,0.0,1.0,0.0,0.0,True
85,Erasmus,0,23,10,22.570289855072463,20.2,0.43478260869565216,2026-02,unreliable_trip_rate,0.0,1.0,0.0,0.0,True
119,Highbridge,19,23,10,29.586231884057973,20.7,0.43478260869565216,2026-02,unreliable_trip_rate,0.0,1.0,0.0,0.0,True
169,Mount Hope,4,23,10,26.115942028985504,19.833333333333332,0.43478260869565216,2026-02,unreliable_trip_rate,0.0,1.0,0.0,0.0,True
178,Ocean Parkway South,11,23,10,36.41231884057971,28.85,0.43478260869565216,2026-02,unreliable_trip_rate,0.0,1.0,0.0,0.0,True
178,Ocean Parkway South,16,23,10,36.481159420289856,27.583333333333332,0.43478260869565216,2026-02,unreliable_trip_rate,0.0,1.0,0.0,0.0,True
250,Westchester Village/Unionport,19,23,10,25.280434782608697,20.7,0.43478260869565216,2026-02,unreliable_trip_rate,0.0,1.0,0.0,0.0,True
265,Outside of NYC,12,23,10,22.428985507246377,15.316666666666666,0.43478260869565216,2026-02,unreliable_trip_rate,0.0,1.0,0.0,0.0,True
20,Belmont,18,14,6,24.79642857142857,23.225,0.42857142857142855,2026-02,unreliable_trip_rate,0.0,1.0,0.0,0.0,True
53,College Point,4,7,3,16.57857142857143,17.4,0.42857142857142855,2026-02,unreliable_trip_rate,0.0,1.0,0.0,0.0,True
58,Country Club,12,7,3,32.19761904761905,33.625,0.42857142857142855,2026-02,unreliable_trip_rate,0.0,1.0,0.0,0.0,True
59,Crotona Park,8,7,3,52.028571428571425,32.141666666666666,0.42857142857142855,2026-02,unreliable_trip_rate,0.0,1.0,0.0,0.0,True
60,Crotona Park East,19,28,12,30.898214285714285,20.7,0.42857142857142855,2026-02,unreliable_trip_rate,0.0,1.0,0.0,0.0,True
70,East Elmhurst,3,14,6,18.95357142857143,16.966666666666665,0.42857142857142855,2026-02,unreliable_trip_rate,0.0,1.0,0.0,0.0,True
94,Fordham South,18,14,6,36.43333333333333,23.225,0.42857142857142855,2026-02,unreliable_trip_rate,0.0,1.0,0.0,0.0,True
102,Glendale,3,7,3,21.945238095238096,16.966666666666665,0.42857142857142855,2026-02,unreliable_trip_rate,0.0,1.0,0.0,0.0,True
108,Gravesend,0,7,3,34.08571428571428,20.2,0.42857142857142855,2026-02,unreliable_trip_rate,0.0,1.0,0.0,0.0,True
108,Gravesend,20,7,3,34.71904761904762,22.833333333333332,0.42857142857142855,2026-02,unreliable_trip_rate,0.0,1.0,0.0,0.0,True
122,Hollis,17,14,6,48.53690476190476,36.35,0.42857142857142855,2026-02,unreliable_trip_rate,0.0,1.0,0.0,0.0,True
124,Howard Beach,7,28,12,44.41845238095238,30.4,0.42857142857142855,2026-02,unreliable_trip_rate,0.0,1.0,0.0,0.0,True
128,Inwood Hill Park,23,7,3,16.742857142857144,12.7,0.42857142857142855,2026-02,unreliable_trip_rate,0.0,1.0,0.0,0.0,True
147,Longwood,14,21,9,41.86190476190476,30.233333333333334,0.42857142857142855,2026-02,unreliable_trip_rate,0.0,1.0,0.0,0.0,True
153,Marble Hill,17,7,3,15.747619047619049,13.483333333333333,0.42857142857142855,2026-02,unreliable_trip_rate,0.0,1.0,0.0,0.0,True
169,Mount Hope,1,7,3,19.333333333333336,14.941666666666666,0.42857142857142855,2026-02,unreliable_trip_rate,0.0,1.0,0.0,0.0,True
171,Murray Hill-Queens,23,14,6,23.33452380952381,22.466666666666665,0.42857142857142855,2026-02,unreliable_trip_rate,0.0,1.0,0.0,0.0,True
183,Pelham Bay,8,28,12,41.50238095238095,32.141666666666666,0.42857142857142855,2026-02,unreliable_trip_rate,0.0,1.0,0.0,0.0,True
185,Pelham Parkway,14,28,12,42.345238095238095,30.233333333333334,0.42857142857142855,2026-02,unreliable_trip_rate,0.0,1.0,0.0,0.0,True
190,Prospect Park,0,7,3,22.12142857142857,20.2,0.42857142857142855,2026-02,unreliable_trip_rate,0.0,1.0,0.0,0.0,True
190,Prospect Park,6,7,3,34.45952380952381,28.933333333333334,0.42857142857142855,2026-02,unreliable_trip_rate,0.0,1.0,0.0,0.0,True
195,Red Hook,0,21,9,22.164285714285715,20.2,0.42857142857142855,2026-02,unreliable_trip_rate,0.0,1.0,0.0,0.0,True
201,Rockaway Park,23,7,3,30.64761904761905,22.466666666666665,0.42857142857142855,2026-02,unreliable_trip_rate,0.0,1.0,0.0,0.0,True
203,Rosedale,13,21,9,43.362698412698414,35.86666666666667,0.42857142857142855,2026-02,unreliable_trip_rate,0.0,1.0,0.0,0.0,True
205,Saint Albans,1,7,3,21.566666666666666,19.966666666666665,0.42857142857142855,2026-02,unreliable_trip_rate,0.0,1.0,0.0,0.0,True
218,Springfield Gardens North,0,14,6,24.841666666666665,21.433333333333334,0.42857142857142855,2026-02,unreliable_trip_rate,0.0,1.0,0.0,0.0,True
218,Springfield Gardens North,23,14,6,25.890476190476193,22.466666666666665,0.42857142857142855,2026-02,unreliable_trip_rate,0.0,1.0,0.0,0.0,True
221,Stapleton,7,7,3,35.68095238095238,29.058333333333334,0.42857142857142855,2026-02,unreliable_trip_rate,0.0,1.0,0.0,0.0,True
241,Van Cortlandt Village,0,14,6,20.904761904761905,15.233333333333333,0.42857142857142855,2026-02,unreliable_trip_rate,0.0,1.0,0.0,0.0,True
259,Woodlawn/Wakefield,19,14,6,25.940476190476193,20.7,0.42857142857142855,2026-02,unreliable_trip_rate,0.0,1.0,0.0,0.0,True
264,Unknown,4,21,9,14.47142857142857,8.816666666666666,0.42857142857142855,2026-02,unreliable_trip_rate,0.0,1.0,0.0,0.0,True
94,Fordham South,14,26,11,32.21858974358974,30.233333333333334,0.4230769230769231,2026-02,unreliable_trip_rate,0.0,1.0,0.0,0.0,True
134,Kew Gardens,10,26,11,36.24935897435898,33.733333333333334,0.4230769230769231,2026-02,unreliable_trip_rate,0.0,1.0,0.0,0.0,True
171,Murray Hill-Queens,7,26,11,41.06858974358974,30.4,0.4230769230769231,2026-02,unreliable_trip_rate,0.0,1.0,0.0,0.0,True
252,Whitestone,8,26,11,40.3025641025641,33.65,0.4230769230769231,2026-02,unreliable_trip_rate,0.0,1.0,0.0,0.0,True
94,Fordham South,21,19,8,29.899122807017545,18.84166666666667,0.42105263157894735,2026-02,unreliable_trip_rate,0.0,1.0,0.0,0.0,True
250,Westchester Village/Unionport,4,19,8,24.678947368421053,19.833333333333332,0.42105263157894735,2026-02,unreliable_trip_rate,0.0,1.0,0.0,0.0,True
10,Baisley Park,1,24,10,20.813888888888886,19.966666666666665,0.4166666666666667,2026-02,unreliable_trip_rate,0.0,1.0,0.0,0.0,True
11,Bath Beach,13,24,10,38.132638888888884,28.15,0.4166666666666667,2026-02,unreliable_trip_rate,0.0,1.0,0.0,0.0,True
11,Bath Beach,15,12,5,37.047222222222224,28.233333333333334,0.4166666666666667,2026-02,unreliable_trip_rate,0.0,1.0,0.0,0.0,True
19,Bellerose,10,12,5,45.713888888888896,33.733333333333334,0.4166666666666667,2026-02,unreliable_trip_rate,0.0,1.0,0.0,0.0,True
51,Co-Op City,0,12,5,14.630555555555555,15.233333333333333,0.4166666666666667,2026-02,unreliable_trip_rate,0.0,1.0,0.0,0.0,True
70,East Elmhurst,4,12,5,19.441666666666666,17.4,0.4166666666666667,2026-02,unreliable_trip_rate,0.0,1.0,0.0,0.0,True
178,Ocean Parkway South,7,24,10,44.49861111111111,29.641666666666666,0.4166666666666667,2026-02,unreliable_trip_rate,0.0,1.0,0.0,0.0,True
205,Saint Albans,0,12,5,28.94027777777778,21.433333333333334,0.4166666666666667,2026-02,unreliable_trip_rate,0.0,1.0,0.0,0.0,True
19,Bellerose,9,29,12,39.37413793103448,33.53333333333333,0.41379310344827586,2026-02,unreliable_trip_rate,0.0,1.0,0.0,0.0,True
81,Eastchester,11,29,12,41.68448275862069,36.05,0.41379310344827586,2026-02,unreliable_trip_rate,0.0,1.0,0.0,0.0,True
81,Eastchester,13,29,12,36.785057471264366,32.1,0.41379310344827586,2026-02,unreliable_trip_rate,0.0,1.0,0.0,0.0,True
181,Park Slope,3,29,12,21.183908045977013,18.966666666666665,0.41379310344827586,2026-02,unreliable_trip_rate,0.0,1.0,0.0,0.0,True
10,Baisley Park,3,17,7,25.059803921568626,16.966666666666665,0.4117647058823529,2026-02,unreliable_trip_rate,0.0,1.0,0.0,0.0,True
32,Bronxdale,14,22,9,48.17424242424242,30.233333333333334,0.4090909090909091,2026-02,unreliable_trip_rate,0.0,1.0,0.0,0.0,True
77,East New York/Pennsylvania Avenue,21,22,9,24.985606060606063,22.083333333333332,0.4090909090909091,2026-02,unreliable_trip_rate,0.0,1.0,0.0,0.0,True
139,Laurelton,15,22,9,39.39393939393939,41.333333333333336,0.4090909090909091,2026-02,unreliable_trip_rate,0.0,1.0,0.0,0.0,True
227,Sunset Park East,21,27,11,25.769135802469137,22.083333333333332,0.4074074074074074,2026-02,unreliable_trip_rate,0.0,1.0,0.0,0.0,True
259,Woodlawn/Wakefield,18,27,11,32.61234567901234,23.225,0.4074074074074074,2026-02,unreliable_trip_rate,0.0,1.0,0.0,0.0,True
3,Allerton/Pelham Gardens,0,5,2,16.943333333333335,15.233333333333333,0.4,2026-02,unreliable_trip_rate,0.0,1.0,0.0,0.0,True
6,Arrochar/Fort Wadsworth,15,10,4,18.78,15.65,0.4,2026-02,unreliable_trip_rate,1.0,0.0,0.0,0.0,True
6,Arrochar/Fort Wadsworth,22,5,2,19.153333333333332,13.833333333333334,0.4,2026-02,unreliable_trip_rate,1.0,0.0,0.0,0.0,True
9,Auburndale,9,10,4,39.845,33.53333333333333,0.4,2026-02,unreliable_trip_rate,0.0,1.0,0.0,0.0,True
9,Auburndale,19,5,2,32.943333333333335,30.15,0.4,2026-02,unreliable_trip_rate,0.0,1.0,0.0,0.0,True
11,Bath Beach,11,15,6,39.580000000000005,28.85,0.4,2026-02,unreliable_trip_rate,0.0,1.0,0.0,0.0,True
15,Bay Terrace/Fort Totten,10,10,4,34.89333333333333,33.733333333333334,0.4,2026-02,unreliable_trip_rate,0.0,1.0,0.0,0.0,True
16,Bayside,14,20,8,41.85166666666667,38.6,0.4,2026-02,unreliable_trip_rate,0.0,1.0,0.0,0.0,True
19,Bellerose,4,5,2,21.83,17.4,0.4,2026-02,unreliable_trip_rate,0.0,1.0,0.0,0.0,True
20,Belmont,17,15,6,30.324444444444445,27.008333333333333,0.4,2026-02,unreliable_trip_rate,0.0,1.0,0.0,0.0,True
22,Bensonhurst West,2,5,2,21.68,19.025,0.4,2026-02,unreliable_trip_rate,0.0,1.0,0.0,0.0,True
31,Bronx Park,12,5,2,31.923333333333336,33.625,0.4,2026-02,unreliable_trip_rate,0.0,1.0,0.0,0.0,True
32,Bronxdale,1,5,2,22.506666666666668,14.941666666666666,0.4,2026-02,unreliable_trip_rate,0.0,1.0,0.0,0.0,True
34,Brooklyn Navy Yard,0,5,2,19.81,20.2,0.4,2026-02,unreliable_trip_rate,0.0,1.0,0.0,0.0,True
51,Co-Op City,3,10,4,26.248333333333335,16.46666666666667,0.4,2026-02,unreliable_trip_rate,0.0,1.0,0.0,0.0,True
58,Country Club,8,10,4,31.753333333333337,32.141666666666666,0.4,2026-02,unreliable_trip_rate,0.0,1.0,0.0,0.0,True
58,Country Club,10,5,2,30.613333333333333,35.916666666666664,0.4,2026-02,unreliable_trip_rate,0.0,1.0,0.0,0.0,True
58,Country Club,20,5,2,34.63,20.783333333333335,0.4,2026-02,unreliable_trip_rate,0.0,1.0,0.0,0.0,True
63,Cypress Hills,2,15,6,20.404444444444444,19.025,0.4,2026-02,unreliable_trip_rate,0.0,1.0,0.0,0.0,True
78,East Tremont,2,5,2,15.52,14.05,0.4,2026-02,unreliable_trip_rate,0.0,1.0,0.0,0.0,True
91,Flatlands,1,10,4,28.155,19.716666666666665,0.4,2026-02,unreliable_trip_rate,0.0,1.0,0.0,0.0,True
98,Fresh Meadows,4,5,2,15.780000000000001,17.4,0.4,2026-02,unreliable_trip_rate,0.0,1.0,0.0,0.0,True
98,Fresh Meadows,9,15,6,37.65333333333333,33.53333333333333,0.4,2026-02,unreliable_trip_rate,0.0,1.0,0.0,0.0,True
101,Glen Oaks,11,5,2,36.92,33.56666666666667,0.4,2026-02,unreliable_trip_rate,0.0,1.0,0.0,0.0,True
108,Gravesend,23,10,4,27.528333333333336,20.8,0.4,2026-02,unreliable_trip_rate,0.0,1.0,0.0,0.0,True
121,Hillcrest/Pomonok,2,5,2,18.113333333333333,17.541666666666668,0.4,2026-02,unreliable_trip_rate,0.0,1.0,0.0,0.0,True
124,Howard Beach,2,5,2,20.59,17.541666666666668,0.4,2026-02,unreliable_trip_rate,0.0,1.0,0.0,0.0,True
133,Kensington,2,10,4,21.22833333333333,19.025,0.4,2026-02,unreliable_trip_rate,0.0,1.0,0.0,0.0,True
135,Kew Gardens Hills,2,5,2,20.316666666666666,17.541666666666668,0.4,2026-02,unreliable_trip_rate,0.0,1.0,0.0,0.0,True
135,Kew Gardens Hills,11,15,6,41.95222222222222,33.56666666666667,0.4,2026-02,unreliable_trip_rate,0.0,1.0,0.0,0.0,True
147,Longwood,1,5,2,19.78,14.941666666666666,0.4,2026-02,unreliable_trip_rate,0.0,1.0,0.0,0.0,True
153,Marble Hill,23,5,2,17.843333333333334,12.7,0.4,2026-02,unreliable_trip_rate,0.0,1.0,0.0,0.0,True
167,Morrisania/Melrose,2,5,2,13.5,14.05,0.4,2026-02,unreliable_trip_rate,0.0,1.0,0.0,0.0,True
169,Mount Hope,0,15,6,19.702222222222225,15.233333333333333,0.4,2026-02,unreliable_trip_rate,0.0,1.0,0.0,0.0,True
174,Norwood,1,5,2,12.86,14.941666666666666,0.4,2026-02,unreliable_trip_rate,0.0,1.0,0.0,0.0,True
180,Ozone Park,12,10,4,37.401666666666664,33.38333333333333,0.4,2026-02,unreliable_trip_rate,0.0,1.0,0.0,0.0,True
185,Pelham Parkway,21,15,6,22.316666666666666,18.84166666666667,0.4,2026-02,unreliable_trip_rate,0.0,1.0,0.0,0.0,True
192,Queensboro Hill,13,15,6,41.42444444444445,35.86666666666667,0.4,2026-02,unreliable_trip_rate,0.0,1.0,0.0,0.0,True
194,Randalls Island,6,5,2,14.833333333333334,10.666666666666666,0.4,2026-02,unreliable_trip_rate,0.0,1.0,0.0,0.0,True
194,Randalls Island,8,5,2,15.943333333333333,13.283333333333333,0.4,2026-02,unreliable_trip_rate,0.0,1.0,0.0,0.0,True
194,Randalls Island,11,5,2,31.446666666666665,13.75,0.4,2026-02,unreliable_trip_rate,0.0,1.0,0.0,0.0,True
194,Randalls Island,22,10,4,16.666666666666664,12.866666666666667,0.4,2026-02,unreliable_trip_rate,0.0,1.0,0.0,0.0,True
201,Rockaway Park,10,20,8,43.14833333333333,33.733333333333334,0.4,2026-02,unreliable_trip_rate,0.0,1.0,0.0,0.0,True
203,Rosedale,14,25,10,48.653999999999996,38.6,0.4,2026-02,unreliable_trip_rate,0.0,1.0,0.0,0.0,True
205,Saint Albans,21,25,10,26.823333333333334,24.983333333333334,0.4,2026-02,unreliable_trip_rate,0.0,1.0,0.0,0.0,True
227,Sunset Park East,4,15,6,18.105555555555554,19.583333333333332,0.4,2026-02,unreliable_trip_rate,0.0,1.0,0.0,0.0,True
259,Woodlawn/Wakefield,1,5,2,16.96,14.941666666666666,0.4,2026-02,unreliable_trip_rate,0.0,1.0,0.0,0.0,True
20,Belmont,9,28,11,40.601190476190474,33.8,0.39285714285714285,2026-02,unreliable_trip_rate,0.0,1.0,0.0,0.0,True
86,Far Rockaway,19,28,11,39.389880952380956,30.15,0.39285714285714285,2026-02,unreliable_trip_rate,0.0,1.0,0.0,0.0,True
97,Fort Greene,3,28,11,20.01845238095238,18.966666666666665,0.39285714285714285,2026-02,unreliable_trip_rate,0.0,1.0,0.0,0.0,True
136,Kingsbridge Heights,13,28,11,40.34166666666666,32.1,0.39285714285714285,2026-02,unreliable_trip_rate,0.0,1.0,0.0,0.0,True
150,Manhattan Beach,18,28,11,24.775000000000002,23.816666666666666,0.39285714285714285,2026-02,unreliable_trip_rate,0.0,1.0,0.0,0.0,True
182,Parkchester,20,28,11,24.686309523809523,20.783333333333335,0.39285714285714285,2026-02,unreliable_trip_rate,0.0,1.0,0.0,0.0,True
205,Saint Albans,22,28,11,30.180952380952384,24.516666666666666,0.39285714285714285,2026-02,unreliable_trip_rate,0.0,1.0,0.0,0.0,True
235,University Heights/Morris Heights,4,28,11,28.860714285714288,19.833333333333332,0.39285714285714285,2026-02,unreliable_trip_rate,0.0,1.0,0.0,0.0,True
259,Woodlawn/Wakefield,12,28,11,45.11904761904761,33.625,0.39285714285714285,2026-02,unreliable_trip_rate,0.0,1.0,0.0,0.0,True
147,Longwood,20,23,9,25.730434782608693,20.783333333333335,0.391304347826087,2026-02,unreliable_trip_rate,0.0,1.0,0.0,0.0,True
174,Norwood,21,23,9,22.305797101449276,18.84166666666667,0.391304347826087,2026-02,unreliable_trip_rate,0.0,1.0,0.0,0.0,True
178,Ocean Parkway South,9,23,9,39.1231884057971,28.0,0.391304347826087,2026-02,unreliable_trip_rate,0.0,1.0,0.0,0.0,True
14,Bay Ridge,2,18,7,19.105555555555554,19.025,0.3888888888888889,2026-02,unreliable_trip_rate,0.0,1.0,0.0,0.0,True
32,Bronxdale,20,18,7,26.65277777777778,20.783333333333335,0.3888888888888889,2026-02,unreliable_trip_rate,0.0,1.0,0.0,0.0,True
191,Queens Village,21,18,7,34.19166666666667,24.983333333333334,0.3888888888888889,2026-02,unreliable_trip_rate,0.0,1.0,0.0,0.0,True
215,South Jamaica,0,18,7,24.79351851851852,21.433333333333334,0.3888888888888889,2026-02,unreliable_trip_rate,0.0,1.0,0.0,0.0,True
3,Allerton/Pelham Gardens,19,26,10,29.068589743589744,20.7,0.38461538461538464,2026-02,unreliable_trip_rate,0.0,1.0,0.0,0.0,True
10,Baisley Park,2,13,5,17.298717948717947,17.541666666666668,0.38461538461538464,2026-02,unreliable_trip_rate,0.0,1.0,0.0,0.0,True
34,Brooklyn Navy Yard,20,13,5,26.114102564102566,22.833333333333332,0.38461538461538464,2026-02,unreliable_trip_rate,0.0,1.0,0.0,0.0,True
53,College Point,6,13,5,30.355128205128207,26.34166666666667,0.38461538461538464,2026-02,unreliable_trip_rate,0.0,1.0,0.0,0.0,True
53,College Point,11,13,5,35.10128205128205,33.56666666666667,0.38461538461538464,2026-02,unreliable_trip_rate,0.0,1.0,0.0,0.0,True
94,Fordham South,16,13,5,36.95128205128205,30.883333333333333,0.38461538461538464,2026-02,unreliable_trip_rate,0.0,1.0,0.0,0.0,True
150,Manhattan Beach,20,13,5,28.120512820512822,22.833333333333332,0.38461538461538464,2026-02,unreliable_trip_rate,0.0,1.0,0.0,0.0,True
171,Murray Hill-Queens,15,13,5,37.04871794871795,41.333333333333336,0.38461538461538464,2026-02,unreliable_trip_rate,0.0,1.0,0.0,0.0,True
180,Ozone Park,6,26,10,28.156410256410258,26.34166666666667,0.38461538461538464,2026-02,unreliable_trip_rate,0.0,1.0,0.0,0.0,True
185,Pelham Parkway,15,26,10,41.61025641025641,30.266666666666666,0.38461538461538464,2026-02,unreliable_trip_rate,0.0,1.0,0.0,0.0,True
195,Red Hook,4,13,5,27.26794871794872,19.583333333333332,0.38461538461538464,2026-02,unreliable_trip_rate,0.0,1.0,0.0,0.0,True
227,Sunset Park East,1,13,5,18.798717948717947,19.716666666666665,0.38461538461538464,2026-02,unreliable_trip_rate,0.0,1.0,0.0,0.0,True
240,Van Cortlandt Park,9,13,5,35.385897435897434,33.8,0.38461538461538464,2026-02,unreliable_trip_rate,0.0,1.0,0.0,0.0,True
18,Bedford Park,23,21,8,23.31746031746032,15.791666666666668,0.38095238095238093,2026-02,unreliable_trip_rate,0.0,1.0,0.0,0.0,True
20,Belmont,19,21,8,25.138888888888886,20.7,0.38095238095238093,2026-02,unreliable_trip_rate,0.0,1.0,0.0,0.0,True
67,Dyker Heights,18,21,8,29.123809523809523,23.816666666666666,0.38095238095238093,2026-02,unreliable_trip_rate,0.0,1.0,0.0,0.0,True
73,East Flushing,7,21,8,29.575396825396826,30.4,0.38095238095238093,2026-02,unreliable_trip_rate,0.0,1.0,0.0,0.0,True
124,Howard Beach,12,21,8,30.87222222222222,33.38333333333333,0.38095238095238093,2026-02,unreliable_trip_rate,0.0,1.0,0.0,0.0,True
136,Kingsbridge Heights,18,21,8,32.93095238095238,23.225,0.38095238095238093,2026-02,unreliable_trip_rate,0.0,1.0,0.0,0.0,True
208,Schuylerville/Edgewater Park,0,21,8,18.676984126984127,15.233333333333333,0.38095238095238093,2026-02,unreliable_trip_rate,0.0,1.0,0.0,0.0,True
257,Windsor Terrace,19,21,8,26.535714285714285,22.833333333333332,0.38095238095238093,2026-02,unreliable_trip_rate,0.0,1.0,0.0,0.0,True
69,East Concourse/Concourse Village,22,29,11,18.94597701149425,17.366666666666667,0.3793103448275862,2026-02,unreliable_trip_rate,0.0,1.0,0.0,0.0,True
135,Kew Gardens Hills,9,29,11,42.91609195402299,33.53333333333333,0.3793103448275862,2026-02,unreliable_trip_rate,0.0,1.0,0.0,0.0,True
21,Bensonhurst East,20,16,6,23.315625,22.833333333333332,0.375,2026-02,unreliable_trip_rate,0.0,1.0,0.0,0.0,True
38,Cambria Heights,18,16,6,38.59375,31.483333333333334,0.375,2026-02,unreliable_trip_rate,0.0,1.0,0.0,0.0,True
38,Cambria Heights,22,16,6,28.36145833333333,24.516666666666666,0.375,2026-02,unreliable_trip_rate,0.0,1.0,0.0,0.0,True
60,Crotona Park East,14,16,6,33.090625,30.233333333333334,0.375,2026-02,unreliable_trip_rate,0.0,1.0,0.0,0.0,True
64,Douglaston,16,8,3,41.68958333333333,42.81666666666667,0.375,2026-02,unreliable_trip_rate,0.0,1.0,0.0,0.0,True
78,East Tremont,23,24,9,19.568055555555556,15.791666666666668,0.375,2026-02,unreliable_trip_rate,0.0,1.0,0.0,0.0,True
86,Far Rockaway,22,16,6,26.381249999999998,24.516666666666666,0.375,2026-02,unreliable_trip_rate,0.0,1.0,0.0,0.0,True
133,Kensington,22,16,6,23.529166666666665,21.416666666666668,0.375,2026-02,unreliable_trip_rate,0.0,1.0,0.0,0.0,True
133,Kensington,23,24,9,23.92430555555556,20.8,0.375,2026-02,unreliable_trip_rate,0.0,1.0,0.0,0.0,True
190,Prospect Park,17,16,6,31.176041666666666,25.575,0.375,2026-02,unreliable_trip_rate,0.0,1.0,0.0,0.0,True
257,Windsor Terrace,20,24,9,29.345138888888886,22.833333333333332,0.375,2026-02,unreliable_trip_rate,0.0,1.0,0.0,0.0,True
265,Outside of NYC,23,16,6,17.504166666666666,15.025,0.375,2026-02,unreliable_trip_rate,0.0,1.0,0.0,0.0,True
16,Bayside,7,27,10,35.87469135802469,30.4,0.37037037037037035,2026-02,unreliable_trip_rate,0.0,1.0,0.0,0.0,True
248,West Farms/Bronx River,13,27,10,37.680864197530866,32.1,0.37037037037037035,2026-02,unreliable_trip_rate,0.0,1.0,0.0,0.0,True
11,Bath Beach,16,19,7,37.602631578947374,27.583333333333332,0.3684210526315789,2026-02,unreliable_trip_rate,0.0,1.0,0.0,0.0,True
76,East New York,2,19,7,17.28333333333333,19.025,0.3684210526315789,2026-02,unreliable_trip_rate,0.0,1.0,0.0,0.0,True
81,Eastchester,17,19,7,32.77280701754386,27.008333333333333,0.3684210526315789,2026-02,unreliable_trip_rate,0.0,1.0,0.0,0.0,True
190,Prospect Park,13,19,7,35.28333333333333,28.15,0.3684210526315789,2026-02,unreliable_trip_rate,0.0,1.0,0.0,0.0,True
257,Windsor Terrace,21,19,7,22.249122807017546,22.083333333333332,0.3684210526315789,2026-02,unreliable_trip_rate,0.0,1.0,0.0,0.0,True
29,Brighton Beach,19,22,8,31.525757575757574,22.833333333333332,0.36363636363636365,2026-02,unreliable_trip_rate,0.0,1.0,0.0,0.0,True
63,Cypress Hills,3,22,8,25.627272727272725,18.966666666666665,0.36363636363636365,2026-02,unreliable_trip_rate,0.0,1.0,0.0,0.0,True
67,Dyker Heights,10,22,8,38.16969696969697,28.716666666666665,0.36363636363636365,2026-02,unreliable_trip_rate,0.0,1.0,0.0,0.0,True
67,Dyker Heights,22,11,4,28.215151515151515,21.416666666666668,0.36363636363636365,2026-02,unreliable_trip_rate,0.0,1.0,0.0,0.0,True
69,East Concourse/Concourse Village,3,11,4,17.206060606060603,16.46666666666667,0.36363636363636365,2026-02,unreliable_trip_rate,0.0,1.0,0.0,0.0,True
73,East Flushing,8,11,4,40.309090909090905,33.65,0.36363636363636365,2026-02,unreliable_trip_rate,0.0,1.0,0.0,0.0,True
77,East New York/Pennsylvania Avenue,0,22,8,20.418939393939397,20.2,0.36363636363636365,2026-02,unreliable_trip_rate,0.0,1.0,0.0,0.0,True
94,Fordham South,4,11,4,27.889393939393937,19.833333333333332,0.36363636363636365,2026-02,unreliable_trip_rate,0.0,1.0,0.0,0.0,True
98,Fresh Meadows,7,22,8,36.516666666666666,30.4,0.36363636363636365,2026-02,unreliable_trip_rate,0.0,1.0,0.0,0.0,True
139,Laurelton,14,22,8,46.309090909090905,38.6,0.36363636363636365,2026-02,unreliable_trip_rate,0.0,1.0,0.0,0.0,True
190,Prospect Park,19,11,4,27.736363636363638,22.833333333333332,0.36363636363636365,2026-02,unreliable_trip_rate,0.0,1.0,0.0,0.0,True
192,Queensboro Hill,9,22,8,35.08939393939394,33.53333333333333,0.36363636363636365,2026-02,unreliable_trip_rate,0.0,1.0,0.0,0.0,True
196,Rego Park,4,11,4,18.257575757575758,17.4,0.36363636363636365,2026-02,unreliable_trip_rate,0.0,1.0,0.0,0.0,True
201,Rockaway Park,17,11,4,40.092424242424244,36.35,0.36363636363636365,2026-02,unreliable_trip_rate,0.0,1.0,0.0,0.0,True
212,Soundview/Bruckner,21,11,4,20.96818181818182,18.84166666666667,0.36363636363636365,2026-02,unreliable_trip_rate,0.0,1.0,0.0,0.0,True
248,West Farms/Bronx River,19,22,8,23.23030303030303,20.7,0.36363636363636365,2026-02,unreliable_trip_rate,0.0,1.0,0.0,0.0,True
257,Windsor Terrace,11,22,8,28.935606060606062,28.85,0.36363636363636365,2026-02,unreliable_trip_rate,0.0,1.0,0.0,0.0,True
19,Bellerose,15,25,9,43.7,41.333333333333336,0.36,2026-02,unreliable_trip_rate,0.0,1.0,0.0,0.0,True
33,Brooklyn Heights,2,25,9,21.226,19.025,0.36,2026-02,unreliable_trip_rate,0.0,1.0,0.0,0.0,True
126,Hunts Point,23,25,9,19.095333333333333,15.791666666666668,0.36,2026-02,unreliable_trip_rate,0.0,1.0,0.0,0.0,True
147,Longwood,5,25,9,32.88,27.383333333333333,0.36,2026-02,unreliable_trip_rate,0.0,1.0,0.0,0.0,True
219,Springfield Gardens South,22,25,9,25.374666666666666,24.516666666666666,0.36,2026-02,unreliable_trip_rate,0.0,1.0,0.0,0.0,True
3,Allerton/Pelham Gardens,15,14,5,39.23809523809524,30.266666666666666,0.35714285714285715,2026-02,unreliable_trip_rate,0.0,1.0,0.0,0.0,True
34,Brooklyn Navy Yard,23,14,5,25.22142857142857,20.8,0.35714285714285715,2026-02,unreliable_trip_rate,0.0,1.0,0.0,0.0,True
53,College Point,9,14,5,33.06190476190476,33.53333333333333,0.35714285714285715,2026-02,unreliable_trip_rate,0.0,1.0,0.0,0.0,True
165,Midwood,20,28,10,25.338690476190475,22.833333333333332,0.35714285714285715,2026-02,unreliable_trip_rate,0.0,1.0,0.0,0.0,True
171,Murray Hill-Queens,10,14,5,35.535714285714285,33.733333333333334,0.35714285714285715,2026-02,unreliable_trip_rate,0.0,1.0,0.0,0.0,True
180,Ozone Park,1,14,5,20.76309523809524,19.966666666666665,0.35714285714285715,2026-02,unreliable_trip_rate,0.0,1.0,0.0,0.0,True
258,Woodhaven,1,14,5,18.917857142857144,19.966666666666665,0.35714285714285715,2026-02,unreliable_trip_rate,0.0,1.0,0.0,0.0,True
108,Gravesend,22,17,6,21.83137254901961,21.416666666666668,0.35294117647058826,2026-02,unreliable_trip_rate,0.0,1.0,0.0,0.0,True
134,Kew Gardens,4,17,6,16.728431372549018,17.4,0.35294117647058826,2026-02,unreliable_trip_rate,0.0,1.0,0.0,0.0,True
190,Prospect Park,20,17,6,25.848039215686274,22.833333333333332,0.35294117647058826,2026-02,unreliable_trip_rate,0.0,1.0,0.0,0.0,True
13,Battery Park City,2,20,7,14.135,11.533333333333333,0.35,2026-02,unreliable_trip_rate,0.0,1.0,0.0,0.0,True
13,Battery Park City,3,20,7,15.0675,11.0,0.35,2026-02,unreliable_trip_rate,0.0,1.0,0.0,0.0,True
55,Coney Island,23,20,7,19.2875,20.8,0.35,2026-02,unreliable_trip_rate,0.0,1.0,0.0,0.0,True
60,Crotona Park East,17,20,7,42.08166666666666,27.008333333333333,0.35,2026-02,unreliable_trip_rate,0.0,1.0,0.0,0.0,True
219,Springfield Gardens South,10,20,7,39.36416666666666,33.733333333333334,0.35,2026-02,unreliable_trip_rate,0.0,1.0,0.0,0.0,True
38,Cambria Heights,14,23,8,41.642753623188405,38.6,0.34782608695652173,2026-02,unreliable_trip_rate,0.0,1.0,0.0,0.0,True
91,Flatlands,0,23,8,20.93550724637681,20.2,0.34782608695652173,2026-02,unreliable_trip_rate,0.0,1.0,0.0,0.0,True
136,Kingsbridge Heights,20,23,8,29.963768115942027,20.783333333333335,0.34782608695652173,2026-02,unreliable_trip_rate,0.0,1.0,0.0,0.0,True
212,Soundview/Bruckner,20,23,8,20.744927536231884,20.783333333333335,0.34782608695652173,2026-02,unreliable_trip_rate,0.0,1.0,0.0,0.0,True
174,Norwood,20,26,9,24.987820512820516,20.783333333333335,0.34615384615384615,2026-02,unreliable_trip_rate,0.0,1.0,0.0,0.0,True
235,University Heights/Morris Heights,21,26,9,23.8025641025641,18.84166666666667,0.34615384615384615,2026-02,unreliable_trip_rate,0.0,1.0,0.0,0.0,True
20,Belmont,6,29,10,36.30862068965517,32.43333333333333,0.3448275862068966,2026-02,unreliable_trip_rate,0.0,1.0,0.0,0.0,True
108,Gravesend,13,29,10,31.864367816091956,28.15,0.3448275862068966,2026-02,unreliable_trip_rate,0.0,1.0,0.0,0.0,True
126,Hunts Point,5,29,10,27.913218390804598,27.383333333333333,0.3448275862068966,2026-02,unreliable_trip_rate,0.0,1.0,0.0,0.0,True
135,Kew Gardens Hills,13,29,10,36.748275862068965,35.86666666666667,0.3448275862068966,2026-02,unreliable_trip_rate,0.0,1.0,0.0,0.0,True
185,Pelham Parkway,19,29,10,24.36551724137931,20.7,0.3448275862068966,2026-02,unreliable_trip_rate,0.0,1.0,0.0,0.0,True
208,Schuylerville/Edgewater Park,22,29,10,17.967241379310344,17.366666666666667,0.3448275862068966,2026-02,unreliable_trip_rate,0.0,1.0,0.0,0.0,True
250,Westchester Village/Unionport,11,29,10,41.91954022988506,36.05,0.3448275862068966,2026-02,unreliable_trip_rate,0.0,1.0,0.0,0.0,True
1,Newark Airport,20,3,1,10.405555555555555,13.733333333333333,0.3333333333333333,2026-02,unreliable_trip_rate,1.0,0.0,0.0,0.0,True
3,Allerton/Pelham Gardens,2,3,1,20.516666666666666,14.05,0.3333333333333333,2026-02,unreliable_trip_rate,0.0,1.0,0.0,0.0,True
3,Allerton/Pelham Gardens,23,12,4,16.8625,15.791666666666668,0.3333333333333333,2026-02,unreliable_trip_rate,0.0,1.0,0.0,0.0,True
6,Arrochar/Fort Wadsworth,2,3,1,16.711111111111112,12.133333333333333,0.3333333333333333,2026-02,unreliable_trip_rate,1.0,0.0,0.0,0.0,True
6,Arrochar/Fort Wadsworth,12,3,1,15.444444444444443,15.133333333333333,0.3333333333333333,2026-02,unreliable_trip_rate,1.0,0.0,0.0,0.0,True
9,Auburndale,0,3,1,26.916666666666668,21.433333333333334,0.3333333333333333,2026-02,unreliable_trip_rate,0.0,1.0,0.0,0.0,True
9,Auburndale,14,9,3,41.8537037037037,38.6,0.3333333333333333,2026-02,unreliable_trip_rate,0.0,1.0,0.0,0.0,True
11,Bath Beach,18,18,6,33.87222222222223,23.816666666666666,0.3333333333333333,2026-02,unreliable_trip_rate,0.0,1.0,0.0,0.0,True
12,Battery Park,23,6,2,16.030555555555555,12.7,0.3333333333333333,2026-02,unreliable_trip_rate,0.0,1.0,0.0,0.0,True
15,Bay Terrace/Fort Totten,6,3,1,35.75,26.34166666666667,0.3333333333333333,2026-02,unreliable_trip_rate,0.0,1.0,0.0,0.0,True
16,Bayside,2,9,3,19.21851851851852,17.541666666666668,0.3333333333333333,2026-02,unreliable_trip_rate,0.0,1.0,0.0,0.0,True
16,Bayside,4,6,2,16.79722222222222,17.4,0.3333333333333333,2026-02,unreliable_trip_rate,0.0,1.0,0.0,0.0,True
18,Bedford Park,21,27,9,24.30493827160494,18.84166666666667,0.3333333333333333,2026-02,unreliable_trip_rate,0.0,1.0,0.0,0.0,True
19,Bellerose,2,3,1,21.633333333333336,17.541666666666668,0.3333333333333333,2026-02,unreliable_trip_rate,0.0,1.0,0.0,0.0,True
21,Bensonhurst East,1,6,2,19.994444444444444,19.716666666666665,0.3333333333333333,2026-02,unreliable_trip_rate,0.0,1.0,0.0,0.0,True
21,Bensonhurst East,21,9,3,27.38703703703704,22.083333333333332,0.3333333333333333,2026-02,unreliable_trip_rate,0.0,1.0,0.0,0.0,True
21,Bensonhurst East,22,3,1,17.47222222222222,21.416666666666668,0.3333333333333333,2026-02,unreliable_trip_rate,0.0,1.0,0.0,0.0,True
22,Bensonhurst West,1,6,2,19.122222222222224,19.716666666666665,0.3333333333333333,2026-02,unreliable_trip_rate,0.0,1.0,0.0,0.0,True
22,Bensonhurst West,3,6,2,22.205555555555552,18.966666666666665,0.3333333333333333,2026-02,unreliable_trip_rate,0.0,1.0,0.0,0.0,True
23,Bloomfield/Emerson Hill,18,3,1,19.205555555555556,14.1,0.3333333333333333,2026-02,unreliable_trip_rate,1.0,0.0,0.0,0.0,True
23,Bloomfield/Emerson Hill,21,3,1,19.0,13.716666666666667,0.3333333333333333,2026-02,unreliable_trip_rate,1.0,0.0,0.0,0.0,True
26,Borough Park,5,12,4,25.07777777777778,23.483333333333334,0.3333333333333333,2026-02,unreliable_trip_rate,0.0,1.0,0.0,0.0,True
29,Brighton Beach,21,18,6,25.15462962962963,22.083333333333332,0.3333333333333333,2026-02,unreliable_trip_rate,0.0,1.0,0.0,0.0,True
29,Brighton Beach,22,15,5,20.994444444444447,21.416666666666668,0.3333333333333333,2026-02,unreliable_trip_rate,0.0,1.0,0.0,0.0,True
32,Bronxdale,13,21,7,38.077777777777776,32.1,0.3333333333333333,2026-02,unreliable_trip_rate,0.0,1.0,0.0,0.0,True
34,Brooklyn Navy Yard,9,12,4,28.302777777777777,28.0,0.3333333333333333,2026-02,unreliable_trip_rate,0.0,1.0,0.0,0.0,True
34,Brooklyn Navy Yard,11,3,1,32.416666666666664,28.85,0.3333333333333333,2026-02,unreliable_trip_rate,0.0,1.0,0.0,0.0,True
38,Cambria Heights,21,6,2,24.311111111111114,24.983333333333334,0.3333333333333333,2026-02,unreliable_trip_rate,0.0,1.0,0.0,0.0,True
51,Co-Op City,1,3,1,15.53888888888889,14.941666666666666,0.3333333333333333,2026-02,unreliable_trip_rate,0.0,1.0,0.0,0.0,True
53,College Point,8,27,9,33.99629629629629,33.65,0.3333333333333333,2026-02,unreliable_trip_rate,0.0,1.0,0.0,0.0,True
57,Corona,22,6,2,20.76111111111111,24.516666666666666,0.3333333333333333,2026-02,unreliable_trip_rate,0.0,1.0,0.0,0.0,True
58,Country Club,5,3,1,46.93888888888889,27.383333333333333,0.3333333333333333,2026-02,unreliable_trip_rate,0.0,1.0,0.0,0.0,True
58,Country Club,11,3,1,34.18888888888889,36.05,0.3333333333333333,2026-02,unreliable_trip_rate,0.0,1.0,0.0,0.0,True
59,Crotona Park,7,3,1,53.65555555555556,32.833333333333336,0.3333333333333333,2026-02,unreliable_trip_rate,0.0,1.0,0.0,0.0,True
59,Crotona Park,14,3,1,28.594444444444445,30.233333333333334,0.3333333333333333,2026-02,unreliable_trip_rate,0.0,1.0,0.0,0.0,True
63,Cypress Hills,1,9,3,18.264814814814812,19.716666666666665,0.3333333333333333,2026-02,unreliable_trip_rate,0.0,1.0,0.0,0.0,True
64,Douglaston,7,6,2,32.59444444444444,30.4,0.3333333333333333,2026-02,unreliable_trip_rate,0.0,1.0,0.0,0.0,True
67,Dyker Heights,1,3,1,16.044444444444444,19.716666666666665,0.3333333333333333,2026-02,unreliable_trip_rate,0.0,1.0,0.0,0.0,True
69,East Concourse/Concourse Village,1,9,3,16.548148148148147,14.941666666666666,0.3333333333333333,2026-02,unreliable_trip_rate,0.0,1.0,0.0,0.0,True
69,East Concourse/Concourse Village,4,27,9,24.16172839506173,19.833333333333332,0.3333333333333333,2026-02,unreliable_trip_rate,0.0,1.0,0.0,0.0,True
73,East Flushing,4,3,1,14.183333333333332,17.4,0.3333333333333333,2026-02,unreliable_trip_rate,0.0,1.0,0.0,0.0,True
73,East Flushing,13,6,2,47.40555555555556,35.86666666666667,0.3333333333333333,2026-02,unreliable_trip_rate,0.0,1.0,0.0,0.0,True
77,East New York/Pennsylvania Avenue,2,6,2,18.133333333333333,19.025,0.3333333333333333,2026-02,unreliable_trip_rate,0.0,1.0,0.0,0.0,True
81,Eastchester,3,3,1,23.04444444444444,16.46666666666667,0.3333333333333333,2026-02,unreliable_trip_rate,0.0,1.0,0.0,0.0,True
81,Eastchester,4,21,7,29.38015873015873,19.833333333333332,0.3333333333333333,2026-02,unreliable_trip_rate,0.0,1.0,0.0,0.0,True
93,Flushing Meadows-Corona Park,7,15,5,31.03111111111111,30.4,0.3333333333333333,2026-02,unreliable_trip_rate,0.0,1.0,0.0,0.0,True
93,Flushing Meadows-Corona Park,17,27,9,38.73827160493828,36.35,0.3333333333333333,2026-02,unreliable_trip_rate,0.0,1.0,0.0,0.0,True
94,Fordham South,12,18,6,39.589814814814815,33.625,0.3333333333333333,2026-02,unreliable_trip_rate,0.0,1.0,0.0,0.0,True
96,Forest Park/Highland Park,20,3,1,20.494444444444444,27.883333333333333,0.3333333333333333,2026-02,unreliable_trip_rate,0.0,1.0,0.0,0.0,True
102,Glendale,2,3,1,14.372222222222222,17.541666666666668,0.3333333333333333,2026-02,unreliable_trip_rate,0.0,1.0,0.0,0.0,True
108,Gravesend,19,15,5,31.223333333333333,22.833333333333332,0.3333333333333333,2026-02,unreliable_trip_rate,0.0,1.0,0.0,0.0,True
118,Heartland Village/Todt Hill,19,3,1,16.91111111111111,13.766666666666667,0.3333333333333333,2026-02,unreliable_trip_rate,1.0,0.0,0.0,0.0,True
120,Highbridge Park,21,3,1,34.96666666666667,12.8,0.3333333333333333,2026-02,unreliable_trip_rate,0.0,1.0,0.0,0.0,True
121,Hillcrest/Pomonok,20,12,4,27.91111111111111,27.883333333333333,0.3333333333333333,2026-02,unreliable_trip_rate,0.0,1.0,0.0,0.0,True
133,Kensington,1,6,2,20.380555555555556,19.716666666666665,0.3333333333333333,2026-02,unreliable_trip_rate,0.0,1.0,0.0,0.0,True
134,Kew Gardens,5,15,5,21.833333333333332,20.25,0.3333333333333333,2026-02,unreliable_trip_rate,0.0,1.0,0.0,0.0,True
136,Kingsbridge Heights,2,3,1,12.027777777777777,14.05,0.3333333333333333,2026-02,unreliable_trip_rate,0.0,1.0,0.0,0.0,True
149,Madison,3,3,1,19.055555555555554,18.966666666666665,0.3333333333333333,2026-02,unreliable_trip_rate,0.0,1.0,0.0,0.0,True
154,Marine Park/Floyd Bennett Field,13,3,1,42.72777777777778,28.15,0.3333333333333333,2026-02,unreliable_trip_rate,0.0,1.0,0.0,0.0,True
165,Midwood,23,12,4,19.033333333333335,20.8,0.3333333333333333,2026-02,unreliable_trip_rate,0.0,1.0,0.0,0.0,True
167,Morrisania/Melrose,23,21,7,16.271428571428572,15.791666666666668,0.3333333333333333,2026-02,unreliable_trip_rate,0.0,1.0,0.0,0.0,True
171,Murray Hill-Queens,16,6,2,44.18333333333334,42.81666666666667,0.3333333333333333,2026-02,unreliable_trip_rate,0.0,1.0,0.0,0.0,True
175,Oakland Gardens,1,3,1,19.655555555555555,19.966666666666665,0.3333333333333333,2026-02,unreliable_trip_rate,0.0,1.0,0.0,0.0,True
175,Oakland Gardens,18,3,1,20.733333333333334,31.483333333333334,0.3333333333333333,2026-02,unreliable_trip_rate,0.0,1.0,0.0,0.0,True
178,Ocean Parkway South,0,3,1,21.438888888888886,20.2,0.3333333333333333,2026-02,unreliable_trip_rate,0.0,1.0,0.0,0.0,True
178,Ocean Parkway South,10,18,6,39.516666666666666,28.716666666666665,0.3333333333333333,2026-02,unreliable_trip_rate,0.0,1.0,0.0,0.0,True
182,Parkchester,2,3,1,14.261111111111111,14.05,0.3333333333333333,2026-02,unreliable_trip_rate,0.0,1.0,0.0,0.0,True
183,Pelham Bay,1,3,1,14.616666666666667,14.941666666666666,0.3333333333333333,2026-02,unreliable_trip_rate,0.0,1.0,0.0,0.0,True
183,Pelham Bay,2,3,1,13.62777777777778,14.05,0.3333333333333333,2026-02,unreliable_trip_rate,0.0,1.0,0.0,0.0,True
183,Pelham Bay,4,3,1,20.95,19.833333333333332,0.3333333333333333,2026-02,unreliable_trip_rate,0.0,1.0,0.0,0.0,True
183,Pelham Bay,5,15,5,35.08777777777778,27.383333333333333,0.3333333333333333,2026-02,unreliable_trip_rate,0.0,1.0,0.0,0.0,True
183,Pelham Bay,18,24,8,32.93263888888889,23.225,0.3333333333333333,2026-02,unreliable_trip_rate,0.0,1.0,0.0,0.0,True
185,Pelham Parkway,1,6,2,17.919444444444444,14.941666666666666,0.3333333333333333,2026-02,unreliable_trip_rate,0.0,1.0,0.0,0.0,True
185,Pelham Parkway,2,3,1,17.6,14.05,0.3333333333333333,2026-02,unreliable_trip_rate,0.0,1.0,0.0,0.0,True
190,Prospect Park,4,3,1,22.938888888888886,19.583333333333332,0.3333333333333333,2026-02,unreliable_trip_rate,0.0,1.0,0.0,0.0,True
190,Prospect Park,15,18,6,31.761111111111113,28.233333333333334,0.3333333333333333,2026-02,unreliable_trip_rate,0.0,1.0,0.0,0.0,True
191,Queens Village,4,18,6,22.157407407407405,17.4,0.3333333333333333,2026-02,unreliable_trip_rate,0.0,1.0,0.0,0.0,True
192,Queensboro Hill,16,18,6,43.474999999999994,42.81666666666667,0.3333333333333333,2026-02,unreliable_trip_rate,0.0,1.0,0.0,0.0,True
195,Red Hook,1,12,4,20.581944444444446,19.716666666666665,0.3333333333333333,2026-02,unreliable_trip_rate,0.0,1.0,0.0,0.0,True
201,Rockaway Park,4,3,1,39.983333333333334,17.4,0.3333333333333333,2026-02,unreliable_trip_rate,0.0,1.0,0.0,0.0,True
203,Rosedale,3,6,2,24.052777777777777,16.966666666666665,0.3333333333333333,2026-02,unreliable_trip_rate,0.0,1.0,0.0,0.0,True
203,Rosedale,19,12,4,27.870833333333334,30.15,0.3333333333333333,2026-02,unreliable_trip_rate,0.0,1.0,0.0,0.0,True
207,Saint Michaels Cemetery/Woodside,8,6,2,19.572222222222223,33.65,0.3333333333333333,2026-02,unreliable_trip_rate,0.0,1.0,0.0,0.0,True
208,Schuylerville/Edgewater Park,2,3,1,14.933333333333332,14.05,0.3333333333333333,2026-02,unreliable_trip_rate,0.0,1.0,0.0,0.0,True
214,South Beach/Dongan Hills,18,3,1,22.022222222222222,14.1,0.3333333333333333,2026-02,unreliable_trip_rate,1.0,0.0,0.0,0.0,True
217,South Williamsburg,2,12,4,16.159722222222225,19.025,0.3333333333333333,2026-02,unreliable_trip_rate,0.0,1.0,0.0,0.0,True
221,Stapleton,4,3,1,17.916666666666668,13.2,0.3333333333333333,2026-02,unreliable_trip_rate,1.0,0.0,0.0,0.0,True
221,Stapleton,8,15,5,29.84,29.85,0.3333333333333333,2026-02,unreliable_trip_rate,0.0,1.0,0.0,0.0,True
222,Starrett City,0,3,1,20.905555555555555,20.2,0.3333333333333333,2026-02,unreliable_trip_rate,0.0,1.0,0.0,0.0,True
227,Sunset Park East,2,9,3,19.244444444444444,19.025,0.3333333333333333,2026-02,unreliable_trip_rate,0.0,1.0,0.0,0.0,True
235,University Heights/Morris Heights,2,3,1,24.022222222222222,14.05,0.3333333333333333,2026-02,unreliable_trip_rate,0.0,1.0,0.0,0.0,True
240,Van Cortlandt Park,14,6,2,41.580555555555556,30.233333333333334,0.3333333333333333,2026-02,unreliable_trip_rate,0.0,1.0,0.0,0.0,True
240,Van Cortlandt Park,16,6,2,54.25,30.883333333333333,0.3333333333333333,2026-02,unreliable_trip_rate,0.0,1.0,0.0,0.0,True
240,Van Cortlandt Park,21,3,1,30.066666666666666,18.84166666666667,0.3333333333333333,2026-02,unreliable_trip_rate,0.0,1.0,0.0,0.0,True
248,West Farms/Bronx River,16,21,7,48.76111111111111,30.883333333333333,0.3333333333333333,2026-02,unreliable_trip_rate,0.0,1.0,0.0,0.0,True
248,West Farms/Bronx River,20,18,6,26.9,20.783333333333335,0.3333333333333333,2026-02,unreliable_trip_rate,0.0,1.0,0.0,0.0,True
248,West Farms/Bronx River,22,21,7,19.68015873015873,17.366666666666667,0.3333333333333333,2026-02,unreliable_trip_rate,0.0,1.0,0.0,0.0,True
251,Westerleigh,8,3,1,42.22222222222222,29.85,0.3333333333333333,2026-02,unreliable_trip_rate,0.0,1.0,0.0,0.0,True
252,Whitestone,10,9,3,26.344444444444445,33.733333333333334,0.3333333333333333,2026-02,unreliable_trip_rate,0.0,1.0,0.0,0.0,True
259,Woodlawn/Wakefield,2,3,1,19.01666666666667,14.05,0.3333333333333333,2026-02,unreliable_trip_rate,0.0,1.0,0.0,0.0,True
259,Woodlawn/Wakefield,13,21,7,34.23492063492064,32.1,0.3333333333333333,2026-02,unreliable_trip_rate,0.0,1.0,0.0,0.0,True
265,Outside of NYC,4,12,4,7.893055555555556,8.816666666666666,0.3333333333333333,2026-02,unreliable_trip_rate,0.0,1.0,0.0,0.0,True
3,Allerton/Pelham Gardens,13,28,9,36.57619047619048,32.1,0.32142857142857145,2026-02,unreliable_trip_rate,0.0,1.0,0.0,0.0,True
108,Gravesend,17,28,9,26.72559523809524,25.575,0.32142857142857145,2026-02,unreliable_trip_rate,0.0,1.0,0.0,0.0,True
126,Hunts Point,20,28,9,31.12738095238095,20.783333333333335,0.32142857142857145,2026-02,unreliable_trip_rate,0.0,1.0,0.0,0.0,True
179,Old Astoria,3,28,9,15.863095238095239,16.966666666666665,0.32142857142857145,2026-02,unreliable_trip_rate,0.0,1.0,0.0,0.0,True
216,South Ozone Park,1,28,9,19.726785714285715,19.966666666666665,0.32142857142857145,2026-02,unreliable_trip_rate,0.0,1.0,0.0,0.0,True
264,Unknown,3,28,9,11.34702380952381,9.516666666666666,0.32142857142857145,2026-02,unreliable_trip_rate,0.0,1.0,0.0,0.0,True
123,Homecrest,19,25,8,23.756666666666664,22.833333333333332,0.32,2026-02,unreliable_trip_rate,0.0,1.0,0.0,0.0,True
147,Longwood,4,25,8,24.484,19.833333333333332,0.32,2026-02,unreliable_trip_rate,0.0,1.0,0.0,0.0,True
196,Rego Park,5,25,8,23.77733333333333,20.25,0.32,2026-02,unreliable_trip_rate,0.0,1.0,0.0,0.0,True
89,Flatbush/Ditmas Park,1,22,7,20.378030303030304,19.716666666666665,0.3181818181818182,2026-02,unreliable_trip_rate,0.0,1.0,0.0,0.0,True
139,Laurelton,18,22,7,33.70227272727273,31.483333333333334,0.3181818181818182,2026-02,unreliable_trip_rate,0.0,1.0,0.0,0.0,True
147,Longwood,16,22,7,37.16590909090909,30.883333333333333,0.3181818181818182,2026-02,unreliable_trip_rate,0.0,1.0,0.0,0.0,True
254,Williamsbridge/Olinville,21,22,7,28.056818181818183,18.84166666666667,0.3181818181818182,2026-02,unreliable_trip_rate,0.0,1.0,0.0,0.0,True
257,Windsor Terrace,16,22,7,29.297727272727272,27.583333333333332,0.3181818181818182,2026-02,unreliable_trip_rate,0.0,1.0,0.0,0.0,True
32,Bronxdale,4,19,6,22.510526315789473,19.833333333333332,0.3157894736842105,2026-02,unreliable_trip_rate,0.0,1.0,0.0,0.0,True
89,Flatbush/Ditmas Park,2,19,6,20.80263157894737,19.025,0.3157894736842105,2026-02,unreliable_trip_rate,0.0,1.0,0.0,0.0,True
135,Kew Gardens Hills,10,19,6,33.51754385964912,33.733333333333334,0.3157894736842105,2026-02,unreliable_trip_rate,0.0,1.0,0.0,0.0,True
180,Ozone Park,23,19,6,20.840350877192982,22.466666666666665,0.3157894736842105,2026-02,unreliable_trip_rate,0.0,1.0,0.0,0.0,True
200,Riverdale/North Riverdale/Fieldston,6,19,6,35.402631578947364,32.43333333333333,0.3157894736842105,2026-02,unreliable_trip_rate,0.0,1.0,0.0,0.0,True
257,Windsor Terrace,0,19,6,21.781578947368423,20.2,0.3157894736842105,2026-02,unreliable_trip_rate,0.0,1.0,0.0,0.0,True
11,Bath Beach,17,16,5,31.229166666666664,25.575,0.3125,2026-02,unreliable_trip_rate,0.0,1.0,0.0,0.0,True
16,Bayside,10,16,5,38.15833333333333,33.733333333333334,0.3125,2026-02,unreliable_trip_rate,0.0,1.0,0.0,0.0,True
98,Fresh Meadows,10,16,5,30.626041666666666,33.733333333333334,0.3125,2026-02,unreliable_trip_rate,0.0,1.0,0.0,0.0,True
139,Laurelton,13,16,5,33.8875,35.86666666666667,0.3125,2026-02,unreliable_trip_rate,0.0,1.0,0.0,0.0,True
173,North Corona,1,16,5,19.009375,19.966666666666665,0.3125,2026-02,unreliable_trip_rate,0.0,1.0,0.0,0.0,True
178,Ocean Parkway South,17,16,5,28.216666666666665,25.575,0.3125,2026-02,unreliable_trip_rate,0.0,1.0,0.0,0.0,True
203,Rosedale,17,16,5,29.642708333333335,36.35,0.3125,2026-02,unreliable_trip_rate,0.0,1.0,0.0,0.0,True
10,Baisley Park,0,29,9,22.076436781609196,21.433333333333334,0.3103448275862069,2026-02,unreliable_trip_rate,0.0,1.0,0.0,0.0,True
124,Howard Beach,9,29,9,38.59655172413793,33.53333333333333,0.3103448275862069,2026-02,unreliable_trip_rate,0.0,1.0,0.0,0.0,True
16,Bayside,19,13,4,25.994871794871795,30.15,0.3076923076923077,2026-02,unreliable_trip_rate,0.0,1.0,0.0,0.0,True
47,Claremont/Bathgate,22,13,4,24.21153846153846,17.366666666666667,0.3076923076923077,2026-02,unreliable_trip_rate,0.0,1.0,0.0,0.0,True
94,Fordham South,23,13,4,16.715384615384615,15.791666666666668,0.3076923076923077,2026-02,unreliable_trip_rate,0.0,1.0,0.0,0.0,True
98,Fresh Meadows,8,13,4,38.42564102564103,33.65,0.3076923076923077,2026-02,unreliable_trip_rate,0.0,1.0,0.0,0.0,True
171,Murray Hill-Queens,21,13,4,20.73076923076923,24.983333333333334,0.3076923076923077,2026-02,unreliable_trip_rate,0.0,1.0,0.0,0.0,True
175,Oakland Gardens,12,13,4,34.426923076923075,33.38333333333333,0.3076923076923077,2026-02,unreliable_trip_rate,0.0,1.0,0.0,0.0,True
200,Riverdale/North Riverdale/Fieldston,13,26,8,34.62948717948718,32.1,0.3076923076923077,2026-02,unreliable_trip_rate,0.0,1.0,0.0,0.0,True
203,Rosedale,20,13,4,25.98205128205128,27.883333333333333,0.3076923076923077,2026-02,unreliable_trip_rate,0.0,1.0,0.0,0.0,True
248,West Farms/Bronx River,23,13,4,15.289743589743589,15.791666666666668,0.3076923076923077,2026-02,unreliable_trip_rate,0.0,1.0,0.0,0.0,True
11,Bath Beach,12,23,7,30.25,29.283333333333335,0.30434782608695654,2026-02,unreliable_trip_rate,0.0,1.0,0.0,0.0,True
66,DUMBO/Vinegar Hill,2,23,7,20.156521739130433,19.025,0.30434782608695654,2026-02,unreliable_trip_rate,0.0,1.0,0.0,0.0,True
136,Kingsbridge Heights,12,23,7,39.47028985507246,33.625,0.30434782608695654,2026-02,unreliable_trip_rate,0.0,1.0,0.0,0.0,True
15,Bay Terrace/Fort Totten,16,10,3,45.361666666666665,42.81666666666667,0.3,2026-02,unreliable_trip_rate,0.0,1.0,0.0,0.0,True
20,Belmont,22,10,3,20.216666666666665,17.366666666666667,0.3,2026-02,unreliable_trip_rate,0.0,1.0,0.0,0.0,True
22,Bensonhurst West,4,10,3,24.836666666666666,19.583333333333332,0.3,2026-02,unreliable_trip_rate,0.0,1.0,0.0,0.0,True
40,Carroll Gardens,1,20,6,20.829166666666666,19.716666666666665,0.3,2026-02,unreliable_trip_rate,0.0,1.0,0.0,0.0,True
54,Columbia Street,11,10,3,22.568333333333335,28.85,0.3,2026-02,unreliable_trip_rate,0.0,1.0,0.0,0.0,True
60,Crotona Park East,21,20,6,21.093333333333334,18.84166666666667,0.3,2026-02,unreliable_trip_rate,0.0,1.0,0.0,0.0,True
71,East Flatbush/Farragut,1,10,3,19.341666666666665,19.716666666666665,0.3,2026-02,unreliable_trip_rate,0.0,1.0,0.0,0.0,True
77,East New York/Pennsylvania Avenue,3,20,6,21.008333333333333,18.966666666666665,0.3,2026-02,unreliable_trip_rate,0.0,1.0,0.0,0.0,True
102,Glendale,12,20,6,28.465833333333336,33.38333333333333,0.3,2026-02,unreliable_trip_rate,0.0,1.0,0.0,0.0,True
115,Grymes Hill/Clifton,8,10,3,33.986666666666665,29.85,0.3,2026-02,unreliable_trip_rate,0.0,1.0,0.0,0.0,True
131,Jamaica Estates,10,20,6,33.332499999999996,33.733333333333334,0.3,2026-02,unreliable_trip_rate,0.0,1.0,0.0,0.0,True
155,Marine Park/Mill Basin,23,20,6,19.267500000000002,20.8,0.3,2026-02,unreliable_trip_rate,0.0,1.0,0.0,0.0,True
160,Middle Village,4,10,3,19.54,17.4,0.3,2026-02,unreliable_trip_rate,0.0,1.0,0.0,0.0,True
180,Ozone Park,10,20,6,29.30333333333333,33.733333333333334,0.3,2026-02,unreliable_trip_rate,0.0,1.0,0.0,0.0,True
185,Pelham Parkway,4,10,3,20.74833333333333,19.833333333333332,0.3,2026-02,unreliable_trip_rate,0.0,1.0,0.0,0.0,True
188,Prospect-Lefferts Gardens,2,10,3,20.54,19.025,0.3,2026-02,unreliable_trip_rate,0.0,1.0,0.0,0.0,True
192,Queensboro Hill,11,10,3,40.068333333333335,33.56666666666667,0.3,2026-02,unreliable_trip_rate,0.0,1.0,0.0,0.0,True
217,South Williamsburg,5,10,3,26.106666666666666,23.483333333333334,0.3,2026-02,unreliable_trip_rate,0.0,1.0,0.0,0.0,True
222,Starrett City,21,10,3,25.083333333333332,22.083333333333332,0.3,2026-02,unreliable_trip_rate,0.0,1.0,0.0,0.0,True
257,Windsor Terrace,23,20,6,20.104166666666664,20.8,0.3,2026-02,unreliable_trip_rate,0.0,1.0,0.0,0.0,True
265,Outside of NYC,5,10,3,21.133333333333333,16.633333333333333,0.3,2026-02,unreliable_trip_rate,0.0,1.0,0.0,0.0,True
53,College Point,7,27,8,30.90432098765432,30.4,0.2962962962962963,2026-02,unreliable_trip_rate,0.0,1.0,0.0,0.0,True
66,DUMBO/Vinegar Hill,5,27,8,24.16481481481481,23.483333333333334,0.2962962962962963,2026-02,unreliable_trip_rate,0.0,1.0,0.0,0.0,True
67,Dyker Heights,14,27,8,27.162345679012347,28.866666666666667,0.2962962962962963,2026-02,unreliable_trip_rate,0.0,1.0,0.0,0.0,True
67,Dyker Heights,19,27,8,24.18148148148148,22.833333333333332,0.2962962962962963,2026-02,unreliable_trip_rate,0.0,1.0,0.0,0.0,True
119,Highbridge,4,27,8,20.644444444444442,19.833333333333332,0.2962962962962963,2026-02,unreliable_trip_rate,0.0,1.0,0.0,0.0,True
185,Pelham Parkway,11,27,8,39.42407407407408,36.05,0.2962962962962963,2026-02,unreliable_trip_rate,0.0,1.0,0.0,0.0,True
193,Queensbridge/Ravenswood,2,17,5,17.072549019607845,17.541666666666668,0.29411764705882354,2026-02,unreliable_trip_rate,0.0,1.0,0.0,0.0,True
207,Saint Michaels Cemetery/Woodside,10,17,5,27.224509803921567,33.733333333333334,0.29411764705882354,2026-02,unreliable_trip_rate,0.0,1.0,0.0,0.0,True
213,Soundview/Castle Hill,22,17,5,17.04705882352941,17.366666666666667,0.29411764705882354,2026-02,unreliable_trip_rate,0.0,1.0,0.0,0.0,True
218,Springfield Gardens North,20,17,5,30.53627450980392,27.883333333333333,0.29411764705882354,2026-02,unreliable_trip_rate,0.0,1.0,0.0,0.0,True
265,Outside of NYC,8,17,5,25.728431372549018,18.791666666666664,0.29411764705882354,2026-02,unreliable_trip_rate,0.0,1.0,0.0,0.0,True
28,Briarwood/Jamaica Hills,11,24,7,27.822222222222223,33.56666666666667,0.2916666666666667,2026-02,unreliable_trip_rate,0.0,1.0,0.0,0.0,True
67,Dyker Heights,12,24,7,29.824305555555554,29.283333333333335,0.2916666666666667,2026-02,unreliable_trip_rate,0.0,1.0,0.0,0.0,True
67,Dyker Heights,13,24,7,30.370833333333334,28.15,0.2916666666666667,2026-02,unreliable_trip_rate,0.0,1.0,0.0,0.0,True
77,East New York/Pennsylvania Avenue,20,24,7,23.102083333333336,22.833333333333332,0.2916666666666667,2026-02,unreliable_trip_rate,0.0,1.0,0.0,0.0,True
173,North Corona,5,24,7,19.643055555555556,20.25,0.2916666666666667,2026-02,unreliable_trip_rate,0.0,1.0,0.0,0.0,True
3,Allerton/Pelham Gardens,20,7,2,18.428571428571427,20.783333333333335,0.2857142857142857,2026-02,unreliable_trip_rate,0.0,1.0,0.0,0.0,True
9,Auburndale,10,14,4,32.05714285714286,33.733333333333334,0.2857142857142857,2026-02,unreliable_trip_rate,0.0,1.0,0.0,0.0,True
16,Bayside,12,7,2,36.23095238095238,33.38333333333333,0.2857142857142857,2026-02,unreliable_trip_rate,0.0,1.0,0.0,0.0,True
18,Bedford Park,1,7,2,12.302380952380954,14.941666666666666,0.2857142857142857,2026-02,unreliable_trip_rate,0.0,1.0,0.0,0.0,True
18,Bedford Park,22,14,4,15.019047619047617,17.366666666666667,0.2857142857142857,2026-02,unreliable_trip_rate,0.0,1.0,0.0,0.0,True
20,Belmont,12,21,6,43.00555555555555,33.625,0.2857142857142857,2026-02,unreliable_trip_rate,0.0,1.0,0.0,0.0,True
20,Belmont,14,14,4,36.94404761904762,30.233333333333334,0.2857142857142857,2026-02,unreliable_trip_rate,0.0,1.0,0.0,0.0,True
21,Bensonhurst East,0,7,2,22.84047619047619,20.2,0.2857142857142857,2026-02,unreliable_trip_rate,0.0,1.0,0.0,0.0,True
31,Bronx Park,6,7,2,42.28809523809524,32.43333333333333,0.2857142857142857,2026-02,unreliable_trip_rate,0.0,1.0,0.0,0.0,True
34,Brooklyn Navy Yard,13,14,4,26.26547619047619,28.15,0.2857142857142857,2026-02,unreliable_trip_rate,0.0,1.0,0.0,0.0,True
38,Cambria Heights,15,21,6,33.668253968253964,41.333333333333336,0.2857142857142857,2026-02,unreliable_trip_rate,0.0,1.0,0.0,0.0,True
46,City Island,10,7,2,47.62380952380953,35.916666666666664,0.2857142857142857,2026-02,unreliable_trip_rate,0.0,1.0,0.0,0.0,True
64,Douglaston,13,7,2,31.75,35.86666666666667,0.2857142857142857,2026-02,unreliable_trip_rate,0.0,1.0,0.0,0.0,True
73,East Flushing,21,7,2,26.45952380952381,24.983333333333334,0.2857142857142857,2026-02,unreliable_trip_rate,0.0,1.0,0.0,0.0,True
86,Far Rockaway,21,14,4,28.698809523809526,24.983333333333334,0.2857142857142857,2026-02,unreliable_trip_rate,0.0,1.0,0.0,0.0,True
95,Forest Hills,3,14,4,19.795238095238094,16.966666666666665,0.2857142857142857,2026-02,unreliable_trip_rate,0.0,1.0,0.0,0.0,True
98,Fresh Meadows,20,7,2,22.400000000000002,27.883333333333333,0.2857142857142857,2026-02,unreliable_trip_rate,0.0,1.0,0.0,0.0,True
106,Gowanus,3,14,4,20.71309523809524,18.966666666666665,0.2857142857142857,2026-02,unreliable_trip_rate,0.0,1.0,0.0,0.0,True
106,Gowanus,7,28,8,27.96904761904762,29.641666666666666,0.2857142857142857,2026-02,unreliable_trip_rate,0.0,1.0,0.0,0.0,True
122,Hollis,16,14,4,34.173809523809524,42.81666666666667,0.2857142857142857,2026-02,unreliable_trip_rate,0.0,1.0,0.0,0.0,True
122,Hollis,20,7,2,37.88809523809524,27.883333333333333,0.2857142857142857,2026-02,unreliable_trip_rate,0.0,1.0,0.0,0.0,True
122,Hollis,21,7,2,26.73333333333333,24.983333333333334,0.2857142857142857,2026-02,unreliable_trip_rate,0.0,1.0,0.0,0.0,True
147,Longwood,0,7,2,13.473809523809523,15.233333333333333,0.2857142857142857,2026-02,unreliable_trip_rate,0.0,1.0,0.0,0.0,True
149,Madison,20,7,2,19.51666666666667,22.833333333333332,0.2857142857142857,2026-02,unreliable_trip_rate,0.0,1.0,0.0,0.0,True
167,Morrisania/Melrose,3,7,2,14.795238095238094,16.46666666666667,0.2857142857142857,2026-02,unreliable_trip_rate,0.0,1.0,0.0,0.0,True
171,Murray Hill-Queens,17,7,2,30.92142857142857,36.35,0.2857142857142857,2026-02,unreliable_trip_rate,0.0,1.0,0.0,0.0,True
178,Ocean Parkway South,13,21,6,34.30714285714286,28.15,0.2857142857142857,2026-02,unreliable_trip_rate,0.0,1.0,0.0,0.0,True
178,Ocean Parkway South,22,7,2,20.80238095238095,21.416666666666668,0.2857142857142857,2026-02,unreliable_trip_rate,0.0,1.0,0.0,0.0,True
178,Ocean Parkway South,23,7,2,15.242857142857144,20.8,0.2857142857142857,2026-02,unreliable_trip_rate,0.0,1.0,0.0,0.0,True
182,Parkchester,23,21,6,16.61746031746032,15.791666666666668,0.2857142857142857,2026-02,unreliable_trip_rate,0.0,1.0,0.0,0.0,True
183,Pelham Bay,9,7,2,25.678571428571427,33.8,0.2857142857142857,2026-02,unreliable_trip_rate,0.0,1.0,0.0,0.0,True
183,Pelham Bay,16,7,2,33.06190476190476,30.883333333333333,0.2857142857142857,2026-02,unreliable_trip_rate,0.0,1.0,0.0,0.0,True
192,Queensboro Hill,6,7,2,26.349999999999998,26.34166666666667,0.2857142857142857,2026-02,unreliable_trip_rate,0.0,1.0,0.0,0.0,True
203,Rosedale,21,14,4,24.539285714285715,24.983333333333334,0.2857142857142857,2026-02,unreliable_trip_rate,0.0,1.0,0.0,0.0,True
207,Saint Michaels Cemetery/Woodside,16,7,2,45.56190476190476,42.81666666666667,0.2857142857142857,2026-02,unreliable_trip_rate,0.0,1.0,0.0,0.0,True
208,Schuylerville/Edgewater Park,12,21,6,42.476190476190474,33.625,0.2857142857142857,2026-02,unreliable_trip_rate,0.0,1.0,0.0,0.0,True
208,Schuylerville/Edgewater Park,14,14,4,35.06190476190476,30.233333333333334,0.2857142857142857,2026-02,unreliable_trip_rate,0.0,1.0,0.0,0.0,True
215,South Jamaica,2,7,2,16.014285714285712,17.541666666666668,0.2857142857142857,2026-02,unreliable_trip_rate,0.0,1.0,0.0,0.0,True
220,Spuyten Duyvil/Kingsbridge,3,7,2,16.4,16.46666666666667,0.2857142857142857,2026-02,unreliable_trip_rate,0.0,1.0,0.0,0.0,True
240,Van Cortlandt Park,11,7,2,40.740476190476194,36.05,0.2857142857142857,2026-02,unreliable_trip_rate,0.0,1.0,0.0,0.0,True
242,Van Nest/Morris Park,2,7,2,14.507142857142856,14.05,0.2857142857142857,2026-02,unreliable_trip_rate,0.0,1.0,0.0,0.0,True
247,West Concourse,3,7,2,15.654761904761907,16.46666666666667,0.2857142857142857,2026-02,unreliable_trip_rate,0.0,1.0,0.0,0.0,True
248,West Farms/Bronx River,2,7,2,16.14047619047619,14.05,0.2857142857142857,2026-02,unreliable_trip_rate,0.0,1.0,0.0,0.0,True
49,Clinton Hill,3,25,7,20.838,18.966666666666665,0.28,2026-02,unreliable_trip_rate,0.0,1.0,0.0,0.0,True
124,Howard Beach,19,25,7,28.654,30.15,0.28,2026-02,unreliable_trip_rate,0.0,1.0,0.0,0.0,True
150,Manhattan Beach,13,25,7,37.407333333333334,28.15,0.28,2026-02,unreliable_trip_rate,0.0,1.0,0.0,0.0,True
180,Ozone Park,14,25,7,33.669333333333334,38.6,0.28,2026-02,unreliable_trip_rate,0.0,1.0,0.0,0.0,True
22,Bensonhurst West,20,18,5,24.750925925925927,22.833333333333332,0.2777777777777778,2026-02,unreliable_trip_rate,0.0,1.0,0.0,0.0,True
108,Gravesend,14,18,5,37.65277777777778,28.866666666666667,0.2777777777777778,2026-02,unreliable_trip_rate,0.0,1.0,0.0,0.0,True
123,Homecrest,20,18,5,22.41111111111111,22.833333333333332,0.2777777777777778,2026-02,unreliable_trip_rate,0.0,1.0,0.0,0.0,True
139,Laurelton,23,18,5,23.275,22.466666666666665,0.2777777777777778,2026-02,unreliable_trip_rate,0.0,1.0,0.0,0.0,True
220,Spuyten Duyvil/Kingsbridge,20,29,8,22.084482758620688,20.783333333333335,0.27586206896551724,2026-02,unreliable_trip_rate,0.0,1.0,0.0,0.0,True
252,Whitestone,19,29,8,28.914367816091954,30.15,0.27586206896551724,2026-02,unreliable_trip_rate,0.0,1.0,0.0,0.0,True
265,Outside of NYC,16,29,8,16.71954022988506,15.983333333333334,0.27586206896551724,2026-02,unreliable_trip_rate,0.0,1.0,0.0,0.0,True
14,Bay Ridge,1,22,6,16.44090909090909,19.716666666666665,0.2727272727272727,2026-02,unreliable_trip_rate,0.0,1.0,0.0,0.0,True
15,Bay Terrace/Fort Totten,13,11,3,32.10454545454545,35.86666666666667,0.2727272727272727,2026-02,unreliable_trip_rate,0.0,1.0,0.0,0.0,True
54,Columbia Street,13,11,3,29.41969696969697,28.15,0.2727272727272727,2026-02,unreliable_trip_rate,0.0,1.0,0.0,0.0,True
60,Crotona Park East,0,11,3,21.046969696969697,15.233333333333333,0.2727272727272727,2026-02,unreliable_trip_rate,0.0,1.0,0.0,0.0,True
78,East Tremont,21,11,3,18.01212121212121,18.84166666666667,0.2727272727272727,2026-02,unreliable_trip_rate,0.0,1.0,0.0,0.0,True
101,Glen Oaks,16,22,6,42.358333333333334,42.81666666666667,0.2727272727272727,2026-02,unreliable_trip_rate,0.0,1.0,0.0,0.0,True
108,Gravesend,21,11,3,21.975757575757576,22.083333333333332,0.2727272727272727,2026-02,unreliable_trip_rate,0.0,1.0,0.0,0.0,True
123,Homecrest,21,11,3,18.707575757575757,22.083333333333332,0.2727272727272727,2026-02,unreliable_trip_rate,0.0,1.0,0.0,0.0,True
126,Hunts Point,4,22,6,16.821969696969695,19.833333333333332,0.2727272727272727,2026-02,unreliable_trip_rate,0.0,1.0,0.0,0.0,True
135,Kew Gardens Hills,4,11,3,27.01060606060606,17.4,0.2727272727272727,2026-02,unreliable_trip_rate,0.0,1.0,0.0,0.0,True
188,Prospect-Lefferts Gardens,3,22,6,19.26590909090909,18.966666666666665,0.2727272727272727,2026-02,unreliable_trip_rate,0.0,1.0,0.0,0.0,True
201,Rockaway Park,18,11,3,31.077272727272728,31.483333333333334,0.2727272727272727,2026-02,unreliable_trip_rate,0.0,1.0,0.0,0.0,True
203,Rosedale,15,11,3,48.877272727272725,41.333333333333336,0.2727272727272727,2026-02,unreliable_trip_rate,0.0,1.0,0.0,0.0,True
208,Schuylerville/Edgewater Park,20,22,6,18.290151515151514,20.783333333333335,0.2727272727272727,2026-02,unreliable_trip_rate,0.0,1.0,0.0,0.0,True
247,West Concourse,1,22,6,15.840151515151517,14.941666666666666,0.2727272727272727,2026-02,unreliable_trip_rate,0.0,1.0,0.0,0.0,True
248,West Farms/Bronx River,11,22,6,33.71212121212121,36.05,0.2727272727272727,2026-02,unreliable_trip_rate,0.0,1.0,0.0,0.0,True
250,Westchester Village/Unionport,23,22,6,17.704545454545453,15.791666666666668,0.2727272727272727,2026-02,unreliable_trip_rate,0.0,1.0,0.0,0.0,True
218,Springfield Gardens North,17,26,7,31.759615384615383,36.35,0.2692307692307692,2026-02,unreliable_trip_rate,0.0,1.0,0.0,0.0,True
22,Bensonhurst West,21,15,4,24.435555555555556,22.083333333333332,0.26666666666666666,2026-02,unreliable_trip_rate,0.0,1.0,0.0,0.0,True
86,Far Rockaway,23,15,4,22.846666666666668,22.466666666666665,0.26666666666666666,2026-02,unreliable_trip_rate,0.0,1.0,0.0,0.0,True
101,Glen Oaks,13,15,4,37.16444444444445,35.86666666666667,0.26666666666666666,2026-02,unreliable_trip_rate,0.0,1.0,0.0,0.0,True
136,Kingsbridge Heights,4,15,4,20.907777777777778,19.833333333333332,0.26666666666666666,2026-02,unreliable_trip_rate,0.0,1.0,0.0,0.0,True
150,Manhattan Beach,17,15,4,23.032222222222224,25.575,0.26666666666666666,2026-02,unreliable_trip_rate,0.0,1.0,0.0,0.0,True
160,Middle Village,12,15,4,34.864444444444445,33.38333333333333,0.26666666666666666,2026-02,unreliable_trip_rate,0.0,1.0,0.0,0.0,True
171,Murray Hill-Queens,13,15,4,35.58111111111111,35.86666666666667,0.26666666666666666,2026-02,unreliable_trip_rate,0.0,1.0,0.0,0.0,True
191,Queens Village,0,15,4,21.6,21.433333333333334,0.26666666666666666,2026-02,unreliable_trip_rate,0.0,1.0,0.0,0.0,True
192,Queensboro Hill,12,15,4,33.971111111111114,33.38333333333333,0.26666666666666666,2026-02,unreliable_trip_rate,0.0,1.0,0.0,0.0,True
203,Rosedale,1,15,4,16.49222222222222,19.966666666666665,0.26666666666666666,2026-02,unreliable_trip_rate,0.0,1.0,0.0,0.0,True
208,Schuylerville/Edgewater Park,16,15,4,32.60222222222222,30.883333333333333,0.26666666666666666,2026-02,unreliable_trip_rate,0.0,1.0,0.0,0.0,True
212,Soundview/Bruckner,0,15,4,13.433333333333334,15.233333333333333,0.26666666666666666,2026-02,unreliable_trip_rate,0.0,1.0,0.0,0.0,True
217,South Williamsburg,3,15,4,20.166666666666668,18.966666666666665,0.26666666666666666,2026-02,unreliable_trip_rate,0.0,1.0,0.0,0.0,True
60,Crotona Park East,11,19,5,37.10087719298245,36.05,0.2631578947368421,2026-02,unreliable_trip_rate,0.0,1.0,0.0,0.0,True
150,Manhattan Beach,12,19,5,31.77894736842105,29.283333333333335,0.2631578947368421,2026-02,unreliable_trip_rate,0.0,1.0,0.0,0.0,True
227,Sunset Park East,20,19,5,26.612280701754386,22.833333333333332,0.2631578947368421,2026-02,unreliable_trip_rate,0.0,1.0,0.0,0.0,True
250,Westchester Village/Unionport,21,19,5,20.70438596491228,18.84166666666667,0.2631578947368421,2026-02,unreliable_trip_rate,0.0,1.0,0.0,0.0,True
257,Windsor Terrace,22,19,5,21.307894736842105,21.416666666666668,0.2631578947368421,2026-02,unreliable_trip_rate,0.0,1.0,0.0,0.0,True
147,Longwood,19,23,6,23.19782608695652,20.7,0.2608695652173913,2026-02,unreliable_trip_rate,0.0,1.0,0.0,0.0,True
178,Ocean Parkway South,14,23,6,33.88768115942029,28.866666666666667,0.2608695652173913,2026-02,unreliable_trip_rate,0.0,1.0,0.0,0.0,True
200,Riverdale/North Riverdale/Fieldston,19,23,6,21.897826086956524,20.7,0.2608695652173913,2026-02,unreliable_trip_rate,0.0,1.0,0.0,0.0,True
208,Schuylerville/Edgewater Park,17,23,6,34.8731884057971,27.008333333333333,0.2608695652173913,2026-02,unreliable_trip_rate,0.0,1.0,0.0,0.0,True
220,Spuyten Duyvil/Kingsbridge,12,23,6,38.7268115942029,33.625,0.2608695652173913,2026-02,unreliable_trip_rate,0.0,1.0,0.0,0.0,True
34,Brooklyn Navy Yard,14,27,7,30.96481481481481,28.866666666666667,0.25925925925925924,2026-02,unreliable_trip_rate,0.0,1.0,0.0,0.0,True
173,North Corona,14,27,7,35.94567901234568,38.6,0.25925925925925924,2026-02,unreliable_trip_rate,0.0,1.0,0.0,0.0,True
258,Woodhaven,20,27,7,23.04074074074074,27.883333333333333,0.25925925925925924,2026-02,unreliable_trip_rate,0.0,1.0,0.0,0.0,True
1,Newark Airport,18,4,1,11.675,14.1,0.25,2026-02,unreliable_trip_rate,1.0,0.0,0.0,0.0,True
3,Allerton/Pelham Gardens,22,8,2,13.49375,17.366666666666667,0.25,2026-02,unreliable_trip_rate,0.0,1.0,0.0,0.0,True
9,Auburndale,7,20,5,30.805833333333332,30.4,0.25,2026-02,unreliable_trip_rate,0.0,1.0,0.0,0.0,True
15,Bay Terrace/Fort Totten,14,4,1,32.62083333333333,38.6,0.25,2026-02,unreliable_trip_rate,0.0,1.0,0.0,0.0,True
15,Bay Terrace/Fort Totten,23,4,1,19.6625,22.466666666666665,0.25,2026-02,unreliable_trip_rate,0.0,1.0,0.0,0.0,True
16,Bayside,13,12,3,36.70138888888889,35.86666666666667,0.25,2026-02,unreliable_trip_rate,0.0,1.0,0.0,0.0,True
19,Bellerose,13,12,3,32.297222222222224,35.86666666666667,0.25,2026-02,unreliable_trip_rate,0.0,1.0,0.0,0.0,True
20,Belmont,21,12,3,21.240277777777777,18.84166666666667,0.25,2026-02,unreliable_trip_rate,0.0,1.0,0.0,0.0,True
21,Bensonhurst East,3,8,2,18.30625,18.966666666666665,0.25,2026-02,unreliable_trip_rate,0.0,1.0,0.0,0.0,True
28,Briarwood/Jamaica Hills,3,8,2,14.572916666666666,16.966666666666665,0.25,2026-02,unreliable_trip_rate,0.0,1.0,0.0,0.0,True
31,Bronx Park,15,4,1,29.7375,30.266666666666666,0.25,2026-02,unreliable_trip_rate,0.0,1.0,0.0,0.0,True
43,Central Park,3,20,5,12.205,11.0,0.25,2026-02,unreliable_trip_rate,0.0,1.0,0.0,0.0,True
46,City Island,21,4,1,19.166666666666664,18.84166666666667,0.25,2026-02,unreliable_trip_rate,0.0,1.0,0.0,0.0,True
47,Claremont/Bathgate,2,4,1,13.016666666666667,14.05,0.25,2026-02,unreliable_trip_rate,0.0,1.0,0.0,0.0,True
47,Claremont/Bathgate,10,24,6,35.761805555555554,35.916666666666664,0.25,2026-02,unreliable_trip_rate,0.0,1.0,0.0,0.0,True
47,Claremont/Bathgate,19,20,5,20.074166666666667,20.7,0.25,2026-02,unreliable_trip_rate,0.0,1.0,0.0,0.0,True
52,Cobble Hill,5,12,3,21.936111111111114,23.483333333333334,0.25,2026-02,unreliable_trip_rate,0.0,1.0,0.0,0.0,True
58,Country Club,9,4,1,36.275,33.8,0.25,2026-02,unreliable_trip_rate,0.0,1.0,0.0,0.0,True
60,Crotona Park East,20,16,4,23.379166666666666,20.783333333333335,0.25,2026-02,unreliable_trip_rate,0.0,1.0,0.0,0.0,True
69,East Concourse/Concourse Village,0,16,4,18.009375,15.233333333333333,0.25,2026-02,unreliable_trip_rate,0.0,1.0,0.0,0.0,True
73,East Flushing,16,12,3,41.30972222222223,42.81666666666667,0.25,2026-02,unreliable_trip_rate,0.0,1.0,0.0,0.0,True
73,East Flushing,19,4,1,30.7125,30.15,0.25,2026-02,unreliable_trip_rate,0.0,1.0,0.0,0.0,True
93,Flushing Meadows-Corona Park,6,8,2,20.745833333333334,26.34166666666667,0.25,2026-02,unreliable_trip_rate,0.0,1.0,0.0,0.0,True
93,Flushing Meadows-Corona Park,9,8,2,28.433333333333334,33.53333333333333,0.25,2026-02,unreliable_trip_rate,0.0,1.0,0.0,0.0,True
96,Forest Park/Highland Park,5,4,1,26.979166666666664,20.25,0.25,2026-02,unreliable_trip_rate,0.0,1.0,0.0,0.0,True
96,Forest Park/Highland Park,23,4,1,21.5875,22.466666666666665,0.25,2026-02,unreliable_trip_rate,0.0,1.0,0.0,0.0,True
98,Fresh Meadows,18,12,3,31.58888888888889,31.483333333333334,0.25,2026-02,unreliable_trip_rate,0.0,1.0,0.0,0.0,True
101,Glen Oaks,2,4,1,16.6625,17.541666666666668,0.25,2026-02,unreliable_trip_rate,0.0,1.0,0.0,0.0,True
101,Glen Oaks,19,12,3,28.318055555555556,30.15,0.25,2026-02,unreliable_trip_rate,0.0,1.0,0.0,0.0,True
101,Glen Oaks,23,16,4,20.752083333333335,22.466666666666665,0.25,2026-02,unreliable_trip_rate,0.0,1.0,0.0,0.0,True
115,Grymes Hill/Clifton,7,8,2,27.29375,29.058333333333334,0.25,2026-02,unreliable_trip_rate,0.0,1.0,0.0,0.0,True
119,Highbridge,2,8,2,15.470833333333333,14.05,0.25,2026-02,unreliable_trip_rate,0.0,1.0,0.0,0.0,True
119,Highbridge,23,16,4,14.74375,15.791666666666668,0.25,2026-02,unreliable_trip_rate,0.0,1.0,0.0,0.0,True
120,Highbridge Park,20,4,1,15.4,12.683333333333334,0.25,2026-02,unreliable_trip_rate,0.0,1.0,0.0,0.0,True
121,Hillcrest/Pomonok,0,8,2,19.639583333333334,21.433333333333334,0.25,2026-02,unreliable_trip_rate,0.0,1.0,0.0,0.0,True
121,Hillcrest/Pomonok,1,4,1,15.95,19.966666666666665,0.25,2026-02,unreliable_trip_rate,0.0,1.0,0.0,0.0,True
122,Hollis,3,4,1,18.820833333333333,16.966666666666665,0.25,2026-02,unreliable_trip_rate,0.0,1.0,0.0,0.0,True
122,Hollis,11,12,3,27.529166666666665,33.56666666666667,0.25,2026-02,unreliable_trip_rate,0.0,1.0,0.0,0.0,True
122,Hollis,19,8,2,30.577083333333334,30.15,0.25,2026-02,unreliable_trip_rate,0.0,1.0,0.0,0.0,True
134,Kew Gardens,3,4,1,11.083333333333332,16.966666666666665,0.25,2026-02,unreliable_trip_rate,0.0,1.0,0.0,0.0,True
136,Kingsbridge Heights,21,16,4,18.815625,18.84166666666667,0.25,2026-02,unreliable_trip_rate,0.0,1.0,0.0,0.0,True
136,Kingsbridge Heights,23,24,6,16.445833333333333,15.791666666666668,0.25,2026-02,unreliable_trip_rate,0.0,1.0,0.0,0.0,True
139,Laurelton,19,16,4,28.972916666666666,30.15,0.25,2026-02,unreliable_trip_rate,0.0,1.0,0.0,0.0,True
150,Manhattan Beach,1,4,1,17.775,19.716666666666665,0.25,2026-02,unreliable_trip_rate,0.0,1.0,0.0,0.0,True
150,Manhattan Beach,2,4,1,14.183333333333334,19.025,0.25,2026-02,unreliable_trip_rate,0.0,1.0,0.0,0.0,True
160,Middle Village,5,16,4,17.252083333333335,20.25,0.25,2026-02,unreliable_trip_rate,0.0,1.0,0.0,0.0,True
171,Murray Hill-Queens,2,4,1,11.345833333333333,17.541666666666668,0.25,2026-02,unreliable_trip_rate,0.0,1.0,0.0,0.0,True
172,New Dorp/Midland Beach,7,8,2,21.147916666666667,29.058333333333334,0.25,2026-02,unreliable_trip_rate,0.0,1.0,0.0,0.0,True
172,New Dorp/Midland Beach,17,4,1,21.670833333333334,21.200000000000003,0.25,2026-02,unreliable_trip_rate,0.0,1.0,0.0,0.0,True
173,North Corona,10,20,5,32.156666666666666,33.733333333333334,0.25,2026-02,unreliable_trip_rate,0.0,1.0,0.0,0.0,True
173,North Corona,11,16,4,34.895833333333336,33.56666666666667,0.25,2026-02,unreliable_trip_rate,0.0,1.0,0.0,0.0,True
175,Oakland Gardens,0,4,1,21.629166666666666,21.433333333333334,0.25,2026-02,unreliable_trip_rate,0.0,1.0,0.0,0.0,True
175,Oakland Gardens,17,8,2,34.21458333333334,36.35,0.25,2026-02,unreliable_trip_rate,0.0,1.0,0.0,0.0,True
177,Ocean Hill,3,24,6,21.459722222222222,18.966666666666665,0.25,2026-02,unreliable_trip_rate,0.0,1.0,0.0,0.0,True
180,Ozone Park,2,8,2,20.2625,17.541666666666668,0.25,2026-02,unreliable_trip_rate,0.0,1.0,0.0,0.0,True
180,Ozone Park,19,24,6,26.820138888888888,30.15,0.25,2026-02,unreliable_trip_rate,0.0,1.0,0.0,0.0,True
185,Pelham Parkway,23,24,6,15.276388888888889,15.791666666666668,0.25,2026-02,unreliable_trip_rate,0.0,1.0,0.0,0.0,True
190,Prospect Park,5,4,1,33.35,23.483333333333334,0.25,2026-02,unreliable_trip_rate,0.0,1.0,0.0,0.0,True
190,Prospect Park,23,12,3,19.929166666666667,20.8,0.25,2026-02,unreliable_trip_rate,0.0,1.0,0.0,0.0,True
191,Queens Village,1,4,1,20.491666666666667,19.966666666666665,0.25,2026-02,unreliable_trip_rate,0.0,1.0,0.0,0.0,True
191,Queens Village,19,28,7,29.801190476190474,30.15,0.25,2026-02,unreliable_trip_rate,0.0,1.0,0.0,0.0,True
200,Riverdale/North Riverdale/Fieldston,2,4,1,17.129166666666666,14.05,0.25,2026-02,unreliable_trip_rate,0.0,1.0,0.0,0.0,True
200,Riverdale/North Riverdale/Fieldston,5,8,2,28.71875,27.383333333333333,0.25,2026-02,unreliable_trip_rate,0.0,1.0,0.0,0.0,True
205,Saint Albans,2,4,1,15.591666666666667,17.541666666666668,0.25,2026-02,unreliable_trip_rate,0.0,1.0,0.0,0.0,True
207,Saint Michaels Cemetery/Woodside,23,8,2,17.7125,22.466666666666665,0.25,2026-02,unreliable_trip_rate,0.0,1.0,0.0,0.0,True
213,Soundview/Castle Hill,0,8,2,18.44375,15.233333333333333,0.25,2026-02,unreliable_trip_rate,0.0,1.0,0.0,0.0,True
218,Springfield Gardens North,2,4,1,21.06666666666667,17.541666666666668,0.25,2026-02,unreliable_trip_rate,0.0,1.0,0.0,0.0,True
218,Springfield Gardens North,3,8,2,15.510416666666666,16.966666666666665,0.25,2026-02,unreliable_trip_rate,0.0,1.0,0.0,0.0,True
219,Springfield Gardens South,0,20,5,22.225,21.433333333333334,0.25,2026-02,unreliable_trip_rate,0.0,1.0,0.0,0.0,True
219,Springfield Gardens South,1,8,2,26.085416666666667,19.966666666666665,0.25,2026-02,unreliable_trip_rate,0.0,1.0,0.0,0.0,True
220,Spuyten Duyvil/Kingsbridge,2,4,1,14.941666666666666,14.05,0.25,2026-02,unreliable_trip_rate,0.0,1.0,0.0,0.0,True
220,Spuyten Duyvil/Kingsbridge,23,28,7,14.75297619047619,15.791666666666668,0.25,2026-02,unreliable_trip_rate,0.0,1.0,0.0,0.0,True
221,Stapleton,6,4,1,23.808333333333334,24.791666666666664,0.25,2026-02,unreliable_trip_rate,0.0,1.0,0.0,0.0,True
242,Van Nest/Morris Park,1,4,1,17.295833333333334,14.941666666666666,0.25,2026-02,unreliable_trip_rate,0.0,1.0,0.0,0.0,True
248,West Farms/Bronx River,0,8,2,17.5125,15.233333333333333,0.25,2026-02,unreliable_trip_rate,0.0,1.0,0.0,0.0,True
252,Whitestone,6,12,3,21.71666666666667,26.34166666666667,0.25,2026-02,unreliable_trip_rate,0.0,1.0,0.0,0.0,True
252,Whitestone,11,8,2,30.245833333333334,33.56666666666667,0.25,2026-02,unreliable_trip_rate,0.0,1.0,0.0,0.0,True
254,Williamsbridge/Olinville,20,24,6,23.052777777777777,20.783333333333335,0.25,2026-02,unreliable_trip_rate,0.0,1.0,0.0,0.0,True
265,Outside of NYC,0,12,3,18.93888888888889,14.591666666666667,0.25,2026-02,unreliable_trip_rate,0.0,1.0,0.0,0.0,True
126,Hunts Point,11,29,7,34.9,36.05,0.2413793103448276,2026-02,unreliable_trip_rate,0.0,1.0,0.0,0.0,True
136,Kingsbridge Heights,17,29,7,30.47241379310345,27.008333333333333,0.2413793103448276,2026-02,unreliable_trip_rate,0.0,1.0,0.0,0.0,True
192,Queensboro Hill,7,29,7,29.102298850574712,30.4,0.2413793103448276,2026-02,unreliable_trip_rate,0.0,1.0,0.0,0.0,True
34,Brooklyn Navy Yard,16,25,6,25.398000000000003,27.583333333333332,0.24,2026-02,unreliable_trip_rate,0.0,1.0,0.0,0.0,True
54,Columbia Street,17,25,6,24.621333333333332,25.575,0.24,2026-02,unreliable_trip_rate,0.0,1.0,0.0,0.0,True
67,Dyker Heights,17,25,6,30.194666666666667,25.575,0.24,2026-02,unreliable_trip_rate,0.0,1.0,0.0,0.0,True
122,Hollis,14,25,6,37.87266666666667,38.6,0.24,2026-02,unreliable_trip_rate,0.0,1.0,0.0,0.0,True
192,Queensboro Hill,17,25,6,29.586666666666666,36.35,0.24,2026-02,unreliable_trip_rate,0.0,1.0,0.0,0.0,True
101,Glen Oaks,17,21,5,32.53333333333334,36.35,0.23809523809523808,2026-02,unreliable_trip_rate,0.0,1.0,0.0,0.0,True
208,Schuylerville/Edgewater Park,15,21,5,34.18730158730159,30.266666666666666,0.23809523809523808,2026-02,unreliable_trip_rate,0.0,1.0,0.0,0.0,True
16,Bayside,17,17,4,28.457843137254905,36.35,0.23529411764705882,2026-02,unreliable_trip_rate,0.0,1.0,0.0,0.0,True
53,College Point,13,17,4,35.40882352941177,35.86666666666667,0.23529411764705882,2026-02,unreliable_trip_rate,0.0,1.0,0.0,0.0,True
54,Columbia Street,21,17,4,22.498039215686273,22.083333333333332,0.23529411764705882,2026-02,unreliable_trip_rate,0.0,1.0,0.0,0.0,True
126,Hunts Point,21,17,4,22.545098039215684,18.84166666666667,0.23529411764705882,2026-02,unreliable_trip_rate,0.0,1.0,0.0,0.0,True
241,Van Cortlandt Village,4,17,4,20.12450980392157,19.833333333333332,0.23529411764705882,2026-02,unreliable_trip_rate,0.0,1.0,0.0,0.0,True
47,Claremont/Bathgate,20,13,3,21.226923076923075,20.783333333333335,0.23076923076923078,2026-02,unreliable_trip_rate,0.0,1.0,0.0,0.0,True
94,Fordham South,20,13,3,23.476923076923075,20.783333333333335,0.23076923076923078,2026-02,unreliable_trip_rate,0.0,1.0,0.0,0.0,True
131,Jamaica Estates,20,13,3,25.18846153846154,27.883333333333333,0.23076923076923078,2026-02,unreliable_trip_rate,0.0,1.0,0.0,0.0,True
190,Prospect Park,7,13,3,33.28974358974359,29.641666666666666,0.23076923076923078,2026-02,unreliable_trip_rate,0.0,1.0,0.0,0.0,True
200,Riverdale/North Riverdale/Fieldston,22,13,3,16.9474358974359,17.366666666666667,0.23076923076923078,2026-02,unreliable_trip_rate,0.0,1.0,0.0,0.0,True
217,South Williamsburg,6,26,6,28.389102564102565,28.933333333333334,0.23076923076923078,2026-02,unreliable_trip_rate,0.0,1.0,0.0,0.0,True
250,Westchester Village/Unionport,20,13,3,18.891025641025642,20.783333333333335,0.23076923076923078,2026-02,unreliable_trip_rate,0.0,1.0,0.0,0.0,True
34,Brooklyn Navy Yard,15,22,5,26.57348484848485,28.233333333333334,0.22727272727272727,2026-02,unreliable_trip_rate,0.0,1.0,0.0,0.0,True
98,Fresh Meadows,22,22,5,27.08712121212121,24.516666666666666,0.22727272727272727,2026-02,unreliable_trip_rate,0.0,1.0,0.0,0.0,True
212,Soundview/Bruckner,12,22,5,31.73939393939394,33.625,0.22727272727272727,2026-02,unreliable_trip_rate,0.0,1.0,0.0,0.0,True
6,Arrochar/Fort Wadsworth,16,9,2,14.712962962962962,15.233333333333333,0.2222222222222222,2026-02,unreliable_trip_rate,1.0,0.0,0.0,0.0,True
9,Auburndale,8,9,2,30.825925925925926,33.65,0.2222222222222222,2026-02,unreliable_trip_rate,0.0,1.0,0.0,0.0,True
19,Bellerose,16,18,4,34.528703703703705,42.81666666666667,0.2222222222222222,2026-02,unreliable_trip_rate,0.0,1.0,0.0,0.0,True
54,Columbia Street,6,9,2,26.181481481481484,28.933333333333334,0.2222222222222222,2026-02,unreliable_trip_rate,0.0,1.0,0.0,0.0,True
64,Douglaston,15,9,2,34.416666666666664,41.333333333333336,0.2222222222222222,2026-02,unreliable_trip_rate,0.0,1.0,0.0,0.0,True
64,Douglaston,18,9,2,27.22407407407407,31.483333333333334,0.2222222222222222,2026-02,unreliable_trip_rate,0.0,1.0,0.0,0.0,True
92,Flushing,3,27,6,15.785185185185185,16.966666666666665,0.2222222222222222,2026-02,unreliable_trip_rate,0.0,1.0,0.0,0.0,True
98,Fresh Meadows,19,9,2,22.8462962962963,30.15,0.2222222222222222,2026-02,unreliable_trip_rate,0.0,1.0,0.0,0.0,True
119,Highbridge,21,18,4,19.307407407407407,18.84166666666667,0.2222222222222222,2026-02,unreliable_trip_rate,0.0,1.0,0.0,0.0,True
124,Howard Beach,15,27,6,34.59506172839506,41.333333333333336,0.2222222222222222,2026-02,unreliable_trip_rate,0.0,1.0,0.0,0.0,True
124,Howard Beach,17,27,6,32.10864197530864,36.35,0.2222222222222222,2026-02,unreliable_trip_rate,0.0,1.0,0.0,0.0,True
149,Madison,0,9,2,14.514814814814814,20.2,0.2222222222222222,2026-02,unreliable_trip_rate,0.0,1.0,0.0,0.0,True
149,Madison,21,18,4,19.687037037037037,22.083333333333332,0.2222222222222222,2026-02,unreliable_trip_rate,0.0,1.0,0.0,0.0,True
182,Parkchester,0,9,2,14.472222222222221,15.233333333333333,0.2222222222222222,2026-02,unreliable_trip_rate,0.0,1.0,0.0,0.0,True
185,Pelham Parkway,0,9,2,19.275925925925925,15.233333333333333,0.2222222222222222,2026-02,unreliable_trip_rate,0.0,1.0,0.0,0.0,True
203,Rosedale,18,18,4,25.489814814814814,31.483333333333334,0.2222222222222222,2026-02,unreliable_trip_rate,0.0,1.0,0.0,0.0,True
212,Soundview/Bruckner,3,9,2,11.687037037037037,16.46666666666667,0.2222222222222222,2026-02,unreliable_trip_rate,0.0,1.0,0.0,0.0,True
240,Van Cortlandt Park,10,9,2,29.620370370370367,35.916666666666664,0.2222222222222222,2026-02,unreliable_trip_rate,0.0,1.0,0.0,0.0,True
250,Westchester Village/Unionport,10,27,6,34.35061728395062,35.916666666666664,0.2222222222222222,2026-02,unreliable_trip_rate,0.0,1.0,0.0,0.0,True
258,Woodhaven,0,18,4,18.54074074074074,21.433333333333334,0.2222222222222222,2026-02,unreliable_trip_rate,0.0,1.0,0.0,0.0,True
26,Borough Park,22,23,5,16.517391304347825,21.416666666666668,0.21739130434782608,2026-02,unreliable_trip_rate,0.0,1.0,0.0,0.0,True
35,Brownsville,0,23,5,22.045652173913044,20.2,0.21739130434782608,2026-02,unreliable_trip_rate,0.0,1.0,0.0,0.0,True
71,East Flatbush/Farragut,0,23,5,19.171739130434784,20.2,0.21739130434782608,2026-02,unreliable_trip_rate,0.0,1.0,0.0,0.0,True
106,Gowanus,4,23,5,20.270289855072466,19.583333333333332,0.21739130434782608,2026-02,unreliable_trip_rate,0.0,1.0,0.0,0.0,True
178,Ocean Parkway South,15,23,5,26.44782608695652,28.233333333333334,0.21739130434782608,2026-02,unreliable_trip_rate,0.0,1.0,0.0,0.0,True
223,Steinway,2,23,5,16.244927536231884,17.541666666666668,0.21739130434782608,2026-02,unreliable_trip_rate,0.0,1.0,0.0,0.0,True
119,Highbridge,22,14,3,16.40952380952381,17.366666666666667,0.21428571428571427,2026-02,unreliable_trip_rate,0.0,1.0,0.0,0.0,True
134,Kew Gardens,19,28,6,21.654761904761905,30.15,0.21428571428571427,2026-02,unreliable_trip_rate,0.0,1.0,0.0,0.0,True
150,Manhattan Beach,19,14,3,27.37857142857143,22.833333333333332,0.21428571428571427,2026-02,unreliable_trip_rate,0.0,1.0,0.0,0.0,True
169,Mount Hope,5,28,6,22.510119047619046,27.383333333333333,0.21428571428571427,2026-02,unreliable_trip_rate,0.0,1.0,0.0,0.0,True
175,Oakland Gardens,16,14,3,38.12619047619047,42.81666666666667,0.21428571428571427,2026-02,unreliable_trip_rate,0.0,1.0,0.0,0.0,True
183,Pelham Bay,17,14,3,29.932142857142857,27.008333333333333,0.21428571428571427,2026-02,unreliable_trip_rate,0.0,1.0,0.0,0.0,True
190,Prospect Park,22,14,3,19.527380952380952,21.416666666666668,0.21428571428571427,2026-02,unreliable_trip_rate,0.0,1.0,0.0,0.0,True
193,Queensbridge/Ravenswood,3,14,3,15.163095238095238,16.966666666666665,0.21428571428571427,2026-02,unreliable_trip_rate,0.0,1.0,0.0,0.0,True
217,South Williamsburg,0,28,6,18.699404761904763,20.2,0.21428571428571427,2026-02,unreliable_trip_rate,0.0,1.0,0.0,0.0,True
219,Springfield Gardens South,18,28,6,26.59047619047619,31.483333333333334,0.21428571428571427,2026-02,unreliable_trip_rate,0.0,1.0,0.0,0.0,True
252,Whitestone,23,14,3,19.42142857142857,22.466666666666665,0.21428571428571427,2026-02,unreliable_trip_rate,0.0,1.0,0.0,0.0,True
135,Kew Gardens Hills,12,19,4,34.12017543859649,33.38333333333333,0.21052631578947367,2026-02,unreliable_trip_rate,0.0,1.0,0.0,0.0,True
150,Manhattan Beach,23,19,4,19.303508771929824,20.8,0.21052631578947367,2026-02,unreliable_trip_rate,0.0,1.0,0.0,0.0,True
173,North Corona,3,19,4,14.985964912280702,16.966666666666665,0.21052631578947367,2026-02,unreliable_trip_rate,0.0,1.0,0.0,0.0,True
210,Sheepshead Bay,23,19,4,20.19561403508772,20.8,0.21052631578947367,2026-02,unreliable_trip_rate,0.0,1.0,0.0,0.0,True
28,Briarwood/Jamaica Hills,20,24,5,24.027777777777775,27.883333333333333,0.20833333333333334,2026-02,unreliable_trip_rate,0.0,1.0,0.0,0.0,True
66,DUMBO/Vinegar Hill,4,24,5,20.228472222222223,19.583333333333332,0.20833333333333334,2026-02,unreliable_trip_rate,0.0,1.0,0.0,0.0,True
95,Forest Hills,2,24,5,16.315277777777776,17.541666666666668,0.20833333333333334,2026-02,unreliable_trip_rate,0.0,1.0,0.0,0.0,True
119,Highbridge,15,24,5,29.281944444444445,30.266666666666666,0.20833333333333334,2026-02,unreliable_trip_rate,0.0,1.0,0.0,0.0,True
133,Kensington,21,24,5,22.169444444444448,22.083333333333332,0.20833333333333334,2026-02,unreliable_trip_rate,0.0,1.0,0.0,0.0,True
157,Maspeth,1,24,5,20.34236111111111,19.966666666666665,0.20833333333333334,2026-02,unreliable_trip_rate,0.0,1.0,0.0,0.0,True
124,Howard Beach,23,29,6,20.209195402298853,22.466666666666665,0.20689655172413793,2026-02,unreliable_trip_rate,0.0,1.0,0.0,0.0,True
235,University Heights/Morris Heights,22,29,6,16.606896551724137,17.366666666666667,0.20689655172413793,2026-02,unreliable_trip_rate,0.0,1.0,0.0,0.0,True
3,Allerton/Pelham Gardens,18,15,3,24.545555555555556,23.225,0.2,2026-02,unreliable_trip_rate,0.0,1.0,0.0,0.0,True
11,Bath Beach,20,5,1,17.253333333333334,22.833333333333332,0.2,2026-02,unreliable_trip_rate,0.0,1.0,0.0,0.0,True
18,Bedford Park,0,10,2,14.128333333333334,15.233333333333333,0.2,2026-02,unreliable_trip_rate,0.0,1.0,0.0,0.0,True
19,Bellerose,20,10,2,18.543333333333333,27.883333333333333,0.2,2026-02,unreliable_trip_rate,0.0,1.0,0.0,0.0,True
29,Brighton Beach,20,15,3,21.67111111111111,22.833333333333332,0.2,2026-02,unreliable_trip_rate,0.0,1.0,0.0,0.0,True
34,Brooklyn Navy Yard,1,5,1,15.37,19.716666666666665,0.2,2026-02,unreliable_trip_rate,0.0,1.0,0.0,0.0,True
34,Brooklyn Navy Yard,8,5,1,26.473333333333336,29.55,0.2,2026-02,unreliable_trip_rate,0.0,1.0,0.0,0.0,True
38,Cambria Heights,13,15,3,26.835555555555555,35.86666666666667,0.2,2026-02,unreliable_trip_rate,0.0,1.0,0.0,0.0,True
39,Canarsie,3,15,3,20.45111111111111,18.966666666666665,0.2,2026-02,unreliable_trip_rate,0.0,1.0,0.0,0.0,True
47,Claremont/Bathgate,3,5,1,19.380000000000003,16.46666666666667,0.2,2026-02,unreliable_trip_rate,0.0,1.0,0.0,0.0,True
53,College Point,5,10,2,21.755000000000003,20.25,0.2,2026-02,unreliable_trip_rate,0.0,1.0,0.0,0.0,True
53,College Point,17,10,2,28.68333333333333,36.35,0.2,2026-02,unreliable_trip_rate,0.0,1.0,0.0,0.0,True
54,Columbia Street,5,5,1,19.836666666666666,23.483333333333334,0.2,2026-02,unreliable_trip_rate,0.0,1.0,0.0,0.0,True
58,Country Club,23,5,1,14.73333333333333,15.791666666666668,0.2,2026-02,unreliable_trip_rate,0.0,1.0,0.0,0.0,True
60,Crotona Park East,5,25,5,29.484666666666666,27.383333333333333,0.2,2026-02,unreliable_trip_rate,0.0,1.0,0.0,0.0,True
64,Douglaston,17,5,1,35.60333333333334,36.35,0.2,2026-02,unreliable_trip_rate,0.0,1.0,0.0,0.0,True
64,Douglaston,23,10,2,17.65,22.466666666666665,0.2,2026-02,unreliable_trip_rate,0.0,1.0,0.0,0.0,True
67,Dyker Heights,23,10,2,14.173333333333332,20.8,0.2,2026-02,unreliable_trip_rate,0.0,1.0,0.0,0.0,True
93,Flushing Meadows-Corona Park,0,15,3,20.793333333333333,21.433333333333334,0.2,2026-02,unreliable_trip_rate,0.0,1.0,0.0,0.0,True
93,Flushing Meadows-Corona Park,4,5,1,14.046666666666667,17.4,0.2,2026-02,unreliable_trip_rate,0.0,1.0,0.0,0.0,True
98,Fresh Meadows,12,10,2,23.72833333333333,33.38333333333333,0.2,2026-02,unreliable_trip_rate,0.0,1.0,0.0,0.0,True
98,Fresh Meadows,14,15,3,29.07777777777778,38.6,0.2,2026-02,unreliable_trip_rate,0.0,1.0,0.0,0.0,True
101,Glen Oaks,15,10,2,32.92666666666666,41.333333333333336,0.2,2026-02,unreliable_trip_rate,0.0,1.0,0.0,0.0,True
108,Gravesend,3,5,1,17.293333333333333,18.966666666666665,0.2,2026-02,unreliable_trip_rate,0.0,1.0,0.0,0.0,True
118,Heartland Village/Todt Hill,15,5,1,15.156666666666666,15.65,0.2,2026-02,unreliable_trip_rate,1.0,0.0,0.0,0.0,True
121,Hillcrest/Pomonok,22,20,4,24.432499999999997,24.516666666666666,0.2,2026-02,unreliable_trip_rate,0.0,1.0,0.0,0.0,True
122,Hollis,23,10,2,18.438333333333333,22.466666666666665,0.2,2026-02,unreliable_trip_rate,0.0,1.0,0.0,0.0,True
123,Homecrest,0,10,2,16.77,20.2,0.2,2026-02,unreliable_trip_rate,0.0,1.0,0.0,0.0,True
126,Hunts Point,2,5,1,12.4,14.05,0.2,2026-02,unreliable_trip_rate,0.0,1.0,0.0,0.0,True
131,Jamaica Estates,21,15,3,22.77111111111111,24.983333333333334,0.2,2026-02,unreliable_trip_rate,0.0,1.0,0.0,0.0,True
138,LaGuardia Airport,5,15,3,16.365555555555556,20.25,0.2,2026-02,unreliable_trip_rate,0.0,1.0,0.0,0.0,True
147,Longwood,3,5,1,16.236666666666668,16.46666666666667,0.2,2026-02,unreliable_trip_rate,0.0,1.0,0.0,0.0,True
149,Madison,22,10,2,24.083333333333336,21.416666666666668,0.2,2026-02,unreliable_trip_rate,0.0,1.0,0.0,0.0,True
149,Madison,23,10,2,18.216666666666665,20.8,0.2,2026-02,unreliable_trip_rate,0.0,1.0,0.0,0.0,True
150,Manhattan Beach,22,10,2,20.689999999999998,21.416666666666668,0.2,2026-02,unreliable_trip_rate,0.0,1.0,0.0,0.0,True
159,Melrose South,1,5,1,15.173333333333336,14.941666666666666,0.2,2026-02,unreliable_trip_rate,0.0,1.0,0.0,0.0,True
159,Melrose South,3,10,2,14.833333333333334,16.46666666666667,0.2,2026-02,unreliable_trip_rate,0.0,1.0,0.0,0.0,True
160,Middle Village,2,5,1,12.126666666666665,17.541666666666668,0.2,2026-02,unreliable_trip_rate,0.0,1.0,0.0,0.0,True
171,Murray Hill-Queens,0,10,2,19.311666666666667,21.433333333333334,0.2,2026-02,unreliable_trip_rate,0.0,1.0,0.0,0.0,True
171,Murray Hill-Queens,1,5,1,20.96333333333333,19.966666666666665,0.2,2026-02,unreliable_trip_rate,0.0,1.0,0.0,0.0,True
171,Murray Hill-Queens,20,15,3,22.50222222222222,27.883333333333333,0.2,2026-02,unreliable_trip_rate,0.0,1.0,0.0,0.0,True
172,New Dorp/Midland Beach,8,5,1,27.75,29.85,0.2,2026-02,unreliable_trip_rate,0.0,1.0,0.0,0.0,True
175,Oakland Gardens,23,5,1,18.119999999999997,22.466666666666665,0.2,2026-02,unreliable_trip_rate,0.0,1.0,0.0,0.0,True
178,Ocean Parkway South,5,5,1,17.52,23.483333333333334,0.2,2026-02,unreliable_trip_rate,0.0,1.0,0.0,0.0,True
178,Ocean Parkway South,18,20,4,21.075833333333332,23.816666666666666,0.2,2026-02,unreliable_trip_rate,0.0,1.0,0.0,0.0,True
178,Ocean Parkway South,21,5,1,12.276666666666667,22.083333333333332,0.2,2026-02,unreliable_trip_rate,0.0,1.0,0.0,0.0,True
183,Pelham Bay,10,10,2,33.78,35.916666666666664,0.2,2026-02,unreliable_trip_rate,0.0,1.0,0.0,0.0,True
190,Prospect Park,11,15,3,27.263333333333332,28.85,0.2,2026-02,unreliable_trip_rate,0.0,1.0,0.0,0.0,True
191,Queens Village,2,5,1,11.746666666666666,17.541666666666668,0.2,2026-02,unreliable_trip_rate,0.0,1.0,0.0,0.0,True
193,Queensbridge/Ravenswood,1,15,3,18.94222222222222,19.966666666666665,0.2,2026-02,unreliable_trip_rate,0.0,1.0,0.0,0.0,True
196,Rego Park,3,15,3,15.252222222222223,16.966666666666665,0.2,2026-02,unreliable_trip_rate,0.0,1.0,0.0,0.0,True
201,Rockaway Park,0,5,1,15.646666666666667,21.433333333333334,0.2,2026-02,unreliable_trip_rate,0.0,1.0,0.0,0.0,True
203,Rosedale,0,10,2,17.119999999999997,21.433333333333334,0.2,2026-02,unreliable_trip_rate,0.0,1.0,0.0,0.0,True
213,Soundview/Castle Hill,3,5,1,22.113333333333333,16.46666666666667,0.2,2026-02,unreliable_trip_rate,0.0,1.0,0.0,0.0,True
214,South Beach/Dongan Hills,7,5,1,27.023333333333333,29.058333333333334,0.2,2026-02,unreliable_trip_rate,0.0,1.0,0.0,0.0,True
217,South Williamsburg,1,15,3,17.316666666666666,19.716666666666665,0.2,2026-02,unreliable_trip_rate,0.0,1.0,0.0,0.0,True
218,Springfield Gardens North,22,25,5,21.659333333333333,24.516666666666666,0.2,2026-02,unreliable_trip_rate,0.0,1.0,0.0,0.0,True
221,Stapleton,17,5,1,22.483333333333334,21.200000000000003,0.2,2026-02,unreliable_trip_rate,0.0,1.0,0.0,0.0,True
240,Van Cortlandt Park,12,5,1,18.72,33.625,0.2,2026-02,unreliable_trip_rate,0.0,1.0,0.0,0.0,True
240,Van Cortlandt Park,17,5,1,22.080000000000002,27.008333333333333,0.2,2026-02,unreliable_trip_rate,0.0,1.0,0.0,0.0,True
241,Van Cortlandt Village,3,5,1,12.0,16.46666666666667,0.2,2026-02,unreliable_trip_rate,0.0,1.0,0.0,0.0,True
242,Van Nest/Morris Park,21,15,3,19.767777777777777,18.84166666666667,0.2,2026-02,unreliable_trip_rate,0.0,1.0,0.0,0.0,True
252,Whitestone,16,15,3,31.796666666666667,42.81666666666667,0.2,2026-02,unreliable_trip_rate,0.0,1.0,0.0,0.0,True
253,Willets Point,16,5,1,34.593333333333334,42.81666666666667,0.2,2026-02,unreliable_trip_rate,0.0,1.0,0.0,0.0,True
258,Woodhaven,21,20,4,24.1475,24.983333333333334,0.2,2026-02,unreliable_trip_rate,0.0,1.0,0.0,0.0,True
259,Woodlawn/Wakefield,3,5,1,23.130000000000003,16.46666666666667,0.2,2026-02,unreliable_trip_rate,0.0,1.0,0.0,0.0,True
131,Jamaica Estates,19,26,5,23.08782051282051,30.15,0.19230769230769232,2026-02,unreliable_trip_rate,0.0,1.0,0.0,0.0,True
190,Prospect Park,16,26,5,28.082692307692305,27.583333333333332,0.19230769230769232,2026-02,unreliable_trip_rate,0.0,1.0,0.0,0.0,True
70,East Elmhurst,2,21,4,16.41190476190476,17.541666666666668,0.19047619047619047,2026-02,unreliable_trip_rate,0.0,1.0,0.0,0.0,True
72,East Flatbush/Remsen Village,0,21,4,17.306349206349207,20.2,0.19047619047619047,2026-02,unreliable_trip_rate,0.0,1.0,0.0,0.0,True
190,Prospect Park,18,21,4,18.375396825396827,23.816666666666666,0.19047619047619047,2026-02,unreliable_trip_rate,0.0,1.0,0.0,0.0,True
191,Queens Village,20,21,4,24.227777777777778,27.883333333333333,0.19047619047619047,2026-02,unreliable_trip_rate,0.0,1.0,0.0,0.0,True
16,Bayside,16,16,3,36.427083333333336,42.81666666666667,0.1875,2026-02,unreliable_trip_rate,0.0,1.0,0.0,0.0,True
78,East Tremont,0,16,3,14.085416666666667,15.233333333333333,0.1875,2026-02,unreliable_trip_rate,0.0,1.0,0.0,0.0,True
93,Flushing Meadows-Corona Park,19,16,3,23.40833333333333,30.15,0.1875,2026-02,unreliable_trip_rate,0.0,1.0,0.0,0.0,True
122,Hollis,15,16,3,31.283333333333335,41.333333333333336,0.1875,2026-02,unreliable_trip_rate,0.0,1.0,0.0,0.0,True
150,Manhattan Beach,9,16,3,27.977083333333333,28.0,0.1875,2026-02,unreliable_trip_rate,0.0,1.0,0.0,0.0,True
173,North Corona,12,16,3,28.471875,33.38333333333333,0.1875,2026-02,unreliable_trip_rate,0.0,1.0,0.0,0.0,True
190,Prospect Park,14,16,3,32.68958333333333,28.866666666666667,0.1875,2026-02,unreliable_trip_rate,0.0,1.0,0.0,0.0,True
102,Glendale,22,27,5,19.879012345679012,24.516666666666666,0.18518518518518517,2026-02,unreliable_trip_rate,0.0,1.0,0.0,0.0,True
179,Old Astoria,2,27,5,15.082716049382716,17.541666666666668,0.18518518518518517,2026-02,unreliable_trip_rate,0.0,1.0,0.0,0.0,True
250,Westchester Village/Unionport,22,27,5,17.75493827160494,17.366666666666667,0.18518518518518517,2026-02,unreliable_trip_rate,0.0,1.0,0.0,0.0,True
16,Bayside,11,11,2,25.87272727272727,33.56666666666667,0.18181818181818182,2026-02,unreliable_trip_rate,0.0,1.0,0.0,0.0,True
54,Columbia Street,16,22,4,22.53181818181818,27.583333333333332,0.18181818181818182,2026-02,unreliable_trip_rate,0.0,1.0,0.0,0.0,True
54,Columbia Street,22,22,4,18.825,21.416666666666668,0.18181818181818182,2026-02,unreliable_trip_rate,0.0,1.0,0.0,0.0,True
56,Corona,0,22,4,19.32348484848485,21.433333333333334,0.18181818181818182,2026-02,unreliable_trip_rate,0.0,1.0,0.0,0.0,True
56,Corona,3,11,2,14.075757575757576,16.966666666666665,0.18181818181818182,2026-02,unreliable_trip_rate,0.0,1.0,0.0,0.0,True
93,Flushing Meadows-Corona Park,8,11,2,37.628787878787875,33.65,0.18181818181818182,2026-02,unreliable_trip_rate,0.0,1.0,0.0,0.0,True
98,Fresh Meadows,21,11,2,21.48030303030303,24.983333333333334,0.18181818181818182,2026-02,unreliable_trip_rate,0.0,1.0,0.0,0.0,True
122,Hollis,18,11,2,27.58030303030303,31.483333333333334,0.18181818181818182,2026-02,unreliable_trip_rate,0.0,1.0,0.0,0.0,True
126,Hunts Point,0,11,2,15.104545454545455,15.233333333333333,0.18181818181818182,2026-02,unreliable_trip_rate,0.0,1.0,0.0,0.0,True
126,Hunts Point,22,11,2,15.393939393939393,17.366666666666667,0.18181818181818182,2026-02,unreliable_trip_rate,0.0,1.0,0.0,0.0,True
131,Jamaica Estates,1,11,2,16.916666666666668,19.966666666666665,0.18181818181818182,2026-02,unreliable_trip_rate,0.0,1.0,0.0,0.0,True
135,Kew Gardens Hills,21,22,4,23.74318181818182,24.983333333333334,0.18181818181818182,2026-02,unreliable_trip_rate,0.0,1.0,0.0,0.0,True
192,Queensboro Hill,8,22,4,27.687121212121212,33.65,0.18181818181818182,2026-02,unreliable_trip_rate,0.0,1.0,0.0,0.0,True
210,Sheepshead Bay,21,22,4,20.975757575757573,22.083333333333332,0.18181818181818182,2026-02,unreliable_trip_rate,0.0,1.0,0.0,0.0,True
235,University Heights/Morris Heights,0,11,2,13.166666666666668,15.233333333333333,0.18181818181818182,2026-02,unreliable_trip_rate,0.0,1.0,0.0,0.0,True
54,Columbia Street,18,28,5,23.442857142857143,23.816666666666666,0.17857142857142858,2026-02,unreliable_trip_rate,0.0,1.0,0.0,0.0,True
121,Hillcrest/Pomonok,23,28,5,21.616666666666667,22.466666666666665,0.17857142857142858,2026-02,unreliable_trip_rate,0.0,1.0,0.0,0.0,True
16,Bayside,20,17,3,26.261764705882353,27.883333333333333,0.17647058823529413,2026-02,unreliable_trip_rate,0.0,1.0,0.0,0.0,True
19,Bellerose,17,17,3,31.02058823529412,36.35,0.17647058823529413,2026-02,unreliable_trip_rate,0.0,1.0,0.0,0.0,True
20,Belmont,10,17,3,32.1764705882353,35.916666666666664,0.17647058823529413,2026-02,unreliable_trip_rate,0.0,1.0,0.0,0.0,True
119,Highbridge,0,17,3,15.165686274509804,15.233333333333333,0.17647058823529413,2026-02,unreliable_trip_rate,0.0,1.0,0.0,0.0,True
183,Pelham Bay,19,17,3,19.46078431372549,20.7,0.17647058823529413,2026-02,unreliable_trip_rate,0.0,1.0,0.0,0.0,True
208,Schuylerville/Edgewater Park,21,17,3,16.101960784313725,18.84166666666667,0.17647058823529413,2026-02,unreliable_trip_rate,0.0,1.0,0.0,0.0,True
93,Flushing Meadows-Corona Park,15,23,4,34.992753623188406,41.333333333333336,0.17391304347826086,2026-02,unreliable_trip_rate,0.0,1.0,0.0,0.0,True
135,Kew Gardens Hills,19,23,4,23.45072463768116,30.15,0.17391304347826086,2026-02,unreliable_trip_rate,0.0,1.0,0.0,0.0,True
247,West Concourse,4,23,4,18.497101449275362,19.833333333333332,0.17391304347826086,2026-02,unreliable_trip_rate,0.0,1.0,0.0,0.0,True
250,Westchester Village/Unionport,12,23,4,24.83695652173913,33.625,0.17391304347826086,2026-02,unreliable_trip_rate,0.0,1.0,0.0,0.0,True
6,Arrochar/Fort Wadsworth,23,6,1,9.46111111111111,13.916666666666666,0.16666666666666666,2026-02,unreliable_trip_rate,1.0,0.0,0.0,0.0,True
9,Auburndale,17,6,1,25.936111111111114,36.35,0.16666666666666666,2026-02,unreliable_trip_rate,0.0,1.0,0.0,0.0,True
19,Bellerose,0,18,3,19.02314814814815,21.433333333333334,0.16666666666666666,2026-02,unreliable_trip_rate,0.0,1.0,0.0,0.0,True
19,Bellerose,12,12,2,27.704166666666666,33.38333333333333,0.16666666666666666,2026-02,unreliable_trip_rate,0.0,1.0,0.0,0.0,True
19,Bellerose,23,24,4,17.872916666666665,22.466666666666665,0.16666666666666666,2026-02,unreliable_trip_rate,0.0,1.0,0.0,0.0,True
20,Belmont,4,6,1,24.20277777777778,19.833333333333332,0.16666666666666666,2026-02,unreliable_trip_rate,0.0,1.0,0.0,0.0,True
22,Bensonhurst West,0,12,2,13.429166666666667,20.2,0.16666666666666666,2026-02,unreliable_trip_rate,0.0,1.0,0.0,0.0,True
28,Briarwood/Jamaica Hills,1,6,1,13.777777777777779,19.966666666666665,0.16666666666666666,2026-02,unreliable_trip_rate,0.0,1.0,0.0,0.0,True
29,Brighton Beach,0,12,2,18.086111111111112,20.2,0.16666666666666666,2026-02,unreliable_trip_rate,0.0,1.0,0.0,0.0,True
38,Cambria Heights,20,6,1,27.26111111111111,27.883333333333333,0.16666666666666666,2026-02,unreliable_trip_rate,0.0,1.0,0.0,0.0,True
38,Cambria Heights,23,12,2,22.884722222222223,22.466666666666665,0.16666666666666666,2026-02,unreliable_trip_rate,0.0,1.0,0.0,0.0,True
52,Cobble Hill,4,6,1,19.602777777777778,19.583333333333332,0.16666666666666666,2026-02,unreliable_trip_rate,0.0,1.0,0.0,0.0,True
54,Columbia Street,4,6,1,19.983333333333334,19.583333333333332,0.16666666666666666,2026-02,unreliable_trip_rate,0.0,1.0,0.0,0.0,True
54,Columbia Street,20,18,3,19.868518518518517,22.833333333333332,0.16666666666666666,2026-02,unreliable_trip_rate,0.0,1.0,0.0,0.0,True
56,Corona,2,6,1,14.450000000000001,17.541666666666668,0.16666666666666666,2026-02,unreliable_trip_rate,0.0,1.0,0.0,0.0,True
64,Douglaston,11,6,1,22.052777777777777,33.56666666666667,0.16666666666666666,2026-02,unreliable_trip_rate,0.0,1.0,0.0,0.0,True
64,Douglaston,21,6,1,20.105555555555558,24.983333333333334,0.16666666666666666,2026-02,unreliable_trip_rate,0.0,1.0,0.0,0.0,True
66,DUMBO/Vinegar Hill,3,18,3,25.96851851851852,18.966666666666665,0.16666666666666666,2026-02,unreliable_trip_rate,0.0,1.0,0.0,0.0,True
73,East Flushing,15,6,1,33.983333333333334,41.333333333333336,0.16666666666666666,2026-02,unreliable_trip_rate,0.0,1.0,0.0,0.0,True
73,East Flushing,20,6,1,26.11111111111111,27.883333333333333,0.16666666666666666,2026-02,unreliable_trip_rate,0.0,1.0,0.0,0.0,True
78,East Tremont,3,6,1,17.61111111111111,16.46666666666667,0.16666666666666666,2026-02,unreliable_trip_rate,0.0,1.0,0.0,0.0,True
93,Flushing Meadows-Corona Park,10,6,1,23.213888888888892,33.733333333333334,0.16666666666666666,2026-02,unreliable_trip_rate,0.0,1.0,0.0,0.0,True
93,Flushing Meadows-Corona Park,11,12,2,25.515277777777772,33.56666666666667,0.16666666666666666,2026-02,unreliable_trip_rate,0.0,1.0,0.0,0.0,True
124,Howard Beach,18,24,4,23.51111111111111,31.483333333333334,0.16666666666666666,2026-02,unreliable_trip_rate,0.0,1.0,0.0,0.0,True
136,Kingsbridge Heights,1,6,1,14.930555555555557,14.941666666666666,0.16666666666666666,2026-02,unreliable_trip_rate,0.0,1.0,0.0,0.0,True
136,Kingsbridge Heights,19,18,3,23.961111111111112,20.7,0.16666666666666666,2026-02,unreliable_trip_rate,0.0,1.0,0.0,0.0,True
154,Marine Park/Floyd Bennett Field,9,6,1,15.180555555555555,28.0,0.16666666666666666,2026-02,unreliable_trip_rate,0.0,1.0,0.0,0.0,True
165,Midwood,21,24,4,26.20763888888889,22.083333333333332,0.16666666666666666,2026-02,unreliable_trip_rate,0.0,1.0,0.0,0.0,True
169,Mount Hope,3,12,2,15.120833333333332,16.46666666666667,0.16666666666666666,2026-02,unreliable_trip_rate,0.0,1.0,0.0,0.0,True
192,Queensboro Hill,14,12,2,47.06111111111111,38.6,0.16666666666666666,2026-02,unreliable_trip_rate,0.0,1.0,0.0,0.0,True
207,Saint Michaels Cemetery/Woodside,15,6,1,29.272222222222222,41.333333333333336,0.16666666666666666,2026-02,unreliable_trip_rate,0.0,1.0,0.0,0.0,True
207,Saint Michaels Cemetery/Woodside,17,12,2,29.25277777777778,36.35,0.16666666666666666,2026-02,unreliable_trip_rate,0.0,1.0,0.0,0.0,True
242,Van Nest/Morris Park,3,6,1,17.058333333333334,16.46666666666667,0.16666666666666666,2026-02,unreliable_trip_rate,0.0,1.0,0.0,0.0,True
248,West Farms/Bronx River,1,6,1,13.575000000000001,14.941666666666666,0.16666666666666666,2026-02,unreliable_trip_rate,0.0,1.0,0.0,0.0,True
248,West Farms/Bronx River,3,12,2,16.416666666666668,16.46666666666667,0.16666666666666666,2026-02,unreliable_trip_rate,0.0,1.0,0.0,0.0,True
252,Whitestone,18,12,2,26.758333333333336,31.483333333333334,0.16666666666666666,2026-02,unreliable_trip_rate,0.0,1.0,0.0,0.0,True
257,Windsor Terrace,5,18,3,27.772222222222222,23.483333333333334,0.16666666666666666,2026-02,unreliable_trip_rate,0.0,1.0,0.0,0.0,True
265,Outside of NYC,2,6,1,4.591666666666667,9.266666666666667,0.16666666666666666,2026-02,unreliable_trip_rate,0.0,1.0,0.0,0.0,True
60,Crotona Park East,15,25,4,27.97266666666667,30.266666666666666,0.16,2026-02,unreliable_trip_rate,0.0,1.0,0.0,0.0,True
179,Old Astoria,1,25,4,15.632,19.966666666666665,0.16,2026-02,unreliable_trip_rate,0.0,1.0,0.0,0.0,True
248,West Farms/Bronx River,18,25,4,21.54133333333333,23.225,0.16,2026-02,unreliable_trip_rate,0.0,1.0,0.0,0.0,True
19,Bellerose,18,19,3,31.25526315789474,31.483333333333334,0.15789473684210525,2026-02,unreliable_trip_rate,0.0,1.0,0.0,0.0,True
135,Kew Gardens Hills,23,19,3,18.893859649122806,22.466666666666665,0.15789473684210525,2026-02,unreliable_trip_rate,0.0,1.0,0.0,0.0,True
180,Ozone Park,21,19,3,17.600877192982455,24.983333333333334,0.15789473684210525,2026-02,unreliable_trip_rate,0.0,1.0,0.0,0.0,True
28,Briarwood/Jamaica Hills,0,26,4,19.297435897435896,21.433333333333334,0.15384615384615385,2026-02,unreliable_trip_rate,0.0,1.0,0.0,0.0,True
39,Canarsie,1,13,2,18.42948717948718,19.716666666666665,0.15384615384615385,2026-02,unreliable_trip_rate,0.0,1.0,0.0,0.0,True
53,College Point,10,13,2,23.98717948717949,33.733333333333334,0.15384615384615385,2026-02,unreliable_trip_rate,0.0,1.0,0.0,0.0,True
83,Elmhurst/Maspeth,2,13,2,15.774358974358973,17.541666666666668,0.15384615384615385,2026-02,unreliable_trip_rate,0.0,1.0,0.0,0.0,True
92,Flushing,1,26,4,16.33653846153846,19.966666666666665,0.15384615384615385,2026-02,unreliable_trip_rate,0.0,1.0,0.0,0.0,True
93,Flushing Meadows-Corona Park,5,13,2,17.99102564102564,20.25,0.15384615384615385,2026-02,unreliable_trip_rate,0.0,1.0,0.0,0.0,True
98,Fresh Meadows,17,13,2,29.392307692307693,36.35,0.15384615384615385,2026-02,unreliable_trip_rate,0.0,1.0,0.0,0.0,True
102,Glendale,23,13,2,18.075641025641026,22.466666666666665,0.15384615384615385,2026-02,unreliable_trip_rate,0.0,1.0,0.0,0.0,True
160,Middle Village,21,13,2,22.126923076923074,24.983333333333334,0.15384615384615385,2026-02,unreliable_trip_rate,0.0,1.0,0.0,0.0,True
183,Pelham Bay,20,13,2,23.743589743589745,20.783333333333335,0.15384615384615385,2026-02,unreliable_trip_rate,0.0,1.0,0.0,0.0,True
192,Queensboro Hill,15,13,2,32.294871794871796,41.333333333333336,0.15384615384615385,2026-02,unreliable_trip_rate,0.0,1.0,0.0,0.0,True
192,Queensboro Hill,22,13,2,24.653846153846153,24.516666666666666,0.15384615384615385,2026-02,unreliable_trip_rate,0.0,1.0,0.0,0.0,True
26,Borough Park,0,20,3,15.651666666666667,20.2,0.15,2026-02,unreliable_trip_rate,0.0,1.0,0.0,0.0,True
53,College Point,21,20,3,22.831666666666667,24.983333333333334,0.15,2026-02,unreliable_trip_rate,0.0,1.0,0.0,0.0,True
92,Flushing,2,20,3,15.884166666666667,17.541666666666668,0.15,2026-02,unreliable_trip_rate,0.0,1.0,0.0,0.0,True
98,Fresh Meadows,15,20,3,35.97416666666667,41.333333333333336,0.15,2026-02,unreliable_trip_rate,0.0,1.0,0.0,0.0,True
124,Howard Beach,11,20,3,26.461666666666666,33.56666666666667,0.15,2026-02,unreliable_trip_rate,0.0,1.0,0.0,0.0,True
171,Murray Hill-Queens,18,20,3,21.428333333333335,31.483333333333334,0.15,2026-02,unreliable_trip_rate,0.0,1.0,0.0,0.0,True
219,Springfield Gardens South,13,20,3,32.098333333333336,35.86666666666667,0.15,2026-02,unreliable_trip_rate,0.0,1.0,0.0,0.0,True
258,Woodhaven,22,20,3,18.395,24.516666666666666,0.15,2026-02,unreliable_trip_rate,0.0,1.0,0.0,0.0,True
102,Glendale,10,27,4,25.562345679012342,33.733333333333334,0.14814814814814814,2026-02,unreliable_trip_rate,0.0,1.0,0.0,0.0,True
134,Kew Gardens,0,27,4,16.19753086419753,21.433333333333334,0.14814814814814814,2026-02,unreliable_trip_rate,0.0,1.0,0.0,0.0,True
6,Arrochar/Fort Wadsworth,6,7,1,18.954761904761906,24.791666666666664,0.14285714285714285,2026-02,unreliable_trip_rate,0.0,1.0,0.0,0.0,True
9,Auburndale,6,7,1,18.776190476190475,26.34166666666667,0.14285714285714285,2026-02,unreliable_trip_rate,0.0,1.0,0.0,0.0,True
9,Auburndale,18,7,1,20.295238095238094,31.483333333333334,0.14285714285714285,2026-02,unreliable_trip_rate,0.0,1.0,0.0,0.0,True
11,Bath Beach,0,7,1,14.554761904761905,20.2,0.14285714285714285,2026-02,unreliable_trip_rate,0.0,1.0,0.0,0.0,True
26,Borough Park,2,7,1,14.714285714285714,19.025,0.14285714285714285,2026-02,unreliable_trip_rate,0.0,1.0,0.0,0.0,True
34,Brooklyn Navy Yard,2,7,1,14.288095238095238,19.025,0.14285714285714285,2026-02,unreliable_trip_rate,0.0,1.0,0.0,0.0,True
34,Brooklyn Navy Yard,12,7,1,21.678571428571427,29.283333333333335,0.14285714285714285,2026-02,unreliable_trip_rate,0.0,1.0,0.0,0.0,True
101,Glen Oaks,18,7,1,27.833333333333336,31.483333333333334,0.14285714285714285,2026-02,unreliable_trip_rate,0.0,1.0,0.0,0.0,True
106,Gowanus,2,14,2,17.45714285714286,19.025,0.14285714285714285,2026-02,unreliable_trip_rate,0.0,1.0,0.0,0.0,True
119,Highbridge,1,7,1,14.838095238095239,14.941666666666666,0.14285714285714285,2026-02,unreliable_trip_rate,0.0,1.0,0.0,0.0,True
139,Laurelton,0,14,2,13.298809523809524,21.433333333333334,0.14285714285714285,2026-02,unreliable_trip_rate,0.0,1.0,0.0,0.0,True
155,Marine Park/Mill Basin,0,14,2,18.385714285714283,20.2,0.14285714285714285,2026-02,unreliable_trip_rate,0.0,1.0,0.0,0.0,True
173,North Corona,2,21,3,11.764285714285714,17.541666666666668,0.14285714285714285,2026-02,unreliable_trip_rate,0.0,1.0,0.0,0.0,True
175,Oakland Gardens,13,7,1,23.297619047619047,35.86666666666667,0.14285714285714285,2026-02,unreliable_trip_rate,0.0,1.0,0.0,0.0,True
183,Pelham Bay,14,7,1,16.016666666666666,30.233333333333334,0.14285714285714285,2026-02,unreliable_trip_rate,0.0,1.0,0.0,0.0,True
201,Rockaway Park,16,7,1,28.583333333333332,42.81666666666667,0.14285714285714285,2026-02,unreliable_trip_rate,0.0,1.0,0.0,0.0,True
203,Rosedale,16,14,2,34.660714285714285,42.81666666666667,0.14285714285714285,2026-02,unreliable_trip_rate,0.0,1.0,0.0,0.0,True
207,Saint Michaels Cemetery/Woodside,18,7,1,25.916666666666664,31.483333333333334,0.14285714285714285,2026-02,unreliable_trip_rate,0.0,1.0,0.0,0.0,True
212,Soundview/Bruckner,1,7,1,12.25952380952381,14.941666666666666,0.14285714285714285,2026-02,unreliable_trip_rate,0.0,1.0,0.0,0.0,True
212,Soundview/Bruckner,23,21,3,13.495238095238093,15.791666666666668,0.14285714285714285,2026-02,unreliable_trip_rate,0.0,1.0,0.0,0.0,True
213,Soundview/Castle Hill,2,7,1,12.37142857142857,14.05,0.14285714285714285,2026-02,unreliable_trip_rate,0.0,1.0,0.0,0.0,True
220,Spuyten Duyvil/Kingsbridge,0,14,2,12.68452380952381,15.233333333333333,0.14285714285714285,2026-02,unreliable_trip_rate,0.0,1.0,0.0,0.0,True
241,Van Cortlandt Village,2,7,1,14.783333333333333,14.05,0.14285714285714285,2026-02,unreliable_trip_rate,0.0,1.0,0.0,0.0,True
252,Whitestone,22,21,3,21.473809523809525,24.516666666666666,0.14285714285714285,2026-02,unreliable_trip_rate,0.0,1.0,0.0,0.0,True
258,Woodhaven,18,28,4,28.81011904761905,31.483333333333334,0.14285714285714285,2026-02,unreliable_trip_rate,0.0,1.0,0.0,0.0,True
157,Maspeth,15,29,4,30.10977011494253,41.333333333333336,0.13793103448275862,2026-02,unreliable_trip_rate,0.0,1.0,0.0,0.0,True
241,Van Cortlandt Village,21,29,4,19.188505747126438,18.84166666666667,0.13793103448275862,2026-02,unreliable_trip_rate,0.0,1.0,0.0,0.0,True
122,Hollis,13,22,3,25.688636363636363,35.86666666666667,0.13636363636363635,2026-02,unreliable_trip_rate,0.0,1.0,0.0,0.0,True
22,Bensonhurst West,23,15,2,17.98,20.8,0.13333333333333333,2026-02,unreliable_trip_rate,0.0,1.0,0.0,0.0,True
54,Columbia Street,10,15,2,20.69222222222222,28.716666666666665,0.13333333333333333,2026-02,unreliable_trip_rate,0.0,1.0,0.0,0.0,True
60,Crotona Park East,22,15,2,15.136666666666667,17.366666666666667,0.13333333333333333,2026-02,unreliable_trip_rate,0.0,1.0,0.0,0.0,True
98,Fresh Meadows,23,15,2,17.314444444444447,22.466666666666665,0.13333333333333333,2026-02,unreliable_trip_rate,0.0,1.0,0.0,0.0,True
134,Kew Gardens,1,15,2,14.037777777777778,19.966666666666665,0.13333333333333333,2026-02,unreliable_trip_rate,0.0,1.0,0.0,0.0,True
191,Queens Village,3,15,2,17.09888888888889,16.966666666666665,0.13333333333333333,2026-02,unreliable_trip_rate,0.0,1.0,0.0,0.0,True
212,Soundview/Bruckner,22,15,2,15.557777777777778,17.366666666666667,0.13333333333333333,2026-02,unreliable_trip_rate,0.0,1.0,0.0,0.0,True
252,Whitestone,17,15,2,29.38222222222222,36.35,0.13333333333333333,2026-02,unreliable_trip_rate,0.0,1.0,0.0,0.0,True
102,Glendale,21,23,3,20.632608695652173,24.983333333333334,0.13043478260869565,2026-02,unreliable_trip_rate,0.0,1.0,0.0,0.0,True
124,Howard Beach,14,23,3,24.47391304347826,38.6,0.13043478260869565,2026-02,unreliable_trip_rate,0.0,1.0,0.0,0.0,True
135,Kew Gardens Hills,16,23,3,28.38550724637681,42.81666666666667,0.13043478260869565,2026-02,unreliable_trip_rate,0.0,1.0,0.0,0.0,True
212,Soundview/Bruckner,17,23,3,23.53768115942029,27.008333333333333,0.13043478260869565,2026-02,unreliable_trip_rate,0.0,1.0,0.0,0.0,True
252,Whitestone,7,23,3,21.381159420289855,30.4,0.13043478260869565,2026-02,unreliable_trip_rate,0.0,1.0,0.0,0.0,True
15,Bay Terrace/Fort Totten,15,8,1,26.025,41.333333333333336,0.125,2026-02,unreliable_trip_rate,0.0,1.0,0.0,0.0,True
15,Bay Terrace/Fort Totten,20,8,1,21.452083333333334,27.883333333333333,0.125,2026-02,unreliable_trip_rate,0.0,1.0,0.0,0.0,True
19,Bellerose,19,8,1,23.929166666666667,30.15,0.125,2026-02,unreliable_trip_rate,0.0,1.0,0.0,0.0,True
26,Borough Park,1,8,1,13.927083333333334,19.716666666666665,0.125,2026-02,unreliable_trip_rate,0.0,1.0,0.0,0.0,True
31,Bronx Park,8,8,1,33.172916666666666,32.141666666666666,0.125,2026-02,unreliable_trip_rate,0.0,1.0,0.0,0.0,True
40,Carroll Gardens,2,8,1,14.320833333333333,19.025,0.125,2026-02,unreliable_trip_rate,0.0,1.0,0.0,0.0,True
52,Cobble Hill,1,16,2,16.711458333333333,19.716666666666665,0.125,2026-02,unreliable_trip_rate,0.0,1.0,0.0,0.0,True
53,College Point,1,8,1,13.777083333333334,19.966666666666665,0.125,2026-02,unreliable_trip_rate,0.0,1.0,0.0,0.0,True
65,Downtown Brooklyn/MetroTech,3,24,3,14.968055555555557,18.966666666666665,0.125,2026-02,unreliable_trip_rate,0.0,1.0,0.0,0.0,True
101,Glen Oaks,22,8,1,18.058333333333334,24.516666666666666,0.125,2026-02,unreliable_trip_rate,0.0,1.0,0.0,0.0,True
102,Glendale,11,24,3,29.605555555555554,33.56666666666667,0.125,2026-02,unreliable_trip_rate,0.0,1.0,0.0,0.0,True
126,Hunts Point,1,8,1,15.00625,14.941666666666666,0.125,2026-02,unreliable_trip_rate,0.0,1.0,0.0,0.0,True
131,Jamaica Estates,22,24,3,18.79375,24.516666666666666,0.125,2026-02,unreliable_trip_rate,0.0,1.0,0.0,0.0,True
133,Kensington,3,8,1,16.370833333333334,18.966666666666665,0.125,2026-02,unreliable_trip_rate,0.0,1.0,0.0,0.0,True
147,Longwood,23,8,1,15.489583333333334,15.791666666666668,0.125,2026-02,unreliable_trip_rate,0.0,1.0,0.0,0.0,True
175,Oakland Gardens,11,8,1,28.87708333333333,33.56666666666667,0.125,2026-02,unreliable_trip_rate,0.0,1.0,0.0,0.0,True
192,Queensboro Hill,3,8,1,12.45625,16.966666666666665,0.125,2026-02,unreliable_trip_rate,0.0,1.0,0.0,0.0,True
196,Rego Park,1,8,1,17.964583333333334,19.966666666666665,0.125,2026-02,unreliable_trip_rate,0.0,1.0,0.0,0.0,True
210,Sheepshead Bay,1,8,1,15.2875,19.716666666666665,0.125,2026-02,unreliable_trip_rate,0.0,1.0,0.0,0.0,True
212,Soundview/Bruckner,2,8,1,8.441666666666666,14.05,0.125,2026-02,unreliable_trip_rate,0.0,1.0,0.0,0.0,True
14,Bay Ridge,0,25,3,15.792666666666667,20.2,0.12,2026-02,unreliable_trip_rate,0.0,1.0,0.0,0.0,True
16,Bayside,18,17,2,25.97549019607843,31.483333333333334,0.11764705882352941,2026-02,unreliable_trip_rate,0.0,1.0,0.0,0.0,True
33,Brooklyn Heights,4,17,2,18.077450980392157,19.583333333333332,0.11764705882352941,2026-02,unreliable_trip_rate,0.0,1.0,0.0,0.0,True
93,Flushing Meadows-Corona Park,12,17,2,26.01274509803922,33.38333333333333,0.11764705882352941,2026-02,unreliable_trip_rate,0.0,1.0,0.0,0.0,True
106,Gowanus,6,17,2,20.948039215686276,28.933333333333334,0.11764705882352941,2026-02,unreliable_trip_rate,0.0,1.0,0.0,0.0,True
123,Homecrest,23,17,2,15.083333333333334,20.8,0.11764705882352941,2026-02,unreliable_trip_rate,0.0,1.0,0.0,0.0,True
83,Elmhurst/Maspeth,21,26,3,20.28717948717949,24.983333333333334,0.11538461538461539,2026-02,unreliable_trip_rate,0.0,1.0,0.0,0.0,True
93,Flushing Meadows-Corona Park,22,26,3,21.039102564102564,24.516666666666666,0.11538461538461539,2026-02,unreliable_trip_rate,0.0,1.0,0.0,0.0,True
39,Canarsie,2,9,1,17.303703703703704,19.025,0.1111111111111111,2026-02,unreliable_trip_rate,0.0,1.0,0.0,0.0,True
53,College Point,12,9,1,28.798148148148147,33.38333333333333,0.1111111111111111,2026-02,unreliable_trip_rate,0.0,1.0,0.0,0.0,True
53,College Point,15,27,3,29.32345679012346,41.333333333333336,0.1111111111111111,2026-02,unreliable_trip_rate,0.0,1.0,0.0,0.0,True
102,Glendale,0,18,2,18.69537037037037,21.433333333333334,0.1111111111111111,2026-02,unreliable_trip_rate,0.0,1.0,0.0,0.0,True
131,Jamaica Estates,0,9,1,16.142592592592592,21.433333333333334,0.1111111111111111,2026-02,unreliable_trip_rate,0.0,1.0,0.0,0.0,True
173,North Corona,9,18,2,25.962037037037035,33.53333333333333,0.1111111111111111,2026-02,unreliable_trip_rate,0.0,1.0,0.0,0.0,True
175,Oakland Gardens,15,9,1,39.077777777777776,41.333333333333336,0.1111111111111111,2026-02,unreliable_trip_rate,0.0,1.0,0.0,0.0,True
192,Queensboro Hill,18,18,2,22.253703703703703,31.483333333333334,0.1111111111111111,2026-02,unreliable_trip_rate,0.0,1.0,0.0,0.0,True
257,Windsor Terrace,1,9,1,13.446296296296296,19.716666666666665,0.1111111111111111,2026-02,unreliable_trip_rate,0.0,1.0,0.0,0.0,True
52,Cobble Hill,0,28,3,18.104761904761904,20.2,0.10714285714285714,2026-02,unreliable_trip_rate,0.0,1.0,0.0,0.0,True
102,Glendale,16,28,3,26.58511904761905,42.81666666666667,0.10714285714285714,2026-02,unreliable_trip_rate,0.0,1.0,0.0,0.0,True
197,Richmond Hill,1,28,3,16.085714285714285,19.966666666666665,0.10714285714285714,2026-02,unreliable_trip_rate,0.0,1.0,0.0,0.0,True
94,Fordham South,19,19,2,19.43859649122807,20.7,0.10526315789473684,2026-02,unreliable_trip_rate,0.0,1.0,0.0,0.0,True
180,Ozone Park,17,19,2,22.847368421052632,36.35,0.10526315789473684,2026-02,unreliable_trip_rate,0.0,1.0,0.0,0.0,True
15,Bay Terrace/Fort Totten,8,10,1,29.03666666666667,33.65,0.1,2026-02,unreliable_trip_rate,0.0,1.0,0.0,0.0,True
28,Briarwood/Jamaica Hills,21,20,2,23.096666666666668,24.983333333333334,0.1,2026-02,unreliable_trip_rate,0.0,1.0,0.0,0.0,True
54,Columbia Street,15,10,1,22.765,28.233333333333334,0.1,2026-02,unreliable_trip_rate,0.0,1.0,0.0,0.0,True
60,Crotona Park East,23,10,1,14.290000000000001,15.791666666666668,0.1,2026-02,unreliable_trip_rate,0.0,1.0,0.0,0.0,True
93,Flushing Meadows-Corona Park,13,20,2,27.3975,35.86666666666667,0.1,2026-02,unreliable_trip_rate,0.0,1.0,0.0,0.0,True
98,Fresh Meadows,0,10,1,16.918333333333333,21.433333333333334,0.1,2026-02,unreliable_trip_rate,0.0,1.0,0.0,0.0,True
124,Howard Beach,16,20,2,30.241666666666667,42.81666666666667,0.1,2026-02,unreliable_trip_rate,0.0,1.0,0.0,0.0,True
135,Kew Gardens Hills,22,20,2,17.699166666666667,24.516666666666666,0.1,2026-02,unreliable_trip_rate,0.0,1.0,0.0,0.0,True
139,Laurelton,22,10,1,13.445000000000002,24.516666666666666,0.1,2026-02,unreliable_trip_rate,0.0,1.0,0.0,0.0,True
180,Ozone Park,20,10,1,22.403333333333332,27.883333333333333,0.1,2026-02,unreliable_trip_rate,0.0,1.0,0.0,0.0,True
192,Queensboro Hill,4,10,1,14.251666666666669,17.4,0.1,2026-02,unreliable_trip_rate,0.0,1.0,0.0,0.0,True
19,Bellerose,22,11,1,17.527272727272727,24.516666666666666,0.09090909090909091,2026-02,unreliable_trip_rate,0.0,1.0,0.0,0.0,True
28,Briarwood/Jamaica Hills,2,11,1,12.433333333333332,17.541666666666668,0.09090909090909091,2026-02,unreliable_trip_rate,0.0,1.0,0.0,0.0,True
147,Longwood,22,11,1,14.831818181818182,17.366666666666667,0.09090909090909091,2026-02,unreliable_trip_rate,0.0,1.0,0.0,0.0,True
167,Morrisania/Melrose,0,11,1,11.97272727272727,15.233333333333333,0.09090909090909091,2026-02,unreliable_trip_rate,0.0,1.0,0.0,0.0,True
196,Rego Park,0,22,2,16.151515151515152,21.433333333333334,0.09090909090909091,2026-02,unreliable_trip_rate,0.0,1.0,0.0,0.0,True
22,Bensonhurst West,22,23,2,15.940579710144927,21.416666666666668,0.08695652173913043,2026-02,unreliable_trip_rate,0.0,1.0,0.0,0.0,True
16,Bayside,0,12,1,16.809722222222224,21.433333333333334,0.08333333333333333,2026-02,unreliable_trip_rate,0.0,1.0,0.0,0.0,True
32,Bronxdale,23,12,1,11.626388888888888,15.791666666666668,0.08333333333333333,2026-02,unreliable_trip_rate,0.0,1.0,0.0,0.0,True
47,Claremont/Bathgate,0,12,1,12.556944444444445,15.233333333333333,0.08333333333333333,2026-02,unreliable_trip_rate,0.0,1.0,0.0,0.0,True
83,Elmhurst/Maspeth,14,24,2,23.14375,38.6,0.08333333333333333,2026-02,unreliable_trip_rate,0.0,1.0,0.0,0.0,True
150,Manhattan Beach,0,12,1,13.751388888888888,20.2,0.08333333333333333,2026-02,unreliable_trip_rate,0.0,1.0,0.0,0.0,True
192,Queensboro Hill,0,12,1,14.365277777777777,21.433333333333334,0.08333333333333333,2026-02,unreliable_trip_rate,0.0,1.0,0.0,0.0,True
192,Queensboro Hill,21,12,1,15.766666666666666,24.983333333333334,0.08333333333333333,2026-02,unreliable_trip_rate,0.0,1.0,0.0,0.0,True
208,Schuylerville/Edgewater Park,4,12,1,16.180555555555554,19.833333333333332,0.08333333333333333,2026-02,unreliable_trip_rate,0.0,1.0,0.0,0.0,True
16,Bayside,21,13,1,17.3025641025641,24.983333333333334,0.07692307692307693,2026-02,unreliable_trip_rate,0.0,1.0,0.0,0.0,True
34,Brooklyn Navy Yard,21,13,1,17.23974358974359,22.083333333333332,0.07692307692307693,2026-02,unreliable_trip_rate,0.0,1.0,0.0,0.0,True
54,Columbia Street,14,13,1,19.784615384615385,28.866666666666667,0.07692307692307693,2026-02,unreliable_trip_rate,0.0,1.0,0.0,0.0,True
54,Columbia Street,19,26,2,17.63653846153846,22.833333333333332,0.07692307692307693,2026-02,unreliable_trip_rate,0.0,1.0,0.0,0.0,True
101,Glen Oaks,20,13,1,22.378205128205124,27.883333333333333,0.07692307692307693,2026-02,unreliable_trip_rate,0.0,1.0,0.0,0.0,True
102,Glendale,14,26,2,21.639102564102565,38.6,0.07692307692307693,2026-02,unreliable_trip_rate,0.0,1.0,0.0,0.0,True
135,Kew Gardens Hills,14,26,2,25.59423076923077,38.6,0.07692307692307693,2026-02,unreliable_trip_rate,0.0,1.0,0.0,0.0,True
135,Kew Gardens Hills,20,13,1,24.493589743589745,27.883333333333333,0.07692307692307693,2026-02,unreliable_trip_rate,0.0,1.0,0.0,0.0,True
175,Oakland Gardens,14,13,1,18.797435897435896,38.6,0.07692307692307693,2026-02,unreliable_trip_rate,0.0,1.0,0.0,0.0,True
180,Ozone Park,18,26,2,20.541025641025644,31.483333333333334,0.07692307692307693,2026-02,unreliable_trip_rate,0.0,1.0,0.0,0.0,True
197,Richmond Hill,2,26,2,15.151923076923076,17.541666666666668,0.07692307692307693,2026-02,unreliable_trip_rate,0.0,1.0,0.0,0.0,True
93,Flushing Meadows-Corona Park,21,27,2,19.462962962962962,24.983333333333334,0.07407407407407407,2026-02,unreliable_trip_rate,0.0,1.0,0.0,0.0,True
160,Middle Village,20,27,2,20.990123456790123,27.883333333333333,0.07407407407407407,2026-02,unreliable_trip_rate,0.0,1.0,0.0,0.0,True
52,Cobble Hill,6,28,2,24.416071428571428,28.933333333333334,0.07142857142857142,2026-02,unreliable_trip_rate,0.0,1.0,0.0,0.0,True
83,Elmhurst/Maspeth,22,28,2,17.232738095238094,24.516666666666666,0.07142857142857142,2026-02,unreliable_trip_rate,0.0,1.0,0.0,0.0,True
101,Glen Oaks,0,14,1,19.398809523809522,21.433333333333334,0.07142857142857142,2026-02,unreliable_trip_rate,0.0,1.0,0.0,0.0,True
106,Gowanus,5,14,1,18.39761904761905,23.483333333333334,0.07142857142857142,2026-02,unreliable_trip_rate,0.0,1.0,0.0,0.0,True
131,Jamaica Estates,23,14,1,15.082142857142857,22.466666666666665,0.07142857142857142,2026-02,unreliable_trip_rate,0.0,1.0,0.0,0.0,True
180,Ozone Park,0,14,1,16.217857142857145,21.433333333333334,0.07142857142857142,2026-02,unreliable_trip_rate,0.0,1.0,0.0,0.0,True
192,Queensboro Hill,19,14,1,20.00357142857143,30.15,0.07142857142857142,2026-02,unreliable_trip_rate,0.0,1.0,0.0,0.0,True
95,Forest Hills,1,29,2,13.377011494252873,19.966666666666665,0.06896551724137931,2026-02,unreliable_trip_rate,0.0,1.0,0.0,0.0,True
160,Middle Village,15,29,2,24.144827586206898,41.333333333333336,0.06896551724137931,2026-02,unreliable_trip_rate,0.0,1.0,0.0,0.0,True
53,College Point,16,15,1,30.823333333333334,42.81666666666667,0.06666666666666667,2026-02,unreliable_trip_rate,0.0,1.0,0.0,0.0,True
210,Sheepshead Bay,0,15,1,15.974444444444446,20.2,0.06666666666666667,2026-02,unreliable_trip_rate,0.0,1.0,0.0,0.0,True
171,Murray Hill-Queens,19,16,1,26.245833333333334,30.15,0.0625,2026-02,unreliable_trip_rate,0.0,1.0,0.0,0.0,True
195,Red Hook,5,16,1,17.621875,23.483333333333334,0.0625,2026-02,unreliable_trip_rate,0.0,1.0,0.0,0.0,True
203,Rosedale,23,16,1,16.073958333333334,22.466666666666665,0.0625,2026-02,unreliable_trip_rate,0.0,1.0,0.0,0.0,True
252,Whitestone,15,16,1,25.759375,41.333333333333336,0.0625,2026-02,unreliable_trip_rate,0.0,1.0,0.0,0.0,True
16,Bayside,23,17,1,16.856862745098038,22.466666666666665,0.058823529411764705,2026-02,unreliable_trip_rate,0.0,1.0,0.0,0.0,True
123,Homecrest,22,17,1,10.75686274509804,21.416666666666668,0.058823529411764705,2026-02,unreliable_trip_rate,0.0,1.0,0.0,0.0,True
171,Murray Hill-Queens,22,17,1,17.957843137254905,24.516666666666666,0.058823529411764705,2026-02,unreliable_trip_rate,0.0,1.0,0.0,0.0,True
192,Queensboro Hill,20,17,1,20.423529411764704,27.883333333333333,0.058823529411764705,2026-02,unreliable_trip_rate,0.0,1.0,0.0,0.0,True
15,Bay Terrace/Fort Totten,12,18,1,10.437037037037037,33.38333333333333,0.05555555555555555,2026-02,unreliable_trip_rate,0.0,1.0,0.0,0.0,True
180,Ozone Park,13,18,1,29.897222222222222,35.86666666666667,0.05555555555555555,2026-02,unreliable_trip_rate,0.0,1.0,0.0,0.0,True
53,College Point,14,19,1,25.5859649122807,38.6,0.05263157894736842,2026-02,unreliable_trip_rate,0.0,1.0,0.0,0.0,True
83,Elmhurst/Maspeth,1,19,1,14.06578947368421,19.966666666666665,0.05263157894736842,2026-02,unreliable_trip_rate,0.0,1.0,0.0,0.0,True
160,Middle Village,13,20,1,25.455000000000002,35.86666666666667,0.05,2026-02,unreliable_trip_rate,0.0,1.0,0.0,0.0,True
180,Ozone Park,15,20,1,21.09916666666667,41.333333333333336,0.05,2026-02,unreliable_trip_rate,0.0,1.0,0.0,0.0,True
83,Elmhurst/Maspeth,5,21,1,13.892063492063492,20.25,0.047619047619047616,2026-02,unreliable_trip_rate,0.0,1.0,0.0,0.0,True
53,College Point,18,22,1,19.3530303030303,31.483333333333334,0.045454545454545456,2026-02,unreliable_trip_rate,0.0,1.0,0.0,0.0,True
173,North Corona,16,22,1,29.641666666666666,42.81666666666667,0.045454545454545456,2026-02,unreliable_trip_rate,0.0,1.0,0.0,0.0,True
252,Whitestone,14,22,1,24.08409090909091,38.6,0.045454545454545456,2026-02,unreliable_trip_rate,0.0,1.0,0.0,0.0,True
53,College Point,19,23,1,24.655797101449277,30.15,0.043478260869565216,2026-02,unreliable_trip_rate,0.0,1.0,0.0,0.0,True
93,Flushing Meadows-Corona Park,14,23,1,25.28768115942029,38.6,0.043478260869565216,2026-02,unreliable_trip_rate,0.0,1.0,0.0,0.0,True
124,Howard Beach,20,23,1,21.44782608695652,27.883333333333333,0.043478260869565216,2026-02,unreliable_trip_rate,0.0,1.0,0.0,0.0,True
9,Auburndale,11,24,1,14.033333333333333,33.56666666666667,0.041666666666666664,2026-02,unreliable_trip_rate,0.0,1.0,0.0,0.0,True
157,Maspeth,0,24,1,15.734027777777778,21.433333333333334,0.041666666666666664,2026-02,unreliable_trip_rate,0.0,1.0,0.0,0.0,True
192,Queensboro Hill,23,24,1,14.459027777777777,22.466666666666665,0.041666666666666664,2026-02,unreliable_trip_rate,0.0,1.0,0.0,0.0,True
207,Saint Michaels Cemetery/Woodside,9,24,1,6.311111111111111,33.53333333333333,0.041666666666666664,2026-02,unreliable_trip_rate,0.0,1.0,0.0,0.0,True
131,Jamaica Estates,16,27,1,25.09506172839506,42.81666666666667,0.037037037037037035,2026-02,unreliable_trip_rate,0.0,1.0,0.0,0.0,True
56,Corona,13,29,1,25.408620689655173,35.86666666666667,0.034482758620689655,2026-02,unreliable_trip_rate,0.0,1.0,0.0,0.0,True
160,Middle Village,14,29,1,23.05287356321839,38.6,0.034482758620689655,2026-02,unreliable_trip_rate,0.0,1.0,0.0,0.0,True
1,Newark Airport,4,1,0,7.666666666666667,13.2,0.0,2026-02,unreliable_trip_rate,1.0,0.0,0.0,0.0,True
1,Newark Airport,5,3,0,1.8444444444444443,13.666666666666666,0.0,2026-02,unreliable_trip_rate,1.0,0.0,0.0,0.0,True
1,Newark Airport,9,1,0,3.1333333333333333,14.783333333333333,0.0,2026-02,unreliable_trip_rate,1.0,0.0,0.0,0.0,True
1,Newark Airport,11,1,0,1.15,14.983333333333333,0.0,2026-02,unreliable_trip_rate,1.0,0.0,0.0,0.0,True
1,Newark Airport,12,1,0,1.5666666666666667,15.133333333333333,0.0,2026-02,unreliable_trip_rate,1.0,0.0,0.0,0.0,True
1,Newark Airport,15,2,0,4.033333333333333,15.65,0.0,2026-02,unreliable_trip_rate,1.0,0.0,0.0,0.0,True
2,Jamaica Bay,1,1,0,6.583333333333333,19.966666666666665,0.0,2026-02,unreliable_trip_rate,0.0,1.0,0.0,0.0,True
2,Jamaica Bay,10,2,0,14.25,33.733333333333334,0.0,2026-02,unreliable_trip_rate,0.0,1.0,0.0,0.0,True
2,Jamaica Bay,15,1,0,17.233333333333334,41.333333333333336,0.0,2026-02,unreliable_trip_rate,0.0,1.0,0.0,0.0,True
2,Jamaica Bay,18,1,0,34.0,31.483333333333334,0.0,2026-02,unreliable_trip_rate,0.0,1.0,0.0,0.0,True
2,Jamaica Bay,19,1,0,6.916666666666667,30.15,0.0,2026-02,unreliable_trip_rate,0.0,1.0,0.0,0.0,True
3,Allerton/Pelham Gardens,1,2,0,11.258333333333333,14.941666666666666,0.0,2026-02,unreliable_trip_rate,0.0,1.0,0.0,0.0,True
3,Allerton/Pelham Gardens,3,2,0,10.5,16.46666666666667,0.0,2026-02,unreliable_trip_rate,0.0,1.0,0.0,0.0,True
6,Arrochar/Fort Wadsworth,3,1,0,8.466666666666667,11.883333333333333,0.0,2026-02,unreliable_trip_rate,1.0,0.0,0.0,0.0,True
6,Arrochar/Fort Wadsworth,7,5,0,22.003333333333334,29.058333333333334,0.0,2026-02,unreliable_trip_rate,0.0,1.0,0.0,0.0,True
6,Arrochar/Fort Wadsworth,9,1,0,10.15,14.783333333333333,0.0,2026-02,unreliable_trip_rate,1.0,0.0,0.0,0.0,True
6,Arrochar/Fort Wadsworth,11,1,0,13.25,14.983333333333333,0.0,2026-02,unreliable_trip_rate,1.0,0.0,0.0,0.0,True
6,Arrochar/Fort Wadsworth,17,4,0,18.833333333333332,21.200000000000003,0.0,2026-02,unreliable_trip_rate,0.0,1.0,0.0,0.0,True
6,Arrochar/Fort Wadsworth,19,2,0,7.516666666666666,13.766666666666667,0.0,2026-02,unreliable_trip_rate,1.0,0.0,0.0,0.0,True
6,Arrochar/Fort Wadsworth,21,2,0,7.783333333333333,13.716666666666667,0.0,2026-02,unreliable_trip_rate,1.0,0.0,0.0,0.0,True
8,Astoria Park,0,1,0,14.366666666666667,21.433333333333334,0.0,2026-02,unreliable_trip_rate,0.0,1.0,0.0,0.0,True
8,Astoria Park,6,1,0,16.066666666666666,26.34166666666667,0.0,2026-02,unreliable_trip_rate,0.0,1.0,0.0,0.0,True
8,Astoria Park,7,1,0,11.533333333333333,30.4,0.0,2026-02,unreliable_trip_rate,0.0,1.0,0.0,0.0,True
8,Astoria Park,8,2,0,5.083333333333333,33.65,0.0,2026-02,unreliable_trip_rate,0.0,1.0,0.0,0.0,True
8,Astoria Park,10,2,0,27.7,33.733333333333334,0.0,2026-02,unreliable_trip_rate,0.0,1.0,0.0,0.0,True
8,Astoria Park,11,2,0,32.40833333333333,33.56666666666667,0.0,2026-02,unreliable_trip_rate,0.0,1.0,0.0,0.0,True
8,Astoria Park,12,1,0,32.15,33.38333333333333,0.0,2026-02,unreliable_trip_rate,0.0,1.0,0.0,0.0,True
8,Astoria Park,13,1,0,23.766666666666666,35.86666666666667,0.0,2026-02,unreliable_trip_rate,0.0,1.0,0.0,0.0,True
8,Astoria Park,14,1,0,23.05,38.6,0.0,2026-02,unreliable_trip_rate,0.0,1.0,0.0,0.0,True
8,Astoria Park,15,2,0,10.941666666666666,41.333333333333336,0.0,2026-02,unreliable_trip_rate,0.0,1.0,0.0,0.0,True
8,Astoria Park,16,2,0,8.933333333333334,42.81666666666667,0.0,2026-02,unreliable_trip_rate,0.0,1.0,0.0,0.0,True
8,Astoria Park,18,2,0,29.566666666666666,31.483333333333334,0.0,2026-02,unreliable_trip_rate,0.0,1.0,0.0,0.0,True
8,Astoria Park,19,2,0,6.883333333333333,30.15,0.0,2026-02,unreliable_trip_rate,0.0,1.0,0.0,0.0,True
8,Astoria Park,20,2,0,22.741666666666667,27.883333333333333,0.0,2026-02,unreliable_trip_rate,0.0,1.0,0.0,0.0,True
8,Astoria Park,21,3,0,13.655555555555557,24.983333333333334,0.0,2026-02,unreliable_trip_rate,0.0,1.0,0.0,0.0,True
8,Astoria Park,22,1,0,26.733333333333334,24.516666666666666,0.0,2026-02,unreliable_trip_rate,0.0,1.0,0.0,0.0,True
8,Astoria Park,23,2,0,10.016666666666666,22.466666666666665,0.0,2026-02,unreliable_trip_rate,0.0,1.0,0.0,0.0,True
9,Auburndale,1,1,0,15.083333333333334,19.966666666666665,0.0,2026-02,unreliable_trip_rate,0.0,1.0,0.0,0.0,True
9,Auburndale,12,1,0,4.433333333333334,33.38333333333333,0.0,2026-02,unreliable_trip_rate,0.0,1.0,0.0,0.0,True
9,Auburndale,13,4,0,29.5125,35.86666666666667,0.0,2026-02,unreliable_trip_rate,0.0,1.0,0.0,0.0,True
9,Auburndale,15,5,0,25.376666666666665,41.333333333333336,0.0,2026-02,unreliable_trip_rate,0.0,1.0,0.0,0.0,True
9,Auburndale,16,5,0,26.413333333333334,42.81666666666667,0.0,2026-02,unreliable_trip_rate,0.0,1.0,0.0,0.0,True
9,Auburndale,21,6,0,15.713888888888889,24.983333333333334,0.0,2026-02,unreliable_trip_rate,0.0,1.0,0.0,0.0,True
9,Auburndale,22,6,0,11.547222222222222,24.516666666666666,0.0,2026-02,unreliable_trip_rate,0.0,1.0,0.0,0.0,True
9,Auburndale,23,1,0,9.183333333333334,22.466666666666665,0.0,2026-02,unreliable_trip_rate,0.0,1.0,0.0,0.0,True
11,Bath Beach,1,1,0,11.533333333333333,19.716666666666665,0.0,2026-02,unreliable_trip_rate,0.0,1.0,0.0,0.0,True
11,Bath Beach,21,4,0,19.8375,22.083333333333332,0.0,2026-02,unreliable_trip_rate,0.0,1.0,0.0,0.0,True
12,Battery Park,2,2,0,7.316666666666666,11.533333333333333,0.0,2026-02,unreliable_trip_rate,0.0,1.0,0.0,0.0,True
12,Battery Park,3,1,0,13.616666666666667,11.0,0.0,2026-02,unreliable_trip_rate,0.0,1.0,0.0,0.0,True
15,Bay Terrace/Fort Totten,0,1,0,18.166666666666668,21.433333333333334,0.0,2026-02,unreliable_trip_rate,0.0,1.0,0.0,0.0,True
15,Bay Terrace/Fort Totten,1,3,0,16.03333333333333,19.966666666666665,0.0,2026-02,unreliable_trip_rate,0.0,1.0,0.0,0.0,True
15,Bay Terrace/Fort Totten,4,3,0,5.033333333333333,17.4,0.0,2026-02,unreliable_trip_rate,0.0,1.0,0.0,0.0,True
15,Bay Terrace/Fort Totten,18,1,0,21.516666666666666,31.483333333333334,0.0,2026-02,unreliable_trip_rate,0.0,1.0,0.0,0.0,True
15,Bay Terrace/Fort Totten,19,4,0,14.383333333333333,30.15,0.0,2026-02,unreliable_trip_rate,0.0,1.0,0.0,0.0,True
15,Bay Terrace/Fort Totten,21,9,0,17.353703703703705,24.983333333333334,0.0,2026-02,unreliable_trip_rate,0.0,1.0,0.0,0.0,True
15,Bay Terrace/Fort Totten,22,7,0,18.014285714285712,24.516666666666666,0.0,2026-02,unreliable_trip_rate,0.0,1.0,0.0,0.0,True
16,Bayside,1,5,0,12.733333333333334,19.966666666666665,0.0,2026-02,unreliable_trip_rate,0.0,1.0,0.0,0.0,True
16,Bayside,22,10,0,15.794999999999998,24.516666666666666,0.0,2026-02,unreliable_trip_rate,0.0,1.0,0.0,0.0,True
18,Bedford Park,3,2,0,13.825000000000001,16.46666666666667,0.0,2026-02,unreliable_trip_rate,0.0,1.0,0.0,0.0,True
19,Bellerose,1,5,0,13.36,19.966666666666665,0.0,2026-02,unreliable_trip_rate,0.0,1.0,0.0,0.0,True
19,Bellerose,21,4,0,9.383333333333333,24.983333333333334,0.0,2026-02,unreliable_trip_rate,0.0,1.0,0.0,0.0,True
20,Belmont,1,3,0,13.577777777777778,14.941666666666666,0.0,2026-02,unreliable_trip_rate,0.0,1.0,0.0,0.0,True
21,Bensonhurst East,2,4,0,11.279166666666667,19.025,0.0,2026-02,unreliable_trip_rate,0.0,1.0,0.0,0.0,True
23,Bloomfield/Emerson Hill,10,1,0,13.45,14.733333333333333,0.0,2026-02,unreliable_trip_rate,1.0,0.0,0.0,0.0,True
23,Bloomfield/Emerson Hill,22,1,0,15.2,13.833333333333334,0.0,2026-02,unreliable_trip_rate,1.0,0.0,0.0,0.0,True
26,Borough Park,3,4,0,10.4625,18.966666666666665,0.0,2026-02,unreliable_trip_rate,0.0,1.0,0.0,0.0,True
27,Breezy Point/Fort Tilden/Riis Beach,0,1,0,11.966666666666667,21.433333333333334,0.0,2026-02,unreliable_trip_rate,0.0,1.0,0.0,0.0,True
27,Breezy Point/Fort Tilden/Riis Beach,8,1,0,34.13333333333333,33.65,0.0,2026-02,unreliable_trip_rate,0.0,1.0,0.0,0.0,True
27,Breezy Point/Fort Tilden/Riis Beach,11,2,0,25.958333333333336,33.56666666666667,0.0,2026-02,unreliable_trip_rate,0.0,1.0,0.0,0.0,True
27,Breezy Point/Fort Tilden/Riis Beach,19,1,0,32.86666666666667,30.15,0.0,2026-02,unreliable_trip_rate,0.0,1.0,0.0,0.0,True
27,Breezy Point/Fort Tilden/Riis Beach,20,1,0,5.816666666666666,27.883333333333333,0.0,2026-02,unreliable_trip_rate,0.0,1.0,0.0,0.0,True
27,Breezy Point/Fort Tilden/Riis Beach,21,1,0,26.85,24.983333333333334,0.0,2026-02,unreliable_trip_rate,0.0,1.0,0.0,0.0,True
29,Brighton Beach,1,2,0,11.983333333333334,19.716666666666665,0.0,2026-02,unreliable_trip_rate,0.0,1.0,0.0,0.0,True
30,Broad Channel,0,1,0,15.65,21.433333333333334,0.0,2026-02,unreliable_trip_rate,0.0,1.0,0.0,0.0,True
30,Broad Channel,1,3,0,13.611111111111109,19.966666666666665,0.0,2026-02,unreliable_trip_rate,0.0,1.0,0.0,0.0,True
30,Broad Channel,2,1,0,13.616666666666667,17.541666666666668,0.0,2026-02,unreliable_trip_rate,0.0,1.0,0.0,0.0,True
30,Broad Channel,5,2,0,21.766666666666666,20.25,0.0,2026-02,unreliable_trip_rate,0.0,1.0,0.0,0.0,True
30,Broad Channel,9,1,0,29.7,33.53333333333333,0.0,2026-02,unreliable_trip_rate,0.0,1.0,0.0,0.0,True
30,Broad Channel,10,1,0,16.683333333333334,33.733333333333334,0.0,2026-02,unreliable_trip_rate,0.0,1.0,0.0,0.0,True
30,Broad Channel,13,1,0,31.966666666666665,35.86666666666667,0.0,2026-02,unreliable_trip_rate,0.0,1.0,0.0,0.0,True
30,Broad Channel,14,2,0,18.383333333333333,38.6,0.0,2026-02,unreliable_trip_rate,0.0,1.0,0.0,0.0,True
30,Broad Channel,15,3,0,26.822222222222223,41.333333333333336,0.0,2026-02,unreliable_trip_rate,0.0,1.0,0.0,0.0,True
30,Broad Channel,16,1,0,11.933333333333334,42.81666666666667,0.0,2026-02,unreliable_trip_rate,0.0,1.0,0.0,0.0,True
30,Broad Channel,20,1,0,8.15,27.883333333333333,0.0,2026-02,unreliable_trip_rate,0.0,1.0,0.0,0.0,True
30,Broad Channel,22,1,0,14.4,24.516666666666666,0.0,2026-02,unreliable_trip_rate,0.0,1.0,0.0,0.0,True
31,Bronx Park,1,1,0,9.5,14.941666666666666,0.0,2026-02,unreliable_trip_rate,0.0,1.0,0.0,0.0,True
31,Bronx Park,2,1,0,12.983333333333333,14.05,0.0,2026-02,unreliable_trip_rate,0.0,1.0,0.0,0.0,True
31,Bronx Park,10,3,0,33.78888888888889,35.916666666666664,0.0,2026-02,unreliable_trip_rate,0.0,1.0,0.0,0.0,True
31,Bronx Park,11,4,0,21.84583333333333,36.05,0.0,2026-02,unreliable_trip_rate,0.0,1.0,0.0,0.0,True
31,Bronx Park,19,1,0,16.15,20.7,0.0,2026-02,unreliable_trip_rate,0.0,1.0,0.0,0.0,True
31,Bronx Park,23,2,0,4.866666666666667,15.791666666666668,0.0,2026-02,unreliable_trip_rate,0.0,1.0,0.0,0.0,True
32,Bronxdale,2,1,0,7.333333333333333,14.05,0.0,2026-02,unreliable_trip_rate,0.0,1.0,0.0,0.0,True
34,Brooklyn Navy Yard,6,10,0,20.52166666666667,28.933333333333334,0.0,2026-02,unreliable_trip_rate,0.0,1.0,0.0,0.0,True
34,Brooklyn Navy Yard,7,5,0,21.75,29.641666666666666,0.0,2026-02,unreliable_trip_rate,0.0,1.0,0.0,0.0,True
34,Brooklyn Navy Yard,10,4,0,15.9375,28.716666666666665,0.0,2026-02,unreliable_trip_rate,0.0,1.0,0.0,0.0,True
38,Cambria Heights,0,3,0,4.194444444444444,21.433333333333334,0.0,2026-02,unreliable_trip_rate,0.0,1.0,0.0,0.0,True
38,Cambria Heights,3,1,0,6.95,16.966666666666665,0.0,2026-02,unreliable_trip_rate,0.0,1.0,0.0,0.0,True
40,Carroll Gardens,3,5,0,12.953333333333333,18.966666666666665,0.0,2026-02,unreliable_trip_rate,0.0,1.0,0.0,0.0,True
46,City Island,4,1,0,13.716666666666667,19.833333333333332,0.0,2026-02,unreliable_trip_rate,0.0,1.0,0.0,0.0,True
46,City Island,7,1,0,40.983333333333334,32.833333333333336,0.0,2026-02,unreliable_trip_rate,0.0,1.0,0.0,0.0,True
46,City Island,8,2,0,21.758333333333333,32.141666666666666,0.0,2026-02,unreliable_trip_rate,0.0,1.0,0.0,0.0,True
46,City Island,15,1,0,32.93333333333333,30.266666666666666,0.0,2026-02,unreliable_trip_rate,0.0,1.0,0.0,0.0,True
46,City Island,18,2,0,19.258333333333333,23.225,0.0,2026-02,unreliable_trip_rate,0.0,1.0,0.0,0.0,True
46,City Island,23,1,0,14.25,15.791666666666668,0.0,2026-02,unreliable_trip_rate,0.0,1.0,0.0,0.0,True
52,Cobble Hill,3,4,0,13.45,18.966666666666665,0.0,2026-02,unreliable_trip_rate,0.0,1.0,0.0,0.0,True
53,College Point,3,8,0,14.774999999999999,16.966666666666665,0.0,2026-02,unreliable_trip_rate,0.0,1.0,0.0,0.0,True
53,College Point,20,22,0,23.30151515151515,27.883333333333333,0.0,2026-02,unreliable_trip_rate,0.0,1.0,0.0,0.0,True
54,Columbia Street,0,15,0,16.875555555555554,20.2,0.0,2026-02,unreliable_trip_rate,0.0,1.0,0.0,0.0,True
54,Columbia Street,2,3,0,16.461111111111112,19.025,0.0,2026-02,unreliable_trip_rate,0.0,1.0,0.0,0.0,True
54,Columbia Street,3,2,0,11.658333333333333,18.966666666666665,0.0,2026-02,unreliable_trip_rate,0.0,1.0,0.0,0.0,True
54,Columbia Street,12,8,0,22.672916666666666,29.283333333333335,0.0,2026-02,unreliable_trip_rate,0.0,1.0,0.0,0.0,True
55,Coney Island,2,3,0,12.488888888888889,19.025,0.0,2026-02,unreliable_trip_rate,0.0,1.0,0.0,0.0,True
57,Corona,0,4,0,13.391666666666666,21.433333333333334,0.0,2026-02,unreliable_trip_rate,0.0,1.0,0.0,0.0,True
57,Corona,4,7,0,11.916666666666666,17.4,0.0,2026-02,unreliable_trip_rate,0.0,1.0,0.0,0.0,True
57,Corona,7,2,0,11.958333333333332,30.4,0.0,2026-02,unreliable_trip_rate,0.0,1.0,0.0,0.0,True
57,Corona,8,4,0,25.870833333333334,33.65,0.0,2026-02,unreliable_trip_rate,0.0,1.0,0.0,0.0,True
57,Corona,11,1,0,20.516666666666666,33.56666666666667,0.0,2026-02,unreliable_trip_rate,0.0,1.0,0.0,0.0,True
57,Corona,12,4,0,23.0125,33.38333333333333,0.0,2026-02,unreliable_trip_rate,0.0,1.0,0.0,0.0,True
57,Corona,13,1,0,20.783333333333335,35.86666666666667,0.0,2026-02,unreliable_trip_rate,0.0,1.0,0.0,0.0,True
57,Corona,14,4,0,15.125,38.6,0.0,2026-02,unreliable_trip_rate,0.0,1.0,0.0,0.0,True
57,Corona,15,1,0,5.366666666666666,41.333333333333336,0.0,2026-02,unreliable_trip_rate,0.0,1.0,0.0,0.0,True
57,Corona,18,1,0,34.45,31.483333333333334,0.0,2026-02,unreliable_trip_rate,0.0,1.0,0.0,0.0,True
57,Corona,19,3,0,21.25,30.15,0.0,2026-02,unreliable_trip_rate,0.0,1.0,0.0,0.0,True
57,Corona,20,2,0,21.233333333333334,27.883333333333333,0.0,2026-02,unreliable_trip_rate,0.0,1.0,0.0,0.0,True
57,Corona,21,2,0,19.416666666666668,24.983333333333334,0.0,2026-02,unreliable_trip_rate,0.0,1.0,0.0,0.0,True
57,Corona,23,4,0,11.541666666666668,22.466666666666665,0.0,2026-02,unreliable_trip_rate,0.0,1.0,0.0,0.0,True
58,Country Club,15,1,0,22.183333333333334,30.266666666666666,0.0,2026-02,unreliable_trip_rate,0.0,1.0,0.0,0.0,True
58,Country Club,16,1,0,26.783333333333335,30.883333333333333,0.0,2026-02,unreliable_trip_rate,0.0,1.0,0.0,0.0,True
58,Country Club,18,2,0,23.25,23.225,0.0,2026-02,unreliable_trip_rate,0.0,1.0,0.0,0.0,True
59,Crotona Park,2,1,0,4.833333333333333,14.05,0.0,2026-02,unreliable_trip_rate,0.0,1.0,0.0,0.0,True
59,Crotona Park,13,1,0,25.8,32.1,0.0,2026-02,unreliable_trip_rate,0.0,1.0,0.0,0.0,True
59,Crotona Park,15,1,0,22.183333333333334,30.266666666666666,0.0,2026-02,unreliable_trip_rate,0.0,1.0,0.0,0.0,True
59,Crotona Park,17,2,0,20.625,27.008333333333333,0.0,2026-02,unreliable_trip_rate,0.0,1.0,0.0,0.0,True
59,Crotona Park,19,1,0,20.116666666666667,20.7,0.0,2026-02,unreliable_trip_rate,0.0,1.0,0.0,0.0,True
60,Crotona Park East,1,3,0,11.761111111111111,14.941666666666666,0.0,2026-02,unreliable_trip_rate,0.0,1.0,0.0,0.0,True
64,Douglaston,0,4,0,13.945833333333333,21.433333333333334,0.0,2026-02,unreliable_trip_rate,0.0,1.0,0.0,0.0,True
64,Douglaston,1,2,0,12.333333333333334,19.966666666666665,0.0,2026-02,unreliable_trip_rate,0.0,1.0,0.0,0.0,True
64,Douglaston,3,2,0,6.183333333333334,16.966666666666665,0.0,2026-02,unreliable_trip_rate,0.0,1.0,0.0,0.0,True
64,Douglaston,14,8,0,19.52916666666667,38.6,0.0,2026-02,unreliable_trip_rate,0.0,1.0,0.0,0.0,True
64,Douglaston,19,8,0,18.35,30.15,0.0,2026-02,unreliable_trip_rate,0.0,1.0,0.0,0.0,True
64,Douglaston,20,14,0,17.708333333333332,27.883333333333333,0.0,2026-02,unreliable_trip_rate,0.0,1.0,0.0,0.0,True
64,Douglaston,22,9,0,20.024074074074075,24.516666666666666,0.0,2026-02,unreliable_trip_rate,0.0,1.0,0.0,0.0,True
67,Dyker Heights,0,3,0,15.222222222222221,20.2,0.0,2026-02,unreliable_trip_rate,0.0,1.0,0.0,0.0,True
67,Dyker Heights,4,2,0,4.25,19.583333333333332,0.0,2026-02,unreliable_trip_rate,0.0,1.0,0.0,0.0,True
67,Dyker Heights,21,8,0,14.310416666666667,22.083333333333332,0.0,2026-02,unreliable_trip_rate,0.0,1.0,0.0,0.0,True
73,East Flushing,0,3,0,12.75,21.433333333333334,0.0,2026-02,unreliable_trip_rate,0.0,1.0,0.0,0.0,True
73,East Flushing,1,4,0,19.979166666666664,19.966666666666665,0.0,2026-02,unreliable_trip_rate,0.0,1.0,0.0,0.0,True
73,East Flushing,3,3,0,8.844444444444445,16.966666666666665,0.0,2026-02,unreliable_trip_rate,0.0,1.0,0.0,0.0,True
73,East Flushing,14,8,0,25.320833333333333,38.6,0.0,2026-02,unreliable_trip_rate,0.0,1.0,0.0,0.0,True
73,East Flushing,17,2,0,29.166666666666664,36.35,0.0,2026-02,unreliable_trip_rate,0.0,1.0,0.0,0.0,True
73,East Flushing,18,15,0,18.754444444444445,31.483333333333334,0.0,2026-02,unreliable_trip_rate,0.0,1.0,0.0,0.0,True
73,East Flushing,22,5,0,18.75,24.516666666666666,0.0,2026-02,unreliable_trip_rate,0.0,1.0,0.0,0.0,True
77,East New York/Pennsylvania Avenue,1,2,0,9.141666666666666,19.716666666666665,0.0,2026-02,unreliable_trip_rate,0.0,1.0,0.0,0.0,True
78,East Tremont,1,8,0,11.816666666666666,14.941666666666666,0.0,2026-02,unreliable_trip_rate,0.0,1.0,0.0,0.0,True
81,Eastchester,0,2,0,14.108333333333334,15.233333333333333,0.0,2026-02,unreliable_trip_rate,0.0,1.0,0.0,0.0,True
84,Eltingville/Annadale/Prince's Bay,6,1,0,20.833333333333332,24.791666666666664,0.0,2026-02,unreliable_trip_rate,0.0,1.0,0.0,0.0,True
84,Eltingville/Annadale/Prince's Bay,18,1,0,7.533333333333333,14.1,0.0,2026-02,unreliable_trip_rate,1.0,0.0,0.0,0.0,True
86,Far Rockaway,1,4,0,17.8375,19.966666666666665,0.0,2026-02,unreliable_trip_rate,0.0,1.0,0.0,0.0,True
91,Flatlands,2,4,0,12.070833333333333,19.025,0.0,2026-02,unreliable_trip_rate,0.0,1.0,0.0,0.0,True
93,Flushing Meadows-Corona Park,1,5,0,12.053333333333333,19.966666666666665,0.0,2026-02,unreliable_trip_rate,0.0,1.0,0.0,0.0,True
93,Flushing Meadows-Corona Park,2,2,0,9.4,17.541666666666668,0.0,2026-02,unreliable_trip_rate,0.0,1.0,0.0,0.0,True
93,Flushing Meadows-Corona Park,3,3,0,11.016666666666666,16.966666666666665,0.0,2026-02,unreliable_trip_rate,0.0,1.0,0.0,0.0,True
93,Flushing Meadows-Corona Park,20,22,0,18.052272727272726,27.883333333333333,0.0,2026-02,unreliable_trip_rate,0.0,1.0,0.0,0.0,True
94,Fordham South,2,2,0,11.225,14.05,0.0,2026-02,unreliable_trip_rate,0.0,1.0,0.0,0.0,True
94,Fordham South,3,1,0,18.75,16.46666666666667,0.0,2026-02,unreliable_trip_rate,0.0,1.0,0.0,0.0,True
94,Fordham South,22,8,0,11.560416666666667,17.366666666666667,0.0,2026-02,unreliable_trip_rate,0.0,1.0,0.0,0.0,True
96,Forest Park/Highland Park,1,1,0,17.7,19.966666666666665,0.0,2026-02,unreliable_trip_rate,0.0,1.0,0.0,0.0,True
96,Forest Park/Highland Park,3,2,0,11.133333333333333,16.966666666666665,0.0,2026-02,unreliable_trip_rate,0.0,1.0,0.0,0.0,True
96,Forest Park/Highland Park,4,1,0,17.016666666666666,17.4,0.0,2026-02,unreliable_trip_rate,0.0,1.0,0.0,0.0,True
96,Forest Park/Highland Park,13,4,0,18.220833333333335,35.86666666666667,0.0,2026-02,unreliable_trip_rate,0.0,1.0,0.0,0.0,True
96,Forest Park/Highland Park,14,1,0,11.9,38.6,0.0,2026-02,unreliable_trip_rate,0.0,1.0,0.0,0.0,True
96,Forest Park/Highland Park,15,1,0,18.383333333333333,41.333333333333336,0.0,2026-02,unreliable_trip_rate,0.0,1.0,0.0,0.0,True
96,Forest Park/Highland Park,16,4,0,20.883333333333333,42.81666666666667,0.0,2026-02,unreliable_trip_rate,0.0,1.0,0.0,0.0,True
96,Forest Park/Highland Park,17,6,0,24.26111111111111,36.35,0.0,2026-02,unreliable_trip_rate,0.0,1.0,0.0,0.0,True
96,Forest Park/Highland Park,18,3,0,22.027777777777775,31.483333333333334,0.0,2026-02,unreliable_trip_rate,0.0,1.0,0.0,0.0,True
96,Forest Park/Highland Park,19,3,0,15.427777777777777,30.15,0.0,2026-02,unreliable_trip_rate,0.0,1.0,0.0,0.0,True
96,Forest Park/Highland Park,22,1,0,26.1,24.516666666666666,0.0,2026-02,unreliable_trip_rate,0.0,1.0,0.0,0.0,True
98,Fresh Meadows,2,2,0,8.091666666666667,17.541666666666668,0.0,2026-02,unreliable_trip_rate,0.0,1.0,0.0,0.0,True
98,Fresh Meadows,13,14,0,16.392857142857142,35.86666666666667,0.0,2026-02,unreliable_trip_rate,0.0,1.0,0.0,0.0,True
98,Fresh Meadows,16,6,0,21.211111111111112,42.81666666666667,0.0,2026-02,unreliable_trip_rate,0.0,1.0,0.0,0.0,True
101,Glen Oaks,1,8,0,19.12291666666667,19.966666666666665,0.0,2026-02,unreliable_trip_rate,0.0,1.0,0.0,0.0,True
101,Glen Oaks,3,1,0,19.333333333333332,16.966666666666665,0.0,2026-02,unreliable_trip_rate,0.0,1.0,0.0,0.0,True
101,Glen Oaks,14,13,0,19.894871794871793,38.6,0.0,2026-02,unreliable_trip_rate,0.0,1.0,0.0,0.0,True
102,Glendale,1,7,0,16.599999999999998,19.966666666666665,0.0,2026-02,unreliable_trip_rate,0.0,1.0,0.0,0.0,True
108,Gravesend,2,2,0,8.399999999999999,19.025,0.0,2026-02,unreliable_trip_rate,0.0,1.0,0.0,0.0,True
109,Great Kills,7,3,0,26.427777777777777,29.058333333333334,0.0,2026-02,unreliable_trip_rate,0.0,1.0,0.0,0.0,True
111,Green-Wood Cemetery,0,1,0,17.733333333333334,20.2,0.0,2026-02,unreliable_trip_rate,0.0,1.0,0.0,0.0,True
111,Green-Wood Cemetery,1,1,0,7.033333333333333,19.716666666666665,0.0,2026-02,unreliable_trip_rate,0.0,1.0,0.0,0.0,True
111,Green-Wood Cemetery,6,1,0,14.983333333333333,28.933333333333334,0.0,2026-02,unreliable_trip_rate,0.0,1.0,0.0,0.0,True
111,Green-Wood Cemetery,9,1,0,10.516666666666667,28.0,0.0,2026-02,unreliable_trip_rate,0.0,1.0,0.0,0.0,True
111,Green-Wood Cemetery,14,3,0,23.672222222222228,28.866666666666667,0.0,2026-02,unreliable_trip_rate,0.0,1.0,0.0,0.0,True
111,Green-Wood Cemetery,16,1,0,23.55,27.583333333333332,0.0,2026-02,unreliable_trip_rate,0.0,1.0,0.0,0.0,True
111,Green-Wood Cemetery,18,2,0,13.025,23.816666666666666,0.0,2026-02,unreliable_trip_rate,0.0,1.0,0.0,0.0,True
111,Green-Wood Cemetery,20,1,0,24.0,22.833333333333332,0.0,2026-02,unreliable_trip_rate,0.0,1.0,0.0,0.0,True
118,Heartland Village/Todt Hill,11,1,0,12.383333333333333,14.983333333333333,0.0,2026-02,unreliable_trip_rate,1.0,0.0,0.0,0.0,True
120,Highbridge Park,0,1,0,4.9,12.233333333333333,0.0,2026-02,unreliable_trip_rate,0.0,1.0,0.0,0.0,True
120,Highbridge Park,1,1,0,4.65,11.95,0.0,2026-02,unreliable_trip_rate,0.0,1.0,0.0,0.0,True
120,Highbridge Park,2,2,0,9.125,11.533333333333333,0.0,2026-02,unreliable_trip_rate,0.0,1.0,0.0,0.0,True
120,Highbridge Park,22,2,0,13.033333333333333,12.866666666666667,0.0,2026-02,unreliable_trip_rate,0.0,1.0,0.0,0.0,True
120,Highbridge Park,23,2,0,4.841666666666667,12.7,0.0,2026-02,unreliable_trip_rate,0.0,1.0,0.0,0.0,True
122,Hollis,0,3,0,13.833333333333334,21.433333333333334,0.0,2026-02,unreliable_trip_rate,0.0,1.0,0.0,0.0,True
122,Hollis,22,6,0,14.463888888888889,24.516666666666666,0.0,2026-02,unreliable_trip_rate,0.0,1.0,0.0,0.0,True
123,Homecrest,1,4,0,9.925,19.716666666666665,0.0,2026-02,unreliable_trip_rate,0.0,1.0,0.0,0.0,True
123,Homecrest,2,1,0,12.616666666666667,19.025,0.0,2026-02,unreliable_trip_rate,0.0,1.0,0.0,0.0,True
123,Homecrest,4,3,0,7.1499999999999995,19.583333333333332,0.0,2026-02,unreliable_trip_rate,0.0,1.0,0.0,0.0,True
126,Hunts Point,3,4,0,13.966666666666667,16.46666666666667,0.0,2026-02,unreliable_trip_rate,0.0,1.0,0.0,0.0,True
128,Inwood Hill Park,1,1,0,13.083333333333334,11.95,0.0,2026-02,unreliable_trip_rate,0.0,1.0,0.0,0.0,True
131,Jamaica Estates,3,5,0,11.790000000000001,16.966666666666665,0.0,2026-02,unreliable_trip_rate,0.0,1.0,0.0,0.0,True
133,Kensington,0,13,0,16.594871794871793,20.2,0.0,2026-02,unreliable_trip_rate,0.0,1.0,0.0,0.0,True
134,Kew Gardens,2,7,0,9.528571428571428,17.541666666666668,0.0,2026-02,unreliable_trip_rate,0.0,1.0,0.0,0.0,True
134,Kew Gardens,20,24,0,15.069444444444445,27.883333333333333,0.0,2026-02,unreliable_trip_rate,0.0,1.0,0.0,0.0,True
134,Kew Gardens,21,17,0,13.989215686274509,24.983333333333334,0.0,2026-02,unreliable_trip_rate,0.0,1.0,0.0,0.0,True
135,Kew Gardens Hills,0,8,0,14.34375,21.433333333333334,0.0,2026-02,unreliable_trip_rate,0.0,1.0,0.0,0.0,True
135,Kew Gardens Hills,1,9,0,12.012962962962964,19.966666666666665,0.0,2026-02,unreliable_trip_rate,0.0,1.0,0.0,0.0,True
135,Kew Gardens Hills,3,6,0,14.113888888888889,16.966666666666665,0.0,2026-02,unreliable_trip_rate,0.0,1.0,0.0,0.0,True
149,Madison,1,2,0,5.699999999999999,19.716666666666665,0.0,2026-02,unreliable_trip_rate,0.0,1.0,0.0,0.0,True
149,Madison,2,3,0,7.433333333333334,19.025,0.0,2026-02,unreliable_trip_rate,0.0,1.0,0.0,0.0,True
150,Manhattan Beach,4,1,0,13.65,19.583333333333332,0.0,2026-02,unreliable_trip_rate,0.0,1.0,0.0,0.0,True
153,Marble Hill,3,1,0,9.366666666666667,11.0,0.0,2026-02,unreliable_trip_rate,0.0,1.0,0.0,0.0,True
154,Marine Park/Floyd Bennett Field,5,1,0,20.633333333333333,23.483333333333334,0.0,2026-02,unreliable_trip_rate,0.0,1.0,0.0,0.0,True
154,Marine Park/Floyd Bennett Field,10,3,0,26.73888888888889,28.716666666666665,0.0,2026-02,unreliable_trip_rate,0.0,1.0,0.0,0.0,True
154,Marine Park/Floyd Bennett Field,14,6,0,17.480555555555558,28.866666666666667,0.0,2026-02,unreliable_trip_rate,0.0,1.0,0.0,0.0,True
154,Marine Park/Floyd Bennett Field,16,3,0,14.066666666666668,27.583333333333332,0.0,2026-02,unreliable_trip_rate,0.0,1.0,0.0,0.0,True
154,Marine Park/Floyd Bennett Field,19,2,0,24.433333333333334,22.833333333333332,0.0,2026-02,unreliable_trip_rate,0.0,1.0,0.0,0.0,True
154,Marine Park/Floyd Bennett Field,20,4,0,9.408333333333335,22.833333333333332,0.0,2026-02,unreliable_trip_rate,0.0,1.0,0.0,0.0,True
154,Marine Park/Floyd Bennett Field,21,2,0,18.433333333333334,22.083333333333332,0.0,2026-02,unreliable_trip_rate,0.0,1.0,0.0,0.0,True
154,Marine Park/Floyd Bennett Field,22,2,0,12.908333333333333,21.416666666666668,0.0,2026-02,unreliable_trip_rate,0.0,1.0,0.0,0.0,True
154,Marine Park/Floyd Bennett Field,23,4,0,10.008333333333335,20.8,0.0,2026-02,unreliable_trip_rate,0.0,1.0,0.0,0.0,True
155,Marine Park/Mill Basin,1,3,0,14.677777777777777,19.716666666666665,0.0,2026-02,unreliable_trip_rate,0.0,1.0,0.0,0.0,True
155,Marine Park/Mill Basin,2,1,0,15.666666666666666,19.025,0.0,2026-02,unreliable_trip_rate,0.0,1.0,0.0,0.0,True
155,Marine Park/Mill Basin,3,2,0,20.133333333333333,18.966666666666665,0.0,2026-02,unreliable_trip_rate,0.0,1.0,0.0,0.0,True
156,Mariners Harbor,17,1,0,15.583333333333334,21.200000000000003,0.0,2026-02,unreliable_trip_rate,0.0,1.0,0.0,0.0,True
160,Middle Village,0,11,0,14.036363636363637,21.433333333333334,0.0,2026-02,unreliable_trip_rate,0.0,1.0,0.0,0.0,True
160,Middle Village,1,6,0,11.819444444444445,19.966666666666665,0.0,2026-02,unreliable_trip_rate,0.0,1.0,0.0,0.0,True
165,Midwood,1,6,0,11.108333333333333,19.716666666666665,0.0,2026-02,unreliable_trip_rate,0.0,1.0,0.0,0.0,True
165,Midwood,3,1,0,13.8,18.966666666666665,0.0,2026-02,unreliable_trip_rate,0.0,1.0,0.0,0.0,True
169,Mount Hope,2,3,0,11.794444444444444,14.05,0.0,2026-02,unreliable_trip_rate,0.0,1.0,0.0,0.0,True
171,Murray Hill-Queens,4,2,0,10.883333333333333,17.4,0.0,2026-02,unreliable_trip_rate,0.0,1.0,0.0,0.0,True
171,Murray Hill-Queens,5,4,0,6.020833333333334,20.25,0.0,2026-02,unreliable_trip_rate,0.0,1.0,0.0,0.0,True
172,New Dorp/Midland Beach,1,2,0,10.75,12.666666666666666,0.0,2026-02,unreliable_trip_rate,1.0,0.0,0.0,0.0,True
172,New Dorp/Midland Beach,5,1,0,7.766666666666667,13.666666666666666,0.0,2026-02,unreliable_trip_rate,1.0,0.0,0.0,0.0,True
172,New Dorp/Midland Beach,11,1,0,12.75,14.983333333333333,0.0,2026-02,unreliable_trip_rate,1.0,0.0,0.0,0.0,True
173,North Corona,13,10,0,25.438333333333333,35.86666666666667,0.0,2026-02,unreliable_trip_rate,0.0,1.0,0.0,0.0,True
173,North Corona,15,15,0,21.11444444444444,41.333333333333336,0.0,2026-02,unreliable_trip_rate,0.0,1.0,0.0,0.0,True
174,Norwood,2,2,0,9.725,14.05,0.0,2026-02,unreliable_trip_rate,0.0,1.0,0.0,0.0,True
175,Oakland Gardens,2,1,0,15.516666666666667,17.541666666666668,0.0,2026-02,unreliable_trip_rate,0.0,1.0,0.0,0.0,True
175,Oakland Gardens,5,1,0,18.7,20.25,0.0,2026-02,unreliable_trip_rate,0.0,1.0,0.0,0.0,True
175,Oakland Gardens,19,1,0,19.383333333333333,30.15,0.0,2026-02,unreliable_trip_rate,0.0,1.0,0.0,0.0,True
175,Oakland Gardens,20,2,0,21.325000000000003,27.883333333333333,0.0,2026-02,unreliable_trip_rate,0.0,1.0,0.0,0.0,True
175,Oakland Gardens,21,7,0,16.214285714285715,24.983333333333334,0.0,2026-02,unreliable_trip_rate,0.0,1.0,0.0,0.0,True
175,Oakland Gardens,22,1,0,8.783333333333333,24.516666666666666,0.0,2026-02,unreliable_trip_rate,0.0,1.0,0.0,0.0,True
176,Oakwood,13,1,0,6.5,15.483333333333333,0.0,2026-02,unreliable_trip_rate,1.0,0.0,0.0,0.0,True
178,Ocean Parkway South,2,1,0,12.15,19.025,0.0,2026-02,unreliable_trip_rate,0.0,1.0,0.0,0.0,True
183,Pelham Bay,3,2,0,10.733333333333333,16.46666666666667,0.0,2026-02,unreliable_trip_rate,0.0,1.0,0.0,0.0,True
183,Pelham Bay,22,7,0,12.166666666666668,17.366666666666667,0.0,2026-02,unreliable_trip_rate,0.0,1.0,0.0,0.0,True
183,Pelham Bay,23,6,0,11.780555555555557,15.791666666666668,0.0,2026-02,unreliable_trip_rate,0.0,1.0,0.0,0.0,True
184,Pelham Bay Park,2,1,0,6.55,14.05,0.0,2026-02,unreliable_trip_rate,0.0,1.0,0.0,0.0,True
184,Pelham Bay Park,5,1,0,15.766666666666667,27.383333333333333,0.0,2026-02,unreliable_trip_rate,0.0,1.0,0.0,0.0,True
184,Pelham Bay Park,9,2,0,27.141666666666666,33.8,0.0,2026-02,unreliable_trip_rate,0.0,1.0,0.0,0.0,True
184,Pelham Bay Park,10,4,0,14.654166666666667,35.916666666666664,0.0,2026-02,unreliable_trip_rate,0.0,1.0,0.0,0.0,True
184,Pelham Bay Park,11,1,0,19.983333333333334,36.05,0.0,2026-02,unreliable_trip_rate,0.0,1.0,0.0,0.0,True
184,Pelham Bay Park,12,1,0,9.966666666666667,33.625,0.0,2026-02,unreliable_trip_rate,0.0,1.0,0.0,0.0,True
184,Pelham Bay Park,13,1,0,33.3,32.1,0.0,2026-02,unreliable_trip_rate,0.0,1.0,0.0,0.0,True
187,Port Richmond,15,1,0,2.7666666666666666,15.65,0.0,2026-02,unreliable_trip_rate,1.0,0.0,0.0,0.0,True
187,Port Richmond,23,1,0,15.883333333333333,13.916666666666666,0.0,2026-02,unreliable_trip_rate,1.0,0.0,0.0,0.0,True
190,Prospect Park,2,1,0,11.0,19.025,0.0,2026-02,unreliable_trip_rate,0.0,1.0,0.0,0.0,True
192,Queensboro Hill,1,4,0,13.016666666666667,19.966666666666665,0.0,2026-02,unreliable_trip_rate,0.0,1.0,0.0,0.0,True
192,Queensboro Hill,2,1,0,16.55,17.541666666666668,0.0,2026-02,unreliable_trip_rate,0.0,1.0,0.0,0.0,True
194,Randalls Island,2,1,0,8.033333333333333,11.533333333333333,0.0,2026-02,unreliable_trip_rate,0.0,1.0,0.0,0.0,True
194,Randalls Island,4,1,0,7.433333333333334,11.4,0.0,2026-02,unreliable_trip_rate,0.0,1.0,0.0,0.0,True
194,Randalls Island,12,3,0,13.244444444444445,13.833333333333334,0.0,2026-02,unreliable_trip_rate,0.0,1.0,0.0,0.0,True
196,Rego Park,2,3,0,11.494444444444445,17.541666666666668,0.0,2026-02,unreliable_trip_rate,0.0,1.0,0.0,0.0,True
199,Rikers Island,20,1,0,22.0,20.783333333333335,0.0,2026-02,unreliable_trip_rate,0.0,1.0,0.0,0.0,True
200,Riverdale/North Riverdale/Fieldston,1,3,0,14.694444444444443,14.941666666666666,0.0,2026-02,unreliable_trip_rate,0.0,1.0,0.0,0.0,True
201,Rockaway Park,1,3,0,3.9333333333333336,19.966666666666665,0.0,2026-02,unreliable_trip_rate,0.0,1.0,0.0,0.0,True
201,Rockaway Park,2,3,0,5.366666666666667,17.541666666666668,0.0,2026-02,unreliable_trip_rate,0.0,1.0,0.0,0.0,True
201,Rockaway Park,3,1,0,10.7,16.966666666666665,0.0,2026-02,unreliable_trip_rate,0.0,1.0,0.0,0.0,True
207,Saint Michaels Cemetery/Woodside,0,2,0,16.666666666666668,21.433333333333334,0.0,2026-02,unreliable_trip_rate,0.0,1.0,0.0,0.0,True
207,Saint Michaels Cemetery/Woodside,1,1,0,15.933333333333334,19.966666666666665,0.0,2026-02,unreliable_trip_rate,0.0,1.0,0.0,0.0,True
207,Saint Michaels Cemetery/Woodside,3,2,0,9.266666666666666,16.966666666666665,0.0,2026-02,unreliable_trip_rate,0.0,1.0,0.0,0.0,True
207,Saint Michaels Cemetery/Woodside,4,1,0,9.316666666666666,17.4,0.0,2026-02,unreliable_trip_rate,0.0,1.0,0.0,0.0,True
207,Saint Michaels Cemetery/Woodside,5,3,0,2.85,20.25,0.0,2026-02,unreliable_trip_rate,0.0,1.0,0.0,0.0,True
207,Saint Michaels Cemetery/Woodside,6,2,0,4.675,26.34166666666667,0.0,2026-02,unreliable_trip_rate,0.0,1.0,0.0,0.0,True
207,Saint Michaels Cemetery/Woodside,7,2,0,16.891666666666666,30.4,0.0,2026-02,unreliable_trip_rate,0.0,1.0,0.0,0.0,True
207,Saint Michaels Cemetery/Woodside,11,13,0,5.175641025641026,33.56666666666667,0.0,2026-02,unreliable_trip_rate,0.0,1.0,0.0,0.0,True
207,Saint Michaels Cemetery/Woodside,12,10,0,10.131666666666666,33.38333333333333,0.0,2026-02,unreliable_trip_rate,0.0,1.0,0.0,0.0,True
207,Saint Michaels Cemetery/Woodside,13,16,0,7.742708333333334,35.86666666666667,0.0,2026-02,unreliable_trip_rate,0.0,1.0,0.0,0.0,True
207,Saint Michaels Cemetery/Woodside,14,13,0,9.79102564102564,38.6,0.0,2026-02,unreliable_trip_rate,0.0,1.0,0.0,0.0,True
207,Saint Michaels Cemetery/Woodside,19,6,0,18.594444444444445,30.15,0.0,2026-02,unreliable_trip_rate,0.0,1.0,0.0,0.0,True
207,Saint Michaels Cemetery/Woodside,20,3,0,20.455555555555556,27.883333333333333,0.0,2026-02,unreliable_trip_rate,0.0,1.0,0.0,0.0,True
207,Saint Michaels Cemetery/Woodside,21,3,0,10.077777777777778,24.983333333333334,0.0,2026-02,unreliable_trip_rate,0.0,1.0,0.0,0.0,True
207,Saint Michaels Cemetery/Woodside,22,5,0,20.883333333333333,24.516666666666666,0.0,2026-02,unreliable_trip_rate,0.0,1.0,0.0,0.0,True
208,Schuylerville/Edgewater Park,3,6,0,12.516666666666666,16.46666666666667,0.0,2026-02,unreliable_trip_rate,0.0,1.0,0.0,0.0,True
210,Sheepshead Bay,2,3,0,13.661111111111111,19.025,0.0,2026-02,unreliable_trip_rate,0.0,1.0,0.0,0.0,True
210,Sheepshead Bay,22,24,0,13.143749999999999,21.416666666666668,0.0,2026-02,unreliable_trip_rate,0.0,1.0,0.0,0.0,True
214,South Beach/Dongan Hills,8,1,0,21.05,29.85,0.0,2026-02,unreliable_trip_rate,0.0,1.0,0.0,0.0,True
214,South Beach/Dongan Hills,11,1,0,17.733333333333334,14.983333333333333,0.0,2026-02,unreliable_trip_rate,1.0,0.0,0.0,0.0,True
214,South Beach/Dongan Hills,14,1,0,17.966666666666665,15.633333333333333,0.0,2026-02,unreliable_trip_rate,1.0,0.0,0.0,0.0,True
214,South Beach/Dongan Hills,16,1,0,12.0,15.233333333333333,0.0,2026-02,unreliable_trip_rate,1.0,0.0,0.0,0.0,True
214,South Beach/Dongan Hills,17,5,0,17.246666666666666,21.200000000000003,0.0,2026-02,unreliable_trip_rate,0.0,1.0,0.0,0.0,True
214,South Beach/Dongan Hills,23,4,0,11.866666666666667,13.916666666666666,0.0,2026-02,unreliable_trip_rate,1.0,0.0,0.0,0.0,True
217,South Williamsburg,4,11,0,13.546969696969695,19.583333333333332,0.0,2026-02,unreliable_trip_rate,0.0,1.0,0.0,0.0,True
221,Stapleton,1,1,0,8.15,12.666666666666666,0.0,2026-02,unreliable_trip_rate,1.0,0.0,0.0,0.0,True
221,Stapleton,5,3,0,11.183333333333332,13.666666666666666,0.0,2026-02,unreliable_trip_rate,1.0,0.0,0.0,0.0,True
221,Stapleton,9,3,0,12.472222222222221,14.783333333333333,0.0,2026-02,unreliable_trip_rate,1.0,0.0,0.0,0.0,True
221,Stapleton,13,2,0,14.0,15.483333333333333,0.0,2026-02,unreliable_trip_rate,1.0,0.0,0.0,0.0,True
221,Stapleton,15,1,0,14.3,15.65,0.0,2026-02,unreliable_trip_rate,1.0,0.0,0.0,0.0,True
221,Stapleton,22,1,0,10.166666666666666,13.833333333333334,0.0,2026-02,unreliable_trip_rate,1.0,0.0,0.0,0.0,True
222,Starrett City,23,12,0,14.275,20.8,0.0,2026-02,unreliable_trip_rate,0.0,1.0,0.0,0.0,True
240,Van Cortlandt Park,2,1,0,4.5,14.05,0.0,2026-02,unreliable_trip_rate,0.0,1.0,0.0,0.0,True
240,Van Cortlandt Park,22,1,0,12.433333333333334,17.366666666666667,0.0,2026-02,unreliable_trip_rate,0.0,1.0,0.0,0.0,True
241,Van Cortlandt Village,1,6,0,13.588888888888889,14.941666666666666,0.0,2026-02,unreliable_trip_rate,0.0,1.0,0.0,0.0,True
245,West Brighton,6,1,0,21.95,24.791666666666664,0.0,2026-02,unreliable_trip_rate,0.0,1.0,0.0,0.0,True
247,West Concourse,2,4,0,10.579166666666666,14.05,0.0,2026-02,unreliable_trip_rate,0.0,1.0,0.0,0.0,True
250,Westchester Village/Unionport,0,9,0,8.757407407407406,15.233333333333333,0.0,2026-02,unreliable_trip_rate,0.0,1.0,0.0,0.0,True
250,Westchester Village/Unionport,1,6,0,9.227777777777778,14.941666666666666,0.0,2026-02,unreliable_trip_rate,0.0,1.0,0.0,0.0,True
250,Westchester Village/Unionport,2,6,0,9.275,14.05,0.0,2026-02,unreliable_trip_rate,0.0,1.0,0.0,0.0,True
251,Westerleigh,13,1,0,17.116666666666667,15.483333333333333,0.0,2026-02,unreliable_trip_rate,1.0,0.0,0.0,0.0,True
251,Westerleigh,18,1,0,16.733333333333334,14.1,0.0,2026-02,unreliable_trip_rate,1.0,0.0,0.0,0.0,True
251,Westerleigh,21,2,0,14.025,13.716666666666667,0.0,2026-02,unreliable_trip_rate,1.0,0.0,0.0,0.0,True
252,Whitestone,0,6,0,11.205555555555556,21.433333333333334,0.0,2026-02,unreliable_trip_rate,0.0,1.0,0.0,0.0,True
252,Whitestone,1,3,0,13.894444444444446,19.966666666666665,0.0,2026-02,unreliable_trip_rate,0.0,1.0,0.0,0.0,True
252,Whitestone,20,17,0,16.988235294117647,27.883333333333333,0.0,2026-02,unreliable_trip_rate,0.0,1.0,0.0,0.0,True
252,Whitestone,21,11,0,15.275757575757575,24.983333333333334,0.0,2026-02,unreliable_trip_rate,0.0,1.0,0.0,0.0,True
253,Willets Point,3,1,0,1.2333333333333334,16.966666666666665,0.0,2026-02,unreliable_trip_rate,0.0,1.0,0.0,0.0,True
253,Willets Point,4,1,0,17.483333333333334,17.4,0.0,2026-02,unreliable_trip_rate,0.0,1.0,0.0,0.0,True
253,Willets Point,7,1,0,21.25,30.4,0.0,2026-02,unreliable_trip_rate,0.0,1.0,0.0,0.0,True
253,Willets Point,14,2,0,25.05,38.6,0.0,2026-02,unreliable_trip_rate,0.0,1.0,0.0,0.0,True
253,Willets Point,15,1,0,14.766666666666667,41.333333333333336,0.0,2026-02,unreliable_trip_rate,0.0,1.0,0.0,0.0,True
253,Willets Point,17,1,0,42.53333333333333,36.35,0.0,2026-02,unreliable_trip_rate,0.0,1.0,0.0,0.0,True
253,Willets Point,18,2,0,20.9,31.483333333333334,0.0,2026-02,unreliable_trip_rate,0.0,1.0,0.0,0.0,True
253,Willets Point,19,1,0,6.75,30.15,0.0,2026-02,unreliable_trip_rate,0.0,1.0,0.0,0.0,True
253,Willets Point,22,1,0,14.233333333333333,24.516666666666666,0.0,2026-02,unreliable_trip_rate,0.0,1.0,0.0,0.0,True
254,Williamsbridge/Olinville,2,1,0,16.216666666666665,14.05,0.0,2026-02,unreliable_trip_rate,0.0,1.0,0.0,0.0,True
257,Windsor Terrace,2,3,0,6.655555555555555,19.025,0.0,2026-02,unreliable_trip_rate,0.0,1.0,0.0,0.0,True
257,Windsor Terrace,3,4,0,10.825,18.966666666666665,0.0,2026-02,unreliable_trip_rate,0.0,1.0,0.0,0.0,True
257,Windsor Terrace,4,3,0,17.505555555555556,19.583333333333332,0.0,2026-02,unreliable_trip_rate,0.0,1.0,0.0,0.0,True
