PULocationID,pickup_zone,pickup_hour,trips,avg_duration_min,median_duration_min,expected_duration_min,p90_duration_min,delay_rate,month,metric,low_sample
41,Central Harlem,16,1024,23.797884114583333,16.6,16.6,50.54166666666667,0.515625,2026-01,avg_duration_by_zone_hour,False
75,East Harlem South,20,1220,15.49061475409836,13.033333333333335,13.033333333333335,26.955000000000005,0.5122950819672131,2026-01,avg_duration_by_zone_hour,False
216,South Ozone Park,15,139,23.20695443645084,11.216666666666667,11.216666666666667,57.75000000000001,0.5035971223021583,2026-01,avg_duration_by_zone_hour,False
41,Central Harlem,17,1216,20.470888157894734,15.641666666666666,14.508333333333333,39.99166666666667,0.5016447368421053,2026-01,avg_duration_by_zone_hour,False
75,East Harlem South,13,1807,19.697343663530713,15.15,14.675,36.96333333333334,0.5008301051466519,2026-01,avg_duration_by_zone_hour,False
216,South Ozone Park,18,104,21.754647435897432,12.0,12.0,51.29666666666667,0.5,2026-01,avg_duration_by_zone_hour,False
75,East Harlem South,12,1705,19.790136852394916,15.266666666666667,14.725,39.5,0.49560117302052786,2026-01,avg_duration_by_zone_hour,False
41,Central Harlem,15,1030,20.017912621359223,15.925,15.925,36.77,0.49223300970873785,2026-01,avg_duration_by_zone_hour,False
246,West Chelsea/Hudson Yards,3,1188,11.461097081930415,9.05,9.05,21.464999999999996,0.49158249158249157,2026-01,avg_duration_by_zone_hour,False
216,South Ozone Park,2,57,16.121637426900584,11.25,11.25,28.073333333333334,0.49122807017543857,2026-01,avg_duration_by_zone_hour,False
75,East Harlem South,15,2283,21.297503285151116,15.733333333333333,15.15,42.75000000000004,0.489706526500219,2026-01,avg_duration_by_zone_hour,False
75,East Harlem South,11,1770,19.79846516007533,15.816666666666666,14.766666666666666,37.295000000000016,0.4847457627118644,2026-01,avg_duration_by_zone_hour,False
75,East Harlem South,10,1641,18.493428803575057,14.466666666666667,14.466666666666667,34.9,0.4844606946983547,2026-01,avg_duration_by_zone_hour,False
135,Kew Gardens Hills,13,31,36.82956989247312,20.616666666666667,20.616666666666667,81.5,0.4838709677419355,2026-01,avg_duration_by_zone_hour,False
248,West Farms/Bronx River,21,31,22.850537634408603,18.133333333333333,18.133333333333333,33.65,0.4838709677419355,2026-01,avg_duration_by_zone_hour,False
108,Gravesend,10,46,44.039492753623186,26.825000000000003,26.825000000000003,83.375,0.4782608695652174,2026-01,avg_duration_by_zone_hour,False
75,East Harlem South,19,1575,16.46284656084656,13.85,13.85,29.92666666666667,0.4774603174603175,2026-01,avg_duration_by_zone_hour,False
74,East Harlem North,16,882,23.249338624338627,18.15,18.15,43.00833333333332,0.47732426303854875,2026-01,avg_duration_by_zone_hour,False
135,Kew Gardens Hills,9,44,34.82121212121212,25.566666666666666,25.566666666666666,72.83833333333334,0.4772727272727273,2026-01,avg_duration_by_zone_hour,False
41,Central Harlem,14,932,22.400518597997138,17.425,17.425,42.91166666666666,0.47639484978540775,2026-01,avg_duration_by_zone_hour,False
39,Canarsie,6,297,46.73692480359147,37.233333333333334,37.233333333333334,97.48000000000009,0.47474747474747475,2026-01,avg_duration_by_zone_hour,False
41,Central Harlem,18,1181,20.110852384984476,16.216666666666665,16.216666666666665,39.21666666666667,0.4741744284504657,2026-01,avg_duration_by_zone_hour,False
174,Norwood,18,38,42.85745614035088,33.358333333333334,33.358333333333334,78.15500000000003,0.47368421052631576,2026-01,avg_duration_by_zone_hour,False
56,Corona,5,57,28.504093567251463,20.016666666666666,20.016666666666666,53.449999999999996,0.47368421052631576,2026-01,avg_duration_by_zone_hour,False
77,East New York/Pennsylvania Avenue,6,110,47.66090909090909,41.425,41.425,92.54833333333335,0.4727272727272727,2026-01,avg_duration_by_zone_hour,False
167,Morrisania/Melrose,18,36,34.640277777777776,26.008333333333333,26.008333333333333,70.725,0.4722222222222222,2026-01,avg_duration_by_zone_hour,False
257,Windsor Terrace,18,36,28.183796296296297,21.616666666666667,21.616666666666667,48.95,0.4722222222222222,2026-01,avg_duration_by_zone_hour,False
141,Lenox Hill West,1,949,10.858184053389532,9.033333333333333,9.033333333333333,20.853333333333335,0.47102212855637515,2026-01,avg_duration_by_zone_hour,False
39,Canarsie,7,345,43.902367149758454,34.233333333333334,34.233333333333334,90.03333333333335,0.46956521739130436,2026-01,avg_duration_by_zone_hour,False
21,Bensonhurst East,12,49,43.8952380952381,35.38333333333333,35.38333333333333,78.22666666666669,0.46938775510204084,2026-01,avg_duration_by_zone_hour,False
131,Jamaica Estates,12,32,28.7796875,21.95,21.95,47.660000000000004,0.46875,2026-01,avg_duration_by_zone_hour,False
78,East Tremont,19,32,25.3796875,16.55,16.55,49.59666666666667,0.46875,2026-01,avg_duration_by_zone_hour,False
236,Upper East Side North,0,954,11.713556953179594,9.433333333333334,9.433333333333334,21.785000000000004,0.46855345911949686,2026-01,avg_duration_by_zone_hour,False
42,Central Harlem North,17,779,24.435194694052203,19.416666666666668,19.416666666666668,49.466666666666676,0.4672657252888318,2026-01,avg_duration_by_zone_hour,False
250,Westchester Village/Unionport,13,30,48.269999999999996,34.858333333333334,34.858333333333334,79.45833333333334,0.4666666666666667,2026-01,avg_duration_by_zone_hour,False
67,Dyker Heights,11,30,36.88388888888889,25.416666666666664,25.416666666666664,83.985,0.4666666666666667,2026-01,avg_duration_by_zone_hour,False
76,East New York,18,165,27.020707070707072,20.75,20.75,49.33666666666666,0.4666666666666667,2026-01,avg_duration_by_zone_hour,False
35,Brownsville,3,30,24.49722222222222,16.975,16.975,47.58500000000002,0.4666666666666667,2026-01,avg_duration_by_zone_hour,False
140,Lenox Hill East,0,830,12.294497991967871,10.916666666666668,10.916666666666668,22.05166666666667,0.4650602409638554,2026-01,avg_duration_by_zone_hour,False
24,Bloomingdale,15,650,16.73502564102564,12.875,12.875,32.01833333333334,0.4646153846153846,2026-01,avg_duration_by_zone_hour,False
235,University Heights/Morris Heights,16,56,43.348214285714285,27.791666666666668,27.791666666666668,96.275,0.4642857142857143,2026-01,avg_duration_by_zone_hour,False
41,Central Harlem,13,908,21.544897209985315,17.65833333333333,17.65833333333333,40.38333333333333,0.46365638766519823,2026-01,avg_duration_by_zone_hour,False
263,Yorkville West,2,783,10.493635589612602,9.166666666666666,9.166666666666666,19.746666666666673,0.46360153256704983,2026-01,avg_duration_by_zone_hour,False
216,South Ozone Park,13,136,23.96127450980392,15.041666666666666,15.041666666666666,54.516666666666666,0.4632352941176471,2026-01,avg_duration_by_zone_hour,False
237,Upper East Side South,0,1665,11.33961961961962,9.3,9.3,22.143333333333334,0.46306306306306305,2026-01,avg_duration_by_zone_hour,False
257,Windsor Terrace,9,54,34.29259259259259,27.933333333333334,27.933333333333334,60.76,0.46296296296296297,2026-01,avg_duration_by_zone_hour,False
75,East Harlem South,16,2047,20.33018238071975,14.433333333333334,13.166666666666666,40.34,0.462628236443576,2026-01,avg_duration_by_zone_hour,False
74,East Harlem North,12,789,21.470046472327837,17.283333333333335,17.283333333333335,41.320000000000014,0.46261089987325726,2026-01,avg_duration_by_zone_hour,False
129,Jackson Heights,1,119,15.996498599439775,13.633333333333333,13.633333333333333,26.453333333333333,0.46218487394957986,2026-01,avg_duration_by_zone_hour,False
219,Springfield Gardens South,6,52,56.76858974358974,43.21666666666667,43.21666666666667,115.16499999999998,0.46153846153846156,2026-01,avg_duration_by_zone_hour,False
242,Van Nest/Morris Park,16,39,51.203418803418806,37.733333333333334,37.733333333333334,118.36666666666669,0.46153846153846156,2026-01,avg_duration_by_zone_hour,False
167,Morrisania/Melrose,16,39,49.48717948717949,31.3,31.3,108.67333333333335,0.46153846153846156,2026-01,avg_duration_by_zone_hour,False
32,Bronxdale,9,39,42.029487179487184,32.983333333333334,32.983333333333334,86.10333333333335,0.46153846153846156,2026-01,avg_duration_by_zone_hour,False
60,Crotona Park East,5,39,40.54786324786325,28.95,28.95,89.38000000000002,0.46153846153846156,2026-01,avg_duration_by_zone_hour,False
124,Howard Beach,17,39,29.454700854700857,16.916666666666668,16.916666666666668,63.36333333333334,0.46153846153846156,2026-01,avg_duration_by_zone_hour,False
24,Bloomingdale,16,606,15.43308580858086,12.791666666666668,12.791666666666668,28.391666666666666,0.4603960396039604,2026-01,avg_duration_by_zone_hour,False
125,Hudson Sq,17,1228,17.57308631921824,13.666666666666666,12.841666666666667,32.38666666666666,0.4600977198697068,2026-01,avg_duration_by_zone_hour,False
167,Morrisania/Melrose,17,37,34.4081081081081,27.116666666666667,27.116666666666667,56.88333333333333,0.4594594594594595,2026-01,avg_duration_by_zone_hour,False
76,East New York,22,122,21.664754098360653,15.875,15.875,46.238333333333344,0.45901639344262296,2026-01,avg_duration_by_zone_hour,False
94,Fordham South,8,48,43.965624999999996,35.15833333333333,35.15833333333333,85.18000000000008,0.4583333333333333,2026-01,avg_duration_by_zone_hour,False
29,Brighton Beach,11,48,42.56319444444444,32.891666666666666,32.891666666666666,82.34,0.4583333333333333,2026-01,avg_duration_by_zone_hour,False
125,Hudson Sq,20,1041,15.072990714056997,13.166666666666666,13.166666666666666,27.483333333333334,0.45821325648414984,2026-01,avg_duration_by_zone_hour,False
76,East New York,7,557,40.866008378216634,32.61666666666667,32.61666666666667,86.11333333333333,0.4578096947935368,2026-01,avg_duration_by_zone_hour,False
75,East Harlem South,21,970,14.649742268041237,13.125,13.125,26.39166666666667,0.4577319587628866,2026-01,avg_duration_by_zone_hour,False
20,Belmont,7,59,43.51327683615819,34.15,34.15,95.58000000000001,0.4576271186440678,2026-01,avg_duration_by_zone_hour,False
212,Soundview/Bruckner,15,35,35.83190476190476,31.2,31.2,68.33,0.45714285714285713,2026-01,avg_duration_by_zone_hour,False
94,Fordham South,9,46,48.10471014492754,38.69166666666666,38.69166666666666,95.475,0.45652173913043476,2026-01,avg_duration_by_zone_hour,False
21,Bensonhurst East,9,46,38.95471014492754,25.666666666666668,25.666666666666668,78.675,0.45652173913043476,2026-01,avg_duration_by_zone_hour,False
39,Canarsie,4,46,32.721376811594205,22.5,22.5,67.16666666666667,0.45652173913043476,2026-01,avg_duration_by_zone_hour,False
205,Saint Albans,13,46,30.307608695652174,17.625,17.625,72.29166666666666,0.45652173913043476,2026-01,avg_duration_by_zone_hour,False
246,West Chelsea/Hudson Yards,4,564,11.665218676122931,9.375,9.375,22.656666666666663,0.45567375886524825,2026-01,avg_duration_by_zone_hour,False
191,Queens Village,7,134,40.85161691542289,26.325000000000003,26.325000000000003,93.12,0.4552238805970149,2026-01,avg_duration_by_zone_hour,False
81,Eastchester,4,33,30.93383838383838,17.116666666666667,17.116666666666667,71.49,0.45454545454545453,2026-01,avg_duration_by_zone_hour,False
165,Midwood,9,108,40.205555555555556,32.88333333333333,32.88333333333333,79.74499999999999,0.4537037037037037,2026-01,avg_duration_by_zone_hour,False
216,South Ozone Park,4,75,17.575111111111113,12.533333333333333,12.533333333333333,36.92333333333334,0.4533333333333333,2026-01,avg_duration_by_zone_hour,False
76,East New York,8,514,39.29276913099871,33.025,33.025,79.41166666666668,0.45330739299610895,2026-01,avg_duration_by_zone_hour,False
75,East Harlem South,14,2017,20.272930094199307,15.766666666666667,15.166666666666666,38.833333333333336,0.4526524541398116,2026-01,avg_duration_by_zone_hour,False
74,East Harlem North,13,787,22.49320203303685,19.033333333333335,19.033333333333335,41.35666666666666,0.45235069885641677,2026-01,avg_duration_by_zone_hour,False
155,Marine Park/Mill Basin,7,73,52.74086757990868,42.0,42.0,98.42333333333333,0.4520547945205479,2026-01,avg_duration_by_zone_hour,False
10,Baisley Park,9,104,40.3551282051282,29.03333333333333,29.03333333333333,75.55,0.4519230769230769,2026-01,avg_duration_by_zone_hour,False
164,Midtown South,6,551,12.375922565033273,9.25,9.25,24.2,0.4519056261343013,2026-01,avg_duration_by_zone_hour,False
174,Norwood,16,31,58.86989247311828,40.61666666666667,40.61666666666667,117.38333333333334,0.45161290322580644,2026-01,avg_duration_by_zone_hour,False
136,Kingsbridge Heights,13,31,53.41720430107527,40.8,40.8,112.6,0.45161290322580644,2026-01,avg_duration_by_zone_hour,False
242,Van Nest/Morris Park,7,62,50.241397849462366,39.474999999999994,39.474999999999994,98.06666666666666,0.45161290322580644,2026-01,avg_duration_by_zone_hour,False
21,Bensonhurst East,7,62,39.854569892473116,34.3,34.3,73.755,0.45161290322580644,2026-01,avg_duration_by_zone_hour,False
235,University Heights/Morris Heights,18,31,36.737096774193546,30.583333333333332,30.583333333333332,71.21666666666667,0.45161290322580644,2026-01,avg_duration_by_zone_hour,False
160,Middle Village,10,31,33.079032258064515,31.416666666666668,31.416666666666668,56.81666666666667,0.45161290322580644,2026-01,avg_duration_by_zone_hour,False
258,Woodhaven,19,31,22.524193548387096,14.366666666666667,14.366666666666667,49.35,0.45161290322580644,2026-01,avg_duration_by_zone_hour,False
75,East Harlem South,17,2139,18.78143992519869,14.466666666666667,13.366666666666667,35.983333333333334,0.45161290322580644,2026-01,avg_duration_by_zone_hour,False
41,Central Harlem,20,762,16.544378827646547,14.716666666666667,14.716666666666667,29.783333333333324,0.45144356955380577,2026-01,avg_duration_by_zone_hour,False
211,SoHo,23,1561,14.155199658338672,12.0,12.0,25.9,0.45035233824471493,2026-01,avg_duration_by_zone_hour,False
19,Bellerose,8,40,42.36708333333333,30.441666666666666,30.441666666666666,85.80166666666668,0.45,2026-01,avg_duration_by_zone_hour,False
236,Upper East Side North,23,1566,12.611323967645806,10.291666666666668,10.291666666666668,23.78333333333333,0.4495530012771392,2026-01,avg_duration_by_zone_hour,False
125,Hudson Sq,12,797,16.062547051442913,12.65,12.65,30.483333333333334,0.4491844416562108,2026-01,avg_duration_by_zone_hour,False
125,Hudson Sq,13,835,16.5637125748503,12.883333333333333,12.883333333333333,31.383333333333333,0.4491017964071856,2026-01,avg_duration_by_zone_hour,False
264,Unknown,11,194,15.336512027491409,11.75,11.75,27.388333333333353,0.4484536082474227,2026-01,avg_duration_by_zone_hour,False
141,Lenox Hill West,0,1499,10.84087169223927,9.666666666666666,9.666666666666666,19.936666666666667,0.4482988659106071,2026-01,avg_duration_by_zone_hour,False
254,Williamsbridge/Olinville,9,96,44.13697916666666,35.150000000000006,35.150000000000006,90.38333333333333,0.4479166666666667,2026-01,avg_duration_by_zone_hour,False
18,Bedford Park,16,38,43.19298245614035,31.53333333333333,31.53333333333333,94.3166666666667,0.4473684210526316,2026-01,avg_duration_by_zone_hour,False
60,Crotona Park East,11,38,31.910964912280704,24.325000000000003,24.325000000000003,66.73166666666667,0.4473684210526316,2026-01,avg_duration_by_zone_hour,False
113,Greenwich Village North,2,1029,11.852737285390347,9.883333333333333,9.883333333333333,21.78,0.44703595724003886,2026-01,avg_duration_by_zone_hour,False
141,Lenox Hill West,2,631,10.80095087163233,9.733333333333333,9.733333333333333,19.633333333333333,0.4469096671949287,2026-01,avg_duration_by_zone_hour,False
213,Soundview/Castle Hill,17,47,29.221276595744683,23.433333333333334,23.433333333333334,46.459999999999994,0.44680851063829785,2026-01,avg_duration_by_zone_hour,False
83,Elmhurst/Maspeth,13,47,28.572340425531916,24.183333333333334,24.183333333333334,54.86666666666665,0.44680851063829785,2026-01,avg_duration_by_zone_hour,False
72,East Flatbush/Remsen Village,21,47,25.940070921985818,18.333333333333332,18.333333333333332,50.5,0.44680851063829785,2026-01,avg_duration_by_zone_hour,False
229,Sutton Place/Turtle Bay North,1,871,11.973497895139685,10.466666666666667,10.466666666666667,21.7,0.44661308840413316,2026-01,avg_duration_by_zone_hour,False
166,Morningside Heights,21,1001,16.1991008991009,13.6,13.6,29.683333333333334,0.44655344655344653,2026-01,avg_duration_by_zone_hour,False
74,East Harlem North,11,719,22.39772832637923,17.916666666666668,17.916666666666668,41.13666666666667,0.44645340751043117,2026-01,avg_duration_by_zone_hour,False
74,East Harlem North,15,968,24.002427685950412,19.683333333333334,19.683333333333334,43.955000000000005,0.4462809917355372,2026-01,avg_duration_by_zone_hour,False
26,Borough Park,7,65,41.742564102564096,31.2,31.2,80.38666666666667,0.4461538461538462,2026-01,avg_duration_by_zone_hour,False
140,Lenox Hill East,23,1383,14.130055435044587,12.366666666666667,12.366666666666667,25.596666666666668,0.44613159797541574,2026-01,avg_duration_by_zone_hour,False
74,East Harlem North,17,944,22.016472457627117,17.941666666666666,17.941666666666666,40.75333333333335,0.4459745762711864,2026-01,avg_duration_by_zone_hour,False
125,Hudson Sq,16,978,19.369342194955692,13.558333333333334,13.558333333333334,35.10833333333334,0.4458077709611452,2026-01,avg_duration_by_zone_hour,False
39,Canarsie,8,332,37.026355421686745,27.65,27.65,78.49833333333335,0.4457831325301205,2026-01,avg_duration_by_zone_hour,False
74,East Harlem North,14,954,23.71629979035639,19.366666666666667,19.366666666666667,43.65833333333334,0.44549266247379454,2026-01,avg_duration_by_zone_hour,False
216,South Ozone Park,16,137,29.62080291970803,17.316666666666666,17.316666666666666,69.40333333333334,0.44525547445255476,2026-01,avg_duration_by_zone_hour,False
132,JFK Airport,5,2507,24.132967690466693,21.083333333333332,21.083333333333332,41.34666666666667,0.4451535700039888,2026-01,avg_duration_by_zone_hour,False
24,Bloomingdale,14,663,15.484891905480142,12.966666666666667,12.966666666666667,29.120000000000008,0.444947209653092,2026-01,avg_duration_by_zone_hour,False
75,East Harlem South,18,1987,17.077025666834427,13.766666666666667,12.516666666666666,31.403333333333336,0.44489179667840967,2026-01,avg_duration_by_zone_hour,False
229,Sutton Place/Turtle Bay North,6,843,11.203459865559509,8.9,8.9,20.543333333333337,0.44483985765124556,2026-01,avg_duration_by_zone_hour,False
11,Bath Beach,9,45,44.93296296296296,32.13333333333333,32.13333333333333,102.54666666666668,0.4444444444444444,2026-01,avg_duration_by_zone_hour,False
20,Belmont,8,36,41.29212962962963,33.80833333333334,33.80833333333334,88.96666666666667,0.4444444444444444,2026-01,avg_duration_by_zone_hour,False
182,Parkchester,15,36,40.256018518518516,26.21666666666667,26.21666666666667,81.96666666666667,0.4444444444444444,2026-01,avg_duration_by_zone_hour,False
130,Jamaica,11,99,40.034343434343434,30.633333333333333,30.633333333333333,78.28666666666666,0.4444444444444444,2026-01,avg_duration_by_zone_hour,False
208,Schuylerville/Edgewater Park,8,54,38.7283950617284,33.55,33.55,75.22,0.4444444444444444,2026-01,avg_duration_by_zone_hour,False
205,Saint Albans,18,36,37.0574074074074,31.6,31.6,73.68333333333334,0.4444444444444444,2026-01,avg_duration_by_zone_hour,False
215,South Jamaica,12,81,33.82510288065844,27.866666666666667,27.866666666666667,62.416666666666664,0.4444444444444444,2026-01,avg_duration_by_zone_hour,False
219,Springfield Gardens South,10,36,32.92175925925926,21.233333333333334,21.233333333333334,66.025,0.4444444444444444,2026-01,avg_duration_by_zone_hour,False
91,Flatlands,22,63,28.931216931216934,22.8,22.8,54.860000000000014,0.4444444444444444,2026-01,avg_duration_by_zone_hour,False
157,Maspeth,18,54,23.205246913580247,18.691666666666666,18.691666666666666,41.78833333333334,0.4444444444444444,2026-01,avg_duration_by_zone_hour,False
75,East Harlem South,9,1659,18.846684749849306,15.95,15.95,34.50666666666667,0.44424352019288726,2026-01,avg_duration_by_zone_hour,False
50,Clinton West,10,1393,15.792809284517828,13.35,13.35,27.976666666666663,0.44364680545585067,2026-01,avg_duration_by_zone_hour,False
43,Central Park,22,842,11.964330958036422,9.566666666666666,9.566666666666666,22.04166666666666,0.44299287410926363,2026-01,avg_duration_by_zone_hour,False
263,Yorkville West,23,2141,11.762245056827028,10.5,10.5,21.666666666666668,0.4427837459131247,2026-01,avg_duration_by_zone_hour,False
166,Morningside Heights,9,969,18.228637770897834,15.066666666666666,15.066666666666666,33.906666666666666,0.44272445820433437,2026-01,avg_duration_by_zone_hour,False
50,Clinton West,13,1274,15.675313971742542,13.016666666666667,13.016666666666667,26.548333333333336,0.4427001569858713,2026-01,avg_duration_by_zone_hour,False
169,Mount Hope,14,61,42.39016393442623,35.11666666666667,35.11666666666667,81.88333333333334,0.4426229508196721,2026-01,avg_duration_by_zone_hour,False
151,Manhattan Valley,20,1162,13.50460413080895,11.6,11.6,25.210000000000004,0.4423407917383821,2026-01,avg_duration_by_zone_hour,False
91,Flatlands,19,52,24.684615384615384,20.291666666666668,20.291666666666668,42.62,0.4423076923076923,2026-01,avg_duration_by_zone_hour,False
197,Richmond Hill,6,147,33.8327664399093,28.516666666666666,28.516666666666666,67.59,0.4421768707482993,2026-01,avg_duration_by_zone_hour,False
41,Central Harlem,9,1011,20.461424332344215,17.733333333333334,17.733333333333334,37.68333333333333,0.4421364985163205,2026-01,avg_duration_by_zone_hour,False
125,Hudson Sq,14,887,17.50783540022548,13.316666666666666,13.316666666666666,32.75999999999999,0.4419391206313416,2026-01,avg_duration_by_zone_hour,False
41,Central Harlem,8,1274,21.35053636839351,18.475,18.475,39.50666666666667,0.44191522762951335,2026-01,avg_duration_by_zone_hour,False
100,Garment District,5,826,9.384200968523002,6.966666666666667,6.966666666666667,18.7,0.44188861985472155,2026-01,avg_duration_by_zone_hour,False
22,Bensonhurst West,11,43,41.931395348837206,32.8,32.8,82.20666666666668,0.4418604651162791,2026-01,avg_duration_by_zone_hour,False
22,Bensonhurst West,12,43,36.29573643410853,27.533333333333335,27.533333333333335,67.62666666666667,0.4418604651162791,2026-01,avg_duration_by_zone_hour,False
41,Central Harlem,12,838,21.160262529832934,17.78333333333333,17.78333333333333,41.07166666666667,0.441527446300716,2026-01,avg_duration_by_zone_hour,False
122,Hollis,7,68,44.72941176470588,32.725,32.725,97.06833333333334,0.4411764705882353,2026-01,avg_duration_by_zone_hour,False
169,Mount Hope,16,34,37.70245098039215,25.1,25.1,95.44833333333332,0.4411764705882353,2026-01,avg_duration_by_zone_hour,False
131,Jamaica Estates,11,34,33.580882352941174,25.191666666666666,25.191666666666666,68.69166666666666,0.4411764705882353,2026-01,avg_duration_by_zone_hour,False
217,South Williamsburg,8,34,31.158333333333335,25.141666666666666,25.141666666666666,55.141666666666666,0.4411764705882353,2026-01,avg_duration_by_zone_hour,False
133,Kensington,14,34,30.337745098039218,27.5,27.5,44.626666666666665,0.4411764705882353,2026-01,avg_duration_by_zone_hour,False
55,Coney Island,19,34,27.076960784313727,23.3,23.3,51.48833333333333,0.4411764705882353,2026-01,avg_duration_by_zone_hour,False
63,Cypress Hills,22,34,19.39264705882353,15.991666666666667,15.991666666666667,37.818333333333335,0.4411764705882353,2026-01,avg_duration_by_zone_hour,False
35,Brownsville,6,161,43.86335403726708,34.5,34.5,91.1,0.4409937888198758,2026-01,avg_duration_by_zone_hour,False
263,Yorkville West,3,490,10.680816326530612,9.158333333333333,9.158333333333333,20.016666666666666,0.44081632653061226,2026-01,avg_duration_by_zone_hour,False
166,Morningside Heights,19,1242,17.013177670424046,14.516666666666666,14.516666666666666,31.345000000000006,0.44041867954911434,2026-01,avg_duration_by_zone_hour,False
91,Flatlands,7,325,44.683846153846154,31.9,31.9,92.80333333333336,0.44,2026-01,avg_duration_by_zone_hour,False
210,Sheepshead Bay,12,91,41.288827838827835,29.466666666666665,29.466666666666665,84.83333333333333,0.43956043956043955,2026-01,avg_duration_by_zone_hour,False
263,Yorkville West,1,1170,10.9144301994302,9.983333333333333,9.983333333333333,20.640000000000008,0.4393162393162393,2026-01,avg_duration_by_zone_hour,False
100,Garment District,23,1712,13.836234423676013,12.108333333333334,12.108333333333334,24.95,0.4392523364485981,2026-01,avg_duration_by_zone_hour,False
149,Madison,7,41,47.31910569105691,30.316666666666666,30.316666666666666,100.18333333333334,0.43902439024390244,2026-01,avg_duration_by_zone_hour,False
149,Madison,10,41,42.95406504065041,28.3,28.3,89.53333333333333,0.43902439024390244,2026-01,avg_duration_by_zone_hour,False
22,Bensonhurst West,8,82,41.978252032520324,29.433333333333334,29.433333333333334,86.025,0.43902439024390244,2026-01,avg_duration_by_zone_hour,False
196,Rego Park,20,41,17.24471544715447,12.633333333333333,12.633333333333333,30.066666666666666,0.43902439024390244,2026-01,avg_duration_by_zone_hour,False
141,Lenox Hill West,23,2219,11.872404987231485,10.45,10.45,21.256666666666668,0.4389364578639027,2026-01,avg_duration_by_zone_hour,False
218,Springfield Gardens North,13,57,32.71666666666667,23.266666666666666,23.266666666666666,70.49666666666666,0.43859649122807015,2026-01,avg_duration_by_zone_hour,False
39,Canarsie,10,226,39.060693215339235,30.35,30.35,82.65833333333333,0.43805309734513276,2026-01,avg_duration_by_zone_hour,False
216,South Ozone Park,12,112,30.411755952380954,21.0,21.0,73.24000000000001,0.4375,2026-01,avg_duration_by_zone_hour,False
258,Woodhaven,16,48,26.048263888888886,18.05,18.05,61.93666666666671,0.4375,2026-01,avg_duration_by_zone_hour,False
169,Mount Hope,5,32,25.795833333333334,18.375,18.375,55.343333333333334,0.4375,2026-01,avg_duration_by_zone_hour,False
250,Westchester Village/Unionport,22,32,19.9390625,12.258333333333333,12.258333333333333,39.08166666666667,0.4375,2026-01,avg_duration_by_zone_hour,False
197,Richmond Hill,18,64,18.60755208333333,13.266666666666666,13.266666666666666,31.888333333333335,0.4375,2026-01,avg_duration_by_zone_hour,False
100,Garment District,9,1520,14.68469298245614,12.025,11.941666666666666,26.885,0.4375,2026-01,avg_duration_by_zone_hour,False
77,East New York/Pennsylvania Avenue,10,119,41.39537815126051,29.95,29.95,83.55333333333333,0.4369747899159664,2026-01,avg_duration_by_zone_hour,False
69,East Concourse/Concourse Village,17,87,45.98620689655173,32.75,32.75,102.15,0.4367816091954023,2026-01,avg_duration_by_zone_hour,False
50,Clinton West,17,1429,15.491147655703289,13.033333333333333,12.966666666666667,28.436666666666667,0.4366689993002099,2026-01,avg_duration_by_zone_hour,False
258,Woodhaven,9,71,33.7443661971831,26.933333333333334,26.933333333333334,64.55,0.43661971830985913,2026-01,avg_duration_by_zone_hour,False
35,Brownsville,7,252,43.18419312169312,30.991666666666667,30.991666666666667,88.91166666666668,0.4365079365079365,2026-01,avg_duration_by_zone_hour,False
169,Mount Hope,10,55,39.78969696969697,31.833333333333332,31.833333333333332,77.55,0.43636363636363634,2026-01,avg_duration_by_zone_hour,False
55,Coney Island,18,55,38.94636363636364,31.2,31.2,79.77,0.43636363636363634,2026-01,avg_duration_by_zone_hour,False
28,Briarwood/Jamaica Hills,17,55,32.20151515151515,24.65,24.65,57.79333333333334,0.43636363636363634,2026-01,avg_duration_by_zone_hour,False
56,Corona,17,55,30.95909090909091,19.65,19.65,58.56,0.43636363636363634,2026-01,avg_duration_by_zone_hour,False
197,Richmond Hill,9,110,25.068787878787877,19.416666666666668,19.416666666666668,45.800000000000026,0.43636363636363634,2026-01,avg_duration_by_zone_hour,False
246,West Chelsea/Hudson Yards,1,1123,14.369204511724547,12.983333333333333,12.983333333333333,26.040000000000003,0.4363312555654497,2026-01,avg_duration_by_zone_hour,False
174,Norwood,17,39,43.73461538461538,30.933333333333334,30.933333333333334,80.0366666666667,0.4358974358974359,2026-01,avg_duration_by_zone_hour,False
205,Saint Albans,17,39,36.94145299145299,32.166666666666664,32.166666666666664,65.17333333333333,0.4358974358974359,2026-01,avg_duration_by_zone_hour,False
217,South Williamsburg,14,39,34.01880341880342,27.166666666666668,27.166666666666668,58.190000000000005,0.4358974358974359,2026-01,avg_duration_by_zone_hour,False
171,Murray Hill-Queens,8,39,29.52179487179487,22.216666666666665,22.216666666666665,57.97000000000001,0.4358974358974359,2026-01,avg_duration_by_zone_hour,False
13,Battery Park City,4,39,17.486752136752138,15.066666666666666,15.066666666666666,26.273333333333337,0.4358974358974359,2026-01,avg_duration_by_zone_hour,False
14,Bay Ridge,0,39,17.475213675213674,13.983333333333333,13.983333333333333,32.71,0.4358974358974359,2026-01,avg_duration_by_zone_hour,False
74,East Harlem North,10,785,21.520042462845012,17.5,17.5,42.17333333333334,0.4356687898089172,2026-01,avg_duration_by_zone_hour,False
197,Richmond Hill,14,101,25.012376237623762,16.916666666666668,16.916666666666668,53.61666666666667,0.43564356435643564,2026-01,avg_duration_by_zone_hour,False
125,Hudson Sq,18,1297,16.04561809303521,13.333333333333334,13.333333333333334,30.410000000000007,0.4356206630686199,2026-01,avg_duration_by_zone_hour,False
39,Canarsie,5,186,42.66505376344086,38.28333333333333,38.28333333333333,83.40833333333333,0.43548387096774194,2026-01,avg_duration_by_zone_hour,False
165,Midwood,15,62,39.141666666666666,30.1,30.1,72.81166666666667,0.43548387096774194,2026-01,avg_duration_by_zone_hour,False
218,Springfield Gardens North,14,62,35.74731182795699,24.8,24.8,84.39666666666665,0.43548387096774194,2026-01,avg_duration_by_zone_hour,False
51,Co-Op City,18,62,34.04462365591398,24.516666666666666,24.516666666666666,64.15166666666667,0.43548387096774194,2026-01,avg_duration_by_zone_hour,False
125,Hudson Sq,11,712,15.9812734082397,13.0,13.0,30.046666666666663,0.4353932584269663,2026-01,avg_duration_by_zone_hour,False
125,Hudson Sq,21,1013,15.018361303060217,12.85,12.85,26.966666666666672,0.4353405725567621,2026-01,avg_duration_by_zone_hour,False
21,Bensonhurst East,13,46,45.222101449275364,35.00833333333333,35.00833333333333,88.05000000000001,0.43478260869565216,2026-01,avg_duration_by_zone_hour,False
3,Allerton/Pelham Gardens,8,46,37.09347826086957,30.3,30.3,83.49166666666667,0.43478260869565216,2026-01,avg_duration_by_zone_hour,False
71,East Flatbush/Farragut,15,92,35.142753623188405,26.71666666666667,26.71666666666667,60.57500000000001,0.43478260869565216,2026-01,avg_duration_by_zone_hour,False
198,Ridgewood,16,69,28.47222222222222,22.85,22.85,60.076666666666675,0.43478260869565216,2026-01,avg_duration_by_zone_hour,False
264,Unknown,5,46,18.410507246376813,13.008333333333333,13.008333333333333,37.525000000000006,0.43478260869565216,2026-01,avg_duration_by_zone_hour,False
42,Central Harlem North,16,727,28.833058230169648,23.683333333333334,23.683333333333334,53.17666666666666,0.4346629986244842,2026-01,avg_duration_by_zone_hour,False
246,West Chelsea/Hudson Yards,2,1061,12.663132265158655,10.7,10.7,23.466666666666665,0.4344957587181904,2026-01,avg_duration_by_zone_hour,False
50,Clinton West,15,1304,17.27659764826176,14.158333333333333,14.158333333333333,30.175000000000004,0.4340490797546012,2026-01,avg_duration_by_zone_hour,False
134,Kew Gardens,17,53,24.462264150943398,16.95,16.95,51.980000000000004,0.4339622641509434,2026-01,avg_duration_by_zone_hour,False
166,Morningside Heights,23,664,15.917545180722891,13.641666666666666,13.641666666666666,29.246666666666677,0.43373493975903615,2026-01,avg_duration_by_zone_hour,False
32,Bronxdale,10,30,43.94611111111111,36.483333333333334,36.483333333333334,65.79833333333336,0.43333333333333335,2026-01,avg_duration_by_zone_hour,False
200,Riverdale/North Riverdale/Fieldston,9,30,43.89444444444444,36.40833333333333,36.40833333333333,76.18333333333335,0.43333333333333335,2026-01,avg_duration_by_zone_hour,False
16,Bayside,7,30,43.242777777777775,33.18333333333333,33.18333333333333,84.60000000000001,0.43333333333333335,2026-01,avg_duration_by_zone_hour,False
208,Schuylerville/Edgewater Park,15,30,32.01833333333333,25.683333333333334,25.683333333333334,56.05166666666667,0.43333333333333335,2026-01,avg_duration_by_zone_hour,False
91,Flatlands,12,127,36.773622047244096,25.05,25.05,74.82000000000002,0.4330708661417323,2026-01,avg_duration_by_zone_hour,False
211,SoHo,22,1751,14.08401865600609,11.95,11.95,25.466666666666665,0.4328954882924043,2026-01,avg_duration_by_zone_hour,False
22,Bensonhurst West,9,67,41.7042288557214,27.65,27.65,94.59666666666666,0.43283582089552236,2026-01,avg_duration_by_zone_hour,False
247,West Concourse,13,67,37.39452736318408,24.383333333333333,24.383333333333333,78.06666666666666,0.43283582089552236,2026-01,avg_duration_by_zone_hour,False
163,Midtown North,0,1526,12.968425076452599,10.558333333333334,10.558333333333334,23.166666666666668,0.4325032765399738,2026-01,avg_duration_by_zone_hour,False
173,North Corona,12,37,32.96351351351352,24.35,24.35,65.38666666666666,0.43243243243243246,2026-01,avg_duration_by_zone_hour,False
140,Lenox Hill East,22,1781,13.048914467527606,11.65,11.65,22.433333333333334,0.43234138124649074,2026-01,avg_duration_by_zone_hour,False
211,SoHo,21,1622,14.732501027538017,12.658333333333333,12.658333333333333,26.733333333333334,0.4321824907521578,2026-01,avg_duration_by_zone_hour,False
235,University Heights/Morris Heights,17,44,48.3125,39.275,39.275,95.36500000000001,0.4318181818181818,2026-01,avg_duration_by_zone_hour,False
149,Madison,9,44,44.497727272727275,35.400000000000006,35.400000000000006,96.84333333333338,0.4318181818181818,2026-01,avg_duration_by_zone_hour,False
21,Bensonhurst East,10,44,40.75303030303031,27.958333333333336,27.958333333333336,89.82000000000006,0.4318181818181818,2026-01,avg_duration_by_zone_hour,False
220,Spuyten Duyvil/Kingsbridge,16,44,26.629545454545454,20.025,20.025,42.641666666666666,0.4318181818181818,2026-01,avg_duration_by_zone_hour,False
47,Claremont/Bathgate,8,95,35.896842105263154,28.366666666666667,28.366666666666667,73.56333333333335,0.43157894736842106,2026-01,avg_duration_by_zone_hour,False
264,Unknown,20,190,17.660964912280704,14.108333333333334,14.108333333333334,37.87166666666667,0.43157894736842106,2026-01,avg_duration_by_zone_hour,False
19,Bellerose,7,51,31.586274509803925,16.366666666666667,16.366666666666667,81.85,0.43137254901960786,2026-01,avg_duration_by_zone_hour,False
85,Erasmus,21,51,24.40751633986928,20.0,20.0,46.55,0.43137254901960786,2026-01,avg_duration_by_zone_hour,False
83,Elmhurst/Maspeth,9,51,20.733986928104578,15.95,15.95,44.1,0.43137254901960786,2026-01,avg_duration_by_zone_hour,False
14,Bay Ridge,16,65,39.98641025641026,29.45,29.45,75.17,0.4307692307692308,2026-01,avg_duration_by_zone_hour,False
134,Kew Gardens,12,65,30.37051282051282,23.033333333333335,23.033333333333335,61.56333333333334,0.4307692307692308,2026-01,avg_duration_by_zone_hour,False
198,Ridgewood,20,65,21.133333333333333,18.7,18.7,37.20666666666667,0.4307692307692308,2026-01,avg_duration_by_zone_hour,False
169,Mount Hope,6,72,26.334722222222222,16.041666666666668,16.041666666666668,53.404999999999994,0.4305555555555556,2026-01,avg_duration_by_zone_hour,False
62,Crown Heights South,7,151,37.943377483443705,33.516666666666666,33.516666666666666,70.46666666666667,0.4304635761589404,2026-01,avg_duration_by_zone_hour,False
264,Unknown,18,251,15.34780876494024,12.083333333333334,12.083333333333334,29.416666666666668,0.4302788844621514,2026-01,avg_duration_by_zone_hour,False
74,East Harlem North,18,1009,20.850726792203503,17.683333333333334,17.683333333333334,35.87666666666667,0.4301288404360753,2026-01,avg_duration_by_zone_hour,False
81,Eastchester,7,93,50.00806451612903,43.38333333333333,43.38333333333333,98.88333333333333,0.43010752688172044,2026-01,avg_duration_by_zone_hour,False
100,Garment District,8,1449,13.05668276972625,10.55,9.05,23.883333333333333,0.42995169082125606,2026-01,avg_duration_by_zone_hour,False
50,Clinton West,14,1226,15.893094072865688,13.2,13.2,27.633333333333333,0.4298531810766721,2026-01,avg_duration_by_zone_hour,False
68,East Chelsea,1,1408,14.432125946969698,11.966666666666667,11.966666666666667,26.009999999999998,0.4296875,2026-01,avg_duration_by_zone_hour,False
113,Greenwich Village North,1,1415,12.354369846878681,10.083333333333334,10.083333333333334,23.020000000000007,0.42968197879858655,2026-01,avg_duration_by_zone_hour,False
166,Morningside Heights,15,1308,18.798394495412843,15.458333333333332,15.458333333333332,33.75833333333332,0.42966360856269115,2026-01,avg_duration_by_zone_hour,False
143,Lincoln Square West,20,1720,13.815377906976744,11.691666666666666,11.691666666666666,25.055000000000007,0.42965116279069765,2026-01,avg_duration_by_zone_hour,False
69,East Concourse/Concourse Village,9,156,43.50758547008547,33.99166666666667,33.99166666666667,82.65833333333333,0.42948717948717946,2026-01,avg_duration_by_zone_hour,False
50,Clinton West,21,1090,14.445443425076451,12.85,12.85,24.62,0.42935779816513764,2026-01,avg_duration_by_zone_hour,False
41,Central Harlem,19,876,18.072450532724506,15.641666666666666,15.641666666666666,32.825,0.4292237442922374,2026-01,avg_duration_by_zone_hour,False
151,Manhattan Valley,21,1014,13.780867850098618,12.275,12.275,25.091666666666672,0.4289940828402367,2026-01,avg_duration_by_zone_hour,False
55,Coney Island,14,70,56.735,43.50833333333333,43.50833333333333,121.01166666666667,0.42857142857142855,2026-01,avg_duration_by_zone_hour,False
108,Gravesend,14,35,53.65380952380952,48.78333333333333,48.78333333333333,93.67000000000002,0.42857142857142855,2026-01,avg_duration_by_zone_hour,False
210,Sheepshead Bay,7,91,51.95567765567766,43.88333333333333,43.88333333333333,96.9,0.42857142857142855,2026-01,avg_duration_by_zone_hour,False
29,Brighton Beach,13,42,44.23730158730159,32.95833333333333,32.95833333333333,98.12333333333333,0.42857142857142855,2026-01,avg_duration_by_zone_hour,False
77,East New York/Pennsylvania Avenue,5,63,38.24444444444445,31.466666666666665,31.466666666666665,69.75666666666667,0.42857142857142855,2026-01,avg_duration_by_zone_hour,False
168,Mott Haven/Port Morris,16,140,38.11380952380952,27.799999999999997,27.799999999999997,89.02666666666669,0.42857142857142855,2026-01,avg_duration_by_zone_hour,False
218,Springfield Gardens North,18,35,36.43714285714285,31.316666666666666,31.316666666666666,74.43,0.42857142857142855,2026-01,avg_duration_by_zone_hour,False
250,Westchester Village/Unionport,14,35,35.32238095238095,26.766666666666666,26.766666666666666,78.77666666666667,0.42857142857142855,2026-01,avg_duration_by_zone_hour,False
213,Soundview/Castle Hill,10,98,34.65221088435374,28.96666666666667,28.96666666666667,59.794999999999995,0.42857142857142855,2026-01,avg_duration_by_zone_hour,False
149,Madison,13,42,34.51706349206349,28.166666666666664,28.166666666666664,69.12666666666665,0.42857142857142855,2026-01,avg_duration_by_zone_hour,False
122,Hollis,5,42,32.39960317460317,25.09166666666667,25.09166666666667,59.60666666666666,0.42857142857142855,2026-01,avg_duration_by_zone_hour,False
250,Westchester Village/Unionport,5,49,32.31156462585034,25.55,25.55,58.89333333333334,0.42857142857142855,2026-01,avg_duration_by_zone_hour,False
134,Kew Gardens,13,49,31.179251700680272,24.2,24.2,59.51000000000001,0.42857142857142855,2026-01,avg_duration_by_zone_hour,False
134,Kew Gardens,11,49,29.99659863945578,20.233333333333334,20.233333333333334,63.326666666666696,0.42857142857142855,2026-01,avg_duration_by_zone_hour,False
258,Woodhaven,17,42,29.079761904761902,25.15,25.15,53.53666666666666,0.42857142857142855,2026-01,avg_duration_by_zone_hour,False
193,Queensbridge/Ravenswood,17,126,20.518915343915342,16.541666666666664,16.541666666666664,40.5,0.42857142857142855,2026-01,avg_duration_by_zone_hour,False
188,Prospect-Lefferts Gardens,2,42,19.607142857142858,17.5,17.5,34.15,0.42857142857142855,2026-01,avg_duration_by_zone_hour,False
260,Woodside,10,98,19.381632653061224,14.175,14.175,38.309999999999995,0.42857142857142855,2026-01,avg_duration_by_zone_hour,False
197,Richmond Hill,22,35,15.481428571428571,13.116666666666667,13.116666666666667,28.346666666666664,0.42857142857142855,2026-01,avg_duration_by_zone_hour,False
24,Bloomingdale,17,675,15.985358024691358,13.3,13.3,28.62666666666667,0.42814814814814817,2026-01,avg_duration_by_zone_hour,False
76,East New York,15,257,37.8435149156939,30.35,30.35,76.94000000000001,0.4280155642023346,2026-01,avg_duration_by_zone_hour,False
50,Clinton West,16,1222,16.512711402073105,13.441666666666666,13.441666666666666,28.76166666666667,0.427986906710311,2026-01,avg_duration_by_zone_hour,False
130,Jamaica,7,201,42.56111111111111,30.666666666666668,30.666666666666668,87.83333333333333,0.42786069651741293,2026-01,avg_duration_by_zone_hour,False
264,Unknown,10,194,17.142353951890033,13.958333333333332,13.958333333333332,33.95333333333333,0.42783505154639173,2026-01,avg_duration_by_zone_hour,False
100,Garment District,10,1655,16.45419939577039,13.666666666666666,12.991666666666667,29.57666666666668,0.42779456193353477,2026-01,avg_duration_by_zone_hour,False
75,East Harlem South,8,1819,18.80602895363753,15.75,15.75,33.553333333333335,0.4277075316107751,2026-01,avg_duration_by_zone_hour,False
237,Upper East Side South,6,982,9.888408010862186,7.433333333333334,7.433333333333334,19.37833333333333,0.42769857433808556,2026-01,avg_duration_by_zone_hour,False
166,Morningside Heights,10,966,17.97115251897861,14.866666666666667,14.866666666666667,33.03333333333333,0.427536231884058,2026-01,avg_duration_by_zone_hour,False
191,Queens Village,6,131,38.31984732824427,31.216666666666665,31.216666666666665,78.43333333333334,0.42748091603053434,2026-01,avg_duration_by_zone_hour,False
14,Bay Ridge,14,124,36.932123655913976,28.458333333333336,28.458333333333336,79.44833333333334,0.4274193548387097,2026-01,avg_duration_by_zone_hour,False
170,Murray Hill,1,1353,12.685131805863513,11.016666666666667,11.016666666666667,23.013333333333332,0.42719881744271987,2026-01,avg_duration_by_zone_hour,False
129,Jackson Heights,14,171,24.05506822612086,19.883333333333333,19.883333333333333,48.766666666666666,0.4269005847953216,2026-01,avg_duration_by_zone_hour,False
215,South Jamaica,8,143,37.693939393939395,28.2,28.2,84.72333333333333,0.42657342657342656,2026-01,avg_duration_by_zone_hour,False
229,Sutton Place/Turtle Bay North,0,1320,11.96989898989899,10.491666666666667,10.491666666666667,21.070000000000004,0.4265151515151515,2026-01,avg_duration_by_zone_hour,False
169,Mount Hope,9,68,35.936764705882354,28.608333333333334,28.608333333333334,67.93166666666669,0.4264705882352941,2026-01,avg_duration_by_zone_hour,False
35,Brownsville,21,68,32.91421568627451,27.725,27.725,66.93333333333334,0.4264705882352941,2026-01,avg_duration_by_zone_hour,False
215,South Jamaica,14,68,30.573284313725487,23.90833333333333,23.90833333333333,59.54833333333335,0.4264705882352941,2026-01,avg_duration_by_zone_hour,False
159,Melrose South,5,61,37.626229508196715,25.25,25.25,91.61666666666666,0.4262295081967213,2026-01,avg_duration_by_zone_hour,False
135,Kew Gardens Hills,8,61,34.368032786885244,25.683333333333334,25.683333333333334,71.01666666666667,0.4262295081967213,2026-01,avg_duration_by_zone_hour,False
234,Union Sq,1,1972,13.803870858688303,11.625,11.625,25.665000000000003,0.4259634888438134,2026-01,avg_duration_by_zone_hour,False
113,Greenwich Village North,0,1945,12.588508997429306,10.55,9.908333333333333,23.593333333333337,0.425706940874036,2026-01,avg_duration_by_zone_hour,False
259,Woodlawn/Wakefield,7,94,48.48776595744681,37.71666666666667,37.71666666666667,94.70833333333334,0.425531914893617,2026-01,avg_duration_by_zone_hour,False
108,Gravesend,9,47,45.69078014184397,34.31666666666667,34.31666666666667,84.45333333333332,0.425531914893617,2026-01,avg_duration_by_zone_hour,False
28,Briarwood/Jamaica Hills,12,47,35.720567375886525,23.583333333333332,23.583333333333332,74.49,0.425531914893617,2026-01,avg_duration_by_zone_hour,False
169,Mount Hope,12,47,35.32127659574468,29.366666666666667,29.366666666666667,59.05,0.425531914893617,2026-01,avg_duration_by_zone_hour,False
197,Richmond Hill,5,94,29.75354609929078,21.78333333333333,21.78333333333333,55.315,0.425531914893617,2026-01,avg_duration_by_zone_hour,False
125,Hudson Sq,10,705,16.131891252955082,13.1,13.1,30.78333333333334,0.425531914893617,2026-01,avg_duration_by_zone_hour,False
219,Springfield Gardens South,11,40,50.649166666666666,40.68333333333334,40.68333333333334,108.77666666666667,0.425,2026-01,avg_duration_by_zone_hour,False
191,Queens Village,10,40,38.34458333333333,30.75,30.75,77.16666666666666,0.425,2026-01,avg_duration_by_zone_hour,False
17,Bedford,12,200,34.7465,28.71666666666667,28.71666666666667,64.74333333333334,0.425,2026-01,avg_duration_by_zone_hour,False
39,Canarsie,15,120,33.9775,22.700000000000003,22.700000000000003,71.88333333333334,0.425,2026-01,avg_duration_by_zone_hour,False
28,Briarwood/Jamaica Hills,0,40,16.412916666666668,15.95,15.95,26.475,0.425,2026-01,avg_duration_by_zone_hour,False
166,Morningside Heights,14,1165,18.753333333333334,15.4,15.4,34.6866666666667,0.4248927038626609,2026-01,avg_duration_by_zone_hour,False
158,Meatpacking/West Village West,11,886,16.414371708051167,13.725,13.725,29.65,0.42437923250564336,2026-01,avg_duration_by_zone_hour,False
108,Gravesend,6,33,50.46111111111111,48.8,48.8,77.16333333333334,0.42424242424242425,2026-01,avg_duration_by_zone_hour,False
124,Howard Beach,7,33,46.124242424242425,37.983333333333334,37.983333333333334,90.47333333333334,0.42424242424242425,2026-01,avg_duration_by_zone_hour,False
55,Coney Island,13,66,45.08131313131313,38.86666666666667,38.86666666666667,82.95,0.42424242424242425,2026-01,avg_duration_by_zone_hour,False
227,Sunset Park East,7,66,36.230808080808075,30.758333333333333,30.758333333333333,69.05,0.42424242424242425,2026-01,avg_duration_by_zone_hour,False
227,Sunset Park East,9,66,34.99419191919192,31.1,31.1,69.625,0.42424242424242425,2026-01,avg_duration_by_zone_hour,False
257,Windsor Terrace,10,33,34.8989898989899,25.033333333333335,25.033333333333335,63.040000000000006,0.42424242424242425,2026-01,avg_duration_by_zone_hour,False
180,Ozone Park,11,33,31.389898989898988,21.083333333333332,21.083333333333332,78.24333333333335,0.42424242424242425,2026-01,avg_duration_by_zone_hour,False
28,Briarwood/Jamaica Hills,13,66,30.47247474747475,23.183333333333334,23.183333333333334,61.5,0.42424242424242425,2026-01,avg_duration_by_zone_hour,False
69,East Concourse/Concourse Village,20,33,26.014646464646464,21.516666666666666,21.516666666666666,51.68333333333334,0.42424242424242425,2026-01,avg_duration_by_zone_hour,False
92,Flushing,23,66,15.764646464646464,13.3,13.3,26.833333333333336,0.42424242424242425,2026-01,avg_duration_by_zone_hour,False
43,Central Park,9,1733,12.311136757068667,9.983333333333333,8.941666666666666,23.263333333333332,0.4241200230813618,2026-01,avg_duration_by_zone_hour,False
247,West Concourse,7,177,34.6286252354049,27.233333333333334,27.233333333333334,68.08666666666669,0.423728813559322,2026-01,avg_duration_by_zone_hour,False
219,Springfield Gardens South,7,85,51.921960784313725,36.5,36.5,113.35000000000004,0.4235294117647059,2026-01,avg_duration_by_zone_hour,False
149,Madison,8,52,38.59166666666667,27.75,27.75,81.82166666666667,0.4230769230769231,2026-01,avg_duration_by_zone_hour,False
212,Soundview/Bruckner,9,52,35.93685897435898,22.583333333333332,22.583333333333332,90.55166666666666,0.4230769230769231,2026-01,avg_duration_by_zone_hour,False
83,Elmhurst/Maspeth,15,52,23.060576923076926,18.2,18.2,40.19166666666667,0.4230769230769231,2026-01,avg_duration_by_zone_hour,False
230,Times Sq/Theatre District,1,1504,13.011491578014184,11.633333333333333,11.633333333333333,22.680000000000003,0.4228723404255319,2026-01,avg_duration_by_zone_hour,False
211,SoHo,1,932,12.965665236051501,10.925,10.925,24.66166666666666,0.4227467811158798,2026-01,avg_duration_by_zone_hour,False
42,Central Harlem North,18,686,21.388945578231294,18.991666666666667,18.991666666666667,37.65833333333333,0.4227405247813411,2026-01,avg_duration_by_zone_hour,False
185,Pelham Parkway,7,71,48.753755868544594,39.78333333333333,39.78333333333333,96.3,0.4225352112676056,2026-01,avg_duration_by_zone_hour,False
210,Sheepshead Bay,8,71,42.90492957746479,29.966666666666665,29.966666666666665,93.35,0.4225352112676056,2026-01,avg_duration_by_zone_hour,False
24,Bloomingdale,13,618,17.0834142394822,14.566666666666666,14.566666666666666,30.71666666666669,0.4223300970873786,2026-01,avg_duration_by_zone_hour,False
237,Upper East Side South,1,1009,11.085530227948464,9.016666666666667,9.016666666666667,20.913333333333334,0.4222001982160555,2026-01,avg_duration_by_zone_hour,False
76,East New York,12,308,37.406168831168834,31.916666666666664,31.916666666666664,71.86,0.42207792207792205,2026-01,avg_duration_by_zone_hour,False
69,East Concourse/Concourse Village,10,109,39.02844036697248,30.283333333333335,30.283333333333335,80.15666666666667,0.42201834862385323,2026-01,avg_duration_by_zone_hour,False
42,Central Harlem North,15,654,26.21480632008155,20.875,20.875,51.14500000000001,0.42201834862385323,2026-01,avg_duration_by_zone_hour,False
140,Lenox Hill East,21,2285,12.971115973741794,11.233333333333333,11.233333333333333,22.983333333333334,0.4218818380743983,2026-01,avg_duration_by_zone_hour,False
78,East Tremont,10,64,46.385416666666664,37.00833333333334,37.00833333333334,86.64,0.421875,2026-01,avg_duration_by_zone_hour,False
216,South Ozone Park,11,83,23.276706827309237,15.2,15.2,52.47333333333333,0.42168674698795183,2026-01,avg_duration_by_zone_hour,False
35,Brownsville,15,121,37.83250688705235,28.283333333333335,28.283333333333335,76.78333333333333,0.4214876033057851,2026-01,avg_duration_by_zone_hour,False
114,Greenwich Village South,13,1388,15.583621517771373,12.725,12.725,28.661666666666658,0.4214697406340058,2026-01,avg_duration_by_zone_hour,False
43,Central Park,21,1410,12.017056737588652,10.1,10.091666666666665,22.315000000000023,0.42127659574468085,2026-01,avg_duration_by_zone_hour,False
137,Kips Bay,11,2180,16.718669724770642,13.008333333333333,13.008333333333333,31.523333333333365,0.42110091743119266,2026-01,avg_duration_by_zone_hour,False
86,Far Rockaway,8,95,53.82561403508772,48.766666666666666,48.766666666666666,107.87333333333336,0.42105263157894735,2026-01,avg_duration_by_zone_hour,False
174,Norwood,10,38,50.73333333333333,39.59166666666667,39.59166666666667,104.27000000000001,0.42105263157894735,2026-01,avg_duration_by_zone_hour,False
47,Claremont/Bathgate,5,38,43.83991228070175,42.03333333333333,42.03333333333333,78.60333333333334,0.42105263157894735,2026-01,avg_duration_by_zone_hour,False
121,Hillcrest/Pomonok,16,57,42.92982456140351,39.483333333333334,39.483333333333334,77.49666666666667,0.42105263157894735,2026-01,avg_duration_by_zone_hour,False
191,Queens Village,16,57,42.43771929824561,32.45,32.45,101.01666666666667,0.42105263157894735,2026-01,avg_duration_by_zone_hour,False
131,Jamaica Estates,10,38,40.525,31.291666666666664,31.291666666666664,83.51666666666667,0.42105263157894735,2026-01,avg_duration_by_zone_hour,False
202,Roosevelt Island,14,38,39.34692982456141,33.79166666666667,33.79166666666667,67.76166666666667,0.42105263157894735,2026-01,avg_duration_by_zone_hour,False
67,Dyker Heights,8,38,39.0,30.6,30.6,78.59666666666672,0.42105263157894735,2026-01,avg_duration_by_zone_hour,False
72,East Flatbush/Remsen Village,8,266,35.6437969924812,26.375,26.375,75.61666666666667,0.42105263157894735,2026-01,avg_duration_by_zone_hour,False
71,East Flatbush/Farragut,17,76,34.63969298245614,25.59166666666667,25.59166666666667,73.7,0.42105263157894735,2026-01,avg_duration_by_zone_hour,False
72,East Flatbush/Remsen Village,17,76,33.20175438596491,25.491666666666667,25.491666666666667,55.858333333333334,0.42105263157894735,2026-01,avg_duration_by_zone_hour,False
119,Highbridge,13,57,30.32046783625731,19.983333333333334,19.983333333333334,62.46999999999999,0.42105263157894735,2026-01,avg_duration_by_zone_hour,False
102,Glendale,6,57,27.13304093567252,23.466666666666665,23.466666666666665,46.86666666666666,0.42105263157894735,2026-01,avg_duration_by_zone_hour,False
227,Sunset Park East,19,38,22.355701754385965,17.825,17.825,37.273333333333355,0.42105263157894735,2026-01,avg_duration_by_zone_hour,False
216,South Ozone Park,19,76,22.037280701754383,13.183333333333334,13.183333333333334,47.43333333333334,0.42105263157894735,2026-01,avg_duration_by_zone_hour,False
216,South Ozone Park,20,57,19.591520467836258,13.116666666666667,13.116666666666667,43.776666666666664,0.42105263157894735,2026-01,avg_duration_by_zone_hour,False
180,Ozone Park,23,38,17.853947368421053,14.125,14.125,35.42666666666667,0.42105263157894735,2026-01,avg_duration_by_zone_hour,False
50,Clinton West,20,1088,14.157582720588236,12.441666666666666,12.441666666666666,25.238333333333337,0.4209558823529412,2026-01,avg_duration_by_zone_hour,False
68,East Chelsea,4,613,13.6368406742795,11.2,11.2,25.246666666666687,0.42088091353996737,2026-01,avg_duration_by_zone_hour,False
90,Flatiron,1,1476,13.129753839205058,11.25,11.25,24.366666666666667,0.42073170731707316,2026-01,avg_duration_by_zone_hour,False
125,Hudson Sq,15,889,17.098425196850393,13.083333333333334,13.083333333333334,32.28666666666667,0.42069741282339707,2026-01,avg_duration_by_zone_hour,False
76,East New York,6,397,42.7151973131822,33.583333333333336,33.583333333333336,85.05666666666669,0.42065491183879095,2026-01,avg_duration_by_zone_hour,False
166,Morningside Heights,22,806,15.814971050454922,13.633333333333333,13.633333333333333,29.666666666666668,0.4205955334987593,2026-01,avg_duration_by_zone_hour,False
78,East Tremont,6,88,35.54337121212121,30.525,30.525,67.94166666666666,0.42045454545454547,2026-01,avg_duration_by_zone_hour,False
197,Richmond Hill,10,88,28.89981060606061,20.53333333333333,20.53333333333333,58.714999999999996,0.42045454545454547,2026-01,avg_duration_by_zone_hour,False
216,South Ozone Park,9,157,27.90891719745223,20.0,20.0,63.796666666666674,0.42038216560509556,2026-01,avg_duration_by_zone_hour,False
39,Canarsie,14,188,32.027393617021275,21.358333333333334,21.358333333333334,68.21000000000001,0.42021276595744683,2026-01,avg_duration_by_zone_hour,False
29,Brighton Beach,15,50,52.006,44.99166666666667,44.99166666666667,92.98333333333336,0.42,2026-01,avg_duration_by_zone_hour,False
235,University Heights/Morris Heights,12,50,42.841,33.775000000000006,33.775000000000006,82.90166666666667,0.42,2026-01,avg_duration_by_zone_hour,False
55,Coney Island,17,81,45.58189300411522,38.3,38.3,93.5,0.41975308641975306,2026-01,avg_duration_by_zone_hour,False
137,Kips Bay,3,560,10.452619047619047,8.916666666666668,8.916666666666668,18.603333333333335,0.41964285714285715,2026-01,avg_duration_by_zone_hour,False
166,Morningside Heights,12,1149,18.88994778067885,16.35,16.35,34.470000000000006,0.4194952132288947,2026-01,avg_duration_by_zone_hour,False
48,Clinton East,10,3111,15.56522018643523,12.516666666666667,11.633333333333333,29.133333333333333,0.41947926711668276,2026-01,avg_duration_by_zone_hour,False
123,Homecrest,7,31,46.6747311827957,27.916666666666668,27.916666666666668,123.13333333333334,0.41935483870967744,2026-01,avg_duration_by_zone_hour,False
35,Brownsville,14,124,37.14637096774193,29.191666666666666,29.191666666666666,69.74333333333334,0.41935483870967744,2026-01,avg_duration_by_zone_hour,False
254,Williamsbridge/Olinville,18,31,34.13548387096775,20.266666666666666,20.266666666666666,92.3,0.41935483870967744,2026-01,avg_duration_by_zone_hour,False
19,Bellerose,14,31,34.05860215053763,25.233333333333334,25.233333333333334,66.93333333333334,0.41935483870967744,2026-01,avg_duration_by_zone_hour,False
76,East New York,14,310,33.61806451612903,27.316666666666666,27.316666666666666,64.10000000000001,0.41935483870967744,2026-01,avg_duration_by_zone_hour,False
208,Schuylerville/Edgewater Park,7,93,33.510573476702504,28.216666666666665,28.216666666666665,61.876666666666665,0.41935483870967744,2026-01,avg_duration_by_zone_hour,False
219,Springfield Gardens South,14,31,28.50215053763441,23.8,23.8,52.6,0.41935483870967744,2026-01,avg_duration_by_zone_hour,False
124,Howard Beach,14,31,25.18494623655914,24.016666666666666,24.016666666666666,41.25,0.41935483870967744,2026-01,avg_duration_by_zone_hour,False
34,Brooklyn Navy Yard,14,31,24.90806451612903,18.616666666666667,18.616666666666667,45.86666666666667,0.41935483870967744,2026-01,avg_duration_by_zone_hour,False
69,East Concourse/Concourse Village,21,31,21.494086021505378,16.1,16.1,47.13333333333333,0.41935483870967744,2026-01,avg_duration_by_zone_hour,False
165,Midwood,21,31,20.938709677419357,19.016666666666666,19.016666666666666,39.483333333333334,0.41935483870967744,2026-01,avg_duration_by_zone_hour,False
75,East Harlem South,7,1527,16.45319799170487,13.933333333333334,13.933333333333334,28.830000000000002,0.41912246234446626,2026-01,avg_duration_by_zone_hour,False
18,Bedford Park,9,74,51.69234234234234,45.74166666666667,45.74166666666667,95.54,0.4189189189189189,2026-01,avg_duration_by_zone_hour,False
91,Flatlands,16,74,38.17725225225225,28.53333333333333,28.53333333333333,80.42666666666668,0.4189189189189189,2026-01,avg_duration_by_zone_hour,False
50,Clinton West,9,1571,16.343783152981114,13.9,13.791666666666668,29.083333333333332,0.41884150222788036,2026-01,avg_duration_by_zone_hour,False
51,Co-Op City,14,43,61.20387596899224,52.96666666666667,52.96666666666667,121.91000000000003,0.4186046511627907,2026-01,avg_duration_by_zone_hour,False
242,Van Nest/Morris Park,10,43,43.56782945736434,34.733333333333334,34.733333333333334,72.2366666666667,0.4186046511627907,2026-01,avg_duration_by_zone_hour,False
193,Queensbridge/Ravenswood,18,129,19.315374677002584,16.533333333333335,16.533333333333335,34.77,0.4186046511627907,2026-01,avg_duration_by_zone_hour,False
114,Greenwich Village South,3,1764,12.420134164777021,10.45,10.45,22.1,0.41836734693877553,2026-01,avg_duration_by_zone_hour,False
24,Bloomingdale,18,691,15.324336710082006,13.45,13.45,27.65,0.4182344428364689,2026-01,avg_duration_by_zone_hour,False
238,Upper West Side North,23,1234,13.425040518638573,11.675,11.675,25.206666666666667,0.4181523500810373,2026-01,avg_duration_by_zone_hour,False
249,West Village,10,1850,13.327873873873873,10.525,9.583333333333334,25.985000000000003,0.41783783783783784,2026-01,avg_duration_by_zone_hour,False
167,Morrisania/Melrose,6,146,38.34703196347032,29.975,29.975,69.51666666666667,0.4178082191780822,2026-01,avg_duration_by_zone_hour,False
50,Clinton West,11,1247,15.721371291098636,13.35,13.35,27.486666666666668,0.41780272654370487,2026-01,avg_duration_by_zone_hour,False
143,Lincoln Square West,21,1379,13.527447425670776,11.65,11.65,24.81000000000001,0.4176939811457578,2026-01,avg_duration_by_zone_hour,False
125,Hudson Sq,22,905,15.67815837937385,13.583333333333334,13.583333333333334,28.363333333333333,0.4176795580110497,2026-01,avg_duration_by_zone_hour,False
136,Kingsbridge Heights,8,91,41.65970695970696,32.81666666666667,32.81666666666667,80.7,0.4175824175824176,2026-01,avg_duration_by_zone_hour,False
24,Bloomingdale,11,630,16.56878306878307,14.508333333333333,14.508333333333333,31.36000000000001,0.4174603174603175,2026-01,avg_duration_by_zone_hour,False
166,Morningside Heights,11,968,19.208729338842975,16.683333333333334,16.683333333333334,34.646666666666675,0.41735537190082644,2026-01,avg_duration_by_zone_hour,False
95,Forest Hills,16,127,29.30524934383202,22.366666666666667,22.366666666666667,59.216666666666676,0.41732283464566927,2026-01,avg_duration_by_zone_hour,False
90,Flatiron,10,2113,12.990589998422463,10.183333333333334,10.083333333333334,26.18,0.4169427354472314,2026-01,avg_duration_by_zone_hour,False
47,Claremont/Bathgate,10,36,52.388888888888886,42.20833333333333,42.20833333333333,97.2,0.4166666666666667,2026-01,avg_duration_by_zone_hour,False
108,Gravesend,7,60,45.08833333333334,40.208333333333336,40.208333333333336,91.53166666666668,0.4166666666666667,2026-01,avg_duration_by_zone_hour,False
77,East New York/Pennsylvania Avenue,4,36,43.07361111111111,34.125,34.125,73.23333333333332,0.4166666666666667,2026-01,avg_duration_by_zone_hour,False
155,Marine Park/Mill Basin,9,84,40.4313492063492,30.608333333333334,30.608333333333334,88.47166666666668,0.4166666666666667,2026-01,avg_duration_by_zone_hour,False
180,Ozone Park,7,36,39.59259259259259,35.8,35.8,79.54166666666666,0.4166666666666667,2026-01,avg_duration_by_zone_hour,False
85,Erasmus,14,84,37.504960317460316,27.84166666666667,27.84166666666667,74.51833333333333,0.4166666666666667,2026-01,avg_duration_by_zone_hour,False
250,Westchester Village/Unionport,9,36,34.25833333333333,27.725,27.725,67.53333333333333,0.4166666666666667,2026-01,avg_duration_by_zone_hour,False
165,Midwood,14,72,32.731944444444444,25.616666666666667,25.616666666666667,61.221666666666664,0.4166666666666667,2026-01,avg_duration_by_zone_hour,False
217,South Williamsburg,17,36,27.2162037037037,19.049999999999997,19.049999999999997,58.40833333333333,0.4166666666666667,2026-01,avg_duration_by_zone_hour,False
197,Richmond Hill,13,108,25.57885802469136,17.65833333333333,17.65833333333333,58.089999999999996,0.4166666666666667,2026-01,avg_duration_by_zone_hour,False
63,Cypress Hills,20,36,23.56574074074074,19.191666666666666,19.191666666666666,42.925,0.4166666666666667,2026-01,avg_duration_by_zone_hour,False
157,Maspeth,14,48,21.90381944444444,17.15,17.15,40.61333333333334,0.4166666666666667,2026-01,avg_duration_by_zone_hour,False
137,Kips Bay,15,2769,20.082177681473457,14.05,13.983333333333333,41.92333333333336,0.41639581076200793,2026-01,avg_duration_by_zone_hour,False
50,Clinton West,12,1249,15.069068588203896,12.783333333333333,12.783333333333333,26.393333333333334,0.41633306645316254,2026-01,avg_duration_by_zone_hour,False
197,Richmond Hill,7,209,28.303668261562997,20.45,20.45,56.81333333333337,0.41626794258373206,2026-01,avg_duration_by_zone_hour,False
151,Manhattan Valley,19,1641,13.98034734917733,11.7,11.7,26.216666666666665,0.4162096282754418,2026-01,avg_duration_by_zone_hour,False
76,East New York,10,363,37.58953168044077,31.333333333333332,31.333333333333332,75.04666666666667,0.41597796143250687,2026-01,avg_duration_by_zone_hour,False
86,Far Rockaway,7,113,54.993657817109145,37.75,37.75,129.36333333333332,0.415929203539823,2026-01,avg_duration_by_zone_hour,False
137,Kips Bay,7,1741,13.855035420256556,11.05,11.05,25.633333333333333,0.41585295807007466,2026-01,avg_duration_by_zone_hour,False
82,Elmhurst,15,89,24.324157303370786,19.216666666666665,19.216666666666665,45.34,0.4157303370786517,2026-01,avg_duration_by_zone_hour,False
166,Morningside Heights,1,243,14.238271604938271,11.616666666666667,11.616666666666667,25.696666666666665,0.4156378600823045,2026-01,avg_duration_by_zone_hour,False
65,Downtown Brooklyn/MetroTech,16,296,33.86751126126126,23.516666666666666,23.516666666666666,74.575,0.4155405405405405,2026-01,avg_duration_by_zone_hour,False
262,Yorkville East,20,1844,13.643709327548807,11.9,11.9,24.558333333333337,0.4154013015184382,2026-01,avg_duration_by_zone_hour,False
246,West Chelsea/Hudson Yards,23,1731,14.673290968611592,13.366666666666667,13.366666666666667,24.55,0.41536683997689194,2026-01,avg_duration_by_zone_hour,False
263,Yorkville West,0,1712,11.277346183800622,10.0,10.0,20.516666666666666,0.415303738317757,2026-01,avg_duration_by_zone_hour,False
43,Central Park,10,1912,12.580866457461644,10.275,9.883333333333333,24.065,0.41527196652719667,2026-01,avg_duration_by_zone_hour,False
163,Midtown North,4,236,15.976694915254237,14.024999999999999,14.024999999999999,30.40833333333333,0.4152542372881356,2026-01,avg_duration_by_zone_hour,False
254,Williamsbridge/Olinville,15,53,51.37389937106918,42.166666666666664,42.166666666666664,92.93666666666668,0.41509433962264153,2026-01,avg_duration_by_zone_hour,False
131,Jamaica Estates,13,53,32.77547169811321,21.55,21.55,70.72333333333336,0.41509433962264153,2026-01,avg_duration_by_zone_hour,False
260,Woodside,17,159,23.044234800838574,19.3,19.3,42.96666666666667,0.41509433962264153,2026-01,avg_duration_by_zone_hour,False
24,Bloomingdale,20,465,16.19645161290323,13.516666666666667,13.516666666666667,29.683333333333337,0.4150537634408602,2026-01,avg_duration_by_zone_hour,False
210,Sheepshead Bay,14,82,45.61626016260163,31.375,31.375,97.79166666666673,0.4146341463414634,2026-01,avg_duration_by_zone_hour,False
210,Sheepshead Bay,6,41,44.98048780487805,35.55,35.55,84.35,0.4146341463414634,2026-01,avg_duration_by_zone_hour,False
258,Woodhaven,12,41,34.65772357723577,25.533333333333335,25.533333333333335,59.61666666666667,0.4146341463414634,2026-01,avg_duration_by_zone_hour,False
157,Maspeth,13,41,25.546747967479675,19.566666666666666,19.566666666666666,51.016666666666666,0.4146341463414634,2026-01,avg_duration_by_zone_hour,False
205,Saint Albans,8,152,42.97467105263158,34.86666666666667,34.86666666666667,85.77166666666668,0.4144736842105263,2026-01,avg_duration_by_zone_hour,False
48,Clinton East,11,3084,15.417515131863382,12.45,12.391666666666666,28.2,0.4143968871595331,2026-01,avg_duration_by_zone_hour,False
83,Elmhurst/Maspeth,8,70,24.53047619047619,22.391666666666666,22.391666666666666,45.51833333333334,0.4142857142857143,2026-01,avg_duration_by_zone_hour,False
211,SoHo,20,1744,14.924913990825688,12.783333333333333,12.783333333333333,26.73500000000001,0.4139908256880734,2026-01,avg_duration_by_zone_hour,False
107,Gramercy,3,790,11.435400843881856,9.841666666666667,9.841666666666667,21.65,0.4139240506329114,2026-01,avg_duration_by_zone_hour,False
211,SoHo,0,1341,13.925664926671637,11.6,11.6,25.083333333333332,0.41387024608501116,2026-01,avg_duration_by_zone_hour,False
222,Starrett City,11,87,44.767049808429114,33.21666666666667,33.21666666666667,99.16333333333333,0.41379310344827586,2026-01,avg_duration_by_zone_hour,False
123,Homecrest,8,58,42.43563218390805,27.491666666666667,27.491666666666667,84.53333333333335,0.41379310344827586,2026-01,avg_duration_by_zone_hour,False
191,Queens Village,14,58,42.210344827586205,36.61666666666667,36.61666666666667,74.64833333333334,0.41379310344827586,2026-01,avg_duration_by_zone_hour,False
215,South Jamaica,5,58,35.31925287356322,34.36666666666667,34.36666666666667,63.52500000000003,0.41379310344827586,2026-01,avg_duration_by_zone_hour,False
247,West Concourse,15,58,32.28534482758621,24.65,24.65,67.01500000000009,0.41379310344827586,2026-01,avg_duration_by_zone_hour,False
63,Cypress Hills,13,58,29.169252873563217,22.316666666666666,22.316666666666666,51.39666666666667,0.41379310344827586,2026-01,avg_duration_by_zone_hour,False
254,Williamsbridge/Olinville,8,162,48.116769547325106,41.3,41.3,88.21333333333334,0.41358024691358025,2026-01,avg_duration_by_zone_hour,False
233,UN/Turtle Bay South,23,1018,12.531827111984283,11.166666666666666,11.166666666666666,21.54833333333334,0.41355599214145383,2026-01,avg_duration_by_zone_hour,False
72,East Flatbush/Remsen Village,5,133,30.7062656641604,23.283333333333335,23.283333333333335,66.3,0.41353383458646614,2026-01,avg_duration_by_zone_hour,False
42,Central Harlem North,9,786,27.558290924512296,23.266666666666666,23.266666666666666,51.25833333333334,0.41348600508905853,2026-01,avg_duration_by_zone_hour,False
71,East Flatbush/Farragut,13,104,35.040705128205126,29.625,29.625,62.00333333333334,0.41346153846153844,2026-01,avg_duration_by_zone_hour,False
75,East Harlem South,6,924,16.736976911976914,13.358333333333334,13.358333333333334,28.89166666666667,0.4134199134199134,2026-01,avg_duration_by_zone_hour,False
91,Flatlands,8,225,43.139111111111106,31.75,31.75,92.29666666666667,0.41333333333333333,2026-01,avg_duration_by_zone_hour,False
262,Yorkville East,21,1377,13.493464052287582,12.3,12.3,23.413333333333334,0.4132171387073348,2026-01,avg_duration_by_zone_hour,False
90,Flatiron,11,2200,13.909598484848484,10.65,9.7,26.88833333333334,0.4131818181818182,2026-01,avg_duration_by_zone_hour,False
174,Norwood,11,46,50.86702898550725,37.93333333333334,37.93333333333334,96.73333333333333,0.41304347826086957,2026-01,avg_duration_by_zone_hour,False
56,Corona,15,46,40.14021739130435,32.791666666666664,32.791666666666664,68.18333333333334,0.41304347826086957,2026-01,avg_duration_by_zone_hour,False
22,Bensonhurst West,17,46,29.12463768115942,18.433333333333334,18.433333333333334,63.483333333333334,0.41304347826086957,2026-01,avg_duration_by_zone_hour,False
26,Borough Park,20,46,17.898913043478263,14.766666666666666,14.766666666666666,32.1,0.41304347826086957,2026-01,avg_duration_by_zone_hour,False
137,Kips Bay,23,1966,13.78237538148525,11.758333333333333,11.758333333333333,23.941666666666666,0.4125127161749746,2026-01,avg_duration_by_zone_hour,False
159,Melrose South,14,80,38.24583333333333,28.96666666666667,28.96666666666667,75.7516666666667,0.4125,2026-01,avg_duration_by_zone_hour,False
247,West Concourse,18,80,27.710416666666667,20.391666666666666,20.391666666666666,54.918333333333344,0.4125,2026-01,avg_duration_by_zone_hour,False
130,Jamaica,8,177,40.1909604519774,29.633333333333333,29.633333333333333,87.53999999999999,0.4124293785310734,2026-01,avg_duration_by_zone_hour,False
81,Eastchester,8,97,37.90824742268041,30.933333333333334,30.933333333333334,77.32333333333335,0.41237113402061853,2026-01,avg_duration_by_zone_hour,False
89,Flatbush/Ditmas Park,16,165,36.67818181818181,28.75,28.75,74.00333333333332,0.4121212121212121,2026-01,avg_duration_by_zone_hour,False
137,Kips Bay,12,2226,17.459374064091044,13.708333333333332,13.708333333333332,32.85,0.4119496855345912,2026-01,avg_duration_by_zone_hour,False
166,Morningside Heights,20,1180,16.498841807909606,14.3,14.3,30.536666666666672,0.411864406779661,2026-01,avg_duration_by_zone_hour,False
51,Co-Op City,4,51,52.059150326797386,40.6,40.6,104.6,0.4117647058823529,2026-01,avg_duration_by_zone_hour,False
210,Sheepshead Bay,16,34,51.68088235294118,38.33333333333333,38.33333333333333,103.95833333333333,0.4117647058823529,2026-01,avg_duration_by_zone_hour,False
210,Sheepshead Bay,9,85,43.02980392156863,35.833333333333336,35.833333333333336,86.11000000000001,0.4117647058823529,2026-01,avg_duration_by_zone_hour,False
147,Longwood,9,34,40.83627450980392,31.03333333333333,31.03333333333333,76.02666666666664,0.4117647058823529,2026-01,avg_duration_by_zone_hour,False
121,Hillcrest/Pomonok,9,34,38.00098039215686,26.53333333333333,26.53333333333333,77.47833333333332,0.4117647058823529,2026-01,avg_duration_by_zone_hour,False
25,Boerum Hill,15,204,37.89959150326797,29.975,29.975,73.69166666666672,0.4117647058823529,2026-01,avg_duration_by_zone_hour,False
121,Hillcrest/Pomonok,6,51,36.41895424836601,27.383333333333333,27.383333333333333,74.63333333333334,0.4117647058823529,2026-01,avg_duration_by_zone_hour,False
188,Prospect-Lefferts Gardens,4,85,31.812352941176474,23.983333333333334,23.983333333333334,54.27333333333336,0.4117647058823529,2026-01,avg_duration_by_zone_hour,False
63,Cypress Hills,14,68,28.995098039215687,23.066666666666666,23.066666666666666,57.23166666666667,0.4117647058823529,2026-01,avg_duration_by_zone_hour,False
160,Middle Village,16,34,28.224999999999998,20.733333333333334,20.733333333333334,59.45666666666666,0.4117647058823529,2026-01,avg_duration_by_zone_hour,False
265,Outside of NYC,15,34,22.39950980392157,16.816666666666666,16.816666666666666,48.68833333333333,0.4117647058823529,2026-01,avg_duration_by_zone_hour,False
263,Yorkville West,4,486,11.34156378600823,10.399999999999999,10.399999999999999,20.483333333333334,0.411522633744856,2026-01,avg_duration_by_zone_hour,False
235,University Heights/Morris Heights,8,141,43.375295508274235,34.516666666666666,34.516666666666666,85.46666666666667,0.41134751773049644,2026-01,avg_duration_by_zone_hour,False
246,West Chelsea/Hudson Yards,0,1325,15.543572327044025,13.766666666666667,13.766666666666667,27.930000000000007,0.41132075471698115,2026-01,avg_duration_by_zone_hour,False
235,University Heights/Morris Heights,9,124,38.17217741935484,31.191666666666666,31.191666666666666,70.36,0.4112903225806452,2026-01,avg_duration_by_zone_hour,False
260,Woodside,15,107,19.909968847352026,14.85,14.85,33.60666666666668,0.411214953271028,2026-01,avg_duration_by_zone_hour,False
42,Central Harlem North,8,1182,26.94616469261139,22.4,22.4,50.598333333333336,0.41116751269035534,2026-01,avg_duration_by_zone_hour,False
247,West Concourse,12,73,31.929680365296804,25.85,25.85,59.279999999999994,0.410958904109589,2026-01,avg_duration_by_zone_hour,False
125,Hudson Sq,5,73,14.591324200913244,11.633333333333333,11.633333333333333,25.876666666666665,0.410958904109589,2026-01,avg_duration_by_zone_hour,False
100,Garment District,1,796,13.438756281407036,11.55,11.55,25.46666666666667,0.4108040201005025,2026-01,avg_duration_by_zone_hour,False
4,Alphabet City,22,857,15.920050563982887,14.183333333333334,14.183333333333334,26.583333333333332,0.41073512252042005,2026-01,avg_duration_by_zone_hour,False
47,Claremont/Bathgate,6,56,41.87410714285714,35.641666666666666,35.641666666666666,74.95833333333334,0.4107142857142857,2026-01,avg_duration_by_zone_hour,False
114,Greenwich Village South,10,772,13.698337651122625,11.375,11.375,25.53833333333333,0.4106217616580311,2026-01,avg_duration_by_zone_hour,False
125,Hudson Sq,19,1172,15.030162116040954,13.350000000000001,13.350000000000001,26.55,0.4104095563139932,2026-01,avg_duration_by_zone_hour,False
180,Ozone Park,8,39,34.90982905982906,27.966666666666665,27.966666666666665,70.43666666666671,0.41025641025641024,2026-01,avg_duration_by_zone_hour,False
35,Brownsville,4,39,33.58632478632478,27.966666666666665,27.966666666666665,63.150000000000006,0.41025641025641024,2026-01,avg_duration_by_zone_hour,False
219,Springfield Gardens South,0,39,19.394871794871793,16.75,16.75,33.68,0.41025641025641024,2026-01,avg_duration_by_zone_hour,False
146,Long Island City/Queens Plaza,22,156,15.875961538461539,14.358333333333334,14.358333333333334,25.766666666666666,0.41025641025641024,2026-01,avg_duration_by_zone_hour,False
114,Greenwich Village South,11,924,14.44294733044733,11.933333333333334,11.933333333333334,26.60166666666667,0.4101731601731602,2026-01,avg_duration_by_zone_hour,False
48,Clinton East,14,3033,15.762583800417627,12.0,12.0,30.183333333333334,0.41015496208374547,2026-01,avg_duration_by_zone_hour,False
90,Flatiron,15,2602,15.710229310786575,12.133333333333333,12.133333333333333,29.465,0.41006917755572636,2026-01,avg_duration_by_zone_hour,False
90,Flatiron,13,2612,15.090065084226646,11.616666666666667,11.616666666666667,28.461666666666687,0.41003062787136296,2026-01,avg_duration_by_zone_hour,False
155,Marine Park/Mill Basin,6,61,48.48934426229508,45.06666666666667,45.06666666666667,92.66666666666667,0.4098360655737705,2026-01,avg_duration_by_zone_hour,False
165,Midwood,7,61,43.01857923497268,39.93333333333333,39.93333333333333,78.3,0.4098360655737705,2026-01,avg_duration_by_zone_hour,False
210,Sheepshead Bay,11,83,47.998795180722894,38.31666666666667,38.31666666666667,99.23666666666666,0.40963855421686746,2026-01,avg_duration_by_zone_hour,False
90,Flatiron,14,2559,15.589194998046112,11.416666666666666,11.416666666666666,30.286666666666672,0.40953497459945293,2026-01,avg_duration_by_zone_hour,False
159,Melrose South,16,105,52.03523809523809,42.81666666666667,42.81666666666667,101.09333333333335,0.4095238095238095,2026-01,avg_duration_by_zone_hour,False
264,Unknown,19,210,15.903253968253969,12.558333333333334,12.558333333333334,34.453333333333326,0.4095238095238095,2026-01,avg_duration_by_zone_hour,False
71,East Flatbush/Farragut,10,149,39.66968680089485,31.583333333333332,31.583333333333332,76.07000000000001,0.40939597315436244,2026-01,avg_duration_by_zone_hour,False
72,East Flatbush/Remsen Village,7,215,40.617441860465114,32.766666666666666,32.766666666666666,79.59666666666666,0.40930232558139534,2026-01,avg_duration_by_zone_hour,False
137,Kips Bay,10,1874,15.782497331910353,12.783333333333333,12.783333333333333,28.218333333333337,0.40928495197438636,2026-01,avg_duration_by_zone_hour,False
107,Gramercy,1,1625,12.205805128205128,10.65,10.65,22.206666666666678,0.40923076923076923,2026-01,avg_duration_by_zone_hour,False
227,Sunset Park East,14,44,47.48181818181818,42.983333333333334,42.983333333333334,86.61,0.4090909090909091,2026-01,avg_duration_by_zone_hour,False
241,Van Cortlandt Village,12,44,42.300000000000004,35.99166666666667,35.99166666666667,74.03500000000001,0.4090909090909091,2026-01,avg_duration_by_zone_hour,False
47,Claremont/Bathgate,7,110,39.14787878787879,31.866666666666667,31.866666666666667,74.74833333333333,0.4090909090909091,2026-01,avg_duration_by_zone_hour,False
149,Madison,15,44,36.16212121212121,26.766666666666666,26.766666666666666,73.93666666666668,0.4090909090909091,2026-01,avg_duration_by_zone_hour,False
71,East Flatbush/Farragut,4,66,35.18737373737374,29.016666666666666,29.016666666666666,71.13333333333333,0.4090909090909091,2026-01,avg_duration_by_zone_hour,False
219,Springfield Gardens South,15,44,34.97954545454545,25.9,25.9,78.53000000000002,0.4090909090909091,2026-01,avg_duration_by_zone_hour,False
212,Soundview/Bruckner,7,110,31.21560606060606,25.1,25.1,59.29333333333335,0.4090909090909091,2026-01,avg_duration_by_zone_hour,False
217,South Williamsburg,18,44,29.184848484848487,23.258333333333333,23.258333333333333,54.49000000000001,0.4090909090909091,2026-01,avg_duration_by_zone_hour,False
129,Jackson Heights,15,154,24.76948051948052,19.96666666666667,19.96666666666667,51.225,0.4090909090909091,2026-01,avg_duration_by_zone_hour,False
264,Unknown,23,110,13.922727272727272,11.616666666666667,11.616666666666667,29.381666666666675,0.4090909090909091,2026-01,avg_duration_by_zone_hour,False
239,Upper West Side South,0,1467,12.635514655760055,10.933333333333334,10.933333333333334,23.423333333333336,0.40899795501022496,2026-01,avg_duration_by_zone_hour,False
50,Clinton West,22,1010,15.203729372937293,13.675,13.675,25.986666666666668,0.4089108910891089,2026-01,avg_duration_by_zone_hour,False
254,Williamsbridge/Olinville,10,93,45.824731182795695,39.63333333333333,39.63333333333333,78.94666666666667,0.40860215053763443,2026-01,avg_duration_by_zone_hour,False
39,Canarsie,12,186,35.530913978494624,24.875,24.875,71.55000000000001,0.40860215053763443,2026-01,avg_duration_by_zone_hour,False
205,Saint Albans,14,71,36.11056338028169,27.683333333333334,27.683333333333334,76.03333333333333,0.4084507042253521,2026-01,avg_duration_by_zone_hour,False
129,Jackson Heights,16,142,25.764553990610327,21.84166666666667,21.84166666666667,46.236666666666665,0.4084507042253521,2026-01,avg_duration_by_zone_hour,False
229,Sutton Place/Turtle Bay North,23,1966,12.141191929467615,10.941666666666666,10.941666666666666,21.016666666666666,0.4084435401831129,2026-01,avg_duration_by_zone_hour,False
130,Jamaica,13,191,30.522425828970334,22.366666666666667,22.366666666666667,66.1,0.4083769633507853,2026-01,avg_duration_by_zone_hour,False
220,Spuyten Duyvil/Kingsbridge,6,49,39.60408163265306,34.96666666666667,34.96666666666667,63.62666666666668,0.40816326530612246,2026-01,avg_duration_by_zone_hour,False
122,Hollis,8,49,38.46530612244898,27.066666666666666,27.066666666666666,89.76000000000003,0.40816326530612246,2026-01,avg_duration_by_zone_hour,False
28,Briarwood/Jamaica Hills,6,98,34.7234693877551,29.008333333333333,29.008333333333333,65.04666666666667,0.40816326530612246,2026-01,avg_duration_by_zone_hour,False
262,Yorkville East,22,1007,12.946325719960278,12.066666666666666,12.066666666666666,22.339999999999996,0.40814299900695133,2026-01,avg_duration_by_zone_hour,False
107,Gramercy,2,1132,11.408141931684334,10.100000000000001,10.100000000000001,21.14833333333333,0.4081272084805654,2026-01,avg_duration_by_zone_hour,False
264,Unknown,14,277,18.881046931407944,14.0,14.0,39.33000000000002,0.40794223826714804,2026-01,avg_duration_by_zone_hour,False
166,Morningside Heights,13,1184,18.249282094594594,15.8,15.8,31.985000000000003,0.4079391891891892,2026-01,avg_duration_by_zone_hour,False
92,Flushing,15,76,38.29671052631579,32.35,32.35,68.19166666666666,0.40789473684210525,2026-01,avg_duration_by_zone_hour,False
63,Cypress Hills,11,76,30.63530701754386,24.15,24.15,56.483333333333334,0.40789473684210525,2026-01,avg_duration_by_zone_hour,False
28,Briarwood/Jamaica Hills,16,76,29.719078947368423,23.46666666666667,23.46666666666667,57.63333333333333,0.40789473684210525,2026-01,avg_duration_by_zone_hour,False
39,Canarsie,9,282,40.93262411347518,31.725,31.725,80.30166666666666,0.4078014184397163,2026-01,avg_duration_by_zone_hour,False
14,Bay Ridge,10,103,41.057443365695796,35.1,35.1,70.92666666666665,0.4077669902912621,2026-01,avg_duration_by_zone_hour,False
50,Clinton West,18,1644,15.834985806974858,14.225,14.225,27.735000000000003,0.4075425790754258,2026-01,avg_duration_by_zone_hour,False
174,Norwood,6,54,50.11635802469136,44.108333333333334,44.108333333333334,92.15333333333334,0.4074074074074074,2026-01,avg_duration_by_zone_hour,False
123,Homecrest,10,54,40.900925925925925,34.56666666666666,34.56666666666666,82.31666666666666,0.4074074074074074,2026-01,avg_duration_by_zone_hour,False
219,Springfield Gardens South,9,54,36.71697530864198,32.733333333333334,32.733333333333334,66.44000000000001,0.4074074074074074,2026-01,avg_duration_by_zone_hour,False
40,Carroll Gardens,15,54,28.34444444444444,19.05,19.05,64.34,0.4074074074074074,2026-01,avg_duration_by_zone_hour,False
95,Forest Hills,14,108,26.353395061728392,19.483333333333334,19.483333333333334,52.22999999999998,0.4074074074074074,2026-01,avg_duration_by_zone_hour,False
166,Morningside Heights,8,1053,19.551329534662866,17.366666666666667,17.366666666666667,36.83333333333334,0.4074074074074074,2026-01,avg_duration_by_zone_hour,False
197,Richmond Hill,4,54,18.062345679012346,15.958333333333332,15.958333333333332,34.92666666666667,0.4074074074074074,2026-01,avg_duration_by_zone_hour,False
41,Central Harlem,11,739,21.454239963915203,17.766666666666666,17.766666666666666,41.54666666666667,0.40730717185385656,2026-01,avg_duration_by_zone_hour,False
41,Central Harlem,22,658,16.148986828774063,14.308333333333334,14.308333333333334,29.01833333333334,0.4072948328267477,2026-01,avg_duration_by_zone_hour,False
114,Greenwich Village South,5,194,13.924656357388315,10.941666666666666,10.941666666666666,24.57166666666667,0.4072164948453608,2026-01,avg_duration_by_zone_hour,False
231,TriBeCa/Civic Center,2,838,13.437828162291169,11.816666666666666,11.816666666666666,24.205000000000002,0.40692124105011934,2026-01,avg_duration_by_zone_hour,False
216,South Ozone Park,3,59,17.521751412429378,13.933333333333334,13.933333333333334,27.45666666666667,0.4067796610169492,2026-01,avg_duration_by_zone_hour,False
170,Murray Hill,0,1935,12.757562446167098,11.0,11.0,22.243333333333336,0.40671834625323,2026-01,avg_duration_by_zone_hour,False
100,Garment District,4,332,14.71214859437751,13.0,13.0,26.901666666666674,0.4066265060240964,2026-01,avg_duration_by_zone_hour,False
82,Elmhurst,9,91,29.754945054945054,20.433333333333334,20.433333333333334,63.46666666666667,0.4065934065934066,2026-01,avg_duration_by_zone_hour,False
229,Sutton Place/Turtle Bay North,11,3370,14.59186943620178,12.891666666666666,10.9,25.883333333333333,0.4065281899109792,2026-01,avg_duration_by_zone_hour,False
144,Little Italy/NoLiTa,3,1420,11.917676056338028,10.208333333333332,10.208333333333332,21.383333333333333,0.4063380281690141,2026-01,avg_duration_by_zone_hour,False
114,Greenwich Village South,4,507,13.369888231426694,11.283333333333333,11.283333333333333,24.63666666666667,0.40631163708086787,2026-01,avg_duration_by_zone_hour,False
47,Claremont/Bathgate,16,64,58.69322916666667,44.5,44.5,126.26333333333338,0.40625,2026-01,avg_duration_by_zone_hour,False
139,Laurelton,8,64,51.1078125,42.358333333333334,42.358333333333334,118.65166666666667,0.40625,2026-01,avg_duration_by_zone_hour,False
47,Claremont/Bathgate,11,32,45.322916666666664,35.483333333333334,35.483333333333334,95.1683333333334,0.40625,2026-01,avg_duration_by_zone_hour,False
165,Midwood,5,32,44.309895833333336,35.416666666666664,35.416666666666664,88.92833333333334,0.40625,2026-01,avg_duration_by_zone_hour,False
32,Bronxdale,13,32,38.9078125,28.858333333333334,28.858333333333334,95.82000000000004,0.40625,2026-01,avg_duration_by_zone_hour,False
171,Murray Hill-Queens,7,32,37.973958333333336,28.758333333333333,28.758333333333333,85.17666666666668,0.40625,2026-01,avg_duration_by_zone_hour,False
55,Coney Island,21,32,35.89635416666667,25.791666666666664,25.791666666666664,79.00833333333333,0.40625,2026-01,avg_duration_by_zone_hour,False
160,Middle Village,14,32,32.6796875,24.383333333333333,24.383333333333333,60.255,0.40625,2026-01,avg_duration_by_zone_hour,False
227,Sunset Park East,18,32,29.072395833333335,25.833333333333332,25.833333333333332,46.763333333333335,0.40625,2026-01,avg_duration_by_zone_hour,False
52,Cobble Hill,11,64,28.4046875,22.416666666666664,22.416666666666664,57.60666666666667,0.40625,2026-01,avg_duration_by_zone_hour,False
71,East Flatbush/Farragut,23,32,20.683333333333334,16.96666666666667,16.96666666666667,36.27833333333334,0.40625,2026-01,avg_duration_by_zone_hour,False
177,Ocean Hill,2,32,19.188541666666666,15.35,15.35,32.373333333333335,0.40625,2026-01,avg_duration_by_zone_hour,False
28,Briarwood/Jamaica Hills,4,32,13.584375,11.308333333333334,11.308333333333334,26.55333333333334,0.40625,2026-01,avg_duration_by_zone_hour,False
43,Central Park,11,2576,13.791006728778466,11.1,11.1,26.183333333333334,0.406055900621118,2026-01,avg_duration_by_zone_hour,False
216,South Ozone Park,23,101,20.052145214521452,17.85,17.85,32.68333333333333,0.40594059405940597,2026-01,avg_duration_by_zone_hour,False
48,Clinton East,9,3146,14.769267853358762,11.925,10.483333333333334,27.666666666666664,0.4059122695486332,2026-01,avg_duration_by_zone_hour,False
222,Starrett City,13,69,46.806038647342994,36.38333333333333,36.38333333333333,88.53,0.4057971014492754,2026-01,avg_duration_by_zone_hour,False
10,Baisley Park,11,69,38.71884057971015,35.45,35.45,65.11333333333334,0.4057971014492754,2026-01,avg_duration_by_zone_hour,False
247,West Concourse,10,69,32.387922705314004,25.116666666666667,25.116666666666667,63.920000000000016,0.4057971014492754,2026-01,avg_duration_by_zone_hour,False
166,Morningside Heights,16,1353,19.071581670362157,15.4,15.4,34.893333333333324,0.4057649667405765,2026-01,avg_duration_by_zone_hour,False
18,Bedford Park,8,106,36.98883647798742,25.59166666666667,25.59166666666667,76.125,0.4056603773584906,2026-01,avg_duration_by_zone_hour,False
76,East New York,21,106,26.406761006289308,18.90833333333333,18.90833333333333,54.3,0.4056603773584906,2026-01,avg_duration_by_zone_hour,False
249,West Village,12,2172,14.702516881522406,11.833333333333334,11.183333333333334,27.065,0.4056169429097606,2026-01,avg_duration_by_zone_hour,False
254,Williamsbridge/Olinville,17,37,44.40405405405406,37.75,37.75,78.37333333333333,0.40540540540540543,2026-01,avg_duration_by_zone_hour,False
78,East Tremont,12,37,38.523423423423424,32.13333333333333,32.13333333333333,74.08,0.40540540540540543,2026-01,avg_duration_by_zone_hour,False
39,Canarsie,17,111,36.816066066066064,28.55,28.55,77.75,0.40540540540540543,2026-01,avg_duration_by_zone_hour,False
102,Glendale,15,37,30.045045045045047,23.85,23.85,65.97,0.40540540540540543,2026-01,avg_duration_by_zone_hour,False
160,Middle Village,9,37,28.943693693693696,23.733333333333334,23.733333333333334,52.5,0.40540540540540543,2026-01,avg_duration_by_zone_hour,False
213,Soundview/Castle Hill,19,37,27.07207207207207,18.733333333333334,18.733333333333334,55.08,0.40540540540540543,2026-01,avg_duration_by_zone_hour,False
238,Upper West Side North,22,1989,13.175858890564772,11.2,11.2,24.673333333333336,0.40522875816993464,2026-01,avg_duration_by_zone_hour,False
215,South Jamaica,9,116,41.197270114942526,34.86666666666667,34.86666666666667,76.15,0.4051724137931034,2026-01,avg_duration_by_zone_hour,False
130,Jamaica,16,274,36.79403892944039,26.983333333333334,26.983333333333334,83.34500000000001,0.4051094890510949,2026-01,avg_duration_by_zone_hour,False
205,Saint Albans,6,158,52.05907172995781,48.79166666666667,48.79166666666667,92.80166666666668,0.4050632911392405,2026-01,avg_duration_by_zone_hour,False
205,Saint Albans,7,158,49.40886075949367,40.19166666666666,40.19166666666666,101.86666666666667,0.4050632911392405,2026-01,avg_duration_by_zone_hour,False
10,Baisley Park,12,79,39.99071729957806,34.43333333333333,34.43333333333333,80.95333333333333,0.4050632911392405,2026-01,avg_duration_by_zone_hour,False
167,Morrisania/Melrose,7,158,39.207489451476796,32.49166666666667,32.49166666666667,72.47500000000002,0.4050632911392405,2026-01,avg_duration_by_zone_hour,False
22,Bensonhurst West,10,42,39.07698412698413,30.291666666666664,30.291666666666664,87.63833333333334,0.40476190476190477,2026-01,avg_duration_by_zone_hour,False
212,Soundview/Bruckner,11,42,30.382142857142856,24.1,24.1,60.753333333333316,0.40476190476190477,2026-01,avg_duration_by_zone_hour,False
129,Jackson Heights,9,210,29.531904761904762,24.766666666666666,24.766666666666666,58.46666666666666,0.40476190476190477,2026-01,avg_duration_by_zone_hour,False
83,Elmhurst/Maspeth,21,42,17.828968253968252,17.416666666666664,17.416666666666664,32.20499999999999,0.40476190476190477,2026-01,avg_duration_by_zone_hour,False
24,Bloomingdale,19,598,15.964659977703457,13.933333333333334,13.933333333333334,29.151666666666685,0.40468227424749165,2026-01,avg_duration_by_zone_hour,False
237,Upper East Side South,2,435,10.552720306513411,8.5,8.5,19.653333333333336,0.4045977011494253,2026-01,avg_duration_by_zone_hour,False
249,West Village,11,1993,14.01743602609132,11.016666666666667,10.033333333333333,26.976666666666667,0.4044154540893126,2026-01,avg_duration_by_zone_hour,False
259,Woodlawn/Wakefield,5,47,53.078723404255314,49.31666666666667,49.31666666666667,100.87999999999998,0.40425531914893614,2026-01,avg_duration_by_zone_hour,False
91,Flatlands,11,141,41.621040189125296,34.766666666666666,34.766666666666666,78.93333333333334,0.40425531914893614,2026-01,avg_duration_by_zone_hour,False
130,Jamaica,5,94,33.6436170212766,26.375,26.375,64.535,0.40425531914893614,2026-01,avg_duration_by_zone_hour,False
167,Morrisania/Melrose,5,47,30.091134751773048,22.8,22.8,63.299999999999976,0.40425531914893614,2026-01,avg_duration_by_zone_hour,False
133,Kensington,17,47,27.774822695035464,24.1,24.1,48.64333333333333,0.40425531914893614,2026-01,avg_duration_by_zone_hour,False
12,Battery Park,17,47,25.193617021276594,20.766666666666666,20.766666666666666,40.70666666666666,0.40425531914893614,2026-01,avg_duration_by_zone_hour,False
83,Elmhurst/Maspeth,18,47,21.635106382978723,17.816666666666666,17.816666666666666,37.7,0.40425531914893614,2026-01,avg_duration_by_zone_hour,False
41,Central Harlem,10,802,21.464422277639237,18.266666666666666,18.266666666666666,39.94833333333334,0.40399002493765584,2026-01,avg_duration_by_zone_hour,False
72,East Flatbush/Remsen Village,13,151,35.68940397350993,28.55,28.55,67.73333333333333,0.40397350993377484,2026-01,avg_duration_by_zone_hour,False
79,East Village,4,1963,12.611096960434708,10.966666666666667,10.966666666666667,22.776666666666667,0.40397350993377484,2026-01,avg_duration_by_zone_hour,False
188,Prospect-Lefferts Gardens,15,203,34.264039408867,26.15,26.15,72.74333333333335,0.4039408866995074,2026-01,avg_duration_by_zone_hour,False
90,Flatiron,9,2122,12.457893496701226,9.8,9.733333333333333,24.35,0.4038642789820924,2026-01,avg_duration_by_zone_hour,False
247,West Concourse,16,52,34.383012820512825,25.31666666666667,25.31666666666667,65.66166666666666,0.40384615384615385,2026-01,avg_duration_by_zone_hour,False
92,Flushing,20,52,20.182051282051283,15.633333333333333,15.633333333333333,35.833333333333336,0.40384615384615385,2026-01,avg_duration_by_zone_hour,False
35,Brownsville,5,109,31.07217125382263,23.15,23.15,63.88333333333334,0.4036697247706422,2026-01,avg_duration_by_zone_hour,False
263,Yorkville West,11,3717,13.114586135772576,10.883333333333333,9.325,25.256666666666668,0.4035512510088781,2026-01,avg_duration_by_zone_hour,False
85,Erasmus,16,57,52.03157894736842,36.31666666666667,36.31666666666667,105.81333333333333,0.40350877192982454,2026-01,avg_duration_by_zone_hour,False
71,East Flatbush/Farragut,8,228,40.16542397660819,33.016666666666666,33.016666666666666,83.41333333333334,0.40350877192982454,2026-01,avg_duration_by_zone_hour,False
63,Cypress Hills,12,57,34.19619883040936,24.566666666666666,24.566666666666666,70.09333333333332,0.40350877192982454,2026-01,avg_duration_by_zone_hour,False
97,Fort Greene,5,57,33.42368421052632,21.266666666666666,21.266666666666666,68.99999999999999,0.40350877192982454,2026-01,avg_duration_by_zone_hour,False
51,Co-Op City,19,57,32.58157894736842,27.0,27.0,63.01333333333333,0.40350877192982454,2026-01,avg_duration_by_zone_hour,False
72,East Flatbush/Remsen Village,22,57,27.77719298245614,26.2,26.2,49.9,0.40350877192982454,2026-01,avg_duration_by_zone_hour,False
35,Brownsville,22,57,22.76812865497076,19.633333333333333,19.633333333333333,39.86666666666667,0.40350877192982454,2026-01,avg_duration_by_zone_hour,False
113,Greenwich Village North,4,357,12.311111111111112,10.016666666666667,10.016666666666667,23.14666666666667,0.40336134453781514,2026-01,avg_duration_by_zone_hour,False
162,Midtown East,1,821,12.1035119772635,10.133333333333333,10.133333333333333,21.583333333333332,0.40316686967113274,2026-01,avg_duration_by_zone_hour,False
41,Central Harlem,21,702,16.934757834757836,14.8,14.8,29.913333333333334,0.4031339031339031,2026-01,avg_duration_by_zone_hour,False
76,East New York,23,129,18.623514211886306,16.383333333333333,16.383333333333333,31.113333333333337,0.40310077519379844,2026-01,avg_duration_by_zone_hour,False
191,Queens Village,5,67,41.657213930348256,38.266666666666666,38.266666666666666,73.75333333333333,0.40298507462686567,2026-01,avg_duration_by_zone_hour,False
228,Sunset Park West,16,134,37.89514925373134,32.0,32.0,71.76166666666667,0.40298507462686567,2026-01,avg_duration_by_zone_hour,False
129,Jackson Heights,11,134,27.32313432835821,22.325,22.325,55.178333333333335,0.40298507462686567,2026-01,avg_duration_by_zone_hour,False
228,Sunset Park West,22,67,22.800248756218906,19.65,19.65,38.00333333333333,0.40298507462686567,2026-01,avg_duration_by_zone_hour,False
10,Baisley Park,23,67,21.265174129353234,20.516666666666666,20.516666666666666,35.79333333333333,0.40298507462686567,2026-01,avg_duration_by_zone_hour,False
145,Long Island City/Hunters Point,11,273,22.45665445665446,19.116666666666667,19.116666666666667,42.11666666666667,0.40293040293040294,2026-01,avg_duration_by_zone_hour,False
68,East Chelsea,2,1127,13.528290446613427,11.816666666666666,11.816666666666666,24.513333333333332,0.4028393966282165,2026-01,avg_duration_by_zone_hour,False
143,Lincoln Square West,23,884,13.638989441930619,12.233333333333333,12.233333333333333,24.595000000000002,0.40271493212669685,2026-01,avg_duration_by_zone_hour,False
107,Gramercy,4,534,11.670443196004994,9.7,9.7,22.99,0.40262172284644193,2026-01,avg_duration_by_zone_hour,False
177,Ocean Hill,7,231,36.33181818181818,29.0,29.0,68.75,0.4025974025974026,2026-01,avg_duration_by_zone_hour,False
197,Richmond Hill,19,77,18.046103896103894,14.733333333333333,14.733333333333333,35.60333333333335,0.4025974025974026,2026-01,avg_duration_by_zone_hour,False
235,University Heights/Morris Heights,7,159,34.95754716981132,22.566666666666666,22.566666666666666,79.46333333333337,0.4025157232704403,2026-01,avg_duration_by_zone_hour,False
126,Hunts Point,7,82,37.615447154471546,29.041666666666668,29.041666666666668,81.40000000000002,0.4024390243902439,2026-01,avg_duration_by_zone_hour,False
196,Rego Park,8,82,36.52235772357724,29.641666666666666,29.641666666666666,67.94833333333334,0.4024390243902439,2026-01,avg_duration_by_zone_hour,False
261,World Trade Center,9,450,18.536814814814818,15.875,15.875,32.81333333333337,0.4022222222222222,2026-01,avg_duration_by_zone_hour,False
248,West Farms/Bronx River,8,97,31.307731958762886,24.183333333333334,24.183333333333334,59.37000000000001,0.4020618556701031,2026-01,avg_duration_by_zone_hour,False
264,Unknown,17,291,17.910309278350514,13.466666666666667,13.466666666666667,36.833333333333336,0.4020618556701031,2026-01,avg_duration_by_zone_hour,False
95,Forest Hills,12,102,33.08709150326797,27.775,27.775,63.211666666666666,0.4019607843137255,2026-01,avg_duration_by_zone_hour,False
39,Canarsie,16,107,36.16604361370717,26.466666666666665,26.466666666666665,78.52333333333333,0.40186915887850466,2026-01,avg_duration_by_zone_hour,False
85,Erasmus,9,107,34.72320872274143,28.5,28.5,66.72000000000001,0.40186915887850466,2026-01,avg_duration_by_zone_hour,False
151,Manhattan Valley,22,794,13.822124265323257,12.208333333333332,12.208333333333332,25.016666666666666,0.4017632241813602,2026-01,avg_duration_by_zone_hour,False
45,Chinatown,18,473,18.30736434108527,15.883333333333333,15.883333333333333,32.166666666666664,0.40169133192389006,2026-01,avg_duration_by_zone_hour,False
249,West Village,4,904,13.837979351032448,11.291666666666668,11.291666666666668,25.426666666666673,0.40154867256637167,2026-01,avg_duration_by_zone_hour,False
186,Penn Station/Madison Sq West,1,1193,14.139787650181615,12.4,12.4,26.179999999999996,0.40150880134115674,2026-01,avg_duration_by_zone_hour,False
158,Meatpacking/West Village West,10,812,15.39685960591133,12.833333333333334,12.833333333333334,28.194999999999997,0.4014778325123153,2026-01,avg_duration_by_zone_hour,False
35,Brownsville,8,284,40.008861502347415,34.20833333333333,34.20833333333333,79.59500000000001,0.4014084507042254,2026-01,avg_duration_by_zone_hour,False
241,Van Cortlandt Village,8,147,39.30646258503401,31.483333333333334,31.483333333333334,79.05000000000001,0.4013605442176871,2026-01,avg_duration_by_zone_hour,False
264,Unknown,7,152,16.44451754385965,12.783333333333333,12.783333333333333,32.23166666666667,0.40131578947368424,2026-01,avg_duration_by_zone_hour,False
264,Unknown,15,319,17.922152560083596,12.933333333333334,12.933333333333334,39.39666666666666,0.4012539184952978,2026-01,avg_duration_by_zone_hour,False
231,TriBeCa/Civic Center,23,2202,15.481092945806843,13.641666666666666,13.641666666666666,26.560000000000006,0.40099909173478654,2026-01,avg_duration_by_zone_hour,False
137,Kips Bay,16,3020,19.647312362030906,14.033333333333333,14.033333333333333,40.55833333333332,0.4009933774834437,2026-01,avg_duration_by_zone_hour,False
48,Clinton East,12,3003,15.047630147630148,11.916666666666666,11.916666666666666,28.263333333333335,0.40093240093240096,2026-01,avg_duration_by_zone_hour,False
141,Lenox Hill West,3,439,10.974335611237661,9.55,9.55,20.416666666666664,0.4009111617312073,2026-01,avg_duration_by_zone_hour,False
125,Hudson Sq,1,444,13.870457957957958,11.691666666666666,11.691666666666666,25.266666666666666,0.4009009009009009,2026-01,avg_duration_by_zone_hour,False
90,Flatiron,12,2476,14.79511308562197,11.741666666666667,11.741666666666667,27.766666666666666,0.40064620355411956,2026-01,avg_duration_by_zone_hour,False
137,Kips Bay,14,2336,18.46062357305936,14.2,14.2,35.78333333333333,0.4002568493150685,2026-01,avg_duration_by_zone_hour,False
117,Hammels/Arverne,16,35,68.67190476190477,67.81666666666666,67.81666666666666,95.7,0.4,2026-01,avg_duration_by_zone_hour,False
55,Coney Island,16,65,57.08358974358975,53.0,53.0,105.48333333333333,0.4,2026-01,avg_duration_by_zone_hour,False
94,Fordham South,10,30,55.92388888888889,46.90833333333333,46.90833333333333,92.00000000000001,0.4,2026-01,avg_duration_by_zone_hour,False
55,Coney Island,8,145,50.83298850574713,44.15,44.15,98.56999999999998,0.4,2026-01,avg_duration_by_zone_hour,False
22,Bensonhurst West,7,80,50.191874999999996,46.099999999999994,46.099999999999994,100.83833333333335,0.4,2026-01,avg_duration_by_zone_hour,False
108,Gravesend,8,65,45.615641025641025,37.583333333333336,37.583333333333336,97.76666666666667,0.4,2026-01,avg_duration_by_zone_hour,False
21,Bensonhurst East,8,60,44.0775,37.375,37.375,85.07000000000001,0.4,2026-01,avg_duration_by_zone_hour,False
235,University Heights/Morris Heights,10,85,39.23960784313726,33.6,33.6,70.31,0.4,2026-01,avg_duration_by_zone_hour,False
259,Woodlawn/Wakefield,4,35,38.714285714285715,28.616666666666667,28.616666666666667,75.44333333333337,0.4,2026-01,avg_duration_by_zone_hour,False
14,Bay Ridge,8,150,37.63355555555556,31.908333333333335,31.908333333333335,72.37666666666667,0.4,2026-01,avg_duration_by_zone_hour,False
21,Bensonhurst East,14,55,37.332727272727276,31.933333333333334,31.933333333333334,63.6,0.4,2026-01,avg_duration_by_zone_hour,False
20,Belmont,9,30,35.330555555555556,30.475,30.475,62.555,0.4,2026-01,avg_duration_by_zone_hour,False
217,South Williamsburg,7,35,33.54666666666667,25.633333333333333,25.633333333333333,54.41333333333334,0.4,2026-01,avg_duration_by_zone_hour,False
119,Highbridge,6,110,33.17545454545455,26.94166666666667,26.94166666666667,68.91333333333333,0.4,2026-01,avg_duration_by_zone_hour,False
121,Hillcrest/Pomonok,17,45,32.968518518518515,27.95,27.95,60.553333333333335,0.4,2026-01,avg_duration_by_zone_hour,False
159,Melrose South,18,65,32.285384615384615,19.983333333333334,19.983333333333334,85.22666666666667,0.4,2026-01,avg_duration_by_zone_hour,False
135,Kew Gardens Hills,12,30,31.99277777777778,20.358333333333334,20.358333333333334,67.29833333333336,0.4,2026-01,avg_duration_by_zone_hour,False
216,South Ozone Park,6,140,31.240000000000002,22.133333333333333,22.133333333333333,64.21500000000002,0.4,2026-01,avg_duration_by_zone_hour,False
130,Jamaica,17,255,30.959934640522878,23.65,23.65,62.846666666666664,0.4,2026-01,avg_duration_by_zone_hour,False
85,Erasmus,18,70,28.482857142857142,22.18333333333333,22.18333333333333,53.60166666666668,0.4,2026-01,avg_duration_by_zone_hour,False
254,Williamsbridge/Olinville,22,30,28.008333333333333,21.6,21.6,54.87833333333335,0.4,2026-01,avg_duration_by_zone_hour,False
102,Glendale,14,40,27.4175,19.266666666666666,19.266666666666666,57.403333333333336,0.4,2026-01,avg_duration_by_zone_hour,False
177,Ocean Hill,19,80,27.328958333333333,22.55,22.55,46.38500000000001,0.4,2026-01,avg_duration_by_zone_hour,False
63,Cypress Hills,5,55,26.612727272727273,20.766666666666666,20.766666666666666,40.88333333333334,0.4,2026-01,avg_duration_by_zone_hour,False
188,Prospect-Lefferts Gardens,21,110,25.005303030303033,21.6,21.6,45.175000000000026,0.4,2026-01,avg_duration_by_zone_hour,False
146,Long Island City/Queens Plaza,14,170,24.948823529411765,18.491666666666667,18.491666666666667,45.52666666666665,0.4,2026-01,avg_duration_by_zone_hour,False
52,Cobble Hill,14,55,24.905151515151516,20.533333333333335,20.533333333333335,45.49,0.4,2026-01,avg_duration_by_zone_hour,False
39,Canarsie,21,45,22.778518518518517,17.983333333333334,17.983333333333334,48.2,0.4,2026-01,avg_duration_by_zone_hour,False
260,Woodside,13,100,20.388166666666667,19.700000000000003,19.700000000000003,34.57166666666668,0.4,2026-01,avg_duration_by_zone_hour,False
174,Norwood,22,35,20.36619047619048,17.75,17.75,27.473333333333333,0.4,2026-01,avg_duration_by_zone_hour,False
10,Baisley Park,1,35,20.06952380952381,18.85,18.85,34.06666666666668,0.4,2026-01,avg_duration_by_zone_hour,False
197,Richmond Hill,20,50,18.483,15.183333333333334,15.183333333333334,35.553333333333335,0.4,2026-01,avg_duration_by_zone_hour,False
260,Woodside,19,130,17.93166666666667,15.166666666666666,15.166666666666666,32.62500000000001,0.4,2026-01,avg_duration_by_zone_hour,False
261,World Trade Center,3,55,16.21212121212121,14.816666666666666,14.816666666666666,25.843333333333334,0.4,2026-01,avg_duration_by_zone_hour,False
166,Morningside Heights,3,105,14.99047619047619,13.933333333333334,13.933333333333334,25.230000000000004,0.4,2026-01,avg_duration_by_zone_hour,False
197,Richmond Hill,1,45,13.782592592592593,11.066666666666666,11.066666666666666,25.533333333333335,0.4,2026-01,avg_duration_by_zone_hour,False
211,SoHo,2,600,12.911333333333333,10.975,10.975,23.023333333333333,0.4,2026-01,avg_duration_by_zone_hour,False
42,Central Harlem North,19,563,20.804085257548845,17.683333333333334,17.683333333333334,35.43333333333334,0.3996447602131439,2026-01,avg_duration_by_zone_hour,False
114,Greenwich Village South,9,741,13.979284750337381,11.766666666666667,11.766666666666667,24.333333333333332,0.39946018893387314,2026-01,avg_duration_by_zone_hour,False
76,East New York,11,318,38.968815513626836,33.25,33.25,74.09000000000003,0.39937106918238996,2026-01,avg_duration_by_zone_hour,False
233,UN/Turtle Bay South,9,1851,14.735089141004863,13.0,12.716666666666667,24.983333333333334,0.39924365207995677,2026-01,avg_duration_by_zone_hour,False
137,Kips Bay,13,2290,17.12306404657933,13.933333333333334,13.908333333333333,30.95666666666666,0.39912663755458516,2026-01,avg_duration_by_zone_hour,False
148,Lower East Side,16,1368,18.11994395711501,15.491666666666667,15.491666666666667,31.7,0.3991228070175439,2026-01,avg_duration_by_zone_hour,False
151,Manhattan Valley,11,1779,14.672381487727188,11.9,11.658333333333333,27.8,0.3991006183249016,2026-01,avg_duration_by_zone_hour,False
14,Bay Ridge,12,133,39.95501253132832,33.15,33.15,76.37,0.39849624060150374,2026-01,avg_duration_by_zone_hour,False
241,Van Cortlandt Village,7,128,38.891796875,29.458333333333336,29.458333333333336,82.42,0.3984375,2026-01,avg_duration_by_zone_hour,False
71,East Flatbush/Farragut,14,128,36.22903645833333,29.5,29.5,76.565,0.3984375,2026-01,avg_duration_by_zone_hour,False
143,Lincoln Square West,19,2352,13.426055839002267,11.45,11.45,24.433333333333334,0.3983843537414966,2026-01,avg_duration_by_zone_hour,False
191,Queens Village,8,123,38.62466124661246,27.6,27.6,84.67666666666666,0.3983739837398374,2026-01,avg_duration_by_zone_hour,False
95,Forest Hills,19,123,20.13848238482385,15.5,15.5,39.693333333333335,0.3983739837398374,2026-01,avg_duration_by_zone_hour,False
114,Greenwich Village South,17,2086,15.09012464046021,12.3,12.3,27.933333333333334,0.3983700862895494,2026-01,avg_duration_by_zone_hour,False
260,Woodside,22,113,14.306047197640117,12.75,12.75,25.216666666666665,0.39823008849557523,2026-01,avg_duration_by_zone_hour,False
247,West Concourse,17,103,31.166666666666664,20.7,20.7,74.68666666666667,0.39805825242718446,2026-01,avg_duration_by_zone_hour,False
216,South Ozone Park,22,98,19.794897959183675,16.508333333333333,16.508333333333333,39.58333333333333,0.3979591836734694,2026-01,avg_duration_by_zone_hour,False
205,Saint Albans,9,93,42.72491039426523,38.43333333333333,38.43333333333333,76.57666666666667,0.3978494623655914,2026-01,avg_duration_by_zone_hour,False
125,Hudson Sq,0,558,14.661618876941457,12.516666666666667,12.516666666666667,25.888333333333332,0.3978494623655914,2026-01,avg_duration_by_zone_hour,False
264,Unknown,13,269,15.758178438661709,11.866666666666667,11.866666666666667,31.853333333333335,0.39776951672862454,2026-01,avg_duration_by_zone_hour,False
100,Garment District,11,2009,16.523585531773683,13.966666666666667,11.95,29.826666666666668,0.39771030363364857,2026-01,avg_duration_by_zone_hour,False
211,SoHo,5,83,14.523293172690764,10.883333333333333,10.883333333333333,27.89999999999999,0.39759036144578314,2026-01,avg_duration_by_zone_hour,False
60,Crotona Park East,8,78,39.111324786324786,34.00833333333333,34.00833333333333,69.64166666666665,0.3974358974358974,2026-01,avg_duration_by_zone_hour,False
69,East Concourse/Concourse Village,16,73,43.778082191780825,33.15,33.15,95.96666666666664,0.3972602739726027,2026-01,avg_duration_by_zone_hour,False
143,Lincoln Square West,22,1289,13.950439617274371,12.483333333333333,12.483333333333333,25.003333333333334,0.39720713731574864,2026-01,avg_duration_by_zone_hour,False
218,Springfield Gardens North,7,141,51.69550827423168,41.45,41.45,102.85,0.3971631205673759,2026-01,avg_duration_by_zone_hour,False
264,Unknown,9,209,17.26060606060606,12.8,12.8,33.19,0.39712918660287083,2026-01,avg_duration_by_zone_hour,False
144,Little Italy/NoLiTa,11,904,16.509033923303836,14.558333333333334,14.558333333333334,30.15666666666667,0.3971238938053097,2026-01,avg_duration_by_zone_hour,False
210,Sheepshead Bay,13,68,51.29509803921569,37.775,37.775,107.89666666666668,0.39705882352941174,2026-01,avg_duration_by_zone_hour,False
155,Marine Park/Mill Basin,8,68,42.44656862745098,34.375,34.375,87.63666666666667,0.39705882352941174,2026-01,avg_duration_by_zone_hour,False
161,Midtown Center,0,2278,13.510213637693884,11.183333333333334,10.416666666666668,24.066666666666666,0.3968393327480246,2026-01,avg_duration_by_zone_hour,False
94,Fordham South,7,63,53.45899470899471,47.983333333333334,47.983333333333334,104.60666666666667,0.3968253968253968,2026-01,avg_duration_by_zone_hour,False
92,Flushing,7,63,41.961640211640216,35.666666666666664,35.666666666666664,80.42666666666666,0.3968253968253968,2026-01,avg_duration_by_zone_hour,False
77,East New York/Pennsylvania Avenue,15,63,39.566931216931216,32.15,32.15,82.66333333333336,0.3968253968253968,2026-01,avg_duration_by_zone_hour,False
196,Rego Park,13,63,26.7515873015873,21.016666666666666,21.016666666666666,53.506666666666696,0.3968253968253968,2026-01,avg_duration_by_zone_hour,False
114,Greenwich Village South,12,1134,14.549706055261609,12.108333333333334,12.108333333333334,26.915000000000003,0.3968253968253968,2026-01,avg_duration_by_zone_hour,False
61,Crown Heights North,14,305,32.05994535519125,25.95,25.95,60.400000000000006,0.39672131147540984,2026-01,avg_duration_by_zone_hour,False
168,Mott Haven/Port Morris,13,121,30.494077134986227,22.183333333333334,22.183333333333334,58.25,0.39669421487603307,2026-01,avg_duration_by_zone_hour,False
85,Erasmus,11,58,35.08333333333333,30.683333333333334,30.683333333333334,59.83333333333335,0.39655172413793105,2026-01,avg_duration_by_zone_hour,False
209,Seaport,5,58,18.670114942528734,16.058333333333334,16.058333333333334,31.11666666666667,0.39655172413793105,2026-01,avg_duration_by_zone_hour,False
74,East Harlem North,8,1158,23.426065054692,20.0,20.0,41.40999999999999,0.3963730569948187,2026-01,avg_duration_by_zone_hour,False
24,Bloomingdale,21,386,14.930397236614853,12.508333333333333,12.508333333333333,26.866666666666667,0.3963730569948187,2026-01,avg_duration_by_zone_hour,False
223,Steinway,14,159,25.925681341719077,21.683333333333334,21.683333333333334,44.71000000000001,0.39622641509433965,2026-01,avg_duration_by_zone_hour,False
231,TriBeCa/Civic Center,4,356,14.442790262172284,11.983333333333334,11.983333333333334,26.15,0.3960674157303371,2026-01,avg_duration_by_zone_hour,False
186,Penn Station/Madison Sq West,0,2288,14.49187062937063,12.608333333333334,12.608333333333334,26.05833333333335,0.395979020979021,2026-01,avg_duration_by_zone_hour,False
164,Midtown South,5,346,14.880684007707128,11.983333333333334,11.983333333333334,29.975,0.3959537572254335,2026-01,avg_duration_by_zone_hour,False
78,East Tremont,16,48,52.779513888888886,44.891666666666666,44.891666666666666,109.44000000000007,0.3958333333333333,2026-01,avg_duration_by_zone_hour,False
119,Highbridge,14,48,42.52534722222222,33.358333333333334,33.358333333333334,75.76166666666667,0.3958333333333333,2026-01,avg_duration_by_zone_hour,False
149,Madison,14,48,41.06840277777778,29.766666666666666,29.766666666666666,86.97000000000006,0.3958333333333333,2026-01,avg_duration_by_zone_hour,False
210,Sheepshead Bay,18,48,28.40381944444444,19.15833333333333,19.15833333333333,64.5,0.3958333333333333,2026-01,avg_duration_by_zone_hour,False
76,East New York,19,144,27.044444444444444,20.475,20.475,57.84000000000001,0.3958333333333333,2026-01,avg_duration_by_zone_hour,False
197,Richmond Hill,21,48,15.417013888888889,14.125,14.125,24.341666666666676,0.3958333333333333,2026-01,avg_duration_by_zone_hour,False
231,TriBeCa/Civic Center,1,1142,14.38594570928196,12.866666666666667,12.866666666666667,24.69666666666667,0.3957968476357268,2026-01,avg_duration_by_zone_hour,False
197,Richmond Hill,15,187,51.549554367201424,49.983333333333334,49.983333333333334,103.83333333333333,0.39572192513368987,2026-01,avg_duration_by_zone_hour,False
186,Penn Station/Madison Sq West,4,513,13.120207927225472,10.533333333333333,10.533333333333333,25.513333333333332,0.39571150097465885,2026-01,avg_duration_by_zone_hour,False
264,Unknown,21,139,13.87158273381295,11.0,11.0,27.040000000000003,0.39568345323741005,2026-01,avg_duration_by_zone_hour,False
262,Yorkville East,16,3243,14.59932161578785,11.866666666666667,11.008333333333333,27.026666666666674,0.3956213382670367,2026-01,avg_duration_by_zone_hour,False
26,Borough Park,11,91,38.99395604395604,35.36666666666667,35.36666666666667,69.46666666666667,0.3956043956043956,2026-01,avg_duration_by_zone_hour,False
166,Morningside Heights,18,1542,17.273713791612625,14.591666666666667,14.591666666666667,32.733333333333334,0.3955901426718547,2026-01,avg_duration_by_zone_hour,False
113,Greenwich Village North,11,1854,15.003595828838549,11.825,11.825,28.15166666666667,0.395361380798274,2026-01,avg_duration_by_zone_hour,False
19,Bellerose,6,43,40.63720930232558,31.666666666666668,31.666666666666668,78.88333333333335,0.3953488372093023,2026-01,avg_duration_by_zone_hour,False
149,Madison,12,43,34.26279069767442,28.2,28.2,60.14333333333334,0.3953488372093023,2026-01,avg_duration_by_zone_hour,False
174,Norwood,7,86,31.1734496124031,23.21666666666667,23.21666666666667,63.50833333333334,0.3953488372093023,2026-01,avg_duration_by_zone_hour,False
165,Midwood,17,43,28.957364341085274,20.133333333333333,20.133333333333333,56.35333333333334,0.3953488372093023,2026-01,avg_duration_by_zone_hour,False
131,Jamaica Estates,7,81,38.65493827160494,31.883333333333333,31.883333333333333,81.51666666666667,0.3950617283950617,2026-01,avg_duration_by_zone_hour,False
85,Erasmus,12,81,36.17962962962963,31.866666666666667,31.866666666666667,70.08333333333333,0.3950617283950617,2026-01,avg_duration_by_zone_hour,False
174,Norwood,8,81,33.736008230452676,26.733333333333334,26.733333333333334,61.85,0.3950617283950617,2026-01,avg_duration_by_zone_hour,False
56,Corona,9,81,30.487037037037034,26.15,26.15,60.666666666666664,0.3950617283950617,2026-01,avg_duration_by_zone_hour,False
82,Elmhurst,12,81,27.390740740740743,22.4,22.4,50.016666666666666,0.3950617283950617,2026-01,avg_duration_by_zone_hour,False
137,Kips Bay,1,1086,11.617219152854512,10.291666666666668,10.291666666666668,21.075,0.39502762430939226,2026-01,avg_duration_by_zone_hour,False
76,East New York,16,200,34.70558333333334,28.183333333333334,28.183333333333334,72.39166666666665,0.395,2026-01,avg_duration_by_zone_hour,False
76,East New York,17,233,30.23884120171674,24.166666666666668,24.166666666666668,60.59666666666667,0.3948497854077253,2026-01,avg_duration_by_zone_hour,False
203,Rosedale,9,38,51.978508771929825,46.15833333333333,46.15833333333333,92.80500000000006,0.39473684210526316,2026-01,avg_duration_by_zone_hour,False
222,Starrett City,9,114,46.826169590643275,41.016666666666666,41.016666666666666,94.22333333333336,0.39473684210526316,2026-01,avg_duration_by_zone_hour,False
182,Parkchester,18,38,39.27456140350878,33.858333333333334,33.858333333333334,67.37500000000001,0.39473684210526316,2026-01,avg_duration_by_zone_hour,False
135,Kew Gardens Hills,14,38,25.602192982456142,16.65833333333333,16.65833333333333,58.72500000000001,0.39473684210526316,2026-01,avg_duration_by_zone_hour,False
217,South Williamsburg,20,38,24.347368421052632,21.741666666666667,21.741666666666667,43.2383333333334,0.39473684210526316,2026-01,avg_duration_by_zone_hour,False
258,Woodhaven,5,76,23.44780701754386,20.616666666666667,20.616666666666667,38.43333333333334,0.39473684210526316,2026-01,avg_duration_by_zone_hour,False
83,Elmhurst/Maspeth,12,38,19.932894736842105,13.391666666666666,13.391666666666666,35.748333333333335,0.39473684210526316,2026-01,avg_duration_by_zone_hour,False
142,Lincoln Square East,0,2022,13.277382129904383,11.575,11.575,24.276666666666674,0.39465875370919884,2026-01,avg_duration_by_zone_hour,False
25,Boerum Hill,11,147,32.02358276643991,24.616666666666667,24.616666666666667,60.123333333333335,0.3945578231292517,2026-01,avg_duration_by_zone_hour,False
76,East New York,9,436,37.52121559633027,31.583333333333332,31.583333333333332,74.15,0.3944954128440367,2026-01,avg_duration_by_zone_hour,False
122,Hollis,6,71,34.797183098591546,28.066666666666666,28.066666666666666,66.0,0.39436619718309857,2026-01,avg_duration_by_zone_hour,False
233,UN/Turtle Bay South,14,2151,18.275360297536032,14.533333333333333,14.458333333333332,35.88333333333333,0.39423523942352395,2026-01,avg_duration_by_zone_hour,False
182,Parkchester,9,104,47.12724358974359,42.45,42.45,82.82000000000001,0.3942307692307692,2026-01,avg_duration_by_zone_hour,False
72,East Flatbush/Remsen Village,16,104,32.396794871794874,26.475,26.475,61.97333333333335,0.3942307692307692,2026-01,avg_duration_by_zone_hour,False
264,Unknown,8,241,17.32939142461964,13.25,13.25,35.68333333333333,0.3941908713692946,2026-01,avg_duration_by_zone_hour,False
151,Manhattan Valley,15,1931,13.817875021577766,11.0,11.0,26.2,0.39409632314862764,2026-01,avg_duration_by_zone_hour,False
72,East Flatbush/Remsen Village,6,203,36.3876026272578,32.61666666666667,32.61666666666667,66.44,0.39408866995073893,2026-01,avg_duration_by_zone_hour,False
216,South Ozone Park,7,203,32.29425287356322,22.55,22.55,78.10666666666667,0.39408866995073893,2026-01,avg_duration_by_zone_hour,False
200,Riverdale/North Riverdale/Fieldston,10,33,51.013636363636365,46.3,46.3,88.16666666666667,0.3939393939393939,2026-01,avg_duration_by_zone_hour,False
242,Van Nest/Morris Park,11,33,40.46414141414141,34.53333333333333,34.53333333333333,68.94000000000001,0.3939393939393939,2026-01,avg_duration_by_zone_hour,False
202,Roosevelt Island,6,33,35.09545454545455,28.133333333333333,28.133333333333333,60.18,0.3939393939393939,2026-01,avg_duration_by_zone_hour,False
14,Bay Ridge,18,99,27.616666666666667,23.3,23.3,54.406666666666666,0.3939393939393939,2026-01,avg_duration_by_zone_hour,False
192,Queensboro Hill,8,33,27.483838383838386,23.083333333333332,23.083333333333332,46.09666666666667,0.3939393939393939,2026-01,avg_duration_by_zone_hour,False
227,Sunset Park East,20,33,25.898989898989896,22.966666666666665,22.966666666666665,46.28,0.3939393939393939,2026-01,avg_duration_by_zone_hour,False
220,Spuyten Duyvil/Kingsbridge,20,33,21.436363636363637,17.383333333333333,17.383333333333333,35.010000000000005,0.3939393939393939,2026-01,avg_duration_by_zone_hour,False
161,Midtown Center,3,297,14.32081930415264,11.883333333333333,11.883333333333333,26.350000000000016,0.3939393939393939,2026-01,avg_duration_by_zone_hour,False
83,Elmhurst/Maspeth,2,33,12.14090909090909,10.55,10.55,20.53333333333333,0.3939393939393939,2026-01,avg_duration_by_zone_hour,False
113,Greenwich Village North,3,693,11.892760942760942,9.65,9.65,22.47666666666667,0.3939393939393939,2026-01,avg_duration_by_zone_hour,False
229,Sutton Place/Turtle Bay North,16,3072,15.16545681423611,12.558333333333334,11.024999999999999,27.283333333333335,0.3938802083333333,2026-01,avg_duration_by_zone_hour,False
74,East Harlem North,7,1176,20.87468820861678,17.5,17.5,39.24166666666666,0.3937074829931973,2026-01,avg_duration_by_zone_hour,False
234,Union Sq,2,1176,13.182341269841269,11.7,11.7,23.491666666666667,0.3937074829931973,2026-01,avg_duration_by_zone_hour,False
74,East Harlem North,19,757,17.732540730955524,15.883333333333333,15.883333333333333,30.673333333333325,0.39365918097754293,2026-01,avg_duration_by_zone_hour,False
72,East Flatbush/Remsen Village,18,94,33.49166666666667,26.266666666666666,26.266666666666666,65.39333333333335,0.39361702127659576,2026-01,avg_duration_by_zone_hour,False
191,Queens Village,9,61,50.916393442622955,45.93333333333333,45.93333333333333,91.18333333333334,0.39344262295081966,2026-01,avg_duration_by_zone_hour,False
95,Forest Hills,15,122,31.46106557377049,25.866666666666667,25.866666666666667,61.10666666666667,0.39344262295081966,2026-01,avg_duration_by_zone_hour,False
90,Flatiron,4,577,13.228105141536684,11.233333333333333,11.233333333333333,24.98333333333333,0.3934142114384749,2026-01,avg_duration_by_zone_hour,False
164,Midtown South,7,951,11.737031195233087,8.783333333333333,8.783333333333333,23.3,0.3932702418506835,2026-01,avg_duration_by_zone_hour,False
91,Flatlands,5,89,49.26966292134831,45.75,45.75,94.16,0.39325842696629215,2026-01,avg_duration_by_zone_hour,False
159,Melrose South,8,117,35.85,27.916666666666668,27.916666666666668,67.78000000000003,0.39316239316239315,2026-01,avg_duration_by_zone_hour,False
28,Briarwood/Jamaica Hills,7,117,35.39358974358974,31.083333333333332,31.083333333333332,70.98666666666666,0.39316239316239315,2026-01,avg_duration_by_zone_hour,False
41,Central Harlem,7,1155,21.61952380952381,18.833333333333332,18.833333333333332,38.61666666666667,0.3930735930735931,2026-01,avg_duration_by_zone_hour,False
239,Upper West Side South,1,921,12.907564241766197,11.2,11.2,23.533333333333335,0.3930510314875136,2026-01,avg_duration_by_zone_hour,False
114,Greenwich Village South,16,1776,15.22917605105105,12.666666666666666,12.666666666666666,27.875,0.393018018018018,2026-01,avg_duration_by_zone_hour,False
234,Union Sq,5,285,13.18561403508772,9.583333333333334,9.583333333333334,27.419999999999998,0.3929824561403509,2026-01,avg_duration_by_zone_hour,False
100,Garment District,13,2204,16.852941621294615,13.958333333333332,11.808333333333334,30.153333333333336,0.3929219600725953,2026-01,avg_duration_by_zone_hour,False
22,Bensonhurst West,14,56,45.487500000000004,36.16666666666667,36.16666666666667,93.80833333333334,0.39285714285714285,2026-01,avg_duration_by_zone_hour,False
77,East New York/Pennsylvania Avenue,16,56,42.28630952380952,33.775,33.775,90.81666666666666,0.39285714285714285,2026-01,avg_duration_by_zone_hour,False
72,East Flatbush/Remsen Village,12,140,37.26833333333333,27.358333333333334,27.358333333333334,70.38333333333335,0.39285714285714285,2026-01,avg_duration_by_zone_hour,False
91,Flatlands,4,56,32.686011904761905,24.549999999999997,24.549999999999997,70.01666666666667,0.39285714285714285,2026-01,avg_duration_by_zone_hour,False
236,Upper East Side North,4,140,13.65345238095238,11.066666666666666,11.066666666666666,28.885,0.39285714285714285,2026-01,avg_duration_by_zone_hour,False
264,Unknown,1,56,11.716369047619049,9.016666666666666,9.016666666666666,21.916666666666664,0.39285714285714285,2026-01,avg_duration_by_zone_hour,False
177,Ocean Hill,8,275,36.401878787878786,29.666666666666668,29.666666666666668,70.58333333333333,0.3927272727272727,2026-01,avg_duration_by_zone_hour,False
68,East Chelsea,3,871,13.282567929582855,11.683333333333334,11.683333333333334,23.683333333333334,0.39265212399540755,2026-01,avg_duration_by_zone_hour,False
24,Bloomingdale,12,642,16.53694184839045,14.825,14.825,29.39333333333333,0.3925233644859813,2026-01,avg_duration_by_zone_hour,False
145,Long Island City/Hunters Point,16,372,28.377419354838707,22.4,22.4,55.451666666666696,0.3924731182795699,2026-01,avg_duration_by_zone_hour,False
164,Midtown South,9,2255,13.919660014781966,11.616666666666667,10.783333333333335,25.573333333333355,0.3924611973392461,2026-01,avg_duration_by_zone_hour,False
250,Westchester Village/Unionport,6,79,38.097679324894514,34.766666666666666,34.766666666666666,68.6,0.3924050632911392,2026-01,avg_duration_by_zone_hour,False
137,Kips Bay,21,2197,13.377127901684114,12.266666666666667,12.266666666666667,22.363333333333337,0.39235320892125625,2026-01,avg_duration_by_zone_hour,False
72,East Flatbush/Remsen Village,11,130,35.098333333333336,25.441666666666666,25.441666666666666,75.17000000000002,0.3923076923076923,2026-01,avg_duration_by_zone_hour,False
85,Erasmus,6,102,38.13823529411765,32.91666666666667,32.91666666666667,72.91333333333334,0.39215686274509803,2026-01,avg_duration_by_zone_hour,False
181,Park Slope,8,204,33.39828431372549,29.258333333333333,29.258333333333333,57.12000000000001,0.39215686274509803,2026-01,avg_duration_by_zone_hour,False
159,Melrose South,11,74,40.67117117117117,26.0,26.0,91.27833333333335,0.3918918918918919,2026-01,avg_duration_by_zone_hour,False
198,Ridgewood,14,74,30.933333333333334,24.666666666666668,24.666666666666668,56.48333333333334,0.3918918918918919,2026-01,avg_duration_by_zone_hour,False
152,Manhattanville,17,342,22.80906432748538,18.575,18.575,39.04000000000001,0.391812865497076,2026-01,avg_duration_by_zone_hour,False
229,Sutton Place/Turtle Bay North,3,342,10.960087719298246,9.225,9.225,21.838333333333342,0.391812865497076,2026-01,avg_duration_by_zone_hour,False
130,Jamaica,9,120,34.111111111111114,25.933333333333334,25.933333333333334,69.78333333333333,0.39166666666666666,2026-01,avg_duration_by_zone_hour,False
90,Flatiron,5,406,14.146346469622332,9.958333333333332,9.958333333333332,29.541666666666664,0.3916256157635468,2026-01,avg_duration_by_zone_hour,False
61,Crown Heights North,1,166,23.03012048192771,21.15,21.15,39.40833333333333,0.39156626506024095,2026-01,avg_duration_by_zone_hour,False
29,Brighton Beach,8,46,58.89746376811594,53.975,53.975,106.70833333333334,0.391304347826087,2026-01,avg_duration_by_zone_hour,False
174,Norwood,14,69,51.88550724637681,39.45,39.45,107.95666666666668,0.391304347826087,2026-01,avg_duration_by_zone_hour,False
92,Flushing,12,46,39.94492753623189,36.06666666666666,36.06666666666666,71.33333333333334,0.391304347826087,2026-01,avg_duration_by_zone_hour,False
18,Bedford Park,7,92,36.48677536231884,29.108333333333334,29.108333333333334,69.88333333333334,0.391304347826087,2026-01,avg_duration_by_zone_hour,False
131,Jamaica Estates,14,46,27.640579710144927,22.9,22.9,50.96666666666667,0.391304347826087,2026-01,avg_duration_by_zone_hour,False
92,Flushing,18,69,24.206521739130434,19.75,19.75,46.32,0.391304347826087,2026-01,avg_duration_by_zone_hour,False
83,Elmhurst/Maspeth,14,46,17.557608695652174,15.108333333333334,15.108333333333334,32.141666666666666,0.391304347826087,2026-01,avg_duration_by_zone_hour,False
26,Borough Park,23,46,16.630434782608695,12.05,12.05,31.783333333333335,0.391304347826087,2026-01,avg_duration_by_zone_hour,False
141,Lenox Hill West,10,4480,12.691748511904763,10.3,8.633333333333333,23.834999999999997,0.39107142857142857,2026-01,avg_duration_by_zone_hour,False
152,Manhattanville,21,179,17.0451582867784,13.55,13.55,33.56000000000002,0.39106145251396646,2026-01,avg_duration_by_zone_hour,False
263,Yorkville West,14,3979,13.415946217642624,10.733333333333333,9.216666666666667,25.360000000000014,0.3910530283990952,2026-01,avg_duration_by_zone_hour,False
151,Manhattan Valley,16,1913,14.347577975257014,11.266666666666667,11.2,26.919999999999998,0.3910088865656038,2026-01,avg_duration_by_zone_hour,False
189,Prospect Heights,18,133,22.7625313283208,21.45,21.45,38.699999999999996,0.39097744360902253,2026-01,avg_duration_by_zone_hour,False
164,Midtown South,8,1814,12.770240720323411,10.416666666666666,10.416666666666666,23.996666666666684,0.3908489525909592,2026-01,avg_duration_by_zone_hour,False
48,Clinton East,13,3068,14.905758365927857,11.7,10.95,28.066666666666666,0.39080834419817473,2026-01,avg_duration_by_zone_hour,False
197,Richmond Hill,23,87,14.543869731800765,13.183333333333334,13.183333333333334,26.903333333333343,0.39080459770114945,2026-01,avg_duration_by_zone_hour,False
142,Lincoln Square East,1,888,13.35975975975976,11.625,11.625,23.138333333333335,0.39076576576576577,2026-01,avg_duration_by_zone_hour,False
95,Forest Hills,8,151,35.11975717439294,30.766666666666666,30.766666666666666,66.11666666666666,0.39072847682119205,2026-01,avg_duration_by_zone_hour,False
181,Park Slope,17,279,32.8626642771804,28.2,28.2,57.9,0.3906810035842294,2026-01,avg_duration_by_zone_hour,False
205,Saint Albans,12,64,43.07083333333333,39.516666666666666,39.516666666666666,80.27,0.390625,2026-01,avg_duration_by_zone_hour,False
81,Eastchester,6,64,42.04895833333333,35.983333333333334,35.983333333333334,89.37333333333335,0.390625,2026-01,avg_duration_by_zone_hour,False
91,Flatlands,13,128,37.36875,26.891666666666666,26.891666666666666,84.74833333333332,0.390625,2026-01,avg_duration_by_zone_hour,False
131,Jamaica Estates,8,64,31.440364583333334,24.191666666666666,24.191666666666666,61.106666666666676,0.390625,2026-01,avg_duration_by_zone_hour,False
106,Gowanus,15,64,30.828125,24.783333333333335,24.783333333333335,48.635,0.390625,2026-01,avg_duration_by_zone_hour,False
216,South Ozone Park,5,128,30.566145833333334,23.55,23.55,71.15833333333332,0.390625,2026-01,avg_duration_by_zone_hour,False
261,World Trade Center,4,64,14.858333333333333,12.7,12.7,26.206666666666667,0.390625,2026-01,avg_duration_by_zone_hour,False
65,Downtown Brooklyn/MetroTech,14,233,32.400286123032906,23.683333333333334,23.683333333333334,70.49000000000002,0.3905579399141631,2026-01,avg_duration_by_zone_hour,False
222,Starrett City,8,105,43.432380952380946,37.166666666666664,37.166666666666664,86.5366666666667,0.3904761904761905,2026-01,avg_duration_by_zone_hour,False
197,Richmond Hill,16,210,40.51833333333334,41.725,41.725,73.07666666666667,0.3904761904761905,2026-01,avg_duration_by_zone_hour,False
197,Richmond Hill,12,105,26.662380952380953,20.183333333333334,20.183333333333334,55.25000000000002,0.3904761904761905,2026-01,avg_duration_by_zone_hour,False
116,Hamilton Heights,18,420,23.124206349206347,19.15833333333333,19.15833333333333,40.61833333333333,0.3904761904761905,2026-01,avg_duration_by_zone_hour,False
260,Woodside,0,105,13.34015873015873,10.583333333333334,10.583333333333334,22.220000000000002,0.3904761904761905,2026-01,avg_duration_by_zone_hour,False
262,Yorkville East,15,3595,14.876458043579046,11.866666666666667,11.033333333333333,27.743333333333332,0.39026425591098746,2026-01,avg_duration_by_zone_hour,False
18,Bedford Park,11,41,44.72317073170732,34.916666666666664,34.916666666666664,93.7,0.3902439024390244,2026-01,avg_duration_by_zone_hour,False
215,South Jamaica,4,41,37.0760162601626,30.616666666666667,30.616666666666667,68.13333333333334,0.3902439024390244,2026-01,avg_duration_by_zone_hour,False
28,Briarwood/Jamaica Hills,10,41,32.74146341463415,25.05,25.05,68.93333333333334,0.3902439024390244,2026-01,avg_duration_by_zone_hour,False
215,South Jamaica,20,41,28.68983739837398,21.366666666666667,21.366666666666667,58.88333333333333,0.3902439024390244,2026-01,avg_duration_by_zone_hour,False
265,Outside of NYC,17,41,26.715853658536584,17.583333333333332,17.583333333333332,69.7,0.3902439024390244,2026-01,avg_duration_by_zone_hour,False
191,Queens Village,23,41,25.2650406504065,22.183333333333334,22.183333333333334,44.38333333333333,0.3902439024390244,2026-01,avg_duration_by_zone_hour,False
163,Midtown North,9,2683,14.494421667287861,11.8,11.066666666666666,26.920000000000027,0.3902348117778606,2026-01,avg_duration_by_zone_hour,False
72,East Flatbush/Remsen Village,15,141,31.211702127659578,25.166666666666668,25.166666666666668,61.916666666666664,0.3900709219858156,2026-01,avg_duration_by_zone_hour,False
158,Meatpacking/West Village West,14,1369,16.07345994643292,13.4,13.4,27.953333333333337,0.39006574141709277,2026-01,avg_duration_by_zone_hour,False
141,Lenox Hill West,12,5034,13.048688915375449,10.55,9.716666666666667,24.42833333333333,0.38994835121176,2026-01,avg_duration_by_zone_hour,False
225,Stuyvesant Heights,20,159,25.641194968553457,23.816666666666666,23.816666666666666,40.506666666666696,0.389937106918239,2026-01,avg_duration_by_zone_hour,False
65,Downtown Brooklyn/MetroTech,12,218,26.715749235474007,21.25,21.25,54.940000000000005,0.38990825688073394,2026-01,avg_duration_by_zone_hour,False
229,Sutton Place/Turtle Bay North,14,3055,15.612967812329515,12.85,11.233333333333334,29.14333333333333,0.38985270049099835,2026-01,avg_duration_by_zone_hour,False
114,Greenwich Village South,14,1516,15.651429199648197,13.091666666666667,13.091666666666667,27.625,0.38984168865435354,2026-01,avg_duration_by_zone_hour,False
28,Briarwood/Jamaica Hills,9,59,36.14745762711864,27.65,27.65,74.94000000000004,0.3898305084745763,2026-01,avg_duration_by_zone_hour,False
213,Soundview/Castle Hill,7,195,41.00205128205128,35.016666666666666,35.016666666666666,82.34333333333333,0.38974358974358975,2026-01,avg_duration_by_zone_hour,False
43,Central Park,8,1283,13.3811899194596,11.2,11.183333333333334,23.506666666666664,0.3897116134060795,2026-01,avg_duration_by_zone_hour,False
132,JFK Airport,4,426,20.264632237871677,17.858333333333334,17.858333333333334,33.358333333333334,0.38967136150234744,2026-01,avg_duration_by_zone_hour,False
229,Sutton Place/Turtle Bay North,12,3475,14.695002398081535,12.55,10.891666666666666,26.499999999999993,0.38964028776978415,2026-01,avg_duration_by_zone_hour,False
100,Garment District,15,2487,17.944410936871733,13.666666666666666,11.916666666666666,34.25666666666667,0.3896260554885404,2026-01,avg_duration_by_zone_hour,False
32,Bronxdale,7,77,46.91038961038961,40.766666666666666,40.766666666666666,98.12000000000002,0.38961038961038963,2026-01,avg_duration_by_zone_hour,False
35,Brownsville,19,77,26.301082251082253,19.8,19.8,47.903333333333336,0.38961038961038963,2026-01,avg_duration_by_zone_hour,False
125,Hudson Sq,23,729,14.921764974851396,12.566666666666666,12.566666666666666,26.586666666666677,0.3895747599451303,2026-01,avg_duration_by_zone_hour,False
211,SoHo,11,824,16.59623786407767,13.95,13.95,30.38666666666667,0.3895631067961165,2026-01,avg_duration_by_zone_hour,False
68,East Chelsea,6,878,14.16313591495824,11.466666666666667,11.466666666666667,25.105000000000015,0.3895216400911162,2026-01,avg_duration_by_zone_hour,False
35,Brownsville,16,113,43.48082595870206,33.18333333333333,33.18333333333333,88.76333333333332,0.3893805309734513,2026-01,avg_duration_by_zone_hour,False
168,Mott Haven/Port Morris,11,113,27.755752212389382,21.216666666666665,21.216666666666665,48.40999999999999,0.3893805309734513,2026-01,avg_duration_by_zone_hour,False
113,Greenwich Village North,13,2346,14.581372549019608,11.816666666666666,11.816666666666666,27.825,0.38917306052855927,2026-01,avg_duration_by_zone_hour,False
76,East New York,5,203,37.89573070607553,30.85,30.85,79.45333333333335,0.3891625615763547,2026-01,avg_duration_by_zone_hour,False
212,Soundview/Bruckner,10,36,40.88564814814815,32.46666666666667,32.46666666666667,83.83333333333334,0.3888888888888889,2026-01,avg_duration_by_zone_hour,False
119,Highbridge,11,54,40.02006172839506,31.808333333333337,31.808333333333337,76.4566666666667,0.3888888888888889,2026-01,avg_duration_by_zone_hour,False
69,East Concourse/Concourse Village,7,216,39.88248456790124,32.708333333333336,32.708333333333336,74.89166666666667,0.3888888888888889,2026-01,avg_duration_by_zone_hour,False
126,Hunts Point,13,36,36.757407407407406,33.65,33.65,67.125,0.3888888888888889,2026-01,avg_duration_by_zone_hour,False
258,Woodhaven,15,36,33.153703703703705,22.925,22.925,77.32499999999999,0.3888888888888889,2026-01,avg_duration_by_zone_hour,False
119,Highbridge,15,36,32.7550925925926,23.508333333333333,23.508333333333333,66.69999999999999,0.3888888888888889,2026-01,avg_duration_by_zone_hour,False
22,Bensonhurst West,16,36,32.46296296296296,21.75,21.75,68.48333333333333,0.3888888888888889,2026-01,avg_duration_by_zone_hour,False
18,Bedford Park,17,36,29.787499999999998,22.924999999999997,22.924999999999997,61.55833333333333,0.3888888888888889,2026-01,avg_duration_by_zone_hour,False
102,Glendale,9,36,28.12824074074074,19.391666666666666,19.391666666666666,58.79166666666667,0.3888888888888889,2026-01,avg_duration_by_zone_hour,False
82,Elmhurst,8,108,26.76219135802469,23.733333333333334,23.733333333333334,52.69166666666666,0.3888888888888889,2026-01,avg_duration_by_zone_hour,False
28,Briarwood/Jamaica Hills,8,90,24.103703703703705,19.266666666666666,19.266666666666666,48.620000000000005,0.3888888888888889,2026-01,avg_duration_by_zone_hour,False
157,Maspeth,11,36,19.59861111111111,16.441666666666666,16.441666666666666,32.475,0.3888888888888889,2026-01,avg_duration_by_zone_hour,False
158,Meatpacking/West Village West,13,1183,15.623724992955761,13.183333333333334,13.183333333333334,28.263333333333318,0.3888419273034658,2026-01,avg_duration_by_zone_hour,False
233,UN/Turtle Bay South,12,2283,15.63316542560958,13.416666666666666,13.4,28.163333333333338,0.3885238720981165,2026-01,avg_duration_by_zone_hour,False
169,Mount Hope,8,121,37.16308539944904,26.3,26.3,74.81666666666666,0.3884297520661157,2026-01,avg_duration_by_zone_hour,False
71,East Flatbush/Farragut,12,103,38.98236245954693,36.36666666666667,36.36666666666667,67.70666666666666,0.3883495145631068,2026-01,avg_duration_by_zone_hour,False
261,World Trade Center,10,541,18.489864448552062,16.066666666666666,16.066666666666666,32.13333333333333,0.38817005545286504,2026-01,avg_duration_by_zone_hour,False
10,Baisley Park,7,152,39.85109649122807,33.7,33.7,82.83000000000001,0.3881578947368421,2026-01,avg_duration_by_zone_hour,False
74,East Harlem North,0,420,13.63,12.775,12.775,22.971666666666668,0.3880952380952381,2026-01,avg_duration_by_zone_hour,False
215,South Jamaica,16,67,37.73731343283582,34.483333333333334,34.483333333333334,67.13666666666666,0.3880597014925373,2026-01,avg_duration_by_zone_hour,False
62,Crown Heights South,17,67,32.539800995024876,27.25,27.25,56.559999999999995,0.3880597014925373,2026-01,avg_duration_by_zone_hour,False
166,Morningside Heights,17,1719,18.562148535970525,15.516666666666667,15.516666666666667,34.16666666666667,0.38801628853984876,2026-01,avg_duration_by_zone_hour,False
223,Steinway,8,232,27.254525862068967,24.858333333333334,24.858333333333334,46.76166666666667,0.3879310344827586,2026-01,avg_duration_by_zone_hour,False
158,Meatpacking/West Village West,12,1026,16.451153346328788,14.391666666666666,14.391666666666666,28.483333333333334,0.38791423001949316,2026-01,avg_duration_by_zone_hour,False
76,East New York,13,281,40.0717674970344,32.38333333333333,32.38333333333333,80.35,0.3879003558718861,2026-01,avg_duration_by_zone_hour,False
140,Lenox Hill East,10,4380,15.4719101978691,13.1,12.183333333333334,27.083333333333332,0.38789954337899546,2026-01,avg_duration_by_zone_hour,False
119,Highbridge,7,165,31.344646464646466,23.716666666666665,23.716666666666665,63.72666666666666,0.3878787878787879,2026-01,avg_duration_by_zone_hour,False
47,Claremont/Bathgate,14,49,47.024149659863944,36.55,36.55,94.02333333333334,0.3877551020408163,2026-01,avg_duration_by_zone_hour,False
165,Midwood,8,98,42.17176870748299,29.733333333333334,29.733333333333334,86.64,0.3877551020408163,2026-01,avg_duration_by_zone_hour,False
119,Highbridge,12,49,40.25816326530612,30.75,30.75,83.28,0.3877551020408163,2026-01,avg_duration_by_zone_hour,False
69,East Concourse/Concourse Village,13,98,37.393537414965984,28.441666666666666,28.441666666666666,73.05166666666666,0.3877551020408163,2026-01,avg_duration_by_zone_hour,False
62,Crown Heights South,8,196,35.92457482993197,31.108333333333334,31.108333333333334,67.625,0.3877551020408163,2026-01,avg_duration_by_zone_hour,False
246,West Chelsea/Hudson Yards,8,1514,16.82514310876266,14.841666666666667,14.841666666666667,28.495,0.38771466314398945,2026-01,avg_duration_by_zone_hour,False
90,Flatiron,8,1816,12.685398311306901,10.066666666666666,10.066666666666666,24.4,0.3876651982378855,2026-01,avg_duration_by_zone_hour,False
239,Upper West Side South,23,2265,12.70830757910228,10.9,10.758333333333333,23.51,0.38763796909492276,2026-01,avg_duration_by_zone_hour,False
41,Central Harlem,0,436,13.548470948012232,11.766666666666667,11.766666666666667,23.958333333333336,0.3876146788990826,2026-01,avg_duration_by_zone_hour,False
229,Sutton Place/Turtle Bay North,10,3130,14.628056443024494,12.95,10.991666666666667,25.51833333333333,0.3875399361022364,2026-01,avg_duration_by_zone_hour,False
69,East Concourse/Concourse Village,15,80,42.12229166666667,29.891666666666666,29.891666666666666,90.84500000000004,0.3875,2026-01,avg_duration_by_zone_hour,False
26,Borough Park,14,80,37.170625,29.65833333333333,29.65833333333333,67.1616666666667,0.3875,2026-01,avg_duration_by_zone_hour,False
220,Spuyten Duyvil/Kingsbridge,8,80,34.22416666666667,29.175,29.175,66.10666666666667,0.3875,2026-01,avg_duration_by_zone_hour,False
43,Central Park,5,80,14.465208333333333,9.966666666666667,9.966666666666667,33.681666666666686,0.3875,2026-01,avg_duration_by_zone_hour,False
236,Upper East Side North,22,3200,12.085859375,9.675,9.558333333333334,23.71833333333333,0.3875,2026-01,avg_duration_by_zone_hour,False
148,Lower East Side,17,1528,17.963121727748693,15.5,15.5,31.56,0.387434554973822,2026-01,avg_duration_by_zone_hour,False
116,Hamilton Heights,17,413,24.1817998385795,20.316666666666666,20.316666666666666,43.27666666666667,0.387409200968523,2026-01,avg_duration_by_zone_hour,False
168,Mott Haven/Port Morris,10,111,27.93918918918919,21.466666666666665,21.466666666666665,50.3,0.38738738738738737,2026-01,avg_duration_by_zone_hour,False
148,Lower East Side,4,1376,13.622311046511628,12.166666666666666,12.166666666666666,23.525,0.3873546511627907,2026-01,avg_duration_by_zone_hour,False
231,TriBeCa/Civic Center,16,3005,21.783471991125904,16.383333333333333,16.066666666666666,42.00999999999999,0.3873544093178037,2026-01,avg_duration_by_zone_hour,False
137,Kips Bay,2,759,11.011923583662712,9.533333333333333,9.533333333333333,19.38666666666667,0.38735177865612647,2026-01,avg_duration_by_zone_hour,False
100,Garment District,14,2355,17.848980891719744,14.25,13.016666666666667,33.39333333333332,0.3872611464968153,2026-01,avg_duration_by_zone_hour,False
262,Yorkville East,23,731,12.55266757865937,11.916666666666666,11.916666666666666,21.733333333333334,0.387140902872777,2026-01,avg_duration_by_zone_hour,False
183,Pelham Bay,7,31,48.10537634408602,47.233333333333334,47.233333333333334,85.36666666666666,0.3870967741935484,2026-01,avg_duration_by_zone_hour,False
21,Bensonhurst East,16,31,46.99193548387097,37.766666666666666,37.766666666666666,96.36666666666666,0.3870967741935484,2026-01,avg_duration_by_zone_hour,False
62,Crown Heights South,13,93,36.30483870967742,28.633333333333333,28.633333333333333,68.71666666666667,0.3870967741935484,2026-01,avg_duration_by_zone_hour,False
18,Bedford Park,18,31,35.62150537634408,19.166666666666668,19.166666666666668,93.51666666666667,0.3870967741935484,2026-01,avg_duration_by_zone_hour,False
92,Flushing,13,62,33.94247311827957,30.575,30.575,61.173333333333325,0.3870967741935484,2026-01,avg_duration_by_zone_hour,False
257,Windsor Terrace,5,31,33.645698924731185,28.05,28.05,49.21666666666667,0.3870967741935484,2026-01,avg_duration_by_zone_hour,False
62,Crown Heights South,5,62,26.268817204301076,22.333333333333336,22.333333333333336,42.5,0.3870967741935484,2026-01,avg_duration_by_zone_hour,False
82,Elmhurst,17,155,25.79494623655914,20.5,20.5,49.29333333333333,0.3870967741935484,2026-01,avg_duration_by_zone_hour,False
134,Kew Gardens,21,31,16.88279569892473,12.233333333333333,12.233333333333333,26.0,0.3870967741935484,2026-01,avg_duration_by_zone_hour,False
83,Elmhurst/Maspeth,3,31,15.994623655913978,14.35,14.35,23.716666666666665,0.3870967741935484,2026-01,avg_duration_by_zone_hour,False
182,Parkchester,7,230,41.20768115942029,33.55,33.55,80.28666666666665,0.3869565217391304,2026-01,avg_duration_by_zone_hour,False
193,Queensbridge/Ravenswood,15,106,30.877830188679248,25.90833333333333,25.90833333333333,63.475,0.3867924528301887,2026-01,avg_duration_by_zone_hour,False
78,East Tremont,9,75,39.19844444444444,31.716666666666665,31.716666666666665,69.28666666666668,0.38666666666666666,2026-01,avg_duration_by_zone_hour,False
35,Brownsville,20,75,30.990444444444446,22.783333333333335,22.783333333333335,70.8666666666667,0.38666666666666666,2026-01,avg_duration_by_zone_hour,False
263,Yorkville West,16,4136,13.867319471308832,10.516666666666667,9.55,27.041666666666668,0.386605415860735,2026-01,avg_duration_by_zone_hour,False
234,Union Sq,4,507,12.888034188034188,10.65,10.65,23.800000000000004,0.3865877712031558,2026-01,avg_duration_by_zone_hour,False
216,South Ozone Park,8,238,30.97359943977591,22.40833333333333,22.40833333333333,70.31500000000001,0.3865546218487395,2026-01,avg_duration_by_zone_hour,False
158,Meatpacking/West Village West,5,119,16.715826330532213,12.083333333333334,12.083333333333334,31.24333333333335,0.3865546218487395,2026-01,avg_duration_by_zone_hour,False
236,Upper East Side North,3,119,12.44859943977591,10.133333333333333,10.133333333333333,22.576666666666668,0.3865546218487395,2026-01,avg_duration_by_zone_hour,False
231,TriBeCa/Civic Center,0,1576,15.310289763113367,13.775,13.775,25.875,0.3864213197969543,2026-01,avg_duration_by_zone_hour,False
38,Cambria Heights,7,44,58.19204545454545,51.975,51.975,97.91000000000001,0.38636363636363635,2026-01,avg_duration_by_zone_hour,False
174,Norwood,13,44,46.84166666666667,33.825,33.825,91.325,0.38636363636363635,2026-01,avg_duration_by_zone_hour,False
227,Sunset Park East,16,44,45.38371212121212,36.43333333333334,36.43333333333334,88.93500000000004,0.38636363636363635,2026-01,avg_duration_by_zone_hour,False
177,Ocean Hill,18,88,31.27746212121212,26.950000000000003,26.950000000000003,58.883333333333326,0.38636363636363635,2026-01,avg_duration_by_zone_hour,False
152,Manhattanville,15,264,24.0135101010101,18.866666666666667,18.866666666666667,43.240000000000016,0.38636363636363635,2026-01,avg_duration_by_zone_hour,False
129,Jackson Heights,23,176,16.142992424242422,14.633333333333333,14.633333333333333,28.1,0.38636363636363635,2026-01,avg_duration_by_zone_hour,False
100,Garment District,2,528,14.273642676767677,11.966666666666665,11.966666666666665,26.121666666666666,0.38636363636363635,2026-01,avg_duration_by_zone_hour,False
144,Little Italy/NoLiTa,2,1685,12.32564787339268,10.6,10.6,21.51,0.3863501483679525,2026-01,avg_duration_by_zone_hour,False
143,Lincoln Square West,14,2674,14.154687110446272,11.775,11.175,24.878333333333337,0.3863126402393418,2026-01,avg_duration_by_zone_hour,False
100,Garment District,16,2832,18.30009416195857,13.691666666666666,11.583333333333334,32.570000000000014,0.3862994350282486,2026-01,avg_duration_by_zone_hour,False
49,Clinton Hill,16,189,39.82504409171076,30.133333333333333,30.133333333333333,84.65666666666667,0.3862433862433862,2026-01,avg_duration_by_zone_hour,False
77,East New York/Pennsylvania Avenue,12,57,36.9766081871345,27.816666666666666,27.816666666666666,72.44999999999999,0.38596491228070173,2026-01,avg_duration_by_zone_hour,False
33,Brooklyn Heights,16,311,34.790246516613074,23.75,23.75,78.96666666666667,0.3858520900321543,2026-01,avg_duration_by_zone_hour,False
235,University Heights/Morris Heights,13,70,43.610476190476184,35.56666666666666,35.56666666666666,84.35333333333332,0.38571428571428573,2026-01,avg_duration_by_zone_hour,False
229,Sutton Place/Turtle Bay North,9,3220,14.384880952380952,12.733333333333334,11.416666666666666,25.416666666666668,0.38571428571428573,2026-01,avg_duration_by_zone_hour,False
100,Garment District,12,2179,17.869680281474682,14.8,13.758333333333333,32.50333333333334,0.38549793483249195,2026-01,avg_duration_by_zone_hour,False
72,East Flatbush/Remsen Village,9,262,35.02678117048346,26.316666666666666,26.316666666666666,69.60333333333334,0.38549618320610685,2026-01,avg_duration_by_zone_hour,False
231,TriBeCa/Civic Center,11,2050,18.261308943089432,14.975,14.416666666666666,33.285000000000004,0.3853658536585366,2026-01,avg_duration_by_zone_hour,False
249,West Village,13,2455,14.400271554650372,11.633333333333333,11.0,27.379999999999995,0.3853360488798371,2026-01,avg_duration_by_zone_hour,False
177,Ocean Hill,17,109,40.943272171253824,36.81666666666667,36.81666666666667,70.48,0.3853211009174312,2026-01,avg_duration_by_zone_hour,False
151,Manhattan Valley,13,2043,14.383594387338881,11.633333333333333,11.066666666666666,27.23,0.3852178169358786,2026-01,avg_duration_by_zone_hour,False
263,Yorkville West,15,4063,14.247190089424892,10.95,10.2,27.476666666666674,0.38518336204774795,2026-01,avg_duration_by_zone_hour,False
177,Ocean Hill,11,148,39.61677927927928,32.575,32.575,76.59833333333334,0.38513513513513514,2026-01,avg_duration_by_zone_hour,False
233,UN/Turtle Bay South,13,2220,16.478513513513516,13.8,13.133333333333333,30.27500000000001,0.38513513513513514,2026-01,avg_duration_by_zone_hour,False
97,Fort Greene,12,226,31.407669616519172,25.133333333333333,25.133333333333333,57.70833333333333,0.38495575221238937,2026-01,avg_duration_by_zone_hour,False
229,Sutton Place/Turtle Bay North,13,3241,14.818795639206007,12.7,10.858333333333334,26.466666666666665,0.38475779080530703,2026-01,avg_duration_by_zone_hour,False
48,Clinton East,5,1388,10.72245437079731,8.183333333333334,8.183333333333334,21.083333333333325,0.38472622478386165,2026-01,avg_duration_by_zone_hour,False
51,Co-Op City,9,117,48.0457264957265,43.333333333333336,43.333333333333336,87.14,0.38461538461538464,2026-01,avg_duration_by_zone_hour,False
123,Homecrest,16,78,41.41047008547009,32.19166666666666,32.19166666666666,84.66499999999999,0.38461538461538464,2026-01,avg_duration_by_zone_hour,False
131,Jamaica Estates,9,39,40.2931623931624,35.833333333333336,35.833333333333336,74.57666666666668,0.38461538461538464,2026-01,avg_duration_by_zone_hour,False
178,Ocean Parkway South,8,39,39.58803418803419,34.266666666666666,34.266666666666666,67.06,0.38461538461538464,2026-01,avg_duration_by_zone_hour,False
134,Kew Gardens,7,91,38.14175824175824,33.833333333333336,33.833333333333336,73.68333333333334,0.38461538461538464,2026-01,avg_duration_by_zone_hour,False
220,Spuyten Duyvil/Kingsbridge,9,52,35.95,29.8,29.8,62.459999999999994,0.38461538461538464,2026-01,avg_duration_by_zone_hour,False
248,West Farms/Bronx River,9,65,35.44794871794872,28.0,28.0,71.96000000000001,0.38461538461538464,2026-01,avg_duration_by_zone_hour,False
14,Bay Ridge,9,104,35.311698717948715,30.924999999999997,30.924999999999997,63.39166666666668,0.38461538461538464,2026-01,avg_duration_by_zone_hour,False
167,Morrisania/Melrose,19,39,32.5534188034188,25.3,25.3,58.92,0.38461538461538464,2026-01,avg_duration_by_zone_hour,False
26,Borough Park,19,65,26.815128205128204,23.55,23.55,41.12666666666667,0.38461538461538464,2026-01,avg_duration_by_zone_hour,False
89,Flatbush/Ditmas Park,22,143,24.28986013986014,21.8,21.8,38.86333333333334,0.38461538461538464,2026-01,avg_duration_by_zone_hour,False
260,Woodside,20,91,16.5503663003663,13.35,13.35,27.65,0.38461538461538464,2026-01,avg_duration_by_zone_hour,False
125,Hudson Sq,9,676,15.948422090729784,12.791666666666668,12.791666666666668,30.491666666666667,0.38461538461538464,2026-01,avg_duration_by_zone_hour,False
129,Jackson Heights,3,182,15.378479853479853,14.158333333333333,14.158333333333333,26.188333333333336,0.38461538461538464,2026-01,avg_duration_by_zone_hour,False
113,Greenwich Village North,12,2234,14.737831990450612,11.775,11.641666666666666,28.235000000000003,0.3845120859444942,2026-01,avg_duration_by_zone_hour,False
164,Midtown South,4,658,13.909321175278624,11.916666666666668,11.916666666666668,26.97166666666669,0.3844984802431611,2026-01,avg_duration_by_zone_hour,False
100,Garment District,19,2713,15.378627595527707,13.616666666666667,11.758333333333333,25.483333333333334,0.38444526354589015,2026-01,avg_duration_by_zone_hour,False
233,UN/Turtle Bay South,10,2042,15.340401567091087,13.733333333333334,13.516666666666666,25.998333333333335,0.3844270323212537,2026-01,avg_duration_by_zone_hour,False
141,Lenox Hill West,14,5212,13.604089920695829,10.641666666666666,8.3,25.81500000000001,0.3843054489639294,2026-01,avg_duration_by_zone_hour,False
24,Bloomingdale,8,661,19.261976802824,16.866666666666667,16.866666666666667,36.03333333333333,0.3842662632375189,2026-01,avg_duration_by_zone_hour,False
107,Gramercy,10,2937,14.164754284417205,11.566666666666666,11.566666666666666,26.1,0.3840653728294178,2026-01,avg_duration_by_zone_hour,False
42,Central Harlem North,13,677,26.690669620876413,22.533333333333335,22.533333333333335,48.22333333333332,0.38404726735598227,2026-01,avg_duration_by_zone_hour,False
233,UN/Turtle Bay South,15,2279,18.199027351177417,14.433333333333334,13.683333333333334,33.370000000000026,0.38394032470381745,2026-01,avg_duration_by_zone_hour,False
151,Manhattan Valley,9,1899,15.53185009654204,13.2,13.2,29.290000000000003,0.38388625592417064,2026-01,avg_duration_by_zone_hour,False
143,Lincoln Square West,16,2803,14.021411582827923,11.366666666666667,11.366666666666667,25.510000000000005,0.38387442026400287,2026-01,avg_duration_by_zone_hour,False
198,Ridgewood,23,99,18.167171717171716,17.833333333333332,17.833333333333332,30.03666666666667,0.3838383838383838,2026-01,avg_duration_by_zone_hour,False
26,Borough Park,9,86,33.776744186046514,27.691666666666666,27.691666666666666,68.23333333333333,0.38372093023255816,2026-01,avg_duration_by_zone_hour,False
189,Prospect Heights,14,86,25.656976744186046,23.233333333333334,23.233333333333334,43.375,0.38372093023255816,2026-01,avg_duration_by_zone_hour,False
198,Ridgewood,13,86,24.44031007751938,21.433333333333334,21.433333333333334,40.43333333333333,0.38372093023255816,2026-01,avg_duration_by_zone_hour,False
63,Cypress Hills,8,146,36.57111872146119,31.041666666666664,31.041666666666664,68.10833333333333,0.3835616438356164,2026-01,avg_duration_by_zone_hour,False
62,Crown Heights South,16,73,36.387442922374426,28.816666666666666,28.816666666666666,72.08666666666666,0.3835616438356164,2026-01,avg_duration_by_zone_hour,False
102,Glendale,7,73,28.41986301369863,24.116666666666667,24.116666666666667,53.316666666666656,0.3835616438356164,2026-01,avg_duration_by_zone_hour,False
228,Sunset Park West,18,146,27.568493150684933,24.325,24.325,48.49166666666666,0.3835616438356164,2026-01,avg_duration_by_zone_hour,False
71,East Flatbush/Farragut,6,206,37.22119741100324,33.108333333333334,33.108333333333334,66.925,0.38349514563106796,2026-01,avg_duration_by_zone_hour,False
186,Penn Station/Madison Sq West,3,592,13.018440315315315,10.850000000000001,10.850000000000001,24.98833333333333,0.38344594594594594,2026-01,avg_duration_by_zone_hour,False
121,Hillcrest/Pomonok,8,60,44.37777777777777,37.16666666666667,37.16666666666667,86.25833333333335,0.38333333333333336,2026-01,avg_duration_by_zone_hour,False
14,Bay Ridge,13,120,36.47388888888889,33.575,33.575,66.52500000000002,0.38333333333333336,2026-01,avg_duration_by_zone_hour,False
39,Canarsie,13,180,35.592777777777776,26.791666666666664,26.791666666666664,74.16333333333334,0.38333333333333336,2026-01,avg_duration_by_zone_hour,False
188,Prospect-Lefferts Gardens,18,180,29.730555555555554,25.916666666666664,25.916666666666664,55.28999999999999,0.38333333333333336,2026-01,avg_duration_by_zone_hour,False
117,Hammels/Arverne,7,154,62.58971861471862,58.775000000000006,58.775000000000006,121.13833333333334,0.38311688311688313,2026-01,avg_duration_by_zone_hour,False
174,Norwood,15,47,55.23049645390071,43.583333333333336,43.583333333333336,112.41666666666666,0.3829787234042553,2026-01,avg_duration_by_zone_hour,False
92,Flushing,16,47,55.09326241134752,47.833333333333336,47.833333333333336,110.25,0.3829787234042553,2026-01,avg_duration_by_zone_hour,False
71,East Flatbush/Farragut,11,94,38.63989361702128,31.391666666666666,31.391666666666666,78.32333333333334,0.3829787234042553,2026-01,avg_duration_by_zone_hour,False
91,Flatlands,21,47,22.56418439716312,19.016666666666666,19.016666666666666,38.68333333333333,0.3829787234042553,2026-01,avg_duration_by_zone_hour,False
152,Manhattanville,23,175,14.409428571428572,12.05,12.05,23.24,0.38285714285714284,2026-01,avg_duration_by_zone_hour,False
113,Greenwich Village North,14,2435,14.827077344284737,11.566666666666666,11.566666666666666,28.19333333333333,0.38275154004106776,2026-01,avg_duration_by_zone_hour,False
164,Midtown South,0,2516,13.117090620031796,11.675,11.675,22.541666666666664,0.3827503974562798,2026-01,avg_duration_by_zone_hour,False
168,Mott Haven/Port Morris,8,196,34.29829931972789,27.525,27.525,72.13333333333333,0.3826530612244898,2026-01,avg_duration_by_zone_hour,False
89,Flatbush/Ditmas Park,10,264,38.21729797979798,30.183333333333334,30.183333333333334,75.50500000000002,0.38257575757575757,2026-01,avg_duration_by_zone_hour,False
82,Elmhurst,4,149,15.83545861297539,13.783333333333333,13.783333333333333,25.96,0.3825503355704698,2026-01,avg_duration_by_zone_hour,False
259,Woodlawn/Wakefield,16,34,61.07941176470589,53.83333333333333,53.83333333333333,112.14999999999999,0.38235294117647056,2026-01,avg_duration_by_zone_hour,False
3,Allerton/Pelham Gardens,9,34,49.84607843137255,44.15833333333333,44.15833333333333,90.14166666666665,0.38235294117647056,2026-01,avg_duration_by_zone_hour,False
47,Claremont/Bathgate,13,34,39.04607843137255,32.68333333333334,32.68333333333334,69.33666666666666,0.38235294117647056,2026-01,avg_duration_by_zone_hour,False
250,Westchester Village/Unionport,12,34,38.675000000000004,32.075,32.075,82.09166666666665,0.38235294117647056,2026-01,avg_duration_by_zone_hour,False
126,Hunts Point,11,34,36.82843137254902,28.475,28.475,68.75166666666667,0.38235294117647056,2026-01,avg_duration_by_zone_hour,False
69,East Concourse/Concourse Village,18,68,32.7468137254902,22.65833333333333,22.65833333333333,69.25333333333336,0.38235294117647056,2026-01,avg_duration_by_zone_hour,False
29,Brighton Beach,18,34,28.75,19.958333333333332,19.958333333333332,61.623333333333335,0.38235294117647056,2026-01,avg_duration_by_zone_hour,False
212,Soundview/Bruckner,14,34,28.626470588235296,20.4,20.4,56.75,0.38235294117647056,2026-01,avg_duration_by_zone_hour,False
102,Glendale,13,34,26.98235294117647,21.441666666666666,21.441666666666666,50.904999999999994,0.38235294117647056,2026-01,avg_duration_by_zone_hour,False
145,Long Island City/Hunters Point,12,272,19.771323529411767,18.325000000000003,18.325000000000003,35.795,0.38235294117647056,2026-01,avg_duration_by_zone_hour,False
193,Queensbridge/Ravenswood,21,34,18.208333333333336,16.733333333333334,16.733333333333334,28.53333333333333,0.38235294117647056,2026-01,avg_duration_by_zone_hour,False
24,Bloomingdale,22,395,15.910168776371307,13.516666666666667,13.516666666666667,28.540000000000003,0.3822784810126582,2026-01,avg_duration_by_zone_hour,False
140,Lenox Hill East,6,1083,11.787473068636505,10.566666666666666,10.566666666666666,19.50666666666668,0.38227146814404434,2026-01,avg_duration_by_zone_hour,False
263,Yorkville West,12,3801,13.466193107077086,10.766666666666667,9.425,25.816666666666666,0.3822678242567745,2026-01,avg_duration_by_zone_hour,False
215,South Jamaica,6,123,39.75338753387534,33.516666666666666,33.516666666666666,83.73666666666665,0.3821138211382114,2026-01,avg_duration_by_zone_hour,False
233,UN/Turtle Bay South,11,2078,15.764212383702278,13.575,13.35,27.083333333333332,0.38209817131857554,2026-01,avg_duration_by_zone_hour,False
162,Midtown East,23,2434,12.116509175568337,10.633333333333333,9.883333333333333,20.816666666666666,0.3820870994248151,2026-01,avg_duration_by_zone_hour,False
222,Starrett City,12,89,48.65280898876405,40.71666666666667,40.71666666666667,85.65666666666668,0.38202247191011235,2026-01,avg_duration_by_zone_hour,False
61,Crown Heights North,3,89,21.030711610486893,19.0,19.0,39.150000000000006,0.38202247191011235,2026-01,avg_duration_by_zone_hour,False
129,Jackson Heights,8,288,29.039988425925927,27.075000000000003,27.075000000000003,54.015,0.3819444444444444,2026-01,avg_duration_by_zone_hour,False
146,Long Island City/Queens Plaza,16,254,25.764435695538058,20.516666666666666,20.516666666666666,49.811666666666675,0.38188976377952755,2026-01,avg_duration_by_zone_hour,False
163,Midtown North,23,2734,13.071622774932942,11.05,10.7,22.46166666666667,0.38185808339429406,2026-01,avg_duration_by_zone_hour,False
218,Springfield Gardens North,11,55,45.68060606060606,43.96666666666667,43.96666666666667,85.82333333333334,0.38181818181818183,2026-01,avg_duration_by_zone_hour,False
167,Morrisania/Melrose,12,55,42.50030303030304,34.45,34.45,77.38333333333334,0.38181818181818183,2026-01,avg_duration_by_zone_hour,False
134,Kew Gardens,15,55,30.905757575757576,21.583333333333332,21.583333333333332,59.55666666666667,0.38181818181818183,2026-01,avg_duration_by_zone_hour,False
106,Gowanus,17,55,29.41,26.45,26.45,49.02333333333333,0.38181818181818183,2026-01,avg_duration_by_zone_hour,False
79,East Village,11,2436,14.934510125889437,12.691666666666666,12.691666666666666,26.71666666666667,0.3817733990147783,2026-01,avg_duration_by_zone_hour,False
42,Central Harlem North,14,689,26.624068698597,22.2,22.2,47.803333333333384,0.38171262699564584,2026-01,avg_duration_by_zone_hour,False
177,Ocean Hill,22,76,24.998464912280703,22.391666666666666,22.391666666666666,39.1,0.3815789473684211,2026-01,avg_duration_by_zone_hour,False
263,Yorkville West,21,3583,11.648799888361708,9.9,9.6,21.83666666666668,0.3815238626849009,2026-01,avg_duration_by_zone_hour,False
100,Garment District,0,1169,13.925819788993442,12.416666666666666,12.416666666666666,24.793333333333337,0.38152266894781867,2026-01,avg_duration_by_zone_hour,False
164,Midtown South,10,2454,14.183706873132301,12.175,11.65,25.79333333333337,0.38141809290953543,2026-01,avg_duration_by_zone_hour,False
188,Prospect-Lefferts Gardens,13,236,35.0694209039548,28.733333333333334,28.733333333333334,70.84166666666667,0.3813559322033898,2026-01,avg_duration_by_zone_hour,False
62,Crown Heights South,14,118,33.980790960451976,28.608333333333334,28.608333333333334,64.09,0.3813559322033898,2026-01,avg_duration_by_zone_hour,False
158,Meatpacking/West Village West,15,1445,16.323621683967705,13.85,13.85,29.13666666666667,0.3813148788927336,2026-01,avg_duration_by_zone_hour,False
100,Garment District,20,2442,14.500348075348075,12.733333333333333,11.416666666666666,24.766666666666666,0.38124488124488126,2026-01,avg_duration_by_zone_hour,False
197,Richmond Hill,8,223,28.540059790732435,22.316666666666666,22.316666666666666,58.07,0.3811659192825112,2026-01,avg_duration_by_zone_hour,False
48,Clinton East,15,3104,15.779150558419243,12.0,10.383333333333333,29.713333333333352,0.38112113402061853,2026-01,avg_duration_by_zone_hour,False
79,East Village,10,2372,13.82566048341765,11.708333333333332,11.708333333333332,24.910000000000007,0.3811129848229342,2026-01,avg_duration_by_zone_hour,False
231,TriBeCa/Civic Center,15,2632,21.712658308004052,16.058333333333334,16.058333333333334,40.016666666666666,0.3810790273556231,2026-01,avg_duration_by_zone_hour,False
90,Flatiron,2,1181,12.625444538526672,10.983333333333333,10.983333333333333,23.933333333333334,0.3810330228619814,2026-01,avg_duration_by_zone_hour,False
113,Greenwich Village North,10,1727,13.901380042462845,11.25,11.033333333333333,27.363333333333337,0.3810075275043428,2026-01,avg_duration_by_zone_hour,False
117,Hammels/Arverne,5,63,61.18359788359788,59.63333333333333,59.63333333333333,105.82333333333334,0.38095238095238093,2026-01,avg_duration_by_zone_hour,False
213,Soundview/Castle Hill,6,168,40.78234126984127,33.575,33.575,72.38666666666668,0.38095238095238093,2026-01,avg_duration_by_zone_hour,False
61,Crown Heights North,17,294,35.77471655328798,30.174999999999997,30.174999999999997,64.80666666666666,0.38095238095238093,2026-01,avg_duration_by_zone_hour,False
40,Carroll Gardens,9,84,27.992857142857144,25.59166666666667,25.59166666666667,48.865,0.38095238095238093,2026-01,avg_duration_by_zone_hour,False
35,Brownsville,0,42,19.412301587301588,17.758333333333333,17.758333333333333,36.29666666666666,0.38095238095238093,2026-01,avg_duration_by_zone_hour,False
74,East Harlem North,2,147,14.014285714285714,13.25,13.25,24.53000000000001,0.38095238095238093,2026-01,avg_duration_by_zone_hour,False
168,Mott Haven/Port Morris,7,239,30.431101813110182,24.616666666666667,24.616666666666667,57.81000000000001,0.3807531380753138,2026-01,avg_duration_by_zone_hour,False
95,Forest Hills,10,113,35.946460176991145,34.31666666666667,34.31666666666667,66.74666666666667,0.3805309734513274,2026-01,avg_duration_by_zone_hour,False
39,Canarsie,11,184,33.56820652173913,25.566666666666666,25.566666666666666,75.03833333333333,0.3804347826086957,2026-01,avg_duration_by_zone_hour,False
68,East Chelsea,0,2482,15.279123019070642,13.616666666666667,13.616666666666667,27.813333333333336,0.38033843674456086,2026-01,avg_duration_by_zone_hour,False
141,Lenox Hill West,13,4951,13.083616104490675,10.4,7.741666666666667,24.766666666666666,0.38032720662492425,2026-01,avg_duration_by_zone_hour,False
136,Kingsbridge Heights,7,71,45.40070422535211,36.06666666666667,36.06666666666667,93.43333333333334,0.38028169014084506,2026-01,avg_duration_by_zone_hour,False
219,Springfield Gardens South,8,71,45.1075117370892,39.2,39.2,87.68333333333334,0.38028169014084506,2026-01,avg_duration_by_zone_hour,False
82,Elmhurst,11,71,28.250704225352113,22.45,22.45,58.416666666666664,0.38028169014084506,2026-01,avg_duration_by_zone_hour,False
62,Crown Heights South,23,71,22.940610328638495,20.3,20.3,38.833333333333336,0.38028169014084506,2026-01,avg_duration_by_zone_hour,False
234,Union Sq,10,2899,13.571852362883755,10.916666666666666,10.133333333333333,25.52333333333334,0.3801310796826492,2026-01,avg_duration_by_zone_hour,False
169,Mount Hope,15,50,44.62666666666667,34.766666666666666,34.766666666666666,98.92166666666667,0.38,2026-01,avg_duration_by_zone_hour,False
242,Van Nest/Morris Park,14,50,44.18333333333333,40.041666666666664,40.041666666666664,81.67833333333334,0.38,2026-01,avg_duration_by_zone_hour,False
35,Brownsville,12,150,38.49488888888889,32.55833333333334,32.55833333333334,69.23499999999997,0.38,2026-01,avg_duration_by_zone_hour,False
165,Midwood,16,50,34.459,28.358333333333334,28.358333333333334,62.190000000000005,0.38,2026-01,avg_duration_by_zone_hour,False
133,Kensington,13,50,29.137666666666664,23.53333333333333,23.53333333333333,49.26500000000001,0.38,2026-01,avg_duration_by_zone_hour,False
157,Maspeth,7,100,23.686666666666664,21.233333333333334,21.233333333333334,40.32000000000001,0.38,2026-01,avg_duration_by_zone_hour,False
48,Clinton East,8,2858,14.338535106134826,11.491666666666667,11.491666666666667,26.160000000000004,0.3799860041987404,2026-01,avg_duration_by_zone_hour,False
249,West Village,9,2045,13.293716381418093,10.65,9.491666666666667,25.880000000000006,0.3799511002444988,2026-01,avg_duration_by_zone_hour,False
77,East New York/Pennsylvania Avenue,7,129,40.43152454780362,33.166666666666664,33.166666666666664,85.41000000000001,0.3798449612403101,2026-01,avg_duration_by_zone_hour,False
246,West Chelsea/Hudson Yards,10,1814,16.157037853730245,14.266666666666667,14.266666666666667,28.628333333333334,0.37982359426681367,2026-01,avg_duration_by_zone_hour,False
42,Central Harlem North,7,1156,24.154411764705884,20.65833333333333,20.65833333333333,44.55833333333334,0.379757785467128,2026-01,avg_duration_by_zone_hour,False
17,Bedford,7,216,31.57283950617284,27.733333333333334,27.733333333333334,53.66666666666667,0.37962962962962965,2026-01,avg_duration_by_zone_hour,False
258,Woodhaven,7,137,30.23272506082725,25.4,25.4,55.930000000000014,0.3795620437956204,2026-01,avg_duration_by_zone_hour,False
223,Steinway,11,137,21.70170316301703,18.616666666666667,18.616666666666667,39.88000000000001,0.3795620437956204,2026-01,avg_duration_by_zone_hour,False
42,Central Harlem North,11,606,28.376650165016503,22.675,22.675,55.93333333333334,0.3795379537953795,2026-01,avg_duration_by_zone_hour,False
234,Union Sq,7,1212,12.080651815181518,9.525,9.525,22.74333333333334,0.3795379537953795,2026-01,avg_duration_by_zone_hour,False
264,Unknown,12,224,15.045684523809525,11.75,11.75,29.221666666666668,0.3794642857142857,2026-01,avg_duration_by_zone_hour,False
65,Downtown Brooklyn/MetroTech,17,340,31.99279411764706,25.133333333333333,25.133333333333333,66.47833333333335,0.37941176470588234,2026-01,avg_duration_by_zone_hour,False
114,Greenwich Village South,15,1753,15.522656398554858,13.0,13.0,28.80333333333333,0.3793496862521392,2026-01,avg_duration_by_zone_hour,False
126,Hunts Point,9,58,41.891379310344824,37.78333333333333,37.78333333333333,70.61500000000001,0.3793103448275862,2026-01,avg_duration_by_zone_hour,False
159,Melrose South,10,87,41.35689655172414,31.433333333333334,31.433333333333334,79.08666666666667,0.3793103448275862,2026-01,avg_duration_by_zone_hour,False
85,Erasmus,15,58,36.202298850574714,30.008333333333333,30.008333333333333,59.52,0.3793103448275862,2026-01,avg_duration_by_zone_hour,False
65,Downtown Brooklyn/MetroTech,15,261,33.49163473818646,25.083333333333332,25.083333333333332,72.31666666666666,0.3793103448275862,2026-01,avg_duration_by_zone_hour,False
247,West Concourse,11,58,30.792816091954023,25.391666666666666,25.391666666666666,53.358333333333334,0.3793103448275862,2026-01,avg_duration_by_zone_hour,False
217,South Williamsburg,9,58,28.691091954022987,27.35,27.35,47.25500000000001,0.3793103448275862,2026-01,avg_duration_by_zone_hour,False
62,Crown Heights South,22,58,22.241091954022988,21.041666666666664,21.041666666666664,39.02333333333335,0.3793103448275862,2026-01,avg_duration_by_zone_hour,False
137,Kips Bay,8,1973,14.4750126710593,12.666666666666666,12.666666666666666,24.283333333333335,0.37911809427268117,2026-01,avg_duration_by_zone_hour,False
61,Crown Heights North,9,517,33.466312056737586,29.016666666666666,29.016666666666666,60.89000000000002,0.379110251450677,2026-01,avg_duration_by_zone_hour,False
140,Lenox Hill East,12,4883,16.2227216874872,13.4,13.158333333333333,28.830000000000002,0.3790702437026418,2026-01,avg_duration_by_zone_hour,False
165,Midwood,10,95,39.135263157894734,32.28333333333333,32.28333333333333,71.67,0.37894736842105264,2026-01,avg_duration_by_zone_hour,False
198,Ridgewood,22,95,19.287017543859648,17.566666666666666,17.566666666666666,33.019999999999996,0.37894736842105264,2026-01,avg_duration_by_zone_hour,False
75,East Harlem South,23,644,15.20491718426501,13.408333333333333,13.408333333333333,25.416666666666668,0.37888198757763975,2026-01,avg_duration_by_zone_hour,False
151,Manhattan Valley,17,2067,14.325036284470245,11.483333333333333,11.483333333333333,27.203333333333337,0.3788098693759071,2026-01,avg_duration_by_zone_hour,False
196,Rego Park,12,66,33.16136363636364,26.933333333333334,26.933333333333334,61.43333333333333,0.3787878787878788,2026-01,avg_duration_by_zone_hour,False
260,Woodside,9,132,24.05606060606061,18.058333333333334,18.058333333333334,50.04500000000001,0.3787878787878788,2026-01,avg_duration_by_zone_hour,False
137,Kips Bay,9,1875,14.897164444444446,12.75,12.75,25.87666666666667,0.37866666666666665,2026-01,avg_duration_by_zone_hour,False
142,Lincoln Square East,4,206,14.778317152103561,10.85,10.85,31.616666666666667,0.3786407766990291,2026-01,avg_duration_by_zone_hour,False
130,Jamaica,19,140,23.12797619047619,19.208333333333332,19.208333333333332,39.293333333333344,0.37857142857142856,2026-01,avg_duration_by_zone_hour,False
262,Yorkville East,14,3014,14.252184251271844,12.283333333333333,11.3,26.095000000000006,0.3785666887856669,2026-01,avg_duration_by_zone_hour,False
71,East Flatbush/Farragut,9,185,38.545765765765765,33.55,33.55,72.08999999999999,0.3783783783783784,2026-01,avg_duration_by_zone_hour,False
81,Eastchester,5,37,37.47702702702703,34.88333333333333,34.88333333333333,76.88333333333333,0.3783783783783784,2026-01,avg_duration_by_zone_hour,False
63,Cypress Hills,15,74,32.300225225225226,24.516666666666666,24.516666666666666,67.21833333333335,0.3783783783783784,2026-01,avg_duration_by_zone_hour,False
63,Cypress Hills,16,37,31.203153153153153,26.55,26.55,66.88333333333333,0.3783783783783784,2026-01,avg_duration_by_zone_hour,False
126,Hunts Point,17,37,29.91531531531531,21.55,21.55,51.63666666666666,0.3783783783783784,2026-01,avg_duration_by_zone_hour,False
219,Springfield Gardens South,20,37,27.345045045045044,24.966666666666665,24.966666666666665,53.71333333333333,0.3783783783783784,2026-01,avg_duration_by_zone_hour,False
124,Howard Beach,9,37,25.61756756756757,20.833333333333332,20.833333333333332,46.019999999999996,0.3783783783783784,2026-01,avg_duration_by_zone_hour,False
90,Flatiron,16,2908,15.041208161393858,11.5,11.5,28.248333333333342,0.3782668500687758,2026-01,avg_duration_by_zone_hour,False
168,Mott Haven/Port Morris,12,119,31.347619047619048,24.716666666666665,24.716666666666665,64.71333333333334,0.37815126050420167,2026-01,avg_duration_by_zone_hour,False
223,Steinway,13,119,23.787114845938373,21.4,21.4,44.42333333333334,0.37815126050420167,2026-01,avg_duration_by_zone_hour,False
143,Lincoln Square West,11,2663,13.767104769057456,11.483333333333333,11.483333333333333,25.303333333333345,0.3781449493052948,2026-01,avg_duration_by_zone_hour,False
231,TriBeCa/Civic Center,12,2222,18.38910891089109,15.133333333333333,14.766666666666667,33.24333333333334,0.37803780378037805,2026-01,avg_duration_by_zone_hour,False
24,Bloomingdale,9,717,17.357298930729893,15.016666666666667,15.016666666666667,32.093333333333334,0.37796373779637377,2026-01,avg_duration_by_zone_hour,False
119,Highbridge,8,127,38.10669291338583,32.733333333333334,32.733333333333334,70.83666666666669,0.3779527559055118,2026-01,avg_duration_by_zone_hour,False
188,Prospect-Lefferts Gardens,19,172,26.743313953488375,22.575,22.575,48.280000000000015,0.37790697674418605,2026-01,avg_duration_by_zone_hour,False
238,Upper West Side North,20,2723,12.491859468723224,10.05,9.533333333333333,23.94666666666667,0.37789203084832906,2026-01,avg_duration_by_zone_hour,False
47,Claremont/Bathgate,17,45,39.053333333333335,21.816666666666666,21.816666666666666,100.56000000000003,0.37777777777777777,2026-01,avg_duration_by_zone_hour,False
258,Woodhaven,14,45,29.99074074074074,24.366666666666667,24.366666666666667,61.78000000000001,0.37777777777777777,2026-01,avg_duration_by_zone_hour,False
63,Cypress Hills,18,45,22.746666666666666,18.966666666666665,18.966666666666665,38.35333333333334,0.37777777777777777,2026-01,avg_duration_by_zone_hour,False
168,Mott Haven/Port Morris,3,45,17.27259259259259,14.283333333333333,14.283333333333333,28.043333333333333,0.37777777777777777,2026-01,avg_duration_by_zone_hour,False
100,Garment District,22,2417,14.688601572196937,13.233333333333333,12.583333333333334,24.863333333333337,0.37774100124120813,2026-01,avg_duration_by_zone_hour,False
263,Yorkville West,10,3815,12.58085626911315,10.516666666666667,8.958333333333332,23.883333333333333,0.3777195281782438,2026-01,avg_duration_by_zone_hour,False
141,Lenox Hill West,11,4739,13.021407469930365,10.6,9.416666666666666,24.45,0.37771681789407047,2026-01,avg_duration_by_zone_hour,False
232,Two Bridges/Seward Park,14,519,20.397976878612717,16.066666666666666,16.066666666666666,35.52333333333333,0.37764932562620424,2026-01,avg_duration_by_zone_hour,False
117,Hammels/Arverne,8,143,56.48100233100233,53.45,53.45,104.6,0.3776223776223776,2026-01,avg_duration_by_zone_hour,False
188,Prospect-Lefferts Gardens,5,143,29.52284382284382,25.516666666666666,25.516666666666666,55.586666666666666,0.3776223776223776,2026-01,avg_duration_by_zone_hour,False
144,Little Italy/NoLiTa,23,2336,14.016409817351597,12.216666666666667,12.216666666666667,25.083333333333332,0.3775684931506849,2026-01,avg_duration_by_zone_hour,False
113,Greenwich Village North,15,2789,15.279688060236644,12.1,11.875,28.146666666666686,0.37755467909645035,2026-01,avg_duration_by_zone_hour,False
69,East Concourse/Concourse Village,11,98,47.18639455782313,42.49166666666667,42.49166666666667,90.50833333333333,0.37755102040816324,2026-01,avg_duration_by_zone_hour,False
121,Hillcrest/Pomonok,7,98,37.9375850340136,31.641666666666666,31.641666666666666,72.29666666666667,0.37755102040816324,2026-01,avg_duration_by_zone_hour,False
97,Fort Greene,16,294,31.629365079365076,22.316666666666666,22.316666666666666,68.25166666666665,0.37755102040816324,2026-01,avg_duration_by_zone_hour,False
236,Upper East Side North,2,196,10.80595238095238,8.774999999999999,8.774999999999999,20.516666666666666,0.37755102040816324,2026-01,avg_duration_by_zone_hour,False
151,Manhattan Valley,10,1926,14.980477673935619,12.816666666666666,12.716666666666667,27.891666666666666,0.377466251298027,2026-01,avg_duration_by_zone_hour,False
263,Yorkville West,9,3558,13.320709199925052,11.266666666666667,10.3,24.94833333333334,0.3774592467678471,2026-01,avg_duration_by_zone_hour,False
90,Flatiron,7,1073,12.03201304753029,9.266666666666667,9.266666666666667,23.99000000000002,0.37744641192917056,2026-01,avg_duration_by_zone_hour,False
140,Lenox Hill East,1,416,11.205689102564103,10.433333333333334,10.433333333333334,19.441666666666666,0.37740384615384615,2026-01,avg_duration_by_zone_hour,False
203,Rosedale,6,53,68.97012578616352,74.75,74.75,115.76000000000002,0.37735849056603776,2026-01,avg_duration_by_zone_hour,False
218,Springfield Gardens North,9,53,51.315723270440245,51.0,51.0,94.35666666666667,0.37735849056603776,2026-01,avg_duration_by_zone_hour,False
191,Queens Village,15,53,41.513836477987425,37.6,37.6,80.72333333333334,0.37735849056603776,2026-01,avg_duration_by_zone_hour,False
83,Elmhurst/Maspeth,10,53,17.419182389937106,15.516666666666667,15.516666666666667,36.74,0.37735849056603776,2026-01,avg_duration_by_zone_hour,False
130,Jamaica,18,220,24.609545454545458,19.108333333333334,19.108333333333334,49.70499999999997,0.37727272727272726,2026-01,avg_duration_by_zone_hour,False
91,Flatlands,14,114,36.93684210526316,29.025,29.025,82.53166666666667,0.37719298245614036,2026-01,avg_duration_by_zone_hour,False
100,Garment District,17,3192,17.673021094402674,13.958333333333332,12.466666666666667,31.663333333333338,0.37719298245614036,2026-01,avg_duration_by_zone_hour,False
97,Fort Greene,14,236,30.59011299435028,24.316666666666666,24.316666666666666,64.64999999999999,0.3771186440677966,2026-01,avg_duration_by_zone_hour,False
144,Little Italy/NoLiTa,4,708,11.829519774011299,10.016666666666667,10.016666666666667,20.516666666666666,0.3771186440677966,2026-01,avg_duration_by_zone_hour,False
71,East Flatbush/Farragut,18,61,29.425956284153006,25.183333333333334,25.183333333333334,57.15,0.3770491803278688,2026-01,avg_duration_by_zone_hour,False
24,Bloomingdale,3,61,16.637431693989072,13.5,13.5,32.916666666666664,0.3770491803278688,2026-01,avg_duration_by_zone_hour,False
130,Jamaica,2,122,15.458469945355192,14.591666666666667,14.591666666666667,25.06,0.3770491803278688,2026-01,avg_duration_by_zone_hour,False
49,Clinton Hill,14,191,32.17766143106457,27.383333333333333,27.383333333333333,59.13333333333333,0.3769633507853403,2026-01,avg_duration_by_zone_hour,False
226,Sunnyside,18,406,24.612766830870278,21.191666666666666,21.191666666666666,44.675,0.3768472906403941,2026-01,avg_duration_by_zone_hour,False
148,Lower East Side,12,1088,16.7953431372549,14.7,14.7,29.71000000000001,0.37683823529411764,2026-01,avg_duration_by_zone_hour,False
133,Kensington,9,69,32.46328502415459,26.433333333333334,26.433333333333334,66.70666666666668,0.37681159420289856,2026-01,avg_duration_by_zone_hour,False
4,Alphabet City,16,491,17.823998642226748,14.833333333333334,14.833333333333334,30.666666666666668,0.37678207739307534,2026-01,avg_duration_by_zone_hour,False
211,SoHo,13,1455,16.590572737686138,13.95,13.95,29.910000000000004,0.3766323024054983,2026-01,avg_duration_by_zone_hour,False
189,Prospect Heights,16,77,34.017099567099564,27.1,27.1,61.976666666666674,0.37662337662337664,2026-01,avg_duration_by_zone_hour,False
72,East Flatbush/Remsen Village,19,77,31.81168831168831,28.333333333333332,28.333333333333332,62.803333333333356,0.37662337662337664,2026-01,avg_duration_by_zone_hour,False
24,Bloomingdale,10,709,16.136741889985895,14.216666666666667,14.216666666666667,29.26,0.3765867418899859,2026-01,avg_duration_by_zone_hour,False
231,TriBeCa/Civic Center,10,1742,17.681094527363186,14.716666666666665,14.716666666666665,33.23333333333335,0.37657864523536166,2026-01,avg_duration_by_zone_hour,False
4,Alphabet City,21,717,15.314295676429568,13.783333333333333,13.783333333333333,25.806666666666665,0.37656903765690375,2026-01,avg_duration_by_zone_hour,False
43,Central Park,20,1798,12.334074898034855,10.083333333333334,10.083333333333334,23.205,0.37652947719688545,2026-01,avg_duration_by_zone_hour,False
113,Greenwich Village North,9,1806,14.12313584348468,11.583333333333334,11.583333333333334,26.791666666666668,0.37652270210409744,2026-01,avg_duration_by_zone_hour,False
141,Lenox Hill West,16,5198,14.334763370527128,10.85,7.75,27.893333333333338,0.37649095806079264,2026-01,avg_duration_by_zone_hour,False
55,Coney Island,6,101,56.82838283828383,49.3,49.3,110.75,0.37623762376237624,2026-01,avg_duration_by_zone_hour,False
55,Coney Island,12,101,45.648844884488454,40.96666666666667,40.96666666666667,83.88333333333334,0.37623762376237624,2026-01,avg_duration_by_zone_hour,False
91,Flatlands,15,101,33.6006600660066,23.316666666666666,23.316666666666666,69.76666666666667,0.37623762376237624,2026-01,avg_duration_by_zone_hour,False
143,Lincoln Square West,12,2799,14.300261998332738,11.566666666666666,11.566666666666666,26.170000000000027,0.3762057877813505,2026-01,avg_duration_by_zone_hour,False
82,Elmhurst,0,117,14.076780626780627,12.683333333333334,12.683333333333334,22.480000000000004,0.37606837606837606,2026-01,avg_duration_by_zone_hour,False
91,Flatlands,10,157,39.73864118895966,28.916666666666668,28.916666666666668,80.74666666666667,0.37579617834394907,2026-01,avg_duration_by_zone_hour,False
45,Chinatown,19,567,17.592798353909465,15.55,15.55,30.663333333333334,0.37566137566137564,2026-01,avg_duration_by_zone_hour,False
89,Flatbush/Ditmas Park,11,197,38.255076142131976,32.15,32.15,70.38000000000001,0.3756345177664975,2026-01,avg_duration_by_zone_hour,False
261,World Trade Center,7,213,19.554851330203444,16.266666666666666,16.266666666666666,37.54666666666667,0.3755868544600939,2026-01,avg_duration_by_zone_hour,False
151,Manhattan Valley,12,1968,14.757977642276423,11.633333333333333,11.3,28.479999999999997,0.3755081300813008,2026-01,avg_duration_by_zone_hour,False
61,Crown Heights North,20,253,28.50698287220026,24.9,24.9,53.05666666666667,0.37549407114624506,2026-01,avg_duration_by_zone_hour,False
145,Long Island City/Hunters Point,9,261,22.204597701149424,19.683333333333334,19.683333333333334,41.55,0.37547892720306514,2026-01,avg_duration_by_zone_hour,False
238,Upper West Side North,21,2421,12.593962549910506,10.866666666666667,10.283333333333333,23.566666666666666,0.3754646840148699,2026-01,avg_duration_by_zone_hour,False
61,Crown Heights North,11,341,34.87228739002933,30.0,30.0,62.53333333333333,0.375366568914956,2026-01,avg_duration_by_zone_hour,False
162,Midtown East,0,1388,12.007612872238232,10.416666666666666,10.416666666666666,21.104999999999993,0.3753602305475504,2026-01,avg_duration_by_zone_hour,False
158,Meatpacking/West Village West,9,898,15.249313288789903,12.983333333333334,12.983333333333334,28.41,0.3752783964365256,2026-01,avg_duration_by_zone_hour,False
144,Little Italy/NoLiTa,1,2034,12.476982956407735,10.875,10.875,21.745,0.3751229105211406,2026-01,avg_duration_by_zone_hour,False
163,Midtown North,7,1293,13.228808971384376,10.0,10.0,25.946666666666662,0.3750966744006187,2026-01,avg_duration_by_zone_hour,False
139,Laurelton,7,56,55.589285714285715,52.91666666666667,52.91666666666667,99.34166666666667,0.375,2026-01,avg_duration_by_zone_hour,False
200,Riverdale/North Riverdale/Fieldston,11,32,53.49270833333333,50.516666666666666,50.516666666666666,90.54833333333333,0.375,2026-01,avg_duration_by_zone_hour,False
147,Longwood,6,72,48.17615740740741,42.05,42.05,82.47,0.375,2026-01,avg_duration_by_zone_hour,False
21,Bensonhurst East,11,32,47.76927083333333,39.483333333333334,39.483333333333334,81.56166666666667,0.375,2026-01,avg_duration_by_zone_hour,False
185,Pelham Parkway,11,40,46.812083333333334,44.375,44.375,83.55333333333334,0.375,2026-01,avg_duration_by_zone_hour,False
185,Pelham Parkway,16,32,45.98229166666667,35.65,35.65,106.60333333333335,0.375,2026-01,avg_duration_by_zone_hour,False
208,Schuylerville/Edgewater Park,12,32,44.78177083333333,42.575,42.575,72.31333333333335,0.375,2026-01,avg_duration_by_zone_hour,False
191,Queens Village,12,40,43.48083333333334,36.975,36.975,85.95833333333334,0.375,2026-01,avg_duration_by_zone_hour,False
185,Pelham Parkway,12,32,42.90052083333333,35.925,35.925,81.94333333333334,0.375,2026-01,avg_duration_by_zone_hour,False
196,Rego Park,10,32,41.184895833333336,32.13333333333333,32.13333333333333,74.07166666666669,0.375,2026-01,avg_duration_by_zone_hour,False
26,Borough Park,10,88,41.048484848484854,34.59166666666667,34.59166666666667,80.44,0.375,2026-01,avg_duration_by_zone_hour,False
218,Springfield Gardens North,12,48,40.37291666666667,33.358333333333334,33.358333333333334,75.53333333333342,0.375,2026-01,avg_duration_by_zone_hour,False
123,Homecrest,17,40,38.615833333333335,27.475,27.475,76.07000000000002,0.375,2026-01,avg_duration_by_zone_hour,False
119,Highbridge,9,64,38.03723958333333,30.18333333333333,30.18333333333333,67.30666666666667,0.375,2026-01,avg_duration_by_zone_hour,False
177,Ocean Hill,13,136,37.926225490196074,31.84166666666667,31.84166666666667,64.2,0.375,2026-01,avg_duration_by_zone_hour,False
126,Hunts Point,10,32,36.82864583333333,29.883333333333333,29.883333333333333,71.68333333333334,0.375,2026-01,avg_duration_by_zone_hour,False
220,Spuyten Duyvil/Kingsbridge,11,48,36.753125000000004,35.541666666666664,35.541666666666664,58.46666666666667,0.375,2026-01,avg_duration_by_zone_hour,False
63,Cypress Hills,7,224,35.99680059523809,31.566666666666666,31.566666666666666,63.55166666666667,0.375,2026-01,avg_duration_by_zone_hour,False
210,Sheepshead Bay,17,32,35.63854166666667,30.225,30.225,76.28666666666668,0.375,2026-01,avg_duration_by_zone_hour,False
56,Corona,13,40,35.42375,29.09166666666667,29.09166666666667,57.65666666666668,0.375,2026-01,avg_duration_by_zone_hour,False
147,Longwood,7,72,33.644675925925924,26.125,26.125,68.49333333333334,0.375,2026-01,avg_duration_by_zone_hour,False
123,Homecrest,18,40,30.660000000000004,23.683333333333334,23.683333333333334,52.07833333333334,0.375,2026-01,avg_duration_by_zone_hour,False
168,Mott Haven/Port Morris,14,128,29.867578125,21.708333333333336,21.708333333333336,54.626666666666665,0.375,2026-01,avg_duration_by_zone_hour,False
67,Dyker Heights,7,32,29.018229166666668,22.141666666666666,22.141666666666666,62.78333333333336,0.375,2026-01,avg_duration_by_zone_hour,False
70,East Elmhurst,6,40,28.274166666666666,22.641666666666666,22.641666666666666,57.705,0.375,2026-01,avg_duration_by_zone_hour,False
72,East Flatbush/Remsen Village,4,64,28.14453125,20.0,20.0,45.82333333333333,0.375,2026-01,avg_duration_by_zone_hour,False
131,Jamaica Estates,15,40,25.658749999999998,21.233333333333334,21.233333333333334,40.58833333333334,0.375,2026-01,avg_duration_by_zone_hour,False
159,Melrose South,19,56,25.46517857142857,17.5,17.5,67.8,0.375,2026-01,avg_duration_by_zone_hour,False
177,Ocean Hill,0,72,23.02523148148148,20.566666666666666,20.566666666666666,39.383333333333326,0.375,2026-01,avg_duration_by_zone_hour,False
260,Woodside,16,120,22.258194444444445,18.375,18.375,39.43833333333334,0.375,2026-01,avg_duration_by_zone_hour,False
228,Sunset Park West,3,32,19.161458333333332,17.033333333333335,17.033333333333335,33.366666666666674,0.375,2026-01,avg_duration_by_zone_hour,False
146,Long Island City/Queens Plaza,10,200,18.959333333333333,15.8,15.8,35.386666666666656,0.375,2026-01,avg_duration_by_zone_hour,False
39,Canarsie,23,72,18.65023148148148,14.033333333333333,14.033333333333333,34.28666666666667,0.375,2026-01,avg_duration_by_zone_hour,False
152,Manhattanville,1,80,16.869791666666664,14.766666666666666,14.766666666666666,28.905000000000005,0.375,2026-01,avg_duration_by_zone_hour,False
24,Bloomingdale,1,184,14.60235507246377,12.275,12.275,28.13666666666667,0.375,2026-01,avg_duration_by_zone_hour,False
83,Elmhurst/Maspeth,4,40,13.791666666666666,11.775,11.775,25.48,0.375,2026-01,avg_duration_by_zone_hour,False
167,Morrisania/Melrose,23,32,12.941145833333334,10.525,10.525,26.325000000000006,0.375,2026-01,avg_duration_by_zone_hour,False
238,Upper West Side North,0,880,12.908390151515151,11.15,11.15,23.57166666666667,0.375,2026-01,avg_duration_by_zone_hour,False
144,Little Italy/NoLiTa,0,2158,13.16474358974359,11.383333333333333,11.383333333333333,23.388333333333332,0.37488415199258573,2026-01,avg_duration_by_zone_hour,False
100,Garment District,21,2544,14.600766509433962,13.075,11.975,24.783333333333335,0.3746069182389937,2026-01,avg_duration_by_zone_hour,False
162,Midtown East,3,267,13.549250936329589,11.6,11.6,24.0,0.37453183520599254,2026-01,avg_duration_by_zone_hour,False
188,Prospect-Lefferts Gardens,12,203,42.93990147783251,34.016666666666666,34.016666666666666,79.15,0.37438423645320196,2026-01,avg_duration_by_zone_hour,False
68,East Chelsea,5,556,13.560701438848922,10.808333333333334,10.808333333333334,24.375,0.37410071942446044,2026-01,avg_duration_by_zone_hour,False
50,Clinton West,19,1500,14.929577777777777,13.666666666666666,13.666666666666666,26.206666666666674,0.374,2026-01,avg_duration_by_zone_hour,False
48,Clinton East,7,2206,12.74535358114234,10.1,9.366666666666667,23.608333333333334,0.3739800543970988,2026-01,avg_duration_by_zone_hour,False
237,Upper East Side South,3,230,10.760144927536233,9.125,9.125,19.973333333333333,0.3739130434782609,2026-01,avg_duration_by_zone_hour,False
233,UN/Turtle Bay South,16,2260,17.13498525073746,13.866666666666667,13.866666666666667,31.62500000000001,0.37389380530973454,2026-01,avg_duration_by_zone_hour,False
89,Flatbush/Ditmas Park,8,321,36.73245067497404,32.416666666666664,32.416666666666664,68.71666666666667,0.37383177570093457,2026-01,avg_duration_by_zone_hour,False
4,Alphabet City,3,701,12.983238231098431,12.016666666666667,12.016666666666667,21.916666666666668,0.37375178316690444,2026-01,avg_duration_by_zone_hour,False
82,Elmhurst,14,99,33.882659932659934,26.6,26.6,70.68,0.37373737373737376,2026-01,avg_duration_by_zone_hour,False
263,Yorkville West,17,4606,13.866113040961064,10.666666666666666,9.783333333333333,28.216666666666665,0.373643074250977,2026-01,avg_duration_by_zone_hour,False
185,Pelham Parkway,6,83,47.76807228915663,40.666666666666664,40.666666666666664,84.25666666666666,0.37349397590361444,2026-01,avg_duration_by_zone_hour,False
77,East New York/Pennsylvania Avenue,14,83,36.94538152610442,30.75,30.75,84.81333333333328,0.37349397590361444,2026-01,avg_duration_by_zone_hour,False
236,Upper East Side North,1,442,11.697134238310708,9.591666666666667,9.591666666666667,22.380000000000003,0.3733031674208145,2026-01,avg_duration_by_zone_hour,False
97,Fort Greene,13,217,29.167357910906297,25.016666666666666,25.016666666666666,52.31,0.37327188940092165,2026-01,avg_duration_by_zone_hour,False
68,East Chelsea,8,2578,15.382512283423843,13.033333333333333,13.033333333333333,27.505000000000003,0.37315748642358415,2026-01,avg_duration_by_zone_hour,False
55,Coney Island,9,134,48.684701492537314,43.125,43.125,92.35,0.373134328358209,2026-01,avg_duration_by_zone_hour,False
32,Bronxdale,8,67,43.70348258706468,36.733333333333334,36.733333333333334,82.86666666666665,0.373134328358209,2026-01,avg_duration_by_zone_hour,False
72,East Flatbush/Remsen Village,10,185,33.91207207207207,26.8,26.8,64.84666666666665,0.372972972972973,2026-01,avg_duration_by_zone_hour,False
235,University Heights/Morris Heights,11,59,46.74350282485876,35.46666666666667,35.46666666666667,90.16000000000008,0.3728813559322034,2026-01,avg_duration_by_zone_hour,False
258,Woodhaven,10,59,31.118361581920905,22.883333333333333,22.883333333333333,58.100000000000016,0.3728813559322034,2026-01,avg_duration_by_zone_hour,False
196,Rego Park,15,59,29.948870056497174,23.266666666666666,23.266666666666666,57.21333333333333,0.3728813559322034,2026-01,avg_duration_by_zone_hour,False
43,Central Park,12,3288,13.62668795620438,11.416666666666666,11.033333333333333,24.860000000000007,0.3728710462287105,2026-01,avg_duration_by_zone_hour,False
230,Times Sq/Theatre District,2,880,13.634204545454546,12.558333333333334,12.558333333333334,24.71,0.37272727272727274,2026-01,avg_duration_by_zone_hour,False
82,Elmhurst,3,110,13.615454545454545,12.2,12.2,22.200000000000003,0.37272727272727274,2026-01,avg_duration_by_zone_hour,False
10,Baisley Park,14,102,29.75343137254902,25.85,25.85,53.065000000000005,0.37254901960784315,2026-01,avg_duration_by_zone_hour,False
223,Steinway,15,153,29.024183006535946,24.6,24.6,51.85333333333338,0.37254901960784315,2026-01,avg_duration_by_zone_hour,False
40,Carroll Gardens,16,51,24.380065359477122,22.033333333333335,22.033333333333335,35.65,0.37254901960784315,2026-01,avg_duration_by_zone_hour,False
162,Midtown East,2,462,12.37929292929293,10.066666666666666,10.066666666666666,23.183333333333337,0.3722943722943723,2026-01,avg_duration_by_zone_hour,False
72,East Flatbush/Remsen Village,14,137,37.09184914841849,29.75,29.75,73.49666666666667,0.3722627737226277,2026-01,avg_duration_by_zone_hour,False
170,Murray Hill,6,1193,10.568971779826766,8.383333333333333,8.383333333333333,18.68,0.3721709974853311,2026-01,avg_duration_by_zone_hour,False
218,Springfield Gardens North,16,43,46.38023255813953,43.516666666666666,43.516666666666666,83.27333333333333,0.37209302325581395,2026-01,avg_duration_by_zone_hour,False
165,Midwood,12,86,39.959883720930236,30.65,30.65,81.275,0.37209302325581395,2026-01,avg_duration_by_zone_hour,False
242,Van Nest/Morris Park,6,43,36.45426356589147,29.416666666666668,29.416666666666668,64.09000000000002,0.37209302325581395,2026-01,avg_duration_by_zone_hour,False
235,University Heights/Morris Heights,14,43,35.496511627906976,28.383333333333333,28.383333333333333,62.74000000000001,0.37209302325581395,2026-01,avg_duration_by_zone_hour,False
220,Spuyten Duyvil/Kingsbridge,18,43,23.56782945736434,20.366666666666667,20.366666666666667,36.83,0.37209302325581395,2026-01,avg_duration_by_zone_hour,False
265,Outside of NYC,16,43,22.879844961240313,16.4,16.4,52.38666666666667,0.37209302325581395,2026-01,avg_duration_by_zone_hour,False
106,Gowanus,0,43,22.118217054263567,18.716666666666665,18.716666666666665,35.75333333333335,0.37209302325581395,2026-01,avg_duration_by_zone_hour,False
177,Ocean Hill,23,86,21.047868217054262,17.95,17.95,39.25833333333333,0.37209302325581395,2026-01,avg_duration_by_zone_hour,False
217,South Williamsburg,23,43,17.415116279069768,15.233333333333333,15.233333333333333,34.14000000000003,0.37209302325581395,2026-01,avg_duration_by_zone_hour,False
50,Clinton West,1,516,15.436498708010337,14.166666666666668,14.166666666666668,26.075,0.37209302325581395,2026-01,avg_duration_by_zone_hour,False
90,Flatiron,17,3352,14.992695902943517,11.733333333333333,11.733333333333333,28.39666666666667,0.3720167064439141,2026-01,avg_duration_by_zone_hour,False
229,Sutton Place/Turtle Bay North,2,535,11.757476635514019,10.416666666666666,10.416666666666666,20.493333333333336,0.3719626168224299,2026-01,avg_duration_by_zone_hour,False
246,West Chelsea/Hudson Yards,9,1519,16.693504498573624,14.7,14.7,29.4,0.3719552337063858,2026-01,avg_duration_by_zone_hour,False
17,Bedford,17,199,33.14958123953099,27.75,27.75,64.06666666666666,0.37185929648241206,2026-01,avg_duration_by_zone_hour,False
163,Midtown North,3,277,14.211913357400721,13.083333333333334,13.083333333333334,26.1,0.37184115523465705,2026-01,avg_duration_by_zone_hour,False
213,Soundview/Castle Hill,5,78,35.30598290598291,29.116666666666667,29.116666666666667,63.461666666666666,0.3717948717948718,2026-01,avg_duration_by_zone_hour,False
125,Hudson Sq,8,624,15.02198183760684,12.583333333333334,12.583333333333334,27.826666666666675,0.3717948717948718,2026-01,avg_duration_by_zone_hour,False
211,SoHo,6,113,15.222861356932153,12.25,12.25,23.723333333333333,0.37168141592920356,2026-01,avg_duration_by_zone_hour,False
193,Queensbridge/Ravenswood,10,148,22.609346846846847,19.35,19.35,43.56,0.3716216216216216,2026-01,avg_duration_by_zone_hour,False
233,UN/Turtle Bay South,17,2759,16.90328017397608,14.333333333333334,13.941666666666666,29.503333333333337,0.37151141718013775,2026-01,avg_duration_by_zone_hour,False
137,Kips Bay,4,428,10.443496884735202,8.833333333333334,8.833333333333334,19.275000000000002,0.37149532710280375,2026-01,avg_duration_by_zone_hour,False
117,Hammels/Arverne,15,35,60.008571428571436,58.71666666666667,58.71666666666667,92.73,0.37142857142857144,2026-01,avg_duration_by_zone_hour,False
32,Bronxdale,12,35,49.98238095238095,42.7,42.7,79.93,0.37142857142857144,2026-01,avg_duration_by_zone_hour,False
18,Bedford Park,4,35,49.79904761904762,44.88333333333333,44.88333333333333,79.89666666666668,0.37142857142857144,2026-01,avg_duration_by_zone_hour,False
134,Kew Gardens,6,35,36.011428571428574,26.333333333333332,26.333333333333332,68.30333333333333,0.37142857142857144,2026-01,avg_duration_by_zone_hour,False
67,Dyker Heights,9,35,33.98,23.583333333333332,23.583333333333332,87.37666666666668,0.37142857142857144,2026-01,avg_duration_by_zone_hour,False
195,Red Hook,13,35,32.40047619047619,27.433333333333334,27.433333333333334,56.760000000000005,0.37142857142857144,2026-01,avg_duration_by_zone_hour,False
160,Middle Village,8,70,30.247857142857143,26.1,26.1,53.223333333333336,0.37142857142857144,2026-01,avg_duration_by_zone_hour,False
173,North Corona,5,35,21.081904761904763,16.783333333333335,16.783333333333335,33.61000000000001,0.37142857142857144,2026-01,avg_duration_by_zone_hour,False
140,Lenox Hill East,14,5094,17.203000261745842,13.833333333333334,13.2,30.846666666666653,0.37141735374950924,2026-01,avg_duration_by_zone_hour,False
140,Lenox Hill East,13,4721,16.857466638424064,13.866666666666667,13.766666666666666,29.95,0.3713196356704088,2026-01,avg_duration_by_zone_hour,False
228,Sunset Park West,17,167,33.12115768463074,28.316666666666666,28.316666666666666,61.86333333333334,0.3712574850299401,2026-01,avg_duration_by_zone_hour,False
137,Kips Bay,22,2115,12.691126871552404,11.783333333333333,11.783333333333333,21.65333333333334,0.37115839243498816,2026-01,avg_duration_by_zone_hour,False
61,Crown Heights North,10,415,38.11903614457831,33.2,33.2,66.99333333333334,0.3710843373493976,2026-01,avg_duration_by_zone_hour,False
161,Midtown Center,1,1051,13.551791944180145,11.383333333333333,11.383333333333333,24.383333333333333,0.37107516650808753,2026-01,avg_duration_by_zone_hour,False
143,Lincoln Square West,13,2620,13.824701017811705,11.5,11.5,24.921666666666663,0.3709923664122137,2026-01,avg_duration_by_zone_hour,False
56,Corona,10,62,35.045967741935485,28.96666666666667,28.96666666666667,62.96333333333333,0.3709677419354839,2026-01,avg_duration_by_zone_hour,False
144,Little Italy/NoLiTa,10,720,16.471412037037037,14.416666666666668,14.416666666666668,28.153333333333332,0.37083333333333335,2026-01,avg_duration_by_zone_hour,False
69,East Concourse/Concourse Village,8,178,40.29073033707865,34.93333333333334,34.93333333333334,78.33333333333334,0.3707865168539326,2026-01,avg_duration_by_zone_hour,False
188,Prospect-Lefferts Gardens,16,232,41.46235632183908,35.291666666666664,35.291666666666664,74.735,0.3706896551724138,2026-01,avg_duration_by_zone_hour,False
45,Chinatown,12,375,22.460088888888887,19.933333333333334,19.933333333333334,38.25000000000001,0.37066666666666664,2026-01,avg_duration_by_zone_hour,False
61,Crown Heights North,16,259,35.88558558558559,29.683333333333334,29.683333333333334,68.95000000000002,0.37065637065637064,2026-01,avg_duration_by_zone_hour,False
68,East Chelsea,10,3694,17.654408049088612,14.991666666666667,14.991666666666667,32.39000000000001,0.37060097455332974,2026-01,avg_duration_by_zone_hour,False
159,Melrose South,7,170,34.31441176470588,28.75,28.75,66.99166666666666,0.37058823529411766,2026-01,avg_duration_by_zone_hour,False
90,Flatiron,0,2105,13.417307996832937,11.4,11.4,24.643333333333334,0.37054631828978624,2026-01,avg_duration_by_zone_hour,False
233,UN/Turtle Bay South,20,2181,13.762234449029497,12.483333333333333,12.483333333333333,23.383333333333333,0.37047226043099496,2026-01,avg_duration_by_zone_hour,False
137,Kips Bay,20,2716,14.411653166421209,13.133333333333333,13.133333333333333,23.691666666666666,0.3703976435935199,2026-01,avg_duration_by_zone_hour,False
174,Norwood,9,54,40.830555555555556,35.88333333333333,35.88333333333333,80.05333333333334,0.37037037037037035,2026-01,avg_duration_by_zone_hour,False
169,Mount Hope,7,108,32.174228395061725,22.84166666666667,22.84166666666667,72.26166666666664,0.37037037037037035,2026-01,avg_duration_by_zone_hour,False
216,South Ozone Park,10,108,28.258333333333333,23.041666666666664,23.041666666666664,56.43333333333333,0.37037037037037035,2026-01,avg_duration_by_zone_hour,False
198,Ridgewood,15,81,26.886213991769548,23.516666666666666,23.516666666666666,46.233333333333334,0.37037037037037035,2026-01,avg_duration_by_zone_hour,False
140,Lenox Hill East,15,5689,17.496378976973105,13.816666666666666,13.241666666666667,31.8,0.3703638600808578,2026-01,avg_duration_by_zone_hour,False
152,Manhattanville,16,289,22.330449826989618,18.6,18.6,40.32999999999999,0.370242214532872,2026-01,avg_duration_by_zone_hour,False
24,Bloomingdale,0,235,14.518936170212765,12.483333333333333,12.483333333333333,26.613333333333333,0.3702127659574468,2026-01,avg_duration_by_zone_hour,False
177,Ocean Hill,10,181,37.38195211786372,32.43333333333333,32.43333333333333,69.46666666666667,0.3701657458563536,2026-01,avg_duration_by_zone_hour,False
116,Hamilton Heights,0,273,15.207570207570209,13.8,13.8,24.913333333333334,0.36996336996337,2026-01,avg_duration_by_zone_hour,False
48,Clinton East,16,3841,15.757259394254968,12.133333333333333,11.55,28.666666666666668,0.369955740692528,2026-01,avg_duration_by_zone_hour,False
113,Greenwich Village North,16,2860,14.877127039627041,11.716666666666667,11.45,28.069999999999997,0.36993006993006994,2026-01,avg_duration_by_zone_hour,False
234,Union Sq,9,2515,12.643512259774685,10.533333333333333,10.533333333333333,23.759999999999998,0.3697813121272366,2026-01,avg_duration_by_zone_hour,False
78,East Tremont,8,119,35.937815126050424,29.7,29.7,65.72,0.3697478991596639,2026-01,avg_duration_by_zone_hour,False
137,Kips Bay,0,1626,12.784255842558427,11.25,11.25,22.975,0.36961869618696186,2026-01,avg_duration_by_zone_hour,False
219,Springfield Gardens South,13,46,38.32862318840579,32.608333333333334,32.608333333333334,77.64166666666667,0.3695652173913043,2026-01,avg_duration_by_zone_hour,False
188,Prospect-Lefferts Gardens,14,230,35.661884057971015,28.675,28.675,65.37666666666667,0.3695652173913043,2026-01,avg_duration_by_zone_hour,False
25,Boerum Hill,14,184,31.76485507246377,26.358333333333334,26.358333333333334,61.46333333333334,0.3695652173913043,2026-01,avg_duration_by_zone_hour,False
69,East Concourse/Concourse Village,19,46,30.57210144927536,20.566666666666666,20.566666666666666,60.8,0.3695652173913043,2026-01,avg_duration_by_zone_hour,False
173,North Corona,8,46,25.44782608695652,21.016666666666666,21.016666666666666,50.96666666666667,0.3695652173913043,2026-01,avg_duration_by_zone_hour,False
231,TriBeCa/Civic Center,9,1583,16.955180037902714,14.016666666666667,14.016666666666667,31.78333333333333,0.36955148452305747,2026-01,avg_duration_by_zone_hour,False
145,Long Island City/Hunters Point,14,295,25.977966101694914,22.133333333333333,22.133333333333333,51.05000000000005,0.3694915254237288,2026-01,avg_duration_by_zone_hour,False
234,Union Sq,3,831,13.256157240272763,11.9,11.9,23.65,0.3694344163658243,2026-01,avg_duration_by_zone_hour,False
65,Downtown Brooklyn/MetroTech,10,157,22.770700636942674,19.7,19.7,41.356666666666676,0.36942675159235666,2026-01,avg_duration_by_zone_hour,False
138,LaGuardia Airport,6,65,24.685641025641026,21.833333333333332,21.833333333333332,36.85666666666667,0.36923076923076925,2026-01,avg_duration_by_zone_hour,False
24,Bloomingdale,23,336,16.096626984126985,13.791666666666668,13.791666666666668,30.15,0.36904761904761907,2026-01,avg_duration_by_zone_hour,False
164,Midtown South,3,854,13.99824355971897,11.975,11.975,25.40666666666667,0.36885245901639346,2026-01,avg_duration_by_zone_hour,False
164,Midtown South,11,2874,15.428282301090233,13.15,12.208333333333332,27.918333333333347,0.36882393876130826,2026-01,avg_duration_by_zone_hour,False
229,Sutton Place/Turtle Bay North,15,3170,15.16301261829653,12.466666666666667,11.85,27.31833333333333,0.3687697160883281,2026-01,avg_duration_by_zone_hour,False
95,Forest Hills,7,198,34.386279461279464,31.183333333333334,31.183333333333334,62.14166666666667,0.3686868686868687,2026-01,avg_duration_by_zone_hour,False
262,Yorkville East,13,2979,14.203837976949758,12.083333333333334,11.3,25.766666666666666,0.3685800604229607,2026-01,avg_duration_by_zone_hour,False
29,Brighton Beach,12,57,40.46988304093567,34.46666666666667,34.46666666666667,80.00999999999999,0.3684210526315789,2026-01,avg_duration_by_zone_hour,False
123,Homecrest,9,57,35.757894736842104,28.5,28.5,77.24333333333331,0.3684210526315789,2026-01,avg_duration_by_zone_hour,False
26,Borough Park,13,76,35.56337719298246,28.1,28.1,72.775,0.3684210526315789,2026-01,avg_duration_by_zone_hour,False
130,Jamaica,10,95,34.898421052631576,29.65,29.65,71.11333333333337,0.3684210526315789,2026-01,avg_duration_by_zone_hour,False
217,South Williamsburg,16,38,34.83421052631579,25.108333333333334,25.108333333333334,61.58000000000005,0.3684210526315789,2026-01,avg_duration_by_zone_hour,False
82,Elmhurst,7,152,28.456359649122806,24.233333333333334,24.233333333333334,53.85333333333334,0.3684210526315789,2026-01,avg_duration_by_zone_hour,False
265,Outside of NYC,14,38,27.021052631578947,20.633333333333333,20.633333333333333,57.56333333333333,0.3684210526315789,2026-01,avg_duration_by_zone_hour,False
28,Briarwood/Jamaica Hills,18,38,26.978947368421053,23.916666666666664,23.916666666666664,44.46333333333336,0.3684210526315789,2026-01,avg_duration_by_zone_hour,False
107,Gramercy,6,1059,10.772237960339943,9.516666666666667,9.516666666666667,18.32666666666668,0.36827195467422097,2026-01,avg_duration_by_zone_hour,False
97,Fort Greene,15,277,31.471058965102287,23.333333333333332,23.333333333333332,63.59666666666667,0.36823104693140796,2026-01,avg_duration_by_zone_hour,False
89,Flatbush/Ditmas Park,13,220,37.81795454545455,31.675,31.675,72.32499999999999,0.36818181818181817,2026-01,avg_duration_by_zone_hour,False
141,Lenox Hill West,9,4260,13.096572769953053,10.85,10.85,24.25,0.36807511737089205,2026-01,avg_duration_by_zone_hour,False
163,Midtown North,8,2020,13.778531353135314,10.425,10.425,26.526666666666703,0.3678217821782178,2026-01,avg_duration_by_zone_hour,False
198,Ridgewood,10,87,30.203639846743297,24.966666666666665,24.966666666666665,60.23333333333334,0.367816091954023,2026-01,avg_duration_by_zone_hour,False
127,Inwood,18,87,26.107088122605365,23.933333333333334,23.933333333333334,40.38000000000001,0.367816091954023,2026-01,avg_duration_by_zone_hour,False
137,Kips Bay,17,3250,17.599338461538462,14.408333333333333,13.566666666666666,32.2,0.3676923076923077,2026-01,avg_duration_by_zone_hour,False
106,Gowanus,9,68,38.03848039215686,28.958333333333336,28.958333333333336,74.49500000000003,0.36764705882352944,2026-01,avg_duration_by_zone_hour,False
155,Marine Park/Mill Basin,12,68,35.19166666666666,26.3,26.3,59.660000000000046,0.36764705882352944,2026-01,avg_duration_by_zone_hour,False
14,Bay Ridge,17,68,31.88872549019608,30.116666666666667,30.116666666666667,53.333333333333336,0.36764705882352944,2026-01,avg_duration_by_zone_hour,False
196,Rego Park,14,68,30.86078431372549,26.108333333333334,26.108333333333334,52.800000000000004,0.36764705882352944,2026-01,avg_duration_by_zone_hour,False
189,Prospect Heights,12,68,30.314460784313724,23.7,23.7,59.01,0.36764705882352944,2026-01,avg_duration_by_zone_hour,False
216,South Ozone Park,14,136,22.241789215686275,15.316666666666666,15.316666666666666,57.28333333333333,0.36764705882352944,2026-01,avg_duration_by_zone_hour,False
95,Forest Hills,13,117,29.682905982905982,25.2,25.2,56.31000000000001,0.36752136752136755,2026-01,avg_duration_by_zone_hour,False
243,Washington Heights North,9,264,30.53402777777778,26.18333333333333,26.18333333333333,52.49,0.36742424242424243,2026-01,avg_duration_by_zone_hour,False
155,Marine Park/Mill Basin,19,49,23.619047619047617,18.666666666666668,18.666666666666668,41.763333333333335,0.3673469387755102,2026-01,avg_duration_by_zone_hour,False
130,Jamaica,21,147,22.309977324263038,18.0,18.0,38.13333333333334,0.3673469387755102,2026-01,avg_duration_by_zone_hour,False
211,SoHo,8,441,15.021239606953893,13.0,13.0,27.733333333333334,0.3673469387755102,2026-01,avg_duration_by_zone_hour,False
248,West Farms/Bronx River,7,128,36.065625,30.15833333333333,30.15833333333333,63.303333333333335,0.3671875,2026-01,avg_duration_by_zone_hour,False
188,Prospect-Lefferts Gardens,20,128,26.478515625,23.441666666666666,23.441666666666666,48.29666666666665,0.3671875,2026-01,avg_duration_by_zone_hour,False
89,Flatbush/Ditmas Park,0,79,22.115822784810128,19.666666666666668,19.666666666666668,39.753333333333345,0.3670886075949367,2026-01,avg_duration_by_zone_hour,False
45,Chinatown,4,79,16.516244725738396,15.75,15.75,24.99,0.3670886075949367,2026-01,avg_duration_by_zone_hour,False
233,UN/Turtle Bay South,7,1324,12.855828298086605,11.091666666666667,11.091666666666667,22.03666666666667,0.36706948640483383,2026-01,avg_duration_by_zone_hour,False
74,East Harlem North,20,594,16.308024691358025,14.791666666666668,14.791666666666668,27.38666666666667,0.367003367003367,2026-01,avg_duration_by_zone_hour,False
4,Alphabet City,20,703,16.23466097676624,15.0,15.0,26.873333333333335,0.3669985775248933,2026-01,avg_duration_by_zone_hour,False
237,Upper East Side South,23,3041,11.566167927216924,9.283333333333333,8.95,22.366666666666667,0.3669845445577113,2026-01,avg_duration_by_zone_hour,False
43,Central Park,7,864,11.671412037037037,10.233333333333333,10.233333333333333,21.25,0.36689814814814814,2026-01,avg_duration_by_zone_hour,False
151,Manhattan Valley,14,2007,14.783814980900182,12.133333333333333,12.133333333333333,27.416666666666675,0.3667164922770304,2026-01,avg_duration_by_zone_hour,False
254,Williamsbridge/Olinville,16,30,59.55,53.108333333333334,53.108333333333334,107.90333333333339,0.36666666666666664,2026-01,avg_duration_by_zone_hour,False
18,Bedford Park,14,60,56.92388888888889,51.7,51.7,100.89166666666668,0.36666666666666664,2026-01,avg_duration_by_zone_hour,False
3,Allerton/Pelham Gardens,13,30,49.91444444444445,50.21666666666667,50.21666666666667,82.75166666666667,0.36666666666666664,2026-01,avg_duration_by_zone_hour,False
147,Longwood,10,30,46.37388888888889,37.108333333333334,37.108333333333334,89.17999999999999,0.36666666666666664,2026-01,avg_duration_by_zone_hour,False
182,Parkchester,6,150,44.83822222222222,35.78333333333333,35.78333333333333,89.44666666666666,0.36666666666666664,2026-01,avg_duration_by_zone_hour,False
185,Pelham Parkway,8,60,44.0,38.1,38.1,89.23666666666666,0.36666666666666664,2026-01,avg_duration_by_zone_hour,False
147,Longwood,13,30,41.93888888888889,36.36666666666667,36.36666666666667,70.40666666666667,0.36666666666666664,2026-01,avg_duration_by_zone_hour,False
47,Claremont/Bathgate,12,30,39.90277777777778,31.299999999999997,31.299999999999997,80.57000000000001,0.36666666666666664,2026-01,avg_duration_by_zone_hour,False
67,Dyker Heights,17,30,33.38944444444444,33.041666666666664,33.041666666666664,58.525000000000006,0.36666666666666664,2026-01,avg_duration_by_zone_hour,False
39,Canarsie,18,90,32.763703703703705,29.391666666666666,29.391666666666666,62.501666666666665,0.36666666666666664,2026-01,avg_duration_by_zone_hour,False
250,Westchester Village/Unionport,11,30,30.988333333333333,24.758333333333333,24.758333333333333,65.43833333333333,0.36666666666666664,2026-01,avg_duration_by_zone_hour,False
92,Flushing,5,30,29.995,20.8,20.8,60.56833333333336,0.36666666666666664,2026-01,avg_duration_by_zone_hour,False
213,Soundview/Castle Hill,4,30,28.31277777777778,22.90833333333333,22.90833333333333,52.376666666666694,0.36666666666666664,2026-01,avg_duration_by_zone_hour,False
212,Soundview/Bruckner,16,30,27.237222222222222,23.34166666666667,23.34166666666667,49.343333333333355,0.36666666666666664,2026-01,avg_duration_by_zone_hour,False
124,Howard Beach,16,30,25.56722222222222,20.108333333333334,20.108333333333334,56.80666666666668,0.36666666666666664,2026-01,avg_duration_by_zone_hour,False
45,Chinatown,6,90,23.549444444444443,16.941666666666666,16.941666666666666,44.320000000000014,0.36666666666666664,2026-01,avg_duration_by_zone_hour,False
71,East Flatbush/Farragut,0,30,23.06722222222222,15.875,15.875,50.320000000000014,0.36666666666666664,2026-01,avg_duration_by_zone_hour,False
210,Sheepshead Bay,21,30,22.793333333333333,17.9,17.9,43.15166666666667,0.36666666666666664,2026-01,avg_duration_by_zone_hour,False
215,South Jamaica,21,30,21.809444444444445,18.166666666666668,18.166666666666668,35.77000000000001,0.36666666666666664,2026-01,avg_duration_by_zone_hour,False
197,Richmond Hill,17,90,21.107592592592592,16.125,16.125,41.30166666666668,0.36666666666666664,2026-01,avg_duration_by_zone_hour,False
72,East Flatbush/Remsen Village,0,30,21.09,14.658333333333335,14.658333333333335,43.95666666666667,0.36666666666666664,2026-01,avg_duration_by_zone_hour,False
262,Yorkville East,19,2831,14.290804191687274,12.45,12.45,26.25,0.3666548922642176,2026-01,avg_duration_by_zone_hour,False
49,Clinton Hill,15,161,33.80662525879917,27.666666666666668,27.666666666666668,64.33333333333333,0.36645962732919257,2026-01,avg_duration_by_zone_hour,False
75,East Harlem South,1,292,13.212956621004567,12.033333333333333,12.033333333333333,23.04500000000002,0.3664383561643836,2026-01,avg_duration_by_zone_hour,False
45,Chinatown,23,516,16.05058139534884,14.775,14.775,26.441666666666666,0.36627906976744184,2026-01,avg_duration_by_zone_hour,False
143,Lincoln Square West,15,2894,14.5115468785994,12.175,12.016666666666667,27.25,0.36627505183137526,2026-01,avg_duration_by_zone_hour,False
213,Soundview/Castle Hill,13,71,40.02206572769953,35.1,35.1,77.45,0.36619718309859156,2026-01,avg_duration_by_zone_hour,False
130,Jamaica,12,142,35.74072769953052,29.225,29.225,71.46833333333333,0.36619718309859156,2026-01,avg_duration_by_zone_hour,False
228,Sunset Park West,15,112,32.42723214285714,28.15,28.15,58.89,0.36607142857142855,2026-01,avg_duration_by_zone_hour,False
69,East Concourse/Concourse Village,6,153,38.234640522875814,34.233333333333334,34.233333333333334,69.51000000000003,0.3660130718954248,2026-01,avg_duration_by_zone_hour,False
130,Jamaica,14,194,29.294072164948453,21.28333333333333,21.28333333333333,67.37166666666667,0.36597938144329895,2026-01,avg_duration_by_zone_hour,False
151,Manhattan Valley,23,582,15.561769759450174,14.233333333333334,14.233333333333334,27.681666666666665,0.36597938144329895,2026-01,avg_duration_by_zone_hour,False
18,Bedford Park,13,41,46.31219512195122,38.46666666666667,38.46666666666667,85.41666666666667,0.36585365853658536,2026-01,avg_duration_by_zone_hour,False
94,Fordham South,6,41,45.20081300813008,44.416666666666664,44.416666666666664,89.05,0.36585365853658536,2026-01,avg_duration_by_zone_hour,False
56,Corona,12,41,39.68333333333333,34.93333333333333,34.93333333333333,74.38333333333334,0.36585365853658536,2026-01,avg_duration_by_zone_hour,False
149,Madison,11,41,38.575203252032516,32.31666666666667,32.31666666666667,74.01666666666667,0.36585365853658536,2026-01,avg_duration_by_zone_hour,False
89,Flatbush/Ditmas Park,5,123,36.77384823848239,28.866666666666667,28.866666666666667,73.53666666666666,0.36585365853658536,2026-01,avg_duration_by_zone_hour,False
188,Prospect-Lefferts Gardens,9,287,35.56567944250871,30.7,30.7,68.02,0.36585365853658536,2026-01,avg_duration_by_zone_hour,False
17,Bedford,10,205,31.6669918699187,28.433333333333334,28.433333333333334,56.47666666666667,0.36585365853658536,2026-01,avg_duration_by_zone_hour,False
71,East Flatbush/Farragut,20,41,29.27886178861789,24.666666666666668,24.666666666666668,55.75,0.36585365853658536,2026-01,avg_duration_by_zone_hour,False
82,Elmhurst,13,82,27.913414634146342,22.566666666666666,22.566666666666666,54.37166666666669,0.36585365853658536,2026-01,avg_duration_by_zone_hour,False
157,Maspeth,8,82,23.153048780487804,19.875,19.875,40.25500000000001,0.36585365853658536,2026-01,avg_duration_by_zone_hour,False
188,Prospect-Lefferts Gardens,0,82,19.341463414634145,16.208333333333336,16.208333333333336,33.318333333333335,0.36585365853658536,2026-01,avg_duration_by_zone_hour,False
233,UN/Turtle Bay South,22,1405,12.597508896797153,11.45,11.45,21.286666666666672,0.36583629893238434,2026-01,avg_duration_by_zone_hour,False
95,Forest Hills,9,134,38.385820895522386,36.675,36.675,71.21666666666667,0.3656716417910448,2026-01,avg_duration_by_zone_hour,False
68,East Chelsea,9,3271,16.102292876796085,13.933333333333334,13.933333333333334,28.766666666666666,0.36563741974931213,2026-01,avg_duration_by_zone_hour,False
230,Times Sq/Theatre District,0,2653,12.956483226535997,11.15,10.733333333333334,22.766666666666666,0.36562382208820204,2026-01,avg_duration_by_zone_hour,False
259,Woodlawn/Wakefield,8,93,41.8747311827957,32.71666666666667,32.71666666666667,93.79999999999998,0.3655913978494624,2026-01,avg_duration_by_zone_hour,False
247,West Concourse,9,93,32.24677419354838,24.383333333333333,24.383333333333333,66.43333333333332,0.3655913978494624,2026-01,avg_duration_by_zone_hour,False
260,Woodside,14,93,23.37114695340502,20.466666666666665,20.466666666666665,48.553333333333335,0.3655913978494624,2026-01,avg_duration_by_zone_hour,False
82,Elmhurst,1,93,14.616487455197133,12.883333333333333,12.883333333333333,27.276666666666667,0.3655913978494624,2026-01,avg_duration_by_zone_hour,False
170,Murray Hill,7,2243,12.11643632040422,9.966666666666667,9.966666666666667,21.696666666666665,0.3655818100757913,2026-01,avg_duration_by_zone_hour,False
164,Midtown South,12,3102,15.525290135396517,12.766666666666667,11.716666666666667,28.866666666666667,0.3655705996131528,2026-01,avg_duration_by_zone_hour,False
90,Flatiron,23,2709,13.601698043558509,11.95,11.483333333333333,24.15,0.3654485049833887,2026-01,avg_duration_by_zone_hour,False
169,Mount Hope,13,52,44.700641025641026,33.8,33.8,87.34166666666665,0.36538461538461536,2026-01,avg_duration_by_zone_hour,False
47,Claremont/Bathgate,9,52,38.961858974358975,36.03333333333333,36.03333333333333,65.25999999999999,0.36538461538461536,2026-01,avg_duration_by_zone_hour,False
167,Morrisania/Melrose,9,104,38.70705128205128,35.525000000000006,35.525000000000006,67.63333333333334,0.36538461538461536,2026-01,avg_duration_by_zone_hour,False
247,West Concourse,6,104,29.83653846153846,21.7,21.7,58.03000000000001,0.36538461538461536,2026-01,avg_duration_by_zone_hour,False
211,SoHo,10,605,15.500082644628097,12.966666666666667,12.966666666666667,29.093333333333334,0.3652892561983471,2026-01,avg_duration_by_zone_hour,False
148,Lower East Side,18,1980,16.96891414141414,14.883333333333333,14.883333333333333,30.635,0.36515151515151517,2026-01,avg_duration_by_zone_hour,False
113,Greenwich Village North,18,3481,14.877832040601358,12.083333333333334,11.35,28.183333333333334,0.3651249640907785,2026-01,avg_duration_by_zone_hour,False
241,Van Cortlandt Village,6,63,49.21613756613757,44.5,44.5,96.60333333333337,0.36507936507936506,2026-01,avg_duration_by_zone_hour,False
55,Coney Island,10,126,45.74166666666667,41.50833333333333,41.50833333333333,83.54166666666666,0.36507936507936506,2026-01,avg_duration_by_zone_hour,False
232,Two Bridges/Seward Park,16,515,25.096860841423947,19.583333333333332,19.583333333333332,47.06000000000001,0.3650485436893204,2026-01,avg_duration_by_zone_hour,False
129,Jackson Heights,13,137,25.14963503649635,20.45,20.45,45.120000000000005,0.36496350364963503,2026-01,avg_duration_by_zone_hour,False
193,Queensbridge/Ravenswood,8,159,23.55104821802935,18.866666666666667,18.866666666666667,43.52666666666667,0.36477987421383645,2026-01,avg_duration_by_zone_hour,False
127,Inwood,14,85,34.61843137254902,26.15,26.15,63.05000000000003,0.36470588235294116,2026-01,avg_duration_by_zone_hour,False
196,Rego Park,18,85,26.146078431372548,22.566666666666666,22.566666666666666,52.44000000000004,0.36470588235294116,2026-01,avg_duration_by_zone_hour,False
264,Unknown,6,85,15.328627450980393,9.3,9.3,36.970000000000006,0.36470588235294116,2026-01,avg_duration_by_zone_hour,False
129,Jackson Heights,10,181,25.793646408839777,22.5,22.5,42.3,0.36464088397790057,2026-01,avg_duration_by_zone_hour,False
249,West Village,15,2825,14.768283185840708,12.116666666666667,11.85,27.00999999999999,0.36460176991150445,2026-01,avg_duration_by_zone_hour,False
235,University Heights/Morris Heights,6,96,35.81822916666667,26.15,26.15,77.59166666666667,0.3645833333333333,2026-01,avg_duration_by_zone_hour,False
17,Bedford,14,203,33.87684729064039,27.366666666666667,27.366666666666667,65.52333333333334,0.3645320197044335,2026-01,avg_duration_by_zone_hour,False
75,East Harlem South,0,439,13.511845102505694,12.2,12.2,23.973333333333333,0.36446469248291574,2026-01,avg_duration_by_zone_hour,False
17,Bedford,19,225,26.74088888888889,23.5,23.5,47.489999999999995,0.36444444444444446,2026-01,avg_duration_by_zone_hour,False
198,Ridgewood,8,118,30.208474576271186,26.308333333333334,26.308333333333334,58.96833333333333,0.3644067796610169,2026-01,avg_duration_by_zone_hour,False
41,Central Harlem,23,601,14.910648918469217,14.0,14.0,25.816666666666666,0.3643926788685524,2026-01,avg_duration_by_zone_hour,False
186,Penn Station/Madison Sq West,2,741,14.144534412955466,12.45,12.45,25.916666666666668,0.3643724696356275,2026-01,avg_duration_by_zone_hour,False
62,Crown Heights South,10,129,35.701550387596896,32.4,32.4,65.11,0.3643410852713178,2026-01,avg_duration_by_zone_hour,False
80,East Williamsburg,11,140,27.8225,23.425,23.425,48.36333333333336,0.36428571428571427,2026-01,avg_duration_by_zone_hour,False
61,Crown Heights North,15,291,36.0741695303551,29.866666666666667,29.866666666666667,67.56666666666666,0.3642611683848797,2026-01,avg_duration_by_zone_hour,False
140,Lenox Hill East,20,3369,13.386776491540518,11.833333333333334,11.833333333333334,23.856666666666676,0.36420302760463047,2026-01,avg_duration_by_zone_hour,False
116,Hamilton Heights,11,357,24.784780578898225,21.4,21.4,42.37666666666667,0.3641456582633053,2026-01,avg_duration_by_zone_hour,False
42,Central Harlem North,2,184,14.673731884057972,13.183333333333334,13.183333333333334,24.50333333333337,0.3641304347826087,2026-01,avg_duration_by_zone_hour,False
148,Lower East Side,14,1217,18.2510545056149,14.95,14.95,32.56333333333333,0.3640098603122432,2026-01,avg_duration_by_zone_hour,False
233,UN/Turtle Bay South,0,613,11.718597063621534,10.45,10.45,20.603333333333342,0.3637846655791191,2026-01,avg_duration_by_zone_hour,False
38,Cambria Heights,6,44,58.42234848484849,58.75,58.75,113.60333333333337,0.36363636363636365,2026-01,avg_duration_by_zone_hour,False
241,Van Cortlandt Village,11,44,52.61060606060607,49.725,49.725,106.42833333333333,0.36363636363636365,2026-01,avg_duration_by_zone_hour,False
227,Sunset Park East,10,55,44.43,35.46666666666667,35.46666666666667,82.57000000000001,0.36363636363636365,2026-01,avg_duration_by_zone_hour,False
220,Spuyten Duyvil/Kingsbridge,7,99,42.31296296296296,37.333333333333336,37.333333333333336,76.83333333333334,0.36363636363636365,2026-01,avg_duration_by_zone_hour,False
14,Bay Ridge,15,110,39.759393939393945,32.775,32.775,81.15333333333335,0.36363636363636365,2026-01,avg_duration_by_zone_hour,False
155,Marine Park/Mill Basin,10,77,36.616883116883116,31.216666666666665,31.216666666666665,68.47666666666669,0.36363636363636365,2026-01,avg_duration_by_zone_hour,False
92,Flushing,17,66,30.33510101010101,25.03333333333333,25.03333333333333,60.8,0.36363636363636365,2026-01,avg_duration_by_zone_hour,False
250,Westchester Village/Unionport,18,44,29.512878787878787,26.566666666666666,26.566666666666666,57.65833333333334,0.36363636363636365,2026-01,avg_duration_by_zone_hour,False
169,Mount Hope,18,33,28.54141414141414,22.716666666666665,22.716666666666665,44.78666666666667,0.36363636363636365,2026-01,avg_duration_by_zone_hour,False
37,Bushwick South,6,286,27.91707459207459,23.616666666666667,23.616666666666667,46.85,0.36363636363636365,2026-01,avg_duration_by_zone_hour,False
69,East Concourse/Concourse Village,5,44,27.30606060606061,21.84166666666667,21.84166666666667,55.39333333333335,0.36363636363636365,2026-01,avg_duration_by_zone_hour,False
82,Elmhurst,16,132,24.876262626262626,19.4,19.4,49.048333333333346,0.36363636363636365,2026-01,avg_duration_by_zone_hour,False
215,South Jamaica,15,55,24.46060606060606,22.65,22.65,53.36333333333334,0.36363636363636365,2026-01,avg_duration_by_zone_hour,False
127,Inwood,21,55,19.71575757575758,18.733333333333334,18.733333333333334,28.5,0.36363636363636365,2026-01,avg_duration_by_zone_hour,False
63,Cypress Hills,0,33,19.33030303030303,17.233333333333334,17.233333333333334,31.16,0.36363636363636365,2026-01,avg_duration_by_zone_hour,False
69,East Concourse/Concourse Village,22,33,18.898989898989896,14.833333333333334,14.833333333333334,33.85,0.36363636363636365,2026-01,avg_duration_by_zone_hour,False
168,Mott Haven/Port Morris,21,66,18.2510101010101,14.008333333333333,14.008333333333333,34.1,0.36363636363636365,2026-01,avg_duration_by_zone_hour,False
217,South Williamsburg,0,33,16.538383838383837,15.533333333333333,15.533333333333333,27.703333333333333,0.36363636363636365,2026-01,avg_duration_by_zone_hour,False
179,Old Astoria,4,55,15.64090909090909,15.233333333333333,15.233333333333333,26.916666666666664,0.36363636363636365,2026-01,avg_duration_by_zone_hour,False
129,Jackson Heights,2,143,14.791724941724942,14.4,14.4,24.356666666666666,0.36363636363636365,2026-01,avg_duration_by_zone_hour,False
24,Bloomingdale,2,110,14.768333333333333,13.100000000000001,13.100000000000001,26.224999999999998,0.36363636363636365,2026-01,avg_duration_by_zone_hour,False
162,Midtown East,4,220,14.720151515151516,13.683333333333334,13.683333333333334,27.871666666666666,0.36363636363636365,2026-01,avg_duration_by_zone_hour,False
260,Woodside,2,88,14.367613636363636,12.350000000000001,12.350000000000001,26.608333333333334,0.36363636363636365,2026-01,avg_duration_by_zone_hour,False
170,Murray Hill,4,440,12.259886363636365,10.583333333333334,10.583333333333334,22.375000000000004,0.36363636363636365,2026-01,avg_duration_by_zone_hour,False
161,Midtown Center,2,509,14.568893254747872,12.2,12.2,27.203333333333333,0.36345776031434185,2026-01,avg_duration_by_zone_hour,False
234,Union Sq,8,2004,11.878010645375914,9.966666666666667,9.966666666666667,21.55,0.36327345309381237,2026-01,avg_duration_by_zone_hour,False
71,East Flatbush/Farragut,7,212,40.65298742138364,36.81666666666666,36.81666666666666,76.765,0.3632075471698113,2026-01,avg_duration_by_zone_hour,False
17,Bedford,15,212,34.69473270440251,28.6,28.6,64.11000000000001,0.3632075471698113,2026-01,avg_duration_by_zone_hour,False
170,Murray Hill,2,782,12.014450127877238,10.675,10.675,20.915,0.3631713554987212,2026-01,avg_duration_by_zone_hour,False
65,Downtown Brooklyn/MetroTech,11,190,26.747456140350877,21.475,21.475,54.151666666666664,0.3631578947368421,2026-01,avg_duration_by_zone_hour,False
234,Union Sq,11,3599,14.205700657590072,11.833333333333334,10.975,25.7,0.3631564323423173,2026-01,avg_duration_by_zone_hour,False
45,Chinatown,14,493,22.410649087221095,18.4,18.4,39.66,0.3630831643002028,2026-01,avg_duration_by_zone_hour,False
87,Financial District North,16,1267,24.612523020257825,18.683333333333334,18.683333333333334,44.29333333333335,0.36306235201262826,2026-01,avg_duration_by_zone_hour,False
215,South Jamaica,7,157,42.683227176220804,39.266666666666666,39.266666666666666,79.78,0.3630573248407643,2026-01,avg_duration_by_zone_hour,False
246,West Chelsea/Hudson Yards,5,146,13.66175799086758,11.266666666666666,11.266666666666666,23.025,0.363013698630137,2026-01,avg_duration_by_zone_hour,False
188,Prospect-Lefferts Gardens,10,259,36.4488416988417,31.466666666666665,31.466666666666665,66.05333333333334,0.36293436293436293,2026-01,avg_duration_by_zone_hour,False
234,Union Sq,0,3166,13.116787744788377,11.3,10.683333333333334,23.858333333333334,0.3629185091598231,2026-01,avg_duration_by_zone_hour,False
97,Fort Greene,6,124,29.498655913978496,23.933333333333334,23.933333333333334,54.790000000000006,0.3629032258064516,2026-01,avg_duration_by_zone_hour,False
74,East Harlem North,22,576,15.09247685185185,14.066666666666666,14.066666666666666,25.983333333333334,0.3628472222222222,2026-01,avg_duration_by_zone_hour,False
141,Lenox Hill West,7,3208,12.236258312551954,10.608333333333334,8.933333333333334,21.45833333333335,0.3628428927680798,2026-01,avg_duration_by_zone_hour,False
17,Bedford,9,226,32.25287610619469,28.041666666666664,28.041666666666664,55.025000000000006,0.36283185840707965,2026-01,avg_duration_by_zone_hour,False
216,South Ozone Park,17,102,23.70081699346405,19.975,19.975,51.90166666666667,0.3627450980392157,2026-01,avg_duration_by_zone_hour,False
141,Lenox Hill West,15,5547,14.098680968691784,11.133333333333333,8.666666666666666,26.44000000000001,0.36271858662340006,2026-01,avg_duration_by_zone_hour,False
211,SoHo,19,2043,15.25897373144069,13.216666666666667,13.216666666666667,26.863333333333333,0.36270190895741555,2026-01,avg_duration_by_zone_hour,False
26,Borough Park,8,91,38.22051282051282,32.18333333333333,32.18333333333333,65.9,0.3626373626373626,2026-01,avg_duration_by_zone_hour,False
7,Astoria,17,433,26.058545034642034,23.366666666666667,23.366666666666667,46.553333333333335,0.3625866050808314,2026-01,avg_duration_by_zone_hour,False
55,Coney Island,7,160,59.776875,56.016666666666666,56.016666666666666,107.02666666666667,0.3625,2026-01,avg_duration_by_zone_hour,False
36,Bushwick North,18,160,25.5403125,23.483333333333334,23.483333333333334,45.23833333333334,0.3625,2026-01,avg_duration_by_zone_hour,False
140,Lenox Hill East,16,5819,16.958818811937906,13.2,12.0,31.269999999999996,0.3624334078020278,2026-01,avg_duration_by_zone_hour,False
242,Van Nest/Morris Park,8,69,40.81594202898551,37.0,37.0,80.21000000000001,0.36231884057971014,2026-01,avg_duration_by_zone_hour,False
26,Borough Park,17,69,35.87826086956522,28.433333333333334,28.433333333333334,72.66000000000001,0.36231884057971014,2026-01,avg_duration_by_zone_hour,False
144,Little Italy/NoLiTa,9,552,15.307095410628019,13.358333333333334,13.358333333333334,27.74166666666667,0.36231884057971014,2026-01,avg_duration_by_zone_hour,False
74,East Harlem North,9,886,22.733860045146727,20.225,20.225,39.525,0.3623024830699774,2026-01,avg_duration_by_zone_hour,False
170,Murray Hill,10,4364,15.122128017109684,12.733333333333333,12.133333333333333,27.21166666666667,0.362282309807516,2026-01,avg_duration_by_zone_hour,False
213,Soundview/Castle Hill,8,185,40.36432432432432,33.166666666666664,33.166666666666664,79.02,0.3621621621621622,2026-01,avg_duration_by_zone_hour,False
123,Homecrest,11,58,45.04454022988506,38.275000000000006,38.275000000000006,78.47166666666668,0.3620689655172414,2026-01,avg_duration_by_zone_hour,False
167,Morrisania/Melrose,11,58,44.85201149425287,38.00833333333333,38.00833333333333,87.43333333333334,0.3620689655172414,2026-01,avg_duration_by_zone_hour,False
208,Schuylerville/Edgewater Park,9,58,38.5066091954023,35.25833333333333,35.25833333333333,66.36666666666666,0.3620689655172414,2026-01,avg_duration_by_zone_hour,False
77,East New York/Pennsylvania Avenue,13,58,32.83735632183908,28.0,28.0,64.01666666666668,0.3620689655172414,2026-01,avg_duration_by_zone_hour,False
258,Woodhaven,13,58,31.417528735632185,28.875,28.875,55.48666666666668,0.3620689655172414,2026-01,avg_duration_by_zone_hour,False
152,Manhattanville,0,116,14.424425287356321,11.575,11.575,25.291666666666664,0.3620689655172414,2026-01,avg_duration_by_zone_hour,False
163,Midtown North,1,727,12.667537826685006,10.916666666666666,10.916666666666666,22.186666666666664,0.36176066024759285,2026-01,avg_duration_by_zone_hour,False
196,Rego Park,6,47,28.403191489361703,24.183333333333334,24.183333333333334,53.449999999999996,0.3617021276595745,2026-01,avg_duration_by_zone_hour,False
41,Central Harlem,2,188,14.09849290780142,12.9,12.9,25.475,0.3617021276595745,2026-01,avg_duration_by_zone_hour,False
107,Gramercy,5,517,11.475693101225016,9.45,9.45,20.74333333333334,0.3617021276595745,2026-01,avg_duration_by_zone_hour,False
50,Clinton West,8,1463,15.314661654135337,13.783333333333333,13.783333333333333,25.28,0.36158578263841423,2026-01,avg_duration_by_zone_hour,False
56,Corona,7,130,33.66487179487179,31.016666666666666,31.016666666666666,57.82500000000002,0.36153846153846153,2026-01,avg_duration_by_zone_hour,False
86,Far Rockaway,6,83,71.54076305220883,75.15,75.15,139.89666666666665,0.3614457831325301,2026-01,avg_duration_by_zone_hour,False
188,Prospect-Lefferts Gardens,23,119,22.41162464985994,18.716666666666665,18.716666666666665,41.196666666666665,0.36134453781512604,2026-01,avg_duration_by_zone_hour,False
181,Park Slope,12,155,31.04075268817204,27.883333333333333,27.883333333333333,55.379999999999995,0.36129032258064514,2026-01,avg_duration_by_zone_hour,False
237,Upper East Side South,4,191,13.029406631762653,10.283333333333333,10.283333333333333,25.05,0.3612565445026178,2026-01,avg_duration_by_zone_hour,False
203,Rosedale,8,36,54.606944444444444,62.25,62.25,92.33333333333333,0.3611111111111111,2026-01,avg_duration_by_zone_hour,False
92,Flushing,10,36,49.6037037037037,44.041666666666664,44.041666666666664,93.66666666666667,0.3611111111111111,2026-01,avg_duration_by_zone_hour,False
218,Springfield Gardens North,15,36,46.656481481481485,45.21666666666667,45.21666666666667,86.825,0.3611111111111111,2026-01,avg_duration_by_zone_hour,False
136,Kingsbridge Heights,14,36,45.30694444444444,37.375,37.375,93.05833333333334,0.3611111111111111,2026-01,avg_duration_by_zone_hour,False
127,Inwood,9,108,32.12268518518518,26.516666666666666,26.516666666666666,58.19333333333332,0.3611111111111111,2026-01,avg_duration_by_zone_hour,False
202,Roosevelt Island,10,36,32.080555555555556,25.2,25.2,55.06666666666666,0.3611111111111111,2026-01,avg_duration_by_zone_hour,False
235,University Heights/Morris Heights,4,36,27.189814814814817,23.316666666666666,23.316666666666666,55.53333333333333,0.3611111111111111,2026-01,avg_duration_by_zone_hour,False
40,Carroll Gardens,19,108,20.604475308641977,19.3,19.3,32.53333333333333,0.3611111111111111,2026-01,avg_duration_by_zone_hour,False
102,Glendale,18,36,20.00509259259259,17.15,17.15,33.25,0.3611111111111111,2026-01,avg_duration_by_zone_hour,False
152,Manhattanville,3,36,15.491203703703706,13.108333333333334,13.108333333333334,25.55,0.3611111111111111,2026-01,avg_duration_by_zone_hour,False
151,Manhattan Valley,0,396,13.793265993265994,12.066666666666666,12.066666666666666,23.483333333333334,0.3611111111111111,2026-01,avg_duration_by_zone_hour,False
229,Sutton Place/Turtle Bay North,5,313,12.919808306709266,10.433333333333334,10.433333333333334,25.20666666666667,0.3610223642172524,2026-01,avg_duration_by_zone_hour,False
68,East Chelsea,7,1518,14.659090909090908,12.241666666666667,12.241666666666667,27.46333333333333,0.36100131752305664,2026-01,avg_duration_by_zone_hour,False
36,Bushwick North,8,133,30.750877192982458,26.9,26.9,56.56666666666667,0.3609022556390977,2026-01,avg_duration_by_zone_hour,False
151,Manhattan Valley,1,266,14.596804511278195,12.766666666666666,12.766666666666666,25.491666666666667,0.3609022556390977,2026-01,avg_duration_by_zone_hour,False
188,Prospect-Lefferts Gardens,7,291,38.0868843069874,34.1,34.1,73.75,0.36082474226804123,2026-01,avg_duration_by_zone_hour,False
161,Midtown Center,8,2888,13.300219298245613,10.666666666666666,9.4,25.110000000000007,0.360803324099723,2026-01,avg_duration_by_zone_hour,False
158,Meatpacking/West Village West,17,1835,16.259954586739326,14.133333333333333,14.016666666666667,28.276666666666692,0.36076294277929155,2026-01,avg_duration_by_zone_hour,False
49,Clinton Hill,11,158,32.13881856540085,26.21666666666667,26.21666666666667,54.65833333333334,0.36075949367088606,2026-01,avg_duration_by_zone_hour,False
3,Allerton/Pelham Gardens,7,61,56.7672131147541,51.2,51.2,111.46666666666667,0.36065573770491804,2026-01,avg_duration_by_zone_hour,False
155,Marine Park/Mill Basin,15,61,36.69754098360656,34.43333333333333,34.43333333333333,59.31666666666667,0.36065573770491804,2026-01,avg_duration_by_zone_hour,False
80,East Williamsburg,8,183,27.862932604735885,26.016666666666666,26.016666666666666,44.50000000000001,0.36065573770491804,2026-01,avg_duration_by_zone_hour,False
157,Maspeth,9,61,22.454371584699455,17.766666666666666,17.766666666666666,44.666666666666664,0.36065573770491804,2026-01,avg_duration_by_zone_hour,False
229,Sutton Place/Turtle Bay North,21,3012,11.933665338645417,10.616666666666667,9.733333333333334,20.780000000000005,0.3605577689243028,2026-01,avg_duration_by_zone_hour,False
229,Sutton Place/Turtle Bay North,22,2563,12.1162114709325,11.033333333333333,11.033333333333333,20.65,0.3605150214592275,2026-01,avg_duration_by_zone_hour,False
65,Downtown Brooklyn/MetroTech,9,172,24.01124031007752,20.433333333333334,20.433333333333334,44.27333333333334,0.36046511627906974,2026-01,avg_duration_by_zone_hour,False
249,West Village,16,2766,14.907471679922873,12.291666666666668,11.8,27.65833333333333,0.3604483007953724,2026-01,avg_duration_by_zone_hour,False
233,UN/Turtle Bay South,1,369,11.549051490514906,10.483333333333333,10.483333333333333,19.486666666666668,0.3604336043360434,2026-01,avg_duration_by_zone_hour,False
90,Flatiron,18,3815,14.418047182175622,11.85,11.85,26.716666666666665,0.3601572739187418,2026-01,avg_duration_by_zone_hour,False
136,Kingsbridge Heights,9,50,43.83433333333333,38.95,38.95,80.53666666666666,0.36,2026-01,avg_duration_by_zone_hour,False
14,Bay Ridge,19,75,30.474666666666664,27.1,27.1,54.140000000000015,0.36,2026-01,avg_duration_by_zone_hour,False
62,Crown Heights South,21,50,24.459666666666667,22.825000000000003,22.825000000000003,36.991666666666674,0.36,2026-01,avg_duration_by_zone_hour,False
33,Brooklyn Heights,15,278,31.11115107913669,24.65833333333333,24.65833333333333,62.22000000000001,0.3597122302158273,2026-01,avg_duration_by_zone_hour,False
82,Elmhurst,6,114,23.147222222222222,18.883333333333333,18.883333333333333,45.81166666666667,0.35964912280701755,2026-01,avg_duration_by_zone_hour,False
229,Sutton Place/Turtle Bay North,17,3721,15.513571620532115,13.316666666666666,11.658333333333333,27.8,0.35958075786079013,2026-01,avg_duration_by_zone_hour,False
107,Gramercy,0,2559,12.263260388172464,10.766666666666667,10.766666666666667,21.813333333333354,0.359515435717077,2026-01,avg_duration_by_zone_hour,False
87,Financial District North,4,153,16.76492374727669,15.1,15.1,28.38333333333334,0.35947712418300654,2026-01,avg_duration_by_zone_hour,False
160,Middle Village,7,64,30.379947916666666,25.53333333333333,25.53333333333333,53.256666666666675,0.359375,2026-01,avg_duration_by_zone_hour,False
83,Elmhurst/Maspeth,17,64,18.558333333333334,16.166666666666668,16.166666666666668,28.940000000000005,0.359375,2026-01,avg_duration_by_zone_hour,False
43,Central Park,2,64,11.271614583333333,10.183333333333334,10.183333333333334,20.790000000000006,0.359375,2026-01,avg_duration_by_zone_hour,False
107,Gramercy,11,3036,15.568214756258234,12.633333333333333,12.4,28.208333333333332,0.3593544137022398,2026-01,avg_duration_by_zone_hour,False
43,Central Park,1,167,11.746407185628742,9.5,9.5,20.203333333333337,0.3592814371257485,2026-01,avg_duration_by_zone_hour,False
186,Penn Station/Madison Sq West,5,1381,9.049601737871107,6.833333333333333,6.833333333333333,16.466666666666665,0.3591600289645185,2026-01,avg_duration_by_zone_hour,False
211,SoHo,4,181,13.972467771639044,12.433333333333334,12.433333333333334,25.716666666666665,0.35911602209944754,2026-01,avg_duration_by_zone_hour,False
260,Woodside,8,220,22.243863636363635,19.90833333333333,19.90833333333333,39.41833333333333,0.35909090909090907,2026-01,avg_duration_by_zone_hour,False
136,Kingsbridge Heights,15,39,50.59957264957265,42.86666666666667,42.86666666666667,90.08666666666666,0.358974358974359,2026-01,avg_duration_by_zone_hour,False
241,Van Cortlandt Village,9,78,43.952350427350424,36.79166666666667,36.79166666666667,86.36666666666666,0.358974358974359,2026-01,avg_duration_by_zone_hour,False
78,East Tremont,17,39,42.94358974358974,34.15,34.15,82.41666666666667,0.358974358974359,2026-01,avg_duration_by_zone_hour,False
14,Bay Ridge,11,117,42.258404558404564,37.63333333333333,37.63333333333333,68.60666666666667,0.358974358974359,2026-01,avg_duration_by_zone_hour,False
77,East New York/Pennsylvania Avenue,9,117,39.08532763532764,33.2,33.2,64.44666666666673,0.358974358974359,2026-01,avg_duration_by_zone_hour,False
85,Erasmus,13,78,39.06452991452991,32.80833333333334,32.80833333333334,74.21333333333332,0.358974358974359,2026-01,avg_duration_by_zone_hour,False
69,East Concourse/Concourse Village,12,78,30.873076923076923,26.9,26.9,56.64333333333332,0.358974358974359,2026-01,avg_duration_by_zone_hour,False
106,Gowanus,13,39,27.58675213675214,23.933333333333334,23.933333333333334,41.24333333333334,0.358974358974359,2026-01,avg_duration_by_zone_hour,False
80,East Williamsburg,17,234,25.992806267806266,22.825000000000003,22.825000000000003,42.22166666666667,0.358974358974359,2026-01,avg_duration_by_zone_hour,False
89,Flatbush/Ditmas Park,21,117,23.54259259259259,22.116666666666667,22.116666666666667,39.59666666666667,0.358974358974359,2026-01,avg_duration_by_zone_hour,False
83,Elmhurst/Maspeth,11,39,20.58119658119658,17.166666666666668,17.166666666666668,42.610000000000014,0.358974358974359,2026-01,avg_duration_by_zone_hour,False
130,Jamaica,3,78,16.101282051282052,13.975,13.975,28.221666666666664,0.358974358974359,2026-01,avg_duration_by_zone_hour,False
238,Upper West Side North,3,156,13.467307692307694,11.266666666666666,11.266666666666666,26.275,0.358974358974359,2026-01,avg_duration_by_zone_hour,False
262,Yorkville East,3,117,11.551424501424501,10.866666666666667,10.866666666666667,19.870000000000005,0.358974358974359,2026-01,avg_duration_by_zone_hour,False
42,Central Harlem North,0,365,15.573561643835617,14.95,14.95,24.723333333333336,0.3589041095890411,2026-01,avg_duration_by_zone_hour,False
91,Flatlands,6,170,49.82127450980392,47.15,47.15,97.68333333333332,0.3588235294117647,2026-01,avg_duration_by_zone_hour,False
114,Greenwich Village South,19,2893,14.624968314321926,12.383333333333333,12.383333333333333,26.513333333333335,0.358797096439682,2026-01,avg_duration_by_zone_hour,False
164,Midtown South,15,3537,16.619908585430213,13.133333333333333,12.308333333333334,30.76000000000001,0.35877862595419846,2026-01,avg_duration_by_zone_hour,False
166,Morningside Heights,2,131,15.052798982188296,13.383333333333333,13.383333333333333,26.466666666666665,0.35877862595419846,2026-01,avg_duration_by_zone_hour,False
233,UN/Turtle Bay South,21,1717,12.909231217239372,11.816666666666666,11.816666666666666,21.48333333333334,0.3587652882935352,2026-01,avg_duration_by_zone_hour,False
77,East New York/Pennsylvania Avenue,8,145,37.053678160919546,29.283333333333335,29.283333333333335,76.16333333333333,0.3586206896551724,2026-01,avg_duration_by_zone_hour,False
90,Flatiron,19,3603,13.692876306781386,11.483333333333333,11.483333333333333,26.096666666666685,0.3585900638356925,2026-01,avg_duration_by_zone_hour,False
33,Brooklyn Heights,12,251,28.60285524568393,23.8,23.8,51.18333333333333,0.35856573705179284,2026-01,avg_duration_by_zone_hour,False
29,Brighton Beach,16,53,56.71823899371069,58.733333333333334,58.733333333333334,107.86333333333334,0.3584905660377358,2026-01,avg_duration_by_zone_hour,False
200,Riverdale/North Riverdale/Fieldston,7,53,42.91729559748428,34.2,34.2,82.71333333333334,0.3584905660377358,2026-01,avg_duration_by_zone_hour,False
76,East New York,4,106,35.02028301886793,24.675,24.675,71.18333333333334,0.3584905660377358,2026-01,avg_duration_by_zone_hour,False
43,Central Park,13,3275,14.69766921119593,12.2,12.2,27.05333333333333,0.35847328244274806,2026-01,avg_duration_by_zone_hour,False
151,Manhattan Valley,8,1847,17.141517776574627,15.283333333333333,15.283333333333333,31.293333333333347,0.35841905793178125,2026-01,avg_duration_by_zone_hour,False
43,Central Park,23,452,11.922713864306784,9.666666666666668,9.666666666666668,22.165000000000003,0.3584070796460177,2026-01,avg_duration_by_zone_hour,False
17,Bedford,11,173,31.632466281310215,25.65,25.65,60.706666666666706,0.3583815028901734,2026-01,avg_duration_by_zone_hour,False
141,Lenox Hill West,17,5963,14.036131142042596,10.75,9.4,27.266666666666666,0.35837665604561464,2026-01,avg_duration_by_zone_hour,False
146,Long Island City/Queens Plaza,17,254,22.808005249343832,19.733333333333334,19.733333333333334,41.57500000000001,0.35826771653543305,2026-01,avg_duration_by_zone_hour,False
117,Hammels/Arverne,10,67,69.30895522388059,69.53333333333333,69.53333333333333,120.94666666666666,0.3582089552238806,2026-01,avg_duration_by_zone_hour,False
62,Crown Heights South,12,134,37.34353233830846,32.425,32.425,69.11166666666666,0.3582089552238806,2026-01,avg_duration_by_zone_hour,False
155,Marine Park/Mill Basin,13,67,31.902985074626866,23.916666666666668,23.916666666666668,75.0,0.3582089552238806,2026-01,avg_duration_by_zone_hour,False
216,South Ozone Park,1,67,17.36592039800995,15.483333333333333,15.483333333333333,31.979999999999997,0.3582089552238806,2026-01,avg_duration_by_zone_hour,False
158,Meatpacking/West Village West,20,2052,15.225389863547758,13.9,13.9,25.52833333333334,0.358187134502924,2026-01,avg_duration_by_zone_hour,False
116,Hamilton Heights,19,377,20.43054818744474,17.633333333333333,17.633333333333333,34.943333333333335,0.35809018567639256,2026-01,avg_duration_by_zone_hour,False
246,West Chelsea/Hudson Yards,7,782,17.02167519181586,14.108333333333334,14.108333333333334,28.865,0.35805626598465473,2026-01,avg_duration_by_zone_hour,False
10,Baisley Park,6,162,46.233950617283945,39.74166666666666,39.74166666666666,87.51666666666668,0.35802469135802467,2026-01,avg_duration_by_zone_hour,False
26,Borough Park,15,81,35.81131687242799,28.183333333333334,28.183333333333334,68.13333333333334,0.35802469135802467,2026-01,avg_duration_by_zone_hour,False
82,Elmhurst,10,81,29.188477366255146,27.316666666666666,27.316666666666666,54.78333333333333,0.35802469135802467,2026-01,avg_duration_by_zone_hour,False
17,Bedford,4,81,27.833950617283953,22.116666666666667,22.116666666666667,55.766666666666666,0.35802469135802467,2026-01,avg_duration_by_zone_hour,False
49,Clinton Hill,13,176,32.86657196969697,27.558333333333334,27.558333333333334,60.83333333333333,0.35795454545454547,2026-01,avg_duration_by_zone_hour,False
170,Murray Hill,9,4213,14.342076113616583,12.25,12.116666666666667,25.430000000000003,0.3579397104201282,2026-01,avg_duration_by_zone_hour,False
225,Stuyvesant Heights,12,204,36.39795751633987,32.858333333333334,32.858333333333334,62.598333333333336,0.35784313725490197,2026-01,avg_duration_by_zone_hour,False
181,Park Slope,15,204,31.499673202614378,25.433333333333334,25.433333333333334,61.41333333333335,0.35784313725490197,2026-01,avg_duration_by_zone_hour,False
43,Central Park,14,3537,15.16154462350391,12.916666666666666,12.375,26.533333333333335,0.3576477240599378,2026-01,avg_duration_by_zone_hour,False
50,Clinton West,23,906,13.956604120676968,12.916666666666666,12.916666666666666,24.325,0.3576158940397351,2026-01,avg_duration_by_zone_hour,False
4,Alphabet City,14,551,21.228735632183906,16.4,16.4,38.36666666666667,0.35753176043557167,2026-01,avg_duration_by_zone_hour,False
232,Two Bridges/Seward Park,15,512,21.327115885416667,17.358333333333334,17.358333333333334,35.54,0.357421875,2026-01,avg_duration_by_zone_hour,False
100,Garment District,18,3401,16.775884543761638,14.133333333333333,12.600000000000001,28.466666666666665,0.35724786827403704,2026-01,avg_duration_by_zone_hour,False
148,Lower East Side,20,2430,15.484711934156378,14.1,14.1,26.68833333333333,0.35720164609053495,2026-01,avg_duration_by_zone_hour,False
107,Gramercy,9,2951,13.550609962724499,11.6,11.35,24.3,0.357167062012877,2026-01,avg_duration_by_zone_hour,False
18,Bedford Park,12,42,48.38015873015873,43.0,43.0,72.61999999999999,0.35714285714285715,2026-01,avg_duration_by_zone_hour,False
227,Sunset Park East,12,56,40.71458333333333,35.3,35.3,69.53333333333333,0.35714285714285715,2026-01,avg_duration_by_zone_hour,False
195,Red Hook,10,70,36.19285714285714,32.9,32.9,56.29500000000001,0.35714285714285715,2026-01,avg_duration_by_zone_hour,False
22,Bensonhurst West,15,42,31.080158730158733,23.816666666666666,23.816666666666666,58.60333333333333,0.35714285714285715,2026-01,avg_duration_by_zone_hour,False
168,Mott Haven/Port Morris,17,168,29.295238095238098,23.208333333333332,23.208333333333332,53.558333333333366,0.35714285714285715,2026-01,avg_duration_by_zone_hour,False
52,Cobble Hill,17,84,23.76686507936508,21.941666666666666,21.941666666666666,38.63,0.35714285714285715,2026-01,avg_duration_by_zone_hour,False
152,Manhattanville,18,308,19.071915584415585,15.775,15.775,34.27666666666668,0.35714285714285715,2026-01,avg_duration_by_zone_hour,False
152,Manhattanville,22,196,17.768877551020406,14.625,14.625,28.108333333333334,0.35714285714285715,2026-01,avg_duration_by_zone_hour,False
116,Hamilton Heights,2,126,14.028306878306879,12.366666666666667,12.366666666666667,24.325000000000003,0.35714285714285715,2026-01,avg_duration_by_zone_hour,False
164,Midtown South,2,1207,13.853548743441038,12.15,12.15,24.910000000000007,0.35708367854183926,2026-01,avg_duration_by_zone_hour,False
232,Two Bridges/Seward Park,20,605,17.26253443526171,15.6,15.6,27.74666666666667,0.35702479338842974,2026-01,avg_duration_by_zone_hour,False
261,World Trade Center,8,339,17.867453294001965,15.766666666666667,15.766666666666667,32.39,0.35693215339233036,2026-01,avg_duration_by_zone_hour,False
163,Midtown North,12,4508,15.028345903578824,12.208333333333332,12.208333333333332,27.938333333333336,0.3569210292812777,2026-01,avg_duration_by_zone_hour,False
37,Bushwick South,15,213,35.91353677621283,31.683333333333334,31.683333333333334,66.99333333333334,0.3568075117370892,2026-01,avg_duration_by_zone_hour,False
233,UN/Turtle Bay South,3,171,11.367933723196881,9.75,9.75,20.3,0.3567251461988304,2026-01,avg_duration_by_zone_hour,False
186,Penn Station/Madison Sq West,10,5217,16.897402721870808,14.683333333333334,14.683333333333334,30.130000000000017,0.3567184205482078,2026-01,avg_duration_by_zone_hour,False
179,Old Astoria,8,314,29.27484076433121,27.2,27.2,48.834999999999994,0.35668789808917195,2026-01,avg_duration_by_zone_hour,False
168,Mott Haven/Port Morris,15,129,30.282945736434108,24.633333333333333,24.633333333333333,57.83666666666667,0.35658914728682173,2026-01,avg_duration_by_zone_hour,False
4,Alphabet City,23,1004,14.747692563081008,13.358333333333334,13.358333333333334,24.573333333333334,0.3565737051792829,2026-01,avg_duration_by_zone_hour,False
186,Penn Station/Madison Sq West,23,3487,14.701472134595162,13.05,12.516666666666666,25.333333333333332,0.35646687697160884,2026-01,avg_duration_by_zone_hour,False
233,UN/Turtle Bay South,4,188,13.441932624113475,11.516666666666666,11.516666666666666,25.613333333333337,0.35638297872340424,2026-01,avg_duration_by_zone_hour,False
152,Manhattanville,13,261,22.548978288633464,19.516666666666666,19.516666666666666,40.25,0.3563218390804598,2026-01,avg_duration_by_zone_hour,False
87,Financial District North,15,1134,22.10848030570253,18.325,18.325,36.900000000000006,0.3562610229276896,2026-01,avg_duration_by_zone_hour,False
51,Co-Op City,5,73,51.99817351598173,45.45,45.45,93.33999999999997,0.3561643835616438,2026-01,avg_duration_by_zone_hour,False
216,South Ozone Park,21,73,19.708219178082192,16.216666666666665,16.216666666666665,38.07999999999999,0.3561643835616438,2026-01,avg_duration_by_zone_hour,False
97,Fort Greene,17,264,31.514457070707074,23.883333333333333,23.883333333333333,68.71166666666667,0.3560606060606061,2026-01,avg_duration_by_zone_hour,False
76,East New York,20,132,23.691035353535355,18.59166666666667,18.59166666666667,46.80833333333334,0.3560606060606061,2026-01,avg_duration_by_zone_hour,False
45,Chinatown,20,604,16.468956953642383,15.216666666666667,15.216666666666667,26.923333333333336,0.35596026490066224,2026-01,avg_duration_by_zone_hour,False
117,Hammels/Arverne,12,59,63.68672316384181,59.28333333333333,59.28333333333333,112.07666666666668,0.3559322033898305,2026-01,avg_duration_by_zone_hour,False
52,Cobble Hill,16,59,27.174293785310734,22.783333333333335,22.783333333333335,47.24,0.3559322033898305,2026-01,avg_duration_by_zone_hour,False
71,East Flatbush/Farragut,21,59,24.131073446327683,21.166666666666668,21.166666666666668,47.970000000000006,0.3559322033898305,2026-01,avg_duration_by_zone_hour,False
4,Alphabet City,18,767,17.311386353759236,15.316666666666666,15.316666666666666,28.946666666666665,0.3559322033898305,2026-01,avg_duration_by_zone_hour,False
125,Hudson Sq,4,177,14.86789077212806,13.433333333333334,13.433333333333334,24.77,0.3559322033898305,2026-01,avg_duration_by_zone_hour,False
25,Boerum Hill,16,222,36.0743993993994,28.28333333333333,28.28333333333333,72.41000000000001,0.35585585585585583,2026-01,avg_duration_by_zone_hour,False
163,Midtown North,10,3538,14.72991332202751,12.05,11.833333333333334,27.305000000000003,0.35585076314301867,2026-01,avg_duration_by_zone_hour,False
249,West Village,3,2170,12.995867895545315,11.383333333333333,11.383333333333333,23.25166666666667,0.35576036866359445,2026-01,avg_duration_by_zone_hour,False
226,Sunnyside,17,433,29.476443418013854,25.033333333333335,25.033333333333335,55.46333333333334,0.3556581986143187,2026-01,avg_duration_by_zone_hour,False
33,Brooklyn Heights,13,239,24.91311018131102,21.15,21.15,44.85333333333334,0.35564853556485354,2026-01,avg_duration_by_zone_hour,False
263,Yorkville West,20,3839,12.122275766258573,10.083333333333334,10.083333333333334,23.60333333333334,0.35556134410002604,2026-01,avg_duration_by_zone_hour,False
167,Morrisania/Melrose,14,45,39.95777777777778,36.55,36.55,71.05,0.35555555555555557,2026-01,avg_duration_by_zone_hour,False
247,West Concourse,5,45,29.026666666666667,20.983333333333334,20.983333333333334,57.52,0.35555555555555557,2026-01,avg_duration_by_zone_hour,False
75,East Harlem South,22,861,15.024351529229579,13.983333333333333,13.983333333333333,24.583333333333332,0.3554006968641115,2026-01,avg_duration_by_zone_hour,False
164,Midtown South,14,3433,16.417399747548306,12.933333333333334,11.841666666666665,30.493333333333354,0.3553743081852607,2026-01,avg_duration_by_zone_hour,False
262,Yorkville East,11,3436,13.647298214978658,12.15,12.15,24.35,0.3553550640279395,2026-01,avg_duration_by_zone_hour,False
4,Alphabet City,1,1351,13.639267209474465,12.4,12.4,22.766666666666666,0.35529237601776464,2026-01,avg_duration_by_zone_hour,False
177,Ocean Hill,9,228,36.99466374269006,31.0,31.0,75.30000000000001,0.35526315789473684,2026-01,avg_duration_by_zone_hour,False
63,Cypress Hills,6,152,34.6952850877193,29.09166666666667,29.09166666666667,71.14166666666668,0.35526315789473684,2026-01,avg_duration_by_zone_hour,False
165,Midwood,13,107,35.61183800623053,29.016666666666666,29.016666666666666,68.93666666666667,0.35514018691588783,2026-01,avg_duration_by_zone_hour,False
247,West Concourse,8,138,30.656280193236714,23.883333333333333,23.883333333333333,63.751666666666665,0.35507246376811596,2026-01,avg_duration_by_zone_hour,False
225,Stuyvesant Heights,11,231,36.67857142857143,32.55,32.55,62.5,0.354978354978355,2026-01,avg_duration_by_zone_hour,False
142,Lincoln Square East,9,4037,12.934039303112872,10.783333333333333,10.783333333333333,23.69,0.35496655932623233,2026-01,avg_duration_by_zone_hour,False
43,Central Park,19,2040,12.714305555555557,10.241666666666667,9.033333333333333,24.233333333333334,0.35490196078431374,2026-01,avg_duration_by_zone_hour,False
55,Coney Island,15,93,56.06469534050179,49.833333333333336,49.833333333333336,114.92333333333332,0.3548387096774194,2026-01,avg_duration_by_zone_hour,False
121,Hillcrest/Pomonok,10,31,41.06505376344086,39.13333333333333,39.13333333333333,75.88333333333334,0.3548387096774194,2026-01,avg_duration_by_zone_hour,False
102,Glendale,8,62,34.366397849462366,26.983333333333334,26.983333333333334,68.72166666666666,0.3548387096774194,2026-01,avg_duration_by_zone_hour,False
202,Roosevelt Island,16,31,34.0252688172043,26.583333333333332,26.583333333333332,70.13333333333334,0.3548387096774194,2026-01,avg_duration_by_zone_hour,False
62,Crown Heights South,18,93,28.50125448028674,24.983333333333334,24.983333333333334,55.093333333333334,0.3548387096774194,2026-01,avg_duration_by_zone_hour,False
174,Norwood,23,31,27.90215053763441,15.9,15.9,56.166666666666664,0.3548387096774194,2026-01,avg_duration_by_zone_hour,False
80,East Williamsburg,12,155,26.178602150537635,21.05,21.05,48.04999999999999,0.3548387096774194,2026-01,avg_duration_by_zone_hour,False
180,Ozone Park,22,31,19.497311827956988,19.95,19.95,36.3,0.3548387096774194,2026-01,avg_duration_by_zone_hour,False
232,Two Bridges/Seward Park,5,155,17.565268817204302,14.883333333333333,14.883333333333333,28.55333333333333,0.3548387096774194,2026-01,avg_duration_by_zone_hour,False
78,East Tremont,23,31,14.528494623655913,10.316666666666666,10.316666666666666,28.266666666666666,0.3548387096774194,2026-01,avg_duration_by_zone_hour,False
163,Midtown North,2,437,13.05747520976354,11.633333333333333,11.633333333333333,22.740000000000013,0.35469107551487417,2026-01,avg_duration_by_zone_hour,False
25,Boerum Hill,8,172,27.895058139534882,24.1,24.1,45.065000000000005,0.3546511627906977,2026-01,avg_duration_by_zone_hour,False
264,Unknown,16,299,18.068004459308806,14.716666666666667,14.716666666666667,34.78666666666665,0.35451505016722407,2026-01,avg_duration_by_zone_hour,False
4,Alphabet City,0,1196,14.17008082497213,13.025,13.025,23.75,0.35451505016722407,2026-01,avg_duration_by_zone_hour,False
141,Lenox Hill West,22,3171,11.758961421213076,10.15,10.15,21.833333333333332,0.3544623147272154,2026-01,avg_duration_by_zone_hour,False
223,Steinway,9,158,25.06877637130802,20.875,20.875,46.671666666666674,0.35443037974683544,2026-01,avg_duration_by_zone_hour,False
45,Chinatown,13,443,22.984499623777275,19.333333333333332,19.333333333333332,39.440000000000005,0.3544018058690745,2026-01,avg_duration_by_zone_hour,False
234,Union Sq,12,4262,15.034334428280934,12.366666666666667,11.566666666666666,27.330000000000002,0.3542937587986861,2026-01,avg_duration_by_zone_hour,False
117,Hammels/Arverne,9,96,59.441319444444446,53.75,53.75,121.225,0.3541666666666667,2026-01,avg_duration_by_zone_hour,False
92,Flushing,9,48,47.519444444444446,40.766666666666666,40.766666666666666,81.87166666666667,0.3541666666666667,2026-01,avg_duration_by_zone_hour,False
159,Melrose South,17,96,38.77222222222222,31.791666666666668,31.791666666666668,81.7,0.3541666666666667,2026-01,avg_duration_by_zone_hour,False
56,Corona,16,48,38.117361111111116,36.983333333333334,36.983333333333334,69.31333333333335,0.3541666666666667,2026-01,avg_duration_by_zone_hour,False
262,Yorkville East,12,3553,13.527113237639554,11.716666666666667,11.291666666666668,24.380000000000003,0.35406698564593303,2026-01,avg_duration_by_zone_hour,False
254,Williamsbridge/Olinville,7,161,51.93229813664596,46.85,46.85,99.9,0.35403726708074534,2026-01,avg_duration_by_zone_hour,False
234,Union Sq,6,596,10.922930648769574,8.833333333333334,8.833333333333334,19.633333333333333,0.3540268456375839,2026-01,avg_duration_by_zone_hour,False
142,Lincoln Square East,3,226,13.284439528023599,11.208333333333334,11.208333333333334,26.78333333333333,0.35398230088495575,2026-01,avg_duration_by_zone_hour,False
90,Flatiron,20,3407,13.74365032775658,12.2,12.2,24.783333333333335,0.3539771059583211,2026-01,avg_duration_by_zone_hour,False
35,Brownsville,13,178,36.29522471910113,28.958333333333332,28.958333333333332,75.97000000000001,0.3539325842696629,2026-01,avg_duration_by_zone_hour,False
51,Co-Op City,12,65,52.184871794871796,40.416666666666664,40.416666666666664,104.03666666666668,0.35384615384615387,2026-01,avg_duration_by_zone_hour,False
81,Eastchester,9,65,50.74820512820513,46.483333333333334,46.483333333333334,99.25666666666666,0.35384615384615387,2026-01,avg_duration_by_zone_hour,False
225,Stuyvesant Heights,16,195,41.08153846153846,36.2,36.2,76.62999999999998,0.35384615384615387,2026-01,avg_duration_by_zone_hour,False
196,Rego Park,17,65,25.16897435897436,23.1,23.1,43.480000000000004,0.35384615384615387,2026-01,avg_duration_by_zone_hour,False
255,Williamsburg (North Side),9,130,22.604871794871794,21.1,21.1,35.025,0.35384615384615387,2026-01,avg_duration_by_zone_hour,False
39,Canarsie,22,65,20.04102564102564,18.033333333333335,18.033333333333335,35.940000000000005,0.35384615384615387,2026-01,avg_duration_by_zone_hour,False
80,East Williamsburg,14,147,27.142290249433106,24.35,24.35,45.55666666666667,0.35374149659863946,2026-01,avg_duration_by_zone_hour,False
127,Inwood,15,99,32.25016835016835,25.9,25.9,58.46333333333333,0.35353535353535354,2026-01,avg_duration_by_zone_hour,False
263,Yorkville West,8,3386,14.199050009844457,12.358333333333334,11.533333333333333,25.583333333333336,0.3535144713526285,2026-01,avg_duration_by_zone_hour,False
90,Flatiron,3,843,13.095334124159747,11.75,11.75,24.366666666666667,0.3534994068801898,2026-01,avg_duration_by_zone_hour,False
140,Lenox Hill East,11,4572,16.42536089238845,13.95,13.7,28.44833333333334,0.35345581802274717,2026-01,avg_duration_by_zone_hour,False
24,Bloomingdale,7,549,16.74538554948391,15.133333333333333,15.133333333333333,27.996666666666666,0.3533697632058288,2026-01,avg_duration_by_zone_hour,False
229,Sutton Place/Turtle Bay North,4,300,12.203277777777776,10.791666666666668,10.791666666666668,22.501666666666672,0.35333333333333333,2026-01,avg_duration_by_zone_hour,False
145,Long Island City/Hunters Point,17,467,26.840578158458243,24.016666666666666,24.016666666666666,47.70000000000002,0.3533190578158458,2026-01,avg_duration_by_zone_hour,False
17,Bedford,22,167,22.3811377245509,20.466666666666665,20.466666666666665,36.20666666666667,0.3532934131736527,2026-01,avg_duration_by_zone_hour,False
35,Brownsville,11,184,39.33315217391304,36.15,36.15,70.76,0.3532608695652174,2026-01,avg_duration_by_zone_hour,False
97,Fort Greene,7,184,28.73623188405797,25.458333333333332,25.458333333333332,50.741666666666674,0.3532608695652174,2026-01,avg_duration_by_zone_hour,False
65,Downtown Brooklyn/MetroTech,8,184,20.480434782608697,17.75,17.75,36.585,0.3532608695652174,2026-01,avg_duration_by_zone_hour,False
68,East Chelsea,11,4423,18.038382696510663,15.383333333333333,14.891666666666666,32.43,0.35315396789509385,2026-01,avg_duration_by_zone_hour,False
141,Lenox Hill West,6,1334,11.056134432783608,9.716666666666667,9.55,18.928333333333335,0.3530734632683658,2026-01,avg_duration_by_zone_hour,False
137,Kips Bay,6,912,12.968439327485381,10.575,10.575,23.296666666666667,0.3530701754385965,2026-01,avg_duration_by_zone_hour,False
150,Manhattan Beach,15,34,52.35294117647059,48.63333333333333,48.63333333333333,104.04833333333332,0.35294117647058826,2026-01,avg_duration_by_zone_hour,False
22,Bensonhurst West,5,51,49.19901960784314,44.78333333333333,44.78333333333333,90.15,0.35294117647058826,2026-01,avg_duration_by_zone_hour,False
182,Parkchester,16,34,45.511274509803926,36.916666666666664,36.916666666666664,87.68166666666666,0.35294117647058826,2026-01,avg_duration_by_zone_hour,False
242,Van Nest/Morris Park,9,34,44.759803921568626,43.36666666666667,43.36666666666667,82.12333333333333,0.35294117647058826,2026-01,avg_duration_by_zone_hour,False
155,Marine Park/Mill Basin,11,68,44.21078431372549,38.19166666666666,38.19166666666666,81.43,0.35294117647058826,2026-01,avg_duration_by_zone_hour,False
254,Williamsbridge/Olinville,4,34,38.925000000000004,30.816666666666666,30.816666666666666,69.055,0.35294117647058826,2026-01,avg_duration_by_zone_hour,False
121,Hillcrest/Pomonok,12,51,38.744771241830065,32.78333333333333,32.78333333333333,76.68333333333334,0.35294117647058826,2026-01,avg_duration_by_zone_hour,False
121,Hillcrest/Pomonok,15,51,35.20359477124183,27.716666666666665,27.716666666666665,69.63333333333334,0.35294117647058826,2026-01,avg_duration_by_zone_hour,False
78,East Tremont,18,34,33.79558823529412,24.241666666666667,24.241666666666667,58.931666666666665,0.35294117647058826,2026-01,avg_duration_by_zone_hour,False
22,Bensonhurst West,18,34,29.20980392156863,17.2,17.2,62.53999999999999,0.35294117647058826,2026-01,avg_duration_by_zone_hour,False
83,Elmhurst/Maspeth,19,51,24.822222222222223,15.966666666666667,15.966666666666667,40.0,0.35294117647058826,2026-01,avg_duration_by_zone_hour,False
124,Howard Beach,22,34,21.93235294117647,20.916666666666664,20.916666666666664,39.32,0.35294117647058826,2026-01,avg_duration_by_zone_hour,False
124,Howard Beach,19,34,20.47892156862745,15.3,15.3,42.91,0.35294117647058826,2026-01,avg_duration_by_zone_hour,False
198,Ridgewood,4,85,19.953725490196078,19.45,19.45,29.41,0.35294117647058826,2026-01,avg_duration_by_zone_hour,False
197,Richmond Hill,2,34,14.799509803921568,13.416666666666668,13.416666666666668,25.564999999999998,0.35294117647058826,2026-01,avg_duration_by_zone_hour,False
231,TriBeCa/Civic Center,13,2324,17.9129446356856,15.0,14.741666666666667,32.01166666666667,0.3528399311531842,2026-01,avg_duration_by_zone_hour,False
137,Kips Bay,5,462,11.167676767676767,9.1,9.1,20.995,0.3528138528138528,2026-01,avg_duration_by_zone_hour,False
262,Yorkville East,0,445,12.119101123595506,11.633333333333333,11.633333333333333,20.570000000000004,0.35280898876404493,2026-01,avg_duration_by_zone_hour,False
43,Central Park,18,3016,13.730929487179486,11.216666666666667,9.95,26.191666666666666,0.35278514588859416,2026-01,avg_duration_by_zone_hour,False
4,Alphabet City,19,845,16.36258382642998,14.683333333333334,14.683333333333334,26.560000000000002,0.3526627218934911,2026-01,avg_duration_by_zone_hour,False
4,Alphabet City,12,468,17.910078347578345,15.383333333333333,15.383333333333333,29.990000000000002,0.3525641025641026,2026-01,avg_duration_by_zone_hour,False
233,UN/Turtle Bay South,5,295,12.692881355932204,10.766666666666667,10.766666666666667,21.973333333333336,0.3525423728813559,2026-01,avg_duration_by_zone_hour,False
193,Queensbridge/Ravenswood,12,122,25.72308743169399,21.625,21.625,46.419999999999995,0.3524590163934426,2026-01,avg_duration_by_zone_hour,False
152,Manhattanville,8,349,24.210553963705827,21.55,21.55,41.24999999999999,0.3524355300859599,2026-01,avg_duration_by_zone_hour,False
261,World Trade Center,21,681,17.220949583945178,16.416666666666668,16.416666666666668,27.383333333333333,0.3524229074889868,2026-01,avg_duration_by_zone_hour,False
7,Astoria,18,508,23.239173228346456,21.81666666666667,21.81666666666667,39.08166666666667,0.35236220472440943,2026-01,avg_duration_by_zone_hour,False
48,Clinton East,1,2384,13.28903803131991,11.641666666666666,11.641666666666666,24.61166666666667,0.3523489932885906,2026-01,avg_duration_by_zone_hour,False
213,Soundview/Castle Hill,11,88,42.25814393939394,38.33333333333333,38.33333333333333,76.05999999999997,0.3522727272727273,2026-01,avg_duration_by_zone_hour,False
49,Clinton Hill,10,176,32.794602272727275,27.241666666666667,27.241666666666667,57.224999999999994,0.3522727272727273,2026-01,avg_duration_by_zone_hour,False
56,Corona,6,88,28.457386363636363,24.28333333333333,24.28333333333333,50.151666666666664,0.3522727272727273,2026-01,avg_duration_by_zone_hour,False
264,Unknown,0,88,14.027083333333335,11.85,11.85,25.666666666666664,0.3522727272727273,2026-01,avg_duration_by_zone_hour,False
148,Lower East Side,9,846,15.620784081954294,14.083333333333332,14.083333333333332,26.141666666666666,0.35224586288416077,2026-01,avg_duration_by_zone_hour,False
116,Hamilton Heights,9,548,25.2904501216545,22.383333333333333,22.383333333333333,42.06666666666667,0.3521897810218978,2026-01,avg_duration_by_zone_hour,False
132,JFK Airport,3,656,22.62459349593496,21.766666666666666,21.766666666666666,35.24166666666667,0.3521341463414634,2026-01,avg_duration_by_zone_hour,False
158,Meatpacking/West Village West,23,2363,14.111694174072507,12.8,12.8,24.963333333333335,0.3520947947524333,2026-01,avg_duration_by_zone_hour,False
181,Park Slope,18,338,26.85389546351085,24.791666666666668,24.791666666666668,45.66666666666668,0.3520710059171598,2026-01,avg_duration_by_zone_hour,False
70,East Elmhurst,8,196,36.92610544217687,34.83333333333333,34.83333333333333,61.18333333333334,0.3520408163265306,2026-01,avg_duration_by_zone_hour,False
97,Fort Greene,1,125,19.277466666666665,17.916666666666668,17.916666666666668,29.58666666666667,0.352,2026-01,avg_duration_by_zone_hour,False
28,Briarwood/Jamaica Hills,5,54,36.84413580246913,29.9,29.9,69.86166666666666,0.35185185185185186,2026-01,avg_duration_by_zone_hour,False
166,Morningside Heights,7,756,17.849096119929452,16.183333333333334,16.183333333333334,30.75,0.35185185185185186,2026-01,avg_duration_by_zone_hour,False
74,East Harlem North,3,108,14.292283950617284,12.524999999999999,12.524999999999999,24.751666666666665,0.35185185185185186,2026-01,avg_duration_by_zone_hour,False
4,Alphabet City,2,1117,13.335049239033124,12.133333333333333,12.133333333333333,22.086666666666666,0.35183527305282003,2026-01,avg_duration_by_zone_hour,False
17,Bedford,21,145,24.45080459770115,22.55,22.55,41.519999999999996,0.35172413793103446,2026-01,avg_duration_by_zone_hour,False
141,Lenox Hill West,19,5294,12.777531167359275,10.233333333333333,9.466666666666667,24.87833333333333,0.3517189270872686,2026-01,avg_duration_by_zone_hour,False
37,Bushwick South,8,310,30.723817204301074,28.424999999999997,28.424999999999997,52.54833333333334,0.35161290322580646,2026-01,avg_duration_by_zone_hour,False
209,Seaport,15,347,24.285110470701245,18.6,18.6,46.04666666666672,0.3515850144092219,2026-01,avg_duration_by_zone_hour,False
114,Greenwich Village South,8,603,14.436152570480928,12.05,12.05,25.23666666666667,0.351575456053068,2026-01,avg_duration_by_zone_hour,False
213,Soundview/Castle Hill,9,128,43.51731770833334,41.05,41.05,71.27,0.3515625,2026-01,avg_duration_by_zone_hour,False
113,Greenwich Village North,23,2597,13.635541008856373,11.333333333333334,10.616666666666667,25.30666666666667,0.3515594917212168,2026-01,avg_duration_by_zone_hour,False
91,Flatlands,9,202,35.27079207920792,27.416666666666668,27.416666666666668,74.62833333333334,0.35148514851485146,2026-01,avg_duration_by_zone_hour,False
263,Yorkville West,13,3924,13.513574583758071,11.166666666666666,10.133333333333333,25.783333333333335,0.3514271151885831,2026-01,avg_duration_by_zone_hour,False
7,Astoria,15,387,24.994229112833764,22.5,22.5,46.74,0.35142118863049093,2026-01,avg_duration_by_zone_hour,False
232,Two Bridges/Seward Park,18,757,19.303192426243946,17.6,17.6,31.479999999999997,0.3513870541611625,2026-01,avg_duration_by_zone_hour,False
136,Kingsbridge Heights,11,37,52.72027027027027,48.28333333333333,48.28333333333333,89.71666666666665,0.35135135135135137,2026-01,avg_duration_by_zone_hour,False
92,Flushing,11,37,50.295945945945945,46.05,46.05,88.49999999999999,0.35135135135135137,2026-01,avg_duration_by_zone_hour,False
81,Eastchester,12,37,49.6027027027027,44.78333333333333,44.78333333333333,88.30333333333333,0.35135135135135137,2026-01,avg_duration_by_zone_hour,False
254,Williamsbridge/Olinville,5,111,38.23243243243243,34.3,34.3,80.01666666666667,0.35135135135135137,2026-01,avg_duration_by_zone_hour,False
67,Dyker Heights,18,37,33.88513513513514,28.95,28.95,56.65666666666666,0.35135135135135137,2026-01,avg_duration_by_zone_hour,False
173,North Corona,6,37,24.12882882882883,20.166666666666668,20.166666666666668,42.39,0.35135135135135137,2026-01,avg_duration_by_zone_hour,False
157,Maspeth,21,37,21.326126126126127,16.616666666666667,16.616666666666667,39.03333333333333,0.35135135135135137,2026-01,avg_duration_by_zone_hour,False
76,East New York,2,37,19.146396396396394,16.566666666666666,16.566666666666666,30.463333333333335,0.35135135135135137,2026-01,avg_duration_by_zone_hour,False
232,Two Bridges/Seward Park,3,222,14.413363363363365,13.616666666666667,13.616666666666667,24.38,0.35135135135135137,2026-01,avg_duration_by_zone_hour,False
247,West Concourse,0,37,13.83108108108108,11.183333333333334,11.183333333333334,23.693333333333328,0.35135135135135137,2026-01,avg_duration_by_zone_hour,False
50,Clinton West,5,259,12.825611325611327,10.183333333333334,10.183333333333334,24.69333333333334,0.35135135135135137,2026-01,avg_duration_by_zone_hour,False
161,Midtown Center,7,1631,12.501931330472104,9.416666666666666,9.416666666666666,26.083333333333332,0.3513182096873084,2026-01,avg_duration_by_zone_hour,False
140,Lenox Hill East,9,4145,15.074507438681142,13.0,12.35,25.379999999999995,0.35126658624849216,2026-01,avg_duration_by_zone_hour,False
233,UN/Turtle Bay South,8,1929,14.395334370139969,12.55,12.091666666666667,24.17,0.3509590461378953,2026-01,avg_duration_by_zone_hour,False
218,Springfield Gardens North,6,114,61.39137426900585,57.84166666666667,57.84166666666667,113.19166666666668,0.3508771929824561,2026-01,avg_duration_by_zone_hour,False
55,Coney Island,11,114,47.50716374269006,43.41666666666667,43.41666666666667,87.23666666666666,0.3508771929824561,2026-01,avg_duration_by_zone_hour,False
220,Spuyten Duyvil/Kingsbridge,14,57,38.753801169590645,31.566666666666666,31.566666666666666,79.06333333333332,0.3508771929824561,2026-01,avg_duration_by_zone_hour,False
193,Queensbridge/Ravenswood,9,114,24.24956140350877,22.308333333333334,22.308333333333334,43.598333333333336,0.3508771929824561,2026-01,avg_duration_by_zone_hour,False
246,West Chelsea/Hudson Yards,11,2440,16.142390710382514,14.6,14.6,27.19166666666666,0.35081967213114756,2026-01,avg_duration_by_zone_hour,False
50,Clinton West,0,727,14.969486474094452,13.883333333333333,13.883333333333333,26.24666666666666,0.35075653370013754,2026-01,avg_duration_by_zone_hour,False
189,Prospect Heights,13,77,33.495021645021644,26.666666666666668,26.666666666666668,76.90333333333336,0.35064935064935066,2026-01,avg_duration_by_zone_hour,False
145,Long Island City/Hunters Point,15,308,28.02137445887446,23.81666666666667,23.81666666666667,51.675,0.35064935064935066,2026-01,avg_duration_by_zone_hour,False
170,Murray Hill,11,4855,15.48886028149674,12.933333333333334,12.766666666666667,27.310000000000006,0.3505664263645726,2026-01,avg_duration_by_zone_hour,False
158,Meatpacking/West Village West,19,2000,15.580275,14.15,14.15,26.670000000000005,0.3505,2026-01,avg_duration_by_zone_hour,False
37,Bushwick South,7,311,30.11848874598071,26.65,26.65,52.11666666666667,0.3504823151125402,2026-01,avg_duration_by_zone_hour,False
42,Central Harlem North,10,622,27.62006966773848,23.183333333333334,23.183333333333334,50.70499999999998,0.3504823151125402,2026-01,avg_duration_by_zone_hour,False
143,Lincoln Square West,7,1969,14.543880142204165,12.733333333333333,12.733333333333333,24.566666666666666,0.3504316912138141,2026-01,avg_duration_by_zone_hour,False
164,Midtown South,1,1664,13.625661057692307,12.275,12.275,24.21333333333334,0.3503605769230769,2026-01,avg_duration_by_zone_hour,False
82,Elmhurst,21,157,17.275583864118897,16.2,16.2,29.190000000000005,0.3503184713375796,2026-01,avg_duration_by_zone_hour,False
33,Brooklyn Heights,10,217,28.592703533026114,23.75,23.75,52.52666666666667,0.35023041474654376,2026-01,avg_duration_by_zone_hour,False
89,Flatbush/Ditmas Park,6,237,43.50935302390999,35.916666666666664,35.916666666666664,79.42333333333333,0.350210970464135,2026-01,avg_duration_by_zone_hour,False
213,Soundview/Castle Hill,15,60,38.41722222222222,34.24166666666666,34.24166666666666,72.33833333333332,0.35,2026-01,avg_duration_by_zone_hour,False
56,Corona,8,100,38.13283333333333,34.55833333333334,34.55833333333334,65.58666666666669,0.35,2026-01,avg_duration_by_zone_hour,False
196,Rego Park,9,60,36.074444444444445,34.03333333333333,34.03333333333333,64.85833333333333,0.35,2026-01,avg_duration_by_zone_hour,False
217,South Williamsburg,13,40,31.931666666666665,27.108333333333334,27.108333333333334,54.05666666666667,0.35,2026-01,avg_duration_by_zone_hour,False
97,Fort Greene,11,220,30.802954545454543,26.291666666666664,26.291666666666664,56.096666666666664,0.35,2026-01,avg_duration_by_zone_hour,False
56,Corona,18,40,27.34375,24.975,24.975,40.94166666666667,0.35,2026-01,avg_duration_by_zone_hour,False
198,Ridgewood,18,120,26.745555555555555,23.950000000000003,23.950000000000003,48.66000000000001,0.35,2026-01,avg_duration_by_zone_hour,False
260,Woodside,11,80,23.708958333333335,19.833333333333332,19.833333333333332,42.99666666666668,0.35,2026-01,avg_duration_by_zone_hour,False
82,Elmhurst,2,80,13.49625,11.658333333333333,11.658333333333333,24.383333333333344,0.35,2026-01,avg_duration_by_zone_hour,False
238,Upper West Side North,2,263,12.817807351077313,10.516666666666667,10.516666666666667,23.536666666666672,0.34980988593155893,2026-01,avg_duration_by_zone_hour,False
188,Prospect-Lefferts Gardens,11,223,33.64282511210762,29.5,29.5,61.83666666666667,0.34977578475336324,2026-01,avg_duration_by_zone_hour,False
130,Jamaica,1,203,15.70279146141215,14.2,14.2,26.916666666666668,0.3497536945812808,2026-01,avg_duration_by_zone_hour,False
100,Garment District,3,386,14.71804835924007,13.925,13.925,27.141666666666666,0.34974093264248707,2026-01,avg_duration_by_zone_hour,False
89,Flatbush/Ditmas Park,9,366,38.682331511839706,32.43333333333334,32.43333333333334,71.81666666666666,0.34972677595628415,2026-01,avg_duration_by_zone_hour,False
181,Park Slope,11,183,35.19153005464481,29.75,29.75,66.06333333333335,0.34972677595628415,2026-01,avg_duration_by_zone_hour,False
95,Forest Hills,17,143,32.11212121212122,27.3,27.3,63.35333333333333,0.34965034965034963,2026-01,avg_duration_by_zone_hour,False
25,Boerum Hill,18,246,23.0170054200542,20.291666666666664,20.291666666666664,35.43333333333334,0.34959349593495936,2026-01,avg_duration_by_zone_hour,False
71,East Flatbush/Farragut,16,103,44.04854368932039,38.8,38.8,80.24,0.34951456310679613,2026-01,avg_duration_by_zone_hour,False
162,Midtown East,8,3791,13.011707552976347,11.25,10.066666666666666,23.016666666666666,0.3495120021102611,2026-01,avg_duration_by_zone_hour,False
132,JFK Airport,6,3837,36.04124750238902,32.9,32.9,63.016666666666666,0.3494917904612979,2026-01,avg_duration_by_zone_hour,False
146,Long Island City/Queens Plaza,8,186,21.418637992831542,19.683333333333334,19.683333333333334,35.275,0.34946236559139787,2026-01,avg_duration_by_zone_hour,False
158,Meatpacking/West Village West,1,1760,13.586467803030304,12.133333333333333,12.066666666666666,23.071666666666673,0.3494318181818182,2026-01,avg_duration_by_zone_hour,False
69,East Concourse/Concourse Village,14,83,41.66706827309237,34.55,34.55,83.6033333333333,0.3493975903614458,2026-01,avg_duration_by_zone_hour,False
42,Central Harlem North,12,624,26.46583867521368,22.833333333333336,22.833333333333336,48.58166666666668,0.34935897435897434,2026-01,avg_duration_by_zone_hour,False
168,Mott Haven/Port Morris,18,126,24.680026455026457,20.883333333333333,20.883333333333333,45.0,0.3492063492063492,2026-01,avg_duration_by_zone_hour,False
151,Manhattan Valley,2,126,13.346957671957671,11.35,11.35,23.741666666666667,0.3492063492063492,2026-01,avg_duration_by_zone_hour,False
146,Long Island City/Queens Plaza,13,169,23.667652859960555,20.583333333333332,20.583333333333332,42.98666666666668,0.34911242603550297,2026-01,avg_duration_by_zone_hour,False
114,Greenwich Village South,7,361,13.450369344413664,11.2,11.2,24.983333333333334,0.3490304709141274,2026-01,avg_duration_by_zone_hour,False
162,Midtown East,12,5487,15.769333576331935,13.666666666666666,12.966666666666667,27.656666666666677,0.34900674321122654,2026-01,avg_duration_by_zone_hour,False
181,Park Slope,10,149,31.183109619686803,25.866666666666667,25.866666666666667,53.11000000000001,0.348993288590604,2026-01,avg_duration_by_zone_hour,False
162,Midtown East,15,5946,16.51966588182532,13.725,13.483333333333333,30.183333333333334,0.3489741002354524,2026-01,avg_duration_by_zone_hour,False
232,Two Bridges/Seward Park,2,278,15.694784172661869,14.35,14.35,24.97,0.3489208633093525,2026-01,avg_duration_by_zone_hour,False
242,Van Nest/Morris Park,13,43,40.497674418604646,38.0,38.0,72.75333333333333,0.3488372093023256,2026-01,avg_duration_by_zone_hour,False
134,Kew Gardens,9,43,32.40775193798449,25.1,25.1,66.23333333333335,0.3488372093023256,2026-01,avg_duration_by_zone_hour,False
179,Old Astoria,10,215,25.455193798449613,22.966666666666665,22.966666666666665,42.849999999999994,0.3488372093023256,2026-01,avg_duration_by_zone_hour,False
113,Greenwich Village North,17,2979,15.215659617321247,11.866666666666667,11.233333333333334,29.470000000000002,0.3487747566297415,2026-01,avg_duration_by_zone_hour,False
61,Crown Heights North,12,327,35.349337410805305,31.066666666666666,31.066666666666666,65.40666666666667,0.3486238532110092,2026-01,avg_duration_by_zone_hour,False
107,Gramercy,12,3119,15.058287912792563,12.533333333333333,12.025,26.736666666666693,0.34850913754408464,2026-01,avg_duration_by_zone_hour,False
146,Long Island City/Queens Plaza,9,155,22.38086021505376,20.2,20.2,37.81999999999999,0.34838709677419355,2026-01,avg_duration_by_zone_hour,False
127,Inwood,8,178,31.863483146067416,28.799999999999997,28.799999999999997,54.538333333333334,0.34831460674157305,2026-01,avg_duration_by_zone_hour,False
62,Crown Heights South,15,89,31.662921348314608,27.333333333333332,27.333333333333332,64.79333333333334,0.34831460674157305,2026-01,avg_duration_by_zone_hour,False
43,Central Park,15,4120,15.497313915857605,13.475,11.75,26.96833333333333,0.3483009708737864,2026-01,avg_duration_by_zone_hour,False
89,Flatbush/Ditmas Park,12,201,38.480845771144274,32.766666666666666,32.766666666666666,72.71666666666667,0.3482587064676617,2026-01,avg_duration_by_zone_hour,False
49,Clinton Hill,17,224,38.41845238095238,29.875,29.875,72.41666666666667,0.3482142857142857,2026-01,avg_duration_by_zone_hour,False
212,Soundview/Bruckner,8,112,36.183779761904766,33.1,33.1,58.62666666666668,0.3482142857142857,2026-01,avg_duration_by_zone_hour,False
97,Fort Greene,10,224,28.12767857142857,22.675,22.675,52.113333333333394,0.3482142857142857,2026-01,avg_duration_by_zone_hour,False
197,Richmond Hill,11,112,22.479910714285715,17.275,17.275,42.91666666666667,0.3482142857142857,2026-01,avg_duration_by_zone_hour,False
107,Gramercy,13,3165,16.46518167456556,13.066666666666666,12.716666666666667,30.596666666666664,0.3481832543443918,2026-01,avg_duration_by_zone_hour,False
17,Bedford,16,158,35.222468354430376,30.175,30.175,67.30000000000001,0.34810126582278483,2026-01,avg_duration_by_zone_hour,False
88,Financial District South,9,339,19.148131760078662,17.433333333333334,17.433333333333334,32.513333333333335,0.3480825958702065,2026-01,avg_duration_by_zone_hour,False
143,Lincoln Square West,10,2735,13.825691651432054,11.816666666666666,11.816666666666666,25.50333333333333,0.34808043875685557,2026-01,avg_duration_by_zone_hour,False
164,Midtown South,13,3370,15.901760633036599,13.1,12.841666666666667,29.54166666666666,0.3480712166172107,2026-01,avg_duration_by_zone_hour,False
139,Laurelton,9,46,54.66304347826087,55.11666666666667,55.11666666666667,93.075,0.34782608695652173,2026-01,avg_duration_by_zone_hour,False
219,Springfield Gardens South,5,46,48.39637681159421,39.43333333333334,39.43333333333334,109.23333333333333,0.34782608695652173,2026-01,avg_duration_by_zone_hour,False
241,Van Cortlandt Village,10,46,40.18079710144927,36.55833333333334,36.55833333333334,69.34166666666667,0.34782608695652173,2026-01,avg_duration_by_zone_hour,False
10,Baisley Park,8,138,39.191183574879226,33.13333333333333,33.13333333333333,84.30833333333332,0.34782608695652173,2026-01,avg_duration_by_zone_hour,False
244,Washington Heights South,15,506,27.133662714097497,21.833333333333332,21.833333333333332,46.99166666666666,0.34782608695652173,2026-01,avg_duration_by_zone_hour,False
116,Hamilton Heights,16,299,24.173355629877367,20.366666666666667,20.366666666666667,40.75333333333333,0.34782608695652173,2026-01,avg_duration_by_zone_hour,False
62,Crown Heights South,0,46,21.331884057971013,20.975,20.975,41.358333333333334,0.34782608695652173,2026-01,avg_duration_by_zone_hour,False
159,Melrose South,20,46,20.46630434782609,15.083333333333334,15.083333333333334,30.308333333333334,0.34782608695652173,2026-01,avg_duration_by_zone_hour,False
142,Lincoln Square East,10,4548,13.209590296100851,10.766666666666667,10.666666666666666,24.583333333333332,0.3476253298153034,2026-01,avg_duration_by_zone_hour,False
80,East Williamsburg,16,187,29.559982174688056,24.816666666666666,24.816666666666666,52.17000000000001,0.34759358288770054,2026-01,avg_duration_by_zone_hour,False
225,Stuyvesant Heights,10,259,38.085392535392536,33.13333333333333,33.13333333333333,67.71333333333334,0.3474903474903475,2026-01,avg_duration_by_zone_hour,False
79,East Village,14,2898,15.675776397515529,12.883333333333333,12.583333333333334,28.798333333333343,0.3474810213940649,2026-01,avg_duration_by_zone_hour,False
88,Financial District South,13,593,21.544041596402472,18.05,18.05,36.18333333333336,0.3473861720067454,2026-01,avg_duration_by_zone_hour,False
255,Williamsburg (North Side),10,95,22.17105263157895,20.1,20.1,35.150000000000006,0.3473684210526316,2026-01,avg_duration_by_zone_hour,False
76,East New York,0,95,18.067543859649124,16.233333333333334,16.233333333333334,31.45666666666667,0.3473684210526316,2026-01,avg_duration_by_zone_hour,False
43,Central Park,0,380,12.84171052631579,10.8,10.8,23.42833333333334,0.3473684210526316,2026-01,avg_duration_by_zone_hour,False
48,Clinton East,6,1915,11.174795474325501,9.15,8.666666666666666,20.620000000000005,0.3472584856396867,2026-01,avg_duration_by_zone_hour,False
229,Sutton Place/Turtle Bay North,7,2108,13.094473434535105,11.7,11.7,21.888333333333332,0.34724857685009486,2026-01,avg_duration_by_zone_hour,False
92,Flushing,8,72,44.28009259259259,44.43333333333334,44.43333333333334,81.165,0.3472222222222222,2026-01,avg_duration_by_zone_hour,False
189,Prospect Heights,11,72,32.58263888888889,28.641666666666666,28.641666666666666,59.24166666666667,0.3472222222222222,2026-01,avg_duration_by_zone_hour,False
148,Lower East Side,19,2261,15.710776942355889,13.95,13.95,27.766666666666666,0.3471915081822203,2026-01,avg_duration_by_zone_hour,False
238,Upper West Side North,4,193,15.641364421416235,12.283333333333333,12.283333333333333,32.39,0.3471502590673575,2026-01,avg_duration_by_zone_hour,False
258,Woodhaven,8,121,34.98884297520661,30.3,30.3,63.5,0.34710743801652894,2026-01,avg_duration_by_zone_hour,False
223,Steinway,10,121,21.85495867768595,19.683333333333334,19.683333333333334,40.483333333333334,0.34710743801652894,2026-01,avg_duration_by_zone_hour,False
48,Clinton East,2,1965,13.250687022900763,12.25,12.25,23.820000000000004,0.3470737913486005,2026-01,avg_duration_by_zone_hour,False
170,Murray Hill,12,5241,16.247083889842905,13.766666666666667,13.683333333333334,29.4,0.34707116962411755,2026-01,avg_duration_by_zone_hour,False
89,Flatbush/Ditmas Park,14,219,37.72663622526636,30.75,30.75,71.11333333333336,0.3470319634703196,2026-01,avg_duration_by_zone_hour,False
43,Central Park,6,268,11.141417910447762,9.15,9.15,21.543333333333337,0.34701492537313433,2026-01,avg_duration_by_zone_hour,False
62,Crown Heights South,11,98,43.72482993197279,37.19166666666666,37.19166666666666,79.12666666666667,0.3469387755102041,2026-01,avg_duration_by_zone_hour,False
200,Riverdale/North Riverdale/Fieldston,8,49,39.861224489795916,40.583333333333336,40.583333333333336,69.17333333333333,0.3469387755102041,2026-01,avg_duration_by_zone_hour,False
119,Highbridge,10,49,36.18299319727891,31.483333333333334,31.483333333333334,71.92666666666668,0.3469387755102041,2026-01,avg_duration_by_zone_hour,False
191,Queens Village,22,49,35.81904761904762,35.35,35.35,62.45666666666668,0.3469387755102041,2026-01,avg_duration_by_zone_hour,False
168,Mott Haven/Port Morris,19,98,22.734353741496598,16.891666666666666,16.891666666666666,40.52333333333333,0.3469387755102041,2026-01,avg_duration_by_zone_hour,False
140,Lenox Hill East,3,196,11.42908163265306,10.075,10.075,20.0,0.3469387755102041,2026-01,avg_duration_by_zone_hour,False
224,Stuy Town/Peter Cooper Village,10,542,15.136377613776137,13.875,13.875,26.38666666666667,0.34686346863468637,2026-01,avg_duration_by_zone_hour,False
25,Boerum Hill,17,248,29.433736559139785,25.3,25.3,56.20833333333334,0.3467741935483871,2026-01,avg_duration_by_zone_hour,False
45,Chinatown,15,496,23.430745967741935,19.775,19.775,42.3,0.3467741935483871,2026-01,avg_duration_by_zone_hour,False
224,Stuy Town/Peter Cooper Village,3,124,13.189381720430108,11.508333333333333,11.508333333333333,23.938333333333333,0.3467741935483871,2026-01,avg_duration_by_zone_hour,False
100,Garment District,7,1690,11.568520710059172,9.25,8.2,20.951666666666668,0.3467455621301775,2026-01,avg_duration_by_zone_hour,False
215,South Jamaica,10,75,41.86977777777778,38.65,38.65,81.86666666666669,0.3466666666666667,2026-01,avg_duration_by_zone_hour,False
83,Elmhurst/Maspeth,6,75,19.466444444444445,18.333333333333332,18.333333333333332,30.703333333333333,0.3466666666666667,2026-01,avg_duration_by_zone_hour,False
262,Yorkville East,2,150,11.856222222222222,10.691666666666666,10.691666666666666,20.666666666666664,0.3466666666666667,2026-01,avg_duration_by_zone_hour,False
35,Brownsville,18,101,35.145379537953794,31.2,31.2,65.35,0.3465346534653465,2026-01,avg_duration_by_zone_hour,False
17,Bedford,1,101,20.777062706270623,19.916666666666668,19.916666666666668,34.166666666666664,0.3465346534653465,2026-01,avg_duration_by_zone_hour,False
211,SoHo,12,1137,16.831427733802403,14.3,14.3,30.256666666666664,0.3465259454705365,2026-01,avg_duration_by_zone_hour,False
148,Lower East Side,3,2583,13.582442895857529,12.383333333333333,12.383333333333333,22.75,0.3464963221060782,2026-01,avg_duration_by_zone_hour,False
45,Chinatown,9,254,20.58326771653543,19.133333333333333,19.133333333333333,34.825,0.3464566929133858,2026-01,avg_duration_by_zone_hour,False
243,Washington Heights North,15,205,24.185772357723575,21.833333333333332,21.833333333333332,41.223333333333315,0.3463414634146341,2026-01,avg_duration_by_zone_hour,False
48,Clinton East,19,4618,13.978201241518695,11.8,11.533333333333333,25.42166666666667,0.34625378951927244,2026-01,avg_duration_by_zone_hour,False
247,West Concourse,14,78,35.03376068376068,26.975,26.975,67.02333333333331,0.34615384615384615,2026-01,avg_duration_by_zone_hour,False
215,South Jamaica,13,78,33.259188034188035,31.983333333333334,31.983333333333334,59.91333333333332,0.34615384615384615,2026-01,avg_duration_by_zone_hour,False
82,Elmhurst,19,156,20.882799145299145,18.299999999999997,18.299999999999997,35.675,0.34615384615384615,2026-01,avg_duration_by_zone_hour,False
125,Hudson Sq,6,130,15.441666666666666,12.991666666666667,12.991666666666667,25.39500000000001,0.34615384615384615,2026-01,avg_duration_by_zone_hour,False
141,Lenox Hill West,5,549,11.931329690346084,9.883333333333333,9.883333333333333,20.41333333333333,0.3460837887067395,2026-01,avg_duration_by_zone_hour,False
114,Greenwich Village South,18,2673,14.946103005362264,12.75,12.75,27.84666666666667,0.3460531238309016,2026-01,avg_duration_by_zone_hour,False
224,Stuy Town/Peter Cooper Village,15,367,17.14209809264305,14.483333333333333,14.483333333333333,29.67333333333336,0.3460490463215259,2026-01,avg_duration_by_zone_hour,False
87,Financial District North,12,951,19.67749737118822,17.166666666666668,17.166666666666668,32.86666666666667,0.3459516298633018,2026-01,avg_duration_by_zone_hour,False
148,Lower East Side,13,1136,18.734507042253522,16.34166666666667,16.34166666666667,32.09166666666667,0.3459507042253521,2026-01,avg_duration_by_zone_hour,False
107,Gramercy,17,4177,16.34688372835368,12.816666666666666,12.35,29.240000000000002,0.3459420636820685,2026-01,avg_duration_by_zone_hour,False
256,Williamsburg (South Side),12,159,23.482914046121593,20.983333333333334,20.983333333333334,39.92666666666667,0.34591194968553457,2026-01,avg_duration_by_zone_hour,False
113,Greenwich Village North,19,3322,13.93873168773831,11.658333333333333,10.883333333333333,25.95,0.34587597832630945,2026-01,avg_duration_by_zone_hour,False
35,Brownsville,17,107,36.88566978193146,30.716666666666665,30.716666666666665,70.64999999999999,0.34579439252336447,2026-01,avg_duration_by_zone_hour,False
148,Lower East Side,15,1368,18.99780701754386,16.075,16.075,33.63666666666666,0.34576023391812866,2026-01,avg_duration_by_zone_hour,False
249,West Village,17,3148,15.052816603134266,12.516666666666667,12.066666666666666,27.853333333333346,0.34561626429479037,2026-01,avg_duration_by_zone_hour,False
174,Norwood,12,55,43.53515151515152,37.68333333333333,37.68333333333333,82.16333333333333,0.34545454545454546,2026-01,avg_duration_by_zone_hour,False
71,East Flatbush/Farragut,5,110,35.51469696969697,29.391666666666666,29.391666666666666,76.07333333333334,0.34545454545454546,2026-01,avg_duration_by_zone_hour,False
71,East Flatbush/Farragut,19,55,28.528787878787877,23.633333333333333,23.633333333333333,50.163333333333334,0.34545454545454546,2026-01,avg_duration_by_zone_hour,False
165,Midwood,18,55,27.174242424242422,24.916666666666668,24.916666666666668,49.29666666666667,0.34545454545454546,2026-01,avg_duration_by_zone_hour,False
43,Central Park,17,4054,14.81642821904292,12.2,10.883333333333333,27.51166666666667,0.3453379378391712,2026-01,avg_duration_by_zone_hour,False
33,Brooklyn Heights,14,223,32.99985052316891,25.616666666666667,25.616666666666667,67.35333333333334,0.3452914798206278,2026-01,avg_duration_by_zone_hour,False
170,Murray Hill,3,475,12.282175438596493,10.916666666666666,10.916666666666666,22.380000000000003,0.3452631578947368,2026-01,avg_duration_by_zone_hour,False
10,Baisley Park,13,84,34.44583333333333,34.19166666666666,34.19166666666666,57.76166666666667,0.34523809523809523,2026-01,avg_duration_by_zone_hour,False
264,Unknown,22,113,15.410914454277286,14.4,14.4,27.403333333333332,0.34513274336283184,2026-01,avg_duration_by_zone_hour,False
125,Hudson Sq,3,313,12.688445154419595,10.333333333333334,10.333333333333334,23.456666666666667,0.3450479233226837,2026-01,avg_duration_by_zone_hour,False
249,West Village,5,371,12.948382749326147,9.8,9.8,25.1,0.3450134770889488,2026-01,avg_duration_by_zone_hour,False
225,Stuyvesant Heights,15,200,38.42791666666667,34.45,34.45,67.35166666666666,0.345,2026-01,avg_duration_by_zone_hour,False
170,Murray Hill,15,5487,17.32162383816293,13.633333333333333,12.825,32.79666666666669,0.34499726626571897,2026-01,avg_duration_by_zone_hour,False
61,Crown Heights North,18,316,31.30094936708861,26.71666666666667,26.71666666666667,57.650000000000006,0.3449367088607595,2026-01,avg_duration_by_zone_hour,False
182,Parkchester,13,58,50.18045977011494,45.78333333333333,45.78333333333333,88.91166666666669,0.3448275862068966,2026-01,avg_duration_by_zone_hour,False
10,Baisley Park,18,58,34.01954022988505,32.84166666666667,32.84166666666667,50.17333333333333,0.3448275862068966,2026-01,avg_duration_by_zone_hour,False
28,Briarwood/Jamaica Hills,14,87,30.984099616858238,25.133333333333333,25.133333333333333,57.960000000000015,0.3448275862068966,2026-01,avg_duration_by_zone_hour,False
217,South Williamsburg,10,58,29.335632183908046,25.025,25.025,53.360000000000014,0.3448275862068966,2026-01,avg_duration_by_zone_hour,False
61,Crown Heights North,4,116,27.16235632183908,23.766666666666666,23.766666666666666,49.80833333333334,0.3448275862068966,2026-01,avg_duration_by_zone_hour,False
129,Jackson Heights,17,232,21.049568965517242,18.641666666666666,18.641666666666666,39.165,0.3448275862068966,2026-01,avg_duration_by_zone_hour,False
13,Battery Park City,10,841,17.31173206500198,15.433333333333334,15.433333333333334,29.183333333333334,0.3448275862068966,2026-01,avg_duration_by_zone_hour,False
90,Flatiron,6,580,12.412586206896552,9.625,9.625,24.801666666666673,0.3448275862068966,2026-01,avg_duration_by_zone_hour,False
87,Financial District North,17,1689,21.99189855930531,18.0,18.0,36.81666666666667,0.34458259325044405,2026-01,avg_duration_by_zone_hour,False
166,Morningside Heights,0,415,15.01449799196787,13.216666666666667,13.216666666666667,28.120000000000005,0.344578313253012,2026-01,avg_duration_by_zone_hour,False
164,Midtown South,23,3330,13.383783783783784,11.908333333333333,11.908333333333333,23.501666666666665,0.34444444444444444,2026-01,avg_duration_by_zone_hour,False
50,Clinton West,3,241,14.754011065006916,13.733333333333333,13.733333333333333,26.216666666666665,0.34439834024896265,2026-01,avg_duration_by_zone_hour,False
261,World Trade Center,20,845,18.07025641025641,16.283333333333335,16.283333333333335,29.020000000000003,0.34437869822485206,2026-01,avg_duration_by_zone_hour,False
224,Stuy Town/Peter Cooper Village,19,604,14.748813465783664,13.475,13.475,24.151666666666674,0.3443708609271523,2026-01,avg_duration_by_zone_hour,False
52,Cobble Hill,10,61,23.962841530054646,21.183333333333334,21.183333333333334,42.93333333333333,0.3442622950819672,2026-01,avg_duration_by_zone_hour,False
232,Two Bridges/Seward Park,21,642,16.542938733125652,15.816666666666666,15.816666666666666,26.714999999999996,0.3442367601246106,2026-01,avg_duration_by_zone_hour,False
65,Downtown Brooklyn/MetroTech,13,215,25.353643410852712,20.966666666666665,20.966666666666665,44.32999999999999,0.34418604651162793,2026-01,avg_duration_by_zone_hour,False
61,Crown Heights North,21,218,25.41750764525994,23.833333333333332,23.833333333333332,43.61833333333334,0.3440366972477064,2026-01,avg_duration_by_zone_hour,False
218,Springfield Gardens North,8,125,47.947199999999995,45.55,45.55,95.10000000000002,0.344,2026-01,avg_duration_by_zone_hour,False
152,Manhattanville,14,250,23.060533333333332,20.166666666666668,20.166666666666668,40.985,0.344,2026-01,avg_duration_by_zone_hour,False
79,East Village,15,3021,15.461182831292065,12.633333333333333,12.233333333333333,27.85,0.343925852366766,2026-01,avg_duration_by_zone_hour,False
50,Clinton West,7,977,15.165916069600819,13.866666666666667,13.866666666666667,24.656666666666663,0.34390992835209827,2026-01,avg_duration_by_zone_hour,False
144,Little Italy/NoLiTa,8,474,15.20731364275668,13.941666666666666,13.941666666666666,26.381666666666668,0.3438818565400844,2026-01,avg_duration_by_zone_hour,False
237,Upper East Side South,10,7824,11.746378663940014,9.533333333333333,8.6,21.75,0.34381390593047034,2026-01,avg_duration_by_zone_hour,False
10,Baisley Park,5,64,43.98255208333333,41.16666666666667,41.16666666666667,85.61333333333334,0.34375,2026-01,avg_duration_by_zone_hour,False
134,Kew Gardens,10,32,33.32604166666667,27.608333333333334,27.608333333333334,67.85833333333333,0.34375,2026-01,avg_duration_by_zone_hour,False
202,Roosevelt Island,19,32,25.158854166666668,21.40833333333333,21.40833333333333,37.865000000000016,0.34375,2026-01,avg_duration_by_zone_hour,False
149,Madison,19,32,24.62708333333333,16.808333333333334,16.808333333333334,48.07500000000002,0.34375,2026-01,avg_duration_by_zone_hour,False
17,Bedford,3,64,19.805989583333332,20.433333333333334,20.433333333333334,30.916666666666668,0.34375,2026-01,avg_duration_by_zone_hour,False
157,Maspeth,20,32,17.2765625,15.441666666666666,15.441666666666666,27.606666666666673,0.34375,2026-01,avg_duration_by_zone_hour,False
152,Manhattanville,5,96,16.671180555555555,15.025,15.025,25.433333333333334,0.34375,2026-01,avg_duration_by_zone_hour,False
198,Ridgewood,21,64,16.004427083333333,14.908333333333333,14.908333333333333,26.19666666666667,0.34375,2026-01,avg_duration_by_zone_hour,False
107,Gramercy,23,3561,12.640564448188712,11.283333333333333,11.283333333333333,21.816666666666666,0.34372367312552654,2026-01,avg_duration_by_zone_hour,False
239,Upper West Side South,4,227,13.488105726872247,11.5,11.5,23.77,0.3436123348017621,2026-01,avg_duration_by_zone_hour,False
186,Penn Station/Madison Sq West,9,5005,14.528061938061937,12.25,11.35,26.55,0.3434565434565435,2026-01,avg_duration_by_zone_hour,False
79,East Village,16,3052,15.791841415465267,12.858333333333334,12.658333333333333,28.94666666666667,0.34338138925294887,2026-01,avg_duration_by_zone_hour,False
129,Jackson Heights,7,367,26.060036330608536,24.316666666666666,24.316666666666666,46.480000000000004,0.34332425068119893,2026-01,avg_duration_by_zone_hour,False
228,Sunset Park West,14,134,44.579975124378116,38.45,38.45,88.96166666666667,0.34328358208955223,2026-01,avg_duration_by_zone_hour,False
215,South Jamaica,11,67,34.56517412935324,32.95,32.95,64.03666666666666,0.34328358208955223,2026-01,avg_duration_by_zone_hour,False
193,Queensbridge/Ravenswood,7,134,25.695149253731344,21.441666666666666,21.441666666666666,47.433333333333344,0.34328358208955223,2026-01,avg_duration_by_zone_hour,False
198,Ridgewood,1,67,17.874378109452735,16.383333333333333,16.383333333333333,33.346666666666664,0.34328358208955223,2026-01,avg_duration_by_zone_hour,False
249,West Village,14,2632,14.101127152988854,11.583333333333334,11.475,25.866666666666667,0.34308510638297873,2026-01,avg_duration_by_zone_hour,False
229,Sutton Place/Turtle Bay North,20,3352,12.621877486077963,10.841666666666667,10.558333333333334,22.366666666666667,0.34307875894988066,2026-01,avg_duration_by_zone_hour,False
209,Seaport,13,312,21.96885683760684,18.141666666666666,18.141666666666666,38.12833333333336,0.34294871794871795,2026-01,avg_duration_by_zone_hour,False
70,East Elmhurst,9,347,34.11820365033621,31.766666666666666,31.766666666666666,54.30666666666667,0.34293948126801155,2026-01,avg_duration_by_zone_hour,False
227,Sunset Park East,17,35,40.72666666666667,36.15,36.15,71.62333333333333,0.34285714285714286,2026-01,avg_duration_by_zone_hour,False
85,Erasmus,7,140,38.765119047619045,35.86666666666667,35.86666666666667,65.7916666666667,0.34285714285714286,2026-01,avg_duration_by_zone_hour,False
26,Borough Park,16,70,37.91309523809524,25.875,25.875,83.465,0.34285714285714286,2026-01,avg_duration_by_zone_hour,False
254,Williamsbridge/Olinville,19,35,36.589999999999996,35.93333333333333,35.93333333333333,71.96333333333334,0.34285714285714286,2026-01,avg_duration_by_zone_hour,False
159,Melrose South,12,70,35.94904761904762,27.808333333333334,27.808333333333334,70.29000000000002,0.34285714285714286,2026-01,avg_duration_by_zone_hour,False
40,Carroll Gardens,10,70,27.267380952380954,23.633333333333333,23.633333333333333,51.26833333333334,0.34285714285714286,2026-01,avg_duration_by_zone_hour,False
223,Steinway,17,175,24.641142857142857,22.45,22.45,41.68666666666666,0.34285714285714286,2026-01,avg_duration_by_zone_hour,False
258,Woodhaven,18,35,20.997619047619047,15.533333333333333,15.533333333333333,48.190000000000005,0.34285714285714286,2026-01,avg_duration_by_zone_hour,False
83,Elmhurst/Maspeth,22,35,18.975238095238094,15.483333333333333,15.483333333333333,29.206666666666667,0.34285714285714286,2026-01,avg_duration_by_zone_hour,False
209,Seaport,18,493,18.504293441514537,17.0,17.0,30.073333333333334,0.34279918864097364,2026-01,avg_duration_by_zone_hour,False
237,Upper East Side South,9,7031,11.389721708623714,9.216666666666667,8.366666666666667,21.333333333333332,0.3427677428530792,2026-01,avg_duration_by_zone_hour,False
130,Jamaica,0,283,17.241460541813897,15.716666666666667,15.716666666666667,28.07,0.34275618374558303,2026-01,avg_duration_by_zone_hour,False
188,Prospect-Lefferts Gardens,17,178,32.68455056179776,27.883333333333333,27.883333333333333,56.81500000000002,0.34269662921348315,2026-01,avg_duration_by_zone_hour,False
198,Ridgewood,7,143,26.94219114219114,25.016666666666666,25.016666666666666,43.36,0.34265734265734266,2026-01,avg_duration_by_zone_hour,False
87,Financial District North,10,718,18.392177344475396,16.266666666666666,16.266666666666666,30.98166666666667,0.3426183844011142,2026-01,avg_duration_by_zone_hour,False
4,Alphabet City,11,540,17.35061728395062,14.983333333333334,14.983333333333334,31.063333333333347,0.3425925925925926,2026-01,avg_duration_by_zone_hour,False
107,Gramercy,14,3366,16.585695187165776,12.716666666666667,12.033333333333333,30.525,0.3425430778371955,2026-01,avg_duration_by_zone_hour,False
140,Lenox Hill East,19,4692,14.57822534811026,12.366666666666667,12.3,26.2,0.3424978687127025,2026-01,avg_duration_by_zone_hour,False
225,Stuyvesant Heights,13,219,38.694216133942156,35.68333333333333,35.68333333333333,67.82333333333335,0.3424657534246575,2026-01,avg_duration_by_zone_hour,False
157,Maspeth,4,73,15.376940639269407,15.116666666666667,15.116666666666667,25.13333333333333,0.3424657534246575,2026-01,avg_duration_by_zone_hour,False
259,Woodlawn/Wakefield,6,111,57.409909909909906,54.81666666666667,54.81666666666667,92.45,0.34234234234234234,2026-01,avg_duration_by_zone_hour,False
10,Baisley Park,15,111,38.66951951951952,37.0,37.0,71.9,0.34234234234234234,2026-01,avg_duration_by_zone_hour,False
250,Westchester Village/Unionport,7,111,38.14369369369369,35.03333333333333,35.03333333333333,67.91666666666667,0.34234234234234234,2026-01,avg_duration_by_zone_hour,False
4,Alphabet City,4,409,13.853015484922576,12.316666666666666,12.316666666666666,22.959999999999997,0.3422982885085575,2026-01,avg_duration_by_zone_hour,False
256,Williamsburg (South Side),15,187,26.250534759358292,22.766666666666666,22.766666666666666,45.34666666666667,0.3422459893048128,2026-01,avg_duration_by_zone_hour,False
185,Pelham Parkway,9,38,52.16271929824561,46.53333333333333,46.53333333333333,91.79500000000012,0.34210526315789475,2026-01,avg_duration_by_zone_hour,False
241,Van Cortlandt Village,13,38,41.242543859649125,30.608333333333334,30.608333333333334,94.2016666666667,0.34210526315789475,2026-01,avg_duration_by_zone_hour,False
130,Jamaica,15,228,33.755190058479535,25.7,25.7,67.84000000000005,0.34210526315789475,2026-01,avg_duration_by_zone_hour,False
63,Cypress Hills,9,114,31.754093567251463,27.133333333333333,27.133333333333333,60.373333333333335,0.34210526315789475,2026-01,avg_duration_by_zone_hour,False
250,Westchester Village/Unionport,17,38,31.23815789473684,27.200000000000003,27.200000000000003,52.14000000000004,0.34210526315789475,2026-01,avg_duration_by_zone_hour,False
95,Forest Hills,5,38,27.29385964912281,23.883333333333333,23.883333333333333,39.90166666666667,0.34210526315789475,2026-01,avg_duration_by_zone_hour,False
63,Cypress Hills,17,38,24.988596491228073,21.05,21.05,41.01500000000001,0.34210526315789475,2026-01,avg_duration_by_zone_hour,False
91,Flatlands,23,38,19.38157894736842,16.1,16.1,33.97000000000002,0.34210526315789475,2026-01,avg_duration_by_zone_hour,False
247,West Concourse,22,38,14.14956140350877,11.733333333333334,11.733333333333334,22.64000000000002,0.34210526315789475,2026-01,avg_duration_by_zone_hour,False
211,SoHo,18,2325,16.37794265232975,13.916666666666666,13.916666666666666,29.479999999999997,0.3419354838709677,2026-01,avg_duration_by_zone_hour,False
211,SoHo,9,544,15.948958333333334,13.941666666666666,13.941666666666666,29.0,0.34191176470588236,2026-01,avg_duration_by_zone_hour,False
230,Times Sq/Theatre District,7,1556,16.51849828620394,10.925,10.925,35.333333333333336,0.34190231362467866,2026-01,avg_duration_by_zone_hour,False
140,Lenox Hill East,4,196,12.025935374149661,11.316666666666666,11.316666666666666,20.883333333333333,0.34183673469387754,2026-01,avg_duration_by_zone_hour,False
210,Sheepshead Bay,10,79,52.87362869198312,50.516666666666666,50.516666666666666,102.61666666666667,0.34177215189873417,2026-01,avg_duration_by_zone_hour,False
45,Chinatown,11,316,23.084757383966245,20.166666666666664,20.166666666666664,41.21666666666667,0.34177215189873417,2026-01,avg_duration_by_zone_hour,False
198,Ridgewood,6,120,25.616527777777776,23.025,23.025,47.845000000000006,0.3416666666666667,2026-01,avg_duration_by_zone_hour,False
238,Upper West Side North,16,4447,13.650018739224945,10.666666666666666,9.216666666666667,26.55666666666667,0.34157859230942206,2026-01,avg_duration_by_zone_hour,False
48,Clinton East,18,5162,14.372371819708123,12.058333333333334,12.058333333333334,26.14333333333337,0.3415342890352577,2026-01,avg_duration_by_zone_hour,False
211,SoHo,16,1956,17.434773346966598,14.558333333333334,14.558333333333334,31.008333333333333,0.34151329243353784,2026-01,avg_duration_by_zone_hour,False
219,Springfield Gardens South,16,41,37.59837398373983,36.31666666666667,36.31666666666667,67.51666666666667,0.34146341463414637,2026-01,avg_duration_by_zone_hour,False
179,Old Astoria,11,164,25.24258130081301,21.958333333333332,21.958333333333332,46.34000000000001,0.34146341463414637,2026-01,avg_duration_by_zone_hour,False
254,Williamsbridge/Olinville,23,41,18.184146341463414,14.783333333333333,14.783333333333333,33.86666666666667,0.34146341463414637,2026-01,avg_duration_by_zone_hour,False
224,Stuy Town/Peter Cooper Village,18,656,15.663973577235774,14.325,14.325,25.3,0.34146341463414637,2026-01,avg_duration_by_zone_hour,False
143,Lincoln Square West,4,123,13.591056910569106,10.75,10.75,25.786666666666665,0.34146341463414637,2026-01,avg_duration_by_zone_hour,False
238,Upper West Side North,8,3998,15.837239453059864,13.5,13.5,29.555000000000003,0.34142071035517757,2026-01,avg_duration_by_zone_hour,False
163,Midtown North,11,4051,14.577046819715298,11.933333333333334,11.5,26.7,0.3413971858800296,2026-01,avg_duration_by_zone_hour,False
35,Brownsville,9,249,39.926305220883535,35.35,35.35,77.58000000000001,0.3413654618473896,2026-01,avg_duration_by_zone_hour,False
158,Meatpacking/West Village West,3,712,13.18071161048689,11.783333333333333,11.783333333333333,23.951666666666657,0.34129213483146065,2026-01,avg_duration_by_zone_hour,False
62,Crown Heights South,6,126,36.35992063492064,30.666666666666664,30.666666666666664,70.81666666666666,0.3412698412698413,2026-01,avg_duration_by_zone_hour,False
51,Co-Op City,10,85,53.12196078431373,51.15,51.15,83.33666666666666,0.3411764705882353,2026-01,avg_duration_by_zone_hour,False
250,Westchester Village/Unionport,8,85,38.30392156862745,33.3,33.3,68.76666666666671,0.3411764705882353,2026-01,avg_duration_by_zone_hour,False
159,Melrose South,15,85,38.270196078431375,27.75,27.75,83.43666666666667,0.3411764705882353,2026-01,avg_duration_by_zone_hour,False
162,Midtown East,10,4790,15.236068197633958,13.533333333333333,13.0,26.4,0.34112734864300626,2026-01,avg_duration_by_zone_hour,False
186,Penn Station/Madison Sq West,11,6110,17.586503000545555,15.183333333333334,15.183333333333334,30.985000000000007,0.34108019639934534,2026-01,avg_duration_by_zone_hour,False
18,Bedford Park,15,44,70.70265151515152,63.09166666666667,63.09166666666667,127.07,0.3409090909090909,2026-01,avg_duration_by_zone_hour,False
220,Spuyten Duyvil/Kingsbridge,12,44,40.15075757575758,29.1,29.1,83.26333333333334,0.3409090909090909,2026-01,avg_duration_by_zone_hour,False
227,Sunset Park East,11,44,37.086363636363636,35.349999999999994,35.349999999999994,58.70333333333333,0.3409090909090909,2026-01,avg_duration_by_zone_hour,False
155,Marine Park/Mill Basin,16,44,33.492045454545455,25.8,25.8,67.86333333333336,0.3409090909090909,2026-01,avg_duration_by_zone_hour,False
95,Forest Hills,11,88,33.21325757575758,32.44166666666666,32.44166666666666,62.25,0.3409090909090909,2026-01,avg_duration_by_zone_hour,False
77,East New York/Pennsylvania Avenue,18,44,31.46590909090909,26.116666666666667,26.116666666666667,60.61333333333334,0.3409090909090909,2026-01,avg_duration_by_zone_hour,False
123,Homecrest,15,44,28.23560606060606,22.108333333333334,22.108333333333334,56.02166666666667,0.3409090909090909,2026-01,avg_duration_by_zone_hour,False
255,Williamsburg (North Side),13,176,25.70445075757576,22.09166666666667,22.09166666666667,45.70833333333333,0.3409090909090909,2026-01,avg_duration_by_zone_hour,False
12,Battery Park,13,88,20.181439393939396,18.6,18.6,30.834999999999997,0.3409090909090909,2026-01,avg_duration_by_zone_hour,False
162,Midtown East,9,4496,14.106294483985765,12.383333333333333,10.983333333333333,24.475,0.3407473309608541,2026-01,avg_duration_by_zone_hour,False
144,Little Italy/NoLiTa,5,135,13.86753086419753,12.766666666666667,12.766666666666667,23.41,0.34074074074074073,2026-01,avg_duration_by_zone_hour,False
232,Two Bridges/Seward Park,13,499,20.856513026052102,16.616666666666667,16.616666666666667,35.61,0.3406813627254509,2026-01,avg_duration_by_zone_hour,False
142,Lincoln Square East,8,3728,13.16281294706724,10.975,10.55,23.666666666666668,0.3406652360515021,2026-01,avg_duration_by_zone_hour,False
91,Flatlands,17,91,33.21575091575092,27.183333333333334,27.183333333333334,74.08333333333333,0.34065934065934067,2026-01,avg_duration_by_zone_hour,False
132,JFK Airport,9,3871,39.083819857056746,35.31666666666667,35.31666666666667,69.1,0.3404804959958667,2026-01,avg_duration_by_zone_hour,False
242,Van Nest/Morris Park,17,47,41.102127659574464,29.533333333333335,29.533333333333335,94.05333333333333,0.3404255319148936,2026-01,avg_duration_by_zone_hour,False
89,Flatbush/Ditmas Park,17,188,37.194148936170215,32.44166666666666,32.44166666666666,72.2766666666667,0.3404255319148936,2026-01,avg_duration_by_zone_hour,False
18,Bedford Park,6,94,36.03439716312057,31.0,31.0,68.15333333333335,0.3404255319148936,2026-01,avg_duration_by_zone_hour,False
61,Crown Heights North,0,188,24.485904255319152,23.666666666666664,23.666666666666664,39.215,0.3404255319148936,2026-01,avg_duration_by_zone_hour,False
168,Mott Haven/Port Morris,6,141,23.424822695035463,18.183333333333334,18.183333333333334,42.666666666666664,0.3404255319148936,2026-01,avg_duration_by_zone_hour,False
56,Corona,22,47,22.275886524822695,17.15,17.15,54.843333333333334,0.3404255319148936,2026-01,avg_duration_by_zone_hour,False
66,DUMBO/Vinegar Hill,10,94,20.49290780141844,18.175,18.175,31.760000000000005,0.3404255319148936,2026-01,avg_duration_by_zone_hour,False
35,Brownsville,23,47,16.496099290780144,14.466666666666667,14.466666666666667,29.889999999999997,0.3404255319148936,2026-01,avg_duration_by_zone_hour,False
249,West Village,8,1745,14.054011461318051,12.333333333333334,12.333333333333334,24.970000000000006,0.34040114613180517,2026-01,avg_duration_by_zone_hour,False
237,Upper East Side South,8,6071,11.071901938176028,8.933333333333334,7.816666666666666,20.766666666666666,0.34030637456761653,2026-01,avg_duration_by_zone_hour,False
228,Sunset Park West,8,97,32.8852233676976,32.3,32.3,56.17000000000001,0.3402061855670103,2026-01,avg_duration_by_zone_hour,False
80,East Williamsburg,18,291,25.847021764032075,23.433333333333334,23.433333333333334,43.0,0.3402061855670103,2026-01,avg_duration_by_zone_hour,False
151,Manhattan Valley,7,1341,16.144444444444446,14.416666666666666,14.416666666666666,28.666666666666668,0.3400447427293065,2026-01,avg_duration_by_zone_hour,False
262,Yorkville East,10,3747,13.364820745485277,11.866666666666667,11.233333333333333,23.456666666666667,0.34000533760341606,2026-01,avg_duration_by_zone_hour,False
86,Far Rockaway,9,100,74.3785,69.4,69.4,122.97666666666667,0.34,2026-01,avg_duration_by_zone_hour,False
37,Bushwick South,17,250,36.8752,33.141666666666666,33.141666666666666,68.35,0.34,2026-01,avg_duration_by_zone_hour,False
127,Inwood,10,100,28.5565,24.666666666666664,24.666666666666664,49.54333333333336,0.34,2026-01,avg_duration_by_zone_hour,False
145,Long Island City/Hunters Point,10,250,22.28066666666667,19.791666666666664,19.791666666666664,41.074999999999996,0.34,2026-01,avg_duration_by_zone_hour,False
76,East New York,1,50,18.68466666666667,16.90833333333333,16.90833333333333,28.470000000000002,0.34,2026-01,avg_duration_by_zone_hour,False
196,Rego Park,22,50,12.95,11.991666666666667,11.991666666666667,22.048333333333336,0.34,2026-01,avg_duration_by_zone_hour,False
113,Greenwich Village North,5,200,11.566749999999999,9.358333333333334,9.358333333333334,22.973333333333333,0.34,2026-01,avg_duration_by_zone_hour,False
151,Manhattan Valley,18,2171,13.785045294027329,11.833333333333334,11.833333333333334,25.583333333333332,0.33993551358820817,2026-01,avg_duration_by_zone_hour,False
230,Times Sq/Theatre District,8,2510,16.73386454183267,12.841666666666667,11.85,32.468333333333334,0.3398406374501992,2026-01,avg_duration_by_zone_hour,False
224,Stuy Town/Peter Cooper Village,11,518,15.95965250965251,13.8,13.8,25.828333333333337,0.33976833976833976,2026-01,avg_duration_by_zone_hour,False
45,Chinatown,8,209,18.27639553429027,16.366666666666667,16.366666666666667,30.39666666666668,0.3397129186602871,2026-01,avg_duration_by_zone_hour,False
117,Hammels/Arverne,6,106,66.70833333333333,63.266666666666666,63.266666666666666,119.675,0.33962264150943394,2026-01,avg_duration_by_zone_hour,False
121,Hillcrest/Pomonok,14,53,37.687106918238996,32.43333333333333,32.43333333333333,71.81333333333336,0.33962264150943394,2026-01,avg_duration_by_zone_hour,False
40,Carroll Gardens,13,53,24.676729559748427,22.283333333333335,22.283333333333335,40.21666666666667,0.33962264150943394,2026-01,avg_duration_by_zone_hour,False
224,Stuy Town/Peter Cooper Village,22,427,14.508665105386417,13.166666666666666,13.166666666666666,23.086666666666673,0.3395784543325527,2026-01,avg_duration_by_zone_hour,False
143,Lincoln Square West,17,3204,14.18382230545152,11.55,10.433333333333334,25.86166666666667,0.33957553058676654,2026-01,avg_duration_by_zone_hour,False
41,Central Harlem,1,321,15.239563862928348,13.116666666666667,13.116666666666667,26.883333333333333,0.3395638629283489,2026-01,avg_duration_by_zone_hour,False
244,Washington Heights South,8,707,24.136115040075435,21.866666666666667,21.866666666666667,41.23,0.33946251768033947,2026-01,avg_duration_by_zone_hour,False
89,Flatbush/Ditmas Park,20,109,27.264525993883794,26.283333333333335,26.283333333333335,44.63000000000001,0.3394495412844037,2026-01,avg_duration_by_zone_hour,False
36,Bushwick North,19,218,26.3045871559633,25.43333333333333,25.43333333333333,40.51833333333334,0.3394495412844037,2026-01,avg_duration_by_zone_hour,False
238,Upper West Side North,11,4307,13.510177230864485,10.933333333333334,9.033333333333333,25.653333333333336,0.3394474111910843,2026-01,avg_duration_by_zone_hour,False
249,West Village,18,4048,14.658687417654809,12.4,12.2,26.905,0.3394268774703557,2026-01,avg_duration_by_zone_hour,False
48,Clinton East,17,4597,15.515205568849249,12.283333333333333,11.258333333333333,28.376666666666704,0.3393517511420492,2026-01,avg_duration_by_zone_hour,False
65,Downtown Brooklyn/MetroTech,19,277,21.861793020457277,19.666666666666668,19.666666666666668,34.61333333333334,0.33935018050541516,2026-01,avg_duration_by_zone_hour,False
141,Lenox Hill West,21,3893,11.551198732768217,9.95,9.95,21.333333333333332,0.3393269971744156,2026-01,avg_duration_by_zone_hour,False
233,UN/Turtle Bay South,2,224,11.330505952380951,10.5,10.5,20.21166666666667,0.3392857142857143,2026-01,avg_duration_by_zone_hour,False
141,Lenox Hill West,4,395,11.721392405063291,10.966666666666667,10.966666666666667,20.070000000000004,0.3392405063291139,2026-01,avg_duration_by_zone_hour,False
144,Little Italy/NoLiTa,6,171,14.68440545808967,13.65,13.65,24.45,0.3391812865497076,2026-01,avg_duration_by_zone_hour,False
162,Midtown East,7,2748,11.30577389616691,9.425,8.6,20.388333333333335,0.33915574963609896,2026-01,avg_duration_by_zone_hour,False
193,Queensbridge/Ravenswood,16,115,23.695217391304347,21.133333333333333,21.133333333333333,43.16000000000001,0.3391304347826087,2026-01,avg_duration_by_zone_hour,False
179,Old Astoria,20,115,21.46463768115942,20.166666666666668,20.166666666666668,37.04333333333334,0.3391304347826087,2026-01,avg_duration_by_zone_hour,False
170,Murray Hill,23,2864,12.78653398510242,11.508333333333333,11.0,21.19000000000001,0.339036312849162,2026-01,avg_duration_by_zone_hour,False
85,Erasmus,17,59,46.95819209039548,42.833333333333336,42.833333333333336,85.36666666666666,0.3389830508474576,2026-01,avg_duration_by_zone_hour,False
177,Ocean Hill,14,118,38.33262711864407,33.733333333333334,33.733333333333334,68.41499999999999,0.3389830508474576,2026-01,avg_duration_by_zone_hour,False
145,Long Island City/Hunters Point,18,531,23.27134337727558,20.35,20.35,39.31666666666667,0.3389830508474576,2026-01,avg_duration_by_zone_hour,False
243,Washington Heights North,8,360,32.47837962962963,29.683333333333334,29.683333333333334,55.72333333333337,0.3388888888888889,2026-01,avg_duration_by_zone_hour,False
164,Midtown South,16,3916,16.75142577459993,13.516666666666667,12.916666666666668,29.95,0.3388661899897855,2026-01,avg_duration_by_zone_hour,False
229,Sutton Place/Turtle Bay North,8,3241,14.049825156844594,12.466666666666667,11.575,24.35,0.33878432582536255,2026-01,avg_duration_by_zone_hour,False
263,Yorkville West,19,4490,13.14002227171492,10.7,9.916666666666666,25.701666666666664,0.33875278396436526,2026-01,avg_duration_by_zone_hour,False
182,Parkchester,14,62,54.03010752688172,53.11666666666667,53.11666666666667,92.86999999999999,0.3387096774193548,2026-01,avg_duration_by_zone_hour,False
89,Flatbush/Ditmas Park,4,62,33.83870967741935,25.35,25.35,71.905,0.3387096774193548,2026-01,avg_duration_by_zone_hour,False
227,Sunset Park East,8,62,33.711559139784946,30.625,30.625,59.60499999999999,0.3387096774193548,2026-01,avg_duration_by_zone_hour,False
33,Brooklyn Heights,17,375,29.58671111111111,23.366666666666667,23.366666666666667,58.156666666666766,0.33866666666666667,2026-01,avg_duration_by_zone_hour,False
226,Sunnyside,22,251,17.786387782204514,16.6,16.6,31.316666666666666,0.3386454183266932,2026-01,avg_duration_by_zone_hour,False
4,Alphabet City,10,629,16.682458929517754,14.133333333333333,14.133333333333333,28.703333333333333,0.3386327503974563,2026-01,avg_duration_by_zone_hour,False
97,Fort Greene,18,319,23.95621734587252,20.283333333333335,20.283333333333335,44.02666666666666,0.3385579937304075,2026-01,avg_duration_by_zone_hour,False
141,Lenox Hill West,8,4177,13.728365653180113,12.0,11.45,24.39666666666667,0.338520469236294,2026-01,avg_duration_by_zone_hour,False
85,Erasmus,5,65,34.68025641025641,30.25,30.25,64.02333333333334,0.3384615384615385,2026-01,avg_duration_by_zone_hour,False
168,Mott Haven/Port Morris,9,133,30.241353383458645,26.333333333333332,26.333333333333332,56.56333333333333,0.3383458646616541,2026-01,avg_duration_by_zone_hour,False
162,Midtown East,11,5415,15.428147122191444,13.483333333333333,13.383333333333333,26.616666666666667,0.3383194829178209,2026-01,avg_duration_by_zone_hour,False
239,Upper West Side South,2,402,12.826907131011609,10.791666666666668,10.791666666666668,22.87666666666667,0.3383084577114428,2026-01,avg_duration_by_zone_hour,False
232,Two Bridges/Seward Park,19,671,18.3200695479384,16.566666666666666,16.566666666666666,29.733333333333334,0.338301043219076,2026-01,avg_duration_by_zone_hour,False
254,Williamsbridge/Olinville,13,68,52.92916666666667,45.85,45.85,101.24000000000002,0.3382352941176471,2026-01,avg_duration_by_zone_hour,False
26,Borough Park,18,68,33.619362745098044,29.65,29.65,59.945,0.3382352941176471,2026-01,avg_duration_by_zone_hour,False
243,Washington Heights North,4,68,15.779166666666667,13.683333333333334,13.683333333333334,24.48333333333334,0.3382352941176471,2026-01,avg_duration_by_zone_hour,False
140,Lenox Hill East,2,272,10.98970588235294,10.041666666666668,10.041666666666668,20.165000000000003,0.3382352941176471,2026-01,avg_duration_by_zone_hour,False
162,Midtown East,13,5496,15.949663391557497,13.616666666666667,13.25,28.766666666666666,0.3380640465793304,2026-01,avg_duration_by_zone_hour,False
205,Saint Albans,10,71,47.202816901408454,48.266666666666666,48.266666666666666,84.45,0.3380281690140845,2026-01,avg_duration_by_zone_hour,False
144,Little Italy/NoLiTa,12,1281,17.067004944054123,14.65,14.65,30.816666666666666,0.33801717408274784,2026-01,avg_duration_by_zone_hour,False
170,Murray Hill,8,3352,13.287733691328558,11.2,11.2,23.583333333333332,0.3380071599045346,2026-01,avg_duration_by_zone_hour,False
129,Jackson Heights,12,145,23.22528735632184,21.733333333333334,21.733333333333334,40.57999999999999,0.33793103448275863,2026-01,avg_duration_by_zone_hour,False
45,Chinatown,21,601,16.401414309484192,15.233333333333333,15.233333333333333,28.0,0.33777038269550747,2026-01,avg_duration_by_zone_hour,False
225,Stuyvesant Heights,7,311,36.71436227224008,33.266666666666666,33.266666666666666,61.96666666666667,0.33762057877813506,2026-01,avg_duration_by_zone_hour,False
113,Greenwich Village North,22,3146,14.25541958041958,12.0,11.433333333333334,25.933333333333334,0.3375715193897012,2026-01,avg_duration_by_zone_hour,False
224,Stuy Town/Peter Cooper Village,7,483,15.480262249827467,13.283333333333333,13.283333333333333,24.88666666666667,0.33747412008281574,2026-01,avg_duration_by_zone_hour,False
238,Upper West Side North,1,483,12.689095928226362,10.8,10.8,23.273333333333337,0.33747412008281574,2026-01,avg_duration_by_zone_hour,False
66,DUMBO/Vinegar Hill,12,166,20.054618473895584,18.15,18.15,31.058333333333334,0.3373493975903614,2026-01,avg_duration_by_zone_hour,False
229,Sutton Place/Turtle Bay North,19,3694,13.57270799494676,11.875,11.8,24.46166666666667,0.33730373578776396,2026-01,avg_duration_by_zone_hour,False
162,Midtown East,14,5897,16.699284947148268,14.05,14.05,29.99000000000001,0.3372901475326437,2026-01,avg_duration_by_zone_hour,False
230,Times Sq/Theatre District,9,3202,17.219685613158443,13.808333333333334,11.966666666666667,31.848333333333336,0.3372891942535915,2026-01,avg_duration_by_zone_hour,False
229,Sutton Place/Turtle Bay North,18,4569,14.438141095790472,12.8,12.033333333333333,25.399999999999984,0.3372729262420661,2026-01,avg_duration_by_zone_hour,False
165,Midwood,11,86,38.362015503875966,35.641666666666666,35.641666666666666,62.358333333333334,0.3372093023255814,2026-01,avg_duration_by_zone_hour,False
237,Upper East Side South,7,3918,10.67270290964778,8.783333333333333,7.683333333333334,19.488333333333337,0.33716181725370087,2026-01,avg_duration_by_zone_hour,False
226,Sunnyside,10,264,22.47689393939394,20.641666666666666,20.641666666666666,35.785000000000004,0.3371212121212121,2026-01,avg_duration_by_zone_hour,False
232,Two Bridges/Seward Park,12,528,20.28734217171717,16.941666666666666,16.941666666666666,33.49333333333334,0.3371212121212121,2026-01,avg_duration_by_zone_hour,False
45,Chinatown,2,181,15.048434622467774,14.05,14.05,25.083333333333332,0.3370165745856354,2026-01,avg_duration_by_zone_hour,False
216,South Ozone Park,0,92,16.33713768115942,15.291666666666668,15.291666666666668,31.89833333333334,0.33695652173913043,2026-01,avg_duration_by_zone_hour,False
4,Alphabet City,15,463,20.37167026637869,16.783333333333335,16.783333333333335,35.22333333333334,0.3369330453563715,2026-01,avg_duration_by_zone_hour,False
4,Alphabet City,17,564,19.18684988179669,16.575,16.575,32.846666666666664,0.33687943262411346,2026-01,avg_duration_by_zone_hour,False
209,Seaport,16,383,26.127719756309833,18.7,18.7,54.89333333333334,0.3368146214099217,2026-01,avg_duration_by_zone_hour,False
223,Steinway,18,199,21.532328308207706,19.716666666666665,19.716666666666665,35.62333333333334,0.33668341708542715,2026-01,avg_duration_by_zone_hour,False
244,Washington Heights South,14,505,26.546864686468645,22.5,22.5,45.366666666666674,0.33663366336633666,2026-01,avg_duration_by_zone_hour,False
107,Gramercy,7,1922,12.402436697884148,10.566666666666666,10.566666666666666,22.863333333333337,0.33662851196670135,2026-01,avg_duration_by_zone_hour,False
244,Washington Heights South,17,517,25.13407479045777,21.983333333333334,21.983333333333334,42.00333333333334,0.3365570599613153,2026-01,avg_duration_by_zone_hour,False
198,Ridgewood,9,104,25.948076923076922,23.991666666666667,23.991666666666667,45.733333333333334,0.33653846153846156,2026-01,avg_duration_by_zone_hour,False
170,Murray Hill,14,5304,16.80446204122675,13.733333333333333,13.333333333333334,30.76333333333332,0.33634992458521873,2026-01,avg_duration_by_zone_hour,False
142,Lincoln Square East,11,4760,12.979390756302521,10.7,10.641666666666666,23.933333333333334,0.3363445378151261,2026-01,avg_duration_by_zone_hour,False
87,Financial District North,13,1011,20.256330365974286,17.516666666666666,17.516666666666666,32.95,0.3363006923837784,2026-01,avg_duration_by_zone_hour,False
195,Red Hook,7,113,27.777433628318583,25.116666666666667,25.116666666666667,43.486666666666665,0.336283185840708,2026-01,avg_duration_by_zone_hour,False
261,World Trade Center,6,113,17.442920353982302,14.45,14.45,32.029999999999994,0.336283185840708,2026-01,avg_duration_by_zone_hour,False
125,Hudson Sq,2,345,12.70855072463768,11.216666666666667,11.216666666666667,22.106666666666676,0.336231884057971,2026-01,avg_duration_by_zone_hour,False
143,Lincoln Square West,18,3134,13.761034886194427,11.783333333333335,11.783333333333335,25.406666666666677,0.33599234205488193,2026-01,avg_duration_by_zone_hour,False
37,Bushwick South,11,256,31.628385416666667,28.333333333333332,28.333333333333332,58.425,0.3359375,2026-01,avg_duration_by_zone_hour,False
116,Hamilton Heights,21,259,19.104504504504504,17.733333333333334,17.733333333333334,32.80666666666667,0.3359073359073359,2026-01,avg_duration_by_zone_hour,False
107,Gramercy,16,3763,17.379989370183363,12.983333333333333,12.433333333333334,30.49666666666667,0.3359022056869519,2026-01,avg_duration_by_zone_hour,False
254,Williamsbridge/Olinville,6,134,50.667412935323384,46.400000000000006,46.400000000000006,90.92666666666668,0.3358208955223881,2026-01,avg_duration_by_zone_hour,False
43,Central Park,16,4169,15.89152474614216,13.3,13.3,28.57333333333334,0.335811945310626,2026-01,avg_duration_by_zone_hour,False
256,Williamsburg (South Side),20,417,20.868465227817744,19.5,19.5,32.94333333333334,0.33573141486810554,2026-01,avg_duration_by_zone_hour,False
75,East Harlem South,3,140,13.774047619047618,12.4,12.4,23.608333333333338,0.3357142857142857,2026-01,avg_duration_by_zone_hour,False
262,Yorkville East,18,3960,14.760593434343434,12.925,12.533333333333333,26.969999999999995,0.33560606060606063,2026-01,avg_duration_by_zone_hour,False
209,Seaport,12,298,23.080872483221476,17.608333333333334,17.608333333333334,43.995000000000026,0.33557046979865773,2026-01,avg_duration_by_zone_hour,False
25,Boerum Hill,13,152,34.699342105263156,28.833333333333336,28.833333333333336,56.98000000000002,0.3355263157894737,2026-01,avg_duration_by_zone_hour,False
211,SoHo,15,1842,17.36731813246471,14.391666666666666,14.391666666666666,30.998333333333335,0.3355048859934853,2026-01,avg_duration_by_zone_hour,False
116,Hamilton Heights,20,310,20.909569892473115,19.041666666666668,19.041666666666668,33.02333333333333,0.33548387096774196,2026-01,avg_duration_by_zone_hour,False
163,Midtown North,14,5199,15.598906841059177,12.533333333333333,12.116666666666667,28.733333333333317,0.3354491248316984,2026-01,avg_duration_by_zone_hour,False
152,Manhattanville,7,325,20.865333333333336,18.633333333333333,18.633333333333333,33.96000000000001,0.3353846153846154,2026-01,avg_duration_by_zone_hour,False
244,Washington Heights South,16,489,25.99642126789366,22.166666666666668,22.166666666666668,44.65333333333333,0.33537832310838445,2026-01,avg_duration_by_zone_hour,False
79,East Village,13,2863,14.936680638025381,12.616666666666667,11.966666666666667,26.39666666666667,0.33531260915123995,2026-01,avg_duration_by_zone_hour,False
161,Midtown Center,9,4051,14.680634411256479,12.366666666666667,11.216666666666667,26.85,0.33522587015551714,2026-01,avg_duration_by_zone_hour,False
181,Park Slope,9,179,30.047020484171323,28.416666666666668,28.416666666666668,48.47,0.33519553072625696,2026-01,avg_duration_by_zone_hour,False
179,Old Astoria,17,185,28.60099099099099,25.35,25.35,47.14999999999999,0.33513513513513515,2026-01,avg_duration_by_zone_hour,False
188,Prospect-Lefferts Gardens,8,382,36.04733856893543,30.95,30.95,69.04333333333334,0.33507853403141363,2026-01,avg_duration_by_zone_hour,False
112,Greenpoint,9,191,24.4021815008726,21.0,21.0,42.1,0.33507853403141363,2026-01,avg_duration_by_zone_hour,False
234,Union Sq,13,4767,15.350674777987555,12.783333333333333,11.916666666666668,27.206666666666674,0.3350115376547095,2026-01,avg_duration_by_zone_hour,False
144,Little Italy/NoLiTa,20,2597,15.63163907072263,13.883333333333333,13.883333333333333,27.59333333333334,0.33500192529842127,2026-01,avg_duration_by_zone_hour,False
112,Greenpoint,8,269,24.719516728624537,22.1,22.1,41.74,0.3345724907063197,2026-01,avg_duration_by_zone_hour,False
97,Fort Greene,20,281,22.077224199288256,19.766666666666666,19.766666666666666,35.166666666666664,0.33451957295373663,2026-01,avg_duration_by_zone_hour,False
65,Downtown Brooklyn/MetroTech,18,296,23.455067567567568,20.674999999999997,20.674999999999997,38.19166666666666,0.3344594594594595,2026-01,avg_duration_by_zone_hour,False
232,Two Bridges/Seward Park,17,595,21.68232492997199,19.45,19.45,37.71333333333335,0.334453781512605,2026-01,avg_duration_by_zone_hour,False
163,Midtown North,16,5668,15.430736885438721,12.616666666666667,11.191666666666666,27.183333333333334,0.33433309809456596,2026-01,avg_duration_by_zone_hour,False
232,Two Bridges/Seward Park,6,389,18.431876606683804,15.416666666666666,15.416666666666666,28.496666666666666,0.3341902313624679,2026-01,avg_duration_by_zone_hour,False
97,Fort Greene,23,404,20.447277227722775,18.441666666666666,18.441666666666666,35.10666666666666,0.3341584158415842,2026-01,avg_duration_by_zone_hour,False
224,Stuy Town/Peter Cooper Village,21,419,14.882299124900557,14.016666666666667,14.016666666666667,24.49,0.3341288782816229,2026-01,avg_duration_by_zone_hour,False
140,Lenox Hill East,17,5825,16.08886123032904,13.333333333333334,12.975,29.466666666666697,0.3340772532188841,2026-01,avg_duration_by_zone_hour,False
263,Yorkville West,22,3239,11.944844087681382,10.3,9.816666666666666,21.956666666666674,0.3340537202840383,2026-01,avg_duration_by_zone_hour,False
137,Kips Bay,18,3404,15.673844496670585,13.766666666666667,13.683333333333334,26.980000000000018,0.33401880141010576,2026-01,avg_duration_by_zone_hour,False
170,Murray Hill,13,5434,16.45171144644829,14.083333333333334,13.116666666666667,29.02333333333333,0.3340080971659919,2026-01,avg_duration_by_zone_hour,False
158,Meatpacking/West Village West,0,2184,14.036904761904761,12.716666666666667,12.716666666666667,24.016666666666666,0.33379120879120877,2026-01,avg_duration_by_zone_hour,False
48,Clinton East,3,1490,13.291733780760627,12.558333333333334,12.558333333333334,23.77333333333334,0.33355704697986577,2026-01,avg_duration_by_zone_hour,False
107,Gramercy,15,3613,16.278180643970845,12.883333333333333,12.766666666666666,29.906666666666677,0.3335178522003875,2026-01,avg_duration_by_zone_hour,False
86,Far Rockaway,11,66,62.966161616161614,59.175,59.175,103.81666666666666,0.3333333333333333,2026-01,avg_duration_by_zone_hour,False
222,Starrett City,7,87,60.81532567049808,57.56666666666667,57.56666666666667,115.48333333333335,0.3333333333333333,2026-01,avg_duration_by_zone_hour,False
78,East Tremont,15,45,48.45777777777778,36.766666666666666,36.766666666666666,96.68666666666668,0.3333333333333333,2026-01,avg_duration_by_zone_hour,False
241,Van Cortlandt Village,15,48,47.90520833333333,39.90833333333333,39.90833333333333,90.93333333333348,0.3333333333333333,2026-01,avg_duration_by_zone_hour,False
182,Parkchester,5,84,44.90833333333334,37.96666666666667,37.96666666666667,91.25166666666668,0.3333333333333333,2026-01,avg_duration_by_zone_hour,False
123,Homecrest,13,75,44.22222222222222,36.95,36.95,84.85333333333334,0.3333333333333333,2026-01,avg_duration_by_zone_hour,False
191,Queens Village,11,48,43.986111111111114,41.88333333333333,41.88333333333333,93.11166666666668,0.3333333333333333,2026-01,avg_duration_by_zone_hour,False
220,Spuyten Duyvil/Kingsbridge,10,33,42.39343434343434,33.11666666666667,33.11666666666667,86.29,0.3333333333333333,2026-01,avg_duration_by_zone_hour,False
149,Madison,16,30,41.48277777777778,38.65833333333333,38.65833333333333,65.855,0.3333333333333333,2026-01,avg_duration_by_zone_hour,False
32,Bronxdale,14,30,40.83833333333334,33.78333333333333,33.78333333333333,76.81833333333333,0.3333333333333333,2026-01,avg_duration_by_zone_hour,False
188,Prospect-Lefferts Gardens,6,258,40.023708010335916,36.31666666666666,36.31666666666666,76.96833333333333,0.3333333333333333,2026-01,avg_duration_by_zone_hour,False
147,Longwood,8,48,39.86805555555556,35.641666666666666,35.641666666666666,79.7466666666667,0.3333333333333333,2026-01,avg_duration_by_zone_hour,False
35,Brownsville,10,213,39.84937402190923,35.15,35.15,75.35666666666665,0.3333333333333333,2026-01,avg_duration_by_zone_hour,False
248,West Farms/Bronx River,12,33,39.12171717171717,37.5,37.5,64.51,0.3333333333333333,2026-01,avg_duration_by_zone_hour,False
91,Flatlands,18,93,38.13351254480287,32.166666666666664,32.166666666666664,75.36333333333333,0.3333333333333333,2026-01,avg_duration_by_zone_hour,False
126,Hunts Point,8,78,37.89444444444444,31.191666666666666,31.191666666666666,82.565,0.3333333333333333,2026-01,avg_duration_by_zone_hour,False
21,Bensonhurst East,15,33,37.668181818181814,37.5,37.5,70.39,0.3333333333333333,2026-01,avg_duration_by_zone_hour,False
181,Park Slope,16,204,32.70808823529412,28.35,28.35,68.24500000000003,0.3333333333333333,2026-01,avg_duration_by_zone_hour,False
242,Van Nest/Morris Park,18,51,32.47450980392157,23.933333333333334,23.933333333333334,68.96666666666667,0.3333333333333333,2026-01,avg_duration_by_zone_hour,False
60,Crotona Park East,7,78,31.85277777777778,28.15,28.15,69.08666666666666,0.3333333333333333,2026-01,avg_duration_by_zone_hour,False
14,Bay Ridge,5,30,31.587777777777777,27.8,27.8,52.910000000000004,0.3333333333333333,2026-01,avg_duration_by_zone_hour,False
191,Queens Village,13,33,30.357070707070704,24.616666666666667,24.616666666666667,70.43333333333335,0.3333333333333333,2026-01,avg_duration_by_zone_hour,False
49,Clinton Hill,12,192,30.30581597222222,26.091666666666665,26.091666666666665,50.395,0.3333333333333333,2026-01,avg_duration_by_zone_hour,False
241,Van Cortlandt Village,18,36,30.091666666666665,27.883333333333333,27.883333333333333,50.55,0.3333333333333333,2026-01,avg_duration_by_zone_hour,False
39,Canarsie,19,72,29.556712962962965,25.816666666666666,25.816666666666666,47.2,0.3333333333333333,2026-01,avg_duration_by_zone_hour,False
173,North Corona,7,36,29.187037037037037,25.825,25.825,54.224999999999994,0.3333333333333333,2026-01,avg_duration_by_zone_hour,False
179,Old Astoria,14,186,28.961648745519714,27.275,27.275,45.34166666666667,0.3333333333333333,2026-01,avg_duration_by_zone_hour,False
198,Ridgewood,12,69,28.708695652173912,22.883333333333333,22.883333333333333,54.373333333333335,0.3333333333333333,2026-01,avg_duration_by_zone_hour,False
91,Flatlands,20,45,28.433703703703703,24.783333333333335,24.783333333333335,51.496666666666684,0.3333333333333333,2026-01,avg_duration_by_zone_hour,False
28,Briarwood/Jamaica Hills,11,54,28.21759259259259,21.85,21.85,53.86500000000001,0.3333333333333333,2026-01,avg_duration_by_zone_hour,False
133,Kensington,15,45,26.063703703703702,24.55,24.55,49.11333333333335,0.3333333333333333,2026-01,avg_duration_by_zone_hour,False
243,Washington Heights North,13,204,25.027287581699348,22.25,22.25,39.055000000000014,0.3333333333333333,2026-01,avg_duration_by_zone_hour,False
10,Baisley Park,21,57,24.464327485380117,22.45,22.45,37.71666666666667,0.3333333333333333,2026-01,avg_duration_by_zone_hour,False
226,Sunnyside,9,318,24.288941299790356,21.275,21.275,42.608333333333334,0.3333333333333333,2026-01,avg_duration_by_zone_hour,False
133,Kensington,18,57,23.924561403508772,21.483333333333334,21.483333333333334,41.81,0.3333333333333333,2026-01,avg_duration_by_zone_hour,False
133,Kensington,23,30,23.887222222222224,23.608333333333334,23.608333333333334,34.29833333333333,0.3333333333333333,2026-01,avg_duration_by_zone_hour,False
134,Kew Gardens,16,78,23.72948717948718,19.2,19.2,45.168333333333315,0.3333333333333333,2026-01,avg_duration_by_zone_hour,False
220,Spuyten Duyvil/Kingsbridge,21,30,23.717777777777776,19.375,19.375,42.94833333333335,0.3333333333333333,2026-01,avg_duration_by_zone_hour,False
242,Van Nest/Morris Park,0,30,23.715555555555557,19.066666666666666,19.066666666666666,41.44833333333337,0.3333333333333333,2026-01,avg_duration_by_zone_hour,False
106,Gowanus,19,75,23.36888888888889,21.0,21.0,38.893333333333345,0.3333333333333333,2026-01,avg_duration_by_zone_hour,False
61,Crown Heights North,23,282,23.31436170212766,22.258333333333333,22.258333333333333,37.968333333333334,0.3333333333333333,2026-01,avg_duration_by_zone_hour,False
228,Sunset Park West,21,54,23.30154320987654,21.275,21.275,37.97166666666667,0.3333333333333333,2026-01,avg_duration_by_zone_hour,False
95,Forest Hills,18,138,22.66340579710145,20.21666666666667,20.21666666666667,40.13499999999999,0.3333333333333333,2026-01,avg_duration_by_zone_hour,False
77,East New York/Pennsylvania Avenue,23,39,22.497863247863247,19.1,19.1,40.86333333333334,0.3333333333333333,2026-01,avg_duration_by_zone_hour,False
65,Downtown Brooklyn/MetroTech,4,39,22.234615384615385,17.8,17.8,34.13666666666667,0.3333333333333333,2026-01,avg_duration_by_zone_hour,False
33,Brooklyn Heights,0,150,21.191333333333333,19.516666666666666,19.516666666666666,33.62666666666666,0.3333333333333333,2026-01,avg_duration_by_zone_hour,False
257,Windsor Terrace,19,39,21.185042735042735,21.0,21.0,35.736666666666665,0.3333333333333333,2026-01,avg_duration_by_zone_hour,False
124,Howard Beach,18,30,21.091666666666665,17.858333333333334,17.858333333333334,44.711666666666666,0.3333333333333333,2026-01,avg_duration_by_zone_hour,False
173,North Corona,19,30,21.057222222222222,19.583333333333336,19.583333333333336,34.445,0.3333333333333333,2026-01,avg_duration_by_zone_hour,False
193,Queensbridge/Ravenswood,0,39,20.323504273504273,20.083333333333332,20.083333333333332,30.84666666666667,0.3333333333333333,2026-01,avg_duration_by_zone_hour,False
63,Cypress Hills,23,48,20.267708333333335,18.991666666666667,18.991666666666667,29.72500000000001,0.3333333333333333,2026-01,avg_duration_by_zone_hour,False
66,DUMBO/Vinegar Hill,2,48,19.679513888888888,17.266666666666666,17.266666666666666,30.420000000000005,0.3333333333333333,2026-01,avg_duration_by_zone_hour,False
10,Baisley Park,0,48,18.672569444444445,16.791666666666664,16.791666666666664,29.513333333333346,0.3333333333333333,2026-01,avg_duration_by_zone_hour,False
157,Maspeth,12,33,18.12777777777778,14.316666666666666,14.316666666666666,34.36333333333333,0.3333333333333333,2026-01,avg_duration_by_zone_hour,False
152,Manhattanville,19,264,17.800694444444446,16.0,16.0,32.116666666666674,0.3333333333333333,2026-01,avg_duration_by_zone_hour,False
223,Steinway,3,42,17.546825396825398,15.683333333333334,15.683333333333334,28.961666666666666,0.3333333333333333,2026-01,avg_duration_by_zone_hour,False
226,Sunnyside,23,258,17.544832041343668,16.28333333333333,16.28333333333333,29.016666666666666,0.3333333333333333,2026-01,avg_duration_by_zone_hour,False
209,Seaport,6,66,17.21919191919192,14.958333333333332,14.958333333333332,28.15833333333333,0.3333333333333333,2026-01,avg_duration_by_zone_hour,False
92,Flushing,22,84,17.064285714285717,16.266666666666666,16.266666666666666,25.17,0.3333333333333333,2026-01,avg_duration_by_zone_hour,False
127,Inwood,4,51,16.9297385620915,15.533333333333333,15.533333333333333,25.0,0.3333333333333333,2026-01,avg_duration_by_zone_hour,False
28,Briarwood/Jamaica Hills,22,33,16.723737373737375,15.45,15.45,25.676666666666666,0.3333333333333333,2026-01,avg_duration_by_zone_hour,False
83,Elmhurst/Maspeth,20,33,16.694949494949498,16.3,16.3,26.78666666666667,0.3333333333333333,2026-01,avg_duration_by_zone_hour,False
28,Briarwood/Jamaica Hills,23,66,16.447474747474747,14.341666666666667,14.341666666666667,26.041666666666668,0.3333333333333333,2026-01,avg_duration_by_zone_hour,False
13,Battery Park City,3,36,15.88935185185185,14.858333333333334,14.858333333333334,27.741666666666667,0.3333333333333333,2026-01,avg_duration_by_zone_hour,False
260,Woodside,4,111,15.381981981981983,12.25,12.25,24.183333333333334,0.3333333333333333,2026-01,avg_duration_by_zone_hour,False
196,Rego Park,23,30,14.635,13.9,13.9,21.65833333333334,0.3333333333333333,2026-01,avg_duration_by_zone_hour,False
43,Central Park,4,36,13.428703703703704,9.024999999999999,9.024999999999999,30.44166666666667,0.3333333333333333,2026-01,avg_duration_by_zone_hour,False
262,Yorkville East,1,261,12.060919540229886,11.616666666666667,11.616666666666667,19.966666666666665,0.3333333333333333,2026-01,avg_duration_by_zone_hour,False
4,Alphabet City,13,487,18.425393566050648,15.833333333333334,15.833333333333334,32.31000000000001,0.3326488706365503,2026-01,avg_duration_by_zone_hour,False
143,Lincoln Square West,5,325,14.305948717948718,10.916666666666666,10.916666666666666,24.850000000000012,0.3323076923076923,2026-01,avg_duration_by_zone_hour,False
232,Two Bridges/Seward Park,9,623,19.548715890850723,17.0,17.0,31.586666666666677,0.33226324237560195,2026-01,avg_duration_by_zone_hour,False
256,Williamsburg (South Side),23,611,19.399890889252593,18.2,18.2,30.816666666666666,0.3322422258592471,2026-01,avg_duration_by_zone_hour,False
145,Long Island City/Hunters Point,8,301,23.11190476190476,20.833333333333332,20.833333333333332,41.333333333333336,0.33222591362126247,2026-01,avg_duration_by_zone_hour,False
45,Chinatown,10,238,21.29593837535014,18.9,18.9,39.49333333333335,0.3319327731092437,2026-01,avg_duration_by_zone_hour,False
141,Lenox Hill West,18,6548,13.386606597434332,10.85,9.833333333333334,25.366666666666667,0.33185705558949297,2026-01,avg_duration_by_zone_hour,False
17,Bedford,18,214,28.06316199376947,25.775,25.775,49.63,0.3317757009345794,2026-01,avg_duration_by_zone_hour,False
65,Downtown Brooklyn/MetroTech,20,214,20.21619937694704,18.241666666666667,18.241666666666667,35.19666666666669,0.3317757009345794,2026-01,avg_duration_by_zone_hour,False
232,Two Bridges/Seward Park,4,205,14.582520325203252,13.483333333333333,13.483333333333333,22.996666666666666,0.33170731707317075,2026-01,avg_duration_by_zone_hour,False
177,Ocean Hill,6,187,40.06488413547237,35.15,35.15,69.99000000000001,0.3315508021390374,2026-01,avg_duration_by_zone_hour,False
70,East Elmhurst,10,368,32.15615942028985,30.03333333333333,30.03333333333333,52.07000000000001,0.33152173913043476,2026-01,avg_duration_by_zone_hour,False
148,Lower East Side,6,347,15.90196926032661,13.816666666666666,13.816666666666666,26.65000000000001,0.3314121037463977,2026-01,avg_duration_by_zone_hour,False
225,Stuyvesant Heights,8,338,36.97618343195266,32.7,32.7,65.66666666666666,0.33136094674556216,2026-01,avg_duration_by_zone_hour,False
146,Long Island City/Queens Plaza,11,169,20.44585798816568,19.583333333333332,19.583333333333332,33.230000000000004,0.33136094674556216,2026-01,avg_duration_by_zone_hour,False
233,UN/Turtle Bay South,18,3175,15.659370078740157,13.9,13.425,26.416666666666668,0.33133858267716537,2026-01,avg_duration_by_zone_hour,False
146,Long Island City/Queens Plaza,12,157,20.654246284501063,18.466666666666665,18.466666666666665,35.019999999999996,0.33121019108280253,2026-01,avg_duration_by_zone_hour,False
256,Williamsburg (South Side),11,154,23.88008658008658,21.333333333333336,21.333333333333336,38.36500000000001,0.33116883116883117,2026-01,avg_duration_by_zone_hour,False
129,Jackson Heights,21,145,17.08505747126437,16.133333333333333,16.133333333333333,29.159999999999997,0.3310344827586207,2026-01,avg_duration_by_zone_hour,False
158,Meatpacking/West Village West,18,2003,16.094175403561326,14.483333333333333,14.483333333333333,27.483333333333334,0.3310034947578632,2026-01,avg_duration_by_zone_hour,False
163,Midtown North,13,5025,15.004968490878937,12.416666666666666,11.566666666666666,27.0,0.3309452736318408,2026-01,avg_duration_by_zone_hour,False
144,Little Italy/NoLiTa,18,2641,16.88311876814338,14.633333333333333,14.633333333333333,29.933333333333334,0.33093525179856115,2026-01,avg_duration_by_zone_hour,False
82,Elmhurst,20,136,16.636151960784314,15.558333333333334,15.558333333333334,27.6,0.33088235294117646,2026-01,avg_duration_by_zone_hour,False
144,Little Italy/NoLiTa,7,266,14.166791979949876,12.866666666666667,12.866666666666667,22.833333333333336,0.3308270676691729,2026-01,avg_duration_by_zone_hour,False
116,Hamilton Heights,13,396,25.341919191919192,21.875,21.875,44.125,0.33080808080808083,2026-01,avg_duration_by_zone_hour,False
13,Battery Park City,15,1291,19.766382649109218,17.05,17.05,34.75,0.3307513555383424,2026-01,avg_duration_by_zone_hour,False
48,Clinton East,0,3393,12.943913940465663,11.15,11.125,23.0,0.3306808134394341,2026-01,avg_duration_by_zone_hour,False
226,Sunnyside,8,496,23.36633064516129,22.683333333333334,22.683333333333334,37.40833333333333,0.33064516129032256,2026-01,avg_duration_by_zone_hour,False
88,Financial District South,18,977,20.290088706925964,18.216666666666665,18.216666666666665,32.14333333333333,0.330603889457523,2026-01,avg_duration_by_zone_hour,False
45,Chinatown,0,366,16.527595628415302,15.816666666666666,15.816666666666666,26.90833333333333,0.33060109289617484,2026-01,avg_duration_by_zone_hour,False
66,DUMBO/Vinegar Hill,14,239,22.390237099023707,19.75,19.75,34.61333333333335,0.3305439330543933,2026-01,avg_duration_by_zone_hour,False
161,Midtown Center,11,6448,15.772813275434244,13.45,12.425,27.75,0.3304900744416873,2026-01,avg_duration_by_zone_hour,False
226,Sunnyside,19,345,21.950821256038648,20.133333333333333,20.133333333333333,37.543333333333344,0.33043478260869563,2026-01,avg_duration_by_zone_hour,False
45,Chinatown,3,115,16.850434782608694,16.916666666666668,16.916666666666668,26.970000000000006,0.33043478260869563,2026-01,avg_duration_by_zone_hour,False
36,Bushwick North,13,112,28.864285714285717,26.508333333333333,26.508333333333333,43.644999999999996,0.33035714285714285,2026-01,avg_duration_by_zone_hour,False
79,East Village,12,2720,14.913676470588234,12.8,12.8,25.80666666666666,0.3301470588235294,2026-01,avg_duration_by_zone_hour,False
209,Seaport,21,518,15.258043758043758,14.008333333333333,14.008333333333333,24.443333333333335,0.3301158301158301,2026-01,avg_duration_by_zone_hour,False
225,Stuyvesant Heights,4,103,25.911165048543687,22.25,22.25,37.56333333333333,0.3300970873786408,2026-01,avg_duration_by_zone_hour,False
261,World Trade Center,0,306,18.004302832244008,16.15833333333333,16.15833333333333,29.15,0.3300653594771242,2026-01,avg_duration_by_zone_hour,False
75,East Harlem South,2,203,15.474384236453202,14.083333333333334,14.083333333333334,26.32666666666667,0.33004926108374383,2026-01,avg_duration_by_zone_hour,False
79,East Village,5,791,12.618099452170247,10.983333333333333,10.983333333333333,21.75,0.3299620733249052,2026-01,avg_duration_by_zone_hour,False
244,Washington Heights South,20,388,19.988745704467355,17.491666666666667,17.491666666666667,33.66333333333334,0.32989690721649484,2026-01,avg_duration_by_zone_hour,False
143,Lincoln Square West,1,291,14.367124856815577,12.566666666666666,12.566666666666666,25.216666666666665,0.32989690721649484,2026-01,avg_duration_by_zone_hour,False
152,Manhattanville,20,191,16.585689354275743,14.5,14.5,28.816666666666666,0.3298429319371728,2026-01,avg_duration_by_zone_hour,False
130,Jamaica,6,188,36.338386524822695,29.508333333333333,29.508333333333333,77.42166666666668,0.32978723404255317,2026-01,avg_duration_by_zone_hour,False
228,Sunset Park West,13,94,34.03705673758865,32.516666666666666,32.516666666666666,54.21333333333333,0.32978723404255317,2026-01,avg_duration_by_zone_hour,False
262,Yorkville East,17,3812,15.088566806575725,12.525,11.083333333333334,28.248333333333335,0.32974816369359916,2026-01,avg_duration_by_zone_hour,False
62,Crown Heights South,9,185,36.491441441441445,33.4,33.4,59.26,0.32972972972972975,2026-01,avg_duration_by_zone_hour,False
17,Bedford,23,185,21.86,19.85,19.85,35.95333333333333,0.32972972972972975,2026-01,avg_duration_by_zone_hour,False
232,Two Bridges/Seward Park,0,455,16.203663003663003,15.65,15.65,24.480000000000004,0.32967032967032966,2026-01,avg_duration_by_zone_hour,False
146,Long Island City/Queens Plaza,1,91,16.174175824175823,15.183333333333334,15.183333333333334,26.616666666666667,0.32967032967032966,2026-01,avg_duration_by_zone_hour,False
230,Times Sq/Theatre District,14,4584,18.664274287376383,13.9,12.491666666666667,37.19,0.32962478184991273,2026-01,avg_duration_by_zone_hour,False
140,Lenox Hill East,5,358,12.507914338919925,10.383333333333333,10.383333333333333,21.238333333333333,0.329608938547486,2026-01,avg_duration_by_zone_hour,False
238,Upper West Side North,19,3833,12.448425950082616,10.116666666666667,9.1,24.063333333333336,0.3295069136446648,2026-01,avg_duration_by_zone_hour,False
88,Financial District South,10,340,20.405490196078432,17.783333333333335,17.783333333333335,34.92166666666668,0.32941176470588235,2026-01,avg_duration_by_zone_hour,False
211,SoHo,14,1612,17.227222911497105,14.55,14.55,30.680000000000003,0.3294044665012407,2026-01,avg_duration_by_zone_hour,False
61,Crown Heights North,7,501,35.47338656021291,31.9,31.9,61.85,0.32934131736526945,2026-01,avg_duration_by_zone_hour,False
179,Old Astoria,9,249,25.68078982597055,23.083333333333332,23.083333333333332,42.46333333333334,0.3293172690763052,2026-01,avg_duration_by_zone_hour,False
168,Mott Haven/Port Morris,22,82,18.2510162601626,14.9,14.9,29.56833333333333,0.32926829268292684,2026-01,avg_duration_by_zone_hour,False
95,Forest Hills,0,82,16.068089430894307,14.591666666666667,14.591666666666667,26.828333333333344,0.32926829268292684,2026-01,avg_duration_by_zone_hour,False
144,Little Italy/NoLiTa,22,2436,14.637260536398468,12.775,12.775,25.925,0.32922824302134646,2026-01,avg_duration_by_zone_hour,False
228,Sunset Park West,23,79,28.469831223628695,24.0,24.0,60.18666666666667,0.3291139240506329,2026-01,avg_duration_by_zone_hour,False
106,Gowanus,21,79,22.508860759493672,22.316666666666666,22.316666666666666,35.66666666666667,0.3291139240506329,2026-01,avg_duration_by_zone_hour,False
232,Two Bridges/Seward Park,23,614,16.526302931596092,15.166666666666668,15.166666666666668,27.03166666666667,0.3289902280130293,2026-01,avg_duration_by_zone_hour,False
114,Greenwich Village South,2,3061,12.371861047587934,10.783333333333333,10.325,22.033333333333335,0.3289774583469454,2026-01,avg_duration_by_zone_hour,False
10,Baisley Park,10,76,39.08771929824561,36.11666666666666,36.11666666666666,70.76666666666667,0.32894736842105265,2026-01,avg_duration_by_zone_hour,False
144,Little Italy/NoLiTa,17,2405,17.81823284823285,15.5,15.5,32.0,0.3288981288981289,2026-01,avg_duration_by_zone_hour,False
45,Chinatown,16,590,25.779265536723162,22.09166666666667,22.09166666666667,48.30333333333336,0.3288135593220339,2026-01,avg_duration_by_zone_hour,False
233,UN/Turtle Bay South,19,2856,14.101651493930905,12.916666666666666,12.766666666666667,23.458333333333332,0.328781512605042,2026-01,avg_duration_by_zone_hour,False
40,Carroll Gardens,17,73,24.229908675799088,22.466666666666665,22.466666666666665,40.559999999999995,0.3287671232876712,2026-01,avg_duration_by_zone_hour,False
42,Central Harlem North,4,219,15.770700152207,14.316666666666666,14.316666666666666,26.17666666666667,0.3287671232876712,2026-01,avg_duration_by_zone_hour,False
225,Stuyvesant Heights,18,216,31.72854938271605,27.983333333333334,27.983333333333334,56.11666666666667,0.3287037037037037,2026-01,avg_duration_by_zone_hour,False
244,Washington Heights South,10,423,26.048069345941688,21.4,21.4,42.35,0.32860520094562645,2026-01,avg_duration_by_zone_hour,False
88,Financial District South,4,70,17.272142857142857,14.591666666666667,14.591666666666667,26.525000000000002,0.32857142857142857,2026-01,avg_duration_by_zone_hour,False
162,Midtown East,22,4182,12.476542324246772,11.208333333333332,10.733333333333333,21.033333333333335,0.3285509325681492,2026-01,avg_duration_by_zone_hour,False
116,Hamilton Heights,14,341,25.543548387096774,22.1,22.1,48.9,0.3284457478005865,2026-01,avg_duration_by_zone_hour,False
159,Melrose South,13,67,30.979601990049748,27.566666666666666,27.566666666666666,52.36,0.3283582089552239,2026-01,avg_duration_by_zone_hour,False
193,Queensbridge/Ravenswood,11,134,23.43644278606965,22.28333333333333,22.28333333333333,40.17833333333333,0.3283582089552239,2026-01,avg_duration_by_zone_hour,False
106,Gowanus,18,67,21.238308457711444,20.833333333333332,20.833333333333332,33.49666666666667,0.3283582089552239,2026-01,avg_duration_by_zone_hour,False
92,Flushing,0,67,15.277114427860695,15.1,15.1,24.523333333333333,0.3283582089552239,2026-01,avg_duration_by_zone_hour,False
231,TriBeCa/Civic Center,14,2388,18.61417504187605,15.25,15.25,32.9,0.32830820770519265,2026-01,avg_duration_by_zone_hour,False
42,Central Harlem North,23,463,16.973146148308135,15.266666666666667,15.266666666666667,27.936666666666667,0.3282937365010799,2026-01,avg_duration_by_zone_hour,False
97,Fort Greene,21,329,21.69614994934144,19.65,19.65,34.70666666666666,0.3282674772036474,2026-01,avg_duration_by_zone_hour,False
80,East Williamsburg,22,326,19.368865030674847,17.924999999999997,17.924999999999997,30.775,0.3282208588957055,2026-01,avg_duration_by_zone_hour,False
87,Financial District North,21,1499,16.316310873915945,15.65,15.65,25.186666666666667,0.32821881254169444,2026-01,avg_duration_by_zone_hour,False
205,Saint Albans,11,64,52.62552083333333,53.38333333333333,53.38333333333333,88.43333333333334,0.328125,2026-01,avg_duration_by_zone_hour,False
78,East Tremont,14,64,44.10729166666667,41.025000000000006,41.025000000000006,88.62000000000003,0.328125,2026-01,avg_duration_by_zone_hour,False
90,Flatiron,22,3132,13.957130693912301,12.35,11.7,25.0,0.3279054916985951,2026-01,avg_duration_by_zone_hour,False
186,Penn Station/Madison Sq West,17,6902,17.540809427219163,15.1,13.95,30.16500000000001,0.32787597797739787,2026-01,avg_duration_by_zone_hour,False
170,Murray Hill,16,5911,17.41531043816613,14.0,13.633333333333333,31.316666666666666,0.327863305701235,2026-01,avg_duration_by_zone_hour,False
7,Astoria,8,665,27.196315789473683,25.166666666666668,25.166666666666668,46.24,0.32781954887218046,2026-01,avg_duration_by_zone_hour,False
161,Midtown Center,10,5068,15.454725730071035,13.375,12.1,27.366666666666667,0.3277426992896606,2026-01,avg_duration_by_zone_hour,False
230,Times Sq/Theatre District,12,4193,18.181389617616663,14.416666666666666,13.741666666666667,34.37333333333334,0.3276890054853327,2026-01,avg_duration_by_zone_hour,False
141,Lenox Hill West,20,4493,11.554948438311447,9.333333333333334,9.266666666666667,22.3,0.32762074337858893,2026-01,avg_duration_by_zone_hour,False
117,Hammels/Arverne,11,58,67.04971264367816,68.0,68.0,113.51833333333333,0.3275862068965517,2026-01,avg_duration_by_zone_hour,False
22,Bensonhurst West,6,58,50.63735632183908,47.11666666666667,47.11666666666667,93.50833333333334,0.3275862068965517,2026-01,avg_duration_by_zone_hour,False
181,Park Slope,14,174,33.69281609195402,27.95,27.95,61.1166666666667,0.3275862068965517,2026-01,avg_duration_by_zone_hour,False
89,Flatbush/Ditmas Park,1,58,22.399137931034485,21.200000000000003,21.200000000000003,41.473333333333336,0.3275862068965517,2026-01,avg_duration_by_zone_hour,False
116,Hamilton Heights,22,348,17.03917624521073,16.008333333333333,16.008333333333333,27.01,0.3275862068965517,2026-01,avg_duration_by_zone_hour,False
238,Upper West Side North,12,4546,13.486262648482183,10.908333333333333,8.833333333333334,26.025,0.327540695116586,2026-01,avg_duration_by_zone_hour,False
254,Williamsbridge/Olinville,12,55,48.54787878787879,44.31666666666667,44.31666666666667,88.15,0.32727272727272727,2026-01,avg_duration_by_zone_hour,False
225,Stuyvesant Heights,23,165,24.80818181818182,23.9,23.9,37.17666666666666,0.32727272727272727,2026-01,avg_duration_by_zone_hour,False
49,Clinton Hill,20,165,23.913131313131313,20.55,20.55,38.61,0.32727272727272727,2026-01,avg_duration_by_zone_hour,False
247,West Concourse,19,55,17.12090909090909,14.416666666666666,14.416666666666666,28.803333333333335,0.32727272727272727,2026-01,avg_duration_by_zone_hour,False
79,East Village,17,3695,15.275480378890393,12.966666666666667,12.016666666666667,28.05333333333333,0.32719891745602164,2026-01,avg_duration_by_zone_hour,False
256,Williamsburg (South Side),16,214,27.50545171339564,24.008333333333333,24.008333333333333,44.99000000000001,0.32710280373831774,2026-01,avg_duration_by_zone_hour,False
236,Upper East Side North,11,9386,13.358336884721927,11.066666666666666,9.35,25.2,0.3270828894097592,2026-01,avg_duration_by_zone_hour,False
256,Williamsburg (South Side),17,266,24.705701754385963,22.791666666666664,22.791666666666664,38.4,0.32706766917293234,2026-01,avg_duration_by_zone_hour,False
146,Long Island City/Queens Plaza,15,211,25.86516587677725,21.25,21.25,47.71666666666667,0.32701421800947866,2026-01,avg_duration_by_zone_hour,False
117,Hammels/Arverne,14,52,64.22051282051282,61.475,61.475,112.02166666666666,0.3269230769230769,2026-01,avg_duration_by_zone_hour,False
254,Williamsbridge/Olinville,14,52,41.83301282051282,38.775000000000006,38.775000000000006,72.15833333333333,0.3269230769230769,2026-01,avg_duration_by_zone_hour,False
85,Erasmus,10,104,36.51233974358974,33.075,33.075,59.751666666666665,0.3269230769230769,2026-01,avg_duration_by_zone_hour,False
235,University Heights/Morris Heights,15,52,30.51698717948718,24.208333333333336,24.208333333333336,57.43333333333333,0.3269230769230769,2026-01,avg_duration_by_zone_hour,False
160,Middle Village,6,52,27.59967948717949,24.225,24.225,48.945,0.3269230769230769,2026-01,avg_duration_by_zone_hour,False
152,Manhattanville,11,208,23.07716346153846,19.95,19.95,39.526666666666685,0.3269230769230769,2026-01,avg_duration_by_zone_hour,False
146,Long Island City/Queens Plaza,23,156,17.16965811965812,16.391666666666666,16.391666666666666,28.15,0.3269230769230769,2026-01,avg_duration_by_zone_hour,False
224,Stuy Town/Peter Cooper Village,4,104,12.808974358974357,10.55,10.55,19.558333333333334,0.3269230769230769,2026-01,avg_duration_by_zone_hour,False
37,Bushwick South,5,257,22.61271076523995,19.833333333333332,19.833333333333332,37.88666666666667,0.32684824902723736,2026-01,avg_duration_by_zone_hour,False
244,Washington Heights South,23,358,15.849860335195531,14.875,14.875,26.231666666666666,0.3268156424581006,2026-01,avg_duration_by_zone_hour,False
255,Williamsburg (North Side),15,199,25.753350083752096,23.966666666666665,23.966666666666665,39.053333333333335,0.32663316582914576,2026-01,avg_duration_by_zone_hour,False
22,Bensonhurst West,13,49,43.154761904761905,34.5,34.5,91.29666666666668,0.32653061224489793,2026-01,avg_duration_by_zone_hour,False
134,Kew Gardens,18,49,23.779931972789115,21.0,21.0,42.233333333333334,0.32653061224489793,2026-01,avg_duration_by_zone_hour,False
193,Queensbridge/Ravenswood,6,147,23.554195011337868,19.65,19.65,45.683333333333344,0.32653061224489793,2026-01,avg_duration_by_zone_hour,False
177,Ocean Hill,1,49,23.05748299319728,21.016666666666666,21.016666666666666,40.00000000000003,0.32653061224489793,2026-01,avg_duration_by_zone_hour,False
45,Chinatown,7,147,21.64965986394558,18.866666666666667,18.866666666666667,40.77000000000001,0.32653061224489793,2026-01,avg_duration_by_zone_hour,False
247,West Concourse,21,49,19.779931972789115,13.466666666666667,13.466666666666667,40.51333333333337,0.32653061224489793,2026-01,avg_duration_by_zone_hour,False
209,Seaport,19,487,16.7564681724846,15.183333333333334,15.183333333333334,27.536666666666672,0.3264887063655031,2026-01,avg_duration_by_zone_hour,False
224,Stuy Town/Peter Cooper Village,14,340,16.96843137254902,14.566666666666666,14.566666666666666,29.01,0.3264705882352941,2026-01,avg_duration_by_zone_hour,False
164,Midtown South,19,4782,14.043053812909521,12.65,12.45,24.031666666666677,0.32643245503973234,2026-01,avg_duration_by_zone_hour,False
228,Sunset Park West,7,95,30.99228070175438,27.1,27.1,54.05333333333334,0.3263157894736842,2026-01,avg_duration_by_zone_hour,False
83,Elmhurst/Maspeth,7,95,22.5340350877193,21.433333333333334,21.433333333333334,39.70333333333334,0.3263157894736842,2026-01,avg_duration_by_zone_hour,False
209,Seaport,14,331,23.924219536757303,18.483333333333334,18.483333333333334,41.21666666666667,0.32628398791540786,2026-01,avg_duration_by_zone_hour,False
33,Brooklyn Heights,9,233,26.574535050071532,24.016666666666666,24.016666666666666,45.68333333333334,0.3261802575107296,2026-01,avg_duration_by_zone_hour,False
231,TriBeCa/Civic Center,3,555,13.44036036036036,12.533333333333333,12.533333333333333,24.220000000000006,0.3261261261261261,2026-01,avg_duration_by_zone_hour,False
250,Westchester Village/Unionport,16,46,46.7463768115942,44.15,44.15,85.075,0.32608695652173914,2026-01,avg_duration_by_zone_hour,False
189,Prospect Heights,21,138,25.508212560386472,23.575000000000003,23.575000000000003,42.76333333333333,0.32608695652173914,2026-01,avg_duration_by_zone_hour,False
226,Sunnyside,11,276,23.37699275362319,20.34166666666667,20.34166666666667,38.083333333333336,0.32608695652173914,2026-01,avg_duration_by_zone_hour,False
65,Downtown Brooklyn/MetroTech,2,46,15.887318840579711,14.95,14.95,22.816666666666666,0.32608695652173914,2026-01,avg_duration_by_zone_hour,False
7,Astoria,14,411,24.614233576642338,23.716666666666665,23.716666666666665,41.56666666666667,0.3260340632603406,2026-01,avg_duration_by_zone_hour,False
167,Morrisania/Melrose,8,135,38.903703703703705,32.71666666666667,32.71666666666667,75.8666666666667,0.32592592592592595,2026-01,avg_duration_by_zone_hour,False
88,Financial District South,20,807,17.756588186699712,16.3,16.3,27.07333333333333,0.32589838909541513,2026-01,avg_duration_by_zone_hour,False
234,Union Sq,14,5100,15.55303267973856,12.416666666666666,12.233333333333334,28.436666666666678,0.32588235294117646,2026-01,avg_duration_by_zone_hour,False
186,Penn Station/Madison Sq West,12,5987,17.461781081231557,15.333333333333334,14.483333333333333,29.906666666666677,0.32587272423584435,2026-01,avg_duration_by_zone_hour,False
232,Two Bridges/Seward Park,1,399,16.518671679197993,15.666666666666666,15.666666666666666,25.87333333333333,0.3258145363408521,2026-01,avg_duration_by_zone_hour,False
146,Long Island City/Queens Plaza,20,132,20.979292929292928,20.208333333333336,20.208333333333336,34.33166666666667,0.32575757575757575,2026-01,avg_duration_by_zone_hour,False
236,Upper East Side North,10,8716,12.119764417928714,9.85,8.366666666666667,23.233333333333334,0.32572280862781094,2026-01,avg_duration_by_zone_hour,False
116,Hamilton Heights,15,347,24.83405379442843,21.416666666666668,21.416666666666668,41.836666666666666,0.3256484149855908,2026-01,avg_duration_by_zone_hour,False
256,Williamsburg (South Side),21,433,19.809622786759046,18.683333333333334,18.683333333333334,31.493333333333336,0.325635103926097,2026-01,avg_duration_by_zone_hour,False
86,Far Rockaway,17,43,64.56821705426357,63.166666666666664,63.166666666666664,99.24333333333334,0.32558139534883723,2026-01,avg_duration_by_zone_hour,False
242,Van Nest/Morris Park,12,43,41.16046511627907,39.8,39.8,70.83000000000001,0.32558139534883723,2026-01,avg_duration_by_zone_hour,False
34,Brooklyn Navy Yard,17,43,24.9046511627907,24.35,24.35,38.36000000000001,0.32558139534883723,2026-01,avg_duration_by_zone_hour,False
146,Long Island City/Queens Plaza,2,86,15.799806201550387,15.208333333333332,15.208333333333332,25.458333333333336,0.32558139534883723,2026-01,avg_duration_by_zone_hour,False
238,Upper West Side North,15,5619,14.737038025745981,12.05,11.741666666666667,27.269999999999996,0.32550275849795335,2026-01,avg_duration_by_zone_hour,False
244,Washington Heights South,7,802,23.67073981712386,21.208333333333332,21.208333333333332,38.79666666666666,0.3254364089775561,2026-01,avg_duration_by_zone_hour,False
36,Bushwick North,14,126,31.886507936507936,27.791666666666668,27.791666666666668,55.108333333333334,0.3253968253968254,2026-01,avg_duration_by_zone_hour,False
140,Lenox Hill East,8,4349,15.167996474285276,13.383333333333333,13.25,26.220000000000002,0.3253621522189009,2026-01,avg_duration_by_zone_hour,False
189,Prospect Heights,15,83,32.91024096385542,26.9,26.9,56.17333333333333,0.3253012048192771,2026-01,avg_duration_by_zone_hour,False
74,East Harlem North,21,492,15.632926829268293,14.45,14.45,26.43,0.3252032520325203,2026-01,avg_duration_by_zone_hour,False
230,Times Sq/Theatre District,11,4338,17.367988320270477,14.166666666666666,12.625,32.08833333333334,0.32503457814661135,2026-01,avg_duration_by_zone_hour,False
29,Brighton Beach,9,40,45.48416666666667,45.34166666666667,45.34166666666667,79.12666666666668,0.325,2026-01,avg_duration_by_zone_hour,False
29,Brighton Beach,10,40,40.65416666666667,40.25,40.25,74.95500000000001,0.325,2026-01,avg_duration_by_zone_hour,False
227,Sunset Park East,15,40,40.01375,35.05833333333334,35.05833333333334,66.99000000000001,0.325,2026-01,avg_duration_by_zone_hour,False
92,Flushing,6,40,37.95458333333333,36.9,36.9,63.40166666666667,0.325,2026-01,avg_duration_by_zone_hour,False
29,Brighton Beach,14,40,37.47541666666667,34.71666666666667,34.71666666666667,63.19833333333334,0.325,2026-01,avg_duration_by_zone_hour,False
157,Maspeth,16,40,26.75125,25.299999999999997,25.299999999999997,47.64333333333336,0.325,2026-01,avg_duration_by_zone_hour,False
198,Ridgewood,2,40,17.70791666666667,18.375,18.375,28.128333333333337,0.325,2026-01,avg_duration_by_zone_hour,False
244,Washington Heights South,11,477,28.413661774982533,22.9,22.9,45.65333333333335,0.3249475890985325,2026-01,avg_duration_by_zone_hour,False
224,Stuy Town/Peter Cooper Village,16,397,16.951469353484466,14.25,14.25,28.720000000000002,0.3249370277078086,2026-01,avg_duration_by_zone_hour,False
263,Yorkville West,18,5202,13.982224785338973,11.483333333333333,10.683333333333334,27.083333333333332,0.3248750480584391,2026-01,avg_duration_by_zone_hour,False
79,East Village,3,3916,12.229051753489955,10.866666666666667,10.5,21.716666666666665,0.32482124616956076,2026-01,avg_duration_by_zone_hour,False
37,Bushwick South,14,234,35.058404558404554,31.575,31.575,59.378333333333366,0.3247863247863248,2026-01,avg_duration_by_zone_hour,False
244,Washington Heights South,12,462,27.779906204906208,22.2,22.2,49.46166666666667,0.3246753246753247,2026-01,avg_duration_by_zone_hour,False
261,World Trade Center,11,727,19.327877120586887,17.133333333333333,17.133333333333333,31.4,0.3246217331499312,2026-01,avg_duration_by_zone_hour,False
186,Penn Station/Madison Sq West,16,5539,17.84945838599025,15.283333333333333,14.308333333333334,30.55666666666666,0.32460732984293195,2026-01,avg_duration_by_zone_hour,False
61,Crown Heights North,8,533,37.44602876797999,34.61666666666667,34.61666666666667,66.31,0.324577861163227,2026-01,avg_duration_by_zone_hour,False
186,Penn Station/Madison Sq West,22,6760,15.624124753451676,14.35,14.35,26.283333333333335,0.3244082840236686,2026-01,avg_duration_by_zone_hour,False
32,Bronxdale,17,37,47.509009009009006,45.78333333333333,45.78333333333333,69.39,0.32432432432432434,2026-01,avg_duration_by_zone_hour,False
20,Belmont,10,37,43.23288288288288,38.35,38.35,77.48999999999998,0.32432432432432434,2026-01,avg_duration_by_zone_hour,False
222,Starrett City,15,37,36.19504504504505,29.65,29.65,73.56666666666666,0.32432432432432434,2026-01,avg_duration_by_zone_hour,False
56,Corona,11,37,32.77612612612613,32.9,32.9,55.19666666666666,0.32432432432432434,2026-01,avg_duration_by_zone_hour,False
227,Sunset Park East,5,37,28.155405405405407,25.0,25.0,64.02999999999999,0.32432432432432434,2026-01,avg_duration_by_zone_hour,False
93,Flushing Meadows-Corona Park,16,37,27.601801801801802,27.633333333333333,27.633333333333333,45.78666666666666,0.32432432432432434,2026-01,avg_duration_by_zone_hour,False
160,Middle Village,15,37,27.1490990990991,21.533333333333335,21.533333333333335,47.97333333333333,0.32432432432432434,2026-01,avg_duration_by_zone_hour,False
56,Corona,4,37,19.277027027027028,17.783333333333335,17.783333333333335,31.883333333333333,0.32432432432432434,2026-01,avg_duration_by_zone_hour,False
17,Bedford,6,182,31.93882783882784,26.708333333333336,26.708333333333336,58.211666666666666,0.3241758241758242,2026-01,avg_duration_by_zone_hour,False
159,Melrose South,6,108,28.540586419753087,23.46666666666667,23.46666666666667,52.12499999999999,0.32407407407407407,2026-01,avg_duration_by_zone_hour,False
146,Long Island City/Queens Plaza,18,287,22.416144018583044,20.616666666666667,20.616666666666667,39.19333333333336,0.3240418118466899,2026-01,avg_duration_by_zone_hour,False
87,Financial District North,7,500,19.806833333333334,17.2,17.2,32.66833333333334,0.324,2026-01,avg_duration_by_zone_hour,False
42,Central Harlem North,1,250,14.676333333333334,13.616666666666667,13.616666666666667,24.781666666666666,0.324,2026-01,avg_duration_by_zone_hour,False
197,Richmond Hill,3,71,15.584507042253522,15.933333333333334,15.933333333333334,26.2,0.323943661971831,2026-01,avg_duration_by_zone_hour,False
68,East Chelsea,17,6465,17.13658417117814,14.516666666666667,14.05,30.316666666666666,0.32389791183294664,2026-01,avg_duration_by_zone_hour,False
233,UN/Turtle Bay South,6,624,12.125026709401709,10.033333333333335,10.033333333333335,21.94666666666667,0.32371794871794873,2026-01,avg_duration_by_zone_hour,False
116,Hamilton Heights,1,173,14.429190751445086,13.383333333333333,13.383333333333333,23.22666666666667,0.3236994219653179,2026-01,avg_duration_by_zone_hour,False
49,Clinton Hill,18,241,26.49280774550484,24.483333333333334,24.483333333333334,43.75,0.3236514522821577,2026-01,avg_duration_by_zone_hour,False
116,Hamilton Heights,8,757,25.286701893439012,23.766666666666666,23.766666666666666,42.43666666666667,0.3236459709379128,2026-01,avg_duration_by_zone_hour,False
142,Lincoln Square East,14,6215,13.379450254759991,10.8,9.566666666666666,24.196666666666683,0.32357200321802093,2026-01,avg_duration_by_zone_hour,False
144,Little Italy/NoLiTa,21,2590,15.039555984555983,13.35,13.35,26.168333333333333,0.32355212355212354,2026-01,avg_duration_by_zone_hour,False
38,Cambria Heights,9,34,47.26274509803922,50.38333333333333,50.38333333333333,85.33833333333332,0.3235294117647059,2026-01,avg_duration_by_zone_hour,False
219,Springfield Gardens South,12,34,45.9,45.15833333333333,45.15833333333333,84.30166666666666,0.3235294117647059,2026-01,avg_duration_by_zone_hour,False
55,Coney Island,20,34,43.07303921568627,39.93333333333334,39.93333333333334,74.10499999999999,0.3235294117647059,2026-01,avg_duration_by_zone_hour,False
202,Roosevelt Island,21,34,33.91764705882353,29.84166666666667,29.84166666666667,50.555,0.3235294117647059,2026-01,avg_duration_by_zone_hour,False
212,Soundview/Bruckner,13,34,32.65686274509804,31.5,31.5,49.86666666666666,0.3235294117647059,2026-01,avg_duration_by_zone_hour,False
102,Glendale,12,34,25.758823529411767,23.758333333333333,23.758333333333333,44.85,0.3235294117647059,2026-01,avg_duration_by_zone_hour,False
40,Carroll Gardens,11,34,24.05049019607843,21.916666666666668,21.916666666666668,43.03666666666666,0.3235294117647059,2026-01,avg_duration_by_zone_hour,False
152,Manhattanville,10,204,22.704166666666666,20.758333333333333,20.758333333333333,37.403333333333336,0.3235294117647059,2026-01,avg_duration_by_zone_hour,False
130,Jamaica,4,68,18.23725490196078,16.716666666666665,16.716666666666665,27.650000000000002,0.3235294117647059,2026-01,avg_duration_by_zone_hour,False
213,Soundview/Castle Hill,20,34,18.03970588235294,15.966666666666667,15.966666666666667,35.175,0.3235294117647059,2026-01,avg_duration_by_zone_hour,False
142,Lincoln Square East,2,408,12.738807189542484,11.708333333333332,11.708333333333332,21.215,0.3235294117647059,2026-01,avg_duration_by_zone_hour,False
237,Upper East Side South,11,9156,12.235219164118247,9.95,8.825,23.2,0.3235037134119703,2026-01,avg_duration_by_zone_hour,False
209,Seaport,0,473,14.89968287526427,13.5,13.5,23.89666666666667,0.32346723044397463,2026-01,avg_duration_by_zone_hour,False
68,East Chelsea,16,5228,17.25332504463147,14.116666666666667,14.075,30.69333333333334,0.32345065034429993,2026-01,avg_duration_by_zone_hour,False
80,East Williamsburg,10,167,25.51057884231537,22.866666666666667,22.866666666666667,44.29,0.32335329341317365,2026-01,avg_duration_by_zone_hour,False
49,Clinton Hill,8,266,32.35419799498747,28.21666666666667,28.21666666666667,57.29166666666667,0.3233082706766917,2026-01,avg_duration_by_zone_hour,False
228,Sunset Park West,20,99,23.778114478114478,23.116666666666667,23.116666666666667,37.21,0.32323232323232326,2026-01,avg_duration_by_zone_hour,False
134,Kew Gardens,8,65,27.19794871794872,21.15,21.15,61.07333333333334,0.3230769230769231,2026-01,avg_duration_by_zone_hour,False
261,World Trade Center,19,1099,17.36481649984835,16.35,16.35,27.596666666666682,0.32302092811646954,2026-01,avg_duration_by_zone_hour,False
261,World Trade Center,18,1418,19.085801598495536,17.375,17.375,31.904999999999983,0.3229901269393512,2026-01,avg_duration_by_zone_hour,False
260,Woodside,7,257,21.56809338521401,20.116666666666667,20.116666666666667,35.873333333333335,0.3229571984435798,2026-01,avg_duration_by_zone_hour,False
142,Lincoln Square East,15,6500,14.22795641025641,11.35,11.316666666666666,25.5,0.3229230769230769,2026-01,avg_duration_by_zone_hour,False
248,West Farms/Bronx River,6,96,31.19201388888889,25.1,25.1,56.20833333333333,0.3229166666666667,2026-01,avg_duration_by_zone_hour,False
137,Kips Bay,19,3608,14.541121581670362,13.008333333333333,12.833333333333332,23.97666666666667,0.32289356984478934,2026-01,avg_duration_by_zone_hour,False
246,West Chelsea/Hudson Yards,6,319,15.132810867293626,13.133333333333333,13.133333333333333,26.086666666666666,0.322884012539185,2026-01,avg_duration_by_zone_hour,False
238,Upper West Side North,17,5027,13.50085869637292,10.716666666666667,9.916666666666666,26.473333333333343,0.3228565744977124,2026-01,avg_duration_by_zone_hour,False
152,Manhattanville,12,189,21.098941798941798,18.816666666666666,18.816666666666666,33.66000000000001,0.32275132275132273,2026-01,avg_duration_by_zone_hour,False
88,Financial District South,11,409,22.169763651181743,18.516666666666666,18.516666666666666,39.14333333333333,0.32273838630806845,2026-01,avg_duration_by_zone_hour,False
230,Times Sq/Theatre District,10,4025,16.92431884057971,13.966666666666667,12.516666666666667,31.076666666666664,0.3227329192546584,2026-01,avg_duration_by_zone_hour,False
142,Lincoln Square East,12,5479,13.295510129585692,10.783333333333333,10.783333333333333,24.586666666666662,0.3226866216462858,2026-01,avg_duration_by_zone_hour,False
68,East Chelsea,12,4193,17.421114556006042,15.066666666666666,14.883333333333333,30.713333333333335,0.3226806582399237,2026-01,avg_duration_by_zone_hour,False
7,Astoria,13,375,24.598844444444445,22.8,22.8,40.11666666666668,0.32266666666666666,2026-01,avg_duration_by_zone_hour,False
29,Brighton Beach,17,31,41.09247311827957,27.9,27.9,92.66666666666667,0.3225806451612903,2026-01,avg_duration_by_zone_hour,False
25,Boerum Hill,12,186,32.92983870967742,26.875,26.875,62.59166666666667,0.3225806451612903,2026-01,avg_duration_by_zone_hour,False
11,Bath Beach,8,31,31.903225806451612,22.833333333333332,22.833333333333332,77.86666666666666,0.3225806451612903,2026-01,avg_duration_by_zone_hour,False
228,Sunset Park West,19,124,25.956854838709678,25.275,25.275,41.75666666666667,0.3225806451612903,2026-01,avg_duration_by_zone_hour,False
190,Prospect Park,15,31,25.60483870967742,23.666666666666668,23.666666666666668,47.733333333333334,0.3225806451612903,2026-01,avg_duration_by_zone_hour,False
28,Briarwood/Jamaica Hills,19,31,22.72258064516129,21.7,21.7,34.916666666666664,0.3225806451612903,2026-01,avg_duration_by_zone_hour,False
195,Red Hook,22,62,22.19677419354839,20.59166666666667,20.59166666666667,33.93,0.3225806451612903,2026-01,avg_duration_by_zone_hour,False
56,Corona,23,31,17.356451612903225,13.616666666666667,13.616666666666667,30.2,0.3225806451612903,2026-01,avg_duration_by_zone_hour,False
18,Bedford Park,23,31,16.198387096774194,15.133333333333333,15.133333333333333,29.616666666666667,0.3225806451612903,2026-01,avg_duration_by_zone_hour,False
166,Morningside Heights,4,93,15.213261648745519,12.2,12.2,22.756666666666664,0.3225806451612903,2026-01,avg_duration_by_zone_hour,False
213,Soundview/Castle Hill,23,31,14.779032258064515,12.766666666666667,12.766666666666667,23.75,0.3225806451612903,2026-01,avg_duration_by_zone_hour,False
152,Manhattanville,2,62,12.744892473118279,11.316666666666666,11.316666666666666,20.383333333333333,0.3225806451612903,2026-01,avg_duration_by_zone_hour,False
230,Times Sq/Theatre District,16,6619,17.8912776350909,13.783333333333333,12.633333333333333,33.12666666666666,0.3225562773832905,2026-01,avg_duration_by_zone_hour,False
263,Yorkville West,7,2933,12.450636435958632,10.683333333333334,10.616666666666667,21.713333333333335,0.3225366518922605,2026-01,avg_duration_by_zone_hour,False
238,Upper West Side North,10,4471,13.477573995377618,11.2,11.2,26.016666666666666,0.3225229255200179,2026-01,avg_duration_by_zone_hour,False
107,Gramercy,22,4034,13.114865311518757,11.666666666666666,11.133333333333333,22.545000000000005,0.3225086762518592,2026-01,avg_duration_by_zone_hour,False
130,Jamaica,20,121,19.807713498622586,17.716666666666665,17.716666666666665,32.2,0.32231404958677684,2026-01,avg_duration_by_zone_hour,False
140,Lenox Hill East,7,2988,13.046519410977242,11.558333333333334,11.333333333333332,21.388333333333335,0.32228915662650603,2026-01,avg_duration_by_zone_hour,False
68,East Chelsea,13,4652,17.208641444539985,15.15,15.15,29.666666666666668,0.3222269991401548,2026-01,avg_duration_by_zone_hour,False
142,Lincoln Square East,7,2480,12.875376344086021,10.358333333333334,10.1,22.96833333333333,0.32217741935483873,2026-01,avg_duration_by_zone_hour,False
158,Meatpacking/West Village West,16,1580,16.746318565400845,14.175,14.175,28.151666666666667,0.3221518987341772,2026-01,avg_duration_by_zone_hour,False
133,Kensington,8,118,30.237853107344634,27.791666666666668,27.791666666666668,54.18,0.3220338983050847,2026-01,avg_duration_by_zone_hour,False
52,Cobble Hill,13,59,27.06553672316384,23.0,23.0,44.32000000000001,0.3220338983050847,2026-01,avg_duration_by_zone_hour,False
13,Battery Park City,11,910,17.92021978021978,16.383333333333333,16.383333333333333,28.77166666666667,0.321978021978022,2026-01,avg_duration_by_zone_hour,False
224,Stuy Town/Peter Cooper Village,20,494,14.825708502024291,13.758333333333333,13.758333333333333,23.419999999999998,0.32186234817813764,2026-01,avg_duration_by_zone_hour,False
146,Long Island City/Queens Plaza,5,87,17.292528735632185,15.9,15.9,27.160000000000014,0.3218390804597701,2026-01,avg_duration_by_zone_hour,False
7,Astoria,20,404,21.14546204620462,20.683333333333334,20.683333333333334,34.658333333333324,0.3217821782178218,2026-01,avg_duration_by_zone_hour,False
90,Flatiron,21,3366,13.828644285997227,12.116666666666667,11.55,24.916666666666664,0.32174688057041,2026-01,avg_duration_by_zone_hour,False
193,Queensbridge/Ravenswood,14,115,28.121739130434783,23.816666666666666,23.816666666666666,57.70666666666668,0.3217391304347826,2026-01,avg_duration_by_zone_hour,False
223,Steinway,20,143,18.367715617715618,18.1,18.1,27.99,0.32167832167832167,2026-01,avg_duration_by_zone_hour,False
151,Manhattan Valley,4,143,13.192657342657343,11.766666666666667,11.766666666666667,21.926666666666666,0.32167832167832167,2026-01,avg_duration_by_zone_hour,False
158,Meatpacking/West Village West,7,625,17.88184,13.916666666666666,13.916666666666666,29.12,0.3216,2026-01,avg_duration_by_zone_hour,False
237,Upper East Side South,12,10392,12.46031723120349,10.041666666666668,9.458333333333332,23.166666666666668,0.3215935334872979,2026-01,avg_duration_by_zone_hour,False
234,Union Sq,15,5392,15.29209631552918,12.366666666666667,12.366666666666667,27.766666666666666,0.3215875370919881,2026-01,avg_duration_by_zone_hour,False
37,Bushwick South,10,252,32.05138888888889,28.891666666666666,28.891666666666666,56.05166666666667,0.32142857142857145,2026-01,avg_duration_by_zone_hour,False
25,Boerum Hill,9,140,30.64428571428571,28.049999999999997,28.049999999999997,52.86333333333334,0.32142857142857145,2026-01,avg_duration_by_zone_hour,False
188,Prospect-Lefferts Gardens,1,56,22.041369047619046,20.658333333333335,20.658333333333335,36.775000000000006,0.32142857142857145,2026-01,avg_duration_by_zone_hour,False
14,Bay Ridge,22,56,20.094345238095237,20.308333333333334,20.308333333333334,33.358333333333334,0.32142857142857145,2026-01,avg_duration_by_zone_hour,False
239,Upper West Side South,9,4646,13.669299756062562,11.791666666666668,11.791666666666668,25.008333333333333,0.32135170038743005,2026-01,avg_duration_by_zone_hour,False
140,Lenox Hill East,18,5484,15.321498905908097,12.85,11.875,27.833333333333332,0.3212983223924143,2026-01,avg_duration_by_zone_hour,False
66,DUMBO/Vinegar Hill,13,221,21.857466063348415,19.0,19.0,38.31666666666667,0.3212669683257919,2026-01,avg_duration_by_zone_hour,False
13,Battery Park City,0,221,16.559653092006034,15.033333333333333,15.033333333333333,27.183333333333334,0.3212669683257919,2026-01,avg_duration_by_zone_hour,False
112,Greenpoint,15,193,29.35440414507772,24.283333333333335,24.283333333333335,53.55666666666671,0.32124352331606215,2026-01,avg_duration_by_zone_hour,False
89,Flatbush/Ditmas Park,19,137,26.302676399026765,23.25,23.25,45.16000000000001,0.32116788321167883,2026-01,avg_duration_by_zone_hour,False
205,Saint Albans,15,109,54.63654434250764,54.86666666666667,54.86666666666667,96.56666666666668,0.3211009174311927,2026-01,avg_duration_by_zone_hour,False
231,TriBeCa/Civic Center,7,1087,16.883455995093527,14.933333333333334,14.933333333333334,28.81,0.32106715731370744,2026-01,avg_duration_by_zone_hour,False
62,Crown Heights South,20,81,28.3440329218107,25.7,25.7,48.666666666666664,0.32098765432098764,2026-01,avg_duration_by_zone_hour,False
209,Seaport,20,539,15.64038342609771,14.633333333333333,14.633333333333333,25.053333333333335,0.3209647495361781,2026-01,avg_duration_by_zone_hour,False
230,Times Sq/Theatre District,3,645,15.884857881136952,14.716666666666667,14.716666666666667,28.93333333333334,0.3209302325581395,2026-01,avg_duration_by_zone_hour,False
244,Washington Heights South,9,564,27.012913711583924,23.0,23.0,45.9,0.32092198581560283,2026-01,avg_duration_by_zone_hour,False
41,Central Harlem,3,134,14.99452736318408,13.125,13.125,25.6,0.3208955223880597,2026-01,avg_duration_by_zone_hour,False
97,Fort Greene,9,240,26.471666666666668,23.233333333333334,23.233333333333334,41.31833333333333,0.32083333333333336,2026-01,avg_duration_by_zone_hour,False
213,Soundview/Castle Hill,14,53,38.98930817610063,37.016666666666666,37.016666666666666,79.06333333333335,0.32075471698113206,2026-01,avg_duration_by_zone_hour,False
135,Kew Gardens Hills,5,53,32.94496855345912,28.15,28.15,61.04333333333336,0.32075471698113206,2026-01,avg_duration_by_zone_hour,False
106,Gowanus,11,53,30.009748427672957,27.383333333333333,27.383333333333333,51.290000000000006,0.32075471698113206,2026-01,avg_duration_by_zone_hour,False
33,Brooklyn Heights,11,212,28.544261006289307,24.416666666666664,24.416666666666664,52.448333333333345,0.32075471698113206,2026-01,avg_duration_by_zone_hour,False
173,North Corona,4,53,15.120754716981132,14.75,14.75,23.52,0.32075471698113206,2026-01,avg_duration_by_zone_hour,False
186,Penn Station/Madison Sq West,8,4331,12.864696374971139,10.983333333333333,10.533333333333333,22.866666666666667,0.32071115215885476,2026-01,avg_duration_by_zone_hour,False
246,West Chelsea/Hudson Yards,22,2635,14.540031625553446,13.316666666666666,13.316666666666666,24.243333333333332,0.3206831119544592,2026-01,avg_duration_by_zone_hour,False
256,Williamsburg (South Side),14,184,25.397010869565218,22.40833333333333,22.40833333333333,40.35666666666667,0.32065217391304346,2026-01,avg_duration_by_zone_hour,False
243,Washington Heights North,19,184,21.39021739130435,18.85,18.85,34.61666666666668,0.32065217391304346,2026-01,avg_duration_by_zone_hour,False
146,Long Island City/Queens Plaza,19,184,20.510778985507248,19.6,19.6,33.995000000000005,0.32065217391304346,2026-01,avg_duration_by_zone_hour,False
243,Washington Heights North,20,131,22.109414758269722,19.016666666666666,19.016666666666666,36.983333333333334,0.32061068702290074,2026-01,avg_duration_by_zone_hour,False
238,Upper West Side North,14,4695,14.061292154774582,11.366666666666667,10.408333333333333,26.58666666666671,0.32055378061767836,2026-01,avg_duration_by_zone_hour,False
254,Williamsbridge/Olinville,11,78,51.9241452991453,46.45,46.45,96.21499999999999,0.32051282051282054,2026-01,avg_duration_by_zone_hour,False
244,Washington Heights South,1,181,15.139594843462248,14.15,14.15,24.783333333333335,0.32044198895027626,2026-01,avg_duration_by_zone_hour,False
143,Lincoln Square West,9,2947,14.269726275308223,12.633333333333333,12.541666666666668,25.303333333333338,0.3203257550050899,2026-01,avg_duration_by_zone_hour,False
51,Co-Op City,11,75,52.81133333333333,49.333333333333336,49.333333333333336,91.91666666666674,0.32,2026-01,avg_duration_by_zone_hour,False
51,Co-Op City,21,50,32.76433333333333,22.308333333333334,22.308333333333334,74.99666666666668,0.32,2026-01,avg_duration_by_zone_hour,False
134,Kew Gardens,14,50,28.752666666666663,23.133333333333333,23.133333333333333,57.51500000000001,0.32,2026-01,avg_duration_by_zone_hour,False
213,Soundview/Castle Hill,18,50,28.182,22.208333333333332,22.208333333333332,63.64000000000001,0.32,2026-01,avg_duration_by_zone_hour,False
223,Steinway,16,150,26.69366666666667,25.416666666666664,25.416666666666664,44.81333333333333,0.32,2026-01,avg_duration_by_zone_hour,False
217,South Williamsburg,19,50,20.817666666666668,16.53333333333333,16.53333333333333,44.04333333333333,0.32,2026-01,avg_duration_by_zone_hour,False
168,Mott Haven/Port Morris,5,100,20.466333333333335,16.0,16.0,38.343333333333334,0.32,2026-01,avg_duration_by_zone_hour,False
143,Lincoln Square West,0,472,13.869032485875707,12.725,12.725,24.920000000000016,0.3199152542372881,2026-01,avg_duration_by_zone_hour,False
232,Two Bridges/Seward Park,22,694,16.46611431316042,15.575,15.575,26.841666666666672,0.31988472622478387,2026-01,avg_duration_by_zone_hour,False
224,Stuy Town/Peter Cooper Village,9,594,14.998232323232324,13.133333333333333,13.133333333333333,25.231666666666687,0.31986531986531985,2026-01,avg_duration_by_zone_hour,False
45,Chinatown,22,494,16.29689608636977,15.975,15.975,26.216666666666665,0.31983805668016196,2026-01,avg_duration_by_zone_hour,False
61,Crown Heights North,2,122,22.705054644808744,22.71666666666667,22.71666666666667,35.30666666666667,0.319672131147541,2026-01,avg_duration_by_zone_hour,False
36,Bushwick North,11,97,31.93092783505155,28.45,28.45,49.30666666666667,0.31958762886597936,2026-01,avg_duration_by_zone_hour,False
225,Stuyvesant Heights,2,97,20.853780068728522,20.55,20.55,35.04666666666667,0.31958762886597936,2026-01,avg_duration_by_zone_hour,False
158,Meatpacking/West Village West,4,194,14.747079037800688,13.0,13.0,25.696666666666665,0.31958762886597936,2026-01,avg_duration_by_zone_hour,False
208,Schuylerville/Edgewater Park,6,72,41.92268518518519,39.333333333333336,39.333333333333336,67.895,0.3194444444444444,2026-01,avg_duration_by_zone_hour,False
177,Ocean Hill,20,72,28.714814814814815,28.15833333333333,28.15833333333333,43.269999999999996,0.3194444444444444,2026-01,avg_duration_by_zone_hour,False
224,Stuy Town/Peter Cooper Village,13,454,16.64588839941263,14.491666666666667,14.491666666666667,27.213333333333335,0.31938325991189426,2026-01,avg_duration_by_zone_hour,False
17,Bedford,13,191,36.61178010471205,32.21666666666667,32.21666666666667,67.25,0.3193717277486911,2026-01,avg_duration_by_zone_hour,False
49,Clinton Hill,7,191,29.730802792321114,25.283333333333335,25.283333333333335,55.916666666666664,0.3193717277486911,2026-01,avg_duration_by_zone_hour,False
164,Midtown South,17,4797,16.43647418525467,13.6,13.35,29.716666666666665,0.31936627058578276,2026-01,avg_duration_by_zone_hour,False
164,Midtown South,18,5481,14.892948367086298,13.05,13.05,25.483333333333334,0.31928480204342274,2026-01,avg_duration_by_zone_hour,False
255,Williamsburg (North Side),16,213,25.158450704225352,23.433333333333334,23.433333333333334,37.580000000000005,0.3192488262910798,2026-01,avg_duration_by_zone_hour,False
148,Lower East Side,10,802,16.134933499584374,14.558333333333334,14.558333333333334,26.696666666666665,0.3192019950124688,2026-01,avg_duration_by_zone_hour,False
126,Hunts Point,14,47,31.75141843971631,29.45,29.45,53.54666666666667,0.3191489361702128,2026-01,avg_duration_by_zone_hour,False
220,Spuyten Duyvil/Kingsbridge,17,47,30.04432624113475,25.183333333333334,25.183333333333334,52.31333333333333,0.3191489361702128,2026-01,avg_duration_by_zone_hour,False
62,Crown Heights South,19,94,29.87890070921986,27.166666666666668,27.166666666666668,54.38666666666667,0.3191489361702128,2026-01,avg_duration_by_zone_hour,False
129,Jackson Heights,18,235,22.826099290780142,20.666666666666668,20.666666666666668,40.50666666666667,0.3191489361702128,2026-01,avg_duration_by_zone_hour,False
49,Clinton Hill,23,188,21.44663120567376,20.2,20.2,35.083333333333336,0.3191489361702128,2026-01,avg_duration_by_zone_hour,False
247,West Concourse,20,47,17.76382978723404,13.1,13.1,29.986666666666657,0.3191489361702128,2026-01,avg_duration_by_zone_hour,False
230,Times Sq/Theatre District,17,7013,17.607450449165835,14.233333333333333,12.933333333333334,31.810000000000006,0.31912163125623844,2026-01,avg_duration_by_zone_hour,False
88,Financial District South,17,1028,24.74205577172503,20.450000000000003,20.450000000000003,45.77166666666667,0.31906614785992216,2026-01,avg_duration_by_zone_hour,False
49,Clinton Hill,9,210,29.991587301587302,26.416666666666668,26.416666666666668,56.533333333333324,0.319047619047619,2026-01,avg_duration_by_zone_hour,False
7,Astoria,9,533,25.53958724202627,23.233333333333334,23.233333333333334,43.43000000000001,0.31894934333958724,2026-01,avg_duration_by_zone_hour,False
163,Midtown North,17,6807,15.493354879780618,12.683333333333334,11.141666666666666,27.696666666666683,0.3189363890113119,2026-01,avg_duration_by_zone_hour,False
162,Midtown East,16,7112,16.222185508061493,13.466666666666667,12.766666666666666,28.316666666666666,0.3188976377952756,2026-01,avg_duration_by_zone_hour,False
223,Steinway,12,138,22.534541062801935,20.741666666666667,20.741666666666667,37.46666666666667,0.3188405797101449,2026-01,avg_duration_by_zone_hour,False
89,Flatbush/Ditmas Park,7,411,39.60928629359286,36.016666666666666,36.016666666666666,70.56666666666666,0.31873479318734793,2026-01,avg_duration_by_zone_hour,False
48,Clinton East,20,4537,13.534119462199692,11.683333333333334,11.683333333333334,24.216666666666665,0.318712805818823,2026-01,avg_duration_by_zone_hour,False
87,Financial District North,23,1503,16.35721889554225,15.0,15.0,25.69333333333333,0.31869594145043245,2026-01,avg_duration_by_zone_hour,False
198,Ridgewood,19,91,23.502930402930406,22.966666666666665,22.966666666666665,39.55,0.31868131868131866,2026-01,avg_duration_by_zone_hour,False
129,Jackson Heights,19,204,21.094852941176473,19.25,19.25,37.69666666666667,0.31862745098039214,2026-01,avg_duration_by_zone_hour,False
161,Midtown Center,12,7479,16.256108214110622,13.55,12.416666666666668,28.786666666666665,0.31862548469046664,2026-01,avg_duration_by_zone_hour,False
177,Ocean Hill,16,113,42.4141592920354,39.13333333333333,39.13333333333333,77.36333333333334,0.3185840707964602,2026-01,avg_duration_by_zone_hour,False
37,Bushwick South,16,226,34.23480825958702,30.608333333333334,30.608333333333334,64.23333333333333,0.3185840707964602,2026-01,avg_duration_by_zone_hour,False
145,Long Island City/Hunters Point,21,336,18.974652777777777,17.866666666666667,17.866666666666667,30.15,0.31845238095238093,2026-01,avg_duration_by_zone_hour,False
186,Penn Station/Madison Sq West,13,6391,17.503238929744953,15.383333333333333,13.966666666666667,29.666666666666668,0.31841652323580033,2026-01,avg_duration_by_zone_hour,False
113,Greenwich Village North,20,3242,14.478367263006374,12.325,11.399999999999999,26.23166666666667,0.3183220234423196,2026-01,avg_duration_by_zone_hour,False
182,Parkchester,4,44,47.686742424242425,45.891666666666666,45.891666666666666,78.13000000000001,0.3181818181818182,2026-01,avg_duration_by_zone_hour,False
191,Queens Village,17,44,38.609848484848484,37.041666666666664,37.041666666666664,79.37166666666667,0.3181818181818182,2026-01,avg_duration_by_zone_hour,False
219,Springfield Gardens South,18,44,36.088257575757574,36.99166666666667,36.99166666666667,66.78,0.3181818181818182,2026-01,avg_duration_by_zone_hour,False
106,Gowanus,12,44,29.41287878787879,24.141666666666666,24.141666666666666,52.23833333333335,0.3181818181818182,2026-01,avg_duration_by_zone_hour,False
189,Prospect Heights,17,88,28.76401515151515,27.741666666666667,27.741666666666667,45.074999999999996,0.3181818181818182,2026-01,avg_duration_by_zone_hour,False
226,Sunnyside,16,396,28.386405723905725,22.75,22.75,52.875,0.3181818181818182,2026-01,avg_duration_by_zone_hour,False
177,Ocean Hill,21,66,25.758333333333333,23.425,23.425,42.349999999999994,0.3181818181818182,2026-01,avg_duration_by_zone_hour,False
255,Williamsburg (North Side),12,132,24.306691919191916,23.71666666666667,23.71666666666667,36.25166666666667,0.3181818181818182,2026-01,avg_duration_by_zone_hour,False
25,Boerum Hill,19,286,23.463170163170165,20.46666666666667,20.46666666666667,37.88333333333333,0.3181818181818182,2026-01,avg_duration_by_zone_hour,False
14,Bay Ridge,20,44,23.412121212121214,22.791666666666668,22.791666666666668,39.546666666666674,0.3181818181818182,2026-01,avg_duration_by_zone_hour,False
211,SoHo,3,327,12.799949031600407,11.383333333333333,11.383333333333333,23.863333333333337,0.3180428134556575,2026-01,avg_duration_by_zone_hour,False
4,Alphabet City,7,544,17.567156862745097,14.95,14.95,29.035,0.3180147058823529,2026-01,avg_duration_by_zone_hour,False
74,East Harlem North,23,500,14.8059,13.525,13.525,24.94166666666667,0.318,2026-01,avg_duration_by_zone_hour,False
209,Seaport,17,475,23.568561403508774,19.0,19.0,42.44666666666667,0.3178947368421053,2026-01,avg_duration_by_zone_hour,False
262,Yorkville East,6,1727,10.987820883999229,9.716666666666667,9.716666666666667,18.25,0.31789229878401853,2026-01,avg_duration_by_zone_hour,False
148,Lower East Side,7,516,16.54938630490956,14.475,14.475,27.90833333333333,0.3178294573643411,2026-01,avg_duration_by_zone_hour,False
13,Battery Park City,9,919,17.9525208560029,16.016666666666666,16.016666666666666,31.826666666666668,0.3177366702937976,2026-01,avg_duration_by_zone_hour,False
186,Penn Station/Madison Sq West,15,5943,18.076367154635708,15.216666666666667,13.533333333333333,31.54666666666667,0.3176846710415615,2026-01,avg_duration_by_zone_hour,False
230,Times Sq/Theatre District,18,7348,15.764661585919072,13.541666666666668,12.708333333333334,27.416666666666668,0.3176374523679913,2026-01,avg_duration_by_zone_hour,False
230,Times Sq/Theatre District,19,6527,14.659432613247537,12.883333333333333,11.6,25.383333333333333,0.3176037996016547,2026-01,avg_duration_by_zone_hour,False
158,Meatpacking/West Village West,2,1241,12.747085683588503,11.666666666666666,11.666666666666666,22.1,0.3174858984689766,2026-01,avg_duration_by_zone_hour,False
78,East Tremont,13,63,44.535714285714285,38.35,38.35,83.09333333333333,0.31746031746031744,2026-01,avg_duration_by_zone_hour,False
167,Morrisania/Melrose,10,63,41.566931216931216,39.9,39.9,75.61333333333334,0.31746031746031744,2026-01,avg_duration_by_zone_hour,False
258,Woodhaven,6,126,37.54920634920635,34.80833333333334,34.80833333333334,67.275,0.31746031746031744,2026-01,avg_duration_by_zone_hour,False
79,East Village,9,2758,13.97678269277254,12.433333333333334,12.433333333333334,24.433333333333334,0.31725888324873097,2026-01,avg_duration_by_zone_hour,False
68,East Chelsea,15,4984,17.33627942750134,14.633333333333333,14.1,31.289999999999996,0.317215088282504,2026-01,avg_duration_by_zone_hour,False
33,Brooklyn Heights,23,227,19.698972099853158,18.216666666666665,18.216666666666665,31.226666666666667,0.31718061674008813,2026-01,avg_duration_by_zone_hour,False
68,East Chelsea,19,6372,15.652749006068214,14.041666666666668,13.425,27.533333333333335,0.31716886377903325,2026-01,avg_duration_by_zone_hour,False
246,West Chelsea/Hudson Yards,12,2961,16.193633907463695,14.416666666666666,13.416666666666668,27.266666666666666,0.3171225937183384,2026-01,avg_duration_by_zone_hour,False
230,Times Sq/Theatre District,13,4626,17.96415549791036,13.733333333333333,12.241666666666667,35.63333333333333,0.31712062256809337,2026-01,avg_duration_by_zone_hour,False
203,Rosedale,7,41,64.98780487804878,69.8,69.8,114.2,0.3170731707317073,2026-01,avg_duration_by_zone_hour,False
60,Crotona Park East,12,41,39.50569105691057,37.28333333333333,37.28333333333333,74.35,0.3170731707317073,2026-01,avg_duration_by_zone_hour,False
196,Rego Park,16,41,26.386991869918695,21.266666666666666,21.266666666666666,53.333333333333336,0.3170731707317073,2026-01,avg_duration_by_zone_hour,False
193,Queensbridge/Ravenswood,19,82,22.903455284552845,22.358333333333334,22.358333333333334,39.15166666666667,0.3170731707317073,2026-01,avg_duration_by_zone_hour,False
65,Downtown Brooklyn/MetroTech,3,41,16.917073170731708,15.916666666666666,15.916666666666666,26.133333333333333,0.3170731707317073,2026-01,avg_duration_by_zone_hour,False
13,Battery Park City,1,82,16.008943089430893,14.866666666666667,14.866666666666667,24.040000000000006,0.3170731707317073,2026-01,avg_duration_by_zone_hour,False
146,Long Island City/Queens Plaza,4,82,15.759959349593496,15.383333333333333,15.383333333333333,24.020000000000003,0.3170731707317073,2026-01,avg_duration_by_zone_hour,False
13,Battery Park City,16,1584,19.30325126262626,16.866666666666667,16.866666666666667,32.56333333333334,0.31691919191919193,2026-01,avg_duration_by_zone_hour,False
42,Central Harlem North,20,467,19.780371163454674,18.566666666666666,18.566666666666666,33.59666666666667,0.3169164882226981,2026-01,avg_duration_by_zone_hour,False
82,Elmhurst,23,142,15.025234741784038,13.666666666666666,13.666666666666666,27.101666666666667,0.31690140845070425,2026-01,avg_duration_by_zone_hour,False
222,Starrett City,10,101,49.31056105610561,46.31666666666667,46.31666666666667,86.86666666666666,0.31683168316831684,2026-01,avg_duration_by_zone_hour,False
143,Lincoln Square West,3,101,12.18960396039604,10.566666666666666,10.566666666666666,24.283333333333335,0.31683168316831684,2026-01,avg_duration_by_zone_hour,False
239,Upper West Side South,10,5186,13.051391567039465,11.0,11.0,24.525,0.31681450057848054,2026-01,avg_duration_by_zone_hour,False
79,East Village,18,5152,15.108032479296066,13.05,11.983333333333333,26.998333333333342,0.3167701863354037,2026-01,avg_duration_by_zone_hour,False
163,Midtown North,15,5260,15.69955956907478,12.716666666666667,11.758333333333333,27.883333333333333,0.3167300380228137,2026-01,avg_duration_by_zone_hour,False
18,Bedford Park,10,60,50.05083333333334,46.2,46.2,86.00333333333333,0.31666666666666665,2026-01,avg_duration_by_zone_hour,False
238,Upper West Side North,9,4292,14.426770736253495,12.333333333333334,12.333333333333334,26.54666666666667,0.31663560111835976,2026-01,avg_duration_by_zone_hour,False
142,Lincoln Square East,13,5828,13.204810112102493,11.05,10.333333333333334,23.87166666666667,0.3165751544269046,2026-01,avg_duration_by_zone_hour,False
36,Bushwick North,17,139,31.21270983213429,30.35,30.35,52.64000000000001,0.31654676258992803,2026-01,avg_duration_by_zone_hour,False
42,Central Harlem North,5,335,19.65900497512438,17.383333333333333,17.383333333333333,32.04666666666667,0.3164179104477612,2026-01,avg_duration_by_zone_hour,False
78,East Tremont,7,136,47.835539215686275,43.775000000000006,43.775000000000006,97.71666666666667,0.3161764705882353,2026-01,avg_duration_by_zone_hour,False
7,Astoria,10,427,23.275292740046837,21.683333333333334,21.683333333333334,41.24666666666668,0.3161592505854801,2026-01,avg_duration_by_zone_hour,False
68,East Chelsea,23,3764,14.925828019837052,13.5,13.216666666666667,25.628333333333337,0.3161530286928799,2026-01,avg_duration_by_zone_hour,False
170,Murray Hill,22,4008,12.755106453759149,11.558333333333334,11.266666666666667,21.05,0.3161177644710579,2026-01,avg_duration_by_zone_hour,False
182,Parkchester,8,193,43.916580310880825,39.88333333333333,39.88333333333333,80.72333333333336,0.3160621761658031,2026-01,avg_duration_by_zone_hour,False
61,Crown Heights North,22,250,24.466,24.066666666666666,24.066666666666666,40.294999999999995,0.316,2026-01,avg_duration_by_zone_hour,False
124,Howard Beach,8,38,43.21754385964912,45.54166666666667,45.54166666666667,85.85333333333334,0.3157894736842105,2026-01,avg_duration_by_zone_hour,False
196,Rego Park,11,57,37.589766081871346,37.4,37.4,60.15,0.3157894736842105,2026-01,avg_duration_by_zone_hour,False
257,Windsor Terrace,8,76,36.65241228070175,36.63333333333333,36.63333333333333,56.325,0.3157894736842105,2026-01,avg_duration_by_zone_hour,False
131,Jamaica Estates,6,76,33.11535087719299,29.708333333333336,29.708333333333336,57.06666666666666,0.3157894736842105,2026-01,avg_duration_by_zone_hour,False
51,Co-Op City,20,38,23.301754385964912,19.141666666666666,19.141666666666666,35.43,0.3157894736842105,2026-01,avg_duration_by_zone_hour,False
36,Bushwick North,20,152,23.04967105263158,22.791666666666664,22.791666666666664,36.230000000000004,0.3157894736842105,2026-01,avg_duration_by_zone_hour,False
196,Rego Park,19,57,17.993859649122808,17.716666666666665,17.716666666666665,32.23,0.3157894736842105,2026-01,avg_duration_by_zone_hour,False
83,Elmhurst/Maspeth,0,38,14.614912280701754,14.1,14.1,25.546666666666674,0.3157894736842105,2026-01,avg_duration_by_zone_hour,False
43,Central Park,3,38,12.010964912280702,10.166666666666668,10.166666666666668,21.530000000000012,0.3157894736842105,2026-01,avg_duration_by_zone_hour,False
87,Financial District North,14,966,20.990769496204276,18.075000000000003,18.075000000000003,36.025,0.31573498964803315,2026-01,avg_duration_by_zone_hour,False
7,Astoria,23,415,18.177911646586345,18.15,18.15,28.060000000000006,0.3156626506024096,2026-01,avg_duration_by_zone_hour,False
33,Brooklyn Heights,22,320,19.776979166666667,18.633333333333333,18.633333333333333,30.69666666666667,0.315625,2026-01,avg_duration_by_zone_hour,False
114,Greenwich Village South,6,206,12.778236245954693,10.791666666666668,10.791666666666668,22.491666666666667,0.3155339805825243,2026-01,avg_duration_by_zone_hour,False
262,Yorkville East,9,3887,13.473094074264642,12.2,11.833333333333334,23.33666666666667,0.315410342166195,2026-01,avg_duration_by_zone_hour,False
164,Midtown South,20,4388,14.234438620480097,12.9,12.600000000000001,23.79333333333334,0.3154056517775752,2026-01,avg_duration_by_zone_hour,False
68,East Chelsea,14,4699,17.752908420231257,15.166666666666666,14.6,31.30666666666666,0.31538625239412643,2026-01,avg_duration_by_zone_hour,False
237,Upper East Side South,5,314,13.112579617834395,9.241666666666667,9.241666666666667,27.75166666666665,0.31528662420382164,2026-01,avg_duration_by_zone_hour,False
224,Stuy Town/Peter Cooper Village,5,184,12.713043478260868,11.075,11.075,18.39166666666667,0.31521739130434784,2026-01,avg_duration_by_zone_hour,False
234,Union Sq,19,7177,13.930871766290466,12.133333333333333,11.066666666666666,24.606666666666676,0.31517347080953045,2026-01,avg_duration_by_zone_hour,False
179,Old Astoria,15,165,29.888787878787877,27.133333333333333,27.133333333333333,51.69666666666665,0.3151515151515151,2026-01,avg_duration_by_zone_hour,False
170,Murray Hill,5,492,11.372967479674797,8.708333333333332,8.708333333333332,22.90500000000001,0.3150406504065041,2026-01,avg_duration_by_zone_hour,False
143,Lincoln Square West,8,3003,15.23929958929959,13.7,13.7,25.79333333333334,0.315018315018315,2026-01,avg_duration_by_zone_hour,False
179,Old Astoria,22,127,19.21994750656168,17.966666666666665,17.966666666666665,28.62666666666667,0.31496062992125984,2026-01,avg_duration_by_zone_hour,False
179,Old Astoria,13,181,27.400552486187845,25.683333333333334,25.683333333333334,44.333333333333336,0.3149171270718232,2026-01,avg_duration_by_zone_hour,False
223,Steinway,7,235,25.716382978723406,23.9,23.9,44.42666666666666,0.3148936170212766,2026-01,avg_duration_by_zone_hour,False
179,Old Astoria,18,216,24.72368827160494,23.383333333333333,23.383333333333333,42.375,0.3148148148148148,2026-01,avg_duration_by_zone_hour,False
228,Sunset Park West,6,54,24.03858024691358,24.03333333333333,24.03333333333333,38.26166666666667,0.3148148148148148,2026-01,avg_duration_by_zone_hour,False
36,Bushwick North,21,162,21.555555555555557,21.425,21.425,34.16166666666666,0.3148148148148148,2026-01,avg_duration_by_zone_hour,False
236,Upper East Side North,21,5126,11.824957731824684,9.383333333333333,8.141666666666666,22.733333333333334,0.31467030823254,2026-01,avg_duration_by_zone_hour,False
236,Upper East Side North,12,10566,13.35967884409111,10.8,9.291666666666668,25.016666666666666,0.3145939806927882,2026-01,avg_duration_by_zone_hour,False
226,Sunnyside,12,264,23.06685606060606,20.71666666666667,20.71666666666667,38.421666666666674,0.3143939393939394,2026-01,avg_duration_by_zone_hour,False
161,Midtown Center,6,862,11.338515081206495,8.15,8.15,23.564999999999994,0.314385150812065,2026-01,avg_duration_by_zone_hour,False
61,Crown Heights North,13,334,36.125,31.733333333333334,31.733333333333334,63.239999999999995,0.3143712574850299,2026-01,avg_duration_by_zone_hour,False
97,Fort Greene,19,334,23.666516966067864,21.133333333333333,21.133333333333333,37.964999999999996,0.3143712574850299,2026-01,avg_duration_by_zone_hour,False
13,Battery Park City,12,1069,17.986981602743995,16.583333333333332,16.583333333333332,28.78666666666667,0.31431244153414406,2026-01,avg_duration_by_zone_hour,False
86,Far Rockaway,4,35,89.24095238095238,84.6,84.6,116.74333333333334,0.3142857142857143,2026-01,avg_duration_by_zone_hour,False
185,Pelham Parkway,14,35,37.05047619047619,34.31666666666667,34.31666666666667,67.53333333333333,0.3142857142857143,2026-01,avg_duration_by_zone_hour,False
227,Sunset Park East,6,35,27.722380952380952,25.8,25.8,54.01000000000002,0.3142857142857143,2026-01,avg_duration_by_zone_hour,False
169,Mount Hope,19,35,25.010952380952382,18.866666666666667,18.866666666666667,43.873333333333335,0.3142857142857143,2026-01,avg_duration_by_zone_hour,False
71,East Flatbush/Farragut,22,35,23.41095238095238,20.333333333333332,20.333333333333332,36.73666666666667,0.3142857142857143,2026-01,avg_duration_by_zone_hour,False
160,Middle Village,19,35,18.493333333333332,16.383333333333333,16.383333333333333,31.990000000000002,0.3142857142857143,2026-01,avg_duration_by_zone_hour,False
88,Financial District South,5,35,18.234761904761907,15.133333333333333,15.133333333333333,25.986666666666668,0.3142857142857143,2026-01,avg_duration_by_zone_hour,False
211,SoHo,17,2310,17.607460317460315,15.133333333333333,15.133333333333333,30.651666666666664,0.3142857142857143,2026-01,avg_duration_by_zone_hour,False
95,Forest Hills,22,105,16.440952380952382,14.8,14.8,28.82666666666667,0.3142857142857143,2026-01,avg_duration_by_zone_hour,False
66,DUMBO/Vinegar Hill,20,296,20.666497747747748,19.608333333333334,19.608333333333334,30.816666666666666,0.3141891891891892,2026-01,avg_duration_by_zone_hour,False
148,Lower East Side,5,395,14.353291139240508,13.05,13.05,24.163333333333334,0.3139240506329114,2026-01,avg_duration_by_zone_hour,False
234,Union Sq,16,6011,15.492735540398158,12.45,11.466666666666667,28.366666666666667,0.31375811013142574,2026-01,avg_duration_by_zone_hour,False
155,Marine Park/Mill Basin,14,51,29.990522875816993,25.966666666666665,25.966666666666665,58.36666666666667,0.3137254901960784,2026-01,avg_duration_by_zone_hour,False
215,South Jamaica,23,51,24.129738562091507,22.166666666666668,22.166666666666668,46.583333333333336,0.3137254901960784,2026-01,avg_duration_by_zone_hour,False
33,Brooklyn Heights,19,338,21.38141025641026,19.616666666666667,19.616666666666667,32.711666666666666,0.3136094674556213,2026-01,avg_duration_by_zone_hour,False
166,Morningside Heights,6,338,16.594033530571995,14.85,14.85,27.123333333333335,0.3136094674556213,2026-01,avg_duration_by_zone_hour,False
209,Seaport,7,118,21.13389830508475,19.125,19.125,32.995,0.3135593220338983,2026-01,avg_duration_by_zone_hour,False
232,Two Bridges/Seward Park,10,555,20.744264264264267,17.433333333333334,17.433333333333334,35.85333333333334,0.31351351351351353,2026-01,avg_duration_by_zone_hour,False
68,East Chelsea,18,6979,16.06742369967044,14.2,14.166666666666668,28.189999999999994,0.31351196446482305,2026-01,avg_duration_by_zone_hour,False
205,Saint Albans,16,67,45.6726368159204,49.516666666666666,49.516666666666666,97.40333333333334,0.31343283582089554,2026-01,avg_duration_by_zone_hour,False
37,Bushwick South,9,335,31.647512437810942,27.966666666666665,27.966666666666665,52.20666666666667,0.31343283582089554,2026-01,avg_duration_by_zone_hour,False
4,Alphabet City,9,686,16.459402332361517,14.566666666666666,14.566666666666666,26.483333333333334,0.31341107871720114,2026-01,avg_duration_by_zone_hour,False
238,Upper West Side North,7,2703,14.399420397089653,12.716666666666667,12.716666666666667,24.49666666666667,0.3133555308916019,2026-01,avg_duration_by_zone_hour,False
179,Old Astoria,12,166,25.563955823293174,23.975,23.975,42.5,0.3132530120481928,2026-01,avg_duration_by_zone_hour,False
7,Astoria,7,712,25.008965355805245,23.916666666666664,23.916666666666664,39.0,0.31320224719101125,2026-01,avg_duration_by_zone_hour,False
243,Washington Heights North,16,198,27.919107744107745,24.525,24.525,48.11000000000001,0.31313131313131315,2026-01,avg_duration_by_zone_hour,False
198,Ridgewood,3,99,20.921717171717173,19.9,19.9,32.77,0.31313131313131315,2026-01,avg_duration_by_zone_hour,False
260,Woodside,1,115,14.389855072463767,13.983333333333333,13.983333333333333,22.946666666666665,0.3130434782608696,2026-01,avg_duration_by_zone_hour,False
100,Garment District,6,1543,9.912324476128754,7.95,7.95,17.293333333333333,0.3130265716137395,2026-01,avg_duration_by_zone_hour,False
48,Clinton East,23,4384,13.307097779805353,11.833333333333334,11.383333333333333,23.706666666666674,0.31295620437956206,2026-01,avg_duration_by_zone_hour,False
181,Park Slope,19,294,24.09251700680272,22.933333333333334,22.933333333333334,40.361666666666665,0.3129251700680272,2026-01,avg_duration_by_zone_hour,False
113,Greenwich Village North,8,1554,13.540990990990991,12.075,12.075,23.995,0.3127413127413127,2026-01,avg_duration_by_zone_hour,False
162,Midtown East,17,9254,16.763296952669116,14.366666666666667,13.366666666666667,29.261666666666677,0.3127296304300843,2026-01,avg_duration_by_zone_hour,False
66,DUMBO/Vinegar Hill,16,291,23.8713058419244,21.866666666666667,21.866666666666667,37.2,0.3127147766323024,2026-01,avg_duration_by_zone_hour,False
249,West Village,6,659,12.802832574607994,10.816666666666666,10.816666666666666,24.003333333333334,0.3125948406676783,2026-01,avg_duration_by_zone_hour,False
185,Pelham Parkway,17,32,48.626041666666666,45.65833333333333,45.65833333333333,99.94000000000001,0.3125,2026-01,avg_duration_by_zone_hour,False
136,Kingsbridge Heights,12,32,39.579166666666666,34.38333333333333,34.38333333333333,70.24500000000002,0.3125,2026-01,avg_duration_by_zone_hour,False
219,Springfield Gardens South,17,32,33.2921875,33.766666666666666,33.766666666666666,54.2,0.3125,2026-01,avg_duration_by_zone_hour,False
212,Soundview/Bruckner,18,32,29.110416666666666,22.25,22.25,58.128333333333345,0.3125,2026-01,avg_duration_by_zone_hour,False
127,Inwood,11,96,27.939062500000002,23.65,23.65,48.05833333333334,0.3125,2026-01,avg_duration_by_zone_hour,False
219,Springfield Gardens South,21,32,27.2328125,24.866666666666667,24.866666666666667,45.38166666666667,0.3125,2026-01,avg_duration_by_zone_hour,False
80,East Williamsburg,7,160,26.72,24.308333333333334,24.308333333333334,42.53666666666665,0.3125,2026-01,avg_duration_by_zone_hour,False
173,North Corona,17,32,25.070833333333333,20.616666666666667,20.616666666666667,50.04166666666667,0.3125,2026-01,avg_duration_by_zone_hour,False
157,Maspeth,22,48,23.27673611111111,20.725,20.725,44.96333333333334,0.3125,2026-01,avg_duration_by_zone_hour,False
160,Middle Village,17,32,22.8171875,18.625,18.625,43.64333333333335,0.3125,2026-01,avg_duration_by_zone_hour,False
52,Cobble Hill,20,64,20.405989583333334,18.424999999999997,18.424999999999997,33.185,0.3125,2026-01,avg_duration_by_zone_hour,False
95,Forest Hills,20,96,20.213541666666668,18.59166666666667,18.59166666666667,35.84166666666667,0.3125,2026-01,avg_duration_by_zone_hour,False
173,North Corona,18,32,19.13854166666667,16.875,16.875,36.55666666666668,0.3125,2026-01,avg_duration_by_zone_hour,False
129,Jackson Heights,22,192,19.115798611111114,18.85,18.85,29.641666666666666,0.3125,2026-01,avg_duration_by_zone_hour,False
26,Borough Park,22,32,18.5953125,17.1,17.1,33.42166666666667,0.3125,2026-01,avg_duration_by_zone_hour,False
157,Maspeth,3,48,18.19861111111111,16.35,16.35,30.050000000000015,0.3125,2026-01,avg_duration_by_zone_hour,False
72,East Flatbush/Remsen Village,23,48,16.423958333333335,11.958333333333332,11.958333333333332,37.89,0.3125,2026-01,avg_duration_by_zone_hour,False
116,Hamilton Heights,3,96,14.893229166666666,13.925,13.925,24.641666666666666,0.3125,2026-01,avg_duration_by_zone_hour,False
169,Mount Hope,22,32,13.883854166666667,12.441666666666666,12.441666666666666,24.558333333333344,0.3125,2026-01,avg_duration_by_zone_hour,False
37,Bushwick South,4,333,20.136686686686687,19.016666666666666,19.016666666666666,31.08,0.3123123123123123,2026-01,avg_duration_by_zone_hour,False
234,Union Sq,17,6804,15.681106701940035,12.875,12.383333333333333,28.42833333333333,0.31216931216931215,2026-01,avg_duration_by_zone_hour,False
181,Park Slope,7,157,30.880573248407643,28.083333333333332,28.083333333333332,48.11000000000001,0.31210191082802546,2026-01,avg_duration_by_zone_hour,False
232,Two Bridges/Seward Park,11,471,21.712491153573957,18.85,18.85,38.56666666666667,0.31210191082802546,2026-01,avg_duration_by_zone_hour,False
148,Lower East Side,22,3595,15.466337505795085,14.466666666666667,14.466666666666667,26.209999999999997,0.3121001390820584,2026-01,avg_duration_by_zone_hour,False
237,Upper East Side South,14,11936,13.024166387399465,10.466666666666667,9.233333333333333,23.941666666666666,0.31199731903485256,2026-01,avg_duration_by_zone_hour,False
238,Upper West Side North,13,4404,13.890531335149864,11.166666666666666,9.233333333333333,26.483333333333334,0.3119891008174387,2026-01,avg_duration_by_zone_hour,False
209,Seaport,23,436,16.087155963302752,14.958333333333332,14.958333333333332,25.683333333333334,0.3119266055045872,2026-01,avg_duration_by_zone_hour,False
14,Bay Ridge,7,186,39.634139784946235,37.54166666666667,37.54166666666667,72.79166666666666,0.3118279569892473,2026-01,avg_duration_by_zone_hour,False
148,Lower East Side,21,2867,15.523427508429252,14.166666666666666,14.166666666666666,26.44,0.3118242064876177,2026-01,avg_duration_by_zone_hour,False
97,Fort Greene,8,263,27.19397972116603,23.5,23.5,45.866666666666674,0.311787072243346,2026-01,avg_duration_by_zone_hour,False
107,Gramercy,18,5103,14.711826376641191,12.733333333333333,12.733333333333333,25.7,0.3117773858514599,2026-01,avg_duration_by_zone_hour,False
25,Boerum Hill,10,154,31.335497835497836,28.241666666666667,28.241666666666667,52.68166666666669,0.3116883116883117,2026-01,avg_duration_by_zone_hour,False
39,Canarsie,20,77,27.639393939393937,24.916666666666668,24.916666666666668,55.33,0.3116883116883117,2026-01,avg_duration_by_zone_hour,False
65,Downtown Brooklyn/MetroTech,7,154,20.903787878787877,19.4,19.4,36.20666666666667,0.3116883116883117,2026-01,avg_duration_by_zone_hour,False
80,East Williamsburg,0,446,18.991367713004482,18.066666666666666,18.066666666666666,29.266666666666666,0.3116591928251121,2026-01,avg_duration_by_zone_hour,False
225,Stuyvesant Heights,9,321,35.147819314641744,32.233333333333334,32.233333333333334,61.9,0.3115264797507788,2026-01,avg_duration_by_zone_hour,False
203,Rosedale,5,61,63.001639344262294,60.45,60.45,110.26666666666667,0.3114754098360656,2026-01,avg_duration_by_zone_hour,False
70,East Elmhurst,7,122,33.06325136612022,31.5,31.5,53.248333333333356,0.3114754098360656,2026-01,avg_duration_by_zone_hour,False
89,Flatbush/Ditmas Park,23,122,23.76530054644809,22.058333333333334,22.058333333333334,38.41833333333334,0.3114754098360656,2026-01,avg_duration_by_zone_hour,False
144,Little Italy/NoLiTa,19,2691,15.586597299640777,13.783333333333333,13.783333333333333,27.533333333333335,0.3114083983649201,2026-01,avg_duration_by_zone_hour,False
112,Greenpoint,18,424,23.84316037735849,22.03333333333333,22.03333333333333,39.24166666666666,0.3113207547169811,2026-01,avg_duration_by_zone_hour,False
42,Central Harlem North,22,453,17.967255334805003,17.0,17.0,27.470000000000002,0.31125827814569534,2026-01,avg_duration_by_zone_hour,False
209,Seaport,11,241,21.467081604426003,18.2,18.2,41.05,0.3112033195020747,2026-01,avg_duration_by_zone_hour,False
117,Hammels/Arverne,13,45,60.89333333333333,63.06666666666667,63.06666666666667,99.68,0.3111111111111111,2026-01,avg_duration_by_zone_hour,False
56,Corona,14,45,30.81074074074074,27.633333333333333,27.633333333333333,49.32333333333333,0.3111111111111111,2026-01,avg_duration_by_zone_hour,False
126,Hunts Point,6,45,30.345555555555556,26.983333333333334,26.983333333333334,56.81333333333334,0.3111111111111111,2026-01,avg_duration_by_zone_hour,False
34,Brooklyn Navy Yard,18,45,19.837777777777777,18.3,18.3,32.24,0.3111111111111111,2026-01,avg_duration_by_zone_hour,False
226,Sunnyside,2,225,17.62051851851852,16.666666666666668,16.666666666666668,27.596666666666664,0.3111111111111111,2026-01,avg_duration_by_zone_hour,False
232,Two Bridges/Seward Park,7,524,20.130884223918578,17.0,17.0,33.986666666666665,0.3110687022900763,2026-01,avg_duration_by_zone_hour,False
236,Upper East Side North,6,1781,10.606307317986149,8.4,8.4,18.6,0.3110612015721505,2026-01,avg_duration_by_zone_hour,False
261,World Trade Center,16,1222,23.816612111292965,19.866666666666667,19.866666666666667,43.28333333333337,0.3109656301145663,2026-01,avg_duration_by_zone_hour,False
164,Midtown South,22,4821,13.568893037405793,12.25,11.991666666666667,22.816666666666666,0.31093134204521883,2026-01,avg_duration_by_zone_hour,False
246,West Chelsea/Hudson Yards,20,4211,14.668538747724215,13.25,13.15,24.366666666666667,0.31085252909047734,2026-01,avg_duration_by_zone_hour,False
37,Bushwick South,13,222,32.5201951951952,30.233333333333334,30.233333333333334,52.17666666666666,0.3108108108108108,2026-01,avg_duration_by_zone_hour,False
243,Washington Heights North,0,103,16.01747572815534,15.116666666666667,15.116666666666667,24.509999999999998,0.3106796116504854,2026-01,avg_duration_by_zone_hour,False
170,Murray Hill,19,6305,13.99943166798837,12.9,12.9,23.19333333333334,0.3105471847739889,2026-01,avg_duration_by_zone_hour,False
236,Upper East Side North,13,10190,13.478436375531567,11.008333333333333,9.866666666666667,25.533333333333335,0.3105004906771344,2026-01,avg_duration_by_zone_hour,False
135,Kew Gardens Hills,6,58,36.608620689655176,35.68333333333334,35.68333333333334,62.290000000000006,0.3103448275862069,2026-01,avg_duration_by_zone_hour,False
112,Greenpoint,11,145,23.76712643678161,21.3,21.3,39.70666666666666,0.3103448275862069,2026-01,avg_duration_by_zone_hour,False
226,Sunnyside,7,464,22.29145114942529,20.416666666666664,20.416666666666664,35.47333333333333,0.3103448275862069,2026-01,avg_duration_by_zone_hour,False
88,Financial District South,12,493,20.873089925625422,18.25,18.25,34.47666666666667,0.3103448275862069,2026-01,avg_duration_by_zone_hour,False
127,Inwood,19,87,19.93773946360153,18.266666666666666,18.266666666666666,30.82,0.3103448275862069,2026-01,avg_duration_by_zone_hour,False
114,Greenwich Village South,20,3403,14.31939954941718,12.533333333333333,12.216666666666667,25.74333333333334,0.31002057008521894,2026-01,avg_duration_by_zone_hour,False
263,Yorkville West,6,1739,11.541997316465402,10.283333333333333,10.283333333333333,18.703333333333333,0.3099482461184589,2026-01,avg_duration_by_zone_hour,False
231,TriBeCa/Civic Center,17,3653,18.90813030385984,15.666666666666666,15.558333333333334,33.05333333333335,0.30988228852997535,2026-01,avg_duration_by_zone_hour,False
25,Boerum Hill,20,213,22.735915492957748,20.35,20.35,37.00333333333333,0.30985915492957744,2026-01,avg_duration_by_zone_hour,False
237,Upper East Side South,15,12142,13.413033272936913,10.783333333333333,9.275,24.85,0.3097512765606984,2026-01,avg_duration_by_zone_hour,False
88,Financial District South,14,620,25.675376344086022,20.09166666666667,20.09166666666667,47.596666666666685,0.3096774193548387,2026-01,avg_duration_by_zone_hour,False
87,Financial District North,9,704,19.551822916666666,17.666666666666664,17.666666666666664,31.65166666666667,0.3096590909090909,2026-01,avg_duration_by_zone_hour,False
158,Meatpacking/West Village West,21,2319,14.972869052752625,13.6,13.6,25.41333333333335,0.30961621388529537,2026-01,avg_duration_by_zone_hour,False
244,Washington Heights South,19,491,20.942090970807875,19.266666666666666,19.266666666666666,33.21666666666667,0.3095723014256619,2026-01,avg_duration_by_zone_hour,False
32,Bronxdale,16,42,57.31944444444444,50.3,50.3,97.73499999999999,0.30952380952380953,2026-01,avg_duration_by_zone_hour,False
51,Co-Op City,13,42,49.913888888888884,45.74166666666666,45.74166666666666,92.76166666666666,0.30952380952380953,2026-01,avg_duration_by_zone_hour,False
248,West Farms/Bronx River,10,42,43.68055555555556,46.75,46.75,71.39499999999998,0.30952380952380953,2026-01,avg_duration_by_zone_hour,False
133,Kensington,10,42,35.69404761904762,31.491666666666667,31.491666666666667,55.941666666666656,0.30952380952380953,2026-01,avg_duration_by_zone_hour,False
63,Cypress Hills,10,84,30.00138888888889,25.15,25.15,52.41000000000001,0.30952380952380953,2026-01,avg_duration_by_zone_hour,False
168,Mott Haven/Port Morris,20,84,17.052380952380954,15.558333333333334,15.558333333333334,24.968333333333334,0.30952380952380953,2026-01,avg_duration_by_zone_hour,False
236,Upper East Side North,9,8462,12.44678956905381,10.366666666666667,10.366666666666667,23.233333333333334,0.30950129992909475,2026-01,avg_duration_by_zone_hour,False
186,Penn Station/Madison Sq West,19,6482,15.915478761699063,14.35,12.658333333333333,27.298333333333343,0.30931811169392165,2026-01,avg_duration_by_zone_hour,False
205,Saint Albans,5,97,51.2298969072165,52.63333333333333,52.63333333333333,79.98,0.30927835051546393,2026-01,avg_duration_by_zone_hour,False
186,Penn Station/Madison Sq West,14,5824,17.614932463369964,14.908333333333333,13.5,30.494999999999997,0.3092376373626374,2026-01,avg_duration_by_zone_hour,False
148,Lower East Side,11,996,16.402242302543506,14.791666666666668,14.791666666666668,28.45,0.3092369477911647,2026-01,avg_duration_by_zone_hour,False
243,Washington Heights North,18,207,23.876409017713367,22.533333333333335,22.533333333333335,38.18,0.30917874396135264,2026-01,avg_duration_by_zone_hour,False
234,Union Sq,23,4632,13.121527777777777,11.541666666666668,11.216666666666667,23.016666666666666,0.30915371329879104,2026-01,avg_duration_by_zone_hour,False
29,Brighton Beach,7,55,54.57545454545455,57.13333333333333,57.13333333333333,97.56,0.3090909090909091,2026-01,avg_duration_by_zone_hour,False
167,Morrisania/Melrose,15,55,47.57666666666667,42.833333333333336,42.833333333333336,92.27333333333334,0.3090909090909091,2026-01,avg_duration_by_zone_hour,False
195,Red Hook,14,55,31.76636363636364,26.666666666666668,26.666666666666668,51.339999999999996,0.3090909090909091,2026-01,avg_duration_by_zone_hour,False
17,Bedford,5,110,29.770151515151515,25.566666666666666,25.566666666666666,53.875,0.3090909090909091,2026-01,avg_duration_by_zone_hour,False
28,Briarwood/Jamaica Hills,15,55,25.867575757575757,23.816666666666666,23.816666666666666,45.78666666666667,0.3090909090909091,2026-01,avg_duration_by_zone_hour,False
223,Steinway,6,110,24.531363636363636,21.950000000000003,21.950000000000003,38.86000000000001,0.3090909090909091,2026-01,avg_duration_by_zone_hour,False
25,Boerum Hill,5,55,23.96575757575758,21.05,21.05,32.88666666666667,0.3090909090909091,2026-01,avg_duration_by_zone_hour,False
260,Woodside,18,165,18.801717171717172,16.566666666666666,16.566666666666666,34.54333333333334,0.3090909090909091,2026-01,avg_duration_by_zone_hour,False
87,Financial District North,3,275,16.351151515151514,15.166666666666666,15.166666666666666,26.259999999999998,0.3090909090909091,2026-01,avg_duration_by_zone_hour,False
224,Stuy Town/Peter Cooper Village,0,275,13.980484848484847,12.85,12.85,22.80333333333333,0.3090909090909091,2026-01,avg_duration_by_zone_hour,False
107,Gramercy,20,4559,13.303271916355927,12.016666666666667,12.016666666666667,22.35333333333333,0.3090590041675806,2026-01,avg_duration_by_zone_hour,False
186,Penn Station/Madison Sq West,18,6850,16.48578832116788,14.633333333333333,13.808333333333334,28.1,0.30905109489051097,2026-01,avg_duration_by_zone_hour,False
261,World Trade Center,17,1408,22.417495265151516,20.0,20.0,36.366666666666646,0.30894886363636365,2026-01,avg_duration_by_zone_hour,False
244,Washington Heights South,2,123,13.878861788617886,13.216666666666667,13.216666666666667,22.186666666666667,0.3089430894308943,2026-01,avg_duration_by_zone_hour,False
209,Seaport,1,314,15.207430997876857,13.775,13.775,25.613333333333326,0.3089171974522293,2026-01,avg_duration_by_zone_hour,False
142,Lincoln Square East,6,942,12.31065109695683,9.783333333333333,9.783333333333333,22.014999999999997,0.3089171974522293,2026-01,avg_duration_by_zone_hour,False
239,Upper West Side South,20,4659,11.638083995134865,9.416666666666666,9.3,22.533333333333335,0.3088645632109895,2026-01,avg_duration_by_zone_hour,False
7,Astoria,22,395,18.159493670886075,17.566666666666666,17.566666666666666,28.84333333333334,0.30886075949367087,2026-01,avg_duration_by_zone_hour,False
87,Financial District North,22,1470,16.923242630385488,15.491666666666667,15.491666666666667,25.67833333333335,0.308843537414966,2026-01,avg_duration_by_zone_hour,False
249,West Village,19,4598,14.708442076265044,12.933333333333334,12.883333333333333,26.138333333333335,0.3088299260548064,2026-01,avg_duration_by_zone_hour,False
92,Flushing,14,68,40.38406862745098,41.575,41.575,69.99000000000001,0.3088235294117647,2026-01,avg_duration_by_zone_hour,False
61,Crown Heights North,6,340,33.070245098039216,28.141666666666666,28.141666666666666,60.255,0.3088235294117647,2026-01,avg_duration_by_zone_hour,False
228,Sunset Park West,0,68,21.625245098039215,21.208333333333336,21.208333333333336,36.415000000000006,0.3088235294117647,2026-01,avg_duration_by_zone_hour,False
88,Financial District South,16,978,27.411400817995908,21.216666666666665,21.216666666666665,56.07833333333334,0.30879345603271985,2026-01,avg_duration_by_zone_hour,False
89,Flatbush/Ditmas Park,15,162,38.38364197530864,34.25,34.25,66.82333333333332,0.30864197530864196,2026-01,avg_duration_by_zone_hour,False
60,Crotona Park East,6,81,36.79547325102881,28.366666666666667,28.366666666666667,73.05,0.30864197530864196,2026-01,avg_duration_by_zone_hour,False
195,Red Hook,16,81,33.06378600823045,32.18333333333333,32.18333333333333,56.56666666666667,0.30864197530864196,2026-01,avg_duration_by_zone_hour,False
209,Seaport,22,525,16.323492063492065,15.25,15.25,26.62,0.30857142857142855,2026-01,avg_duration_by_zone_hour,False
45,Chinatown,1,269,16.32385377942999,16.366666666666667,16.366666666666667,24.91,0.30855018587360594,2026-01,avg_duration_by_zone_hour,False
10,Baisley Park,17,94,32.40141843971631,32.849999999999994,32.849999999999994,56.405,0.30851063829787234,2026-01,avg_duration_by_zone_hour,False
260,Woodside,21,94,16.45390070921986,15.141666666666666,15.141666666666666,27.385,0.30851063829787234,2026-01,avg_duration_by_zone_hour,False
36,Bushwick North,10,107,28.157009345794393,26.1,26.1,45.473333333333336,0.308411214953271,2026-01,avg_duration_by_zone_hour,False
107,Gramercy,21,4371,13.405021734156943,12.15,11.616666666666667,22.883333333333333,0.3083962479981698,2026-01,avg_duration_by_zone_hour,False
129,Jackson Heights,4,279,15.485244922341696,15.566666666666666,15.566666666666666,24.00333333333334,0.30824372759856633,2026-01,avg_duration_by_zone_hour,False
161,Midtown Center,13,8328,16.199289545308996,13.6,12.616666666666667,28.74333333333334,0.3082372718539865,2026-01,avg_duration_by_zone_hour,False
82,Elmhurst,18,159,21.222012578616354,18.883333333333333,18.883333333333333,38.02,0.3081761006289308,2026-01,avg_duration_by_zone_hour,False
181,Park Slope,13,172,33.38866279069768,29.34166666666667,29.34166666666667,55.410000000000004,0.3081395348837209,2026-01,avg_duration_by_zone_hour,False
224,Stuy Town/Peter Cooper Village,12,474,16.186954992967653,14.041666666666668,14.041666666666668,27.56833333333333,0.3080168776371308,2026-01,avg_duration_by_zone_hour,False
239,Upper West Side South,11,5467,13.097228827510518,10.75,10.75,25.273333333333344,0.30784708249496984,2026-01,avg_duration_by_zone_hour,False
170,Murray Hill,18,6726,15.293416096739023,13.733333333333333,13.3,25.683333333333334,0.30776092774308655,2026-01,avg_duration_by_zone_hour,False
218,Springfield Gardens North,10,52,54.650320512820514,54.25833333333334,54.25833333333334,99.55166666666666,0.3076923076923077,2026-01,avg_duration_by_zone_hour,False
78,East Tremont,11,52,51.524358974358975,46.900000000000006,46.900000000000006,90.275,0.3076923076923077,2026-01,avg_duration_by_zone_hour,False
178,Ocean Parkway South,9,39,35.39230769230769,28.066666666666666,28.066666666666666,81.30666666666667,0.3076923076923077,2026-01,avg_duration_by_zone_hour,False
222,Starrett City,17,39,33.235470085470084,29.4,29.4,64.64666666666668,0.3076923076923077,2026-01,avg_duration_by_zone_hour,False
127,Inwood,16,91,30.02765567765568,28.783333333333335,28.783333333333335,56.083333333333336,0.3076923076923077,2026-01,avg_duration_by_zone_hour,False
189,Prospect Heights,9,91,29.25989010989011,26.533333333333335,26.533333333333335,49.05,0.3076923076923077,2026-01,avg_duration_by_zone_hour,False
258,Woodhaven,11,52,29.194230769230767,24.625,24.625,58.35499999999999,0.3076923076923077,2026-01,avg_duration_by_zone_hour,False
256,Williamsburg (South Side),13,169,23.46834319526627,20.516666666666666,20.516666666666666,46.30333333333334,0.3076923076923077,2026-01,avg_duration_by_zone_hour,False
152,Manhattanville,9,286,23.115850815850816,20.93333333333333,20.93333333333333,37.86666666666667,0.3076923076923077,2026-01,avg_duration_by_zone_hour,False
40,Carroll Gardens,12,52,22.209935897435898,19.5,19.5,35.016666666666666,0.3076923076923077,2026-01,avg_duration_by_zone_hour,False
220,Spuyten Duyvil/Kingsbridge,19,39,19.446153846153845,15.333333333333334,15.333333333333334,32.15333333333334,0.3076923076923077,2026-01,avg_duration_by_zone_hour,False
152,Manhattanville,6,234,19.360754985754987,17.65,17.65,29.586666666666677,0.3076923076923077,2026-01,avg_duration_by_zone_hour,False
146,Long Island City/Queens Plaza,21,117,18.232193732193732,17.45,17.45,32.1,0.3076923076923077,2026-01,avg_duration_by_zone_hour,False
95,Forest Hills,21,117,17.344729344729345,15.416666666666666,15.416666666666666,30.983333333333338,0.3076923076923077,2026-01,avg_duration_by_zone_hour,False
127,Inwood,1,39,17.323931623931625,15.983333333333333,15.983333333333333,27.89666666666667,0.3076923076923077,2026-01,avg_duration_by_zone_hour,False
127,Inwood,0,52,16.727564102564102,15.616666666666667,15.616666666666667,27.575,0.3076923076923077,2026-01,avg_duration_by_zone_hour,False
223,Steinway,2,65,14.637435897435896,13.333333333333334,13.333333333333334,25.863333333333333,0.3076923076923077,2026-01,avg_duration_by_zone_hour,False
234,Union Sq,18,7500,14.721566666666666,12.583333333333334,11.366666666666667,26.285000000000007,0.30746666666666667,2026-01,avg_duration_by_zone_hour,False
7,Astoria,19,462,23.26244588744589,22.416666666666668,22.416666666666668,37.115,0.30735930735930733,2026-01,avg_duration_by_zone_hour,False
61,Crown Heights North,5,205,28.849918699186993,25.616666666666667,25.616666666666667,52.03333333333333,0.3073170731707317,2026-01,avg_duration_by_zone_hour,False
132,JFK Airport,10,3944,38.659727856659906,36.458333333333336,36.458333333333336,65.68333333333334,0.30704868154158216,2026-01,avg_duration_by_zone_hour,False
158,Meatpacking/West Village West,8,1023,14.703225806451613,12.533333333333333,12.533333333333333,25.22666666666667,0.3069403714565005,2026-01,avg_duration_by_zone_hour,False
261,World Trade Center,2,101,16.743729372937292,15.566666666666666,15.566666666666666,28.0,0.3069306930693069,2026-01,avg_duration_by_zone_hour,False
92,Flushing,21,75,17.599333333333334,16.683333333333334,16.683333333333334,27.56333333333334,0.30666666666666664,2026-01,avg_duration_by_zone_hour,False
239,Upper West Side South,15,6398,13.41320464728561,11.075,10.95,24.62166666666667,0.30665833072835263,2026-01,avg_duration_by_zone_hour,False
42,Central Harlem North,6,698,24.087320916905444,20.291666666666664,20.291666666666664,42.86333333333341,0.30659025787965616,2026-01,avg_duration_by_zone_hour,False
145,Long Island City/Hunters Point,5,137,18.634914841849145,17.3,17.3,29.253333333333334,0.30656934306569344,2026-01,avg_duration_by_zone_hour,False
75,East Harlem South,4,199,16.206783919597992,12.933333333333334,12.933333333333334,28.92333333333335,0.3065326633165829,2026-01,avg_duration_by_zone_hour,False
17,Bedford,8,261,31.50357598978289,29.566666666666666,29.566666666666666,53.083333333333336,0.3065134099616858,2026-01,avg_duration_by_zone_hour,False
77,East New York/Pennsylvania Avenue,17,62,37.19059139784946,34.266666666666666,34.266666666666666,75.04166666666664,0.3064516129032258,2026-01,avg_duration_by_zone_hour,False
88,Financial District South,19,855,17.918557504873295,16.3,16.3,27.493333333333336,0.3064327485380117,2026-01,avg_duration_by_zone_hour,False
186,Penn Station/Madison Sq West,20,5489,15.267307341956641,13.7,12.233333333333333,26.186666666666664,0.3064310439059938,2026-01,avg_duration_by_zone_hour,False
209,Seaport,9,173,18.822061657032755,17.85,17.85,31.17333333333334,0.3063583815028902,2026-01,avg_duration_by_zone_hour,False
261,World Trade Center,12,846,19.235914105594958,17.425,17.425,31.808333333333334,0.3061465721040189,2026-01,avg_duration_by_zone_hour,False
55,Coney Island,5,49,61.6030612244898,63.75,63.75,105.63333333333335,0.30612244897959184,2026-01,avg_duration_by_zone_hour,False
47,Claremont/Bathgate,15,49,52.040476190476184,49.5,49.5,97.46333333333334,0.30612244897959184,2026-01,avg_duration_by_zone_hour,False
124,Howard Beach,6,49,49.959523809523816,54.43333333333333,54.43333333333333,80.7366666666667,0.30612244897959184,2026-01,avg_duration_by_zone_hour,False
177,Ocean Hill,15,98,36.97636054421769,34.55833333333334,34.55833333333334,68.48666666666666,0.30612244897959184,2026-01,avg_duration_by_zone_hour,False
97,Fort Greene,2,98,18.797278911564625,17.858333333333334,17.858333333333334,30.466666666666665,0.30612244897959184,2026-01,avg_duration_by_zone_hour,False
260,Woodside,5,98,15.207482993197278,14.158333333333333,14.158333333333333,25.154999999999998,0.30612244897959184,2026-01,avg_duration_by_zone_hour,False
79,East Village,19,5698,14.566438516438517,12.908333333333333,12.25,25.655,0.30607230607230607,2026-01,avg_duration_by_zone_hour,False
161,Midtown Center,14,8939,17.000632061751872,14.15,12.833333333333334,30.293333333333326,0.30596263564157067,2026-01,avg_duration_by_zone_hour,False
14,Bay Ridge,6,85,32.88941176470588,28.533333333333335,28.533333333333335,62.34333333333338,0.3058823529411765,2026-01,avg_duration_by_zone_hour,False
155,Marine Park/Mill Basin,17,85,27.10686274509804,24.85,24.85,49.290000000000035,0.3058823529411765,2026-01,avg_duration_by_zone_hour,False
24,Bloomingdale,4,85,15.232745098039215,14.0,14.0,27.98666666666668,0.3058823529411765,2026-01,avg_duration_by_zone_hour,False
66,DUMBO/Vinegar Hill,17,376,24.060106382978724,22.1,22.1,36.733333333333334,0.3058510638297872,2026-01,avg_duration_by_zone_hour,False
243,Washington Heights North,17,206,24.852022653721683,23.233333333333334,23.233333333333334,39.025,0.3058252427184466,2026-01,avg_duration_by_zone_hour,False
237,Upper East Side South,13,10883,12.428529204569816,10.083333333333334,8.908333333333333,23.21333333333335,0.3057980336304328,2026-01,avg_duration_by_zone_hour,False
48,Clinton East,4,1416,13.144879943502826,12.475,12.475,24.458333333333332,0.3057909604519774,2026-01,avg_duration_by_zone_hour,False
239,Upper West Side South,12,6073,13.189906141939733,10.783333333333333,10.783333333333333,24.880000000000003,0.30577968055326854,2026-01,avg_duration_by_zone_hour,False
186,Penn Station/Madison Sq West,21,6558,15.27996340347667,14.016666666666667,12.383333333333333,25.566666666666666,0.30573345532174445,2026-01,avg_duration_by_zone_hour,False
224,Stuy Town/Peter Cooper Village,2,157,12.662314225053079,11.483333333333333,11.483333333333333,21.806666666666672,0.3057324840764331,2026-01,avg_duration_by_zone_hour,False
33,Brooklyn Heights,18,386,24.77020725388601,22.424999999999997,22.424999999999997,41.21666666666667,0.30569948186528495,2026-01,avg_duration_by_zone_hour,False
225,Stuyvesant Heights,14,216,38.0,35.358333333333334,35.358333333333334,63.475,0.3055555555555556,2026-01,avg_duration_by_zone_hour,False
126,Hunts Point,15,36,36.15046296296296,31.008333333333333,31.008333333333333,61.266666666666666,0.3055555555555556,2026-01,avg_duration_by_zone_hour,False
85,Erasmus,8,144,35.99074074074074,30.424999999999997,30.424999999999997,59.94333333333335,0.3055555555555556,2026-01,avg_duration_by_zone_hour,False
95,Forest Hills,6,108,33.93842592592593,29.525,29.525,66.23999999999998,0.3055555555555556,2026-01,avg_duration_by_zone_hour,False
257,Windsor Terrace,7,72,29.783333333333335,31.241666666666667,31.241666666666667,48.88333333333333,0.3055555555555556,2026-01,avg_duration_by_zone_hour,False
189,Prospect Heights,5,36,28.531481481481478,23.6,23.6,49.56666666666666,0.3055555555555556,2026-01,avg_duration_by_zone_hour,False
215,South Jamaica,0,36,22.66898148148148,18.975,18.975,36.3,0.3055555555555556,2026-01,avg_duration_by_zone_hour,False
258,Woodhaven,4,36,20.666666666666668,19.950000000000003,19.950000000000003,30.075,0.3055555555555556,2026-01,avg_duration_by_zone_hour,False
215,South Jamaica,22,36,19.782407407407405,17.866666666666667,17.866666666666667,32.75,0.3055555555555556,2026-01,avg_duration_by_zone_hour,False
66,DUMBO/Vinegar Hill,18,370,22.277612612612614,20.541666666666668,20.541666666666668,35.13333333333333,0.3054054054054054,2026-01,avg_duration_by_zone_hour,False
198,Ridgewood,5,95,20.324210526315788,20.283333333333335,20.283333333333335,32.93333333333333,0.30526315789473685,2026-01,avg_duration_by_zone_hour,False
123,Homecrest,14,59,33.538983050847456,30.016666666666666,30.016666666666666,56.65666666666667,0.3050847457627119,2026-01,avg_duration_by_zone_hour,False
106,Gowanus,16,59,32.89632768361582,31.05,31.05,53.86666666666667,0.3050847457627119,2026-01,avg_duration_by_zone_hour,False
189,Prospect Heights,8,118,31.21087570621469,29.708333333333336,29.708333333333336,49.25333333333333,0.3050847457627119,2026-01,avg_duration_by_zone_hour,False
256,Williamsburg (South Side),19,459,21.150798838053742,20.483333333333334,20.483333333333334,32.66,0.30501089324618735,2026-01,avg_duration_by_zone_hour,False
239,Upper West Side South,8,4131,14.69080529331074,12.783333333333333,12.1,26.016666666666666,0.30501089324618735,2026-01,avg_duration_by_zone_hour,False
234,Union Sq,20,6636,13.904259594133013,12.4,11.25,23.866666666666667,0.3050030138637734,2026-01,avg_duration_by_zone_hour,False
209,Seaport,2,200,13.779000000000002,12.866666666666667,12.866666666666667,21.481666666666666,0.305,2026-01,avg_duration_by_zone_hour,False
230,Times Sq/Theatre District,15,4958,17.913258034153557,13.258333333333333,11.575,35.368333333333354,0.30496167809600644,2026-01,avg_duration_by_zone_hour,False
87,Financial District North,11,820,20.40571138211382,18.058333333333334,18.058333333333334,33.71000000000001,0.3048780487804878,2026-01,avg_duration_by_zone_hour,False
261,World Trade Center,22,597,16.507537688442213,15.6,15.6,26.223333333333333,0.304857621440536,2026-01,avg_duration_by_zone_hour,False
161,Midtown Center,23,4068,12.372533595542444,10.85,10.433333333333334,21.355000000000004,0.3048180924287119,2026-01,avg_duration_by_zone_hour,False
230,Times Sq/Theatre District,23,5053,13.617421993535192,11.783333333333333,10.083333333333334,23.833333333333332,0.304769443894716,2026-01,avg_duration_by_zone_hour,False
113,Greenwich Village North,21,3185,14.406860282574568,12.266666666666667,11.783333333333333,25.879999999999995,0.304552590266876,2026-01,avg_duration_by_zone_hour,False
236,Upper East Side North,15,12721,14.037204884312029,11.616666666666667,10.883333333333333,25.783333333333335,0.3045358069334172,2026-01,avg_duration_by_zone_hour,False
87,Financial District North,1,933,15.743640585923545,14.55,14.55,24.790000000000003,0.30439442658092175,2026-01,avg_duration_by_zone_hour,False
242,Van Nest/Morris Park,15,69,45.771256038647344,42.95,42.95,85.41000000000005,0.30434782608695654,2026-01,avg_duration_by_zone_hour,False
123,Homecrest,12,69,40.49975845410628,39.266666666666666,39.266666666666666,70.64666666666668,0.30434782608695654,2026-01,avg_duration_by_zone_hour,False
195,Red Hook,12,46,35.9427536231884,30.6,30.6,70.65833333333333,0.30434782608695654,2026-01,avg_duration_by_zone_hour,False
106,Gowanus,10,46,30.823550724637684,29.766666666666666,29.766666666666666,48.858333333333334,0.30434782608695654,2026-01,avg_duration_by_zone_hour,False
193,Queensbridge/Ravenswood,13,115,24.19405797101449,22.4,22.4,42.923333333333346,0.30434782608695654,2026-01,avg_duration_by_zone_hour,False
40,Carroll Gardens,8,138,23.720772946859903,22.81666666666667,22.81666666666667,36.24666666666666,0.30434782608695654,2026-01,avg_duration_by_zone_hour,False
25,Boerum Hill,22,299,21.751783723522852,20.083333333333332,20.083333333333332,33.809999999999995,0.30434782608695654,2026-01,avg_duration_by_zone_hour,False
82,Elmhurst,5,92,20.904891304347824,18.741666666666667,18.741666666666667,34.788333333333355,0.30434782608695654,2026-01,avg_duration_by_zone_hour,False
14,Bay Ridge,23,46,20.329710144927535,20.266666666666666,20.266666666666666,32.35,0.30434782608695654,2026-01,avg_duration_by_zone_hour,False
127,Inwood,23,92,18.317934782608695,16.808333333333334,16.808333333333334,30.246666666666673,0.30434782608695654,2026-01,avg_duration_by_zone_hour,False
159,Melrose South,23,46,14.097826086956522,12.908333333333333,12.908333333333333,24.05,0.30434782608695654,2026-01,avg_duration_by_zone_hour,False
142,Lincoln Square East,16,6630,13.694929612870789,11.05,11.05,24.335000000000004,0.3042232277526395,2026-01,avg_duration_by_zone_hour,False
164,Midtown South,21,4472,13.828495825879546,12.466666666666667,12.075,23.248333333333335,0.3041144901610018,2026-01,avg_duration_by_zone_hour,False
116,Hamilton Heights,12,365,25.120319634703193,22.0,22.0,44.26666666666667,0.3041095890410959,2026-01,avg_duration_by_zone_hour,False
181,Park Slope,22,421,24.130443388756927,23.583333333333332,23.583333333333332,37.63333333333333,0.30403800475059384,2026-01,avg_duration_by_zone_hour,False
48,Clinton East,22,5950,13.630257703081234,12.0,11.883333333333333,24.166666666666668,0.30403361344537816,2026-01,avg_duration_by_zone_hour,False
79,East Village,20,6164,14.328006705602421,12.891666666666666,12.350000000000001,24.933333333333334,0.30402336145360154,2026-01,avg_duration_by_zone_hour,False
163,Midtown North,19,6204,13.386833763163551,11.425,10.533333333333333,23.42833333333333,0.3039974210186976,2026-01,avg_duration_by_zone_hour,False
170,Murray Hill,17,6446,16.498469334988105,14.125,13.291666666666668,28.466666666666665,0.30390940117902576,2026-01,avg_duration_by_zone_hour,False
260,Woodside,12,79,21.412025316455697,20.4,20.4,35.99333333333333,0.3037974683544304,2026-01,avg_duration_by_zone_hour,False
163,Midtown North,22,4744,12.840247329960652,11.1,10.816666666666666,22.061666666666664,0.303752107925801,2026-01,avg_duration_by_zone_hour,False
219,Springfield Gardens South,23,56,20.75565476190476,19.65833333333333,19.65833333333333,33.94166666666666,0.30357142857142855,2026-01,avg_duration_by_zone_hour,False
209,Seaport,10,201,20.949668325041458,17.083333333333332,17.083333333333332,40.266666666666666,0.3034825870646766,2026-01,avg_duration_by_zone_hour,False
145,Long Island City/Hunters Point,13,290,25.069885057471264,21.9,21.9,42.44,0.30344827586206896,2026-01,avg_duration_by_zone_hour,False
89,Flatbush/Ditmas Park,18,178,29.21563670411985,26.275,26.275,52.67000000000001,0.30337078651685395,2026-01,avg_duration_by_zone_hour,False
125,Hudson Sq,7,389,15.45274207369323,13.466666666666667,13.466666666666667,26.343333333333327,0.3033419023136247,2026-01,avg_duration_by_zone_hour,False
236,Upper East Side North,16,11246,14.187137648941844,11.2,10.016666666666667,26.95,0.30330784278854706,2026-01,avg_duration_by_zone_hour,False
66,DUMBO/Vinegar Hill,21,244,20.038114754098363,18.549999999999997,18.549999999999997,30.725000000000012,0.30327868852459017,2026-01,avg_duration_by_zone_hour,False
224,Stuy Town/Peter Cooper Village,1,221,14.690120663650076,13.033333333333333,13.033333333333333,26.35,0.3031674208144796,2026-01,avg_duration_by_zone_hour,False
262,Yorkville East,8,3665,14.322082764893134,12.766666666666667,11.8,25.153333333333332,0.303137789904502,2026-01,avg_duration_by_zone_hour,False
88,Financial District South,8,287,18.208013937282228,16.3,16.3,29.05,0.30313588850174217,2026-01,avg_duration_by_zone_hour,False
161,Midtown Center,16,11004,16.644844299042774,13.8,12.966666666666667,28.933333333333334,0.3030716103235187,2026-01,avg_duration_by_zone_hour,False
37,Bushwick South,19,330,26.593939393939394,25.833333333333332,25.833333333333332,43.32333333333334,0.30303030303030304,2026-01,avg_duration_by_zone_hour,False
188,Prospect-Lefferts Gardens,3,33,24.624747474747476,24.883333333333333,24.883333333333333,38.663333333333334,0.30303030303030304,2026-01,avg_duration_by_zone_hour,False
133,Kensington,20,33,24.485858585858583,25.033333333333335,25.033333333333335,35.986666666666665,0.30303030303030304,2026-01,avg_duration_by_zone_hour,False
173,North Corona,9,33,23.793939393939397,20.866666666666667,20.866666666666667,41.300000000000004,0.30303030303030304,2026-01,avg_duration_by_zone_hour,False
63,Cypress Hills,4,33,23.395959595959596,17.933333333333334,17.933333333333334,39.626666666666665,0.30303030303030304,2026-01,avg_duration_by_zone_hour,False
45,Chinatown,5,66,16.714646464646467,14.383333333333333,14.383333333333333,27.441666666666666,0.30303030303030304,2026-01,avg_duration_by_zone_hour,False
134,Kew Gardens,23,33,14.648484848484848,13.983333333333333,13.983333333333333,25.53666666666667,0.30303030303030304,2026-01,avg_duration_by_zone_hour,False
237,Upper East Side South,17,12274,13.102960186844822,10.2,9.216666666666667,25.278333333333347,0.3029982075932866,2026-01,avg_duration_by_zone_hour,False
97,Fort Greene,22,406,21.38399014778325,20.491666666666667,20.491666666666667,34.00833333333333,0.30295566502463056,2026-01,avg_duration_by_zone_hour,False
13,Battery Park City,14,1169,19.566039349871687,17.716666666666665,17.716666666666665,33.910000000000004,0.3028229255774166,2026-01,avg_duration_by_zone_hour,False
66,DUMBO/Vinegar Hill,9,142,22.43943661971831,20.225,20.225,36.99333333333333,0.3028169014084507,2026-01,avg_duration_by_zone_hour,False
163,Midtown North,18,7668,14.144072769953052,12.016666666666667,10.925,25.05,0.3028169014084507,2026-01,avg_duration_by_zone_hour,False
212,Soundview/Bruckner,6,76,28.38837719298246,25.549999999999997,25.549999999999997,47.525,0.3026315789473684,2026-01,avg_duration_by_zone_hour,False
65,Downtown Brooklyn/MetroTech,6,76,22.054385964912278,20.541666666666664,20.541666666666664,33.45,0.3026315789473684,2026-01,avg_duration_by_zone_hour,False
231,TriBeCa/Civic Center,19,3721,15.476229508196722,14.066666666666666,12.991666666666667,26.133333333333333,0.30260682612201023,2026-01,avg_duration_by_zone_hour,False
13,Battery Park City,22,770,15.67560606060606,14.75,14.75,24.325000000000003,0.3025974025974026,2026-01,avg_duration_by_zone_hour,False
225,Stuyvesant Heights,19,195,28.72111111111111,27.6,27.6,45.73666666666666,0.30256410256410254,2026-01,avg_duration_by_zone_hour,False
237,Upper East Side South,16,11892,13.521144466868485,10.466666666666667,9.5,25.683333333333334,0.3025563403969055,2026-01,avg_duration_by_zone_hour,False
37,Bushwick South,18,314,28.508014861995754,26.65833333333333,26.65833333333333,49.68166666666664,0.30254777070063693,2026-01,avg_duration_by_zone_hour,False
116,Hamilton Heights,10,433,23.1963818321786,20.983333333333334,20.983333333333334,38.82,0.302540415704388,2026-01,avg_duration_by_zone_hour,False
177,Ocean Hill,5,119,26.524789915966384,23.05,23.05,46.06666666666667,0.3025210084033613,2026-01,avg_duration_by_zone_hour,False
234,Union Sq,22,6307,13.426808836742243,12.133333333333333,11.566666666666666,22.880000000000017,0.30236245441572857,2026-01,avg_duration_by_zone_hour,False
3,Allerton/Pelham Gardens,6,43,57.025193798449614,56.85,56.85,86.84,0.3023255813953488,2026-01,avg_duration_by_zone_hour,False
250,Westchester Village/Unionport,15,43,40.77054263565891,39.35,39.35,74.73666666666668,0.3023255813953488,2026-01,avg_duration_by_zone_hour,False
112,Greenpoint,5,86,19.55891472868217,17.28333333333333,17.28333333333333,30.775,0.3023255813953488,2026-01,avg_duration_by_zone_hour,False
51,Co-Op City,7,149,59.13355704697987,57.63333333333333,57.63333333333333,105.26000000000002,0.30201342281879195,2026-01,avg_duration_by_zone_hour,False
167,Morrisania/Melrose,13,53,44.63930817610063,38.45,38.45,87.41666666666667,0.3018867924528302,2026-01,avg_duration_by_zone_hour,False
182,Parkchester,12,53,42.066981132075476,42.233333333333334,42.233333333333334,68.87333333333335,0.3018867924528302,2026-01,avg_duration_by_zone_hour,False
95,Forest Hills,1,53,16.626100628930818,15.466666666666667,15.466666666666667,28.176666666666684,0.3018867924528302,2026-01,avg_duration_by_zone_hour,False
107,Gramercy,8,2701,13.021584598296927,11.666666666666666,11.666666666666666,22.133333333333333,0.3017400962606442,2026-01,avg_duration_by_zone_hour,False
50,Clinton West,4,232,13.95316091954023,13.283333333333333,13.283333333333333,24.113333333333333,0.3017241379310345,2026-01,avg_duration_by_zone_hour,False
182,Parkchester,10,63,45.569576719576716,44.8,44.8,75.11,0.30158730158730157,2026-01,avg_duration_by_zone_hour,False
228,Sunset Park West,10,63,38.102910052910055,34.233333333333334,34.233333333333334,57.57333333333334,0.30158730158730157,2026-01,avg_duration_by_zone_hour,False
193,Queensbridge/Ravenswood,20,63,22.158465608465608,21.466666666666665,21.466666666666665,36.49333333333333,0.30158730158730157,2026-01,avg_duration_by_zone_hour,False
226,Sunnyside,21,252,16.560780423280423,15.8,15.8,26.63,0.30158730158730157,2026-01,avg_duration_by_zone_hour,False
231,TriBeCa/Civic Center,22,2799,15.361093247588423,13.933333333333334,13.591666666666665,26.43666666666667,0.30153626295105396,2026-01,avg_duration_by_zone_hour,False
225,Stuyvesant Heights,6,272,34.343014705882354,30.291666666666668,30.291666666666668,59.30500000000001,0.3014705882352941,2026-01,avg_duration_by_zone_hour,False
79,East Village,6,1085,13.019447004608296,11.35,11.35,22.50333333333334,0.3013824884792627,2026-01,avg_duration_by_zone_hour,False
237,Upper East Side South,22,5563,10.974534124273474,8.916666666666666,8.366666666666667,21.05,0.3012762897717059,2026-01,avg_duration_by_zone_hour,False
235,University Heights/Morris Heights,5,83,37.06204819277109,33.43333333333333,33.43333333333333,68.33,0.30120481927710846,2026-01,avg_duration_by_zone_hour,False
80,East Williamsburg,23,425,19.784352941176472,19.033333333333335,19.033333333333335,29.993333333333336,0.30117647058823527,2026-01,avg_duration_by_zone_hour,False
255,Williamsburg (North Side),23,1036,19.57118725868726,19.183333333333334,19.183333333333334,30.0,0.30115830115830117,2026-01,avg_duration_by_zone_hour,False
236,Upper East Side North,8,8006,13.045014156049628,10.941666666666666,11.05,24.083333333333336,0.3007744191856108,2026-01,avg_duration_by_zone_hour,False
7,Astoria,16,389,25.67476435304199,24.083333333333332,24.083333333333332,44.09333333333333,0.30077120822622105,2026-01,avg_duration_by_zone_hour,False
244,Washington Heights South,13,449,25.513214550853746,21.6,21.6,40.54333333333333,0.30066815144766146,2026-01,avg_duration_by_zone_hour,False
225,Stuyvesant Heights,22,163,25.962167689161554,26.816666666666666,26.816666666666666,40.43666666666667,0.3006134969325153,2026-01,avg_duration_by_zone_hour,False
239,Upper West Side South,14,6363,13.295788150243597,11.016666666666667,10.7,24.75,0.3004871915763005,2026-01,avg_duration_by_zone_hour,False
114,Greenwich Village South,21,4326,15.095292032670672,12.883333333333333,12.091666666666667,26.883333333333333,0.3002773925104022,2026-01,avg_duration_by_zone_hour,False
218,Springfield Gardens North,5,60,51.67027777777778,52.03333333333333,52.03333333333333,91.655,0.3,2026-01,avg_duration_by_zone_hour,False
136,Kingsbridge Heights,10,40,47.905833333333334,48.24166666666667,48.24166666666667,83.74833333333333,0.3,2026-01,avg_duration_by_zone_hour,False
51,Co-Op City,15,40,44.59291666666667,43.25833333333333,43.25833333333333,80.00166666666668,0.3,2026-01,avg_duration_by_zone_hour,False
228,Sunset Park West,11,80,34.490208333333335,30.641666666666666,30.641666666666666,61.505,0.3,2026-01,avg_duration_by_zone_hour,False
135,Kew Gardens Hills,15,30,34.055,24.65833333333333,24.65833333333333,56.393333333333416,0.3,2026-01,avg_duration_by_zone_hour,False
215,South Jamaica,19,50,29.853333333333335,30.025,30.025,53.43166666666667,0.3,2026-01,avg_duration_by_zone_hour,False
200,Riverdale/North Riverdale/Fieldston,14,30,28.087777777777777,26.4,26.4,47.03,0.3,2026-01,avg_duration_by_zone_hour,False
34,Brooklyn Navy Yard,20,30,22.975,20.416666666666664,20.416666666666664,35.77833333333334,0.3,2026-01,avg_duration_by_zone_hour,False
72,East Flatbush/Remsen Village,3,40,21.385416666666664,18.46666666666667,18.46666666666667,41.775,0.3,2026-01,avg_duration_by_zone_hour,False
14,Bay Ridge,21,50,20.726,21.53333333333333,21.53333333333333,34.936666666666675,0.3,2026-01,avg_duration_by_zone_hour,False
256,Williamsburg (South Side),6,110,19.69151515151515,18.783333333333335,18.783333333333335,31.561666666666678,0.3,2026-01,avg_duration_by_zone_hour,False
255,Williamsburg (North Side),5,70,19.548809523809524,18.608333333333334,18.608333333333334,28.973333333333333,0.3,2026-01,avg_duration_by_zone_hour,False
13,Battery Park City,23,400,16.99925,16.075,16.075,26.585000000000008,0.3,2026-01,avg_duration_by_zone_hour,False
258,Woodhaven,22,30,16.05777777777778,14.441666666666666,14.441666666666666,30.87,0.3,2026-01,avg_duration_by_zone_hour,False
68,East Chelsea,20,5811,15.192712097745655,13.983333333333333,13.241666666666667,25.966666666666665,0.2999483737738771,2026-01,avg_duration_by_zone_hour,False
161,Midtown Center,15,9449,16.750761985395282,13.8,13.433333333333334,29.833333333333332,0.29982008678167,2026-01,avg_duration_by_zone_hour,False
231,TriBeCa/Civic Center,18,4073,16.71167444144365,14.55,14.55,29.123333333333342,0.29977903265406336,2026-01,avg_duration_by_zone_hour,False
61,Crown Heights North,19,337,28.759643916913948,26.233333333333334,26.233333333333334,51.536666666666676,0.2997032640949555,2026-01,avg_duration_by_zone_hour,False
244,Washington Heights South,21,337,18.248862512363996,16.916666666666668,16.916666666666668,29.040000000000003,0.2997032640949555,2026-01,avg_duration_by_zone_hour,False
143,Lincoln Square West,6,881,12.039254634884601,10.75,10.75,19.016666666666666,0.2996594778660613,2026-01,avg_duration_by_zone_hour,False
144,Little Italy/NoLiTa,13,1729,17.499720454983613,15.233333333333333,15.233333333333333,30.740000000000002,0.29959514170040485,2026-01,avg_duration_by_zone_hour,False
181,Park Slope,0,227,23.091116005873715,21.933333333333334,21.933333333333334,36.11333333333334,0.29955947136563876,2026-01,avg_duration_by_zone_hour,False
13,Battery Park City,21,1272,16.01861897274633,15.325,15.325,24.266666666666666,0.29952830188679247,2026-01,avg_duration_by_zone_hour,False
74,East Harlem North,6,621,18.26921631776704,16.733333333333334,16.733333333333334,28.816666666666666,0.2995169082125604,2026-01,avg_duration_by_zone_hour,False
13,Battery Park City,13,1152,19.26144386574074,16.766666666666666,16.766666666666666,33.36166666666667,0.2994791666666667,2026-01,avg_duration_by_zone_hour,False
146,Long Island City/Queens Plaza,6,187,18.445632798573975,17.2,17.2,28.67,0.2994652406417112,2026-01,avg_duration_by_zone_hour,False
236,Upper East Side North,20,6281,11.71507721700366,9.25,8.183333333333334,23.316666666666666,0.2993153956376373,2026-01,avg_duration_by_zone_hour,False
162,Midtown East,6,1457,10.202939830702356,7.866666666666666,7.866666666666666,18.916666666666668,0.29924502402196296,2026-01,avg_duration_by_zone_hour,False
260,Woodside,23,127,14.210498687664042,13.7,13.7,22.860000000000003,0.2992125984251969,2026-01,avg_duration_by_zone_hour,False
7,Astoria,12,371,23.822012578616352,22.7,22.7,41.416666666666664,0.2991913746630728,2026-01,avg_duration_by_zone_hour,False
80,East Williamsburg,21,214,19.674299065420563,18.891666666666666,18.891666666666666,30.108333333333334,0.29906542056074764,2026-01,avg_duration_by_zone_hour,False
256,Williamsburg (South Side),4,214,16.925155763239875,16.066666666666666,16.066666666666666,26.25500000000001,0.29906542056074764,2026-01,avg_duration_by_zone_hour,False
237,Upper East Side South,18,11805,12.314726810673443,9.85,9.733333333333334,24.033333333333335,0.2990258365099534,2026-01,avg_duration_by_zone_hour,False
79,East Village,7,1656,13.898983494363929,12.475,12.475,23.066666666666666,0.29891304347826086,2026-01,avg_duration_by_zone_hour,False
236,Upper East Side North,14,10834,13.438613008430249,11.083333333333334,9.566666666666666,25.25,0.29887391545135683,2026-01,avg_duration_by_zone_hour,False
246,West Chelsea/Hudson Yards,17,5900,16.26344350282486,14.316666666666666,14.0,27.170000000000012,0.2988135593220339,2026-01,avg_duration_by_zone_hour,False
179,Old Astoria,16,154,29.13712121212121,26.983333333333334,26.983333333333334,48.486666666666665,0.2987012987012987,2026-01,avg_duration_by_zone_hour,False
142,Lincoln Square East,17,7413,13.343437204910291,11.066666666666666,10.783333333333333,24.363333333333337,0.29866450829623636,2026-01,avg_duration_by_zone_hour,False
225,Stuyvesant Heights,5,144,27.624421296296294,23.883333333333333,23.883333333333333,45.22833333333335,0.2986111111111111,2026-01,avg_duration_by_zone_hour,False
255,Williamsburg (North Side),22,798,19.654636591478695,19.016666666666666,19.016666666666666,29.570000000000004,0.2982456140350877,2026-01,avg_duration_by_zone_hour,False
144,Little Italy/NoLiTa,14,1881,17.48304979620769,15.25,15.25,30.016666666666666,0.2982456140350877,2026-01,avg_duration_by_zone_hour,False
244,Washington Heights South,0,275,14.011272727272727,13.35,13.35,22.50333333333333,0.29818181818181816,2026-01,avg_duration_by_zone_hour,False
239,Upper West Side South,13,6406,13.299336559475492,10.991666666666667,10.991666666666667,24.90833333333333,0.2981579768966594,2026-01,avg_duration_by_zone_hour,False
79,East Village,8,2328,14.644945589919818,13.225,13.225,23.838333333333335,0.2981099656357388,2026-01,avg_duration_by_zone_hour,False
52,Cobble Hill,18,104,22.14455128205128,21.166666666666668,21.166666666666668,39.22500000000001,0.2980769230769231,2026-01,avg_duration_by_zone_hour,False
246,West Chelsea/Hudson Yards,19,5029,15.21496984158547,13.766666666666667,12.825,25.569999999999997,0.2980711871147345,2026-01,avg_duration_by_zone_hour,False
256,Williamsburg (South Side),18,406,23.841256157635467,22.5,22.5,39.099999999999994,0.29802955665024633,2026-01,avg_duration_by_zone_hour,False
88,Financial District South,15,725,26.138298850574714,20.1,20.1,49.073333333333345,0.2979310344827586,2026-01,avg_duration_by_zone_hour,False
51,Co-Op City,16,47,59.150000000000006,53.15,53.15,110.24333333333333,0.2978723404255319,2026-01,avg_duration_by_zone_hour,False
195,Red Hook,11,47,38.11914893617021,33.68333333333333,33.68333333333333,61.636666666666656,0.2978723404255319,2026-01,avg_duration_by_zone_hour,False
133,Kensington,11,47,29.843971631205676,26.683333333333334,26.683333333333334,47.150000000000006,0.2978723404255319,2026-01,avg_duration_by_zone_hour,False
36,Bushwick North,12,94,25.73687943262411,23.358333333333334,23.358333333333334,48.82333333333336,0.2978723404255319,2026-01,avg_duration_by_zone_hour,False
66,DUMBO/Vinegar Hill,7,141,22.08179669030733,19.666666666666668,19.666666666666668,35.21666666666667,0.2978723404255319,2026-01,avg_duration_by_zone_hour,False
112,Greenpoint,7,178,22.181647940074907,20.333333333333332,20.333333333333332,34.405,0.29775280898876405,2026-01,avg_duration_by_zone_hour,False
52,Cobble Hill,21,84,19.97142857142857,18.84166666666667,18.84166666666667,31.828333333333333,0.2976190476190476,2026-01,avg_duration_by_zone_hour,False
168,Mott Haven/Port Morris,4,84,17.226785714285715,15.0,15.0,26.735000000000007,0.2976190476190476,2026-01,avg_duration_by_zone_hour,False
48,Clinton East,21,6130,13.464662860250135,11.775,11.383333333333333,23.6,0.2975530179445351,2026-01,avg_duration_by_zone_hour,False
170,Murray Hill,21,4907,12.766500237755587,12.0,12.0,21.066666666666666,0.29753413490931324,2026-01,avg_duration_by_zone_hour,False
143,Lincoln Square West,2,158,14.077637130801689,12.741666666666667,12.741666666666667,25.938333333333336,0.2974683544303797,2026-01,avg_duration_by_zone_hour,False
74,East Harlem North,1,232,13.313433908045978,13.216666666666667,13.216666666666667,21.948333333333338,0.2974137931034483,2026-01,avg_duration_by_zone_hour,False
132,JFK Airport,7,4099,46.410120354558025,42.016666666666666,42.016666666666666,80.31000000000002,0.2973896072212735,2026-01,avg_duration_by_zone_hour,False
132,JFK Airport,8,3709,43.90747730745035,39.56666666666667,39.56666666666667,77.63666666666668,0.2973847398220545,2026-01,avg_duration_by_zone_hour,False
36,Bushwick North,9,111,28.174174174174176,27.1,27.1,49.88333333333333,0.2972972972972973,2026-01,avg_duration_by_zone_hour,False
40,Carroll Gardens,18,111,24.602552552552552,25.15,25.15,38.5,0.2972972972972973,2026-01,avg_duration_by_zone_hour,False
159,Melrose South,22,37,21.052702702702703,17.466666666666665,17.466666666666665,34.66666666666666,0.2972972972972973,2026-01,avg_duration_by_zone_hour,False
26,Borough Park,21,37,20.586036036036035,20.016666666666666,20.016666666666666,39.11666666666667,0.2972972972972973,2026-01,avg_duration_by_zone_hour,False
168,Mott Haven/Port Morris,23,111,15.471471471471471,15.066666666666666,15.066666666666666,23.6,0.2972972972972973,2026-01,avg_duration_by_zone_hour,False
196,Rego Park,21,37,15.409009009009008,14.4,14.4,24.65,0.2972972972972973,2026-01,avg_duration_by_zone_hour,False
170,Murray Hill,20,5525,13.40630467571644,12.45,11.783333333333333,22.393333333333338,0.2971945701357466,2026-01,avg_duration_by_zone_hour,False
223,Steinway,19,175,19.372,18.8,18.8,32.29666666666667,0.29714285714285715,2026-01,avg_duration_by_zone_hour,False
144,Little Italy/NoLiTa,16,2444,18.565316421167484,16.291666666666668,16.291666666666668,32.19500000000001,0.29705400981996727,2026-01,avg_duration_by_zone_hour,False
246,West Chelsea/Hudson Yards,14,3825,16.358901960784316,14.216666666666667,13.95,27.419999999999998,0.2969934640522876,2026-01,avg_duration_by_zone_hour,False
87,Financial District North,18,1903,18.880846032580138,16.683333333333334,16.683333333333334,30.549999999999997,0.29689963215974774,2026-01,avg_duration_by_zone_hour,False
113,Greenwich Village North,6,411,11.463017031630171,9.683333333333334,9.683333333333334,19.516666666666666,0.29683698296836986,2026-01,avg_duration_by_zone_hour,False
243,Washington Heights North,12,209,28.85717703349282,25.0,25.0,50.75666666666668,0.2966507177033493,2026-01,avg_duration_by_zone_hour,False
65,Downtown Brooklyn/MetroTech,22,209,20.249840510366823,18.966666666666665,18.966666666666665,31.640000000000004,0.2966507177033493,2026-01,avg_duration_by_zone_hour,False
230,Times Sq/Theatre District,20,6897,14.031098061959307,12.266666666666667,11.025,24.033333333333335,0.2965057271277367,2026-01,avg_duration_by_zone_hour,False
224,Stuy Town/Peter Cooper Village,23,388,14.24295532646048,13.641666666666666,13.641666666666666,22.338333333333335,0.2963917525773196,2026-01,avg_duration_by_zone_hour,False
4,Alphabet City,8,631,18.273798203909138,16.433333333333334,16.433333333333334,30.1,0.29635499207606975,2026-01,avg_duration_by_zone_hour,False
92,Flushing,19,54,25.069135802469138,20.85,20.85,53.94333333333335,0.2962962962962963,2026-01,avg_duration_by_zone_hour,False
34,Brooklyn Navy Yard,2,54,17.761111111111113,17.233333333333334,17.233333333333334,28.813333333333336,0.2962962962962963,2026-01,avg_duration_by_zone_hour,False
237,Upper East Side South,21,7568,10.877873942917548,8.783333333333333,7.583333333333333,20.7,0.2962473572938689,2026-01,avg_duration_by_zone_hour,False
148,Lower East Side,2,3735,13.589825970548862,12.366666666666667,12.283333333333333,23.14333333333333,0.29611780455153947,2026-01,avg_duration_by_zone_hour,False
114,Greenwich Village South,22,4773,14.305904741951252,12.25,11.266666666666667,25.65,0.2960402262727844,2026-01,avg_duration_by_zone_hour,False
144,Little Italy/NoLiTa,15,2336,17.933875570776255,15.616666666666667,15.616666666666667,30.7,0.2958047945205479,2026-01,avg_duration_by_zone_hour,False
139,Laurelton,6,71,60.02276995305164,65.0,65.0,104.5,0.29577464788732394,2026-01,avg_duration_by_zone_hour,False
256,Williamsburg (South Side),3,301,17.439147286821704,16.116666666666667,16.116666666666667,26.483333333333334,0.2956810631229236,2026-01,avg_duration_by_zone_hour,False
80,East Williamsburg,15,159,27.48343815513627,24.466666666666665,24.466666666666665,49.780000000000015,0.29559748427672955,2026-01,avg_duration_by_zone_hour,False
117,Hammels/Arverne,17,44,69.56780303030304,69.91666666666667,69.91666666666667,102.24833333333333,0.29545454545454547,2026-01,avg_duration_by_zone_hour,False
225,Stuyvesant Heights,21,132,25.40429292929293,25.291666666666668,25.291666666666668,39.70833333333334,0.29545454545454547,2026-01,avg_duration_by_zone_hour,False
130,Jamaica,22,220,18.308560606060606,17.15,17.15,30.079999999999995,0.29545454545454547,2026-01,avg_duration_by_zone_hour,False
249,West Village,7,1175,14.218992907801418,11.866666666666667,11.866666666666667,25.343333333333337,0.29531914893617023,2026-01,avg_duration_by_zone_hour,False
162,Midtown East,18,9977,14.768278707694364,13.2,12.083333333333334,25.123333333333328,0.2951789114964418,2026-01,avg_duration_by_zone_hour,False
151,Manhattan Valley,5,288,16.282291666666666,13.6,13.6,27.296666666666667,0.2951388888888889,2026-01,avg_duration_by_zone_hour,False
40,Carroll Gardens,14,61,24.663661202185793,23.033333333333335,23.033333333333335,41.9,0.29508196721311475,2026-01,avg_duration_by_zone_hour,False
209,Seaport,3,122,15.755601092896175,14.916666666666668,14.916666666666668,24.976666666666667,0.29508196721311475,2026-01,avg_duration_by_zone_hour,False
249,West Village,2,3418,12.985254534815681,11.333333333333334,11.15,23.216666666666665,0.2949093036863663,2026-01,avg_duration_by_zone_hour,False
195,Red Hook,17,78,30.811965811965813,29.233333333333334,29.233333333333334,51.906666666666666,0.2948717948717949,2026-01,avg_duration_by_zone_hour,False
243,Washington Heights North,11,190,25.473684210526315,23.40833333333333,23.40833333333333,40.019999999999996,0.29473684210526313,2026-01,avg_duration_by_zone_hour,False
65,Downtown Brooklyn/MetroTech,1,95,18.159122807017543,17.216666666666665,17.216666666666665,29.22666666666667,0.29473684210526313,2026-01,avg_duration_by_zone_hour,False
142,Lincoln Square East,19,6316,12.440769474350853,10.45,10.241666666666667,22.541666666666668,0.29464851171627615,2026-01,avg_duration_by_zone_hour,False
95,Forest Hills,23,146,17.042123287671235,15.7,15.7,27.358333333333334,0.2945205479452055,2026-01,avg_duration_by_zone_hour,False
255,Williamsburg (North Side),18,503,22.923426110006627,22.15,22.15,36.730000000000004,0.294234592445328,2026-01,avg_duration_by_zone_hour,False
237,Upper East Side South,20,8272,11.10935082205029,8.883333333333333,7.908333333333333,21.3,0.2941247582205029,2026-01,avg_duration_by_zone_hour,False
181,Park Slope,6,102,33.05767973856209,28.541666666666664,28.541666666666664,54.74,0.29411764705882354,2026-01,avg_duration_by_zone_hour,False
135,Kew Gardens Hills,7,68,25.875980392156862,19.833333333333336,19.833333333333336,61.513333333333364,0.29411764705882354,2026-01,avg_duration_by_zone_hour,False
195,Red Hook,19,68,25.718382352941177,25.6,25.6,38.00833333333333,0.29411764705882354,2026-01,avg_duration_by_zone_hour,False
52,Cobble Hill,0,34,19.34705882352941,19.041666666666664,19.041666666666664,28.62333333333333,0.29411764705882354,2026-01,avg_duration_by_zone_hour,False
127,Inwood,22,85,18.35549019607843,16.733333333333334,16.733333333333334,28.983333333333338,0.29411764705882354,2026-01,avg_duration_by_zone_hour,False
74,East Harlem North,5,357,16.88029878618114,13.933333333333334,13.933333333333334,25.136666666666674,0.29411764705882354,2026-01,avg_duration_by_zone_hour,False
210,Sheepshead Bay,19,34,16.459313725490198,13.541666666666666,13.541666666666666,30.113333333333326,0.29411764705882354,2026-01,avg_duration_by_zone_hour,False
238,Upper West Side North,18,5148,13.19242747992748,10.825,9.933333333333334,25.438333333333336,0.2940947940947941,2026-01,avg_duration_by_zone_hour,False
114,Greenwich Village South,1,4336,12.793131150061502,10.825,10.283333333333333,22.816666666666666,0.29404981549815495,2026-01,avg_duration_by_zone_hour,False
87,Financial District North,20,1701,16.81687242798354,15.733333333333333,15.733333333333333,25.766666666666666,0.29394473838918284,2026-01,avg_duration_by_zone_hour,False
211,SoHo,7,262,14.211959287531807,13.091666666666667,13.091666666666667,24.201666666666668,0.29389312977099236,2026-01,avg_duration_by_zone_hour,False
87,Financial District North,8,746,19.50491510277033,18.133333333333333,18.133333333333333,31.183333333333334,0.2935656836461126,2026-01,avg_duration_by_zone_hour,False
161,Midtown Center,17,12572,16.862753208187506,14.35,13.708333333333332,28.916666666666668,0.2935093859370029,2026-01,avg_duration_by_zone_hour,False
255,Williamsburg (North Side),8,150,25.169,24.066666666666666,24.066666666666666,40.709999999999994,0.29333333333333333,2026-01,avg_duration_by_zone_hour,False
80,East Williamsburg,19,300,21.659333333333333,20.941666666666666,20.941666666666666,34.22500000000001,0.29333333333333333,2026-01,avg_duration_by_zone_hour,False
237,Upper East Side South,19,9389,11.571237618489723,9.083333333333334,8.85,23.116666666666667,0.29332197252103526,2026-01,avg_duration_by_zone_hour,False
148,Lower East Side,0,4345,14.299006520905255,13.083333333333334,13.0,24.243333333333332,0.29321058688147295,2026-01,avg_duration_by_zone_hour,False
222,Starrett City,14,58,43.94454022988506,45.28333333333333,45.28333333333333,72.67500000000004,0.29310344827586204,2026-01,avg_duration_by_zone_hour,False
243,Washington Heights North,2,58,14.733908045977012,13.833333333333332,13.833333333333332,21.423333333333343,0.29310344827586204,2026-01,avg_duration_by_zone_hour,False
236,Upper East Side North,7,5568,11.071437978927204,9.141666666666666,8.233333333333333,20.17166666666667,0.29310344827586204,2026-01,avg_duration_by_zone_hour,False
249,West Village,1,4989,12.940752989911138,11.4,10.866666666666667,22.769999999999996,0.29304469833633995,2026-01,avg_duration_by_zone_hour,False
51,Co-Op City,8,164,53.61981707317073,54.28333333333333,54.28333333333333,88.23833333333337,0.2926829268292683,2026-01,avg_duration_by_zone_hour,False
189,Prospect Heights,19,123,25.356910569105693,23.8,23.8,40.67,0.2926829268292683,2026-01,avg_duration_by_zone_hour,False
133,Kensington,19,41,24.680487804878048,21.816666666666666,21.816666666666666,44.833333333333336,0.2926829268292683,2026-01,avg_duration_by_zone_hour,False
244,Washington Heights South,22,369,18.33215898825655,16.8,16.8,28.103333333333335,0.2926829268292683,2026-01,avg_duration_by_zone_hour,False
246,West Chelsea/Hudson Yards,16,4785,16.155990943921978,14.2,13.425,27.393333333333338,0.29258098223615464,2026-01,avg_duration_by_zone_hour,False
234,Union Sq,21,7043,13.631693407165507,12.333333333333334,11.233333333333333,23.216666666666665,0.292347011216811,2026-01,avg_duration_by_zone_hour,False
85,Erasmus,19,65,26.963846153846156,24.0,24.0,48.89666666666667,0.2923076923076923,2026-01,avg_duration_by_zone_hour,False
68,East Chelsea,22,5468,15.537003169958545,14.266666666666667,13.941666666666666,26.333333333333332,0.2922457937088515,2026-01,avg_duration_by_zone_hour,False
231,TriBeCa/Civic Center,8,1736,16.32998271889401,14.408333333333333,14.408333333333333,28.816666666666666,0.29205069124423966,2026-01,avg_duration_by_zone_hour,False
116,Hamilton Heights,7,815,22.716216768916155,20.866666666666667,20.866666666666667,35.68333333333334,0.2920245398773006,2026-01,avg_duration_by_zone_hour,False
13,Battery Park City,17,2127,18.697704121611036,16.733333333333334,16.733333333333334,30.406666666666677,0.2919605077574048,2026-01,avg_duration_by_zone_hour,False
41,Central Harlem,6,668,19.092739520958084,17.208333333333336,17.208333333333336,31.54833333333335,0.29191616766467066,2026-01,avg_duration_by_zone_hour,False
50,Clinton West,6,531,13.931230382925298,12.75,12.75,21.066666666666666,0.2919020715630885,2026-01,avg_duration_by_zone_hour,False
243,Washington Heights North,22,209,19.91395534290271,19.016666666666666,19.016666666666666,30.79666666666667,0.291866028708134,2026-01,avg_duration_by_zone_hour,False
112,Greenpoint,22,418,19.643700159489637,18.708333333333332,18.708333333333332,29.893333333333334,0.291866028708134,2026-01,avg_duration_by_zone_hour,False
243,Washington Heights North,14,233,28.321387696709586,25.2,25.2,46.60666666666667,0.2918454935622318,2026-01,avg_duration_by_zone_hour,False
79,East Village,21,7272,14.750320865419875,13.183333333333334,12.716666666666667,25.65,0.2918041804180418,2026-01,avg_duration_by_zone_hour,False
148,Lower East Side,8,713,16.611290322580647,14.9,14.9,26.796666666666685,0.2917251051893408,2026-01,avg_duration_by_zone_hour,False
225,Stuyvesant Heights,17,168,39.453472222222224,37.075,37.075,65.615,0.2916666666666667,2026-01,avg_duration_by_zone_hour,False
244,Washington Heights South,18,504,23.576719576719576,21.416666666666664,21.416666666666664,38.895,0.2916666666666667,2026-01,avg_duration_by_zone_hour,False
129,Jackson Heights,20,168,20.0703373015873,19.008333333333333,19.008333333333333,30.483333333333338,0.2916666666666667,2026-01,avg_duration_by_zone_hour,False
198,Ridgewood,0,72,19.339583333333334,18.866666666666667,18.866666666666667,30.865,0.2916666666666667,2026-01,avg_duration_by_zone_hour,False
186,Penn Station/Madison Sq West,7,3839,10.703777025266998,8.966666666666667,8.966666666666667,19.203333333333337,0.2912216723104975,2026-01,avg_duration_by_zone_hour,False
82,Elmhurst,22,158,17.237763713080167,16.866666666666667,16.866666666666667,27.99166666666667,0.2911392405063291,2026-01,avg_duration_by_zone_hour,False
142,Lincoln Square East,18,8143,12.599146506201647,10.316666666666666,10.016666666666667,22.963333333333335,0.2910475254820091,2026-01,avg_duration_by_zone_hour,False
4,Alphabet City,5,244,12.988661202185792,11.4,11.4,20.925000000000004,0.29098360655737704,2026-01,avg_duration_by_zone_hour,False
181,Park Slope,20,299,23.23779264214047,23.433333333333334,23.433333333333334,35.74333333333333,0.2909698996655518,2026-01,avg_duration_by_zone_hour,False
85,Erasmus,22,55,27.784848484848485,27.25,27.25,40.70333333333333,0.2909090909090909,2026-01,avg_duration_by_zone_hour,False
85,Erasmus,4,55,22.739393939393942,20.683333333333334,20.683333333333334,36.43666666666668,0.2909090909090909,2026-01,avg_duration_by_zone_hour,False
224,Stuy Town/Peter Cooper Village,8,557,16.36364452423698,14.9,14.9,26.040000000000017,0.29084380610412924,2026-01,avg_duration_by_zone_hour,False
246,West Chelsea/Hudson Yards,18,5857,15.739792840475783,14.083333333333334,14.083333333333334,26.140000000000008,0.2907631893460816,2026-01,avg_duration_by_zone_hour,False
112,Greenpoint,16,227,26.3643906020558,23.916666666666668,23.916666666666668,40.61333333333334,0.2907488986784141,2026-01,avg_duration_by_zone_hour,False
132,JFK Airport,2,1001,23.29229104229104,23.383333333333333,23.383333333333333,35.56666666666667,0.2907092907092907,2026-01,avg_duration_by_zone_hour,False
145,Long Island City/Hunters Point,19,468,20.836004273504273,19.4,19.4,34.82666666666667,0.2905982905982906,2026-01,avg_duration_by_zone_hour,False
246,West Chelsea/Hudson Yards,13,3570,15.840518207282914,14.1,13.283333333333333,26.384999999999998,0.2904761904761905,2026-01,avg_duration_by_zone_hour,False
146,Long Island City/Queens Plaza,7,241,20.111134163208852,18.35,18.35,32.18333333333333,0.29045643153526973,2026-01,avg_duration_by_zone_hour,False
162,Midtown East,19,8340,13.520047961630695,12.166666666666666,11.35,22.985000000000007,0.29040767386091126,2026-01,avg_duration_by_zone_hour,False
217,South Williamsburg,11,31,30.21182795698925,28.666666666666668,28.666666666666668,49.733333333333334,0.2903225806451613,2026-01,avg_duration_by_zone_hour,False
241,Van Cortlandt Village,19,31,24.938172043010756,25.75,25.75,40.21666666666667,0.2903225806451613,2026-01,avg_duration_by_zone_hour,False
40,Carroll Gardens,6,62,18.45994623655914,18.5,18.5,30.813333333333333,0.2903225806451613,2026-01,avg_duration_by_zone_hour,False
261,World Trade Center,23,431,17.974052590873935,16.316666666666666,16.316666666666666,28.883333333333333,0.2900232018561485,2026-01,avg_duration_by_zone_hour,False
40,Carroll Gardens,21,100,21.278333333333336,20.333333333333336,20.333333333333336,31.835000000000004,0.29,2026-01,avg_duration_by_zone_hour,False
87,Financial District North,19,1914,16.91118077324974,15.733333333333333,15.733333333333333,26.0,0.28996865203761757,2026-01,avg_duration_by_zone_hour,False
87,Financial District North,0,1311,15.697546402237478,14.516666666666667,14.516666666666667,24.65,0.2898550724637681,2026-01,avg_duration_by_zone_hour,False
236,Upper East Side North,17,11946,13.495465706791675,10.683333333333334,10.016666666666667,26.566666666666666,0.2898041185334003,2026-01,avg_duration_by_zone_hour,False
42,Central Harlem North,3,145,15.701264367816092,14.283333333333333,14.283333333333333,24.59,0.2896551724137931,2026-01,avg_duration_by_zone_hour,False
256,Williamsburg (South Side),2,328,17.647916666666667,17.133333333333333,17.133333333333333,27.581666666666667,0.2896341463414634,2026-01,avg_duration_by_zone_hour,False
49,Clinton Hill,21,183,20.79471766848816,18.716666666666665,18.716666666666665,32.800000000000004,0.2896174863387978,2026-01,avg_duration_by_zone_hour,False
65,Downtown Brooklyn/MetroTech,0,183,19.62814207650273,18.483333333333334,18.483333333333334,29.603333333333335,0.2896174863387978,2026-01,avg_duration_by_zone_hour,False
198,Ridgewood,11,76,25.53135964912281,24.358333333333334,24.358333333333334,43.49166666666667,0.2894736842105263,2026-01,avg_duration_by_zone_hour,False
83,Elmhurst/Maspeth,23,38,16.055701754385964,15.483333333333334,15.483333333333334,26.69,0.2894736842105263,2026-01,avg_duration_by_zone_hour,False
92,Flushing,1,38,14.260087719298246,13.458333333333332,13.458333333333332,24.326666666666668,0.2894736842105263,2026-01,avg_duration_by_zone_hour,False
24,Bloomingdale,6,311,15.153269024651662,14.1,14.1,24.116666666666667,0.28938906752411575,2026-01,avg_duration_by_zone_hour,False
145,Long Island City/Hunters Point,22,408,18.658578431372547,18.008333333333333,18.008333333333333,29.330000000000002,0.28921568627450983,2026-01,avg_duration_by_zone_hour,False
49,Clinton Hill,19,218,24.912614678899082,22.258333333333333,22.258333333333333,41.25666666666667,0.2889908256880734,2026-01,avg_duration_by_zone_hour,False
189,Prospect Heights,7,90,32.33203703703703,29.0,29.0,51.505,0.28888888888888886,2026-01,avg_duration_by_zone_hour,False
148,Lower East Side,1,4355,14.023497895139688,12.7,12.483333333333333,23.976666666666667,0.28886337543053964,2026-01,avg_duration_by_zone_hour,False
259,Woodlawn/Wakefield,9,52,48.84935897435897,47.425,47.425,77.58166666666666,0.28846153846153844,2026-01,avg_duration_by_zone_hour,False
159,Melrose South,9,104,39.17804487179487,37.96666666666667,37.96666666666667,67.63333333333334,0.28846153846153844,2026-01,avg_duration_by_zone_hour,False
256,Williamsburg (South Side),5,104,19.138301282051284,16.491666666666667,16.491666666666667,29.04666666666667,0.28846153846153844,2026-01,avg_duration_by_zone_hour,False
68,East Chelsea,21,5783,15.142970776413627,14.05,13.266666666666667,25.75,0.28843160989106,2026-01,avg_duration_by_zone_hour,False
261,World Trade Center,15,1106,21.90206449668475,19.941666666666666,19.941666666666666,36.06666666666667,0.2884267631103074,2026-01,avg_duration_by_zone_hour,False
151,Manhattan Valley,6,690,14.605386473429952,13.366666666666667,13.366666666666667,23.28666666666667,0.28840579710144926,2026-01,avg_duration_by_zone_hour,False
50,Clinton West,2,323,14.95686274509804,14.483333333333333,14.483333333333333,26.80666666666667,0.28792569659442724,2026-01,avg_duration_by_zone_hour,False
198,Ridgewood,17,66,25.22676767676768,24.03333333333333,24.03333333333333,39.016666666666666,0.2878787878787879,2026-01,avg_duration_by_zone_hour,False
261,World Trade Center,14,1077,22.221092541008975,19.616666666666667,19.616666666666667,36.663333333333334,0.2878365831012071,2026-01,avg_duration_by_zone_hour,False
106,Gowanus,20,73,22.126027397260273,22.116666666666667,22.116666666666667,34.663333333333334,0.2876712328767123,2026-01,avg_duration_by_zone_hour,False
66,DUMBO/Vinegar Hill,22,400,21.408625,20.34166666666667,20.34166666666667,31.60166666666667,0.2875,2026-01,avg_duration_by_zone_hour,False
130,Jamaica,23,320,17.404270833333335,16.71666666666667,16.71666666666667,27.553333333333335,0.2875,2026-01,avg_duration_by_zone_hour,False
148,Lower East Side,23,4279,14.939109605047907,13.666666666666666,13.666666666666666,25.316666666666666,0.28721663940172937,2026-01,avg_duration_by_zone_hour,False
239,Upper West Side South,19,5484,12.220511184050572,9.9,9.9,23.883333333333333,0.287199124726477,2026-01,avg_duration_by_zone_hour,False
25,Boerum Hill,0,209,21.747527910685807,20.5,20.5,34.60666666666667,0.28708133971291866,2026-01,avg_duration_by_zone_hour,False
12,Battery Park,16,108,21.899845679012348,21.241666666666667,21.241666666666667,32.42666666666666,0.28703703703703703,2026-01,avg_duration_by_zone_hour,False
42,Central Harlem North,21,436,20.44900611620795,18.541666666666668,18.541666666666668,33.93333333333334,0.286697247706422,2026-01,avg_duration_by_zone_hour,False
88,Financial District South,22,663,16.988009049773755,15.983333333333333,15.983333333333333,26.23666666666667,0.2865761689291101,2026-01,avg_duration_by_zone_hour,False
116,Hamilton Heights,6,398,23.67684254606365,20.166666666666664,20.166666666666664,38.711666666666666,0.2864321608040201,2026-01,avg_duration_by_zone_hour,False
37,Bushwick South,23,398,22.854564489112228,22.925,22.925,36.055,0.2864321608040201,2026-01,avg_duration_by_zone_hour,False
37,Bushwick South,12,227,34.23223201174743,31.616666666666667,31.616666666666667,57.616666666666674,0.28634361233480177,2026-01,avg_duration_by_zone_hour,False
256,Williamsburg (South Side),0,538,19.556257744733582,18.55,18.55,30.883333333333333,0.2862453531598513,2026-01,avg_duration_by_zone_hour,False
87,Financial District North,6,367,17.209763851044507,14.866666666666667,14.866666666666667,25.883333333333344,0.28610354223433243,2026-01,avg_duration_by_zone_hour,False
249,West Village,0,5936,13.423163746630728,11.7,11.7,23.741666666666667,0.28588274932614555,2026-01,avg_duration_by_zone_hour,False
220,Spuyten Duyvil/Kingsbridge,15,56,35.61815476190476,26.275,26.275,55.05,0.2857142857142857,2026-01,avg_duration_by_zone_hour,False
215,South Jamaica,17,49,29.04931972789116,24.25,24.25,66.98,0.2857142857142857,2026-01,avg_duration_by_zone_hour,False
195,Red Hook,8,161,27.60341614906832,26.533333333333335,26.533333333333335,44.55,0.2857142857142857,2026-01,avg_duration_by_zone_hour,False
225,Stuyvesant Heights,3,77,24.08982683982684,24.65,24.65,35.276666666666685,0.2857142857142857,2026-01,avg_duration_by_zone_hour,False
127,Inwood,20,63,20.98095238095238,18.016666666666666,18.016666666666666,30.576666666666668,0.2857142857142857,2026-01,avg_duration_by_zone_hour,False
66,DUMBO/Vinegar Hill,19,336,20.739484126984127,19.541666666666664,19.541666666666664,32.2,0.2857142857142857,2026-01,avg_duration_by_zone_hour,False
40,Carroll Gardens,23,91,20.095970695970696,19.65,19.65,30.666666666666668,0.2857142857142857,2026-01,avg_duration_by_zone_hour,False
146,Long Island City/Queens Plaza,0,112,17.495089285714286,17.208333333333332,17.208333333333332,27.328333333333344,0.2857142857142857,2026-01,avg_duration_by_zone_hour,False
157,Maspeth,2,35,16.64,16.333333333333332,16.333333333333332,23.11,0.2857142857142857,2026-01,avg_duration_by_zone_hour,False
114,Greenwich Village South,0,5021,13.284793865763792,11.383333333333333,11.333333333333334,23.566666666666666,0.28560047799243177,2026-01,avg_duration_by_zone_hour,False
158,Meatpacking/West Village West,22,2420,14.574449035812671,13.391666666666666,13.325,24.571666666666662,0.2855371900826446,2026-01,avg_duration_by_zone_hour,False
232,Two Bridges/Seward Park,8,599,20.014579855314413,18.366666666666667,18.366666666666667,32.403333333333336,0.2854757929883139,2026-01,avg_duration_by_zone_hour,False
239,Upper West Side South,7,2810,13.910604982206406,11.883333333333333,11.883333333333333,24.119999999999997,0.28540925266903916,2026-01,avg_duration_by_zone_hour,False
181,Park Slope,23,305,23.10535519125683,22.766666666666666,22.766666666666666,36.543333333333344,0.28524590163934427,2026-01,avg_duration_by_zone_hour,False
261,World Trade Center,13,961,21.710752688172043,19.066666666666666,19.066666666666666,35.916666666666664,0.2851196670135276,2026-01,avg_duration_by_zone_hour,False
236,Upper East Side North,18,11329,12.641664459940564,10.0,8.95,24.85,0.28493247418130463,2026-01,avg_duration_by_zone_hour,False
261,World Trade Center,1,179,17.226536312849163,15.55,15.55,29.893333333333338,0.2849162011173184,2026-01,avg_duration_by_zone_hour,False
79,East Village,22,7821,14.312560201167797,12.816666666666666,12.683333333333334,24.883333333333333,0.28487405702595575,2026-01,avg_duration_by_zone_hour,False
41,Central Harlem,5,337,18.466320474777447,15.533333333333333,15.533333333333333,34.296666666666724,0.28486646884273,2026-01,avg_duration_by_zone_hour,False
163,Midtown North,20,5350,13.210233644859812,11.491666666666667,11.35,23.13833333333335,0.2848598130841121,2026-01,avg_duration_by_zone_hour,False
231,TriBeCa/Civic Center,20,3163,15.236568658446624,14.0,14.0,26.216666666666665,0.2848561492254189,2026-01,avg_duration_by_zone_hour,False
112,Greenpoint,10,165,23.732727272727274,22.516666666666666,22.516666666666666,36.949999999999996,0.28484848484848485,2026-01,avg_duration_by_zone_hour,False
209,Seaport,8,165,20.04282828282828,19.166666666666668,19.166666666666668,34.193333333333335,0.28484848484848485,2026-01,avg_duration_by_zone_hour,False
231,TriBeCa/Civic Center,21,2988,15.403575412762159,14.141666666666666,14.133333333333333,26.360000000000007,0.28480589022757696,2026-01,avg_duration_by_zone_hour,False
226,Sunnyside,3,116,14.93419540229885,14.575,14.575,23.4,0.28448275862068967,2026-01,avg_duration_by_zone_hour,False
168,Mott Haven/Port Morris,0,109,14.763914373088685,13.716666666666667,13.716666666666667,22.436666666666667,0.28440366972477066,2026-01,avg_duration_by_zone_hour,False
114,Greenwich Village South,23,5022,13.64694344882517,11.825,11.383333333333333,24.248333333333342,0.2843488649940263,2026-01,avg_duration_by_zone_hour,False
239,Upper West Side South,16,6480,13.521702674897119,10.85,10.583333333333334,25.883333333333333,0.28425925925925927,2026-01,avg_duration_by_zone_hour,False
157,Maspeth,5,88,17.09147727272727,16.1,16.1,26.881666666666668,0.2840909090909091,2026-01,avg_duration_by_zone_hour,False
238,Upper West Side North,6,1320,14.054608585858585,11.983333333333333,11.983333333333333,21.771666666666672,0.2840909090909091,2026-01,avg_duration_by_zone_hour,False
17,Bedford,20,162,23.106069958847737,21.59166666666667,21.59166666666667,38.19833333333334,0.2839506172839506,2026-01,avg_duration_by_zone_hour,False
231,TriBeCa/Civic Center,5,162,14.14485596707819,12.441666666666666,12.441666666666666,21.740000000000006,0.2839506172839506,2026-01,avg_duration_by_zone_hour,False
202,Roosevelt Island,7,67,38.351243781094524,36.56666666666667,36.56666666666667,57.04666666666667,0.2835820895522388,2026-01,avg_duration_by_zone_hour,False
36,Bushwick North,16,134,29.746517412935322,27.975,27.975,50.925,0.2835820895522388,2026-01,avg_duration_by_zone_hour,False
17,Bedford,2,67,22.97960199004975,22.9,22.9,34.82333333333334,0.2835820895522388,2026-01,avg_duration_by_zone_hour,False
263,Yorkville West,5,734,11.949091734786558,10.333333333333334,10.333333333333334,18.808333333333337,0.28337874659400547,2026-01,avg_duration_by_zone_hour,False
236,Upper East Side North,19,8249,11.99433264638138,9.4,8.1,24.5,0.2833070675233362,2026-01,avg_duration_by_zone_hour,False
13,Battery Park City,19,1713,15.856995524421093,15.233333333333333,15.233333333333333,24.046666666666667,0.28312901342673674,2026-01,avg_duration_by_zone_hour,False
85,Erasmus,23,53,22.634276729559748,22.783333333333335,22.783333333333335,38.02333333333333,0.2830188679245283,2026-01,avg_duration_by_zone_hour,False
13,Battery Park City,5,106,17.876572327044027,15.833333333333332,15.833333333333332,25.958333333333332,0.2830188679245283,2026-01,avg_duration_by_zone_hour,False
247,West Concourse,23,53,14.241509433962264,13.0,13.0,21.263333333333335,0.2830188679245283,2026-01,avg_duration_by_zone_hour,False
107,Gramercy,19,4822,13.720703719065396,12.516666666666667,12.516666666666667,23.033333333333335,0.28287017834923267,2026-01,avg_duration_by_zone_hour,False
7,Astoria,21,382,18.90602094240838,18.516666666666666,18.516666666666666,29.73,0.28272251308900526,2026-01,avg_duration_by_zone_hour,False
226,Sunnyside,6,375,18.778533333333332,17.55,17.55,30.130000000000003,0.2826666666666667,2026-01,avg_duration_by_zone_hour,False
228,Sunset Park West,12,92,34.676086956521736,32.58333333333333,32.58333333333333,59.51,0.2826086956521739,2026-01,avg_duration_by_zone_hour,False
52,Cobble Hill,9,92,23.4963768115942,22.916666666666664,22.916666666666664,37.94833333333334,0.2826086956521739,2026-01,avg_duration_by_zone_hour,False
155,Marine Park/Mill Basin,21,46,18.1518115942029,16.983333333333334,16.983333333333334,29.991666666666667,0.2826086956521739,2026-01,avg_duration_by_zone_hour,False
239,Upper West Side South,3,230,13.95876811594203,11.708333333333332,11.708333333333332,24.72,0.2826086956521739,2026-01,avg_duration_by_zone_hour,False
112,Greenpoint,21,361,19.87100646352724,18.916666666666668,18.916666666666668,29.833333333333332,0.28254847645429365,2026-01,avg_duration_by_zone_hour,False
255,Williamsburg (North Side),2,662,18.20050352467271,17.40833333333333,17.40833333333333,27.244999999999997,0.2824773413897281,2026-01,avg_duration_by_zone_hour,False
243,Washington Heights North,10,216,27.16358024691358,23.3,23.3,44.516666666666666,0.2824074074074074,2026-01,avg_duration_by_zone_hour,False
80,East Williamsburg,4,248,18.08212365591398,17.883333333333333,17.883333333333333,26.335,0.28225806451612906,2026-01,avg_duration_by_zone_hour,False
129,Jackson Heights,0,163,15.814519427402862,15.983333333333333,15.983333333333333,25.810000000000002,0.2822085889570552,2026-01,avg_duration_by_zone_hour,False
246,West Chelsea/Hudson Yards,21,3892,14.42544964028777,13.333333333333334,13.333333333333334,24.05,0.28211716341212745,2026-01,avg_duration_by_zone_hour,False
76,East New York,3,39,24.26794871794872,20.366666666666667,20.366666666666667,35.093333333333334,0.28205128205128205,2026-01,avg_duration_by_zone_hour,False
228,Sunset Park West,1,39,20.341880341880344,20.0,20.0,32.78333333333334,0.28205128205128205,2026-01,avg_duration_by_zone_hour,False
65,Downtown Brooklyn/MetroTech,23,234,19.656125356125358,18.491666666666667,18.491666666666667,30.473333333333333,0.28205128205128205,2026-01,avg_duration_by_zone_hour,False
228,Sunset Park West,2,39,19.63034188034188,20.0,20.0,30.07333333333335,0.28205128205128205,2026-01,avg_duration_by_zone_hour,False
239,Upper West Side South,21,4573,11.912839857132443,10.133333333333333,10.05,22.386666666666677,0.2818718565493112,2026-01,avg_duration_by_zone_hour,False
36,Bushwick North,5,103,21.563430420711974,19.866666666666667,19.866666666666667,33.243333333333325,0.2815533980582524,2026-01,avg_duration_by_zone_hour,False
25,Boerum Hill,21,231,22.305050505050506,20.966666666666665,20.966666666666665,33.833333333333336,0.2813852813852814,2026-01,avg_duration_by_zone_hour,False
249,West Village,22,6803,14.208849037189475,12.716666666666667,11.3,24.95,0.2813464647949434,2026-01,avg_duration_by_zone_hour,False
133,Kensington,7,128,31.745442708333332,31.983333333333334,31.983333333333334,48.54,0.28125,2026-01,avg_duration_by_zone_hour,False
208,Schuylerville/Edgewater Park,20,32,21.681770833333335,18.950000000000003,18.950000000000003,34.60000000000001,0.28125,2026-01,avg_duration_by_zone_hour,False
51,Co-Op City,23,32,19.980208333333334,17.299999999999997,17.299999999999997,32.57666666666667,0.28125,2026-01,avg_duration_by_zone_hour,False
242,Van Nest/Morris Park,23,32,18.863020833333334,17.558333333333334,17.558333333333334,28.976666666666667,0.28125,2026-01,avg_duration_by_zone_hour,False
75,East Harlem South,5,441,15.279062736205594,12.7,12.7,25.983333333333334,0.2811791383219955,2026-01,avg_duration_by_zone_hour,False
162,Midtown East,21,6435,12.628344988344988,11.616666666666667,11.016666666666667,20.983333333333334,0.2811188811188811,2026-01,avg_duration_by_zone_hour,False
223,Steinway,22,153,17.79705882352941,17.05,17.05,27.006666666666675,0.28104575163398693,2026-01,avg_duration_by_zone_hour,False
112,Greenpoint,6,121,21.540771349862258,18.9,18.9,31.7,0.2809917355371901,2026-01,avg_duration_by_zone_hour,False
249,West Village,21,6399,14.697687138615409,13.016666666666667,11.641666666666666,26.036666666666665,0.2809814033442725,2026-01,avg_duration_by_zone_hour,False
7,Astoria,1,299,16.65696767001115,16.8,16.8,26.736666666666668,0.2809364548494983,2026-01,avg_duration_by_zone_hour,False
106,Gowanus,22,89,22.034644194756552,20.4,20.4,35.06666666666666,0.2808988764044944,2026-01,avg_duration_by_zone_hour,False
181,Park Slope,3,57,19.754970760233917,19.65,19.65,30.726666666666667,0.2807017543859649,2026-01,avg_duration_by_zone_hour,False
88,Financial District South,23,645,17.82532299741602,15.95,15.95,27.683333333333334,0.2806201550387597,2026-01,avg_duration_by_zone_hour,False
51,Co-Op City,6,164,51.416158536585364,49.725,49.725,84.25833333333334,0.2804878048780488,2026-01,avg_duration_by_zone_hour,False
112,Greenpoint,14,189,23.236772486772487,22.083333333333332,22.083333333333332,35.796666666666674,0.2804232804232804,2026-01,avg_duration_by_zone_hour,False
161,Midtown Center,18,12968,15.159455325930496,13.441666666666666,12.3,25.433333333333334,0.28038247995064774,2026-01,avg_duration_by_zone_hour,False
80,East Williamsburg,2,414,17.91964573268921,17.625,17.625,27.223333333333333,0.28019323671497587,2026-01,avg_duration_by_zone_hour,False
142,Lincoln Square East,20,6196,12.21523025607919,10.416666666666666,10.416666666666666,21.9,0.2800193673337637,2026-01,avg_duration_by_zone_hour,False
52,Cobble Hill,12,75,27.21511111111111,23.9,23.9,57.04000000000008,0.28,2026-01,avg_duration_by_zone_hour,False
36,Bushwick North,6,100,24.02,23.424999999999997,23.424999999999997,39.608333333333334,0.28,2026-01,avg_duration_by_zone_hour,False
89,Flatbush/Ditmas Park,2,50,23.876666666666665,24.391666666666666,24.391666666666666,37.59,0.28,2026-01,avg_duration_by_zone_hour,False
13,Battery Park City,2,50,17.272333333333332,16.175,16.175,26.575000000000003,0.28,2026-01,avg_duration_by_zone_hour,False
145,Long Island City/Hunters Point,6,193,18.424525043177894,16.583333333333332,16.583333333333332,30.453333333333333,0.27979274611398963,2026-01,avg_duration_by_zone_hour,False
88,Financial District South,21,676,17.566666666666666,16.71666666666667,16.71666666666667,26.90833333333333,0.27958579881656803,2026-01,avg_duration_by_zone_hour,False
127,Inwood,7,186,29.471863799283152,27.483333333333334,27.483333333333334,50.516666666666666,0.27956989247311825,2026-01,avg_duration_by_zone_hour,False
244,Washington Heights South,6,433,21.558622016936106,19.766666666666666,19.766666666666666,32.836666666666666,0.279445727482679,2026-01,avg_duration_by_zone_hour,False
222,Starrett City,6,68,67.1468137254902,63.175,63.175,107.88666666666667,0.27941176470588236,2026-01,avg_duration_by_zone_hour,False
127,Inwood,12,68,25.938235294117646,24.46666666666667,24.46666666666667,42.56166666666667,0.27941176470588236,2026-01,avg_duration_by_zone_hour,False
157,Maspeth,6,68,21.727450980392156,18.75,18.75,39.07000000000001,0.27941176470588236,2026-01,avg_duration_by_zone_hour,False
87,Financial District North,2,494,14.732591093117408,14.083333333333334,14.083333333333334,23.396666666666665,0.2793522267206478,2026-01,avg_duration_by_zone_hour,False
127,Inwood,13,86,26.432170542635657,22.46666666666667,22.46666666666667,36.41666666666667,0.27906976744186046,2026-01,avg_duration_by_zone_hour,False
186,Penn Station/Madison Sq West,6,2766,9.476446131597974,7.933333333333334,7.75,16.8,0.2787418655097614,2026-01,avg_duration_by_zone_hour,False
213,Soundview/Castle Hill,12,61,35.80765027322405,33.266666666666666,33.266666666666666,63.65,0.2786885245901639,2026-01,avg_duration_by_zone_hour,False
158,Meatpacking/West Village West,6,280,13.640654761904761,11.858333333333334,11.858333333333334,23.40833333333333,0.2785714285714286,2026-01,avg_duration_by_zone_hour,False
260,Woodside,3,79,15.186286919831224,15.25,15.25,23.833333333333332,0.27848101265822783,2026-01,avg_duration_by_zone_hour,False
36,Bushwick North,23,334,22.272355289421156,22.108333333333334,22.108333333333334,33.53666666666667,0.27844311377245506,2026-01,avg_duration_by_zone_hour,False
45,Chinatown,17,518,23.998069498069498,21.2,21.2,43.376666666666665,0.277992277992278,2026-01,avg_duration_by_zone_hour,False
259,Woodlawn/Wakefield,12,36,48.263888888888886,42.66666666666667,42.66666666666667,90.025,0.2777777777777778,2026-01,avg_duration_by_zone_hour,False
241,Van Cortlandt Village,14,36,46.613425925925924,45.59166666666667,45.59166666666667,69.51666666666667,0.2777777777777778,2026-01,avg_duration_by_zone_hour,False
210,Sheepshead Bay,15,36,42.9425925925926,38.91666666666667,38.91666666666667,87.425,0.2777777777777778,2026-01,avg_duration_by_zone_hour,False
97,Fort Greene,4,72,22.009722222222223,18.95,18.95,29.658333333333335,0.2777777777777778,2026-01,avg_duration_by_zone_hour,False
112,Greenpoint,12,162,21.402263374485596,19.758333333333333,19.758333333333333,34.285000000000004,0.2777777777777778,2026-01,avg_duration_by_zone_hour,False
52,Cobble Hill,19,90,21.282592592592593,20.241666666666667,20.241666666666667,31.726666666666677,0.2777777777777778,2026-01,avg_duration_by_zone_hour,False
40,Carroll Gardens,0,72,21.111805555555556,21.46666666666667,21.46666666666667,31.591666666666665,0.2777777777777778,2026-01,avg_duration_by_zone_hour,False
243,Washington Heights North,21,108,18.42098765432099,17.266666666666666,17.266666666666666,30.496666666666663,0.2777777777777778,2026-01,avg_duration_by_zone_hour,False
168,Mott Haven/Port Morris,1,54,14.130555555555555,13.016666666666666,13.016666666666666,21.48833333333334,0.2777777777777778,2026-01,avg_duration_by_zone_hour,False
239,Upper West Side South,22,3940,12.738769035532995,11.0,10.716666666666667,23.686666666666664,0.27766497461928935,2026-01,avg_duration_by_zone_hour,False
249,West Village,23,6957,13.807306789324901,12.183333333333334,12.0,24.533333333333335,0.2775621676009774,2026-01,avg_duration_by_zone_hour,False
145,Long Island City/Hunters Point,7,245,22.428843537414966,21.233333333333334,21.233333333333334,35.489999999999995,0.27755102040816326,2026-01,avg_duration_by_zone_hour,False
255,Williamsburg (North Side),4,274,17.133333333333336,16.558333333333334,16.558333333333334,26.39666666666667,0.2773722627737226,2026-01,avg_duration_by_zone_hour,False
224,Stuy Town/Peter Cooper Village,17,512,17.42890625,15.45,15.45,29.590000000000003,0.27734375,2026-01,avg_duration_by_zone_hour,False
26,Borough Park,12,101,31.10082508250825,29.9,29.9,55.016666666666666,0.27722772277227725,2026-01,avg_duration_by_zone_hour,False
249,West Village,20,5249,14.805216866704768,13.25,12.816666666666666,26.066666666666666,0.27719565631548865,2026-01,avg_duration_by_zone_hour,False
80,East Williamsburg,13,166,26.234236947791164,23.875,23.875,43.358333333333334,0.27710843373493976,2026-01,avg_duration_by_zone_hour,False
80,East Williamsburg,3,372,17.973700716845876,17.666666666666664,17.666666666666664,27.07166666666667,0.2768817204301075,2026-01,avg_duration_by_zone_hour,False
70,East Elmhurst,11,307,30.746742671009773,28.333333333333332,28.333333333333332,48.37666666666667,0.2768729641693811,2026-01,avg_duration_by_zone_hour,False
256,Williamsburg (South Side),1,387,18.14612403100775,17.5,17.5,28.163333333333334,0.27648578811369506,2026-01,avg_duration_by_zone_hour,False
177,Ocean Hill,12,123,37.43888888888889,34.9,34.9,63.18666666666665,0.2764227642276423,2026-01,avg_duration_by_zone_hour,False
49,Clinton Hill,1,76,22.05372807017544,20.566666666666666,20.566666666666666,35.875,0.27631578947368424,2026-01,avg_duration_by_zone_hour,False
13,Battery Park City,18,2169,16.38559243891194,15.25,15.25,26.083333333333332,0.2761641309359152,2026-01,avg_duration_by_zone_hour,False
179,Old Astoria,7,290,28.17310344827586,27.03333333333333,27.03333333333333,44.02000000000001,0.27586206896551724,2026-01,avg_duration_by_zone_hour,False
36,Bushwick North,15,116,27.13103448275862,27.666666666666664,27.666666666666664,42.50833333333333,0.27586206896551724,2026-01,avg_duration_by_zone_hour,False
155,Marine Park/Mill Basin,18,58,20.69712643678161,18.933333333333334,18.933333333333334,34.95833333333335,0.27586206896551724,2026-01,avg_duration_by_zone_hour,False
37,Bushwick South,21,236,23.86377118644068,24.366666666666667,24.366666666666667,37.141666666666666,0.2754237288135593,2026-01,avg_duration_by_zone_hour,False
239,Upper West Side South,17,7150,13.299473193473194,10.791666666666668,10.791666666666668,25.253333333333345,0.2753846153846154,2026-01,avg_duration_by_zone_hour,False
49,Clinton Hill,2,69,21.433333333333334,20.416666666666668,20.416666666666668,32.303333333333335,0.2753623188405797,2026-01,avg_duration_by_zone_hour,False
79,East Village,2,5589,12.47629271783861,11.233333333333333,11.233333333333333,22.0,0.2753623188405797,2026-01,avg_duration_by_zone_hour,False
80,East Williamsburg,9,178,29.616104868913858,27.59166666666667,27.59166666666667,49.95666666666667,0.2752808988764045,2026-01,avg_duration_by_zone_hour,False
246,West Chelsea/Hudson Yards,15,4432,16.250270758122742,14.283333333333333,14.283333333333333,26.716666666666665,0.2752707581227437,2026-01,avg_duration_by_zone_hour,False
230,Times Sq/Theatre District,22,9577,14.375242769134386,12.6,10.708333333333332,24.523333333333326,0.27503393547039784,2026-01,avg_duration_by_zone_hour,False
86,Far Rockaway,16,40,63.142916666666665,65.475,65.475,108.04833333333335,0.275,2026-01,avg_duration_by_zone_hour,False
169,Mount Hope,17,40,29.877916666666664,23.35,23.35,53.46500000000001,0.275,2026-01,avg_duration_by_zone_hour,False
168,Mott Haven/Port Morris,2,40,15.538333333333332,13.208333333333332,13.208333333333332,27.096666666666668,0.275,2026-01,avg_duration_by_zone_hour,False
66,DUMBO/Vinegar Hill,0,131,22.940076335877862,20.15,20.15,38.95,0.2748091603053435,2026-01,avg_duration_by_zone_hour,False
112,Greenpoint,19,444,20.92372372372372,20.308333333333334,20.308333333333334,31.889999999999997,0.2747747747747748,2026-01,avg_duration_by_zone_hour,False
259,Woodlawn/Wakefield,10,51,41.512091503267975,41.666666666666664,41.666666666666664,75.86666666666666,0.27450980392156865,2026-01,avg_duration_by_zone_hour,False
195,Red Hook,21,51,25.727124183006534,23.516666666666666,23.516666666666666,36.083333333333336,0.27450980392156865,2026-01,avg_duration_by_zone_hour,False
162,Midtown East,20,7796,13.412696682059176,12.275,11.758333333333333,22.291666666666668,0.27437147255002564,2026-01,avg_duration_by_zone_hour,False
255,Williamsburg (North Side),11,113,21.909734513274337,19.45,19.45,33.78666666666666,0.2743362831858407,2026-01,avg_duration_by_zone_hour,False
179,Old Astoria,23,113,18.860914454277285,18.666666666666668,18.666666666666668,29.85333333333333,0.2743362831858407,2026-01,avg_duration_by_zone_hour,False
37,Bushwick South,2,372,21.725806451612904,21.6,21.6,32.75833333333334,0.27419354838709675,2026-01,avg_duration_by_zone_hour,False
163,Midtown North,21,5873,13.089366592882685,11.2,10.8,22.813333333333336,0.27413587604290823,2026-01,avg_duration_by_zone_hour,False
142,Lincoln Square East,23,5698,12.999517374517374,11.25,10.866666666666667,23.205000000000002,0.27413127413127414,2026-01,avg_duration_by_zone_hour,False
161,Midtown Center,22,7645,13.11993895792457,11.816666666666666,11.583333333333334,21.666666666666668,0.27390451275343364,2026-01,avg_duration_by_zone_hour,False
70,East Elmhurst,16,475,34.2019649122807,31.433333333333334,31.433333333333334,54.92,0.2736842105263158,2026-01,avg_duration_by_zone_hour,False
255,Williamsburg (North Side),0,983,18.99613428280773,18.616666666666667,18.616666666666667,27.98666666666667,0.2736520854526958,2026-01,avg_duration_by_zone_hour,False
145,Long Island City/Hunters Point,2,212,17.2376572327044,16.90833333333333,16.90833333333333,26.03,0.27358490566037735,2026-01,avg_duration_by_zone_hour,False
179,Old Astoria,21,117,19.692877492877493,19.666666666666668,19.666666666666668,29.413333333333334,0.27350427350427353,2026-01,avg_duration_by_zone_hour,False
239,Upper West Side South,18,6911,12.461459991318188,10.333333333333334,9.683333333333334,23.466666666666665,0.2734770655476776,2026-01,avg_duration_by_zone_hour,False
80,East Williamsburg,6,128,22.795182291666666,20.825,20.825,34.906666666666666,0.2734375,2026-01,avg_duration_by_zone_hour,False
223,Steinway,23,128,16.765234375,16.53333333333333,16.53333333333333,25.818333333333335,0.2734375,2026-01,avg_duration_by_zone_hour,False
88,Financial District South,1,469,15.463823738450605,14.516666666666667,14.516666666666667,23.206666666666667,0.27292110874200426,2026-01,avg_duration_by_zone_hour,False
106,Gowanus,14,44,29.41969696969697,26.983333333333334,26.983333333333334,55.53666666666667,0.2727272727272727,2026-01,avg_duration_by_zone_hour,False
219,Springfield Gardens South,19,33,29.19393939393939,31.3,31.3,49.00666666666667,0.2727272727272727,2026-01,avg_duration_by_zone_hour,False
25,Boerum Hill,6,121,25.99573002754821,23.216666666666665,23.216666666666665,51.43333333333333,0.2727272727272727,2026-01,avg_duration_by_zone_hour,False
157,Maspeth,17,33,20.577272727272724,18.7,18.7,36.34666666666667,0.2727272727272727,2026-01,avg_duration_by_zone_hour,False
193,Queensbridge/Ravenswood,22,55,20.396363636363635,20.2,20.2,31.583333333333336,0.2727272727272727,2026-01,avg_duration_by_zone_hour,False
159,Melrose South,4,33,16.424242424242426,15.633333333333333,15.633333333333333,26.21666666666667,0.2727272727272727,2026-01,avg_duration_by_zone_hour,False
261,World Trade Center,5,66,15.715909090909092,14.491666666666667,14.491666666666667,23.108333333333334,0.2727272727272727,2026-01,avg_duration_by_zone_hour,False
79,East Village,23,8206,13.724187586318953,12.216666666666667,11.391666666666666,24.208333333333332,0.2724835486229588,2026-01,avg_duration_by_zone_hour,False
243,Washington Heights North,1,103,16.727022653721683,15.85,15.85,29.163333333333323,0.27184466019417475,2026-01,avg_duration_by_zone_hour,False
262,Yorkville East,7,3274,12.443428018733455,11.183333333333334,10.116666666666667,20.783333333333335,0.27153329260843007,2026-01,avg_duration_by_zone_hour,False
132,JFK Airport,1,2671,24.002714339198803,25.116666666666667,25.116666666666667,36.21666666666667,0.27143391988019466,2026-01,avg_duration_by_zone_hour,False
189,Prospect Heights,22,129,23.907622739018088,22.866666666666667,22.866666666666667,36.02000000000002,0.2713178294573643,2026-01,avg_duration_by_zone_hour,False
66,DUMBO/Vinegar Hill,15,284,22.108274647887324,20.625,20.625,35.82833333333334,0.2711267605633803,2026-01,avg_duration_by_zone_hour,False
13,Battery Park City,20,1473,15.845937995021497,15.316666666666666,15.316666666666666,24.129999999999995,0.2708757637474542,2026-01,avg_duration_by_zone_hour,False
60,Crotona Park East,9,48,45.53854166666667,41.03333333333333,41.03333333333333,84.27833333333335,0.2708333333333333,2026-01,avg_duration_by_zone_hour,False
220,Spuyten Duyvil/Kingsbridge,13,48,26.513194444444448,25.258333333333333,25.258333333333333,43.06333333333335,0.2708333333333333,2026-01,avg_duration_by_zone_hour,False
72,East Flatbush/Remsen Village,20,48,23.160416666666666,16.691666666666666,16.691666666666666,45.94833333333335,0.2708333333333333,2026-01,avg_duration_by_zone_hour,False
155,Marine Park/Mill Basin,20,48,22.990277777777777,21.333333333333336,21.333333333333336,39.12000000000005,0.2708333333333333,2026-01,avg_duration_by_zone_hour,False
223,Steinway,4,48,17.108680555555555,16.525,16.525,26.643333333333338,0.2708333333333333,2026-01,avg_duration_by_zone_hour,False
161,Midtown Center,19,11269,14.204627739817198,12.683333333333334,11.8,23.77000000000001,0.27083148460378026,2026-01,avg_duration_by_zone_hour,False
179,Old Astoria,19,181,22.611418047882136,22.283333333333335,22.283333333333335,34.75,0.27071823204419887,2026-01,avg_duration_by_zone_hour,False
260,Woodside,6,133,21.60250626566416,19.683333333333334,19.683333333333334,39.12,0.2706766917293233,2026-01,avg_duration_by_zone_hour,False
37,Bushwick South,1,329,22.87887537993921,22.383333333333333,22.383333333333333,35.709999999999994,0.270516717325228,2026-01,avg_duration_by_zone_hour,False
108,Gravesend,13,37,39.652702702702705,43.1,43.1,67.35,0.2702702702702703,2026-01,avg_duration_by_zone_hour,False
185,Pelham Parkway,10,37,37.895495495495496,34.1,34.1,68.07333333333332,0.2702702702702703,2026-01,avg_duration_by_zone_hour,False
157,Maspeth,15,37,26.57207207207207,26.416666666666668,26.416666666666668,46.62333333333333,0.2702702702702703,2026-01,avg_duration_by_zone_hour,False
181,Park Slope,1,111,22.99144144144144,22.0,22.0,33.7,0.2702702702702703,2026-01,avg_duration_by_zone_hour,False
28,Briarwood/Jamaica Hills,20,37,20.144594594594594,17.383333333333333,17.383333333333333,38.15666666666665,0.2702702702702703,2026-01,avg_duration_by_zone_hour,False
97,Fort Greene,3,63,19.733333333333334,18.816666666666666,18.816666666666666,31.209999999999997,0.2698412698412698,2026-01,avg_duration_by_zone_hour,False
88,Financial District South,3,126,15.175925925925927,14.516666666666666,14.516666666666666,22.7,0.2698412698412698,2026-01,avg_duration_by_zone_hour,False
33,Brooklyn Heights,20,271,21.771094710947107,20.383333333333333,20.383333333333333,32.53333333333333,0.2693726937269373,2026-01,avg_duration_by_zone_hour,False
226,Sunnyside,14,349,26.022158548233048,22.6,22.6,47.55,0.2693409742120344,2026-01,avg_duration_by_zone_hour,False
182,Parkchester,11,52,46.535576923076924,44.425,44.425,73.23166666666667,0.2692307692307692,2026-01,avg_duration_by_zone_hour,False
228,Sunset Park West,9,78,36.14465811965812,35.00833333333333,35.00833333333333,66.16833333333334,0.2692307692307692,2026-01,avg_duration_by_zone_hour,False
138,LaGuardia Airport,3,52,18.87628205128205,17.858333333333334,17.858333333333334,28.036666666666665,0.2692307692307692,2026-01,avg_duration_by_zone_hour,False
243,Washington Heights North,7,372,27.7502688172043,26.233333333333334,26.233333333333334,46.01333333333336,0.26881720430107525,2026-01,avg_duration_by_zone_hour,False
7,Astoria,2,253,16.816666666666666,16.85,16.85,26.366666666666667,0.26877470355731226,2026-01,avg_duration_by_zone_hour,False
87,Financial District North,5,201,15.747263681592038,13.883333333333333,13.883333333333333,24.7,0.26865671641791045,2026-01,avg_duration_by_zone_hour,False
226,Sunnyside,4,149,17.21543624161074,17.0,17.0,26.24666666666667,0.2684563758389262,2026-01,avg_duration_by_zone_hour,False
139,Laurelton,10,41,59.18211382113821,61.31666666666667,61.31666666666667,99.06666666666666,0.2682926829268293,2026-01,avg_duration_by_zone_hour,False
202,Roosevelt Island,15,41,53.32520325203252,51.88333333333333,51.88333333333333,90.48333333333333,0.2682926829268293,2026-01,avg_duration_by_zone_hour,False
181,Park Slope,21,343,24.78187560738581,24.45,24.45,37.85333333333333,0.26822157434402333,2026-01,avg_duration_by_zone_hour,False
79,East Village,1,7200,12.669622685185185,11.233333333333333,10.816666666666666,22.06833333333334,0.2679166666666667,2026-01,avg_duration_by_zone_hour,False
226,Sunnyside,20,239,19.32531380753138,18.233333333333334,18.233333333333334,29.833333333333343,0.26778242677824265,2026-01,avg_duration_by_zone_hour,False
86,Far Rockaway,10,86,64.82713178294574,64.39166666666667,64.39166666666667,96.55,0.26744186046511625,2026-01,avg_duration_by_zone_hour,False
37,Bushwick South,0,348,22.13050766283525,21.633333333333333,21.633333333333333,34.778333333333336,0.2672413793103448,2026-01,avg_duration_by_zone_hour,False
41,Central Harlem,4,247,16.483670715249662,14.566666666666666,14.566666666666666,26.103333333333335,0.26720647773279355,2026-01,avg_duration_by_zone_hour,False
163,Midtown North,6,487,15.362765229295004,10.65,10.65,32.42,0.2669404517453799,2026-01,avg_duration_by_zone_hour,False
7,Astoria,4,281,16.816548042704625,16.35,16.35,25.75,0.2669039145907473,2026-01,avg_duration_by_zone_hour,False
38,Cambria Heights,8,45,55.65296296296296,58.416666666666664,58.416666666666664,86.13333333333334,0.26666666666666666,2026-01,avg_duration_by_zone_hour,False
165,Midwood,6,45,53.26518518518519,50.983333333333334,50.983333333333334,90.24000000000001,0.26666666666666666,2026-01,avg_duration_by_zone_hour,False
10,Baisley Park,22,75,23.570666666666668,24.0,24.0,36.47666666666667,0.26666666666666666,2026-01,avg_duration_by_zone_hour,False
28,Briarwood/Jamaica Hills,21,30,19.73611111111111,19.625,19.625,31.985,0.26666666666666666,2026-01,avg_duration_by_zone_hour,False
167,Morrisania/Melrose,22,30,19.555555555555554,19.025,19.025,28.995,0.26666666666666666,2026-01,avg_duration_by_zone_hour,False
223,Steinway,5,45,19.528148148148148,19.183333333333334,19.183333333333334,31.093333333333334,0.26666666666666666,2026-01,avg_duration_by_zone_hour,False
127,Inwood,5,30,19.21611111111111,16.96666666666667,16.96666666666667,27.351666666666667,0.26666666666666666,2026-01,avg_duration_by_zone_hour,False
145,Long Island City/Hunters Point,1,255,19.064509803921567,18.45,18.45,27.56333333333333,0.26666666666666666,2026-01,avg_duration_by_zone_hour,False
142,Lincoln Square East,21,8150,12.745760736196319,11.083333333333334,11.083333333333334,22.003333333333345,0.26650306748466257,2026-01,avg_duration_by_zone_hour,False
225,Stuyvesant Heights,0,154,23.58149350649351,24.116666666666667,24.116666666666667,36.655,0.2662337662337662,2026-01,avg_duration_by_zone_hour,False
49,Clinton Hill,0,139,22.186570743405277,20.733333333333334,20.733333333333334,33.370000000000005,0.26618705035971224,2026-01,avg_duration_by_zone_hour,False
13,Battery Park City,8,1131,17.857839669908635,16.666666666666668,16.666666666666668,29.55,0.2661361626878868,2026-01,avg_duration_by_zone_hour,False
179,Old Astoria,0,109,18.336544342507647,18.766666666666666,18.766666666666666,27.880000000000003,0.26605504587155965,2026-01,avg_duration_by_zone_hour,False
70,East Elmhurst,12,282,29.406973995271866,27.96666666666667,27.96666666666667,43.03166666666667,0.26595744680851063,2026-01,avg_duration_by_zone_hour,False
70,East Elmhurst,21,395,21.74814345991561,20.45,20.45,30.573333333333338,0.26582278481012656,2026-01,avg_duration_by_zone_hour,False
193,Queensbridge/Ravenswood,5,64,20.101041666666667,18.041666666666668,18.041666666666668,31.555000000000007,0.265625,2026-01,avg_duration_by_zone_hour,False
70,East Elmhurst,15,520,33.31564102564103,30.633333333333333,30.633333333333333,52.75333333333334,0.2653846153846154,2026-01,avg_duration_by_zone_hour,False
133,Kensington,12,49,33.94387755102041,33.666666666666664,33.666666666666664,54.506666666666675,0.2653061224489796,2026-01,avg_duration_by_zone_hour,False
7,Astoria,11,362,23.60658379373849,22.258333333333333,22.258333333333333,38.41500000000001,0.26519337016574585,2026-01,avg_duration_by_zone_hour,False
97,Fort Greene,0,219,20.744596651445967,20.233333333333334,20.233333333333334,31.730000000000004,0.2648401826484018,2026-01,avg_duration_by_zone_hour,False
108,Gravesend,11,34,50.504901960784316,50.28333333333333,50.28333333333333,102.85333333333332,0.2647058823529412,2026-01,avg_duration_by_zone_hour,False
181,Park Slope,5,34,24.720098039215685,23.691666666666666,23.691666666666666,38.39833333333333,0.2647058823529412,2026-01,avg_duration_by_zone_hour,False
56,Corona,19,34,20.936274509803923,20.666666666666664,20.666666666666664,35.295,0.2647058823529412,2026-01,avg_duration_by_zone_hour,False
80,East Williamsburg,5,136,18.616666666666667,17.766666666666666,17.766666666666666,29.825,0.2647058823529412,2026-01,avg_duration_by_zone_hour,False
159,Melrose South,0,34,14.76764705882353,13.725,13.725,22.65833333333333,0.2647058823529412,2026-01,avg_duration_by_zone_hour,False
256,Williamsburg (South Side),22,581,19.454188181296615,18.816666666666666,18.816666666666666,30.916666666666668,0.2633390705679862,2026-01,avg_duration_by_zone_hour,False
230,Times Sq/Theatre District,21,10672,14.278037543728137,12.466666666666667,11.45,24.18166666666666,0.26330584707646176,2026-01,avg_duration_by_zone_hour,False
248,West Farms/Bronx River,5,57,29.45233918128655,26.316666666666666,26.316666666666666,50.51333333333333,0.2631578947368421,2026-01,avg_duration_by_zone_hour,False
33,Brooklyn Heights,7,190,23.555175438596493,22.383333333333333,22.383333333333333,35.94,0.2631578947368421,2026-01,avg_duration_by_zone_hour,False
255,Williamsburg (North Side),7,95,22.569473684210525,21.65,21.65,34.77,0.2631578947368421,2026-01,avg_duration_by_zone_hour,False
33,Brooklyn Heights,1,76,21.138815789473682,19.708333333333336,19.708333333333336,33.49166666666667,0.2631578947368421,2026-01,avg_duration_by_zone_hour,False
95,Forest Hills,2,38,16.89122807017544,16.75,16.75,26.94500000000001,0.2631578947368421,2026-01,avg_duration_by_zone_hour,False
25,Boerum Hill,23,251,20.66660026560425,20.233333333333334,20.233333333333334,31.966666666666665,0.26294820717131473,2026-01,avg_duration_by_zone_hour,False
243,Washington Heights North,23,194,17.146993127147766,16.766666666666666,16.766666666666666,25.486666666666668,0.26288659793814434,2026-01,avg_duration_by_zone_hour,False
133,Kensington,6,80,29.84791666666667,28.7,28.7,48.465000000000025,0.2625,2026-01,avg_duration_by_zone_hour,False
86,Far Rockaway,14,61,72.39754098360656,73.63333333333334,73.63333333333334,137.56666666666666,0.26229508196721313,2026-01,avg_duration_by_zone_hour,False
217,South Williamsburg,22,61,20.89918032786885,21.566666666666666,21.566666666666666,33.03333333333333,0.26229508196721313,2026-01,avg_duration_by_zone_hour,False
152,Manhattanville,4,61,13.157377049180328,12.533333333333333,12.533333333333333,20.166666666666668,0.26229508196721313,2026-01,avg_duration_by_zone_hour,False
133,Kensington,16,42,29.924999999999997,27.7,27.7,49.915,0.2619047619047619,2026-01,avg_duration_by_zone_hour,False
88,Financial District South,7,168,17.677777777777777,17.424999999999997,17.424999999999997,27.94,0.2619047619047619,2026-01,avg_duration_by_zone_hour,False
69,East Concourse/Concourse Village,23,42,15.657936507936508,14.391666666666666,14.391666666666666,23.618333333333332,0.2619047619047619,2026-01,avg_duration_by_zone_hour,False
129,Jackson Heights,5,191,18.429493891797556,17.616666666666667,17.616666666666667,28.45,0.2617801047120419,2026-01,avg_duration_by_zone_hour,False
243,Washington Heights North,6,214,27.796806853582552,23.9,23.9,46.25500000000001,0.2616822429906542,2026-01,avg_duration_by_zone_hour,False
17,Bedford,0,130,21.62679487179487,21.508333333333333,21.508333333333333,37.02666666666668,0.26153846153846155,2026-01,avg_duration_by_zone_hour,False
145,Long Island City/Hunters Point,20,398,20.44422110552764,19.866666666666667,19.866666666666667,31.743333333333336,0.2613065326633166,2026-01,avg_duration_by_zone_hour,False
226,Sunnyside,1,410,16.795934959349594,16.458333333333332,16.458333333333332,24.663333333333334,0.26097560975609757,2026-01,avg_duration_by_zone_hour,False
12,Battery Park,14,92,21.789311594202896,19.816666666666666,19.816666666666666,31.678333333333335,0.2608695652173913,2026-01,avg_duration_by_zone_hour,False
7,Astoria,6,507,21.412294543063773,19.966666666666665,19.966666666666665,31.43333333333335,0.2603550295857988,2026-01,avg_duration_by_zone_hour,False
10,Baisley Park,16,123,44.0079945799458,46.61666666666667,46.61666666666667,69.60666666666667,0.2601626016260163,2026-01,avg_duration_by_zone_hour,False
78,East Tremont,5,50,52.894333333333336,50.25,50.25,92.86666666666667,0.26,2026-01,avg_duration_by_zone_hour,False
65,Downtown Brooklyn/MetroTech,5,50,17.801666666666666,17.125,17.125,30.266666666666673,0.26,2026-01,avg_duration_by_zone_hour,False
37,Bushwick South,3,362,21.50253222836096,21.316666666666666,21.316666666666666,33.17166666666667,0.2596685082872928,2026-01,avg_duration_by_zone_hour,False
112,Greenpoint,17,285,26.719766081871345,25.083333333333332,25.083333333333332,42.09666666666666,0.2596491228070175,2026-01,avg_duration_by_zone_hour,False
226,Sunnyside,13,297,25.893995510662176,23.783333333333335,23.783333333333335,43.00333333333336,0.25925925925925924,2026-01,avg_duration_by_zone_hour,False
33,Brooklyn Heights,8,270,24.868827160493826,23.933333333333334,23.933333333333334,38.730000000000004,0.25925925925925924,2026-01,avg_duration_by_zone_hour,False
116,Hamilton Heights,23,355,15.972394366197182,15.316666666666666,15.316666666666666,25.080000000000002,0.2591549295774648,2026-01,avg_duration_by_zone_hour,False
113,Greenwich Village North,7,854,13.324434035909446,11.675,11.675,23.80666666666667,0.25878220140515223,2026-01,avg_duration_by_zone_hour,False
70,East Elmhurst,13,406,30.104597701149427,28.125,28.125,47.25,0.25862068965517243,2026-01,avg_duration_by_zone_hour,False
117,Hammels/Arverne,18,31,57.78387096774193,55.8,55.8,87.13333333333334,0.25806451612903225,2026-01,avg_duration_by_zone_hour,False
202,Roosevelt Island,18,31,33.38978494623656,29.583333333333332,29.583333333333332,58.11666666666667,0.25806451612903225,2026-01,avg_duration_by_zone_hour,False
257,Windsor Terrace,20,31,26.49301075268817,25.116666666666667,25.116666666666667,42.0,0.25806451612903225,2026-01,avg_duration_by_zone_hour,False
52,Cobble Hill,15,62,25.003763440860215,23.058333333333334,23.058333333333334,39.516666666666666,0.25806451612903225,2026-01,avg_duration_by_zone_hour,False
74,East Harlem North,4,186,15.566845878136201,14.491666666666667,14.491666666666667,27.7,0.25806451612903225,2026-01,avg_duration_by_zone_hour,False
256,Williamsburg (South Side),7,163,23.46922290388548,22.25,22.25,36.326666666666675,0.25766871165644173,2026-01,avg_duration_by_zone_hour,False
36,Bushwick North,22,229,22.27212518195051,22.316666666666666,22.316666666666666,32.52666666666667,0.2576419213973799,2026-01,avg_duration_by_zone_hour,False
255,Williamsburg (North Side),19,521,22.416282789507356,22.05,22.05,34.96666666666667,0.2571976967370441,2026-01,avg_duration_by_zone_hour,False
222,Starrett City,5,35,52.47142857142857,56.9,56.9,86.37666666666668,0.2571428571428571,2026-01,avg_duration_by_zone_hour,False
205,Saint Albans,19,35,37.62571428571429,37.9,37.9,80.35333333333335,0.2571428571428571,2026-01,avg_duration_by_zone_hour,False
49,Clinton Hill,4,35,22.297619047619047,19.9,19.9,30.24,0.2571428571428571,2026-01,avg_duration_by_zone_hour,False
65,Downtown Brooklyn/MetroTech,21,214,21.717757009345796,20.575000000000003,20.575000000000003,33.61666666666667,0.2570093457943925,2026-01,avg_duration_by_zone_hour,False
13,Battery Park City,6,327,17.165800203873598,16.0,16.0,26.993333333333336,0.25688073394495414,2026-01,avg_duration_by_zone_hour,False
256,Williamsburg (South Side),10,148,25.074774774774774,23.566666666666666,23.566666666666666,40.47833333333333,0.25675675675675674,2026-01,avg_duration_by_zone_hour,False
70,East Elmhurst,1,74,18.515090090090087,18.116666666666667,18.116666666666667,26.57,0.25675675675675674,2026-01,avg_duration_by_zone_hour,False
70,East Elmhurst,17,456,30.863852339181285,28.875,28.875,47.61666666666666,0.2565789473684211,2026-01,avg_duration_by_zone_hour,False
25,Boerum Hill,7,156,28.140064102564104,25.96666666666667,25.96666666666667,40.63333333333333,0.2564102564102564,2026-01,avg_duration_by_zone_hour,False
124,Howard Beach,21,39,24.447008547008547,24.683333333333334,24.683333333333334,41.99666666666667,0.2564102564102564,2026-01,avg_duration_by_zone_hour,False
226,Sunnyside,15,355,27.24455399061033,22.7,22.7,51.30000000000001,0.2563380281690141,2026-01,avg_duration_by_zone_hour,False
49,Clinton Hill,22,160,20.526770833333334,20.366666666666667,20.366666666666667,32.31833333333333,0.25625,2026-01,avg_duration_by_zone_hour,False
189,Prospect Heights,0,82,24.76382113821138,23.525,23.525,40.980000000000025,0.25609756097560976,2026-01,avg_duration_by_zone_hour,False
66,DUMBO/Vinegar Hill,23,207,20.33285024154589,20.1,20.1,30.546666666666667,0.2560386473429952,2026-01,avg_duration_by_zone_hour,False
14,Bay Ridge,3,43,42.44341085271318,45.0,45.0,70.13000000000001,0.2558139534883721,2026-01,avg_duration_by_zone_hour,False
89,Flatbush/Ditmas Park,3,43,23.69108527131783,23.333333333333332,23.333333333333332,38.366666666666674,0.2558139534883721,2026-01,avg_duration_by_zone_hour,False
106,Gowanus,23,86,22.69031007751938,23.05,23.05,34.4,0.2558139534883721,2026-01,avg_duration_by_zone_hour,False
255,Williamsburg (North Side),17,305,25.794863387978143,25.2,25.2,41.05666666666667,0.25573770491803277,2026-01,avg_duration_by_zone_hour,False
142,Lincoln Square East,22,8420,13.196882422802851,11.55,11.083333333333334,23.06833333333334,0.25546318289786224,2026-01,avg_duration_by_zone_hour,False
256,Williamsburg (South Side),8,235,26.8045390070922,26.066666666666666,26.066666666666666,42.56999999999999,0.2553191489361702,2026-01,avg_duration_by_zone_hour,False
127,Inwood,3,47,16.25744680851064,15.466666666666667,15.466666666666667,26.543333333333333,0.2553191489361702,2026-01,avg_duration_by_zone_hour,False
244,Washington Heights South,3,94,14.02535460992908,13.383333333333333,13.383333333333333,23.186666666666667,0.2553191489361702,2026-01,avg_duration_by_zone_hour,False
116,Hamilton Heights,4,145,15.642528735632183,14.25,14.25,23.613333333333333,0.25517241379310346,2026-01,avg_duration_by_zone_hour,False
25,Boerum Hill,1,161,20.1675983436853,19.683333333333334,19.683333333333334,29.283333333333335,0.2546583850931677,2026-01,avg_duration_by_zone_hour,False
112,Greenpoint,13,169,24.974852071005916,23.583333333333332,23.583333333333332,37.00666666666667,0.25443786982248523,2026-01,avg_duration_by_zone_hour,False
129,Jackson Heights,6,252,23.25648148148148,22.65833333333333,22.65833333333333,41.28666666666666,0.25396825396825395,2026-01,avg_duration_by_zone_hour,False
255,Williamsburg (North Side),20,524,21.203880407124682,20.90833333333333,20.90833333333333,31.701666666666664,0.2538167938931298,2026-01,avg_duration_by_zone_hour,False
189,Prospect Heights,10,67,35.82910447761194,33.266666666666666,33.266666666666666,59.64999999999999,0.2537313432835821,2026-01,avg_duration_by_zone_hour,False
196,Rego Park,7,67,33.291044776119406,31.016666666666666,31.016666666666666,56.816666666666656,0.2537313432835821,2026-01,avg_duration_by_zone_hour,False
197,Richmond Hill,0,67,15.384577114427861,16.3,16.3,24.263333333333332,0.2537313432835821,2026-01,avg_duration_by_zone_hour,False
79,East Village,0,7836,12.877548068742556,11.45,10.825,22.441666666666666,0.2535732516590097,2026-01,avg_duration_by_zone_hour,False
80,East Williamsburg,1,438,19.255745814307456,18.825,18.825,28.28,0.2534246575342466,2026-01,avg_duration_by_zone_hour,False
37,Bushwick South,22,320,23.58453125,23.46666666666667,23.46666666666667,36.25,0.253125,2026-01,avg_duration_by_zone_hour,False
166,Morningside Heights,5,162,16.74269547325103,14.608333333333334,14.608333333333334,29.18333333333334,0.25308641975308643,2026-01,avg_duration_by_zone_hour,False
4,Alphabet City,6,415,15.593373493975903,14.333333333333334,14.333333333333334,22.22666666666667,0.25301204819277107,2026-01,avg_duration_by_zone_hour,False
70,East Elmhurst,18,352,27.909185606060603,26.71666666666667,26.71666666666667,41.51833333333334,0.2528409090909091,2026-01,avg_duration_by_zone_hour,False
145,Long Island City/Hunters Point,3,182,16.572069597069596,16.59166666666667,16.59166666666667,24.37,0.25274725274725274,2026-01,avg_duration_by_zone_hour,False
244,Washington Heights South,4,119,16.172689075630252,15.716666666666667,15.716666666666667,25.64,0.25210084033613445,2026-01,avg_duration_by_zone_hour,False
223,Steinway,21,131,17.952544529262088,18.016666666666666,18.016666666666666,28.533333333333335,0.25190839694656486,2026-01,avg_duration_by_zone_hour,False
255,Williamsburg (North Side),14,147,25.506802721088434,23.833333333333332,23.833333333333332,40.263333333333335,0.25170068027210885,2026-01,avg_duration_by_zone_hour,False
161,Midtown Center,21,10514,13.310363959165556,12.033333333333333,11.366666666666667,21.966666666666665,0.2512840022826707,2026-01,avg_duration_by_zone_hour,False
116,Hamilton Heights,5,219,18.997869101978694,18.466666666666665,18.466666666666665,28.85666666666669,0.2511415525114155,2026-01,avg_duration_by_zone_hour,False
255,Williamsburg (North Side),1,785,18.41539278131635,18.366666666666667,18.366666666666667,26.726666666666667,0.25095541401273885,2026-01,avg_duration_by_zone_hour,False
126,Hunts Point,12,32,42.9578125,39.525000000000006,39.525000000000006,76.82666666666668,0.25,2026-01,avg_duration_by_zone_hour,False
85,Erasmus,20,60,27.556944444444447,26.78333333333333,26.78333333333333,44.84,0.25,2026-01,avg_duration_by_zone_hour,False
126,Hunts Point,19,36,24.140740740740743,24.21666666666667,24.21666666666667,40.608333333333334,0.25,2026-01,avg_duration_by_zone_hour,False
133,Kensington,21,32,23.948958333333334,23.108333333333334,23.108333333333334,31.83666666666667,0.25,2026-01,avg_duration_by_zone_hour,False
188,Prospect-Lefferts Gardens,22,112,22.96309523809524,23.725,23.725,36.46333333333334,0.25,2026-01,avg_duration_by_zone_hour,False
66,DUMBO/Vinegar Hill,8,208,22.198557692307695,20.424999999999997,20.424999999999997,33.72166666666667,0.25,2026-01,avg_duration_by_zone_hour,False
12,Battery Park,11,36,18.7787037037037,19.15,19.15,30.65,0.25,2026-01,avg_duration_by_zone_hour,False
209,Seaport,4,56,16.961309523809526,16.5,16.5,25.09166666666667,0.25,2026-01,avg_duration_by_zone_hour,False
146,Long Island City/Queens Plaza,3,64,16.958854166666665,16.175,16.175,29.186666666666675,0.25,2026-01,avg_duration_by_zone_hour,False
7,Astoria,3,236,16.74180790960452,17.225,17.225,24.5,0.25,2026-01,avg_duration_by_zone_hour,False
161,Midtown Center,20,11173,13.647823622423104,12.216666666666667,11.933333333333334,22.596666666666685,0.24944061577016022,2026-01,avg_duration_by_zone_hour,False
112,Greenpoint,20,345,20.72840579710145,20.216666666666665,20.216666666666665,30.883333333333336,0.2492753623188406,2026-01,avg_duration_by_zone_hour,False
262,Yorkville East,5,606,11.978217821782179,10.516666666666666,10.516666666666666,17.683333333333334,0.24917491749174916,2026-01,avg_duration_by_zone_hour,False
226,Sunnyside,5,201,16.057462686567167,15.866666666666667,15.866666666666667,24.116666666666667,0.24875621890547264,2026-01,avg_duration_by_zone_hour,False
112,Greenpoint,23,456,19.528106725146202,19.241666666666667,19.241666666666667,28.708333333333336,0.24780701754385964,2026-01,avg_duration_by_zone_hour,False
226,Sunnyside,0,331,17.863141993957704,17.283333333333335,17.283333333333335,26.466666666666665,0.24773413897280966,2026-01,avg_duration_by_zone_hour,False
127,Inwood,17,81,28.0858024691358,25.25,25.25,49.85,0.24691358024691357,2026-01,avg_duration_by_zone_hour,False
262,Yorkville East,4,223,11.992526158445441,11.333333333333334,11.333333333333334,22.013333333333343,0.24663677130044842,2026-01,avg_duration_by_zone_hour,False
49,Clinton Hill,6,134,25.04925373134328,23.433333333333334,23.433333333333334,38.84000000000001,0.2462686567164179,2026-01,avg_duration_by_zone_hour,False
255,Williamsburg (North Side),21,589,19.91338426711941,19.683333333333334,19.683333333333334,30.456666666666667,0.2461799660441426,2026-01,avg_duration_by_zone_hour,False
66,DUMBO/Vinegar Hill,11,130,20.477820512820514,18.05,18.05,33.37333333333334,0.24615384615384617,2026-01,avg_duration_by_zone_hour,False
24,Bloomingdale,5,122,16.62568306010929,15.908333333333333,15.908333333333333,24.93833333333334,0.2459016393442623,2026-01,avg_duration_by_zone_hour,False
138,LaGuardia Airport,10,4299,34.23623710940529,32.333333333333336,32.333333333333336,53.35333333333334,0.2458711328215864,2026-01,avg_duration_by_zone_hour,False
80,East Williamsburg,20,273,20.97100122100122,20.266666666666666,20.266666666666666,32.226666666666674,0.2454212454212454,2026-01,avg_duration_by_zone_hour,False
195,Red Hook,15,49,32.17857142857143,27.683333333333334,27.683333333333334,59.833333333333364,0.24489795918367346,2026-01,avg_duration_by_zone_hour,False
250,Westchester Village/Unionport,10,37,35.91306306306306,34.78333333333333,34.78333333333333,69.99666666666664,0.24324324324324326,2026-01,avg_duration_by_zone_hour,False
195,Red Hook,18,74,28.04076576576577,27.633333333333333,27.633333333333333,46.61666666666667,0.24324324324324326,2026-01,avg_duration_by_zone_hour,False
112,Greenpoint,4,148,17.119819819819817,16.78333333333333,16.78333333333333,25.108333333333338,0.24324324324324326,2026-01,avg_duration_by_zone_hour,False
88,Financial District South,0,584,15.904994292237442,15.008333333333333,15.008333333333333,23.928333333333335,0.24315068493150685,2026-01,avg_duration_by_zone_hour,False
239,Upper West Side South,6,1193,13.328792958927075,11.116666666666667,11.116666666666667,23.136666666666663,0.24224643755238895,2026-01,avg_duration_by_zone_hour,False
132,JFK Airport,11,3448,39.00587780355762,39.358333333333334,39.358333333333334,61.97166666666667,0.242169373549884,2026-01,avg_duration_by_zone_hour,False
138,LaGuardia Airport,16,5342,33.39072444777237,30.925,30.925,51.55833333333338,0.24204417821040808,2026-01,avg_duration_by_zone_hour,False
10,Baisley Park,19,62,28.731451612903225,28.616666666666667,28.616666666666667,42.18333333333333,0.24193548387096775,2026-01,avg_duration_by_zone_hour,False
193,Queensbridge/Ravenswood,23,62,21.326612903225808,19.708333333333336,19.708333333333336,30.886666666666667,0.24193548387096775,2026-01,avg_duration_by_zone_hour,False
243,Washington Heights North,5,91,23.32032967032967,18.516666666666666,18.516666666666666,39.05,0.24175824175824176,2026-01,avg_duration_by_zone_hour,False
145,Long Island City/Hunters Point,23,484,18.791356749311294,18.53333333333333,18.53333333333333,27.78333333333333,0.24173553719008264,2026-01,avg_duration_by_zone_hour,False
70,East Elmhurst,22,385,20.666103896103895,20.383333333333333,20.383333333333333,28.820000000000004,0.24155844155844156,2026-01,avg_duration_by_zone_hour,False
33,Brooklyn Heights,21,236,20.40367231638418,19.683333333333334,19.683333333333334,32.41666666666667,0.24152542372881355,2026-01,avg_duration_by_zone_hour,False
25,Boerum Hill,3,87,22.47586206896552,21.833333333333332,21.833333333333332,30.76,0.2413793103448276,2026-01,avg_duration_by_zone_hour,False
162,Midtown East,5,481,11.308662508662508,7.966666666666667,7.966666666666667,26.3,0.24116424116424118,2026-01,avg_duration_by_zone_hour,False
189,Prospect Heights,20,112,23.80372023809524,23.666666666666664,23.666666666666664,36.985,0.24107142857142858,2026-01,avg_duration_by_zone_hour,False
169,Mount Hope,11,54,42.03024691358024,40.93333333333334,40.93333333333334,73.12833333333337,0.24074074074074073,2026-01,avg_duration_by_zone_hour,False
106,Gowanus,8,54,31.491666666666667,33.68333333333334,33.68333333333334,51.66666666666667,0.24074074074074073,2026-01,avg_duration_by_zone_hour,False
13,Battery Park City,7,719,18.34390356977283,18.033333333333335,18.033333333333335,28.380000000000003,0.24061196105702365,2026-01,avg_duration_by_zone_hour,False
52,Cobble Hill,22,100,19.795166666666667,18.85,18.85,32.08000000000001,0.24,2026-01,avg_duration_by_zone_hour,False
112,Greenpoint,3,196,18.18044217687075,17.200000000000003,17.200000000000003,27.116666666666667,0.23979591836734693,2026-01,avg_duration_by_zone_hour,False
88,Financial District South,2,259,15.15990990990991,14.466666666666667,14.466666666666667,23.436666666666675,0.23938223938223938,2026-01,avg_duration_by_zone_hour,False
195,Red Hook,20,46,23.890942028985506,22.258333333333333,22.258333333333333,35.483333333333334,0.2391304347826087,2026-01,avg_duration_by_zone_hour,False
10,Baisley Park,20,67,24.89651741293532,25.316666666666666,25.316666666666666,39.096666666666664,0.23880597014925373,2026-01,avg_duration_by_zone_hour,False
34,Brooklyn Navy Yard,3,67,18.905472636815922,19.166666666666668,19.166666666666668,27.32,0.23880597014925373,2026-01,avg_duration_by_zone_hour,False
243,Washington Heights North,3,67,14.469651741293532,14.333333333333334,14.333333333333334,22.03333333333333,0.23880597014925373,2026-01,avg_duration_by_zone_hour,False
7,Astoria,0,356,17.23586142322097,17.95,17.95,25.983333333333334,0.23876404494382023,2026-01,avg_duration_by_zone_hour,False
218,Springfield Gardens North,4,42,55.977777777777774,49.416666666666664,49.416666666666664,72.23666666666666,0.23809523809523808,2026-01,avg_duration_by_zone_hour,False
34,Brooklyn Navy Yard,5,42,19.048015873015874,18.299999999999997,18.299999999999997,26.56,0.23809523809523808,2026-01,avg_duration_by_zone_hour,False
179,Old Astoria,1,84,18.48174603174603,18.8,18.8,26.926666666666666,0.23809523809523808,2026-01,avg_duration_by_zone_hour,False
34,Brooklyn Navy Yard,4,42,15.451190476190478,15.425,15.425,25.676666666666666,0.23809523809523808,2026-01,avg_duration_by_zone_hour,False
36,Bushwick North,2,328,21.05142276422764,21.316666666666666,21.316666666666666,30.538333333333334,0.23780487804878048,2026-01,avg_duration_by_zone_hour,False
256,Williamsburg (South Side),9,215,26.449147286821706,26.033333333333335,26.033333333333335,39.99333333333333,0.2372093023255814,2026-01,avg_duration_by_zone_hour,False
228,Sunset Park West,5,38,21.12324561403509,22.708333333333332,22.708333333333332,29.110000000000003,0.23684210526315788,2026-01,avg_duration_by_zone_hour,False
134,Kew Gardens,19,38,19.79298245614035,18.166666666666664,18.166666666666664,35.68500000000003,0.23684210526315788,2026-01,avg_duration_by_zone_hour,False
220,Spuyten Duyvil/Kingsbridge,22,38,17.896491228070175,16.708333333333336,16.708333333333336,32.02833333333335,0.23684210526315788,2026-01,avg_duration_by_zone_hour,False
138,LaGuardia Airport,9,3357,35.77294707576209,34.31666666666667,35.65833333333333,55.35666666666667,0.23652070300863867,2026-01,avg_duration_by_zone_hour,False
86,Far Rockaway,12,72,73.80949074074074,75.50833333333333,75.50833333333333,119.60000000000001,0.2361111111111111,2026-01,avg_duration_by_zone_hour,False
37,Bushwick South,20,250,25.86733333333333,25.016666666666666,25.016666666666666,40.27833333333333,0.236,2026-01,avg_duration_by_zone_hour,False
88,Financial District South,6,89,16.380149812734082,16.016666666666666,16.016666666666666,24.38666666666667,0.23595505617977527,2026-01,avg_duration_by_zone_hour,False
202,Roosevelt Island,8,51,38.169934640522875,39.0,39.0,61.666666666666664,0.23529411764705882,2026-01,avg_duration_by_zone_hour,False
179,Old Astoria,2,68,18.12892156862745,17.566666666666666,17.566666666666666,26.96166666666667,0.23529411764705882,2026-01,avg_duration_by_zone_hour,False
255,Williamsburg (North Side),3,498,17.32392904953146,16.983333333333334,16.983333333333334,25.808333333333337,0.23493975903614459,2026-01,avg_duration_by_zone_hour,False
70,East Elmhurst,14,517,32.77798194713088,31.233333333333334,31.233333333333334,48.31666666666667,0.23404255319148937,2026-01,avg_duration_by_zone_hour,False
142,Lincoln Square East,5,411,13.475344687753447,9.216666666666667,9.216666666666667,30.4,0.23357664233576642,2026-01,avg_duration_by_zone_hour,False
49,Clinton Hill,5,60,21.584444444444443,21.025,21.025,34.22833333333333,0.23333333333333334,2026-01,avg_duration_by_zone_hour,False
66,DUMBO/Vinegar Hill,1,73,19.633561643835616,19.616666666666667,19.616666666666667,29.629999999999995,0.2328767123287671,2026-01,avg_duration_by_zone_hour,False
51,Co-Op City,17,43,47.8031007751938,45.61666666666667,45.61666666666667,94.00666666666675,0.23255813953488372,2026-01,avg_duration_by_zone_hour,False
215,South Jamaica,18,43,40.5015503875969,39.21666666666667,39.21666666666667,71.58333333333334,0.23255813953488372,2026-01,avg_duration_by_zone_hour,False
224,Stuy Town/Peter Cooper Village,6,310,14.50725806451613,13.308333333333334,13.308333333333334,22.446666666666676,0.23225806451612904,2026-01,avg_duration_by_zone_hour,False
145,Long Island City/Hunters Point,0,392,18.3796768707483,17.991666666666667,17.991666666666667,27.046666666666667,0.23214285714285715,2026-01,avg_duration_by_zone_hour,False
231,TriBeCa/Civic Center,6,392,15.19749149659864,13.725,13.725,23.550000000000004,0.23214285714285715,2026-01,avg_duration_by_zone_hour,False
112,Greenpoint,1,337,18.380563798219583,17.983333333333334,17.983333333333334,27.14,0.2314540059347181,2026-01,avg_duration_by_zone_hour,False
195,Red Hook,23,39,22.87863247863248,22.6,22.6,31.290000000000003,0.23076923076923078,2026-01,avg_duration_by_zone_hour,False
51,Co-Op City,22,39,17.894017094017094,16.166666666666668,16.166666666666668,28.583333333333353,0.23076923076923078,2026-01,avg_duration_by_zone_hour,False
223,Steinway,1,91,16.978571428571428,16.983333333333334,16.983333333333334,26.866666666666667,0.23076923076923078,2026-01,avg_duration_by_zone_hour,False
223,Steinway,0,117,16.355413105413106,16.366666666666667,16.366666666666667,26.080000000000002,0.23076923076923078,2026-01,avg_duration_by_zone_hour,False
264,Unknown,2,39,15.276068376068375,12.966666666666667,12.966666666666667,28.453333333333354,0.23076923076923078,2026-01,avg_duration_by_zone_hour,False
138,LaGuardia Airport,17,5190,32.29156069364162,29.933333333333334,29.933333333333334,49.75500000000002,0.2298651252408478,2026-01,avg_duration_by_zone_hour,False
145,Long Island City/Hunters Point,4,188,18.383421985815605,18.225,18.225,27.455,0.22872340425531915,2026-01,avg_duration_by_zone_hour,False
36,Bushwick North,4,276,19.243297101449276,19.90833333333333,19.90833333333333,28.983333333333334,0.22826086956521738,2026-01,avg_duration_by_zone_hour,False
225,Stuyvesant Heights,1,114,23.847368421052632,24.241666666666667,24.241666666666667,35.376666666666665,0.22807017543859648,2026-01,avg_duration_by_zone_hour,False
25,Boerum Hill,4,57,17.551754385964912,18.0,18.0,25.546666666666663,0.22807017543859648,2026-01,avg_duration_by_zone_hour,False
112,Greenpoint,0,360,19.749953703703703,19.225,19.225,29.01166666666667,0.22777777777777777,2026-01,avg_duration_by_zone_hour,False
138,LaGuardia Airport,11,3777,31.85679992939723,29.733333333333334,29.733333333333334,49.35,0.22769393698702675,2026-01,avg_duration_by_zone_hour,False
49,Clinton Hill,3,44,22.75,22.633333333333333,22.633333333333333,36.495000000000005,0.22727272727272727,2026-01,avg_duration_by_zone_hour,False
7,Astoria,5,238,18.430672268907564,17.616666666666667,17.616666666666667,27.746666666666666,0.226890756302521,2026-01,avg_duration_by_zone_hour,False
40,Carroll Gardens,20,75,20.404666666666664,21.1,21.1,30.706666666666678,0.22666666666666666,2026-01,avg_duration_by_zone_hour,False
36,Bushwick North,7,128,30.608723958333332,30.791666666666668,30.791666666666668,49.32333333333333,0.2265625,2026-01,avg_duration_by_zone_hour,False
36,Bushwick North,3,349,21.07230181470869,21.166666666666668,21.166666666666668,30.746666666666666,0.22636103151862463,2026-01,avg_duration_by_zone_hour,False
40,Carroll Gardens,22,93,19.85878136200717,19.9,19.9,28.723333333333333,0.22580645161290322,2026-01,avg_duration_by_zone_hour,False
138,LaGuardia Airport,4,31,15.96989247311828,17.85,17.85,27.216666666666665,0.22580645161290322,2026-01,avg_duration_by_zone_hour,False
238,Upper West Side North,5,559,15.34985092426953,11.616666666666667,11.616666666666667,30.526666666666664,0.22540250447227192,2026-01,avg_duration_by_zone_hour,False
36,Bushwick North,1,342,22.514327485380115,23.041666666666668,23.041666666666668,33.045,0.22514619883040934,2026-01,avg_duration_by_zone_hour,False
52,Cobble Hill,7,89,24.42059925093633,23.833333333333332,23.833333333333332,41.34666666666667,0.2247191011235955,2026-01,avg_duration_by_zone_hour,False
86,Far Rockaway,15,49,71.75374149659864,72.76666666666667,72.76666666666667,118.7766666666667,0.22448979591836735,2026-01,avg_duration_by_zone_hour,False
195,Red Hook,9,130,34.36115384615385,33.291666666666664,33.291666666666664,50.58000000000004,0.2230769230769231,2026-01,avg_duration_by_zone_hour,False
86,Far Rockaway,13,54,62.724074074074075,64.53333333333333,64.53333333333333,104.62333333333333,0.2222222222222222,2026-01,avg_duration_by_zone_hour,False
121,Hillcrest/Pomonok,13,36,38.907870370370375,39.30833333333334,39.30833333333334,79.94166666666666,0.2222222222222222,2026-01,avg_duration_by_zone_hour,False
189,Prospect Heights,1,63,22.141798941798942,22.466666666666665,22.466666666666665,32.04,0.2222222222222222,2026-01,avg_duration_by_zone_hour,False
36,Bushwick North,0,284,22.21848591549296,22.59166666666667,22.59166666666667,32.940000000000005,0.22183098591549297,2026-01,avg_duration_by_zone_hour,False
52,Cobble Hill,8,149,24.037024608501117,24.983333333333334,24.983333333333334,34.92000000000001,0.2214765100671141,2026-01,avg_duration_by_zone_hour,False
151,Manhattan Valley,3,77,11.758658008658008,11.766666666666667,11.766666666666667,17.703333333333333,0.22077922077922077,2026-01,avg_duration_by_zone_hour,False
230,Times Sq/Theatre District,5,662,17.104103726082577,13.591666666666667,13.591666666666667,34.33166666666667,0.22054380664652568,2026-01,avg_duration_by_zone_hour,False
86,Far Rockaway,5,59,80.83559322033899,78.86666666666666,78.86666666666666,128.18333333333334,0.22033898305084745,2026-01,avg_duration_by_zone_hour,False
127,Inwood,2,41,19.76869918699187,20.55,20.55,30.85,0.21951219512195122,2026-01,avg_duration_by_zone_hour,False
138,LaGuardia Airport,15,6090,34.55143951833607,32.75,32.75,51.570000000000014,0.21822660098522167,2026-01,avg_duration_by_zone_hour,False
77,East New York/Pennsylvania Avenue,11,78,44.455341880341884,46.25833333333333,46.25833333333333,72.255,0.21794871794871795,2026-01,avg_duration_by_zone_hour,False
70,East Elmhurst,19,320,23.99515625,23.45,23.45,33.955,0.215625,2026-01,avg_duration_by_zone_hour,False
179,Old Astoria,5,79,19.69198312236287,17.3,17.3,25.730000000000004,0.21518987341772153,2026-01,avg_duration_by_zone_hour,False
239,Upper West Side South,5,521,14.879398592450416,11.1,11.1,27.65,0.21497120921305182,2026-01,avg_duration_by_zone_hour,False
70,East Elmhurst,20,429,23.14199689199689,22.766666666666666,22.766666666666666,32.55,0.21445221445221446,2026-01,avg_duration_by_zone_hour,False
12,Battery Park,15,75,22.222222222222225,22.416666666666668,22.416666666666668,32.28333333333334,0.21333333333333335,2026-01,avg_duration_by_zone_hour,False
127,Inwood,6,71,23.649061032863848,21.016666666666666,21.016666666666666,37.63333333333333,0.2112676056338028,2026-01,avg_duration_by_zone_hour,False
52,Cobble Hill,23,71,20.125586854460096,19.316666666666666,19.316666666666666,29.533333333333335,0.2112676056338028,2026-01,avg_duration_by_zone_hour,False
12,Battery Park,12,71,18.333568075117373,19.016666666666666,19.016666666666666,28.45,0.2112676056338028,2026-01,avg_duration_by_zone_hour,False
193,Queensbridge/Ravenswood,4,38,13.975438596491227,14.35,14.35,21.523333333333333,0.21052631578947367,2026-01,avg_duration_by_zone_hour,False
138,LaGuardia Airport,7,723,35.824296911018905,35.21666666666667,35.21666666666667,51.13333333333334,0.21023513139695713,2026-01,avg_duration_by_zone_hour,False
179,Old Astoria,6,248,23.969153225806455,21.616666666666667,21.616666666666667,33.098333333333336,0.20967741935483872,2026-01,avg_duration_by_zone_hour,False
138,LaGuardia Airport,13,4190,31.03733094669849,28.966666666666665,28.966666666666665,45.23833333333333,0.20859188544152746,2026-01,avg_duration_by_zone_hour,False
138,LaGuardia Airport,18,5248,28.098790015243903,26.358333333333334,26.358333333333334,41.58666666666668,0.20826981707317074,2026-01,avg_duration_by_zone_hour,False
189,Prospect Heights,6,53,31.116981132075473,31.45,31.45,48.96666666666667,0.20754716981132076,2026-01,avg_duration_by_zone_hour,False
138,LaGuardia Airport,2,193,19.11977547495682,18.8,18.8,26.783333333333335,0.20725388601036268,2026-01,avg_duration_by_zone_hour,False
189,Prospect Heights,23,92,23.897644927536234,23.875,23.875,35.425000000000004,0.20652173913043478,2026-01,avg_duration_by_zone_hour,False
106,Gowanus,7,34,29.201470588235296,28.34166666666667,28.34166666666667,45.071666666666665,0.20588235294117646,2026-01,avg_duration_by_zone_hour,False
257,Windsor Terrace,6,34,28.62205882352941,27.35,27.35,44.328333333333326,0.20588235294117646,2026-01,avg_duration_by_zone_hour,False
40,Carroll Gardens,7,117,25.287464387464386,26.183333333333334,26.183333333333334,38.7,0.20512820512820512,2026-01,avg_duration_by_zone_hour,False
138,LaGuardia Airport,14,6400,33.84489322916667,32.166666666666664,32.166666666666664,49.766666666666666,0.20421875,2026-01,avg_duration_by_zone_hour,False
32,Bronxdale,6,64,43.14479166666667,44.916666666666664,44.916666666666664,69.43,0.203125,2026-01,avg_duration_by_zone_hour,False
244,Washington Heights South,5,188,20.06081560283688,18.333333333333336,18.333333333333336,31.38166666666667,0.20212765957446807,2026-01,avg_duration_by_zone_hour,False
230,Times Sq/Theatre District,6,935,16.913689839572193,14.05,14.05,32.36333333333334,0.20106951871657755,2026-01,avg_duration_by_zone_hour,False
18,Bedford Park,5,50,53.324666666666666,55.88333333333334,55.88333333333334,91.54000000000002,0.2,2026-01,avg_duration_by_zone_hour,False
139,Laurelton,16,35,52.70142857142857,51.8,51.8,87.83,0.2,2026-01,avg_duration_by_zone_hour,False
202,Roosevelt Island,17,30,35.708888888888886,32.983333333333334,32.983333333333334,58.86000000000002,0.2,2026-01,avg_duration_by_zone_hour,False
195,Red Hook,6,40,31.84791666666667,31.075,31.075,46.34166666666669,0.2,2026-01,avg_duration_by_zone_hour,False
40,Carroll Gardens,1,50,20.447333333333333,20.53333333333333,20.53333333333333,31.135000000000005,0.2,2026-01,avg_duration_by_zone_hour,False
181,Park Slope,2,80,20.392083333333336,21.316666666666666,21.316666666666666,28.356666666666676,0.2,2026-01,avg_duration_by_zone_hour,False
138,LaGuardia Airport,12,4522,30.328995282323458,28.741666666666667,28.741666666666667,44.88,0.19924812030075187,2026-01,avg_duration_by_zone_hour,False
70,East Elmhurst,23,430,20.62058139534884,20.174999999999997,20.174999999999997,28.35666666666667,0.19767441860465115,2026-01,avg_duration_by_zone_hour,False
138,LaGuardia Airport,8,1467,38.228118609406955,38.6,38.6,57.34,0.19700068166325835,2026-01,avg_duration_by_zone_hour,False
161,Midtown Center,5,306,16.21693899782135,11.633333333333333,11.633333333333333,35.1,0.19607843137254902,2026-01,avg_duration_by_zone_hour,False
70,East Elmhurst,0,276,19.433937198067632,18.941666666666666,18.941666666666666,26.34166666666667,0.1956521739130435,2026-01,avg_duration_by_zone_hour,False
54,Columbia Street,8,57,24.26374269005848,23.466666666666665,23.466666666666665,34.11333333333333,0.19298245614035087,2026-01,avg_duration_by_zone_hour,False
138,LaGuardia Airport,1,581,19.488525530694208,19.133333333333333,19.133333333333333,26.783333333333335,0.1927710843373494,2026-01,avg_duration_by_zone_hour,False
112,Greenpoint,2,234,17.5985754985755,17.5,17.5,25.49833333333334,0.19230769230769232,2026-01,avg_duration_by_zone_hour,False
163,Midtown North,5,299,14.797101449275361,9.45,9.45,33.793333333333315,0.18729096989966554,2026-01,avg_duration_by_zone_hour,False
14,Bay Ridge,4,43,24.45813953488372,24.766666666666666,24.766666666666666,41.77000000000001,0.18604651162790697,2026-01,avg_duration_by_zone_hour,False
66,DUMBO/Vinegar Hill,6,43,22.887596899224807,20.3,20.3,31.64000000000001,0.18604651162790697,2026-01,avg_duration_by_zone_hour,False
138,LaGuardia Airport,19,5333,25.164291518219887,24.233333333333334,24.233333333333334,35.733333333333334,0.1843240202512657,2026-01,avg_duration_by_zone_hour,False
134,Kew Gardens,0,33,14.995454545454546,14.983333333333333,14.983333333333333,22.04,0.18181818181818182,2026-01,avg_duration_by_zone_hour,False
33,Brooklyn Heights,6,83,22.36024096385542,20.283333333333335,20.283333333333335,28.816666666666666,0.18072289156626506,2026-01,avg_duration_by_zone_hour,False
161,Midtown Center,4,272,17.321323529411764,15.966666666666665,15.966666666666665,32.13666666666666,0.1801470588235294,2026-01,avg_duration_by_zone_hour,False
189,Prospect Heights,2,39,23.52948717948718,23.916666666666668,23.916666666666668,34.92666666666667,0.1794871794871795,2026-01,avg_duration_by_zone_hour,False
71,East Flatbush/Farragut,3,45,25.01185185185185,23.516666666666666,23.516666666666666,33.72,0.17777777777777778,2026-01,avg_duration_by_zone_hour,False
132,JFK Airport,0,5910,26.97905527354766,28.275,28.275,39.75,0.1774957698815567,2026-01,avg_duration_by_zone_hour,False
230,Times Sq/Theatre District,4,588,17.025510204081634,16.28333333333333,16.28333333333333,29.841666666666672,0.17687074829931973,2026-01,avg_duration_by_zone_hour,False
236,Upper East Side North,5,473,12.890204369274137,10.05,10.05,22.660000000000004,0.1733615221987315,2026-01,avg_duration_by_zone_hour,False
132,JFK Airport,12,4765,39.500846449807625,40.78333333333333,40.78333333333333,60.21000000000001,0.1727177334732424,2026-01,avg_duration_by_zone_hour,False
181,Park Slope,4,42,19.946825396825396,20.141666666666666,20.141666666666666,30.118333333333332,0.16666666666666666,2026-01,avg_duration_by_zone_hour,False
132,JFK Airport,14,7667,47.7683274640233,48.95,48.95,70.31666666666666,0.16590583018129645,2026-01,avg_duration_by_zone_hour,False
227,Sunset Park East,13,43,31.883333333333333,34.71666666666667,34.71666666666667,46.74,0.16279069767441862,2026-01,avg_duration_by_zone_hour,False
34,Brooklyn Navy Yard,19,43,23.337209302325583,23.416666666666668,23.416666666666668,37.18000000000001,0.16279069767441862,2026-01,avg_duration_by_zone_hour,False
25,Boerum Hill,2,132,20.24191919191919,20.541666666666668,20.541666666666668,28.98166666666667,0.1590909090909091,2026-01,avg_duration_by_zone_hour,False
132,JFK Airport,23,8656,28.974173983364143,30.316666666666666,30.316666666666666,42.09166666666667,0.15769408502772644,2026-01,avg_duration_by_zone_hour,False
132,JFK Airport,15,9589,49.84632565091946,50.916666666666664,50.916666666666664,72.23333333333333,0.15601209719470227,2026-01,avg_duration_by_zone_hour,False
138,LaGuardia Airport,23,5025,20.453177446102817,19.9,19.9,28.176666666666673,0.15582089552238806,2026-01,avg_duration_by_zone_hour,False
138,LaGuardia Airport,0,2900,19.762649425287357,19.283333333333335,19.283333333333335,27.283333333333335,0.15517241379310345,2026-01,avg_duration_by_zone_hour,False
132,JFK Airport,13,5545,42.40841599038173,43.983333333333334,43.983333333333334,62.353333333333346,0.1550946798917944,2026-01,avg_duration_by_zone_hour,False
33,Brooklyn Heights,2,40,20.545416666666668,21.191666666666666,21.191666666666666,31.318333333333335,0.15,2026-01,avg_duration_by_zone_hour,False
138,LaGuardia Airport,22,4794,20.959018217215966,20.383333333333333,20.383333333333333,29.12833333333333,0.14601585314977056,2026-01,avg_duration_by_zone_hour,False
138,LaGuardia Airport,20,5569,22.878021188723288,22.166666666666668,22.166666666666668,31.8,0.14185670676961754,2026-01,avg_duration_by_zone_hour,False
132,JFK Airport,16,10483,50.79866609431142,51.93333333333333,52.58333333333333,71.79666666666668,0.14051321186683202,2026-01,avg_duration_by_zone_hour,False
70,East Elmhurst,2,36,18.516666666666666,19.3,19.3,26.55833333333333,0.1388888888888889,2026-01,avg_duration_by_zone_hour,False
138,LaGuardia Airport,21,5595,22.218364611260053,21.666666666666668,21.666666666666668,30.520000000000014,0.13780160857908846,2026-01,avg_duration_by_zone_hour,False
255,Williamsburg (North Side),6,59,21.883050847457625,21.583333333333332,21.583333333333332,29.25333333333334,0.13559322033898305,2026-01,avg_duration_by_zone_hour,False
132,JFK Airport,17,8400,47.73308531746032,48.78333333333333,48.78333333333333,66.65,0.13083333333333333,2026-01,avg_duration_by_zone_hour,False
132,JFK Airport,19,9877,36.24841888562654,38.25,38.25,51.06666666666667,0.1305052141338463,2026-01,avg_duration_by_zone_hour,False
132,JFK Airport,22,9627,29.792773795921192,31.533333333333335,31.533333333333335,42.96666666666667,0.12963540043627297,2026-01,avg_duration_by_zone_hour,False
132,JFK Airport,18,8325,41.75983183183183,43.55,43.55,58.87666666666667,0.12612612612612611,2026-01,avg_duration_by_zone_hour,False
52,Cobble Hill,6,41,24.6890243902439,23.183333333333334,23.183333333333334,29.5,0.12195121951219512,2026-01,avg_duration_by_zone_hour,False
132,JFK Airport,21,9820,30.1770366598778,32.233333333333334,32.233333333333334,43.35,0.11486761710794298,2026-01,avg_duration_by_zone_hour,False
132,JFK Airport,20,11117,33.50515126982699,35.78333333333333,35.78333333333333,47.06666666666667,0.10911217054960871,2026-01,avg_duration_by_zone_hour,False
179,Old Astoria,3,37,16.357207207207207,17.766666666666666,17.766666666666666,22.03666666666666,0.10810810810810811,2026-01,avg_duration_by_zone_hour,False
128,Inwood Hill Park,14,12,93.68611111111112,105.74166666666667,12.95,132.62,1.0,2026-01,avg_duration_by_zone_hour,True
59,Crotona Park,11,3,90.29444444444444,90.8,38.083333333333336,104.70666666666666,1.0,2026-01,avg_duration_by_zone_hour,True
253,Willets Point,6,1,89.53333333333333,89.53333333333333,26.433333333333334,89.53333333333333,1.0,2026-01,avg_duration_by_zone_hour,True
46,City Island,16,3,88.72222222222223,72.78333333333333,35.9,111.90333333333334,1.0,2026-01,avg_duration_by_zone_hour,True
184,Pelham Bay Park,6,2,85.58333333333334,85.58333333333334,32.516666666666666,87.87666666666667,1.0,2026-01,avg_duration_by_zone_hour,True
109,Great Kills,8,1,77.93333333333334,77.93333333333334,23.316666666666666,77.93333333333334,1.0,2026-01,avg_duration_by_zone_hour,True
59,Crotona Park,16,2,77.725,77.725,35.9,103.82499999999999,1.0,2026-01,avg_duration_by_zone_hour,True
139,Laurelton,4,7,76.03809523809524,60.75,17.016666666666666,129.70666666666668,1.0,2026-01,avg_duration_by_zone_hour,True
23,Bloomfield/Emerson Hill,1,1,72.0,72.0,12.416666666666666,72.0,1.0,2026-01,avg_duration_by_zone_hour,True
46,City Island,15,3,68.71666666666667,65.78333333333333,33.849999999999994,82.93,1.0,2026-01,avg_duration_by_zone_hour,True
58,Country Club,11,3,67.61111111111111,61.65,38.083333333333336,77.78333333333333,1.0,2026-01,avg_duration_by_zone_hour,True
27,Breezy Point/Fort Tilden/Riis Beach,9,1,66.46666666666667,66.46666666666667,31.491666666666667,66.46666666666667,1.0,2026-01,avg_duration_by_zone_hour,True
199,Rikers Island,17,1,64.6,64.6,28.3,64.6,1.0,2026-01,avg_duration_by_zone_hour,True
201,Rockaway Park,6,7,64.34285714285714,60.7,26.433333333333334,86.57000000000001,1.0,2026-01,avg_duration_by_zone_hour,True
156,Mariners Harbor,7,1,64.23333333333333,64.23333333333333,31.9,64.23333333333333,1.0,2026-01,avg_duration_by_zone_hour,True
46,City Island,8,3,63.96111111111111,67.01666666666667,32.61666666666667,78.84333333333333,1.0,2026-01,avg_duration_by_zone_hour,True
111,Green-Wood Cemetery,10,1,63.7,63.7,28.55,63.7,1.0,2026-01,avg_duration_by_zone_hour,True
118,Heartland Village/Todt Hill,14,1,63.28333333333333,63.28333333333333,14.316666666666666,63.28333333333333,1.0,2026-01,avg_duration_by_zone_hour,True
109,Great Kills,11,1,61.11666666666667,61.11666666666667,13.8,61.11666666666667,1.0,2026-01,avg_duration_by_zone_hour,True
206,Saint George/New Brighton,1,1,58.983333333333334,58.983333333333334,12.416666666666666,58.983333333333334,1.0,2026-01,avg_duration_by_zone_hour,True
84,Eltingville/Annadale/Prince's Bay,13,1,58.1,58.1,14.0,58.1,1.0,2026-01,avg_duration_by_zone_hour,True
210,Sheepshead Bay,4,13,57.11538461538461,53.766666666666666,19.433333333333334,71.02333333333333,1.0,2026-01,avg_duration_by_zone_hour,True
84,Eltingville/Annadale/Prince's Bay,11,1,57.0,57.0,13.8,57.0,1.0,2026-01,avg_duration_by_zone_hour,True
206,Saint George/New Brighton,3,1,56.4,56.4,12.3,56.4,1.0,2026-01,avg_duration_by_zone_hour,True
240,Van Cortlandt Park,21,1,55.483333333333334,55.483333333333334,17.333333333333332,55.483333333333334,1.0,2026-01,avg_duration_by_zone_hour,True
31,Bronx Park,5,3,55.388888888888886,42.71666666666667,30.85,73.78333333333333,1.0,2026-01,avg_duration_by_zone_hour,True
111,Green-Wood Cemetery,13,1,53.56666666666667,53.56666666666667,27.266666666666666,53.56666666666667,1.0,2026-01,avg_duration_by_zone_hour,True
58,Country Club,12,1,52.81666666666667,52.81666666666667,34.68333333333334,52.81666666666667,1.0,2026-01,avg_duration_by_zone_hour,True
221,Stapleton,3,2,52.80833333333334,52.80833333333334,12.3,53.815000000000005,1.0,2026-01,avg_duration_by_zone_hour,True
115,Grymes Hill/Clifton,10,1,52.4,52.4,13.633333333333333,52.4,1.0,2026-01,avg_duration_by_zone_hour,True
206,Saint George/New Brighton,2,2,51.43333333333334,51.43333333333334,12.133333333333333,60.84666666666667,1.0,2026-01,avg_duration_by_zone_hour,True
58,Country Club,4,7,51.39047619047619,50.6,21.066666666666666,64.90666666666667,1.0,2026-01,avg_duration_by_zone_hour,True
23,Bloomfield/Emerson Hill,16,1,50.8,50.8,14.383333333333333,50.8,1.0,2026-01,avg_duration_by_zone_hour,True
1,Newark Airport,13,1,50.56666666666667,50.56666666666667,14.0,50.56666666666667,1.0,2026-01,avg_duration_by_zone_hour,True
59,Crotona Park,10,1,50.2,50.2,36.84166666666667,50.2,1.0,2026-01,avg_duration_by_zone_hour,True
156,Mariners Harbor,2,1,49.666666666666664,49.666666666666664,12.133333333333333,49.666666666666664,1.0,2026-01,avg_duration_by_zone_hour,True
245,West Brighton,5,5,49.480000000000004,50.11666666666667,13.683333333333334,56.77333333333333,1.0,2026-01,avg_duration_by_zone_hour,True
172,New Dorp/Midland Beach,8,1,48.9,48.9,23.316666666666666,48.9,1.0,2026-01,avg_duration_by_zone_hour,True
29,Brighton Beach,4,2,48.849999999999994,48.849999999999994,19.433333333333334,61.596666666666664,1.0,2026-01,avg_duration_by_zone_hour,True
187,Port Richmond,7,1,48.75,48.75,31.9,48.75,1.0,2026-01,avg_duration_by_zone_hour,True
31,Bronx Park,18,4,48.5875,48.575,23.45,62.23166666666667,1.0,2026-01,avg_duration_by_zone_hour,True
128,Inwood Hill Park,5,4,48.5375,42.35,10.733333333333333,76.95000000000002,1.0,2026-01,avg_duration_by_zone_hour,True
187,Port Richmond,0,1,48.266666666666666,48.266666666666666,12.933333333333334,48.266666666666666,1.0,2026-01,avg_duration_by_zone_hour,True
64,Douglaston,5,3,48.20000000000001,31.55,20.616666666666667,72.65666666666667,1.0,2026-01,avg_duration_by_zone_hour,True
59,Crotona Park,4,1,48.15,48.15,21.066666666666666,48.15,1.0,2026-01,avg_duration_by_zone_hour,True
206,Saint George/New Brighton,6,3,47.38888888888889,46.516666666666666,24.4,55.95666666666667,1.0,2026-01,avg_duration_by_zone_hour,True
117,Hammels/Arverne,2,2,46.858333333333334,46.858333333333334,17.116666666666667,52.39833333333333,1.0,2026-01,avg_duration_by_zone_hour,True
202,Roosevelt Island,5,5,46.7,28.0,10.733333333333333,77.44333333333333,1.0,2026-01,avg_duration_by_zone_hour,True
214,South Beach/Dongan Hills,4,1,46.56666666666667,46.56666666666667,13.216666666666667,46.56666666666667,1.0,2026-01,avg_duration_by_zone_hour,True
44,Charleston/Tottenville,6,1,46.2,46.2,24.4,46.2,1.0,2026-01,avg_duration_by_zone_hour,True
118,Heartland Village/Todt Hill,8,2,45.849999999999994,45.849999999999994,23.316666666666666,50.79666666666667,1.0,2026-01,avg_duration_by_zone_hour,True
221,Stapleton,10,2,45.68333333333334,45.68333333333334,13.633333333333333,50.36333333333333,1.0,2026-01,avg_duration_by_zone_hour,True
156,Mariners Harbor,12,1,45.53333333333333,45.53333333333333,13.85,45.53333333333333,1.0,2026-01,avg_duration_by_zone_hour,True
206,Saint George/New Brighton,12,2,45.5,45.5,13.85,47.553333333333335,1.0,2026-01,avg_duration_by_zone_hour,True
175,Oakland Gardens,3,1,45.28333333333333,45.28333333333333,16.966666666666665,45.28333333333333,1.0,2026-01,avg_duration_by_zone_hour,True
165,Midwood,3,1,44.483333333333334,44.483333333333334,18.866666666666667,44.483333333333334,1.0,2026-01,avg_duration_by_zone_hour,True
221,Stapleton,1,2,44.34166666666667,44.34166666666667,12.416666666666666,50.214999999999996,1.0,2026-01,avg_duration_by_zone_hour,True
187,Port Richmond,15,1,44.0,44.0,14.45,44.0,1.0,2026-01,avg_duration_by_zone_hour,True
111,Green-Wood Cemetery,11,1,43.916666666666664,43.916666666666664,28.466666666666665,43.916666666666664,1.0,2026-01,avg_duration_by_zone_hour,True
251,Westerleigh,15,3,43.0,41.666666666666664,14.45,50.92,1.0,2026-01,avg_duration_by_zone_hour,True
204,Rossville/Woodrow,9,1,42.61666666666667,42.61666666666667,13.716666666666667,42.61666666666667,1.0,2026-01,avg_duration_by_zone_hour,True
58,Country Club,18,3,42.53888888888889,47.266666666666666,23.45,47.653333333333336,1.0,2026-01,avg_duration_by_zone_hour,True
2,Jamaica Bay,6,1,41.233333333333334,41.233333333333334,26.433333333333334,41.233333333333334,1.0,2026-01,avg_duration_by_zone_hour,True
46,City Island,20,3,41.166666666666664,29.216666666666665,17.916666666666668,61.91,1.0,2026-01,avg_duration_by_zone_hour,True
245,West Brighton,6,1,41.03333333333333,41.03333333333333,24.4,41.03333333333333,1.0,2026-01,avg_duration_by_zone_hour,True
214,South Beach/Dongan Hills,13,1,40.96666666666667,40.96666666666667,14.0,40.96666666666667,1.0,2026-01,avg_duration_by_zone_hour,True
58,Country Club,17,1,40.7,40.7,28.3,40.7,1.0,2026-01,avg_duration_by_zone_hour,True
154,Marine Park/Floyd Bennett Field,13,1,40.666666666666664,40.666666666666664,27.266666666666666,40.666666666666664,1.0,2026-01,avg_duration_by_zone_hour,True
156,Mariners Harbor,13,1,40.6,40.6,14.0,40.6,1.0,2026-01,avg_duration_by_zone_hour,True
251,Westerleigh,5,1,40.38333333333333,40.38333333333333,13.683333333333334,40.38333333333333,1.0,2026-01,avg_duration_by_zone_hour,True
9,Auburndale,21,1,40.28333333333333,40.28333333333333,24.45,40.28333333333333,1.0,2026-01,avg_duration_by_zone_hour,True
187,Port Richmond,14,5,40.08333333333333,46.46666666666667,14.316666666666666,50.89333333333334,1.0,2026-01,avg_duration_by_zone_hour,True
105,Governor's Island/Ellis Island/Liberty Island,14,1,39.766666666666666,39.766666666666666,12.95,39.766666666666666,1.0,2026-01,avg_duration_by_zone_hour,True
23,Bloomfield/Emerson Hill,22,1,39.1,39.1,13.333333333333334,39.1,1.0,2026-01,avg_duration_by_zone_hour,True
176,Oakwood,2,1,39.05,39.05,12.133333333333333,39.05,1.0,2026-01,avg_duration_by_zone_hour,True
23,Bloomfield/Emerson Hill,10,1,38.28333333333333,38.28333333333333,13.633333333333333,38.28333333333333,1.0,2026-01,avg_duration_by_zone_hour,True
111,Green-Wood Cemetery,12,1,38.016666666666666,38.016666666666666,27.7,38.016666666666666,1.0,2026-01,avg_duration_by_zone_hour,True
201,Rockaway Park,3,1,37.6,37.6,16.966666666666665,37.6,1.0,2026-01,avg_duration_by_zone_hour,True
172,New Dorp/Midland Beach,9,2,37.55,37.55,13.716666666666667,49.910000000000004,1.0,2026-01,avg_duration_by_zone_hour,True
118,Heartland Village/Todt Hill,9,2,37.38333333333333,37.38333333333333,13.716666666666667,51.75666666666667,1.0,2026-01,avg_duration_by_zone_hour,True
23,Bloomfield/Emerson Hill,12,1,37.0,37.0,13.85,37.0,1.0,2026-01,avg_duration_by_zone_hour,True
251,Westerleigh,12,1,37.0,37.0,13.85,37.0,1.0,2026-01,avg_duration_by_zone_hour,True
115,Grymes Hill/Clifton,16,1,36.85,36.85,14.383333333333333,36.85,1.0,2026-01,avg_duration_by_zone_hour,True
139,Laurelton,3,6,36.58888888888889,32.608333333333334,16.966666666666665,51.25833333333333,1.0,2026-01,avg_duration_by_zone_hour,True
245,West Brighton,3,1,36.2,36.2,12.3,36.2,1.0,2026-01,avg_duration_by_zone_hour,True
111,Green-Wood Cemetery,15,1,35.766666666666666,35.766666666666666,26.7,35.766666666666666,1.0,2026-01,avg_duration_by_zone_hour,True
115,Grymes Hill/Clifton,23,2,35.49166666666667,35.49166666666667,13.333333333333334,37.565000000000005,1.0,2026-01,avg_duration_by_zone_hour,True
1,Newark Airport,23,3,35.27777777777778,36.766666666666666,13.333333333333334,41.24666666666667,1.0,2026-01,avg_duration_by_zone_hour,True
128,Inwood Hill Park,11,3,34.88333333333333,29.333333333333332,12.716666666666667,43.81333333333333,1.0,2026-01,avg_duration_by_zone_hour,True
118,Heartland Village/Todt Hill,3,1,34.6,34.6,12.3,34.6,1.0,2026-01,avg_duration_by_zone_hour,True
27,Breezy Point/Fort Tilden/Riis Beach,22,1,34.516666666666666,34.516666666666666,23.775,34.516666666666666,1.0,2026-01,avg_duration_by_zone_hour,True
11,Bath Beach,1,1,34.46666666666667,34.46666666666667,19.333333333333332,34.46666666666667,1.0,2026-01,avg_duration_by_zone_hour,True
46,City Island,19,2,34.3,34.3,20.15,39.593333333333334,1.0,2026-01,avg_duration_by_zone_hour,True
128,Inwood Hill Park,9,5,34.156666666666666,40.56666666666667,12.266666666666667,48.76,1.0,2026-01,avg_duration_by_zone_hour,True
194,Randalls Island,8,8,33.858333333333334,32.358333333333334,12.516666666666667,48.88166666666667,1.0,2026-01,avg_duration_by_zone_hour,True
118,Heartland Village/Todt Hill,20,3,33.72222222222222,25.3,13.266666666666667,47.79333333333334,1.0,2026-01,avg_duration_by_zone_hour,True
109,Great Kills,2,1,33.65,33.65,12.133333333333333,33.65,1.0,2026-01,avg_duration_by_zone_hour,True
31,Bronx Park,19,1,33.4,33.4,20.15,33.4,1.0,2026-01,avg_duration_by_zone_hour,True
128,Inwood Hill Park,1,1,33.333333333333336,33.333333333333336,11.583333333333334,33.333333333333336,1.0,2026-01,avg_duration_by_zone_hour,True
23,Bloomfield/Emerson Hill,18,2,33.33333333333333,33.33333333333333,13.666666666666666,45.38666666666666,1.0,2026-01,avg_duration_by_zone_hour,True
46,City Island,21,3,32.59444444444444,24.566666666666666,17.333333333333332,43.873333333333335,1.0,2026-01,avg_duration_by_zone_hour,True
172,New Dorp/Midland Beach,0,1,32.56666666666667,32.56666666666667,12.933333333333334,32.56666666666667,1.0,2026-01,avg_duration_by_zone_hour,True
58,Country Club,20,2,32.45,32.45,17.916666666666668,38.916666666666664,1.0,2026-01,avg_duration_by_zone_hour,True
172,New Dorp/Midland Beach,4,1,31.783333333333335,31.783333333333335,13.216666666666667,31.783333333333335,1.0,2026-01,avg_duration_by_zone_hour,True
120,Highbridge Park,12,3,31.666666666666668,29.05,12.7,39.03666666666667,1.0,2026-01,avg_duration_by_zone_hour,True
206,Saint George/New Brighton,23,1,30.966666666666665,30.966666666666665,13.333333333333334,30.966666666666665,1.0,2026-01,avg_duration_by_zone_hour,True
221,Stapleton,14,3,30.877777777777776,21.316666666666666,14.316666666666666,45.81,1.0,2026-01,avg_duration_by_zone_hour,True
206,Saint George/New Brighton,15,1,30.816666666666666,30.816666666666666,14.45,30.816666666666666,1.0,2026-01,avg_duration_by_zone_hour,True
23,Bloomfield/Emerson Hill,19,2,30.53333333333333,30.53333333333333,13.366666666666667,30.906666666666666,1.0,2026-01,avg_duration_by_zone_hour,True
201,Rockaway Park,4,1,30.283333333333335,30.283333333333335,17.016666666666666,30.283333333333335,1.0,2026-01,avg_duration_by_zone_hour,True
172,New Dorp/Midland Beach,21,1,30.2,30.2,13.116666666666667,30.2,1.0,2026-01,avg_duration_by_zone_hour,True
6,Arrochar/Fort Wadsworth,5,1,29.95,29.95,13.683333333333334,29.95,1.0,2026-01,avg_duration_by_zone_hour,True
109,Great Kills,1,1,29.816666666666666,29.816666666666666,12.416666666666666,29.816666666666666,1.0,2026-01,avg_duration_by_zone_hour,True
206,Saint George/New Brighton,9,2,29.366666666666667,29.366666666666667,13.716666666666667,35.74,1.0,2026-01,avg_duration_by_zone_hour,True
214,South Beach/Dongan Hills,3,2,28.891666666666666,28.891666666666666,12.3,30.605,1.0,2026-01,avg_duration_by_zone_hour,True
172,New Dorp/Midland Beach,17,1,28.883333333333333,28.883333333333333,14.25,28.883333333333333,1.0,2026-01,avg_duration_by_zone_hour,True
120,Highbridge Park,20,1,28.75,28.75,12.166666666666666,28.75,1.0,2026-01,avg_duration_by_zone_hour,True
1,Newark Airport,21,1,28.6,28.6,13.116666666666667,28.6,1.0,2026-01,avg_duration_by_zone_hour,True
128,Inwood Hill Park,10,12,28.122222222222224,22.791666666666664,12.3,40.26500000000001,1.0,2026-01,avg_duration_by_zone_hour,True
120,Highbridge Park,11,2,28.1,28.1,12.716666666666667,28.64666666666667,1.0,2026-01,avg_duration_by_zone_hour,True
105,Governor's Island/Ellis Island/Liberty Island,11,1,28.083333333333332,28.083333333333332,12.716666666666667,28.083333333333332,1.0,2026-01,avg_duration_by_zone_hour,True
120,Highbridge Park,0,3,28.03333333333333,32.083333333333336,11.766666666666667,33.43,1.0,2026-01,avg_duration_by_zone_hour,True
240,Van Cortlandt Park,19,1,27.933333333333334,27.933333333333334,20.15,27.933333333333334,1.0,2026-01,avg_duration_by_zone_hour,True
115,Grymes Hill/Clifton,17,2,27.65833333333333,27.65833333333333,14.25,29.091666666666665,1.0,2026-01,avg_duration_by_zone_hour,True
172,New Dorp/Midland Beach,16,1,27.616666666666667,27.616666666666667,14.383333333333333,27.616666666666667,1.0,2026-01,avg_duration_by_zone_hour,True
128,Inwood Hill Park,21,6,27.444444444444443,25.15833333333333,12.166666666666666,36.09166666666667,1.0,2026-01,avg_duration_by_zone_hour,True
1,Newark Airport,0,1,26.983333333333334,26.983333333333334,12.933333333333334,26.983333333333334,1.0,2026-01,avg_duration_by_zone_hour,True
12,Battery Park,3,1,26.716666666666665,26.716666666666665,11.35,26.716666666666665,1.0,2026-01,avg_duration_by_zone_hour,True
115,Grymes Hill/Clifton,19,1,26.433333333333334,26.433333333333334,13.366666666666667,26.433333333333334,1.0,2026-01,avg_duration_by_zone_hour,True
245,West Brighton,4,1,26.266666666666666,26.266666666666666,13.216666666666667,26.266666666666666,1.0,2026-01,avg_duration_by_zone_hour,True
118,Heartland Village/Todt Hill,2,2,25.933333333333334,25.933333333333334,12.133333333333333,27.62666666666667,1.0,2026-01,avg_duration_by_zone_hour,True
6,Arrochar/Fort Wadsworth,10,1,25.766666666666666,25.766666666666666,13.633333333333333,25.766666666666666,1.0,2026-01,avg_duration_by_zone_hour,True
194,Randalls Island,13,3,25.51666666666667,24.283333333333335,12.9,31.630000000000003,1.0,2026-01,avg_duration_by_zone_hour,True
118,Heartland Village/Todt Hill,18,1,25.516666666666666,25.516666666666666,13.666666666666666,25.516666666666666,1.0,2026-01,avg_duration_by_zone_hour,True
115,Grymes Hill/Clifton,0,1,25.2,25.2,12.933333333333334,25.2,1.0,2026-01,avg_duration_by_zone_hour,True
190,Prospect Park,2,1,24.766666666666666,24.766666666666666,18.566666666666666,24.766666666666666,1.0,2026-01,avg_duration_by_zone_hour,True
23,Bloomfield/Emerson Hill,2,1,24.133333333333333,24.133333333333333,12.133333333333333,24.133333333333333,1.0,2026-01,avg_duration_by_zone_hour,True
214,South Beach/Dongan Hills,17,1,23.95,23.95,14.25,23.95,1.0,2026-01,avg_duration_by_zone_hour,True
9,Auburndale,2,1,23.833333333333332,23.833333333333332,17.116666666666667,23.833333333333332,1.0,2026-01,avg_duration_by_zone_hour,True
206,Saint George/New Brighton,22,1,23.7,23.7,13.333333333333334,23.7,1.0,2026-01,avg_duration_by_zone_hour,True
221,Stapleton,4,2,23.683333333333334,23.683333333333334,13.216666666666667,24.75,1.0,2026-01,avg_duration_by_zone_hour,True
101,Glen Oaks,2,2,23.34166666666667,23.34166666666667,17.116666666666667,23.428333333333335,1.0,2026-01,avg_duration_by_zone_hour,True
214,South Beach/Dongan Hills,5,1,23.216666666666665,23.216666666666665,13.683333333333334,23.216666666666665,1.0,2026-01,avg_duration_by_zone_hour,True
5,Arden Heights,4,1,22.583333333333332,22.583333333333332,13.216666666666667,22.583333333333332,1.0,2026-01,avg_duration_by_zone_hour,True
109,Great Kills,23,1,22.433333333333334,22.433333333333334,13.333333333333334,22.433333333333334,1.0,2026-01,avg_duration_by_zone_hour,True
251,Westerleigh,3,1,22.383333333333333,22.383333333333333,12.3,22.383333333333333,1.0,2026-01,avg_duration_by_zone_hour,True
15,Bay Terrace/Fort Totten,3,1,22.216666666666665,22.216666666666665,16.966666666666665,22.216666666666665,1.0,2026-01,avg_duration_by_zone_hour,True
120,Highbridge Park,10,3,21.805555555555557,22.25,12.3,22.73,1.0,2026-01,avg_duration_by_zone_hour,True
120,Highbridge Park,6,3,21.650000000000002,16.383333333333333,10.75,30.063333333333336,1.0,2026-01,avg_duration_by_zone_hour,True
251,Westerleigh,22,2,21.641666666666666,21.641666666666666,13.333333333333334,22.315,1.0,2026-01,avg_duration_by_zone_hour,True
59,Crotona Park,23,1,21.4,21.4,14.6,21.4,1.0,2026-01,avg_duration_by_zone_hour,True
31,Bronx Park,2,1,21.016666666666666,21.016666666666666,14.0,21.016666666666666,1.0,2026-01,avg_duration_by_zone_hour,True
118,Heartland Village/Todt Hill,17,2,20.858333333333334,20.858333333333334,14.25,22.278333333333332,1.0,2026-01,avg_duration_by_zone_hour,True
176,Oakwood,1,2,20.71666666666667,20.71666666666667,12.416666666666666,22.05,1.0,2026-01,avg_duration_by_zone_hour,True
46,City Island,23,1,19.883333333333333,19.883333333333333,14.6,19.883333333333333,1.0,2026-01,avg_duration_by_zone_hour,True
206,Saint George/New Brighton,17,1,19.75,19.75,14.25,19.75,1.0,2026-01,avg_duration_by_zone_hour,True
23,Bloomfield/Emerson Hill,14,1,18.833333333333332,18.833333333333332,14.316666666666666,18.833333333333332,1.0,2026-01,avg_duration_by_zone_hour,True
128,Inwood Hill Park,3,1,18.35,18.35,11.35,18.35,1.0,2026-01,avg_duration_by_zone_hour,True
46,City Island,1,1,18.3,18.3,13.65,18.3,1.0,2026-01,avg_duration_by_zone_hour,True
120,Highbridge Park,23,1,18.133333333333333,18.133333333333333,12.066666666666666,18.133333333333333,1.0,2026-01,avg_duration_by_zone_hour,True
187,Port Richmond,1,1,18.0,18.0,12.416666666666666,18.0,1.0,2026-01,avg_duration_by_zone_hour,True
12,Battery Park,1,2,17.866666666666667,17.866666666666667,11.583333333333334,19.346666666666664,1.0,2026-01,avg_duration_by_zone_hour,True
187,Port Richmond,9,1,17.566666666666666,17.566666666666666,13.716666666666667,17.566666666666666,1.0,2026-01,avg_duration_by_zone_hour,True
214,South Beach/Dongan Hills,11,1,17.45,17.45,13.8,17.45,1.0,2026-01,avg_duration_by_zone_hour,True
120,Highbridge Park,3,1,16.833333333333332,16.833333333333332,11.35,16.833333333333332,1.0,2026-01,avg_duration_by_zone_hour,True
176,Oakwood,3,1,16.566666666666666,16.566666666666666,12.3,16.566666666666666,1.0,2026-01,avg_duration_by_zone_hour,True
251,Westerleigh,0,1,16.266666666666666,16.266666666666666,12.933333333333334,16.266666666666666,1.0,2026-01,avg_duration_by_zone_hour,True
194,Randalls Island,2,1,14.966666666666667,14.966666666666667,11.416666666666666,14.966666666666667,1.0,2026-01,avg_duration_by_zone_hour,True
117,Hammels/Arverne,4,26,57.58461538461539,57.28333333333333,17.016666666666666,96.175,0.9615384615384616,2026-01,avg_duration_by_zone_hour,True
202,Roosevelt Island,12,26,39.88910256410256,36.21666666666667,12.7,69.49166666666667,0.9615384615384616,2026-01,avg_duration_by_zone_hour,True
153,Marble Hill,10,18,39.17962962962963,31.083333333333332,12.3,78.82666666666667,0.9444444444444444,2026-01,avg_duration_by_zone_hour,True
153,Marble Hill,7,28,45.25238095238095,40.88333333333333,11.566666666666666,85.69,0.9285714285714286,2026-01,avg_duration_by_zone_hour,True
202,Roosevelt Island,23,27,28.362345679012346,25.383333333333333,12.066666666666666,45.36000000000001,0.9259259259259259,2026-01,avg_duration_by_zone_hour,True
201,Rockaway Park,5,12,67.65416666666667,64.61666666666667,20.616666666666667,110.17666666666668,0.9166666666666666,2026-01,avg_duration_by_zone_hour,True
117,Hammels/Arverne,19,23,60.334782608695654,64.1,29.2,87.76,0.9130434782608695,2026-01,avg_duration_by_zone_hour,True
38,Cambria Heights,4,11,45.415151515151514,50.31666666666667,17.016666666666666,60.95,0.9090909090909091,2026-01,avg_duration_by_zone_hour,True
117,Hammels/Arverne,3,10,65.20166666666667,46.525,16.966666666666665,114.0083333333333,0.9,2026-01,avg_duration_by_zone_hour,True
153,Marble Hill,5,10,45.31666666666667,39.275,10.733333333333333,81.12833333333333,0.9,2026-01,avg_duration_by_zone_hour,True
165,Midwood,4,10,40.99166666666667,35.708333333333336,19.433333333333334,62.084999999999994,0.9,2026-01,avg_duration_by_zone_hour,True
210,Sheepshead Bay,3,10,40.598333333333336,33.85,18.866666666666667,78.16166666666666,0.9,2026-01,avg_duration_by_zone_hour,True
153,Marble Hill,8,19,45.88333333333333,41.03333333333333,12.516666666666667,87.27333333333333,0.8947368421052632,2026-01,avg_duration_by_zone_hour,True
210,Sheepshead Bay,5,28,70.77083333333333,70.18333333333334,23.9,115.39,0.8928571428571429,2026-01,avg_duration_by_zone_hour,True
128,Inwood Hill Park,15,18,55.09444444444445,55.233333333333334,13.083333333333334,92.52,0.8888888888888888,2026-01,avg_duration_by_zone_hour,True
21,Bensonhurst East,5,27,52.80864197530864,52.666666666666664,23.9,86.17000000000002,0.8888888888888888,2026-01,avg_duration_by_zone_hour,True
219,Springfield Gardens South,3,18,39.971296296296295,33.3,16.966666666666665,56.043333333333365,0.8888888888888888,2026-01,avg_duration_by_zone_hour,True
123,Homecrest,5,17,58.845098039215685,61.85,23.9,84.82000000000001,0.8823529411764706,2026-01,avg_duration_by_zone_hour,True
38,Cambria Heights,19,8,62.05,57.15833333333333,29.2,84.02999999999999,0.875,2026-01,avg_duration_by_zone_hour,True
190,Prospect Park,4,8,32.49166666666667,28.8,19.433333333333334,46.336666666666666,0.875,2026-01,avg_duration_by_zone_hour,True
12,Battery Park,22,8,22.51875,19.383333333333333,12.316666666666666,30.011666666666663,0.875,2026-01,avg_duration_by_zone_hour,True
194,Randalls Island,23,8,21.26875,21.55,12.066666666666666,26.808333333333334,0.875,2026-01,avg_duration_by_zone_hour,True
153,Marble Hill,9,22,44.87878787878788,35.375,12.266666666666667,86.18000000000004,0.8636363636363636,2026-01,avg_duration_by_zone_hour,True
29,Brighton Beach,6,21,72.3452380952381,69.51666666666667,28.7,125.23333333333333,0.8571428571428571,2026-01,avg_duration_by_zone_hour,True
149,Madison,5,28,61.54940476190476,63.916666666666664,23.9,100.62833333333333,0.8571428571428571,2026-01,avg_duration_by_zone_hour,True
153,Marble Hill,13,7,53.76904761904762,31.35,12.9,95.87333333333335,0.8571428571428571,2026-01,avg_duration_by_zone_hour,True
16,Bayside,6,14,52.28214285714286,48.53333333333333,26.433333333333334,78.93333333333334,0.8571428571428571,2026-01,avg_duration_by_zone_hour,True
222,Starrett City,20,14,46.221428571428575,48.34166666666667,21.2,65.31,0.8571428571428571,2026-01,avg_duration_by_zone_hour,True
96,Forest Park/Highland Park,6,7,44.91428571428571,40.333333333333336,26.433333333333334,66.99333333333334,0.8571428571428571,2026-01,avg_duration_by_zone_hour,True
86,Far Rockaway,21,14,41.08571428571429,41.641666666666666,24.45,54.81666666666667,0.8571428571428571,2026-01,avg_duration_by_zone_hour,True
128,Inwood Hill Park,16,7,35.86904761904761,29.316666666666666,13.033333333333333,58.646666666666675,0.8571428571428571,2026-01,avg_duration_by_zone_hour,True
128,Inwood Hill Park,13,7,35.13095238095238,23.916666666666668,12.9,65.44333333333336,0.8571428571428571,2026-01,avg_duration_by_zone_hour,True
128,Inwood Hill Park,17,7,21.426190476190477,20.4,13.183333333333334,28.730000000000008,0.8571428571428571,2026-01,avg_duration_by_zone_hour,True
128,Inwood Hill Park,20,21,21.416666666666668,20.7,12.166666666666666,27.583333333333332,0.8571428571428571,2026-01,avg_duration_by_zone_hour,True
202,Roosevelt Island,0,20,22.2475,22.45,11.766666666666667,33.071666666666665,0.85,2026-01,avg_duration_by_zone_hour,True
202,Roosevelt Island,11,26,34.577564102564104,31.133333333333333,12.716666666666667,58.78333333333333,0.8461538461538461,2026-01,avg_duration_by_zone_hour,True
201,Rockaway Park,10,24,83.93263888888889,92.34166666666667,30.966666666666665,127.12666666666665,0.8333333333333334,2026-01,avg_duration_by_zone_hour,True
240,Van Cortlandt Park,13,6,82.16388888888889,79.63333333333333,32.93333333333333,135.4,0.8333333333333334,2026-01,avg_duration_by_zone_hour,True
81,Eastchester,21,12,58.25277777777779,54.75833333333334,17.333333333333332,99.45333333333333,0.8333333333333334,2026-01,avg_duration_by_zone_hour,True
153,Marble Hill,6,18,36.84722222222222,24.691666666666666,10.75,81.41333333333333,0.8333333333333334,2026-01,avg_duration_by_zone_hour,True
120,Highbridge Park,15,6,36.041666666666664,29.166666666666664,13.083333333333334,66.35833333333333,0.8333333333333334,2026-01,avg_duration_by_zone_hour,True
201,Rockaway Park,23,6,35.89722222222222,39.44166666666666,22.483333333333334,47.15,0.8333333333333334,2026-01,avg_duration_by_zone_hour,True
153,Marble Hill,4,12,34.294444444444444,35.63333333333334,11.75,49.17333333333333,0.8333333333333334,2026-01,avg_duration_by_zone_hour,True
120,Highbridge Park,13,6,28.130555555555556,21.983333333333334,12.9,46.36666666666667,0.8333333333333334,2026-01,avg_duration_by_zone_hour,True
120,Highbridge Park,14,6,22.108333333333334,21.766666666666666,12.95,29.558333333333334,0.8333333333333334,2026-01,avg_duration_by_zone_hour,True
128,Inwood Hill Park,22,6,20.319444444444446,20.0,12.316666666666666,26.741666666666667,0.8333333333333334,2026-01,avg_duration_by_zone_hour,True
117,Hammels/Arverne,21,17,49.956862745098036,46.416666666666664,24.45,86.47,0.8235294117647058,2026-01,avg_duration_by_zone_hour,True
117,Hammels/Arverne,20,17,47.83627450980392,52.7,27.233333333333334,65.04333333333334,0.8235294117647058,2026-01,avg_duration_by_zone_hour,True
11,Bath Beach,5,22,43.875757575757575,37.25,23.9,77.12833333333334,0.8181818181818182,2026-01,avg_duration_by_zone_hour,True
128,Inwood Hill Park,12,11,23.222727272727273,19.2,12.7,29.833333333333332,0.8181818181818182,2026-01,avg_duration_by_zone_hour,True
149,Madison,6,26,60.99423076923077,55.958333333333336,28.7,99.775,0.8076923076923077,2026-01,avg_duration_by_zone_hour,True
240,Van Cortlandt Park,16,5,60.263333333333335,54.916666666666664,35.9,83.10666666666667,0.8,2026-01,avg_duration_by_zone_hour,True
156,Mariners Harbor,8,5,49.29,45.85,23.316666666666666,79.86666666666667,0.8,2026-01,avg_duration_by_zone_hour,True
98,Fresh Meadows,5,5,39.68333333333333,42.18333333333333,20.616666666666667,48.56333333333333,0.8,2026-01,avg_duration_by_zone_hour,True
214,South Beach/Dongan Hills,10,5,36.92333333333333,41.65,13.633333333333333,54.34666666666667,0.8,2026-01,avg_duration_by_zone_hour,True
219,Springfield Gardens South,4,15,35.07,32.21666666666667,17.016666666666666,66.99333333333334,0.8,2026-01,avg_duration_by_zone_hour,True
9,Auburndale,5,5,28.190000000000005,29.583333333333332,20.616666666666667,37.803333333333335,0.8,2026-01,avg_duration_by_zone_hour,True
128,Inwood Hill Park,8,15,25.16444444444444,22.366666666666667,12.516666666666667,47.04666666666667,0.8,2026-01,avg_duration_by_zone_hour,True
58,Country Club,23,5,22.386666666666667,22.55,14.6,27.573333333333334,0.8,2026-01,avg_duration_by_zone_hour,True
108,Gravesend,5,14,58.15,50.45,23.9,110.62333333333335,0.7857142857142857,2026-01,avg_duration_by_zone_hour,True
201,Rockaway Park,8,18,77.31759259259259,83.01666666666667,31.55,137.69666666666666,0.7777777777777778,2026-01,avg_duration_by_zone_hour,True
108,Gravesend,19,9,41.5,49.75,21.966666666666665,62.09,0.7777777777777778,2026-01,avg_duration_by_zone_hour,True
32,Bronxdale,19,9,32.40925925925926,26.616666666666667,20.15,55.483333333333334,0.7777777777777778,2026-01,avg_duration_by_zone_hour,True
202,Roosevelt Island,13,27,28.96604938271605,24.733333333333334,12.9,49.540000000000035,0.7777777777777778,2026-01,avg_duration_by_zone_hour,True
202,Roosevelt Island,22,27,27.857407407407408,21.883333333333333,12.316666666666666,44.413333333333334,0.7777777777777778,2026-01,avg_duration_by_zone_hour,True
153,Marble Hill,12,9,26.409259259259258,26.3,12.7,38.083333333333336,0.7777777777777778,2026-01,avg_duration_by_zone_hour,True
128,Inwood Hill Park,19,18,24.35648148148148,20.475,12.333333333333334,36.21833333333335,0.7777777777777778,2026-01,avg_duration_by_zone_hour,True
171,Murray Hill-Queens,3,18,23.631481481481483,26.066666666666666,16.966666666666665,31.323333333333334,0.7777777777777778,2026-01,avg_duration_by_zone_hour,True
202,Roosevelt Island,4,9,21.016666666666666,18.866666666666667,11.75,30.91,0.7777777777777778,2026-01,avg_duration_by_zone_hour,True
202,Roosevelt Island,9,22,30.546969696969697,24.450000000000003,12.266666666666667,51.116666666666674,0.7727272727272727,2026-01,avg_duration_by_zone_hour,True
203,Rosedale,11,13,64.34487179487179,63.1,30.366666666666667,95.11666666666669,0.7692307692307693,2026-01,avg_duration_by_zone_hour,True
124,Howard Beach,4,13,42.07435897435898,39.36666666666667,17.016666666666666,68.94,0.7692307692307693,2026-01,avg_duration_by_zone_hour,True
203,Rosedale,4,13,34.90641025641026,35.86666666666667,17.016666666666666,60.09666666666668,0.7692307692307693,2026-01,avg_duration_by_zone_hour,True
201,Rockaway Park,7,17,70.48235294117647,79.73333333333333,30.45,123.64333333333333,0.7647058823529411,2026-01,avg_duration_by_zone_hour,True
101,Glen Oaks,6,21,48.11031746031746,47.833333333333336,26.433333333333334,81.85,0.7619047619047619,2026-01,avg_duration_by_zone_hour,True
16,Bayside,15,20,63.57416666666667,61.45833333333333,39.85,102.76166666666668,0.75,2026-01,avg_duration_by_zone_hour,True
86,Far Rockaway,18,24,60.052083333333336,53.975,31.691666666666666,101.755,0.75,2026-01,avg_duration_by_zone_hour,True
201,Rockaway Park,20,4,58.170833333333334,62.633333333333326,27.233333333333334,74.00666666666666,0.75,2026-01,avg_duration_by_zone_hour,True
122,Hollis,18,8,56.266666666666666,57.59166666666667,31.691666666666666,87.41666666666667,0.75,2026-01,avg_duration_by_zone_hour,True
251,Westerleigh,7,4,56.11666666666667,58.18333333333334,31.9,87.69500000000001,0.75,2026-01,avg_duration_by_zone_hour,True
150,Manhattan Beach,6,16,55.74166666666667,55.56666666666666,28.7,90.25,0.75,2026-01,avg_duration_by_zone_hour,True
240,Van Cortlandt Park,12,8,51.15208333333333,58.94166666666666,34.68333333333334,67.44999999999999,0.75,2026-01,avg_duration_by_zone_hour,True
15,Bay Terrace/Fort Totten,19,4,48.512499999999996,47.7,29.2,67.40166666666667,0.75,2026-01,avg_duration_by_zone_hour,True
194,Randalls Island,15,12,28.319444444444443,25.43333333333333,13.083333333333334,49.435,0.75,2026-01,avg_duration_by_zone_hour,True
221,Stapleton,9,4,27.258333333333333,19.96666666666667,13.716666666666667,46.44333333333334,0.75,2026-01,avg_duration_by_zone_hour,True
52,Cobble Hill,4,4,26.174999999999997,26.891666666666666,19.433333333333334,31.68,0.75,2026-01,avg_duration_by_zone_hour,True
194,Randalls Island,16,12,25.25,20.416666666666664,13.033333333333333,37.55166666666667,0.75,2026-01,avg_duration_by_zone_hour,True
6,Arrochar/Fort Wadsworth,15,4,25.15,20.366666666666667,14.45,40.473333333333336,0.75,2026-01,avg_duration_by_zone_hour,True
120,Highbridge Park,17,4,22.05,20.275,13.183333333333334,29.378333333333334,0.75,2026-01,avg_duration_by_zone_hour,True
183,Pelham Bay,3,4,19.6625,21.241666666666667,14.666666666666666,22.94,0.75,2026-01,avg_duration_by_zone_hour,True
185,Pelham Parkway,2,4,19.2875,22.03333333333333,14.0,26.103333333333335,0.75,2026-01,avg_duration_by_zone_hour,True
120,Highbridge Park,8,4,17.6625,19.15,12.516666666666667,23.381666666666668,0.75,2026-01,avg_duration_by_zone_hour,True
222,Starrett City,4,23,43.87898550724638,35.81666666666667,19.433333333333334,84.06,0.7391304347826086,2026-01,avg_duration_by_zone_hour,True
203,Rosedale,18,19,55.71929824561404,59.21666666666667,31.691666666666666,82.77000000000001,0.7368421052631579,2026-01,avg_duration_by_zone_hour,True
123,Homecrest,6,15,55.57111111111111,56.68333333333333,28.7,98.03999999999999,0.7333333333333333,2026-01,avg_duration_by_zone_hour,True
139,Laurelton,5,26,50.340384615384615,50.69166666666666,20.616666666666667,80.2,0.7307692307692307,2026-01,avg_duration_by_zone_hour,True
202,Roosevelt Island,20,26,24.12371794871795,23.866666666666667,12.166666666666666,35.06666666666666,0.7307692307692307,2026-01,avg_duration_by_zone_hour,True
218,Springfield Gardens North,21,22,47.03560606060606,49.68333333333334,24.45,66.765,0.7272727272727273,2026-01,avg_duration_by_zone_hour,True
202,Roosevelt Island,1,11,26.227272727272727,21.216666666666665,11.583333333333334,45.35,0.7272727272727273,2026-01,avg_duration_by_zone_hour,True
139,Laurelton,11,29,51.891379310344824,50.28333333333333,30.366666666666667,84.36999999999999,0.7241379310344828,2026-01,avg_duration_by_zone_hour,True
12,Battery Park,18,29,23.260919540229885,23.133333333333333,12.733333333333333,37.04,0.7241379310344828,2026-01,avg_duration_by_zone_hour,True
128,Inwood Hill Park,23,18,19.86574074074074,17.816666666666666,12.066666666666666,25.12333333333334,0.7222222222222222,2026-01,avg_duration_by_zone_hour,True
20,Belmont,16,28,66.0952380952381,57.025000000000006,35.9,111.16666666666666,0.7142857142857143,2026-01,avg_duration_by_zone_hour,True
218,Springfield Gardens North,2,7,37.214285714285715,34.03333333333333,17.116666666666667,71.22666666666666,0.7142857142857143,2026-01,avg_duration_by_zone_hour,True
254,Williamsbridge/Olinville,2,7,30.947619047619046,19.816666666666666,14.0,57.396666666666675,0.7142857142857143,2026-01,avg_duration_by_zone_hour,True
265,Outside of NYC,11,21,30.486507936507937,22.883333333333333,13.216666666666667,55.61666666666667,0.7142857142857143,2026-01,avg_duration_by_zone_hour,True
128,Inwood Hill Park,18,14,30.21904761904762,21.808333333333334,12.733333333333333,47.713333333333345,0.7142857142857143,2026-01,avg_duration_by_zone_hour,True
222,Starrett City,0,7,30.188095238095237,26.433333333333334,19.533333333333335,42.74333333333334,0.7142857142857143,2026-01,avg_duration_by_zone_hour,True
194,Randalls Island,10,7,28.6547619047619,31.766666666666666,12.3,48.35666666666667,0.7142857142857143,2026-01,avg_duration_by_zone_hour,True
51,Co-Op City,1,14,23.877380952380953,20.1,13.65,36.64333333333333,0.7142857142857143,2026-01,avg_duration_by_zone_hour,True
153,Marble Hill,17,7,21.176190476190474,21.666666666666668,13.183333333333334,35.480000000000004,0.7142857142857143,2026-01,avg_duration_by_zone_hour,True
120,Highbridge Park,7,7,19.26666666666667,15.583333333333334,11.566666666666666,30.92666666666667,0.7142857142857143,2026-01,avg_duration_by_zone_hour,True
38,Cambria Heights,5,24,53.50277777777777,56.358333333333334,20.616666666666667,95.78999999999999,0.7083333333333334,2026-01,avg_duration_by_zone_hour,True
265,Outside of NYC,8,24,26.10972222222222,20.775,13.733333333333333,59.41333333333332,0.7083333333333334,2026-01,avg_duration_by_zone_hour,True
139,Laurelton,12,17,45.36960784313725,51.31666666666667,30.666666666666668,72.06666666666666,0.7058823529411765,2026-01,avg_duration_by_zone_hour,True
222,Starrett City,16,27,51.20493827160494,48.5,27.65,94.03000000000004,0.7037037037037037,2026-01,avg_duration_by_zone_hour,True
19,Bellerose,5,10,59.85,61.333333333333336,20.616666666666667,105.58166666666665,0.7,2026-01,avg_duration_by_zone_hour,True
108,Gravesend,18,10,49.14833333333333,40.175,23.125,93.91833333333332,0.7,2026-01,avg_duration_by_zone_hour,True
38,Cambria Heights,13,10,46.181666666666665,50.733333333333334,32.25,69.32,0.7,2026-01,avg_duration_by_zone_hour,True
201,Rockaway Park,13,13,59.635897435897434,71.46666666666667,32.25,94.86333333333334,0.6923076923076923,2026-01,avg_duration_by_zone_hour,True
178,Ocean Parkway South,6,13,50.66410256410256,47.733333333333334,28.7,98.25666666666667,0.6923076923076923,2026-01,avg_duration_by_zone_hour,True
252,Whitestone,5,16,44.725,36.55,20.616666666666667,85.68333333333334,0.6875,2026-01,avg_duration_by_zone_hour,True
201,Rockaway Park,9,19,60.729824561403504,56.1,31.491666666666667,108.24333333333333,0.6842105263157895,2026-01,avg_duration_by_zone_hour,True
265,Outside of NYC,21,19,35.67719298245614,43.166666666666664,12.0,61.89999999999999,0.6842105263157895,2026-01,avg_duration_by_zone_hour,True
201,Rockaway Park,12,22,59.90151515151515,54.19166666666666,30.666666666666668,102.885,0.6818181818181818,2026-01,avg_duration_by_zone_hour,True
31,Bronx Park,14,9,71.43333333333334,72.75,34.18333333333334,109.48,0.6666666666666666,2026-01,avg_duration_by_zone_hour,True
31,Bronx Park,17,3,64.45,38.78333333333333,28.3,112.02333333333334,0.6666666666666666,2026-01,avg_duration_by_zone_hour,True
20,Belmont,11,21,63.89761904761905,59.166666666666664,38.083333333333336,104.2,0.6666666666666666,2026-01,avg_duration_by_zone_hour,True
31,Bronx Park,13,3,61.18888888888889,45.483333333333334,32.93333333333333,92.03,0.6666666666666666,2026-01,avg_duration_by_zone_hour,True
58,Country Club,6,3,60.36111111111111,51.916666666666664,32.516666666666666,92.54333333333334,0.6666666666666666,2026-01,avg_duration_by_zone_hour,True
240,Van Cortlandt Park,11,6,60.15277777777777,60.075,38.083333333333336,78.9,0.6666666666666666,2026-01,avg_duration_by_zone_hour,True
153,Marble Hill,11,3,59.37777777777777,75.9,12.716666666666667,90.19333333333333,0.6666666666666666,2026-01,avg_duration_by_zone_hour,True
183,Pelham Bay,12,3,57.638888888888886,73.96666666666667,34.68333333333334,82.80666666666667,0.6666666666666666,2026-01,avg_duration_by_zone_hour,True
108,Gravesend,15,24,56.19722222222222,55.13333333333333,26.7,108.09166666666667,0.6666666666666666,2026-01,avg_duration_by_zone_hour,True
171,Murray Hill-Queens,10,15,53.84111111111111,44.8,30.966666666666665,106.52333333333333,0.6666666666666666,2026-01,avg_duration_by_zone_hour,True
183,Pelham Bay,15,6,53.830555555555556,50.575,33.849999999999994,91.80833333333334,0.6666666666666666,2026-01,avg_duration_by_zone_hour,True
214,South Beach/Dongan Hills,14,3,53.199999999999996,48.03333333333333,14.316666666666666,90.18,0.6666666666666666,2026-01,avg_duration_by_zone_hour,True
96,Forest Park/Highland Park,7,12,52.68194444444444,51.625,30.45,91.84666666666668,0.6666666666666666,2026-01,avg_duration_by_zone_hour,True
201,Rockaway Park,11,18,52.20092592592593,48.63333333333334,30.366666666666667,91.865,0.6666666666666666,2026-01,avg_duration_by_zone_hour,True
38,Cambria Heights,12,9,51.93703703703704,42.55,30.666666666666668,97.38333333333334,0.6666666666666666,2026-01,avg_duration_by_zone_hour,True
203,Rosedale,10,24,51.922222222222224,48.925,30.966666666666665,88.10833333333333,0.6666666666666666,2026-01,avg_duration_by_zone_hour,True
245,West Brighton,7,3,51.24444444444445,56.95,31.9,60.00333333333333,0.6666666666666666,2026-01,avg_duration_by_zone_hour,True
59,Crotona Park,6,3,49.22222222222222,48.18333333333333,32.516666666666666,62.61,0.6666666666666666,2026-01,avg_duration_by_zone_hour,True
98,Fresh Meadows,6,15,46.48222222222223,43.1,26.433333333333334,98.61999999999999,0.6666666666666666,2026-01,avg_duration_by_zone_hour,True
59,Crotona Park,21,3,46.30555555555555,60.233333333333334,17.333333333333332,63.3,0.6666666666666666,2026-01,avg_duration_by_zone_hour,True
38,Cambria Heights,21,3,46.27777777777777,37.46666666666667,24.45,82.98666666666666,0.6666666666666666,2026-01,avg_duration_by_zone_hour,True
46,City Island,17,3,44.355555555555554,48.95,28.3,55.20333333333333,0.6666666666666666,2026-01,avg_duration_by_zone_hour,True
3,Allerton/Pelham Gardens,3,9,43.077777777777776,57.05,14.666666666666666,65.03,0.6666666666666666,2026-01,avg_duration_by_zone_hour,True
30,Broad Channel,18,3,38.72222222222222,40.2,31.691666666666666,47.906666666666666,0.6666666666666666,2026-01,avg_duration_by_zone_hour,True
153,Marble Hill,14,15,38.31111111111111,20.366666666666667,12.95,97.76,0.6666666666666666,2026-01,avg_duration_by_zone_hour,True
222,Starrett City,3,6,38.30277777777778,39.175,18.866666666666667,63.05,0.6666666666666666,2026-01,avg_duration_by_zone_hour,True
32,Bronxdale,21,27,37.217901234567904,35.266666666666666,17.333333333333332,61.83333333333335,0.6666666666666666,2026-01,avg_duration_by_zone_hour,True
214,South Beach/Dongan Hills,15,6,34.03611111111111,24.558333333333334,14.45,65.45833333333333,0.6666666666666666,2026-01,avg_duration_by_zone_hour,True
156,Mariners Harbor,14,3,32.75555555555555,19.666666666666668,14.316666666666666,57.78666666666667,0.6666666666666666,2026-01,avg_duration_by_zone_hour,True
153,Marble Hill,19,9,32.69444444444444,25.916666666666668,12.333333333333334,61.45666666666668,0.6666666666666666,2026-01,avg_duration_by_zone_hour,True
15,Bay Terrace/Fort Totten,5,3,30.12777777777778,40.3,20.616666666666667,43.31333333333333,0.6666666666666666,2026-01,avg_duration_by_zone_hour,True
252,Whitestone,4,9,27.892592592592592,32.983333333333334,17.016666666666666,40.67333333333333,0.6666666666666666,2026-01,avg_duration_by_zone_hour,True
96,Forest Park/Highland Park,5,3,27.633333333333336,28.583333333333332,20.616666666666667,37.583333333333336,0.6666666666666666,2026-01,avg_duration_by_zone_hour,True
153,Marble Hill,20,9,25.98148148148148,23.716666666666665,12.166666666666666,48.61,0.6666666666666666,2026-01,avg_duration_by_zone_hour,True
31,Bronx Park,21,3,23.61111111111111,22.9,17.333333333333332,28.75333333333333,0.6666666666666666,2026-01,avg_duration_by_zone_hour,True
81,Eastchester,2,6,23.32777777777778,22.933333333333334,14.0,31.408333333333335,0.6666666666666666,2026-01,avg_duration_by_zone_hour,True
11,Bath Beach,4,3,22.311111111111114,27.783333333333335,19.433333333333334,31.05,0.6666666666666666,2026-01,avg_duration_by_zone_hour,True
1,Newark Airport,18,3,21.399999999999995,19.35,13.666666666666666,36.49666666666667,0.6666666666666666,2026-01,avg_duration_by_zone_hour,True
128,Inwood Hill Park,6,3,20.73888888888889,21.333333333333332,10.75,26.626666666666665,0.6666666666666666,2026-01,avg_duration_by_zone_hour,True
20,Belmont,3,6,20.447222222222223,20.358333333333334,14.666666666666666,28.725,0.6666666666666666,2026-01,avg_duration_by_zone_hour,True
115,Grymes Hill/Clifton,5,3,19.894444444444446,24.583333333333332,13.683333333333334,25.61,0.6666666666666666,2026-01,avg_duration_by_zone_hour,True
202,Roosevelt Island,2,3,19.8,23.066666666666666,11.416666666666666,24.613333333333333,0.6666666666666666,2026-01,avg_duration_by_zone_hour,True
46,City Island,0,6,19.747222222222224,18.191666666666666,13.666666666666666,26.09166666666667,0.6666666666666666,2026-01,avg_duration_by_zone_hour,True
240,Van Cortlandt Park,4,3,19.67222222222222,27.266666666666666,21.066666666666666,29.773333333333333,0.6666666666666666,2026-01,avg_duration_by_zone_hour,True
3,Allerton/Pelham Gardens,2,3,18.82222222222222,21.516666666666666,14.0,24.076666666666664,0.6666666666666666,2026-01,avg_duration_by_zone_hour,True
214,South Beach/Dongan Hills,20,3,18.344444444444445,17.616666666666667,13.266666666666667,23.736666666666665,0.6666666666666666,2026-01,avg_duration_by_zone_hour,True
51,Co-Op City,2,6,17.916666666666668,18.366666666666667,14.0,22.9,0.6666666666666666,2026-01,avg_duration_by_zone_hour,True
221,Stapleton,23,3,17.894444444444442,19.466666666666665,13.333333333333334,22.893333333333334,0.6666666666666666,2026-01,avg_duration_by_zone_hour,True
94,Fordham South,2,3,17.23888888888889,22.033333333333335,14.0,22.846666666666668,0.6666666666666666,2026-01,avg_duration_by_zone_hour,True
94,Fordham South,3,3,16.400000000000002,18.483333333333334,14.666666666666666,19.003333333333334,0.6666666666666666,2026-01,avg_duration_by_zone_hour,True
214,South Beach/Dongan Hills,16,3,15.827777777777778,20.216666666666665,14.383333333333333,20.696666666666665,0.6666666666666666,2026-01,avg_duration_by_zone_hour,True
155,Marine Park/Mill Basin,5,26,50.13269230769231,43.09166666666667,23.9,102.74166666666667,0.6538461538461539,2026-01,avg_duration_by_zone_hour,True
265,Outside of NYC,13,26,32.44423076923077,21.6,12.266666666666667,70.275,0.6538461538461539,2026-01,avg_duration_by_zone_hour,True
203,Rosedale,17,23,45.688405797101446,53.766666666666666,37.016666666666666,67.66333333333333,0.6521739130434783,2026-01,avg_duration_by_zone_hour,True
265,Outside of NYC,6,23,27.62826086956522,19.016666666666666,10.45,64.23333333333333,0.6521739130434783,2026-01,avg_duration_by_zone_hour,True
12,Battery Park,10,23,23.315217391304348,21.333333333333332,12.3,35.06333333333333,0.6521739130434783,2026-01,avg_duration_by_zone_hour,True
67,Dyker Heights,19,17,28.750980392156862,30.0,21.966666666666665,39.02666666666667,0.6470588235294118,2026-01,avg_duration_by_zone_hour,True
21,Bensonhurst East,6,28,51.31130952380953,49.25833333333333,28.7,102.08166666666666,0.6428571428571429,2026-01,avg_duration_by_zone_hour,True
86,Far Rockaway,20,14,43.595238095238095,47.483333333333334,27.233333333333334,68.98666666666666,0.6428571428571429,2026-01,avg_duration_by_zone_hour,True
81,Eastchester,22,14,40.885714285714286,28.741666666666667,16.266666666666666,87.08833333333338,0.6428571428571429,2026-01,avg_duration_by_zone_hour,True
190,Prospect Park,6,14,37.91309523809524,38.88333333333333,28.7,57.52,0.6428571428571429,2026-01,avg_duration_by_zone_hour,True
259,Woodlawn/Wakefield,18,11,50.74545454545455,40.05,23.45,116.55,0.6363636363636364,2026-01,avg_duration_by_zone_hour,True
252,Whitestone,10,11,38.61666666666667,42.766666666666666,30.966666666666665,66.08333333333333,0.6363636363636364,2026-01,avg_duration_by_zone_hour,True
122,Hollis,4,22,34.037121212121214,33.0,17.016666666666666,61.080000000000005,0.6363636363636364,2026-01,avg_duration_by_zone_hour,True
265,Outside of NYC,9,22,19.80909090909091,17.875,13.116666666666667,33.253333333333345,0.6363636363636364,2026-01,avg_duration_by_zone_hour,True
124,Howard Beach,5,19,44.92368421052631,29.466666666666665,20.616666666666667,81.23333333333332,0.631578947368421,2026-01,avg_duration_by_zone_hour,True
38,Cambria Heights,11,16,56.12708333333333,47.65833333333333,30.366666666666667,101.94999999999999,0.625,2026-01,avg_duration_by_zone_hour,True
38,Cambria Heights,17,16,53.46458333333333,55.358333333333334,37.016666666666666,79.56666666666666,0.625,2026-01,avg_duration_by_zone_hour,True
11,Bath Beach,6,8,48.52708333333334,58.108333333333334,28.7,75.975,0.625,2026-01,avg_duration_by_zone_hour,True
203,Rosedale,12,24,48.136805555555554,52.04166666666667,30.666666666666668,85.89333333333333,0.625,2026-01,avg_duration_by_zone_hour,True
15,Bay Terrace/Fort Totten,14,8,45.239583333333336,54.1,36.11666666666667,72.17666666666666,0.625,2026-01,avg_duration_by_zone_hour,True
200,Riverdale/North Riverdale/Fieldston,5,8,43.90625,54.94166666666666,30.85,62.035,0.625,2026-01,avg_duration_by_zone_hour,True
240,Van Cortlandt Park,5,8,41.51875,44.75,30.85,63.63166666666666,0.625,2026-01,avg_duration_by_zone_hour,True
55,Coney Island,22,16,39.546875,32.983333333333334,20.15,70.21666666666667,0.625,2026-01,avg_duration_by_zone_hour,True
153,Marble Hill,15,8,33.891666666666666,22.633333333333333,13.083333333333334,64.64333333333332,0.625,2026-01,avg_duration_by_zone_hour,True
195,Red Hook,2,8,26.977083333333333,27.291666666666664,18.566666666666666,38.39333333333333,0.625,2026-01,avg_duration_by_zone_hour,True
120,Highbridge Park,9,8,26.3125,23.241666666666667,12.266666666666667,40.59166666666666,0.625,2026-01,avg_duration_by_zone_hour,True
12,Battery Park,23,8,24.48125,16.133333333333333,12.066666666666666,41.93333333333332,0.625,2026-01,avg_duration_by_zone_hour,True
254,Williamsbridge/Olinville,1,8,22.78125,20.125,13.65,35.70166666666666,0.625,2026-01,avg_duration_by_zone_hour,True
259,Woodlawn/Wakefield,0,8,21.820833333333333,17.96666666666667,13.666666666666666,33.93,0.625,2026-01,avg_duration_by_zone_hour,True
128,Inwood Hill Park,7,8,21.4,18.333333333333332,11.566666666666666,34.495,0.625,2026-01,avg_duration_by_zone_hour,True
94,Fordham South,5,29,44.61034482758621,49.18333333333333,30.85,69.15333333333334,0.6206896551724138,2026-01,avg_duration_by_zone_hour,True
203,Rosedale,20,13,39.878205128205124,35.85,27.233333333333334,53.440000000000005,0.6153846153846154,2026-01,avg_duration_by_zone_hour,True
203,Rosedale,19,13,39.19102564102564,41.833333333333336,29.2,65.51,0.6153846153846154,2026-01,avg_duration_by_zone_hour,True
38,Cambria Heights,18,18,46.60277777777778,46.03333333333333,31.691666666666666,71.91833333333334,0.6111111111111112,2026-01,avg_duration_by_zone_hour,True
136,Kingsbridge Heights,17,18,42.07685185185185,39.025000000000006,28.3,78.70833333333333,0.6111111111111112,2026-01,avg_duration_by_zone_hour,True
242,Van Nest/Morris Park,22,18,24.814814814814813,24.391666666666666,16.266666666666666,37.49333333333333,0.6111111111111112,2026-01,avg_duration_by_zone_hour,True
69,East Concourse/Concourse Village,4,23,49.12173913043478,28.883333333333333,21.066666666666666,88.67333333333335,0.6086956521739131,2026-01,avg_duration_by_zone_hour,True
3,Allerton/Pelham Gardens,5,23,47.68550724637681,47.65,30.85,85.60000000000001,0.6086956521739131,2026-01,avg_duration_by_zone_hour,True
124,Howard Beach,10,28,49.730357142857144,42.3,30.966666666666665,89.21666666666667,0.6071428571428571,2026-01,avg_duration_by_zone_hour,True
254,Williamsbridge/Olinville,20,28,34.33869047619048,26.483333333333334,17.916666666666668,62.17333333333334,0.6071428571428571,2026-01,avg_duration_by_zone_hour,True
182,Parkchester,21,28,32.525,32.68333333333334,17.333333333333332,61.501666666666665,0.6071428571428571,2026-01,avg_duration_by_zone_hour,True
20,Belmont,15,20,62.89666666666667,55.06666666666666,33.849999999999994,133.3516666666667,0.6,2026-01,avg_duration_by_zone_hour,True
3,Allerton/Pelham Gardens,12,25,55.918,51.78333333333333,34.68333333333334,90.12,0.6,2026-01,avg_duration_by_zone_hour,True
81,Eastchester,10,25,53.681333333333335,52.083333333333336,36.84166666666667,89.19333333333333,0.6,2026-01,avg_duration_by_zone_hour,True
64,Douglaston,10,5,53.620000000000005,64.93333333333334,30.966666666666665,81.59666666666668,0.6,2026-01,avg_duration_by_zone_hour,True
46,City Island,10,5,52.80333333333333,48.2,36.84166666666667,78.59333333333333,0.6,2026-01,avg_duration_by_zone_hour,True
98,Fresh Meadows,7,20,50.55,48.358333333333334,30.45,83.64000000000001,0.6,2026-01,avg_duration_by_zone_hour,True
15,Bay Terrace/Fort Totten,9,10,48.555,43.475,31.491666666666667,63.97166666666666,0.6,2026-01,avg_duration_by_zone_hour,True
175,Oakland Gardens,19,5,45.74333333333333,55.333333333333336,29.2,79.51666666666667,0.6,2026-01,avg_duration_by_zone_hour,True
178,Ocean Parkway South,5,5,39.8,31.066666666666666,23.9,68.74000000000001,0.6,2026-01,avg_duration_by_zone_hour,True
38,Cambria Heights,20,5,39.11333333333333,40.333333333333336,27.233333333333334,65.5,0.6,2026-01,avg_duration_by_zone_hour,True
139,Laurelton,21,5,32.02333333333333,36.03333333333333,24.45,51.84,0.6,2026-01,avg_duration_by_zone_hour,True
10,Baisley Park,4,20,29.69166666666667,28.608333333333334,17.016666666666666,58.92333333333333,0.6,2026-01,avg_duration_by_zone_hour,True
22,Bensonhurst West,4,5,28.71666666666667,27.35,19.433333333333334,40.86333333333334,0.6,2026-01,avg_duration_by_zone_hour,True
191,Queens Village,21,20,28.616666666666667,31.441666666666666,24.45,43.34500000000002,0.6,2026-01,avg_duration_by_zone_hour,True
182,Parkchester,0,5,26.93,29.366666666666667,13.666666666666666,41.85,0.6,2026-01,avg_duration_by_zone_hour,True
194,Randalls Island,14,10,24.32,24.458333333333336,12.95,42.68333333333333,0.6,2026-01,avg_duration_by_zone_hour,True
108,Gravesend,2,5,23.09,26.3,18.566666666666666,35.2,0.6,2026-01,avg_duration_by_zone_hour,True
102,Glendale,3,5,21.22,23.083333333333332,16.966666666666665,31.049999999999997,0.6,2026-01,avg_duration_by_zone_hour,True
220,Spuyten Duyvil/Kingsbridge,2,5,19.836666666666666,17.9,14.0,31.143333333333334,0.6,2026-01,avg_duration_by_zone_hour,True
3,Allerton/Pelham Gardens,0,5,19.75,18.0,13.666666666666666,29.14666666666667,0.6,2026-01,avg_duration_by_zone_hour,True
153,Marble Hill,21,5,17.676666666666666,21.433333333333334,12.166666666666666,22.849999999999998,0.6,2026-01,avg_duration_by_zone_hour,True
194,Randalls Island,22,5,17.423333333333336,16.366666666666667,12.316666666666666,24.48,0.6,2026-01,avg_duration_by_zone_hour,True
6,Arrochar/Fort Wadsworth,11,5,15.893333333333334,19.1,13.8,24.893333333333334,0.6,2026-01,avg_duration_by_zone_hour,True
153,Marble Hill,23,5,15.676666666666666,17.666666666666668,12.066666666666666,19.073333333333334,0.6,2026-01,avg_duration_by_zone_hour,True
147,Longwood,11,27,50.556790123456786,51.483333333333334,38.083333333333336,70.6966666666667,0.5925925925925926,2026-01,avg_duration_by_zone_hour,True
122,Hollis,9,27,45.97777777777778,46.53333333333333,31.491666666666667,76.88666666666668,0.5925925925925926,2026-01,avg_duration_by_zone_hour,True
175,Oakland Gardens,6,27,45.96975308641976,50.5,26.433333333333334,76.94,0.5925925925925926,2026-01,avg_duration_by_zone_hour,True
108,Gravesend,16,22,47.0,41.90833333333333,27.65,73.56833333333333,0.5909090909090909,2026-01,avg_duration_by_zone_hour,True
38,Cambria Heights,14,17,56.34411764705882,49.7,36.11666666666667,90.25333333333334,0.5882352941176471,2026-01,avg_duration_by_zone_hour,True
136,Kingsbridge Heights,18,17,37.69411764705882,34.53333333333333,23.45,59.49666666666667,0.5882352941176471,2026-01,avg_duration_by_zone_hour,True
11,Bath Beach,7,29,44.99080459770115,42.95,29.2,89.85333333333332,0.5862068965517241,2026-01,avg_duration_by_zone_hour,True
26,Borough Park,6,29,42.251724137931035,38.75,28.7,81.6,0.5862068965517241,2026-01,avg_duration_by_zone_hour,True
259,Woodlawn/Wakefield,15,24,51.980555555555554,50.30833333333334,33.849999999999994,82.39,0.5833333333333334,2026-01,avg_duration_by_zone_hour,True
86,Far Rockaway,19,24,47.10138888888889,52.425,29.2,83.13,0.5833333333333334,2026-01,avg_duration_by_zone_hour,True
241,Van Cortlandt Village,20,24,34.236805555555556,30.991666666666667,17.916666666666668,62.92999999999999,0.5833333333333334,2026-01,avg_duration_by_zone_hour,True
205,Saint Albans,3,24,28.43263888888889,27.416666666666668,16.966666666666665,53.638333333333335,0.5833333333333334,2026-01,avg_duration_by_zone_hour,True
12,Battery Park,9,24,20.355555555555558,16.925,12.266666666666667,31.326666666666668,0.5833333333333334,2026-01,avg_duration_by_zone_hour,True
12,Battery Park,19,12,16.819444444444446,15.941666666666666,12.333333333333334,27.526666666666667,0.5833333333333334,2026-01,avg_duration_by_zone_hour,True
3,Allerton/Pelham Gardens,11,19,54.040350877192985,54.2,38.083333333333336,102.09666666666666,0.5789473684210527,2026-01,avg_duration_by_zone_hour,True
78,East Tremont,4,19,48.97280701754386,44.833333333333336,21.066666666666666,82.49,0.5789473684210527,2026-01,avg_duration_by_zone_hour,True
208,Schuylerville/Edgewater Park,19,19,31.712280701754384,32.38333333333333,20.15,56.15,0.5789473684210527,2026-01,avg_duration_by_zone_hour,True
241,Van Cortlandt Village,5,26,49.541666666666664,45.05,30.85,99.73333333333333,0.5769230769230769,2026-01,avg_duration_by_zone_hour,True
183,Pelham Bay,6,26,48.34551282051282,47.65833333333333,32.516666666666666,80.69166666666666,0.5769230769230769,2026-01,avg_duration_by_zone_hour,True
182,Parkchester,20,26,27.678846153846152,23.55,17.916666666666668,44.74166666666667,0.5769230769230769,2026-01,avg_duration_by_zone_hour,True
265,Outside of NYC,12,26,27.42948717948718,18.833333333333332,12.033333333333333,61.55,0.5769230769230769,2026-01,avg_duration_by_zone_hour,True
9,Auburndale,8,14,56.74523809523809,77.67500000000001,31.55,89.75333333333333,0.5714285714285714,2026-01,avg_duration_by_zone_hour,True
150,Manhattan Beach,8,21,49.19920634920635,38.11666666666667,28.083333333333332,97.41666666666667,0.5714285714285714,2026-01,avg_duration_by_zone_hour,True
171,Murray Hill-Queens,11,21,45.53015873015873,52.06666666666667,30.366666666666667,78.01666666666667,0.5714285714285714,2026-01,avg_duration_by_zone_hour,True
240,Van Cortlandt Park,6,14,44.76309523809523,43.65,32.516666666666666,73.27500000000002,0.5714285714285714,2026-01,avg_duration_by_zone_hour,True
9,Auburndale,9,14,44.332142857142856,46.06666666666666,31.491666666666667,72.22166666666668,0.5714285714285714,2026-01,avg_duration_by_zone_hour,True
73,East Flushing,19,7,40.121428571428574,48.4,29.2,63.77666666666667,0.5714285714285714,2026-01,avg_duration_by_zone_hour,True
9,Auburndale,18,7,37.62619047619047,40.083333333333336,31.691666666666666,59.99666666666668,0.5714285714285714,2026-01,avg_duration_by_zone_hour,True
154,Marine Park/Floyd Bennett Field,14,7,36.878571428571426,35.55,27.0,64.16333333333334,0.5714285714285714,2026-01,avg_duration_by_zone_hour,True
73,East Flushing,11,7,36.53333333333334,41.0,30.366666666666667,62.59,0.5714285714285714,2026-01,avg_duration_by_zone_hour,True
200,Riverdale/North Riverdale/Fieldston,3,7,34.55,38.06666666666667,14.666666666666666,58.92333333333333,0.5714285714285714,2026-01,avg_duration_by_zone_hour,True
47,Claremont/Bathgate,19,21,34.5484126984127,25.533333333333335,20.15,78.48333333333333,0.5714285714285714,2026-01,avg_duration_by_zone_hour,True
115,Grymes Hill/Clifton,6,7,31.08571428571429,36.733333333333334,24.4,48.13333333333333,0.5714285714285714,2026-01,avg_duration_by_zone_hour,True
91,Flatlands,3,21,30.81904761904762,30.0,18.866666666666667,39.36666666666667,0.5714285714285714,2026-01,avg_duration_by_zone_hour,True
81,Eastchester,20,21,28.51746031746032,23.983333333333334,17.916666666666668,47.21666666666667,0.5714285714285714,2026-01,avg_duration_by_zone_hour,True
222,Starrett City,1,7,24.004761904761903,25.966666666666665,19.333333333333332,32.89666666666667,0.5714285714285714,2026-01,avg_duration_by_zone_hour,True
12,Battery Park,21,14,17.61190476190476,16.433333333333334,12.166666666666666,25.768333333333338,0.5714285714285714,2026-01,avg_duration_by_zone_hour,True
202,Roosevelt Island,3,7,14.761904761904761,16.816666666666666,11.35,19.486666666666665,0.5714285714285714,2026-01,avg_duration_by_zone_hour,True
81,Eastchester,16,23,70.26159420289855,76.26666666666667,35.9,139.98000000000002,0.5652173913043478,2026-01,avg_duration_by_zone_hour,True
108,Gravesend,12,23,43.04420289855072,41.483333333333334,27.7,72.28333333333335,0.5652173913043478,2026-01,avg_duration_by_zone_hour,True
81,Eastchester,17,23,42.68840579710145,36.25,28.3,93.22000000000003,0.5652173913043478,2026-01,avg_duration_by_zone_hour,True
257,Windsor Terrace,15,16,44.161458333333336,36.84166666666667,26.7,67.975,0.5625,2026-01,avg_duration_by_zone_hour,True
11,Bath Beach,10,16,40.125,45.55,28.55,61.95833333333333,0.5625,2026-01,avg_duration_by_zone_hour,True
19,Bellerose,18,16,36.825,42.099999999999994,31.691666666666666,56.93333333333334,0.5625,2026-01,avg_duration_by_zone_hour,True
15,Bay Terrace/Fort Totten,7,16,36.18125,41.858333333333334,30.45,58.5,0.5625,2026-01,avg_duration_by_zone_hour,True
259,Woodlawn/Wakefield,23,16,22.802083333333332,20.59166666666667,14.6,38.50833333333333,0.5625,2026-01,avg_duration_by_zone_hour,True
32,Bronxdale,11,25,56.20066666666666,58.016666666666666,38.083333333333336,90.15666666666668,0.56,2026-01,avg_duration_by_zone_hour,True
185,Pelham Parkway,5,25,43.428000000000004,39.88333333333333,30.85,74.33666666666669,0.56,2026-01,avg_duration_by_zone_hour,True
259,Woodlawn/Wakefield,14,18,58.778703703703705,44.00833333333333,34.18333333333334,126.36333333333334,0.5555555555555556,2026-01,avg_duration_by_zone_hour,True
67,Dyker Heights,15,27,47.354938271604944,42.31666666666667,26.7,95.46000000000002,0.5555555555555556,2026-01,avg_duration_by_zone_hour,True
221,Stapleton,7,18,39.55462962962963,40.516666666666666,31.9,66.42333333333333,0.5555555555555556,2026-01,avg_duration_by_zone_hour,True
32,Bronxdale,18,27,37.93888888888888,32.31666666666667,23.45,83.01,0.5555555555555556,2026-01,avg_duration_by_zone_hour,True
15,Bay Terrace/Fort Totten,11,9,34.959259259259255,38.833333333333336,30.366666666666667,65.57666666666667,0.5555555555555556,2026-01,avg_duration_by_zone_hour,True
32,Bronxdale,20,9,32.474074074074075,32.85,17.916666666666668,56.24666666666667,0.5555555555555556,2026-01,avg_duration_by_zone_hour,True
185,Pelham Parkway,20,18,32.11481481481482,29.65,17.916666666666668,50.42666666666668,0.5555555555555556,2026-01,avg_duration_by_zone_hour,True
218,Springfield Gardens North,3,9,28.618518518518517,23.65,16.966666666666665,59.12666666666667,0.5555555555555556,2026-01,avg_duration_by_zone_hour,True
86,Far Rockaway,2,9,27.80185185185185,23.383333333333333,17.116666666666667,53.42666666666667,0.5555555555555556,2026-01,avg_duration_by_zone_hour,True
38,Cambria Heights,22,9,26.535185185185185,29.75,23.775,39.63333333333333,0.5555555555555556,2026-01,avg_duration_by_zone_hour,True
220,Spuyten Duyvil/Kingsbridge,1,18,16.93425925925926,17.858333333333334,13.65,22.06,0.5555555555555556,2026-01,avg_duration_by_zone_hour,True
94,Fordham South,17,11,48.91969696969697,41.36666666666667,28.3,113.45,0.5454545454545454,2026-01,avg_duration_by_zone_hour,True
220,Spuyten Duyvil/Kingsbridge,5,22,46.70227272727273,49.016666666666666,30.85,70.28166666666668,0.5454545454545454,2026-01,avg_duration_by_zone_hour,True
122,Hollis,13,22,41.96969696969697,46.725,32.25,81.85166666666669,0.5454545454545454,2026-01,avg_duration_by_zone_hour,True
214,South Beach/Dongan Hills,8,11,39.51969696969697,31.95,23.316666666666666,67.7,0.5454545454545454,2026-01,avg_duration_by_zone_hour,True
147,Longwood,21,11,25.178787878787876,22.583333333333332,17.333333333333332,51.1,0.5454545454545454,2026-01,avg_duration_by_zone_hour,True
55,Coney Island,23,11,20.68939393939394,25.183333333333334,19.75,32.81666666666667,0.5454545454545454,2026-01,avg_duration_by_zone_hour,True
180,Ozone Park,4,11,19.60909090909091,22.266666666666666,17.016666666666666,31.716666666666665,0.5454545454545454,2026-01,avg_duration_by_zone_hour,True
201,Rockaway Park,19,13,49.61282051282051,41.53333333333333,29.2,85.14666666666668,0.5384615384615384,2026-01,avg_duration_by_zone_hour,True
208,Schuylerville/Edgewater Park,5,26,39.225641025641025,39.03333333333333,30.85,80.99166666666667,0.5384615384615384,2026-01,avg_duration_by_zone_hour,True
101,Glen Oaks,4,13,35.34358974358974,24.45,17.016666666666666,76.72666666666667,0.5384615384615384,2026-01,avg_duration_by_zone_hour,True
55,Coney Island,4,26,31.659615384615385,27.525,19.433333333333334,62.266666666666666,0.5384615384615384,2026-01,avg_duration_by_zone_hour,True
47,Claremont/Bathgate,1,13,23.83974358974359,17.65,13.65,47.506666666666675,0.5384615384615384,2026-01,avg_duration_by_zone_hour,True
136,Kingsbridge Heights,16,28,51.84047619047619,46.83333333333333,35.9,97.34833333333334,0.5357142857142857,2026-01,avg_duration_by_zone_hour,True
101,Glen Oaks,8,28,44.968452380952385,43.641666666666666,31.55,87.33500000000001,0.5357142857142857,2026-01,avg_duration_by_zone_hour,True
108,Gravesend,17,15,46.86555555555556,55.016666666666666,26.333333333333332,100.82666666666665,0.5333333333333333,2026-01,avg_duration_by_zone_hour,True
101,Glen Oaks,13,15,36.82111111111111,41.13333333333333,32.25,70.34666666666666,0.5333333333333333,2026-01,avg_duration_by_zone_hour,True
26,Borough Park,4,15,27.373333333333335,27.0,19.433333333333334,57.093333333333334,0.5333333333333333,2026-01,avg_duration_by_zone_hour,True
121,Hillcrest/Pomonok,3,15,23.738888888888887,24.15,16.966666666666665,38.70666666666666,0.5333333333333333,2026-01,avg_duration_by_zone_hour,True
16,Bayside,16,17,45.93137254901961,58.35,40.766666666666666,75.72333333333333,0.5294117647058824,2026-01,avg_duration_by_zone_hour,True
178,Ocean Parkway South,12,17,34.82745098039215,35.166666666666664,27.7,58.37666666666667,0.5294117647058824,2026-01,avg_duration_by_zone_hour,True
67,Dyker Heights,5,17,33.54607843137255,30.3,23.9,55.160000000000004,0.5294117647058824,2026-01,avg_duration_by_zone_hour,True
33,Brooklyn Heights,3,17,23.873529411764707,23.683333333333334,18.866666666666667,28.55666666666667,0.5294117647058824,2026-01,avg_duration_by_zone_hour,True
136,Kingsbridge Heights,22,17,22.70392156862745,20.466666666666665,16.266666666666666,34.78,0.5294117647058824,2026-01,avg_duration_by_zone_hour,True
189,Prospect Heights,3,17,22.408823529411762,23.683333333333334,18.866666666666667,30.553333333333335,0.5294117647058824,2026-01,avg_duration_by_zone_hour,True
20,Belmont,23,17,18.22941176470588,18.833333333333332,14.6,33.61,0.5294117647058824,2026-01,avg_duration_by_zone_hour,True
147,Longwood,17,19,40.55438596491228,36.0,28.3,74.91999999999999,0.5263157894736842,2026-01,avg_duration_by_zone_hour,True
102,Glendale,5,19,30.858771929824563,26.933333333333334,20.616666666666667,59.49999999999999,0.5263157894736842,2026-01,avg_duration_by_zone_hour,True
182,Parkchester,19,19,29.103508771929825,27.283333333333335,20.15,45.24666666666666,0.5263157894736842,2026-01,avg_duration_by_zone_hour,True
126,Hunts Point,22,19,26.156140350877195,23.083333333333332,16.266666666666666,41.13999999999999,0.5263157894736842,2026-01,avg_duration_by_zone_hour,True
167,Morrisania/Melrose,2,19,19.441228070175438,17.65,14.0,32.779999999999994,0.5263157894736842,2026-01,avg_duration_by_zone_hour,True
259,Woodlawn/Wakefield,17,21,42.920634920634924,40.93333333333333,28.3,81.8,0.5238095238095238,2026-01,avg_duration_by_zone_hour,True
67,Dyker Heights,10,21,42.40952380952381,39.56666666666667,28.55,90.66666666666667,0.5238095238095238,2026-01,avg_duration_by_zone_hour,True
205,Saint Albans,4,21,30.846031746031745,22.433333333333334,17.016666666666666,67.13333333333334,0.5238095238095238,2026-01,avg_duration_by_zone_hour,True
222,Starrett City,19,21,30.434920634920633,27.783333333333335,21.966666666666665,54.1,0.5238095238095238,2026-01,avg_duration_by_zone_hour,True
150,Manhattan Beach,10,23,38.86449275362319,35.833333333333336,28.55,71.18,0.5217391304347826,2026-01,avg_duration_by_zone_hour,True
177,Ocean Hill,3,23,25.12826086956522,26.916666666666668,18.866666666666667,36.846666666666664,0.5217391304347826,2026-01,avg_duration_by_zone_hour,True
154,Marine Park/Floyd Bennett Field,12,2,74.90833333333333,74.90833333333333,27.7,110.48833333333334,0.5,2026-01,avg_duration_by_zone_hour,True
240,Van Cortlandt Park,14,2,73.25833333333333,73.25833333333333,34.18333333333334,121.33166666666666,0.5,2026-01,avg_duration_by_zone_hour,True
58,Country Club,16,2,69.975,69.975,35.9,106.66166666666666,0.5,2026-01,avg_duration_by_zone_hour,True
154,Marine Park/Floyd Bennett Field,7,2,60.641666666666666,60.641666666666666,29.2,92.46166666666667,0.5,2026-01,avg_duration_by_zone_hour,True
46,City Island,13,4,57.12916666666667,47.45,32.93333333333333,97.40500000000002,0.5,2026-01,avg_duration_by_zone_hour,True
20,Belmont,12,24,56.77847222222223,45.00833333333333,34.68333333333334,108.10833333333333,0.5,2026-01,avg_duration_by_zone_hour,True
19,Bellerose,4,2,56.03333333333334,56.03333333333334,17.016666666666666,87.12666666666668,0.5,2026-01,avg_duration_by_zone_hour,True
206,Saint George/New Brighton,7,2,53.53333333333333,53.53333333333333,31.9,69.28,0.5,2026-01,avg_duration_by_zone_hour,True
208,Schuylerville/Edgewater Park,11,14,52.378571428571426,47.41666666666667,38.083333333333336,73.45500000000003,0.5,2026-01,avg_duration_by_zone_hour,True
58,Country Club,10,2,51.46666666666667,51.46666666666667,36.84166666666667,69.36,0.5,2026-01,avg_duration_by_zone_hour,True
57,Corona,18,4,51.079166666666666,37.81666666666666,31.691666666666666,92.26166666666667,0.5,2026-01,avg_duration_by_zone_hour,True
11,Bath Beach,12,18,49.125,34.79166666666667,27.7,103.795,0.5,2026-01,avg_duration_by_zone_hour,True
139,Laurelton,17,18,48.64537037037037,50.233333333333334,37.016666666666666,80.61666666666667,0.5,2026-01,avg_duration_by_zone_hour,True
58,Country Club,14,2,47.80833333333333,47.80833333333333,34.18333333333334,73.44166666666666,0.5,2026-01,avg_duration_by_zone_hour,True
240,Van Cortlandt Park,17,6,47.769444444444446,39.225,28.3,90.88333333333333,0.5,2026-01,avg_duration_by_zone_hour,True
214,South Beach/Dongan Hills,9,2,47.016666666666666,47.016666666666666,13.716666666666667,71.83,0.5,2026-01,avg_duration_by_zone_hour,True
20,Belmont,6,28,44.58809523809524,40.016666666666666,32.516666666666666,84.79,0.5,2026-01,avg_duration_by_zone_hour,True
203,Rosedale,14,16,44.31041666666667,41.974999999999994,36.11666666666667,72.6,0.5,2026-01,avg_duration_by_zone_hour,True
185,Pelham Parkway,13,28,43.698214285714286,41.2,32.93333333333333,81.76333333333335,0.5,2026-01,avg_duration_by_zone_hour,True
73,East Flushing,16,4,43.65833333333333,50.86666666666667,40.766666666666666,60.806666666666665,0.5,2026-01,avg_duration_by_zone_hour,True
73,East Flushing,8,22,43.43030303030303,41.925,31.55,77.65500000000003,0.5,2026-01,avg_duration_by_zone_hour,True
21,Bensonhurst East,4,6,43.30833333333334,42.88333333333333,19.433333333333334,74.85833333333333,0.5,2026-01,avg_duration_by_zone_hour,True
15,Bay Terrace/Fort Totten,8,10,42.66,36.63333333333333,31.55,76.89999999999999,0.5,2026-01,avg_duration_by_zone_hour,True
64,Douglaston,6,6,41.68333333333333,34.458333333333336,26.433333333333334,72.25,0.5,2026-01,avg_duration_by_zone_hour,True
184,Pelham Bay Park,19,2,41.574999999999996,41.574999999999996,20.15,66.36833333333333,0.5,2026-01,avg_duration_by_zone_hour,True
60,Crotona Park East,4,16,40.2625,33.641666666666666,21.066666666666666,75.75,0.5,2026-01,avg_duration_by_zone_hour,True
96,Forest Park/Highland Park,12,2,40.25833333333333,40.25833333333333,30.666666666666668,48.971666666666664,0.5,2026-01,avg_duration_by_zone_hour,True
183,Pelham Bay,17,10,40.151666666666664,35.766666666666666,28.3,72.24333333333331,0.5,2026-01,avg_duration_by_zone_hour,True
16,Bayside,12,12,40.0125,35.725,30.666666666666668,89.03666666666668,0.5,2026-01,avg_duration_by_zone_hour,True
150,Manhattan Beach,11,8,39.78541666666667,34.81666666666666,28.466666666666665,80.28833333333334,0.5,2026-01,avg_duration_by_zone_hour,True
218,Springfield Gardens North,19,14,38.90119047619048,37.150000000000006,29.2,69.62833333333334,0.5,2026-01,avg_duration_by_zone_hour,True
136,Kingsbridge Heights,19,20,38.80833333333333,22.391666666666666,20.15,97.06500000000003,0.5,2026-01,avg_duration_by_zone_hour,True
46,City Island,18,2,38.40833333333333,38.40833333333333,23.45,49.84166666666667,0.5,2026-01,avg_duration_by_zone_hour,True
190,Prospect Park,14,20,37.623333333333335,33.31666666666666,27.0,60.58333333333335,0.5,2026-01,avg_duration_by_zone_hour,True
190,Prospect Park,5,4,37.40833333333333,37.9,23.9,53.77333333333333,0.5,2026-01,avg_duration_by_zone_hour,True
201,Rockaway Park,21,8,36.604166666666664,25.341666666666665,24.45,77.14333333333333,0.5,2026-01,avg_duration_by_zone_hour,True
59,Crotona Park,17,2,36.4,36.4,28.3,38.32,0.5,2026-01,avg_duration_by_zone_hour,True
59,Crotona Park,8,2,36.15833333333333,36.15833333333333,32.61666666666667,40.99166666666667,0.5,2026-01,avg_duration_by_zone_hour,True
64,Douglaston,11,6,35.76111111111111,31.78333333333333,30.366666666666667,68.0,0.5,2026-01,avg_duration_by_zone_hour,True
9,Auburndale,3,2,35.391666666666666,35.391666666666666,16.966666666666665,54.678333333333335,0.5,2026-01,avg_duration_by_zone_hour,True
171,Murray Hill-Queens,12,14,34.56547619047619,38.4,30.666666666666668,50.65833333333334,0.5,2026-01,avg_duration_by_zone_hour,True
58,Country Club,15,2,34.36666666666667,34.36666666666667,33.849999999999994,44.540000000000006,0.5,2026-01,avg_duration_by_zone_hour,True
194,Randalls Island,12,4,34.225,15.883333333333333,12.7,71.64666666666668,0.5,2026-01,avg_duration_by_zone_hour,True
3,Allerton/Pelham Gardens,21,6,34.18888888888889,28.125,17.333333333333332,61.416666666666664,0.5,2026-01,avg_duration_by_zone_hour,True
9,Auburndale,20,2,33.891666666666666,33.891666666666666,27.233333333333334,48.525,0.5,2026-01,avg_duration_by_zone_hour,True
191,Queens Village,19,18,33.69166666666667,36.333333333333336,29.2,60.515,0.5,2026-01,avg_duration_by_zone_hour,True
252,Whitestone,3,2,33.516666666666666,33.516666666666666,16.966666666666665,55.01,0.5,2026-01,avg_duration_by_zone_hour,True
167,Morrisania/Melrose,4,28,32.227380952380955,27.03333333333333,21.066666666666666,54.701666666666675,0.5,2026-01,avg_duration_by_zone_hour,True
81,Eastchester,18,24,31.96597222222222,29.991666666666667,23.45,59.018333333333324,0.5,2026-01,avg_duration_by_zone_hour,True
60,Crotona Park East,21,18,31.741666666666667,21.625,17.333333333333332,60.02333333333335,0.5,2026-01,avg_duration_by_zone_hour,True
108,Gravesend,20,4,30.891666666666666,29.924999999999997,21.2,47.67,0.5,2026-01,avg_duration_by_zone_hour,True
149,Madison,1,4,29.35,28.625,19.333333333333332,41.035000000000004,0.5,2026-01,avg_duration_by_zone_hour,True
94,Fordham South,20,6,29.063888888888886,20.366666666666667,17.916666666666668,56.708333333333336,0.5,2026-01,avg_duration_by_zone_hour,True
259,Woodlawn/Wakefield,19,16,28.948958333333334,28.008333333333333,20.15,45.108333333333334,0.5,2026-01,avg_duration_by_zone_hour,True
59,Crotona Park,5,2,28.775,28.775,30.85,42.955,0.5,2026-01,avg_duration_by_zone_hour,True
167,Morrisania/Melrose,20,18,28.382407407407406,25.733333333333334,17.916666666666668,44.525000000000006,0.5,2026-01,avg_duration_by_zone_hour,True
117,Hammels/Arverne,1,4,27.700000000000003,23.975,19.0,51.160000000000004,0.5,2026-01,avg_duration_by_zone_hour,True
20,Belmont,4,6,27.400000000000002,18.558333333333334,21.066666666666666,58.775,0.5,2026-01,avg_duration_by_zone_hour,True
59,Crotona Park,18,2,26.791666666666664,26.791666666666664,23.45,41.785,0.5,2026-01,avg_duration_by_zone_hour,True
153,Marble Hill,18,4,26.645833333333336,18.775,12.733333333333333,52.36166666666668,0.5,2026-01,avg_duration_by_zone_hour,True
96,Forest Park/Highland Park,4,2,26.6,26.6,17.016666666666666,32.093333333333334,0.5,2026-01,avg_duration_by_zone_hour,True
218,Springfield Gardens North,1,8,26.325,22.316666666666666,19.0,50.74166666666666,0.5,2026-01,avg_duration_by_zone_hour,True
222,Starrett City,2,2,25.941666666666666,25.941666666666666,18.566666666666666,31.508333333333333,0.5,2026-01,avg_duration_by_zone_hour,True
124,Howard Beach,3,2,25.608333333333334,25.608333333333334,16.966666666666665,30.321666666666665,0.5,2026-01,avg_duration_by_zone_hour,True
98,Fresh Meadows,4,6,24.71111111111111,20.241666666666667,17.016666666666666,46.983333333333334,0.5,2026-01,avg_duration_by_zone_hour,True
251,Westerleigh,8,4,24.483333333333334,27.633333333333333,23.316666666666666,37.49166666666667,0.5,2026-01,avg_duration_by_zone_hour,True
118,Heartland Village/Todt Hill,23,2,24.19166666666667,24.19166666666667,13.333333333333334,34.69166666666667,0.5,2026-01,avg_duration_by_zone_hour,True
18,Bedford Park,3,12,23.787499999999998,16.95,14.666666666666666,36.98833333333333,0.5,2026-01,avg_duration_by_zone_hour,True
212,Soundview/Bruckner,2,12,23.712500000000002,19.25,14.0,40.02666666666667,0.5,2026-01,avg_duration_by_zone_hour,True
149,Madison,2,4,23.65833333333333,25.375,18.566666666666666,34.22833333333333,0.5,2026-01,avg_duration_by_zone_hour,True
259,Woodlawn/Wakefield,22,20,23.630833333333335,20.758333333333333,16.266666666666666,38.96500000000002,0.5,2026-01,avg_duration_by_zone_hour,True
205,Saint Albans,2,12,23.125,20.075,17.116666666666667,34.22833333333333,0.5,2026-01,avg_duration_by_zone_hour,True
190,Prospect Park,0,8,22.775,23.175,19.533333333333335,34.07,0.5,2026-01,avg_duration_by_zone_hour,True
265,Outside of NYC,18,28,22.051190476190474,14.225,12.133333333333333,58.715,0.5,2026-01,avg_duration_by_zone_hour,True
69,East Concourse/Concourse Village,3,8,21.764583333333334,20.633333333333333,14.666666666666666,33.839999999999996,0.5,2026-01,avg_duration_by_zone_hour,True
54,Columbia Street,4,2,21.741666666666667,21.741666666666667,19.433333333333334,27.015,0.5,2026-01,avg_duration_by_zone_hour,True
67,Dyker Heights,0,4,21.604166666666664,24.475,19.533333333333335,31.285,0.5,2026-01,avg_duration_by_zone_hour,True
221,Stapleton,22,2,21.391666666666666,21.391666666666666,13.333333333333334,33.45166666666667,0.5,2026-01,avg_duration_by_zone_hour,True
214,South Beach/Dongan Hills,19,2,21.216666666666665,21.216666666666665,13.366666666666667,27.203333333333333,0.5,2026-01,avg_duration_by_zone_hour,True
23,Bloomfield/Emerson Hill,11,2,20.808333333333334,20.808333333333334,13.8,24.961666666666666,0.5,2026-01,avg_duration_by_zone_hour,True
194,Randalls Island,11,4,20.154166666666665,18.808333333333334,12.716666666666667,27.40666666666667,0.5,2026-01,avg_duration_by_zone_hour,True
123,Homecrest,3,4,19.816666666666666,18.333333333333332,18.866666666666667,30.476666666666667,0.5,2026-01,avg_duration_by_zone_hour,True
178,Ocean Parkway South,4,2,19.64166666666667,19.64166666666667,19.433333333333334,31.58166666666667,0.5,2026-01,avg_duration_by_zone_hour,True
60,Crotona Park East,0,4,18.570833333333333,15.166666666666666,13.666666666666666,28.585000000000004,0.5,2026-01,avg_duration_by_zone_hour,True
6,Arrochar/Fort Wadsworth,19,4,18.329166666666666,15.625,13.366666666666667,32.18166666666667,0.5,2026-01,avg_duration_by_zone_hour,True
30,Broad Channel,5,2,17.816666666666666,17.816666666666666,20.616666666666667,24.763333333333335,0.5,2026-01,avg_duration_by_zone_hour,True
115,Grymes Hill/Clifton,1,2,17.775,17.775,12.416666666666666,21.40833333333333,0.5,2026-01,avg_duration_by_zone_hour,True
147,Longwood,2,2,17.533333333333335,17.533333333333335,14.0,19.58666666666667,0.5,2026-01,avg_duration_by_zone_hour,True
15,Bay Terrace/Fort Totten,1,4,17.383333333333333,20.833333333333336,19.0,25.421666666666667,0.5,2026-01,avg_duration_by_zone_hour,True
58,Country Club,22,2,17.225,17.225,16.266666666666666,22.205,0.5,2026-01,avg_duration_by_zone_hour,True
214,South Beach/Dongan Hills,0,2,17.21666666666667,17.21666666666667,12.933333333333334,20.976666666666667,0.5,2026-01,avg_duration_by_zone_hour,True
115,Grymes Hill/Clifton,9,2,17.041666666666664,17.041666666666664,13.716666666666667,23.56833333333333,0.5,2026-01,avg_duration_by_zone_hour,True
172,New Dorp/Midland Beach,22,2,16.766666666666666,16.766666666666666,13.333333333333334,21.07333333333333,0.5,2026-01,avg_duration_by_zone_hour,True
208,Schuylerville/Edgewater Park,3,8,16.735416666666666,18.008333333333333,14.666666666666666,21.381666666666668,0.5,2026-01,avg_duration_by_zone_hour,True
203,Rosedale,3,2,16.641666666666666,16.641666666666666,16.966666666666665,24.355,0.5,2026-01,avg_duration_by_zone_hour,True
192,Queensboro Hill,4,2,16.55,16.55,17.016666666666666,20.416666666666668,0.5,2026-01,avg_duration_by_zone_hour,True
200,Riverdale/North Riverdale/Fieldston,0,14,16.35,16.191666666666666,13.666666666666666,25.130000000000006,0.5,2026-01,avg_duration_by_zone_hour,True
12,Battery Park,7,2,16.275,16.275,11.566666666666666,27.401666666666667,0.5,2026-01,avg_duration_by_zone_hour,True
12,Battery Park,6,4,15.8625,14.625,10.75,21.808333333333337,0.5,2026-01,avg_duration_by_zone_hour,True
185,Pelham Parkway,1,6,15.666666666666666,15.95,13.65,20.016666666666666,0.5,2026-01,avg_duration_by_zone_hour,True
118,Heartland Village/Todt Hill,15,2,15.183333333333334,15.183333333333334,14.45,21.45,0.5,2026-01,avg_duration_by_zone_hour,True
153,Marble Hill,16,2,15.0,15.0,13.033333333333333,16.240000000000002,0.5,2026-01,avg_duration_by_zone_hour,True
12,Battery Park,2,6,14.225,14.741666666666667,11.416666666666666,20.683333333333334,0.5,2026-01,avg_duration_by_zone_hour,True
184,Pelham Bay Park,23,2,14.208333333333334,14.208333333333334,14.6,18.975,0.5,2026-01,avg_duration_by_zone_hour,True
120,Highbridge Park,21,2,14.125,14.125,12.166666666666666,15.305,0.5,2026-01,avg_duration_by_zone_hour,True
6,Arrochar/Fort Wadsworth,3,4,13.75,15.158333333333335,12.3,19.628333333333334,0.5,2026-01,avg_duration_by_zone_hour,True
120,Highbridge Park,5,2,12.458333333333332,12.458333333333332,10.733333333333333,14.478333333333333,0.5,2026-01,avg_duration_by_zone_hour,True
153,Marble Hill,1,4,12.358333333333334,11.558333333333334,11.583333333333334,19.2,0.5,2026-01,avg_duration_by_zone_hour,True
214,South Beach/Dongan Hills,22,2,11.908333333333333,11.908333333333333,13.333333333333334,16.635,0.5,2026-01,avg_duration_by_zone_hour,True
128,Inwood Hill Park,2,2,10.033333333333333,10.033333333333333,11.416666666666666,14.193333333333333,0.5,2026-01,avg_duration_by_zone_hour,True
248,West Farms/Bronx River,13,29,45.93333333333333,41.1,32.93333333333333,82.50999999999999,0.4827586206896552,2026-01,avg_duration_by_zone_hour,True
248,West Farms/Bronx River,15,27,44.025925925925925,26.566666666666666,33.849999999999994,93.87333333333342,0.48148148148148145,2026-01,avg_duration_by_zone_hour,True
11,Bath Beach,14,27,39.721604938271604,30.3,27.0,77.66333333333333,0.48148148148148145,2026-01,avg_duration_by_zone_hour,True
66,DUMBO/Vinegar Hill,4,25,24.77466666666667,20.016666666666666,19.433333333333334,34.663333333333334,0.48,2026-01,avg_duration_by_zone_hour,True
180,Ozone Park,6,23,33.61376811594203,32.61666666666667,26.433333333333334,63.85333333333334,0.4782608695652174,2026-01,avg_duration_by_zone_hour,True
77,East New York/Pennsylvania Avenue,20,23,29.11014492753623,22.166666666666668,21.2,59.74333333333334,0.4782608695652174,2026-01,avg_duration_by_zone_hour,True
213,Soundview/Castle Hill,21,23,24.70434782608696,19.566666666666666,17.333333333333332,38.95333333333334,0.4782608695652174,2026-01,avg_duration_by_zone_hour,True
212,Soundview/Bruckner,19,21,39.006349206349206,24.366666666666667,20.15,87.7,0.47619047619047616,2026-01,avg_duration_by_zone_hour,True
265,Outside of NYC,7,21,35.51111111111111,13.716666666666667,13.083333333333334,92.01666666666667,0.47619047619047616,2026-01,avg_duration_by_zone_hour,True
32,Bronxdale,15,19,42.82017543859649,39.43333333333333,33.849999999999994,67.50333333333332,0.47368421052631576,2026-01,avg_duration_by_zone_hour,True
147,Longwood,4,19,26.63684210526316,22.466666666666665,21.066666666666666,47.07666666666666,0.47368421052631576,2026-01,avg_duration_by_zone_hour,True
220,Spuyten Duyvil/Kingsbridge,0,19,16.956140350877195,16.483333333333334,13.666666666666666,26.136666666666663,0.47368421052631576,2026-01,avg_duration_by_zone_hour,True
38,Cambria Heights,16,17,54.67843137254902,48.28333333333333,40.766666666666666,97.69666666666667,0.47058823529411764,2026-01,avg_duration_by_zone_hour,True
94,Fordham South,13,17,52.03137254901961,39.6,32.93333333333333,85.62666666666667,0.47058823529411764,2026-01,avg_duration_by_zone_hour,True
201,Rockaway Park,15,17,44.022549019607844,34.8,39.85,82.08000000000001,0.47058823529411764,2026-01,avg_duration_by_zone_hour,True
139,Laurelton,18,17,42.09607843137255,37.63333333333333,31.691666666666666,84.56666666666668,0.47058823529411764,2026-01,avg_duration_by_zone_hour,True
94,Fordham South,15,17,40.0421568627451,37.916666666666664,33.849999999999994,61.39666666666667,0.47058823529411764,2026-01,avg_duration_by_zone_hour,True
10,Baisley Park,3,17,32.16666666666667,17.633333333333333,16.966666666666665,74.1066666666667,0.47058823529411764,2026-01,avg_duration_by_zone_hour,True
119,Highbridge,23,17,17.7078431372549,14.283333333333333,14.6,30.210000000000008,0.47058823529411764,2026-01,avg_duration_by_zone_hour,True
222,Starrett City,21,15,30.153333333333332,24.166666666666668,20.3,54.306666666666665,0.4666666666666667,2026-01,avg_duration_by_zone_hour,True
248,West Farms/Bronx River,22,15,23.17222222222222,20.3,16.266666666666666,31.76,0.4666666666666667,2026-01,avg_duration_by_zone_hour,True
78,East Tremont,22,28,30.791071428571428,19.725,16.266666666666666,66.415,0.4642857142857143,2026-01,avg_duration_by_zone_hour,True
241,Van Cortlandt Village,22,28,28.351190476190478,18.441666666666666,16.266666666666666,52.193333333333335,0.4642857142857143,2026-01,avg_duration_by_zone_hour,True
3,Allerton/Pelham Gardens,16,13,51.08717948717948,36.93333333333333,35.9,98.77333333333334,0.46153846153846156,2026-01,avg_duration_by_zone_hour,True
94,Fordham South,18,13,46.88461538461539,26.616666666666667,23.45,94.90333333333336,0.46153846153846156,2026-01,avg_duration_by_zone_hour,True
183,Pelham Bay,14,13,46.71153846153846,41.25,34.18333333333334,90.41333333333333,0.46153846153846156,2026-01,avg_duration_by_zone_hour,True
171,Murray Hill-Queens,16,13,45.864102564102566,43.15,40.766666666666666,75.05333333333334,0.46153846153846156,2026-01,avg_duration_by_zone_hour,True
81,Eastchester,15,26,44.66602564102564,41.46666666666667,33.849999999999994,85.775,0.46153846153846156,2026-01,avg_duration_by_zone_hour,True
11,Bath Beach,11,13,41.36538461538461,33.8,28.466666666666665,72.74666666666667,0.46153846153846156,2026-01,avg_duration_by_zone_hour,True
73,East Flushing,10,13,33.56794871794872,34.55,30.966666666666665,56.42666666666667,0.46153846153846156,2026-01,avg_duration_by_zone_hour,True
257,Windsor Terrace,17,26,31.131410256410255,30.450000000000003,26.333333333333332,50.875,0.46153846153846156,2026-01,avg_duration_by_zone_hour,True
257,Windsor Terrace,14,26,30.81025641025641,26.725,27.0,58.09166666666667,0.46153846153846156,2026-01,avg_duration_by_zone_hour,True
94,Fordham South,19,13,25.888461538461538,24.65,20.15,41.690000000000005,0.46153846153846156,2026-01,avg_duration_by_zone_hour,True
95,Forest Hills,4,13,24.734615384615385,21.0,17.016666666666666,43.70000000000001,0.46153846153846156,2026-01,avg_duration_by_zone_hour,True
242,Van Nest/Morris Park,21,13,24.36923076923077,21.283333333333335,17.333333333333332,46.21333333333334,0.46153846153846156,2026-01,avg_duration_by_zone_hour,True
200,Riverdale/North Riverdale/Fieldston,23,13,17.608974358974358,16.0,14.6,26.253333333333337,0.46153846153846156,2026-01,avg_duration_by_zone_hour,True
185,Pelham Parkway,15,24,47.223611111111104,40.141666666666666,33.849999999999994,89.37333333333332,0.4583333333333333,2026-01,avg_duration_by_zone_hour,True
174,Norwood,5,24,43.47638888888889,36.099999999999994,30.85,69.04333333333332,0.4583333333333333,2026-01,avg_duration_by_zone_hour,True
182,Parkchester,22,24,28.79513888888889,17.891666666666666,16.266666666666666,71.24833333333333,0.4583333333333333,2026-01,avg_duration_by_zone_hour,True
106,Gowanus,1,24,24.95138888888889,23.058333333333334,19.333333333333332,34.22833333333333,0.4583333333333333,2026-01,avg_duration_by_zone_hour,True
92,Flushing,4,24,19.402083333333334,20.141666666666666,17.016666666666666,32.55833333333333,0.4583333333333333,2026-01,avg_duration_by_zone_hour,True
3,Allerton/Pelham Gardens,14,22,53.32727272727273,36.141666666666666,34.18333333333334,125.01166666666667,0.45454545454545453,2026-01,avg_duration_by_zone_hour,True
122,Hollis,10,22,46.34090909090909,33.66666666666667,30.966666666666665,83.99666666666668,0.45454545454545453,2026-01,avg_duration_by_zone_hour,True
178,Ocean Parkway South,16,22,40.098484848484844,31.40833333333333,27.65,76.125,0.45454545454545453,2026-01,avg_duration_by_zone_hour,True
190,Prospect Park,16,22,34.3780303030303,29.041666666666664,27.65,49.556666666666686,0.45454545454545453,2026-01,avg_duration_by_zone_hour,True
101,Glen Oaks,9,11,34.17424242424243,38.53333333333333,31.491666666666667,48.06666666666667,0.45454545454545453,2026-01,avg_duration_by_zone_hour,True
86,Far Rockaway,22,11,31.24848484848485,27.75,23.775,46.88333333333333,0.45454545454545453,2026-01,avg_duration_by_zone_hour,True
47,Claremont/Bathgate,18,22,30.596212121212123,27.325,23.45,51.071666666666665,0.45454545454545453,2026-01,avg_duration_by_zone_hour,True
136,Kingsbridge Heights,4,11,27.85,20.966666666666665,21.066666666666666,50.1,0.45454545454545453,2026-01,avg_duration_by_zone_hour,True
78,East Tremont,20,22,26.212878787878786,17.65833333333333,17.916666666666668,57.07666666666672,0.45454545454545453,2026-01,avg_duration_by_zone_hour,True
77,East New York/Pennsylvania Avenue,21,22,23.353787878787877,22.416666666666668,20.3,41.053333333333335,0.45454545454545453,2026-01,avg_duration_by_zone_hour,True
101,Glen Oaks,5,11,23.098484848484848,18.166666666666668,20.616666666666667,38.95,0.45454545454545453,2026-01,avg_duration_by_zone_hour,True
32,Bronxdale,22,11,21.50151515151515,16.0,16.266666666666666,41.55,0.45454545454545453,2026-01,avg_duration_by_zone_hour,True
119,Highbridge,16,20,53.1025,43.35,35.9,104.89333333333337,0.45,2026-01,avg_duration_by_zone_hour,True
123,Homecrest,21,20,25.800833333333333,21.691666666666666,20.3,47.88166666666667,0.45,2026-01,avg_duration_by_zone_hour,True
182,Parkchester,17,29,33.064942528735635,25.733333333333334,28.3,56.86666666666667,0.4482758620689655,2026-01,avg_duration_by_zone_hour,True
208,Schuylerville/Edgewater Park,23,29,19.816091954022987,17.483333333333334,14.6,33.38999999999999,0.4482758620689655,2026-01,avg_duration_by_zone_hour,True
73,East Flushing,13,9,40.83888888888888,37.13333333333333,32.25,60.53,0.4444444444444444,2026-01,avg_duration_by_zone_hour,True
150,Manhattan Beach,13,27,40.00061728395062,30.7,27.266666666666666,76.22333333333334,0.4444444444444444,2026-01,avg_duration_by_zone_hour,True
150,Manhattan Beach,17,18,39.571296296296296,30.200000000000003,26.333333333333332,86.49333333333334,0.4444444444444444,2026-01,avg_duration_by_zone_hour,True
241,Van Cortlandt Village,17,27,36.42037037037037,31.033333333333335,28.3,64.23333333333335,0.4444444444444444,2026-01,avg_duration_by_zone_hour,True
169,Mount Hope,3,9,33.394444444444446,16.683333333333334,14.666666666666666,80.89,0.4444444444444444,2026-01,avg_duration_by_zone_hour,True
16,Bayside,5,9,31.70740740740741,20.983333333333334,20.616666666666667,65.36666666666667,0.4444444444444444,2026-01,avg_duration_by_zone_hour,True
108,Gravesend,21,9,30.21296296296296,19.8,20.3,55.693333333333335,0.4444444444444444,2026-01,avg_duration_by_zone_hour,True
235,University Heights/Morris Heights,20,9,23.651851851851852,20.716666666666665,17.916666666666668,37.24,0.4444444444444444,2026-01,avg_duration_by_zone_hour,True
108,Gravesend,22,9,23.55925925925926,13.216666666666667,20.15,42.05666666666667,0.4444444444444444,2026-01,avg_duration_by_zone_hour,True
150,Manhattan Beach,0,9,21.564814814814817,17.0,19.533333333333335,34.0,0.4444444444444444,2026-01,avg_duration_by_zone_hour,True
135,Kew Gardens Hills,4,9,21.266666666666666,19.933333333333334,17.016666666666666,31.236666666666668,0.4444444444444444,2026-01,avg_duration_by_zone_hour,True
258,Woodhaven,2,9,19.327777777777776,19.083333333333332,17.116666666666667,29.05666666666667,0.4444444444444444,2026-01,avg_duration_by_zone_hour,True
94,Fordham South,1,9,16.37222222222222,13.45,13.65,24.080000000000005,0.4444444444444444,2026-01,avg_duration_by_zone_hour,True
208,Schuylerville/Edgewater Park,10,25,43.03133333333333,44.38333333333333,36.84166666666667,86.0466666666667,0.44,2026-01,avg_duration_by_zone_hour,True
180,Ozone Park,12,25,34.44466666666667,21.566666666666666,30.666666666666668,74.57000000000001,0.44,2026-01,avg_duration_by_zone_hour,True
217,South Williamsburg,6,25,33.44,32.55,28.7,55.66,0.44,2026-01,avg_duration_by_zone_hour,True
222,Starrett City,18,25,30.20866666666667,22.75,23.125,55.89666666666668,0.44,2026-01,avg_duration_by_zone_hour,True
265,Outside of NYC,10,25,24.705333333333332,16.416666666666668,14.366666666666667,60.93333333333334,0.44,2026-01,avg_duration_by_zone_hour,True
150,Manhattan Beach,14,16,39.703125,25.90833333333333,27.0,79.98333333333333,0.4375,2026-01,avg_duration_by_zone_hour,True
192,Queensboro Hill,5,16,25.733333333333334,22.75,20.616666666666667,41.858333333333334,0.4375,2026-01,avg_duration_by_zone_hour,True
71,East Flatbush/Farragut,1,16,23.192708333333336,20.241666666666667,19.333333333333332,39.06666666666666,0.4375,2026-01,avg_duration_by_zone_hour,True
16,Bayside,14,23,39.48840579710145,31.266666666666666,36.11666666666667,75.67666666666668,0.43478260869565216,2026-01,avg_duration_by_zone_hour,True
218,Springfield Gardens North,20,23,38.029710144927535,25.933333333333334,27.233333333333334,78.87666666666668,0.43478260869565216,2026-01,avg_duration_by_zone_hour,True
67,Dyker Heights,13,23,34.29710144927537,26.433333333333334,27.266666666666666,75.61333333333334,0.43478260869565216,2026-01,avg_duration_by_zone_hour,True
242,Van Nest/Morris Park,20,23,25.619565217391305,20.766666666666666,17.916666666666668,44.75333333333334,0.43478260869565216,2026-01,avg_duration_by_zone_hour,True
94,Fordham South,12,14,50.79404761904762,37.38333333333333,34.68333333333334,92.15000000000003,0.42857142857142855,2026-01,avg_duration_by_zone_hour,True
240,Van Cortlandt Park,9,7,49.52619047619048,36.75,35.225,94.32333333333334,0.42857142857142855,2026-01,avg_duration_by_zone_hour,True
19,Bellerose,9,14,42.1702380952381,37.19166666666666,31.491666666666667,68.65,0.42857142857142855,2026-01,avg_duration_by_zone_hour,True
150,Manhattan Beach,7,14,37.84166666666666,33.233333333333334,29.2,74.53333333333335,0.42857142857142855,2026-01,avg_duration_by_zone_hour,True
96,Forest Park/Highland Park,8,7,37.82857142857143,36.96666666666667,31.55,53.760000000000005,0.42857142857142855,2026-01,avg_duration_by_zone_hour,True
122,Hollis,12,21,36.29365079365079,26.55,30.666666666666668,68.98333333333333,0.42857142857142855,2026-01,avg_duration_by_zone_hour,True
175,Oakland Gardens,18,7,35.371428571428574,34.38333333333333,31.691666666666666,54.75666666666667,0.42857142857142855,2026-01,avg_duration_by_zone_hour,True
235,University Heights/Morris Heights,3,21,34.353968253968254,15.35,14.666666666666666,76.33333333333333,0.42857142857142855,2026-01,avg_duration_by_zone_hour,True
29,Brighton Beach,5,14,33.26904761904762,28.666666666666664,23.9,64.02333333333334,0.42857142857142855,2026-01,avg_duration_by_zone_hour,True
29,Brighton Beach,19,21,31.797619047619047,26.183333333333334,21.966666666666665,52.13333333333333,0.42857142857142855,2026-01,avg_duration_by_zone_hour,True
214,South Beach/Dongan Hills,7,7,29.71666666666667,27.15,31.9,54.80666666666667,0.42857142857142855,2026-01,avg_duration_by_zone_hour,True
131,Jamaica Estates,4,14,28.997619047619047,21.05,17.016666666666666,61.67333333333336,0.42857142857142855,2026-01,avg_duration_by_zone_hour,True
55,Coney Island,3,14,28.36547619047619,22.491666666666667,18.866666666666667,54.73000000000001,0.42857142857142855,2026-01,avg_duration_by_zone_hour,True
180,Ozone Park,5,21,28.143650793650792,24.0,20.616666666666667,62.483333333333334,0.42857142857142855,2026-01,avg_duration_by_zone_hour,True
178,Ocean Parkway South,18,7,24.79047619047619,27.683333333333334,23.125,41.53000000000001,0.42857142857142855,2026-01,avg_duration_by_zone_hour,True
190,Prospect Park,23,7,24.157142857142855,19.6,19.75,38.52666666666667,0.42857142857142855,2026-01,avg_duration_by_zone_hour,True
257,Windsor Terrace,3,7,21.85238095238095,21.5,18.866666666666667,30.62,0.42857142857142855,2026-01,avg_duration_by_zone_hour,True
259,Woodlawn/Wakefield,21,7,21.261904761904763,18.983333333333334,17.333333333333332,34.84666666666668,0.42857142857142855,2026-01,avg_duration_by_zone_hour,True
53,College Point,3,7,20.51666666666667,19.666666666666668,16.966666666666665,27.223333333333333,0.42857142857142855,2026-01,avg_duration_by_zone_hour,True
85,Erasmus,1,21,20.321428571428573,20.616666666666667,19.333333333333332,33.2,0.42857142857142855,2026-01,avg_duration_by_zone_hour,True
183,Pelham Bay,22,7,18.03333333333333,17.0,16.266666666666666,29.536666666666665,0.42857142857142855,2026-01,avg_duration_by_zone_hour,True
241,Van Cortlandt Village,1,14,17.435714285714287,16.225,13.65,24.133333333333333,0.42857142857142855,2026-01,avg_duration_by_zone_hour,True
265,Outside of NYC,5,7,15.764285714285716,9.516666666666667,12.433333333333334,34.52333333333334,0.42857142857142855,2026-01,avg_duration_by_zone_hour,True
182,Parkchester,1,7,15.74047619047619,11.916666666666666,13.65,27.51,0.42857142857142855,2026-01,avg_duration_by_zone_hour,True
126,Hunts Point,1,14,14.772619047619047,15.558333333333334,13.65,20.343333333333334,0.42857142857142855,2026-01,avg_duration_by_zone_hour,True
81,Eastchester,14,26,49.91410256410256,39.19166666666666,34.18333333333334,91.275,0.4230769230769231,2026-01,avg_duration_by_zone_hour,True
175,Oakland Gardens,8,26,45.10320512820513,22.941666666666666,31.55,102.46666666666667,0.4230769230769231,2026-01,avg_duration_by_zone_hour,True
265,Outside of NYC,19,26,20.06282051282051,13.683333333333334,12.575,51.66666666666667,0.4230769230769231,2026-01,avg_duration_by_zone_hour,True
150,Manhattan Beach,16,19,42.77543859649123,33.06666666666667,27.65,77.93333333333334,0.42105263157894735,2026-01,avg_duration_by_zone_hour,True
3,Allerton/Pelham Gardens,15,19,42.70789473684211,20.0,33.849999999999994,98.06666666666666,0.42105263157894735,2026-01,avg_duration_by_zone_hour,True
192,Queensboro Hill,9,19,35.76052631578948,31.4,31.491666666666667,69.16333333333333,0.42105263157894735,2026-01,avg_duration_by_zone_hour,True
60,Crotona Park East,19,19,28.74824561403509,21.7,20.15,54.413333333333334,0.42105263157894735,2026-01,avg_duration_by_zone_hour,True
18,Bedford Park,20,19,24.719298245614038,18.95,17.916666666666668,45.636666666666656,0.42105263157894735,2026-01,avg_duration_by_zone_hour,True
171,Murray Hill-Queens,15,24,39.77708333333333,27.200000000000003,39.85,68.91999999999999,0.4166666666666667,2026-01,avg_duration_by_zone_hour,True
218,Springfield Gardens North,17,24,37.96666666666667,35.641666666666666,37.016666666666666,80.28333333333333,0.4166666666666667,2026-01,avg_duration_by_zone_hour,True
212,Soundview/Bruckner,4,24,35.31111111111111,22.541666666666668,21.066666666666666,70.97833333333332,0.4166666666666667,2026-01,avg_duration_by_zone_hour,True
252,Whitestone,9,12,33.266666666666666,29.200000000000003,31.491666666666667,53.55833333333334,0.4166666666666667,2026-01,avg_duration_by_zone_hour,True
250,Westchester Village/Unionport,4,12,24.665277777777778,25.141666666666666,21.066666666666666,43.64666666666667,0.4166666666666667,2026-01,avg_duration_by_zone_hour,True
165,Midwood,19,24,24.105555555555554,23.766666666666666,21.966666666666665,40.36333333333333,0.4166666666666667,2026-01,avg_duration_by_zone_hour,True
165,Midwood,0,12,22.461111111111112,18.34166666666667,19.533333333333335,37.031666666666666,0.4166666666666667,2026-01,avg_duration_by_zone_hour,True
51,Co-Op City,3,12,20.881944444444446,14.458333333333334,14.666666666666666,31.263333333333332,0.4166666666666667,2026-01,avg_duration_by_zone_hour,True
174,Norwood,1,12,16.07777777777778,14.658333333333333,13.65,25.506666666666668,0.4166666666666667,2026-01,avg_duration_by_zone_hour,True
264,Unknown,3,24,13.482638888888888,12.483333333333334,11.666666666666666,24.195,0.4166666666666667,2026-01,avg_duration_by_zone_hour,True
259,Woodlawn/Wakefield,11,29,54.47356321839081,38.65,38.083333333333336,103.60333333333332,0.41379310344827586,2026-01,avg_duration_by_zone_hour,True
200,Riverdale/North Riverdale/Fieldston,18,29,28.604022988505747,23.333333333333332,23.45,46.81333333333333,0.41379310344827586,2026-01,avg_duration_by_zone_hour,True
16,Bayside,13,17,38.62352941176471,34.93333333333333,32.25,68.44333333333336,0.4117647058823529,2026-01,avg_duration_by_zone_hour,True
19,Bellerose,11,17,36.44019607843137,23.95,30.366666666666667,66.11,0.4117647058823529,2026-01,avg_duration_by_zone_hour,True
3,Allerton/Pelham Gardens,18,17,33.06372549019608,24.516666666666666,23.45,58.53333333333333,0.4117647058823529,2026-01,avg_duration_by_zone_hour,True
20,Belmont,18,17,32.42156862745098,20.666666666666668,23.45,70.31666666666668,0.4117647058823529,2026-01,avg_duration_by_zone_hour,True
241,Van Cortlandt Village,21,17,32.15098039215687,21.066666666666666,17.333333333333332,74.76,0.4117647058823529,2026-01,avg_duration_by_zone_hour,True
60,Crotona Park East,20,17,30.42941176470588,20.183333333333334,17.916666666666668,75.87666666666667,0.4117647058823529,2026-01,avg_duration_by_zone_hour,True
174,Norwood,4,17,29.792156862745095,18.166666666666668,21.066666666666666,72.39333333333335,0.4117647058823529,2026-01,avg_duration_by_zone_hour,True
182,Parkchester,23,17,20.6078431372549,15.966666666666667,14.6,33.29333333333334,0.4117647058823529,2026-01,avg_duration_by_zone_hour,True
265,Outside of NYC,23,17,14.572549019607845,9.666666666666666,11.616666666666667,33.10000000000001,0.4117647058823529,2026-01,avg_duration_by_zone_hour,True
34,Brooklyn Navy Yard,16,22,33.573484848484846,28.05,27.65,58.31166666666668,0.4090909090909091,2026-01,avg_duration_by_zone_hour,True
235,University Heights/Morris Heights,0,22,18.270454545454545,15.766666666666666,13.666666666666666,34.90666666666667,0.4090909090909091,2026-01,avg_duration_by_zone_hour,True
248,West Farms/Bronx River,11,27,48.428395061728395,45.016666666666666,38.083333333333336,98.65000000000002,0.4074074074074074,2026-01,avg_duration_by_zone_hour,True
3,Allerton/Pelham Gardens,10,27,47.824074074074076,41.15,36.84166666666667,95.44000000000003,0.4074074074074074,2026-01,avg_duration_by_zone_hour,True
38,Cambria Heights,10,27,41.913580246913575,35.11666666666667,30.966666666666665,68.6266666666667,0.4074074074074074,2026-01,avg_duration_by_zone_hour,True
35,Brownsville,1,27,30.37345679012346,19.666666666666668,19.333333333333332,62.946666666666715,0.4074074074074074,2026-01,avg_duration_by_zone_hour,True
220,Spuyten Duyvil/Kingsbridge,23,27,17.082716049382718,15.566666666666666,14.6,29.080000000000002,0.4074074074074074,2026-01,avg_duration_by_zone_hour,True
109,Great Kills,7,5,76.82333333333334,36.0,31.9,165.61,0.4,2026-01,avg_duration_by_zone_hour,True
184,Pelham Bay Park,7,5,59.07333333333334,36.6,31.95,115.72333333333333,0.4,2026-01,avg_duration_by_zone_hour,True
38,Cambria Heights,15,15,48.75888888888889,46.15,39.85,77.74333333333333,0.4,2026-01,avg_duration_by_zone_hour,True
147,Longwood,16,20,43.62,38.108333333333334,35.9,84.8116666666667,0.4,2026-01,avg_duration_by_zone_hour,True
240,Van Cortlandt Park,7,20,40.86666666666667,31.85,31.95,61.34500000000005,0.4,2026-01,avg_duration_by_zone_hour,True
81,Eastchester,13,10,40.72666666666667,29.21666666666667,32.93333333333333,83.54666666666667,0.4,2026-01,avg_duration_by_zone_hour,True
46,City Island,11,5,40.64333333333333,43.916666666666664,38.083333333333336,55.473333333333336,0.4,2026-01,avg_duration_by_zone_hour,True
98,Fresh Meadows,18,5,39.67333333333333,30.016666666666666,31.691666666666666,71.74666666666667,0.4,2026-01,avg_duration_by_zone_hour,True
57,Corona,8,5,39.663333333333334,32.63333333333333,31.55,68.38333333333334,0.4,2026-01,avg_duration_by_zone_hour,True
8,Astoria Park,17,5,39.516666666666666,39.71666666666667,37.016666666666666,55.47,0.4,2026-01,avg_duration_by_zone_hour,True
9,Auburndale,12,10,39.50666666666667,18.291666666666668,30.666666666666668,93.645,0.4,2026-01,avg_duration_by_zone_hour,True
119,Highbridge,5,20,39.42916666666667,26.191666666666666,30.85,83.88833333333335,0.4,2026-01,avg_duration_by_zone_hour,True
184,Pelham Bay Park,8,5,39.00333333333333,40.016666666666666,32.61666666666667,49.50333333333333,0.4,2026-01,avg_duration_by_zone_hour,True
57,Corona,7,5,38.53666666666667,30.683333333333334,30.45,68.72,0.4,2026-01,avg_duration_by_zone_hour,True
15,Bay Terrace/Fort Totten,10,5,38.46333333333334,33.81666666666667,30.966666666666665,75.08333333333334,0.4,2026-01,avg_duration_by_zone_hour,True
240,Van Cortlandt Park,18,5,36.83333333333333,23.233333333333334,23.45,65.16666666666667,0.4,2026-01,avg_duration_by_zone_hour,True
150,Manhattan Beach,5,5,36.71666666666667,13.85,23.9,74.89,0.4,2026-01,avg_duration_by_zone_hour,True
183,Pelham Bay,19,10,36.260000000000005,17.616666666666667,20.15,82.065,0.4,2026-01,avg_duration_by_zone_hour,True
53,College Point,13,15,35.89,20.616666666666667,32.25,76.28333333333333,0.4,2026-01,avg_duration_by_zone_hour,True
190,Prospect Park,8,15,35.10444444444444,27.133333333333333,28.083333333333332,74.34,0.4,2026-01,avg_duration_by_zone_hour,True
21,Bensonhurst East,17,25,35.089333333333336,23.566666666666666,26.333333333333332,73.55,0.4,2026-01,avg_duration_by_zone_hour,True
169,Mount Hope,20,25,33.915333333333336,16.9,17.916666666666668,86.76666666666667,0.4,2026-01,avg_duration_by_zone_hour,True
203,Rosedale,13,10,33.54333333333334,29.758333333333333,32.25,61.94666666666666,0.4,2026-01,avg_duration_by_zone_hour,True
248,West Farms/Bronx River,18,15,33.40555555555555,28.0,23.45,60.27333333333332,0.4,2026-01,avg_duration_by_zone_hour,True
9,Auburndale,4,5,32.99666666666667,16.933333333333334,17.016666666666666,66.91666666666667,0.4,2026-01,avg_duration_by_zone_hour,True
55,Coney Island,2,5,29.28333333333333,22.05,18.566666666666666,54.52,0.4,2026-01,avg_duration_by_zone_hour,True
176,Oakwood,6,5,28.8,30.0,24.4,45.400000000000006,0.4,2026-01,avg_duration_by_zone_hour,True
121,Hillcrest/Pomonok,4,20,25.901666666666664,18.858333333333334,17.016666666666666,58.841666666666676,0.4,2026-01,avg_duration_by_zone_hour,True
15,Bay Terrace/Fort Totten,6,10,25.556666666666665,21.95,26.433333333333334,40.94333333333333,0.4,2026-01,avg_duration_by_zone_hour,True
214,South Beach/Dongan Hills,6,5,25.333333333333336,22.05,24.4,35.98666666666667,0.4,2026-01,avg_duration_by_zone_hour,True
207,Saint Michaels Cemetery/Woodside,7,5,25.28666666666667,11.833333333333334,30.45,56.373333333333335,0.4,2026-01,avg_duration_by_zone_hour,True
86,Far Rockaway,23,15,24.88111111111111,22.133333333333333,22.483333333333334,44.10666666666666,0.4,2026-01,avg_duration_by_zone_hour,True
160,Middle Village,4,10,23.395,17.941666666666666,17.016666666666666,43.276666666666664,0.4,2026-01,avg_duration_by_zone_hour,True
257,Windsor Terrace,2,5,23.026666666666664,21.916666666666668,18.566666666666666,35.403333333333336,0.4,2026-01,avg_duration_by_zone_hour,True
227,Sunset Park East,22,20,22.690833333333334,22.291666666666664,20.15,37.18833333333333,0.4,2026-01,avg_duration_by_zone_hour,True
227,Sunset Park East,23,25,22.561999999999998,19.3,19.75,38.07,0.4,2026-01,avg_duration_by_zone_hour,True
212,Soundview/Bruckner,21,15,22.154444444444444,15.65,17.333333333333332,39.88999999999999,0.4,2026-01,avg_duration_by_zone_hour,True
213,Soundview/Castle Hill,22,25,21.754,16.666666666666668,16.266666666666666,41.02666666666668,0.4,2026-01,avg_duration_by_zone_hour,True
150,Manhattan Beach,22,10,21.56666666666667,19.683333333333334,20.15,35.56166666666666,0.4,2026-01,avg_duration_by_zone_hour,True
34,Brooklyn Navy Yard,23,15,21.040000000000003,23.716666666666665,19.75,29.806666666666665,0.4,2026-01,avg_duration_by_zone_hour,True
52,Cobble Hill,2,10,20.866666666666667,19.475,18.566666666666666,30.026666666666667,0.4,2026-01,avg_duration_by_zone_hour,True
29,Brighton Beach,22,5,20.606666666666666,15.766666666666667,20.15,35.77,0.4,2026-01,avg_duration_by_zone_hour,True
81,Eastchester,0,10,19.765,15.991666666666667,13.666666666666666,25.479999999999983,0.4,2026-01,avg_duration_by_zone_hour,True
64,Douglaston,23,10,19.416666666666664,16.475,22.483333333333334,29.505,0.4,2026-01,avg_duration_by_zone_hour,True
219,Springfield Gardens South,2,15,19.276666666666664,18.15,17.116666666666667,33.736666666666665,0.4,2026-01,avg_duration_by_zone_hour,True
252,Whitestone,1,5,19.203333333333333,21.866666666666667,19.0,25.503333333333334,0.4,2026-01,avg_duration_by_zone_hour,True
54,Columbia Street,0,15,19.08111111111111,17.35,19.533333333333335,29.5,0.4,2026-01,avg_duration_by_zone_hour,True
38,Cambria Heights,1,5,19.02,18.983333333333334,19.0,25.363333333333333,0.4,2026-01,avg_duration_by_zone_hour,True
208,Schuylerville/Edgewater Park,0,15,18.952222222222225,15.6,13.666666666666666,32.11333333333333,0.4,2026-01,avg_duration_by_zone_hour,True
174,Norwood,2,5,18.936666666666667,16.1,14.0,30.21666666666667,0.4,2026-01,avg_duration_by_zone_hour,True
200,Riverdale/North Riverdale/Fieldston,21,10,18.685,19.40833333333333,17.333333333333332,26.523333333333333,0.4,2026-01,avg_duration_by_zone_hour,True
169,Mount Hope,1,20,18.61,13.058333333333334,13.65,38.43666666666668,0.4,2026-01,avg_duration_by_zone_hour,True
242,Van Nest/Morris Park,2,5,18.119999999999997,15.233333333333333,14.0,25.843333333333334,0.4,2026-01,avg_duration_by_zone_hour,True
160,Middle Village,3,10,17.313333333333333,15.133333333333333,16.966666666666665,30.066666666666666,0.4,2026-01,avg_duration_by_zone_hour,True
182,Parkchester,3,5,16.443333333333335,15.9,14.666666666666666,21.513333333333335,0.4,2026-01,avg_duration_by_zone_hour,True
178,Ocean Parkway South,23,5,16.29,13.15,19.75,26.69,0.4,2026-01,avg_duration_by_zone_hour,True
20,Belmont,2,5,16.10333333333333,12.966666666666667,14.0,21.48,0.4,2026-01,avg_duration_by_zone_hour,True
12,Battery Park,0,5,15.806666666666667,13.466666666666667,11.766666666666667,22.753333333333334,0.4,2026-01,avg_duration_by_zone_hour,True
81,Eastchester,23,20,15.383333333333335,16.866666666666667,14.6,21.571666666666665,0.4,2026-01,avg_duration_by_zone_hour,True
194,Randalls Island,21,5,13.919999999999998,14.566666666666666,12.166666666666666,22.523333333333333,0.4,2026-01,avg_duration_by_zone_hour,True
120,Highbridge Park,22,5,11.97,13.95,12.316666666666666,18.92,0.4,2026-01,avg_duration_by_zone_hour,True
147,Longwood,14,28,44.775,38.30833333333333,34.18333333333334,84.88833333333335,0.39285714285714285,2026-01,avg_duration_by_zone_hour,True
60,Crotona Park East,17,28,33.854166666666664,29.875,28.3,66.59666666666666,0.39285714285714285,2026-01,avg_duration_by_zone_hour,True
119,Highbridge,18,28,32.51904761904762,18.741666666666667,23.45,83.28333333333335,0.39285714285714285,2026-01,avg_duration_by_zone_hour,True
257,Windsor Terrace,11,28,31.673214285714288,31.858333333333334,28.466666666666665,52.300000000000004,0.39285714285714285,2026-01,avg_duration_by_zone_hour,True
242,Van Nest/Morris Park,19,28,24.722619047619048,19.825000000000003,20.15,46.55166666666668,0.39285714285714285,2026-01,avg_duration_by_zone_hour,True
257,Windsor Terrace,13,23,41.46884057971015,29.133333333333333,27.266666666666666,77.16333333333333,0.391304347826087,2026-01,avg_duration_by_zone_hour,True
20,Belmont,5,23,37.22608695652174,33.38333333333333,30.85,74.66333333333334,0.391304347826087,2026-01,avg_duration_by_zone_hour,True
252,Whitestone,8,23,36.1231884057971,28.466666666666665,31.55,68.21333333333332,0.391304347826087,2026-01,avg_duration_by_zone_hour,True
178,Ocean Parkway South,15,23,33.67391304347826,21.716666666666665,26.7,69.03000000000002,0.391304347826087,2026-01,avg_duration_by_zone_hour,True
122,Hollis,11,23,33.23623188405797,32.166666666666664,30.366666666666667,52.900000000000006,0.391304347826087,2026-01,avg_duration_by_zone_hour,True
254,Williamsbridge/Olinville,21,23,21.332608695652173,20.6,17.333333333333332,35.79333333333333,0.391304347826087,2026-01,avg_duration_by_zone_hour,True
14,Bay Ridge,2,23,19.208695652173912,17.483333333333334,18.566666666666666,26.346666666666668,0.391304347826087,2026-01,avg_duration_by_zone_hour,True
258,Woodhaven,3,23,18.89927536231884,17.5,16.966666666666665,32.46666666666667,0.391304347826087,2026-01,avg_duration_by_zone_hour,True
180,Ozone Park,1,23,17.85072463768116,21.333333333333332,19.0,29.343333333333334,0.391304347826087,2026-01,avg_duration_by_zone_hour,True
190,Prospect Park,12,18,31.72407407407407,27.4,27.7,59.01666666666667,0.3888888888888889,2026-01,avg_duration_by_zone_hour,True
101,Glen Oaks,11,18,30.022222222222222,20.583333333333336,30.366666666666667,58.788333333333334,0.3888888888888889,2026-01,avg_duration_by_zone_hour,True
167,Morrisania/Melrose,21,18,27.974074074074075,13.283333333333333,17.333333333333332,63.940000000000005,0.3888888888888889,2026-01,avg_duration_by_zone_hour,True
178,Ocean Parkway South,14,13,48.88333333333333,24.766666666666666,27.0,117.97000000000004,0.38461538461538464,2026-01,avg_duration_by_zone_hour,True
183,Pelham Bay,5,13,48.83589743589744,20.666666666666668,30.85,128.26666666666668,0.38461538461538464,2026-01,avg_duration_by_zone_hour,True
19,Bellerose,16,13,44.660256410256416,36.35,40.766666666666666,83.28999999999999,0.38461538461538464,2026-01,avg_duration_by_zone_hour,True
20,Belmont,13,26,43.14551282051282,39.28333333333333,32.93333333333333,75.96666666666667,0.38461538461538464,2026-01,avg_duration_by_zone_hour,True
190,Prospect Park,13,13,42.16538461538461,29.183333333333334,27.266666666666666,76.33666666666667,0.38461538461538464,2026-01,avg_duration_by_zone_hour,True
67,Dyker Heights,14,26,33.074999999999996,24.133333333333333,27.0,67.86666666666667,0.38461538461538464,2026-01,avg_duration_by_zone_hour,True
205,Saint Albans,0,13,23.02948717948718,17.083333333333332,21.15,36.57666666666666,0.38461538461538464,2026-01,avg_duration_by_zone_hour,True
190,Prospect Park,19,13,22.347435897435897,16.633333333333333,21.966666666666665,40.14000000000001,0.38461538461538464,2026-01,avg_duration_by_zone_hour,True
227,Sunset Park East,21,13,22.344871794871796,21.666666666666668,20.3,39.966666666666676,0.38461538461538464,2026-01,avg_duration_by_zone_hour,True
222,Starrett City,22,13,20.834615384615386,15.133333333333333,20.15,35.2,0.38461538461538464,2026-01,avg_duration_by_zone_hour,True
159,Melrose South,3,13,20.0,17.933333333333334,14.666666666666666,33.970000000000006,0.38461538461538464,2026-01,avg_duration_by_zone_hour,True
98,Fresh Meadows,8,21,38.67142857142857,22.4,31.55,96.56666666666666,0.38095238095238093,2026-01,avg_duration_by_zone_hour,True
119,Highbridge,17,21,37.24603174603175,30.516666666666666,28.3,85.41666666666667,0.38095238095238093,2026-01,avg_duration_by_zone_hour,True
185,Pelham Parkway,19,21,32.02936507936508,19.916666666666668,20.15,75.95,0.38095238095238093,2026-01,avg_duration_by_zone_hour,True
227,Sunset Park East,4,21,19.382539682539683,19.133333333333333,19.433333333333334,31.616666666666667,0.38095238095238093,2026-01,avg_duration_by_zone_hour,True
235,University Heights/Morris Heights,23,21,16.833333333333332,15.266666666666667,14.6,26.316666666666666,0.38095238095238093,2026-01,avg_duration_by_zone_hour,True
81,Eastchester,11,29,41.68103448275862,39.3,38.083333333333336,64.98333333333332,0.3793103448275862,2026-01,avg_duration_by_zone_hour,True
213,Soundview/Castle Hill,16,29,39.05574712643678,35.9,35.9,74.61333333333333,0.3793103448275862,2026-01,avg_duration_by_zone_hour,True
121,Hillcrest/Pomonok,11,29,38.469540229885055,34.5,30.366666666666667,76.08,0.3793103448275862,2026-01,avg_duration_by_zone_hour,True
54,Columbia Street,19,29,25.254022988505746,22.066666666666666,21.966666666666665,43.67666666666666,0.3793103448275862,2026-01,avg_duration_by_zone_hour,True
77,East New York/Pennsylvania Avenue,19,29,23.571264367816095,20.3,21.966666666666665,44.35333333333333,0.3793103448275862,2026-01,avg_duration_by_zone_hour,True
62,Crown Heights South,1,29,21.43735632183908,18.25,19.333333333333332,33.54,0.3793103448275862,2026-01,avg_duration_by_zone_hour,True
147,Longwood,20,8,46.639583333333334,21.241666666666667,17.916666666666668,117.28999999999999,0.375,2026-01,avg_duration_by_zone_hour,True
67,Dyker Heights,16,16,46.463541666666664,31.975,27.65,104.59166666666667,0.375,2026-01,avg_duration_by_zone_hour,True
16,Bayside,10,8,34.61458333333333,18.78333333333333,30.966666666666665,74.83166666666665,0.375,2026-01,avg_duration_by_zone_hour,True
185,Pelham Parkway,18,24,31.380555555555556,23.25,23.45,62.25,0.375,2026-01,avg_duration_by_zone_hour,True
73,East Flushing,23,8,30.875,22.65833333333333,22.483333333333334,58.36333333333333,0.375,2026-01,avg_duration_by_zone_hour,True
242,Van Nest/Morris Park,4,16,29.54375,21.866666666666667,21.066666666666666,59.425,0.375,2026-01,avg_duration_by_zone_hour,True
212,Soundview/Bruckner,20,16,27.597916666666666,18.583333333333332,17.916666666666668,66.25833333333333,0.375,2026-01,avg_duration_by_zone_hour,True
47,Claremont/Bathgate,20,16,26.395833333333332,18.925,17.916666666666668,62.25833333333333,0.375,2026-01,avg_duration_by_zone_hour,True
81,Eastchester,19,8,26.0375,21.2,20.15,52.099999999999994,0.375,2026-01,avg_duration_by_zone_hour,True
136,Kingsbridge Heights,2,8,23.681250000000002,15.133333333333333,14.0,47.66499999999999,0.375,2026-01,avg_duration_by_zone_hour,True
178,Ocean Parkway South,21,8,23.60625,18.375,20.3,46.446666666666665,0.375,2026-01,avg_duration_by_zone_hour,True
171,Murray Hill-Queens,5,8,23.366666666666667,20.675,20.616666666666667,37.53999999999999,0.375,2026-01,avg_duration_by_zone_hour,True
165,Midwood,1,8,22.979166666666668,19.625,19.333333333333332,39.14833333333333,0.375,2026-01,avg_duration_by_zone_hour,True
194,Randalls Island,9,8,22.358333333333334,10.658333333333333,12.266666666666667,49.218333333333334,0.375,2026-01,avg_duration_by_zone_hour,True
248,West Farms/Bronx River,20,8,22.227083333333333,16.958333333333332,17.916666666666668,41.769999999999996,0.375,2026-01,avg_duration_by_zone_hour,True
86,Far Rockaway,0,8,22.070833333333333,18.7,21.15,36.71666666666666,0.375,2026-01,avg_duration_by_zone_hour,True
150,Manhattan Beach,20,8,21.197916666666668,22.674999999999997,21.2,32.724999999999994,0.375,2026-01,avg_duration_by_zone_hour,True
40,Carroll Gardens,3,16,21.003125,21.125,18.866666666666667,28.241666666666667,0.375,2026-01,avg_duration_by_zone_hour,True
136,Kingsbridge Heights,21,8,20.383333333333333,14.316666666666666,17.333333333333332,40.04833333333333,0.375,2026-01,avg_duration_by_zone_hour,True
196,Rego Park,2,8,20.325,20.133333333333333,17.116666666666667,29.619999999999997,0.375,2026-01,avg_duration_by_zone_hour,True
14,Bay Ridge,1,24,20.084027777777777,18.40833333333333,19.333333333333332,32.516666666666666,0.375,2026-01,avg_duration_by_zone_hour,True
63,Cypress Hills,1,16,19.832291666666666,17.891666666666666,19.333333333333332,32.275,0.375,2026-01,avg_duration_by_zone_hour,True
39,Canarsie,2,16,19.16979166666667,18.666666666666668,18.566666666666666,27.458333333333336,0.375,2026-01,avg_duration_by_zone_hour,True
240,Van Cortlandt Park,23,8,16.522916666666667,16.958333333333332,14.6,24.138333333333332,0.375,2026-01,avg_duration_by_zone_hour,True
60,Crotona Park East,23,24,16.130555555555556,13.883333333333333,14.6,29.29333333333333,0.375,2026-01,avg_duration_by_zone_hour,True
169,Mount Hope,23,24,15.884722222222223,13.791666666666668,14.6,30.69833333333333,0.375,2026-01,avg_duration_by_zone_hour,True
135,Kew Gardens Hills,2,8,15.377083333333333,12.366666666666667,17.116666666666667,25.581666666666667,0.375,2026-01,avg_duration_by_zone_hour,True
60,Crotona Park East,3,8,14.870833333333334,13.341666666666669,14.666666666666666,22.143333333333334,0.375,2026-01,avg_duration_by_zone_hour,True
12,Battery Park,20,8,14.68125,11.375,12.166666666666666,25.118333333333332,0.375,2026-01,avg_duration_by_zone_hour,True
259,Woodlawn/Wakefield,3,8,14.583333333333334,11.891666666666666,14.666666666666666,23.834999999999997,0.375,2026-01,avg_duration_by_zone_hour,True
183,Pelham Bay,1,8,14.28125,16.216666666666665,13.65,17.921666666666667,0.375,2026-01,avg_duration_by_zone_hour,True
18,Bedford Park,19,27,24.5962962962963,19.416666666666668,20.15,45.80666666666667,0.37037037037037035,2026-01,avg_duration_by_zone_hour,True
62,Crown Heights South,3,27,20.903086419753087,17.133333333333333,18.866666666666667,34.123333333333335,0.37037037037037035,2026-01,avg_duration_by_zone_hour,True
62,Crown Heights South,2,27,20.689506172839508,18.866666666666667,18.566666666666666,35.2,0.37037037037037035,2026-01,avg_duration_by_zone_hour,True
178,Ocean Parkway South,7,19,36.98684210526316,26.616666666666667,29.2,76.30666666666666,0.3684210526315789,2026-01,avg_duration_by_zone_hour,True
11,Bath Beach,15,19,32.02456140350878,25.933333333333334,26.7,63.14999999999999,0.3684210526315789,2026-01,avg_duration_by_zone_hour,True
16,Bayside,9,19,31.15438596491228,24.7,31.491666666666667,56.993333333333325,0.3684210526315789,2026-01,avg_duration_by_zone_hour,True
178,Ocean Parkway South,13,19,30.28333333333333,20.0,27.266666666666666,49.273333333333326,0.3684210526315789,2026-01,avg_duration_by_zone_hour,True
54,Columbia Street,17,19,27.03421052631579,20.566666666666666,26.333333333333332,46.51,0.3684210526315789,2026-01,avg_duration_by_zone_hour,True
215,South Jamaica,3,19,21.238596491228073,19.3,16.966666666666665,34.55666666666665,0.3684210526315789,2026-01,avg_duration_by_zone_hour,True
191,Queens Village,4,19,19.62456140350877,16.25,17.016666666666666,32.480000000000004,0.3684210526315789,2026-01,avg_duration_by_zone_hour,True
18,Bedford Park,0,19,15.978070175438598,14.283333333333333,13.666666666666666,23.86333333333333,0.3684210526315789,2026-01,avg_duration_by_zone_hour,True
200,Riverdale/North Riverdale/Fieldston,13,22,39.4780303030303,27.35,32.93333333333333,87.34166666666673,0.36363636363636365,2026-01,avg_duration_by_zone_hour,True
171,Murray Hill-Queens,9,22,36.88787878787878,31.71666666666667,31.491666666666667,58.88500000000002,0.36363636363636365,2026-01,avg_duration_by_zone_hour,True
101,Glen Oaks,12,11,36.50606060606061,32.35,30.666666666666668,74.58333333333333,0.36363636363636365,2026-01,avg_duration_by_zone_hour,True
9,Auburndale,14,11,35.91363636363636,28.9,36.11666666666667,57.416666666666664,0.36363636363636365,2026-01,avg_duration_by_zone_hour,True
192,Queensboro Hill,12,11,34.483333333333334,21.65,30.666666666666668,67.33333333333333,0.36363636363636365,2026-01,avg_duration_by_zone_hour,True
252,Whitestone,11,11,30.677272727272726,19.65,30.366666666666667,61.666666666666664,0.36363636363636365,2026-01,avg_duration_by_zone_hour,True
259,Woodlawn/Wakefield,20,11,29.145454545454548,15.033333333333333,17.916666666666668,68.86666666666666,0.36363636363636365,2026-01,avg_duration_by_zone_hour,True
133,Kensington,4,11,28.595454545454547,23.316666666666666,19.433333333333334,43.25,0.36363636363636365,2026-01,avg_duration_by_zone_hour,True
192,Queensboro Hill,19,11,26.94393939393939,19.916666666666668,29.2,45.15,0.36363636363636365,2026-01,avg_duration_by_zone_hour,True
6,Arrochar/Fort Wadsworth,8,11,26.3530303030303,18.983333333333334,23.316666666666666,49.4,0.36363636363636365,2026-01,avg_duration_by_zone_hour,True
119,Highbridge,3,11,23.913636363636364,17.416666666666668,14.666666666666666,49.5,0.36363636363636365,2026-01,avg_duration_by_zone_hour,True
174,Norwood,19,22,23.076515151515153,20.625,20.15,44.55833333333336,0.36363636363636365,2026-01,avg_duration_by_zone_hour,True
227,Sunset Park East,3,11,23.019696969696973,16.866666666666667,18.866666666666667,36.083333333333336,0.36363636363636365,2026-01,avg_duration_by_zone_hour,True
178,Ocean Parkway South,20,11,20.786363636363635,13.966666666666667,21.2,35.15,0.36363636363636365,2026-01,avg_duration_by_zone_hour,True
227,Sunset Park East,2,11,20.44242424242424,18.55,18.566666666666666,32.53333333333333,0.36363636363636365,2026-01,avg_duration_by_zone_hour,True
235,University Heights/Morris Heights,2,11,19.925757575757576,14.55,14.0,39.36666666666667,0.36363636363636365,2026-01,avg_duration_by_zone_hour,True
265,Outside of NYC,4,11,19.436363636363637,13.65,12.666666666666666,40.95,0.36363636363636365,2026-01,avg_duration_by_zone_hour,True
21,Bensonhurst East,0,11,18.384848484848487,8.266666666666667,19.533333333333335,40.7,0.36363636363636365,2026-01,avg_duration_by_zone_hour,True
254,Williamsbridge/Olinville,0,22,18.168181818181818,11.225000000000001,13.666666666666666,30.913333333333348,0.36363636363636365,2026-01,avg_duration_by_zone_hour,True
32,Bronxdale,23,22,16.525757575757577,12.466666666666667,14.6,28.84500000000001,0.36363636363636365,2026-01,avg_duration_by_zone_hour,True
47,Claremont/Bathgate,3,11,16.43939393939394,13.416666666666666,14.666666666666666,30.083333333333332,0.36363636363636365,2026-01,avg_duration_by_zone_hour,True
6,Arrochar/Fort Wadsworth,16,11,15.653030303030304,13.45,14.383333333333333,22.7,0.36363636363636365,2026-01,avg_duration_by_zone_hour,True
194,Randalls Island,19,11,14.439393939393938,12.483333333333333,12.333333333333334,24.7,0.36363636363636365,2026-01,avg_duration_by_zone_hour,True
248,West Farms/Bronx River,17,25,34.00866666666667,21.75,28.3,52.976666666666674,0.36,2026-01,avg_duration_by_zone_hour,True
205,Saint Albans,20,25,27.208000000000002,19.533333333333335,27.233333333333334,52.96,0.36,2026-01,avg_duration_by_zone_hour,True
252,Whitestone,13,14,33.17857142857143,28.03333333333333,32.25,60.76666666666668,0.35714285714285715,2026-01,avg_duration_by_zone_hour,True
139,Laurelton,19,14,31.735714285714288,25.75,29.2,62.11333333333334,0.35714285714285715,2026-01,avg_duration_by_zone_hour,True
150,Manhattan Beach,18,14,25.60833333333333,23.775,23.125,42.29333333333334,0.35714285714285715,2026-01,avg_duration_by_zone_hour,True
21,Bensonhurst East,22,14,23.84404761904762,17.8,20.15,48.61833333333335,0.35714285714285715,2026-01,avg_duration_by_zone_hour,True
250,Westchester Village/Unionport,19,14,23.317857142857143,19.883333333333333,20.15,40.74000000000001,0.35714285714285715,2026-01,avg_duration_by_zone_hour,True
147,Longwood,19,14,22.979761904761904,20.516666666666666,20.15,35.01833333333334,0.35714285714285715,2026-01,avg_duration_by_zone_hour,True
93,Flushing Meadows-Corona Park,1,14,18.95952380952381,15.391666666666666,19.0,31.025000000000006,0.35714285714285715,2026-01,avg_duration_by_zone_hour,True
191,Queens Village,2,14,16.073809523809523,15.741666666666667,17.116666666666667,25.363333333333337,0.35714285714285715,2026-01,avg_duration_by_zone_hour,True
147,Longwood,0,14,14.689285714285715,14.366666666666667,13.666666666666666,22.973333333333336,0.35714285714285715,2026-01,avg_duration_by_zone_hour,True
98,Fresh Meadows,11,17,43.96862745098039,28.35,30.366666666666667,99.54,0.35294117647058826,2026-01,avg_duration_by_zone_hour,True
60,Crotona Park East,14,17,43.14607843137255,37.233333333333334,34.18333333333334,88.59666666666666,0.35294117647058826,2026-01,avg_duration_by_zone_hour,True
252,Whitestone,12,17,40.2686274509804,28.116666666666667,30.666666666666668,82.15,0.35294117647058826,2026-01,avg_duration_by_zone_hour,True
16,Bayside,20,17,34.55882352941177,23.3,27.233333333333334,68.37333333333333,0.35294117647058826,2026-01,avg_duration_by_zone_hour,True
205,Saint Albans,21,17,28.90686274509804,23.316666666666666,24.45,61.11333333333334,0.35294117647058826,2026-01,avg_duration_by_zone_hour,True
26,Borough Park,5,17,27.75588235294118,22.2,23.9,55.626666666666665,0.35294117647058826,2026-01,avg_duration_by_zone_hour,True
55,Coney Island,0,17,27.135294117647057,17.566666666666666,19.533333333333335,45.22,0.35294117647058826,2026-01,avg_duration_by_zone_hour,True
78,East Tremont,1,17,21.01078431372549,15.183333333333334,13.65,41.92000000000001,0.35294117647058826,2026-01,avg_duration_by_zone_hour,True
208,Schuylerville/Edgewater Park,14,20,38.277499999999996,37.45833333333333,34.18333333333334,55.62500000000001,0.35,2026-01,avg_duration_by_zone_hour,True
208,Schuylerville/Edgewater Park,13,20,35.93666666666667,25.041666666666668,32.93333333333333,77.06166666666668,0.35,2026-01,avg_duration_by_zone_hour,True
221,Stapleton,8,20,25.408333333333335,19.616666666666667,23.316666666666666,48.91500000000001,0.35,2026-01,avg_duration_by_zone_hour,True
39,Canarsie,3,20,23.9725,15.475000000000001,18.866666666666667,48.998333333333356,0.35,2026-01,avg_duration_by_zone_hour,True
85,Erasmus,2,20,19.638333333333332,16.391666666666666,18.566666666666666,29.821666666666665,0.35,2026-01,avg_duration_by_zone_hour,True
102,Glendale,4,20,17.240000000000002,18.041666666666664,17.016666666666666,24.70333333333334,0.35,2026-01,avg_duration_by_zone_hour,True
213,Soundview/Castle Hill,0,20,13.914166666666668,13.358333333333334,13.666666666666666,21.350000000000005,0.35,2026-01,avg_duration_by_zone_hour,True
69,East Concourse/Concourse Village,2,20,13.809166666666666,12.975,14.0,23.16,0.35,2026-01,avg_duration_by_zone_hour,True
212,Soundview/Bruckner,12,23,39.9195652173913,30.816666666666666,34.68333333333334,77.10666666666667,0.34782608695652173,2026-01,avg_duration_by_zone_hour,True
147,Longwood,12,23,39.32826086956521,36.68333333333333,34.68333333333334,65.92999999999999,0.34782608695652173,2026-01,avg_duration_by_zone_hour,True
178,Ocean Parkway South,10,23,31.605072463768114,25.65,28.55,55.03,0.34782608695652173,2026-01,avg_duration_by_zone_hour,True
133,Kensington,5,23,28.359420289855073,23.95,23.9,59.363333333333344,0.34782608695652173,2026-01,avg_duration_by_zone_hour,True
47,Claremont/Bathgate,23,23,17.31231884057971,16.0,14.6,25.503333333333337,0.34782608695652173,2026-01,avg_duration_by_zone_hour,True
149,Madison,18,26,26.77628205128205,17.625,23.125,59.69166666666666,0.34615384615384615,2026-01,avg_duration_by_zone_hour,True
106,Gowanus,5,26,26.730128205128207,24.299999999999997,23.9,39.33333333333333,0.34615384615384615,2026-01,avg_duration_by_zone_hour,True
67,Dyker Heights,6,29,36.34827586206896,29.983333333333334,28.7,56.23666666666664,0.3448275862068966,2026-01,avg_duration_by_zone_hour,True
160,Middle Village,12,29,30.192528735632184,25.733333333333334,30.666666666666668,51.92333333333333,0.3448275862068966,2026-01,avg_duration_by_zone_hour,True
217,South Williamsburg,12,29,25.927011494252874,22.966666666666665,27.7,53.47666666666667,0.3448275862068966,2026-01,avg_duration_by_zone_hour,True
235,University Heights/Morris Heights,19,29,22.991954022988505,17.783333333333335,20.15,33.13999999999999,0.3448275862068966,2026-01,avg_duration_by_zone_hour,True
85,Erasmus,0,29,21.54022988505747,20.466666666666665,19.533333333333335,33.693333333333335,0.3448275862068966,2026-01,avg_duration_by_zone_hour,True
217,South Williamsburg,21,29,20.025862068965516,17.966666666666665,20.3,30.843333333333334,0.3448275862068966,2026-01,avg_duration_by_zone_hour,True
96,Forest Park/Highland Park,17,3,57.73333333333333,43.13333333333333,37.016666666666666,83.24000000000001,0.3333333333333333,2026-01,avg_duration_by_zone_hour,True
175,Oakland Gardens,15,6,54.24166666666667,41.900000000000006,39.85,110.35833333333335,0.3333333333333333,2026-01,avg_duration_by_zone_hour,True
31,Bronx Park,16,3,51.06111111111111,37.95,35.9,77.97666666666667,0.3333333333333333,2026-01,avg_duration_by_zone_hour,True
94,Fordham South,11,21,46.98888888888889,42.2,38.083333333333336,105.66666666666667,0.3333333333333333,2026-01,avg_duration_by_zone_hour,True
46,City Island,9,3,46.550000000000004,39.6,35.225,73.49333333333334,0.3333333333333333,2026-01,avg_duration_by_zone_hour,True
98,Fresh Meadows,16,9,45.879629629629626,32.55,40.766666666666666,83.02333333333334,0.3333333333333333,2026-01,avg_duration_by_zone_hour,True
240,Van Cortlandt Park,20,3,45.19444444444445,16.583333333333332,17.916666666666668,92.11666666666667,0.3333333333333333,2026-01,avg_duration_by_zone_hour,True
122,Hollis,19,3,42.43333333333333,31.816666666666666,29.2,76.60333333333334,0.3333333333333333,2026-01,avg_duration_by_zone_hour,True
122,Hollis,16,15,42.37888888888889,23.316666666666666,40.766666666666666,87.57333333333332,0.3333333333333333,2026-01,avg_duration_by_zone_hour,True
203,Rosedale,16,15,41.81111111111112,37.833333333333336,40.766666666666666,86.69666666666666,0.3333333333333333,2026-01,avg_duration_by_zone_hour,True
94,Fordham South,14,18,40.85462962962963,27.625,34.18333333333334,104.40333333333335,0.3333333333333333,2026-01,avg_duration_by_zone_hour,True
59,Crotona Park,13,3,40.4,27.783333333333335,32.93333333333333,60.63666666666666,0.3333333333333333,2026-01,avg_duration_by_zone_hour,True
15,Bay Terrace/Fort Totten,15,6,40.15833333333333,29.2,39.85,72.45,0.3333333333333333,2026-01,avg_duration_by_zone_hour,True
101,Glen Oaks,17,9,40.096296296296295,41.06666666666667,37.016666666666666,56.02666666666667,0.3333333333333333,2026-01,avg_duration_by_zone_hour,True
190,Prospect Park,9,9,40.08518518518518,19.933333333333334,28.266666666666666,104.0,0.3333333333333333,2026-01,avg_duration_by_zone_hour,True
31,Bronx Park,15,9,39.611111111111114,36.85,33.849999999999994,60.09333333333334,0.3333333333333333,2026-01,avg_duration_by_zone_hour,True
171,Murray Hill-Queens,14,15,39.17111111111112,18.916666666666668,36.11666666666667,100.8,0.3333333333333333,2026-01,avg_duration_by_zone_hour,True
16,Bayside,17,6,39.050000000000004,30.96666666666667,37.016666666666666,63.49166666666666,0.3333333333333333,2026-01,avg_duration_by_zone_hour,True
115,Grymes Hill/Clifton,7,12,38.956944444444446,30.741666666666667,31.9,57.79833333333334,0.3333333333333333,2026-01,avg_duration_by_zone_hour,True
31,Bronx Park,12,3,38.06111111111111,39.266666666666666,34.68333333333334,55.8,0.3333333333333333,2026-01,avg_duration_by_zone_hour,True
16,Bayside,19,6,37.94722222222222,29.825,29.2,62.75,0.3333333333333333,2026-01,avg_duration_by_zone_hour,True
98,Fresh Meadows,13,15,37.035555555555554,24.4,32.25,72.41666666666666,0.3333333333333333,2026-01,avg_duration_by_zone_hour,True
19,Bellerose,17,18,35.596296296296295,28.266666666666666,37.016666666666666,73.36000000000001,0.3333333333333333,2026-01,avg_duration_by_zone_hour,True
153,Marble Hill,3,3,35.161111111111104,10.383333333333333,11.35,73.97,0.3333333333333333,2026-01,avg_duration_by_zone_hour,True
173,North Corona,10,9,35.00185185185185,27.25,30.966666666666665,67.40333333333334,0.3333333333333333,2026-01,avg_duration_by_zone_hour,True
8,Astoria Park,11,3,34.43333333333333,30.866666666666667,30.366666666666667,49.86666666666667,0.3333333333333333,2026-01,avg_duration_by_zone_hour,True
154,Marine Park/Floyd Bennett Field,8,3,33.81666666666666,24.216666666666665,28.083333333333332,56.11,0.3333333333333333,2026-01,avg_duration_by_zone_hour,True
15,Bay Terrace/Fort Totten,13,9,33.6925925925926,25.0,32.25,75.17333333333333,0.3333333333333333,2026-01,avg_duration_by_zone_hour,True
183,Pelham Bay,8,27,33.55246913580247,26.0,32.61666666666667,71.80666666666667,0.3333333333333333,2026-01,avg_duration_by_zone_hour,True
175,Oakland Gardens,10,12,33.41111111111111,36.2,30.966666666666665,68.90500000000002,0.3333333333333333,2026-01,avg_duration_by_zone_hour,True
58,Country Club,5,3,33.32222222222222,35.083333333333336,30.85,38.32333333333333,0.3333333333333333,2026-01,avg_duration_by_zone_hour,True
101,Glen Oaks,19,9,33.12962962962963,31.333333333333332,29.2,67.56333333333333,0.3333333333333333,2026-01,avg_duration_by_zone_hour,True
64,Douglaston,12,3,33.1,36.86666666666667,30.666666666666668,51.053333333333335,0.3333333333333333,2026-01,avg_duration_by_zone_hour,True
259,Woodlawn/Wakefield,13,24,32.637499999999996,20.141666666666666,32.93333333333333,62.011666666666656,0.3333333333333333,2026-01,avg_duration_by_zone_hour,True
101,Glen Oaks,10,9,32.512962962962966,26.383333333333333,30.966666666666665,55.540000000000006,0.3333333333333333,2026-01,avg_duration_by_zone_hour,True
183,Pelham Bay,16,9,32.3074074074074,33.9,35.9,58.00333333333333,0.3333333333333333,2026-01,avg_duration_by_zone_hour,True
73,East Flushing,12,9,32.20185185185185,25.583333333333332,30.666666666666668,72.41666666666667,0.3333333333333333,2026-01,avg_duration_by_zone_hour,True
29,Brighton Beach,21,9,30.95555555555556,17.183333333333334,20.3,67.95666666666666,0.3333333333333333,2026-01,avg_duration_by_zone_hour,True
192,Queensboro Hill,13,12,30.920833333333334,25.916666666666664,32.25,60.223333333333336,0.3333333333333333,2026-01,avg_duration_by_zone_hour,True
59,Crotona Park,7,3,30.23888888888889,20.383333333333333,31.95,50.99666666666667,0.3333333333333333,2026-01,avg_duration_by_zone_hour,True
192,Queensboro Hill,7,18,29.810185185185187,22.566666666666666,30.45,51.660000000000004,0.3333333333333333,2026-01,avg_duration_by_zone_hour,True
23,Bloomfield/Emerson Hill,7,3,29.594444444444445,30.316666666666666,31.9,44.69,0.3333333333333333,2026-01,avg_duration_by_zone_hour,True
102,Glendale,11,18,28.159259259259258,25.525,30.366666666666667,46.71333333333334,0.3333333333333333,2026-01,avg_duration_by_zone_hour,True
190,Prospect Park,18,21,26.637301587301586,22.783333333333335,23.125,45.416666666666664,0.3333333333333333,2026-01,avg_duration_by_zone_hour,True
20,Belmont,19,21,26.004761904761907,18.3,20.15,44.88333333333333,0.3333333333333333,2026-01,avg_duration_by_zone_hour,True
117,Hammels/Arverne,23,12,25.82361111111111,17.541666666666664,22.483333333333334,42.77333333333334,0.3333333333333333,2026-01,avg_duration_by_zone_hour,True
21,Bensonhurst East,1,6,24.925,22.725,19.333333333333332,44.325,0.3333333333333333,2026-01,avg_duration_by_zone_hour,True
3,Allerton/Pelham Gardens,19,12,24.851388888888888,22.725,20.15,33.62166666666666,0.3333333333333333,2026-01,avg_duration_by_zone_hour,True
108,Gravesend,3,3,24.505555555555556,14.0,18.866666666666667,42.18666666666667,0.3333333333333333,2026-01,avg_duration_by_zone_hour,True
147,Longwood,18,18,24.299074074074074,23.40833333333333,23.45,42.23666666666667,0.3333333333333333,2026-01,avg_duration_by_zone_hour,True
27,Breezy Point/Fort Tilden/Riis Beach,18,3,23.91111111111111,13.583333333333334,31.691666666666666,39.18333333333334,0.3333333333333333,2026-01,avg_duration_by_zone_hour,True
254,Williamsbridge/Olinville,3,12,23.831944444444446,11.708333333333332,14.666666666666666,42.093333333333334,0.3333333333333333,2026-01,avg_duration_by_zone_hour,True
155,Marine Park/Mill Basin,3,3,23.372222222222224,22.166666666666668,18.866666666666667,31.966666666666665,0.3333333333333333,2026-01,avg_duration_by_zone_hour,True
118,Heartland Village/Todt Hill,6,3,23.333333333333332,19.033333333333335,24.4,39.366666666666674,0.3333333333333333,2026-01,avg_duration_by_zone_hour,True
63,Cypress Hills,2,15,23.262222222222224,22.566666666666666,18.566666666666666,39.39666666666667,0.3333333333333333,2026-01,avg_duration_by_zone_hour,True
6,Arrochar/Fort Wadsworth,6,6,23.03888888888889,24.658333333333335,24.4,34.458333333333336,0.3333333333333333,2026-01,avg_duration_by_zone_hour,True
133,Kensington,0,18,22.965740740740742,19.65833333333333,19.533333333333335,31.83333333333334,0.3333333333333333,2026-01,avg_duration_by_zone_hour,True
30,Broad Channel,21,3,22.95555555555556,23.283333333333335,24.45,30.163333333333334,0.3333333333333333,2026-01,avg_duration_by_zone_hour,True
55,Coney Island,1,15,22.554444444444446,18.616666666666667,19.333333333333332,40.54333333333333,0.3333333333333333,2026-01,avg_duration_by_zone_hour,True
32,Bronxdale,1,12,22.156944444444445,13.6,13.65,53.86000000000001,0.3333333333333333,2026-01,avg_duration_by_zone_hour,True
19,Bellerose,19,3,22.066666666666663,18.766666666666666,29.2,34.47333333333333,0.3333333333333333,2026-01,avg_duration_by_zone_hour,True
194,Randalls Island,17,6,21.724999999999998,14.041666666666666,13.183333333333334,45.96666666666666,0.3333333333333333,2026-01,avg_duration_by_zone_hour,True
20,Belmont,20,12,21.688888888888886,16.799999999999997,17.916666666666668,34.43333333333334,0.3333333333333333,2026-01,avg_duration_by_zone_hour,True
117,Hammels/Arverne,0,9,21.462962962962962,12.1,21.15,49.85333333333333,0.3333333333333333,2026-01,avg_duration_by_zone_hour,True
122,Hollis,21,6,21.405555555555555,17.25,24.45,38.34166666666667,0.3333333333333333,2026-01,avg_duration_by_zone_hour,True
183,Pelham Bay,21,9,21.351851851851855,16.616666666666667,17.333333333333332,38.896666666666675,0.3333333333333333,2026-01,avg_duration_by_zone_hour,True
20,Belmont,0,12,21.079166666666666,14.841666666666667,13.666666666666666,35.44166666666667,0.3333333333333333,2026-01,avg_duration_by_zone_hour,True
150,Manhattan Beach,3,3,20.744444444444444,16.166666666666668,18.866666666666667,31.34,0.3333333333333333,2026-01,avg_duration_by_zone_hour,True
183,Pelham Bay,23,9,20.235185185185188,16.2,14.6,38.74666666666666,0.3333333333333333,2026-01,avg_duration_by_zone_hour,True
203,Rosedale,2,3,20.01111111111111,20.45,17.116666666666667,24.209999999999997,0.3333333333333333,2026-01,avg_duration_by_zone_hour,True
175,Oakland Gardens,1,3,19.772222222222222,17.533333333333335,19.0,27.666666666666668,0.3333333333333333,2026-01,avg_duration_by_zone_hour,True
131,Jamaica Estates,1,9,19.405555555555555,14.966666666666667,19.0,35.693333333333335,0.3333333333333333,2026-01,avg_duration_by_zone_hour,True
171,Murray Hill-Queens,2,6,19.155555555555555,17.425,17.116666666666667,34.88333333333333,0.3333333333333333,2026-01,avg_duration_by_zone_hour,True
47,Claremont/Bathgate,21,12,18.880555555555556,18.691666666666666,17.333333333333332,36.591666666666676,0.3333333333333333,2026-01,avg_duration_by_zone_hour,True
21,Bensonhurst East,23,12,18.11388888888889,15.025,19.75,32.885,0.3333333333333333,2026-01,avg_duration_by_zone_hour,True
6,Arrochar/Fort Wadsworth,18,6,17.97222222222222,15.783333333333333,13.666666666666666,27.78333333333333,0.3333333333333333,2026-01,avg_duration_by_zone_hour,True
182,Parkchester,2,6,17.586111111111112,15.216666666666667,14.0,28.016666666666666,0.3333333333333333,2026-01,avg_duration_by_zone_hour,True
160,Middle Village,2,12,17.43888888888889,15.75,17.116666666666667,28.851666666666667,0.3333333333333333,2026-01,avg_duration_by_zone_hour,True
119,Highbridge,1,9,17.37777777777778,15.233333333333333,13.65,26.62666666666667,0.3333333333333333,2026-01,avg_duration_by_zone_hour,True
95,Forest Hills,3,18,17.298148148148147,14.916666666666668,16.966666666666665,28.243333333333336,0.3333333333333333,2026-01,avg_duration_by_zone_hour,True
6,Arrochar/Fort Wadsworth,4,3,16.883333333333333,12.65,13.216666666666667,27.330000000000002,0.3333333333333333,2026-01,avg_duration_by_zone_hour,True
240,Van Cortlandt Park,0,3,16.433333333333334,16.016666666666666,13.666666666666666,17.563333333333333,0.3333333333333333,2026-01,avg_duration_by_zone_hour,True
3,Allerton/Pelham Gardens,23,15,16.326666666666668,12.4,14.6,29.779999999999994,0.3333333333333333,2026-01,avg_duration_by_zone_hour,True
119,Highbridge,2,6,16.29722222222222,14.083333333333332,14.0,27.658333333333335,0.3333333333333333,2026-01,avg_duration_by_zone_hour,True
6,Arrochar/Fort Wadsworth,0,3,16.033333333333335,11.016666666666667,12.933333333333334,27.803333333333335,0.3333333333333333,2026-01,avg_duration_by_zone_hour,True
265,Outside of NYC,3,9,15.50925925925926,10.8,11.666666666666666,28.143333333333338,0.3333333333333333,2026-01,avg_duration_by_zone_hour,True
194,Randalls Island,6,3,15.344444444444443,12.45,10.75,21.583333333333336,0.3333333333333333,2026-01,avg_duration_by_zone_hour,True
139,Laurelton,2,6,15.266666666666666,11.991666666666667,17.116666666666667,28.633333333333333,0.3333333333333333,2026-01,avg_duration_by_zone_hour,True
86,Far Rockaway,3,6,15.222222222222221,15.016666666666666,16.966666666666665,23.30833333333333,0.3333333333333333,2026-01,avg_duration_by_zone_hour,True
241,Van Cortlandt Village,3,9,15.190740740740742,16.883333333333333,14.666666666666666,21.063333333333333,0.3333333333333333,2026-01,avg_duration_by_zone_hour,True
58,Country Club,21,3,14.994444444444445,17.266666666666666,17.333333333333332,21.626666666666665,0.3333333333333333,2026-01,avg_duration_by_zone_hour,True
183,Pelham Bay,0,3,14.572222222222223,16.616666666666667,13.666666666666666,22.803333333333335,0.3333333333333333,2026-01,avg_duration_by_zone_hour,True
180,Ozone Park,3,3,14.21111111111111,7.833333333333333,16.966666666666665,24.553333333333335,0.3333333333333333,2026-01,avg_duration_by_zone_hour,True
200,Riverdale/North Riverdale/Fieldston,1,6,13.708333333333334,12.966666666666667,13.65,18.691666666666666,0.3333333333333333,2026-01,avg_duration_by_zone_hour,True
167,Morrisania/Melrose,0,12,13.662500000000001,14.083333333333332,13.666666666666666,21.828333333333337,0.3333333333333333,2026-01,avg_duration_by_zone_hour,True
136,Kingsbridge Heights,0,12,13.405555555555557,15.858333333333334,13.666666666666666,17.823333333333334,0.3333333333333333,2026-01,avg_duration_by_zone_hour,True
159,Melrose South,1,9,13.383333333333333,9.283333333333333,13.65,21.87666666666667,0.3333333333333333,2026-01,avg_duration_by_zone_hour,True
221,Stapleton,5,3,13.02222222222222,6.166666666666667,13.683333333333334,25.246666666666666,0.3333333333333333,2026-01,avg_duration_by_zone_hour,True
265,Outside of NYC,0,12,12.969444444444443,12.8,12.008333333333333,26.916666666666668,0.3333333333333333,2026-01,avg_duration_by_zone_hour,True
194,Randalls Island,0,3,12.216666666666667,11.883333333333333,11.766666666666667,17.176666666666666,0.3333333333333333,2026-01,avg_duration_by_zone_hour,True
6,Arrochar/Fort Wadsworth,9,3,11.661111111111111,13.2,13.716666666666667,17.493333333333332,0.3333333333333333,2026-01,avg_duration_by_zone_hour,True
120,Highbridge Park,19,3,11.138888888888888,9.8,12.333333333333334,17.933333333333334,0.3333333333333333,2026-01,avg_duration_by_zone_hour,True
167,Morrisania/Melrose,1,12,10.766666666666666,8.675,13.65,18.91,0.3333333333333333,2026-01,avg_duration_by_zone_hour,True
128,Inwood Hill Park,0,3,9.144444444444444,6.6,11.766666666666667,13.346666666666668,0.3333333333333333,2026-01,avg_duration_by_zone_hour,True
180,Ozone Park,13,28,32.01488095238095,20.916666666666664,32.25,66.69000000000001,0.32142857142857145,2026-01,avg_duration_by_zone_hour,True
165,Midwood,22,28,21.398809523809522,19.15833333333333,20.15,37.708333333333336,0.32142857142857145,2026-01,avg_duration_by_zone_hour,True
212,Soundview/Bruckner,22,28,18.30535714285714,15.258333333333333,16.266666666666666,32.785000000000004,0.32142857142857145,2026-01,avg_duration_by_zone_hour,True
180,Ozone Park,10,25,33.222,18.033333333333335,30.966666666666665,71.4866666666667,0.32,2026-01,avg_duration_by_zone_hour,True
136,Kingsbridge Heights,5,25,32.43,26.5,30.85,65.46333333333334,0.32,2026-01,avg_duration_by_zone_hour,True
147,Longwood,5,25,32.24066666666667,27.366666666666667,30.85,61.86666666666667,0.32,2026-01,avg_duration_by_zone_hour,True
217,South Williamsburg,15,25,30.739333333333335,26.366666666666667,26.7,48.45666666666667,0.32,2026-01,avg_duration_by_zone_hour,True
60,Crotona Park East,18,25,27.258000000000003,18.533333333333335,23.45,50.27333333333334,0.32,2026-01,avg_duration_by_zone_hour,True
131,Jamaica Estates,5,25,24.145333333333333,18.083333333333332,20.616666666666667,49.03333333333336,0.32,2026-01,avg_duration_by_zone_hour,True
257,Windsor Terrace,23,25,22.639333333333333,20.433333333333334,19.75,36.900000000000006,0.32,2026-01,avg_duration_by_zone_hour,True
54,Columbia Street,21,25,22.182,22.85,20.3,32.74666666666667,0.32,2026-01,avg_duration_by_zone_hour,True
200,Riverdale/North Riverdale/Fieldston,15,22,37.75757575757576,37.55833333333334,33.849999999999994,65.32166666666669,0.3181818181818182,2026-01,avg_duration_by_zone_hour,True
121,Hillcrest/Pomonok,20,22,32.87045454545454,28.34166666666667,27.233333333333334,55.90000000000001,0.3181818181818182,2026-01,avg_duration_by_zone_hour,True
54,Columbia Street,23,22,19.378030303030304,19.71666666666667,19.75,29.805,0.3181818181818182,2026-01,avg_duration_by_zone_hour,True
106,Gowanus,3,19,21.196491228070176,19.2,18.866666666666667,28.71333333333333,0.3157894736842105,2026-01,avg_duration_by_zone_hour,True
257,Windsor Terrace,21,19,18.025438596491227,15.216666666666667,20.3,31.506666666666668,0.3157894736842105,2026-01,avg_duration_by_zone_hour,True
77,East New York/Pennsylvania Avenue,22,19,17.727192982456142,14.0,20.15,29.456666666666663,0.3157894736842105,2026-01,avg_duration_by_zone_hour,True
212,Soundview/Bruckner,3,19,16.95175438596491,14.316666666666666,14.666666666666666,30.476666666666667,0.3157894736842105,2026-01,avg_duration_by_zone_hour,True
159,Melrose South,2,19,14.175438596491228,14.166666666666666,14.0,22.473333333333333,0.3157894736842105,2026-01,avg_duration_by_zone_hour,True
101,Glen Oaks,15,16,47.233333333333334,22.25,39.85,83.44166666666666,0.3125,2026-01,avg_duration_by_zone_hour,True
139,Laurelton,13,16,44.896875,33.733333333333334,32.25,72.06666666666666,0.3125,2026-01,avg_duration_by_zone_hour,True
203,Rosedale,15,16,37.954166666666666,34.83333333333333,39.85,72.60833333333332,0.3125,2026-01,avg_duration_by_zone_hour,True
11,Bath Beach,13,16,31.822916666666664,28.791666666666668,27.266666666666666,51.4,0.3125,2026-01,avg_duration_by_zone_hour,True
3,Allerton/Pelham Gardens,4,16,24.620833333333334,13.166666666666666,21.066666666666666,61.46666666666667,0.3125,2026-01,avg_duration_by_zone_hour,True
22,Bensonhurst West,20,16,22.216666666666665,14.491666666666667,21.2,45.375,0.3125,2026-01,avg_duration_by_zone_hour,True
218,Springfield Gardens North,0,16,22.135416666666668,19.816666666666666,21.15,43.34166666666667,0.3125,2026-01,avg_duration_by_zone_hour,True
203,Rosedale,0,16,17.713541666666668,13.291666666666668,21.15,32.66666666666667,0.3125,2026-01,avg_duration_by_zone_hour,True
250,Westchester Village/Unionport,0,16,15.842708333333333,14.3,13.666666666666666,25.09166666666667,0.3125,2026-01,avg_duration_by_zone_hour,True
147,Longwood,15,29,39.41379310344828,29.7,33.849999999999994,81.45666666666666,0.3103448275862069,2026-01,avg_duration_by_zone_hour,True
177,Ocean Hill,4,29,23.149425287356323,20.383333333333333,19.433333333333334,35.28,0.3103448275862069,2026-01,avg_duration_by_zone_hour,True
219,Springfield Gardens South,22,29,21.96206896551724,19.083333333333332,23.775,36.44666666666666,0.3103448275862069,2026-01,avg_duration_by_zone_hour,True
257,Windsor Terrace,0,29,21.44367816091954,17.133333333333333,19.533333333333335,37.71333333333333,0.3103448275862069,2026-01,avg_duration_by_zone_hour,True
190,Prospect Park,7,13,37.926923076923075,25.633333333333333,29.2,80.34333333333335,0.3076923076923077,2026-01,avg_duration_by_zone_hour,True
94,Fordham South,16,13,35.38461538461539,17.033333333333335,35.9,85.38666666666668,0.3076923076923077,2026-01,avg_duration_by_zone_hour,True
252,Whitestone,7,26,33.13782051282051,25.116666666666667,30.45,61.75833333333333,0.3076923076923077,2026-01,avg_duration_by_zone_hour,True
191,Queens Village,18,13,33.01794871794872,30.5,31.691666666666666,66.24000000000002,0.3076923076923077,2026-01,avg_duration_by_zone_hour,True
135,Kew Gardens Hills,10,26,31.015384615384615,22.191666666666666,30.966666666666665,67.65,0.3076923076923077,2026-01,avg_duration_by_zone_hour,True
9,Auburndale,10,13,29.892307692307693,25.166666666666668,30.966666666666665,66.88666666666668,0.3076923076923077,2026-01,avg_duration_by_zone_hour,True
22,Bensonhurst West,19,26,20.879487179487178,16.075000000000003,21.966666666666665,41.41666666666667,0.3076923076923077,2026-01,avg_duration_by_zone_hour,True
217,South Williamsburg,4,13,20.576923076923077,20.05,19.433333333333334,29.58666666666667,0.3076923076923077,2026-01,avg_duration_by_zone_hour,True
71,East Flatbush/Farragut,2,13,19.915384615384614,15.0,18.566666666666666,36.54666666666667,0.3076923076923077,2026-01,avg_duration_by_zone_hour,True
185,Pelham Parkway,22,13,17.914102564102564,15.516666666666667,16.266666666666666,25.413333333333338,0.3076923076923077,2026-01,avg_duration_by_zone_hour,True
67,Dyker Heights,20,13,17.81923076923077,18.083333333333332,21.2,28.226666666666667,0.3076923076923077,2026-01,avg_duration_by_zone_hour,True
78,East Tremont,21,13,17.671794871794873,16.033333333333335,17.333333333333332,28.950000000000003,0.3076923076923077,2026-01,avg_duration_by_zone_hour,True
94,Fordham South,22,13,15.903846153846153,11.0,16.266666666666666,28.89666666666667,0.3076923076923077,2026-01,avg_duration_by_zone_hour,True
69,East Concourse/Concourse Village,0,26,15.406410256410256,14.683333333333334,13.666666666666666,24.85,0.3076923076923077,2026-01,avg_duration_by_zone_hour,True
169,Mount Hope,0,26,14.016025641025642,12.141666666666666,13.666666666666666,25.725,0.3076923076923077,2026-01,avg_duration_by_zone_hour,True
139,Laurelton,15,23,32.2268115942029,35.71666666666667,39.85,57.63666666666667,0.30434782608695654,2026-01,avg_duration_by_zone_hour,True
257,Windsor Terrace,12,23,29.164492753623186,26.183333333333334,27.7,50.05,0.30434782608695654,2026-01,avg_duration_by_zone_hour,True
169,Mount Hope,21,23,25.689855072463768,15.033333333333333,17.333333333333332,54.12333333333334,0.30434782608695654,2026-01,avg_duration_by_zone_hour,True
205,Saint Albans,22,23,22.59202898550725,23.283333333333335,23.775,33.99666666666667,0.30434782608695654,2026-01,avg_duration_by_zone_hour,True
241,Van Cortlandt Village,23,23,17.494927536231884,15.1,14.6,31.670000000000005,0.30434782608695654,2026-01,avg_duration_by_zone_hour,True
193,Queensbridge/Ravenswood,2,23,17.07536231884058,15.4,17.116666666666667,27.066666666666666,0.30434782608695654,2026-01,avg_duration_by_zone_hour,True
98,Fresh Meadows,9,10,36.39833333333333,33.983333333333334,31.491666666666667,56.36333333333333,0.3,2026-01,avg_duration_by_zone_hour,True
54,Columbia Street,14,10,33.665,26.041666666666664,27.0,53.684999999999995,0.3,2026-01,avg_duration_by_zone_hour,True
73,East Flushing,9,10,31.391666666666662,32.06666666666666,31.491666666666667,55.89999999999999,0.3,2026-01,avg_duration_by_zone_hour,True
173,North Corona,13,20,31.3625,23.975,32.25,57.41166666666669,0.3,2026-01,avg_duration_by_zone_hour,True
22,Bensonhurst West,1,10,19.369999999999997,12.791666666666668,19.333333333333332,41.46666666666667,0.3,2026-01,avg_duration_by_zone_hour,True
136,Kingsbridge Heights,3,10,18.331666666666667,13.75,14.666666666666666,32.84166666666666,0.3,2026-01,avg_duration_by_zone_hour,True
265,Outside of NYC,2,10,16.918333333333333,14.033333333333333,12.966666666666667,23.823333333333316,0.3,2026-01,avg_duration_by_zone_hour,True
126,Hunts Point,3,10,16.096666666666668,13.2,14.666666666666666,23.255,0.3,2026-01,avg_duration_by_zone_hour,True
20,Belmont,1,10,15.991666666666669,13.725,13.65,32.14833333333333,0.3,2026-01,avg_duration_by_zone_hour,True
265,Outside of NYC,22,20,15.538333333333332,7.275,13.616666666666667,40.32166666666667,0.3,2026-01,avg_duration_by_zone_hour,True
119,Highbridge,0,20,15.0475,12.733333333333334,13.666666666666666,22.320000000000004,0.3,2026-01,avg_duration_by_zone_hour,True
247,West Concourse,3,20,14.535,10.533333333333333,14.666666666666666,32.260000000000005,0.3,2026-01,avg_duration_by_zone_hour,True
81,Eastchester,1,10,14.291666666666666,13.925,13.65,19.291666666666668,0.3,2026-01,avg_duration_by_zone_hour,True
134,Kew Gardens,2,10,13.531666666666666,10.625,17.116666666666667,26.866666666666667,0.3,2026-01,avg_duration_by_zone_hour,True
135,Kew Gardens Hills,16,27,40.45925925925926,20.466666666666665,40.766666666666666,97.4333333333334,0.2962962962962963,2026-01,avg_duration_by_zone_hour,True
200,Riverdale/North Riverdale/Fieldston,19,27,30.45123456790123,18.466666666666665,20.15,50.11666666666669,0.2962962962962963,2026-01,avg_duration_by_zone_hour,True
9,Auburndale,11,27,30.30246913580247,13.333333333333334,30.366666666666667,81.53,0.2962962962962963,2026-01,avg_duration_by_zone_hour,True
40,Carroll Gardens,2,27,19.18456790123457,17.433333333333334,18.566666666666666,30.463333333333335,0.2962962962962963,2026-01,avg_duration_by_zone_hour,True
150,Manhattan Beach,9,17,39.23529411764706,21.483333333333334,28.266666666666666,95.34000000000002,0.29411764705882354,2026-01,avg_duration_by_zone_hour,True
201,Rockaway Park,18,17,35.52156862745098,30.833333333333332,31.691666666666666,65.42,0.29411764705882354,2026-01,avg_duration_by_zone_hour,True
201,Rockaway Park,17,17,31.495098039215684,24.533333333333335,37.016666666666666,56.303333333333335,0.29411764705882354,2026-01,avg_duration_by_zone_hour,True
150,Manhattan Beach,12,17,31.428431372549017,26.933333333333334,27.7,62.36666666666667,0.29411764705882354,2026-01,avg_duration_by_zone_hour,True
171,Murray Hill-Queens,13,17,29.863725490196078,25.733333333333334,32.25,60.24,0.29411764705882354,2026-01,avg_duration_by_zone_hour,True
3,Allerton/Pelham Gardens,17,17,29.393137254901962,23.7,28.3,55.27666666666667,0.29411764705882354,2026-01,avg_duration_by_zone_hour,True
183,Pelham Bay,18,17,28.346078431372547,18.366666666666667,23.45,70.45,0.29411764705882354,2026-01,avg_duration_by_zone_hour,True
119,Highbridge,20,17,25.765686274509804,16.466666666666665,17.916666666666668,59.89666666666667,0.29411764705882354,2026-01,avg_duration_by_zone_hour,True
195,Red Hook,4,17,22.857843137254903,16.2,19.433333333333334,43.260000000000005,0.29411764705882354,2026-01,avg_duration_by_zone_hour,True
174,Norwood,21,17,22.59803921568627,17.7,17.333333333333332,34.156666666666666,0.29411764705882354,2026-01,avg_duration_by_zone_hour,True
191,Queens Village,0,17,19.242156862745098,20.466666666666665,21.15,29.153333333333332,0.29411764705882354,2026-01,avg_duration_by_zone_hour,True
60,Crotona Park East,22,17,19.218627450980392,14.733333333333333,16.266666666666666,37.250000000000014,0.29411764705882354,2026-01,avg_duration_by_zone_hour,True
208,Schuylerville/Edgewater Park,22,17,18.897058823529413,18.516666666666666,16.266666666666666,29.1,0.29411764705882354,2026-01,avg_duration_by_zone_hour,True
67,Dyker Heights,21,17,18.185294117647057,14.833333333333334,20.3,35.48,0.29411764705882354,2026-01,avg_duration_by_zone_hour,True
185,Pelham Parkway,0,17,13.484313725490196,10.883333333333333,13.666666666666666,21.450000000000003,0.29411764705882354,2026-01,avg_duration_by_zone_hour,True
9,Auburndale,7,24,34.077777777777776,21.21666666666667,30.45,92.71666666666665,0.2916666666666667,2026-01,avg_duration_by_zone_hour,True
20,Belmont,14,24,31.113194444444446,30.28333333333333,34.18333333333334,47.23333333333333,0.2916666666666667,2026-01,avg_duration_by_zone_hour,True
15,Bay Terrace/Fort Totten,12,24,21.44236111111111,6.091666666666667,30.666666666666668,57.505,0.2916666666666667,2026-01,avg_duration_by_zone_hour,True
39,Canarsie,0,24,20.772916666666667,19.125,19.533333333333335,37.10666666666666,0.2916666666666667,2026-01,avg_duration_by_zone_hour,True
69,East Concourse/Concourse Village,1,24,15.479166666666666,13.416666666666666,13.65,24.723333333333333,0.2916666666666667,2026-01,avg_duration_by_zone_hour,True
126,Hunts Point,0,24,14.052777777777777,12.758333333333333,13.666666666666666,19.061666666666664,0.2916666666666667,2026-01,avg_duration_by_zone_hour,True
64,Douglaston,15,7,47.102380952380955,28.816666666666666,39.85,103.51666666666667,0.2857142857142857,2026-01,avg_duration_by_zone_hour,True
171,Murray Hill-Queens,17,14,39.952380952380956,27.983333333333334,37.016666666666666,103.75833333333337,0.2857142857142857,2026-01,avg_duration_by_zone_hour,True
183,Pelham Bay,13,7,38.93095238095238,30.683333333333334,32.93333333333333,67.05333333333336,0.2857142857142857,2026-01,avg_duration_by_zone_hour,True
122,Hollis,15,14,38.55714285714286,27.591666666666665,39.85,75.35666666666667,0.2857142857142857,2026-01,avg_duration_by_zone_hour,True
32,Bronxdale,5,28,34.75654761904762,24.983333333333334,30.85,73.74333333333334,0.2857142857142857,2026-01,avg_duration_by_zone_hour,True
240,Van Cortlandt Park,10,14,33.378571428571426,30.15,36.84166666666667,57.33166666666667,0.2857142857142857,2026-01,avg_duration_by_zone_hour,True
240,Van Cortlandt Park,8,14,33.15833333333334,25.225,32.61666666666667,62.72000000000001,0.2857142857142857,2026-01,avg_duration_by_zone_hour,True
58,Country Club,8,7,33.11666666666667,32.733333333333334,32.61666666666667,57.80666666666667,0.2857142857142857,2026-01,avg_duration_by_zone_hour,True
93,Flushing Meadows-Corona Park,14,14,31.582142857142856,18.025,36.11666666666667,62.20166666666669,0.2857142857142857,2026-01,avg_duration_by_zone_hour,True
135,Kew Gardens Hills,11,21,31.539682539682538,23.533333333333335,30.366666666666667,63.68333333333333,0.2857142857142857,2026-01,avg_duration_by_zone_hour,True
175,Oakland Gardens,7,28,30.14047619047619,17.416666666666664,30.45,67.32666666666667,0.2857142857142857,2026-01,avg_duration_by_zone_hour,True
124,Howard Beach,11,21,29.812698412698417,18.366666666666667,30.366666666666667,45.983333333333334,0.2857142857142857,2026-01,avg_duration_by_zone_hour,True
171,Murray Hill-Queens,18,21,29.364285714285714,21.85,31.691666666666666,56.86666666666667,0.2857142857142857,2026-01,avg_duration_by_zone_hour,True
139,Laurelton,14,28,28.547023809523807,20.758333333333333,36.11666666666667,59.16666666666667,0.2857142857142857,2026-01,avg_duration_by_zone_hour,True
101,Glen Oaks,20,7,28.53809523809524,28.516666666666666,27.233333333333334,40.726666666666674,0.2857142857142857,2026-01,avg_duration_by_zone_hour,True
124,Howard Beach,12,28,26.11904761904762,20.366666666666667,30.666666666666668,50.57666666666667,0.2857142857142857,2026-01,avg_duration_by_zone_hour,True
108,Gravesend,23,7,23.95,19.066666666666666,19.75,41.88333333333334,0.2857142857142857,2026-01,avg_duration_by_zone_hour,True
119,Highbridge,19,14,23.53333333333333,20.28333333333333,20.15,41.765000000000015,0.2857142857142857,2026-01,avg_duration_by_zone_hour,True
195,Red Hook,1,14,22.204761904761906,20.725,19.333333333333332,36.50166666666668,0.2857142857142857,2026-01,avg_duration_by_zone_hour,True
133,Kensington,2,14,21.998809523809523,19.65,18.566666666666666,27.468333333333334,0.2857142857142857,2026-01,avg_duration_by_zone_hour,True
257,Windsor Terrace,4,7,21.935714285714287,15.0,19.433333333333334,39.23666666666668,0.2857142857142857,2026-01,avg_duration_by_zone_hour,True
98,Fresh Meadows,20,7,21.21904761904762,15.283333333333333,27.233333333333334,41.18000000000001,0.2857142857142857,2026-01,avg_duration_by_zone_hour,True
155,Marine Park/Mill Basin,2,7,20.245238095238097,12.95,18.566666666666666,35.50333333333334,0.2857142857142857,2026-01,avg_duration_by_zone_hour,True
22,Bensonhurst West,3,7,18.83095238095238,13.416666666666666,18.866666666666667,41.146666666666675,0.2857142857142857,2026-01,avg_duration_by_zone_hour,True
160,Middle Village,5,14,18.798809523809524,16.641666666666666,20.616666666666667,31.621666666666666,0.2857142857142857,2026-01,avg_duration_by_zone_hour,True
190,Prospect Park,22,7,18.2,22.816666666666666,20.15,27.783333333333335,0.2857142857142857,2026-01,avg_duration_by_zone_hour,True
194,Randalls Island,18,7,18.16904761904762,12.816666666666666,12.733333333333333,38.256666666666675,0.2857142857142857,2026-01,avg_duration_by_zone_hour,True
12,Battery Park,8,7,18.01666666666667,13.133333333333333,12.516666666666667,31.05000000000001,0.2857142857142857,2026-01,avg_duration_by_zone_hour,True
165,Midwood,23,14,17.604761904761904,17.641666666666666,19.75,27.188333333333336,0.2857142857142857,2026-01,avg_duration_by_zone_hour,True
70,East Elmhurst,4,21,17.09285714285714,11.116666666666667,17.016666666666666,31.033333333333335,0.2857142857142857,2026-01,avg_duration_by_zone_hour,True
192,Queensboro Hill,3,7,16.54285714285714,17.016666666666666,16.966666666666665,24.35,0.2857142857142857,2026-01,avg_duration_by_zone_hour,True
67,Dyker Heights,23,14,15.972619047619048,11.383333333333333,19.75,29.076666666666668,0.2857142857142857,2026-01,avg_duration_by_zone_hour,True
247,West Concourse,2,14,14.357142857142858,13.841666666666667,14.0,23.62666666666667,0.2857142857142857,2026-01,avg_duration_by_zone_hour,True
241,Van Cortlandt Village,0,14,13.310714285714285,12.333333333333332,13.666666666666666,19.958333333333336,0.2857142857142857,2026-01,avg_duration_by_zone_hour,True
242,Van Nest/Morris Park,5,25,38.356,28.5,30.85,85.87,0.28,2026-01,avg_duration_by_zone_hour,True
252,Whitestone,19,25,30.548000000000002,22.516666666666666,29.2,67.75000000000001,0.28,2026-01,avg_duration_by_zone_hour,True
160,Middle Village,18,25,27.984,24.9,31.691666666666666,48.710000000000015,0.28,2026-01,avg_duration_by_zone_hour,True
133,Kensington,22,25,19.664,19.383333333333333,20.15,33.333333333333336,0.28,2026-01,avg_duration_by_zone_hour,True
149,Madison,17,18,26.859259259259257,23.358333333333334,26.333333333333332,45.17,0.2777777777777778,2026-01,avg_duration_by_zone_hour,True
195,Red Hook,5,18,23.43425925925926,21.03333333333333,23.9,45.53166666666667,0.2777777777777778,2026-01,avg_duration_by_zone_hour,True
35,Brownsville,2,18,20.360185185185188,13.625,18.566666666666666,41.76333333333334,0.2777777777777778,2026-01,avg_duration_by_zone_hour,True
134,Kew Gardens,5,18,17.43240740740741,13.149999999999999,20.616666666666667,27.873333333333335,0.2777777777777778,2026-01,avg_duration_by_zone_hour,True
60,Crotona Park East,13,29,39.849425287356325,34.983333333333334,32.93333333333333,69.16666666666666,0.27586206896551724,2026-01,avg_duration_by_zone_hour,True
248,West Farms/Bronx River,16,29,36.10574712643678,35.71666666666667,35.9,68.47,0.27586206896551724,2026-01,avg_duration_by_zone_hour,True
16,Bayside,8,29,29.116091954022988,19.266666666666666,31.55,55.14999999999999,0.27586206896551724,2026-01,avg_duration_by_zone_hour,True
98,Fresh Meadows,12,11,37.55,35.25,30.666666666666668,70.11666666666666,0.2727272727272727,2026-01,avg_duration_by_zone_hour,True
16,Bayside,11,11,29.727272727272727,19.766666666666666,30.366666666666667,71.73333333333333,0.2727272727272727,2026-01,avg_duration_by_zone_hour,True
53,College Point,6,11,26.174242424242426,24.883333333333333,26.433333333333334,39.75,0.2727272727272727,2026-01,avg_duration_by_zone_hour,True
22,Bensonhurst West,22,22,18.346969696969698,13.149999999999999,20.15,37.77500000000002,0.2727272727272727,2026-01,avg_duration_by_zone_hour,True
63,Cypress Hills,3,22,17.86439393939394,14.925,18.866666666666667,30.78,0.2727272727272727,2026-01,avg_duration_by_zone_hour,True
47,Claremont/Bathgate,0,22,16.479545454545455,13.966666666666667,13.666666666666666,27.041666666666675,0.2727272727272727,2026-01,avg_duration_by_zone_hour,True
121,Hillcrest/Pomonok,2,11,15.592424242424242,11.3,17.116666666666667,23.7,0.2727272727272727,2026-01,avg_duration_by_zone_hour,True
241,Van Cortlandt Village,2,11,12.94090909090909,11.583333333333334,14.0,20.183333333333334,0.2727272727272727,2026-01,avg_duration_by_zone_hour,True
264,Unknown,4,22,11.719696969696969,10.149999999999999,12.666666666666666,23.700000000000003,0.2727272727272727,2026-01,avg_duration_by_zone_hour,True
258,Woodhaven,21,26,24.692307692307693,21.108333333333334,24.45,42.25,0.2692307692307692,2026-01,avg_duration_by_zone_hour,True
34,Brooklyn Navy Yard,22,26,20.805128205128206,18.6,20.15,28.075000000000003,0.2692307692307692,2026-01,avg_duration_by_zone_hour,True
66,DUMBO/Vinegar Hill,3,26,18.057692307692307,15.616666666666667,18.866666666666667,27.116666666666667,0.2692307692307692,2026-01,avg_duration_by_zone_hour,True
250,Westchester Village/Unionport,23,26,15.173076923076923,13.1,14.6,24.233333333333334,0.2692307692307692,2026-01,avg_duration_by_zone_hour,True
18,Bedford Park,21,15,28.608888888888888,16.983333333333334,17.333333333333332,72.40999999999997,0.26666666666666666,2026-01,avg_duration_by_zone_hour,True
203,Rosedale,23,15,20.317777777777778,14.5,22.483333333333334,37.96666666666666,0.26666666666666666,2026-01,avg_duration_by_zone_hour,True
136,Kingsbridge Heights,20,15,20.22111111111111,12.833333333333334,17.916666666666668,46.94,0.26666666666666666,2026-01,avg_duration_by_zone_hour,True
208,Schuylerville/Edgewater Park,18,15,19.933333333333334,20.483333333333334,23.45,32.83,0.26666666666666666,2026-01,avg_duration_by_zone_hour,True
185,Pelham Parkway,21,15,18.759999999999998,16.116666666666667,17.333333333333332,30.419999999999998,0.26666666666666666,2026-01,avg_duration_by_zone_hour,True
131,Jamaica Estates,3,15,18.16,17.0,16.966666666666665,31.71,0.26666666666666666,2026-01,avg_duration_by_zone_hour,True
126,Hunts Point,23,15,15.817777777777776,14.933333333333334,14.6,23.046666666666667,0.26666666666666666,2026-01,avg_duration_by_zone_hour,True
227,Sunset Park East,0,15,15.386666666666667,11.15,19.533333333333335,28.473333333333333,0.26666666666666666,2026-01,avg_duration_by_zone_hour,True
213,Soundview/Castle Hill,1,15,13.52888888888889,12.183333333333334,13.65,23.653333333333332,0.26666666666666666,2026-01,avg_duration_by_zone_hour,True
192,Queensboro Hill,14,19,32.28684210526316,33.166666666666664,36.11666666666667,66.09666666666666,0.2631578947368421,2026-01,avg_duration_by_zone_hour,True
93,Flushing Meadows-Corona Park,6,19,30.607894736842102,25.55,26.433333333333334,71.78333333333333,0.2631578947368421,2026-01,avg_duration_by_zone_hour,True
53,College Point,9,19,30.41578947368421,28.383333333333333,31.491666666666667,68.36666666666667,0.2631578947368421,2026-01,avg_duration_by_zone_hour,True
34,Brooklyn Navy Yard,21,19,23.26228070175439,19.183333333333334,20.3,31.75,0.2631578947368421,2026-01,avg_duration_by_zone_hour,True
123,Homecrest,20,23,22.687681159420286,15.25,21.2,48.013333333333335,0.2608695652173913,2026-01,avg_duration_by_zone_hour,True
265,Outside of NYC,20,23,13.668115942028987,11.483333333333333,13.75,25.356666666666673,0.2608695652173913,2026-01,avg_duration_by_zone_hour,True
247,West Concourse,1,23,12.521014492753624,11.216666666666667,13.65,17.433333333333334,0.2608695652173913,2026-01,avg_duration_by_zone_hour,True
174,Norwood,20,27,21.8358024691358,17.033333333333335,17.916666666666668,41.13333333333335,0.25925925925925924,2026-01,avg_duration_by_zone_hour,True
228,Sunset Park West,4,27,16.35246913580247,12.666666666666666,19.433333333333334,29.946666666666676,0.25925925925925924,2026-01,avg_duration_by_zone_hour,True
240,Van Cortlandt Park,15,4,44.40416666666666,18.266666666666666,33.849999999999994,101.46166666666669,0.25,2026-01,avg_duration_by_zone_hour,True
60,Crotona Park East,16,24,43.36041666666667,29.916666666666664,35.9,125.15333333333332,0.25,2026-01,avg_duration_by_zone_hour,True
57,Corona,17,4,41.94583333333333,33.36666666666667,37.016666666666666,69.75666666666667,0.25,2026-01,avg_duration_by_zone_hour,True
98,Fresh Meadows,15,16,39.78854166666667,38.391666666666666,39.85,67.05833333333334,0.25,2026-01,avg_duration_by_zone_hour,True
183,Pelham Bay,10,16,37.184375,28.09166666666667,36.84166666666667,85.08333333333334,0.25,2026-01,avg_duration_by_zone_hour,True
19,Bellerose,15,8,36.87083333333334,32.93333333333334,39.85,67.40666666666667,0.25,2026-01,avg_duration_by_zone_hour,True
109,Great Kills,6,4,34.25,24.0,24.4,56.900000000000006,0.25,2026-01,avg_duration_by_zone_hour,True
220,Spuyten Duyvil/Kingsbridge,4,4,33.575,19.066666666666666,21.066666666666666,66.63833333333335,0.25,2026-01,avg_duration_by_zone_hour,True
173,North Corona,11,20,31.97,25.983333333333334,30.366666666666667,53.07000000000003,0.25,2026-01,avg_duration_by_zone_hour,True
58,Country Club,7,4,31.458333333333336,28.291666666666664,31.95,41.775000000000006,0.25,2026-01,avg_duration_by_zone_hour,True
98,Fresh Meadows,19,8,31.458333333333332,23.75,29.2,56.658333333333324,0.25,2026-01,avg_duration_by_zone_hour,True
252,Whitestone,15,12,31.290277777777778,27.075000000000003,39.85,57.645,0.25,2026-01,avg_duration_by_zone_hour,True
53,College Point,10,8,31.008333333333333,24.700000000000003,30.966666666666665,47.09166666666666,0.25,2026-01,avg_duration_by_zone_hour,True
96,Forest Park/Highland Park,13,4,30.637500000000003,29.858333333333334,32.25,42.72166666666667,0.25,2026-01,avg_duration_by_zone_hour,True
93,Flushing Meadows-Corona Park,8,16,30.535416666666666,31.808333333333337,31.55,54.925,0.25,2026-01,avg_duration_by_zone_hour,True
192,Queensboro Hill,11,12,30.440277777777776,19.5,30.366666666666667,54.55166666666667,0.25,2026-01,avg_duration_by_zone_hour,True
54,Columbia Street,11,16,30.227083333333333,28.241666666666667,28.466666666666665,42.63333333333333,0.25,2026-01,avg_duration_by_zone_hour,True
190,Prospect Park,11,12,28.91111111111111,27.174999999999997,28.466666666666665,47.10666666666667,0.25,2026-01,avg_duration_by_zone_hour,True
54,Columbia Street,16,16,28.884375,22.65,27.65,56.641666666666666,0.25,2026-01,avg_duration_by_zone_hour,True
53,College Point,11,12,28.519444444444446,18.358333333333334,30.366666666666667,49.031666666666666,0.25,2026-01,avg_duration_by_zone_hour,True
38,Cambria Heights,23,4,28.145833333333332,20.90833333333333,22.483333333333334,51.65666666666667,0.25,2026-01,avg_duration_by_zone_hour,True
248,West Farms/Bronx River,4,16,27.51875,18.725,21.066666666666666,58.95,0.25,2026-01,avg_duration_by_zone_hour,True
53,College Point,12,8,27.45,22.791666666666664,30.666666666666668,47.904999999999994,0.25,2026-01,avg_duration_by_zone_hour,True
64,Douglaston,16,4,26.208333333333336,19.141666666666666,40.766666666666666,43.101666666666674,0.25,2026-01,avg_duration_by_zone_hour,True
121,Hillcrest/Pomonok,19,20,26.111666666666668,19.166666666666664,29.2,50.616666666666674,0.25,2026-01,avg_duration_by_zone_hour,True
64,Douglaston,8,4,26.1,14.316666666666666,31.55,50.32833333333334,0.25,2026-01,avg_duration_by_zone_hour,True
31,Bronx Park,4,4,26.095833333333335,18.05,21.066666666666666,44.44000000000001,0.25,2026-01,avg_duration_by_zone_hour,True
21,Bensonhurst East,3,8,25.652083333333334,16.81666666666667,18.866666666666667,61.45,0.25,2026-01,avg_duration_by_zone_hour,True
34,Brooklyn Navy Yard,15,28,25.579761904761906,21.65,26.7,48.39,0.25,2026-01,avg_duration_by_zone_hour,True
190,Prospect Park,17,28,25.410714285714285,26.65833333333333,26.333333333333332,42.26166666666666,0.25,2026-01,avg_duration_by_zone_hour,True
154,Marine Park/Floyd Bennett Field,15,4,24.7,23.291666666666664,26.7,41.02166666666667,0.25,2026-01,avg_duration_by_zone_hour,True
31,Bronx Park,10,4,24.52916666666667,17.0,36.84166666666667,46.03166666666667,0.25,2026-01,avg_duration_by_zone_hour,True
9,Auburndale,13,8,24.485416666666666,21.575,32.25,44.92666666666667,0.25,2026-01,avg_duration_by_zone_hour,True
257,Windsor Terrace,1,12,24.368055555555557,20.80833333333333,19.333333333333332,50.94833333333334,0.25,2026-01,avg_duration_by_zone_hour,True
117,Hammels/Arverne,22,8,23.910416666666666,11.558333333333334,23.775,63.599999999999994,0.25,2026-01,avg_duration_by_zone_hour,True
54,Columbia Street,18,24,23.89305555555556,21.975,23.125,38.038333333333334,0.25,2026-01,avg_duration_by_zone_hour,True
207,Saint Michaels Cemetery/Woodside,19,4,23.8125,21.96666666666667,29.2,33.14,0.25,2026-01,avg_duration_by_zone_hour,True
176,Oakwood,7,8,23.020833333333332,11.5,31.9,50.87833333333333,0.25,2026-01,avg_duration_by_zone_hour,True
150,Manhattan Beach,19,4,22.770833333333332,17.40833333333333,21.966666666666665,43.145,0.25,2026-01,avg_duration_by_zone_hour,True
178,Ocean Parkway South,17,12,22.365277777777777,18.691666666666666,26.333333333333332,33.986666666666665,0.25,2026-01,avg_duration_by_zone_hour,True
21,Bensonhurst East,18,24,21.92986111111111,19.09166666666667,23.125,42.44333333333333,0.25,2026-01,avg_duration_by_zone_hour,True
175,Oakland Gardens,13,12,21.608333333333334,14.683333333333334,32.25,41.97,0.25,2026-01,avg_duration_by_zone_hour,True
257,Windsor Terrace,22,24,21.534722222222225,20.208333333333336,20.15,32.79666666666667,0.25,2026-01,avg_duration_by_zone_hour,True
15,Bay Terrace/Fort Totten,0,4,21.408333333333335,17.258333333333333,21.15,32.08166666666667,0.25,2026-01,avg_duration_by_zone_hour,True
73,East Flushing,1,4,21.358333333333334,20.291666666666664,19.0,25.345,0.25,2026-01,avg_duration_by_zone_hour,True
139,Laurelton,20,4,21.204166666666666,16.941666666666666,27.233333333333334,41.27,0.25,2026-01,avg_duration_by_zone_hour,True
32,Bronxdale,4,12,20.976388888888888,12.883333333333333,21.066666666666666,44.43333333333334,0.25,2026-01,avg_duration_by_zone_hour,True
154,Marine Park/Floyd Bennett Field,11,4,20.975,16.03333333333333,28.466666666666665,30.40166666666667,0.25,2026-01,avg_duration_by_zone_hour,True
29,Brighton Beach,23,16,20.46875,15.441666666666666,19.75,39.483333333333334,0.25,2026-01,avg_duration_by_zone_hour,True
3,Allerton/Pelham Gardens,20,8,20.170833333333334,11.683333333333334,17.916666666666668,46.89166666666666,0.25,2026-01,avg_duration_by_zone_hour,True
196,Rego Park,5,20,19.5225,17.633333333333333,20.616666666666667,33.52833333333335,0.25,2026-01,avg_duration_by_zone_hour,True
123,Homecrest,19,20,19.365000000000002,17.25,21.966666666666665,39.055,0.25,2026-01,avg_duration_by_zone_hour,True
94,Fordham South,21,8,19.066666666666666,17.799999999999997,17.333333333333332,25.45,0.25,2026-01,avg_duration_by_zone_hour,True
258,Woodhaven,1,16,18.139583333333334,13.841666666666667,19.0,39.349999999999994,0.25,2026-01,avg_duration_by_zone_hour,True
201,Rockaway Park,22,4,18.099999999999998,15.891666666666666,23.775,30.435,0.25,2026-01,avg_duration_by_zone_hour,True
73,East Flushing,2,4,17.958333333333332,17.45,17.116666666666667,24.458333333333336,0.25,2026-01,avg_duration_by_zone_hour,True
215,South Jamaica,1,16,17.9125,16.241666666666667,19.0,28.741666666666667,0.25,2026-01,avg_duration_by_zone_hour,True
119,Highbridge,22,12,17.856944444444444,15.95,16.266666666666666,26.273333333333333,0.25,2026-01,avg_duration_by_zone_hour,True
11,Bath Beach,0,8,17.645833333333332,17.825,19.533333333333335,29.229999999999997,0.25,2026-01,avg_duration_by_zone_hour,True
1,Newark Airport,14,4,17.625,2.625,14.316666666666666,45.60500000000001,0.25,2026-01,avg_duration_by_zone_hour,True
11,Bath Beach,21,4,17.433333333333334,20.191666666666666,20.3,24.830000000000002,0.25,2026-01,avg_duration_by_zone_hour,True
11,Bath Beach,23,4,17.358333333333334,17.383333333333333,19.75,22.745,0.25,2026-01,avg_duration_by_zone_hour,True
120,Highbridge Park,16,4,17.291666666666664,15.15,13.033333333333333,22.723333333333336,0.25,2026-01,avg_duration_by_zone_hour,True
52,Cobble Hill,3,8,17.285416666666666,15.966666666666667,18.866666666666667,25.608333333333334,0.25,2026-01,avg_duration_by_zone_hour,True
94,Fordham South,0,4,16.6375,13.308333333333334,13.666666666666666,24.61166666666667,0.25,2026-01,avg_duration_by_zone_hour,True
3,Allerton/Pelham Gardens,22,12,16.434722222222224,14.466666666666667,16.266666666666666,27.71,0.25,2026-01,avg_duration_by_zone_hour,True
150,Manhattan Beach,2,4,16.425,14.841666666666667,18.566666666666666,25.895000000000003,0.25,2026-01,avg_duration_by_zone_hour,True
185,Pelham Parkway,23,24,16.420833333333334,14.275,14.6,28.034999999999997,0.25,2026-01,avg_duration_by_zone_hour,True
51,Co-Op City,0,8,16.358333333333334,13.175,13.666666666666666,28.57833333333333,0.25,2026-01,avg_duration_by_zone_hour,True
123,Homecrest,1,8,16.191666666666666,14.575000000000001,19.333333333333332,31.441666666666663,0.25,2026-01,avg_duration_by_zone_hour,True
21,Bensonhurst East,2,4,16.15,11.55,18.566666666666666,26.698333333333338,0.25,2026-01,avg_duration_by_zone_hour,True
248,West Farms/Bronx River,1,16,16.10625,13.841666666666667,13.65,27.741666666666667,0.25,2026-01,avg_duration_by_zone_hour,True
108,Gravesend,4,4,15.345833333333333,9.633333333333333,19.433333333333334,26.98666666666667,0.25,2026-01,avg_duration_by_zone_hour,True
57,Corona,3,4,15.241666666666667,13.975,16.966666666666665,20.35,0.25,2026-01,avg_duration_by_zone_hour,True
26,Borough Park,0,16,15.136458333333334,12.375,19.533333333333335,28.516666666666666,0.25,2026-01,avg_duration_by_zone_hour,True
240,Van Cortlandt Park,1,4,14.958333333333334,14.266666666666666,13.65,17.971666666666668,0.25,2026-01,avg_duration_by_zone_hour,True
20,Belmont,22,12,14.795833333333334,12.016666666666666,16.266666666666666,29.821666666666665,0.25,2026-01,avg_duration_by_zone_hour,True
183,Pelham Bay,2,4,14.758333333333335,16.358333333333334,14.0,18.41,0.25,2026-01,avg_duration_by_zone_hour,True
194,Randalls Island,20,8,14.422916666666666,11.716666666666667,12.166666666666666,23.990000000000002,0.25,2026-01,avg_duration_by_zone_hour,True
147,Longwood,1,12,14.169444444444444,15.558333333333334,13.65,21.051666666666666,0.25,2026-01,avg_duration_by_zone_hour,True
248,West Farms/Bronx River,23,20,14.016666666666666,10.891666666666666,14.6,22.27833333333335,0.25,2026-01,avg_duration_by_zone_hour,True
171,Murray Hill-Queens,4,8,13.85625,9.95,17.016666666666666,26.468333333333334,0.25,2026-01,avg_duration_by_zone_hour,True
40,Carroll Gardens,4,4,13.641666666666666,12.041666666666666,19.433333333333334,22.348333333333336,0.25,2026-01,avg_duration_by_zone_hour,True
86,Far Rockaway,1,4,13.275,10.466666666666667,19.0,25.37,0.25,2026-01,avg_duration_by_zone_hour,True
259,Woodlawn/Wakefield,1,8,12.858333333333334,14.35,13.65,19.12333333333333,0.25,2026-01,avg_duration_by_zone_hour,True
1,Newark Airport,15,4,12.658333333333333,2.6333333333333333,14.45,31.72833333333334,0.25,2026-01,avg_duration_by_zone_hour,True
32,Bronxdale,2,8,12.38125,13.3,14.0,19.373333333333335,0.25,2026-01,avg_duration_by_zone_hour,True
29,Brighton Beach,2,4,11.954166666666667,8.758333333333333,18.566666666666666,24.598333333333336,0.25,2026-01,avg_duration_by_zone_hour,True
178,Ocean Parkway South,1,4,11.666666666666668,7.958333333333334,19.333333333333332,19.863333333333337,0.25,2026-01,avg_duration_by_zone_hour,True
60,Crotona Park East,10,29,40.37586206896552,37.483333333333334,36.84166666666667,72.16999999999999,0.2413793103448276,2026-01,avg_duration_by_zone_hour,True
159,Melrose South,21,29,17.213793103448275,15.816666666666666,17.333333333333332,28.436666666666664,0.2413793103448276,2026-01,avg_duration_by_zone_hour,True
19,Bellerose,13,25,32.128,21.85,32.25,48.27333333333333,0.24,2026-01,avg_duration_by_zone_hour,True
178,Ocean Parkway South,11,25,32.07266666666666,25.183333333333334,28.466666666666665,77.75,0.24,2026-01,avg_duration_by_zone_hour,True
126,Hunts Point,16,25,32.03066666666667,26.466666666666665,35.9,55.73666666666668,0.24,2026-01,avg_duration_by_zone_hour,True
126,Hunts Point,5,21,31.51587301587302,20.05,30.85,69.28333333333333,0.23809523809523808,2026-01,avg_duration_by_zone_hour,True
235,University Heights/Morris Heights,21,21,23.18968253968254,16.883333333333333,17.333333333333332,38.3,0.23809523809523808,2026-01,avg_duration_by_zone_hour,True
77,East New York/Pennsylvania Avenue,0,21,20.219047619047622,17.083333333333332,19.533333333333335,39.28333333333333,0.23809523809523808,2026-01,avg_duration_by_zone_hour,True
19,Bellerose,10,17,30.419607843137253,19.05,30.966666666666665,68.86666666666667,0.23529411764705882,2026-01,avg_duration_by_zone_hour,True
203,Rosedale,22,17,24.294117647058822,17.5,23.775,48.593333333333334,0.23529411764705882,2026-01,avg_duration_by_zone_hour,True
174,Norwood,0,17,13.272549019607842,13.75,13.666666666666666,22.163333333333334,0.23529411764705882,2026-01,avg_duration_by_zone_hour,True
192,Queensboro Hill,17,13,31.646153846153844,21.233333333333334,37.016666666666666,75.9066666666667,0.23076923076923078,2026-01,avg_duration_by_zone_hour,True
53,College Point,16,13,31.344871794871796,28.083333333333332,40.766666666666666,58.36666666666667,0.23076923076923078,2026-01,avg_duration_by_zone_hour,True
34,Brooklyn Navy Yard,11,13,29.53076923076923,29.816666666666666,28.466666666666665,44.00333333333334,0.23076923076923078,2026-01,avg_duration_by_zone_hour,True
93,Flushing Meadows-Corona Park,13,13,26.142307692307693,19.1,32.25,45.59666666666667,0.23076923076923078,2026-01,avg_duration_by_zone_hour,True
29,Brighton Beach,20,13,23.52179487179487,14.466666666666667,21.2,59.68,0.23076923076923078,2026-01,avg_duration_by_zone_hour,True
126,Hunts Point,20,26,22.894871794871793,15.525,17.916666666666668,41.7,0.23076923076923078,2026-01,avg_duration_by_zone_hour,True
227,Sunset Park East,1,13,21.95384615384615,20.133333333333333,19.333333333333332,28.623333333333335,0.23076923076923078,2026-01,avg_duration_by_zone_hour,True
210,Sheepshead Bay,1,13,20.838461538461537,20.233333333333334,19.333333333333332,32.54333333333334,0.23076923076923078,2026-01,avg_duration_by_zone_hour,True
62,Crown Heights South,4,26,20.388461538461538,18.5,19.433333333333334,29.525,0.23076923076923078,2026-01,avg_duration_by_zone_hour,True
250,Westchester Village/Unionport,20,13,19.13974358974359,16.6,17.916666666666668,38.02333333333335,0.23076923076923078,2026-01,avg_duration_by_zone_hour,True
85,Erasmus,3,13,18.32051282051282,11.916666666666666,18.866666666666667,32.32000000000001,0.23076923076923078,2026-01,avg_duration_by_zone_hour,True
106,Gowanus,4,13,17.573076923076922,16.433333333333334,19.433333333333334,28.94,0.23076923076923078,2026-01,avg_duration_by_zone_hour,True
215,South Jamaica,2,13,14.212820512820512,15.066666666666666,17.116666666666667,23.419999999999998,0.23076923076923078,2026-01,avg_duration_by_zone_hour,True
201,Rockaway Park,16,22,39.031060606060606,29.333333333333336,40.766666666666666,101.33500000000001,0.22727272727272727,2026-01,avg_duration_by_zone_hour,True
63,Cypress Hills,19,22,29.737121212121213,20.941666666666666,21.966666666666665,63.73333333333336,0.22727272727272727,2026-01,avg_duration_by_zone_hour,True
160,Middle Village,11,22,27.979545454545452,21.183333333333334,30.366666666666667,64.16000000000004,0.22727272727272727,2026-01,avg_duration_by_zone_hour,True
93,Flushing Meadows-Corona Park,22,22,25.147727272727273,21.683333333333334,23.775,33.611666666666665,0.22727272727272727,2026-01,avg_duration_by_zone_hour,True
15,Bay Terrace/Fort Totten,18,9,42.257407407407406,34.1,31.691666666666666,68.05666666666669,0.2222222222222222,2026-01,avg_duration_by_zone_hour,True
15,Bay Terrace/Fort Totten,16,9,38.44444444444444,35.65,40.766666666666666,77.30666666666667,0.2222222222222222,2026-01,avg_duration_by_zone_hour,True
64,Douglaston,7,9,33.81666666666667,23.5,30.45,93.0,0.2222222222222222,2026-01,avg_duration_by_zone_hour,True
124,Howard Beach,13,27,33.00617283950617,27.016666666666666,32.25,64.83666666666667,0.2222222222222222,2026-01,avg_duration_by_zone_hour,True
93,Flushing Meadows-Corona Park,11,9,31.083333333333332,30.05,30.366666666666667,49.99666666666667,0.2222222222222222,2026-01,avg_duration_by_zone_hour,True
9,Auburndale,17,9,30.968518518518515,25.05,37.016666666666666,54.86000000000001,0.2222222222222222,2026-01,avg_duration_by_zone_hour,True
93,Flushing Meadows-Corona Park,9,9,30.787037037037035,23.15,31.491666666666667,55.766666666666666,0.2222222222222222,2026-01,avg_duration_by_zone_hour,True
11,Bath Beach,17,18,25.735185185185188,21.775,26.333333333333332,43.18333333333334,0.2222222222222222,2026-01,avg_duration_by_zone_hour,True
250,Westchester Village/Unionport,3,9,24.12777777777778,14.6,14.666666666666666,50.12666666666668,0.2222222222222222,2026-01,avg_duration_by_zone_hour,True
101,Glen Oaks,7,9,23.770370370370372,17.383333333333333,30.45,50.80666666666667,0.2222222222222222,2026-01,avg_duration_by_zone_hour,True
77,East New York/Pennsylvania Avenue,2,9,22.714814814814815,18.0,18.566666666666666,40.74666666666667,0.2222222222222222,2026-01,avg_duration_by_zone_hour,True
250,Westchester Village/Unionport,1,9,19.87222222222222,12.15,13.65,32.756666666666675,0.2222222222222222,2026-01,avg_duration_by_zone_hour,True
53,College Point,5,9,18.822222222222223,21.1,20.616666666666667,33.7,0.2222222222222222,2026-01,avg_duration_by_zone_hour,True
18,Bedford Park,22,27,16.893827160493828,14.45,16.266666666666666,28.14000000000001,0.2222222222222222,2026-01,avg_duration_by_zone_hour,True
191,Queens Village,3,9,16.855555555555554,14.866666666666667,16.966666666666665,29.693333333333335,0.2222222222222222,2026-01,avg_duration_by_zone_hour,True
150,Manhattan Beach,1,9,16.735185185185188,16.516666666666666,19.333333333333332,29.243333333333336,0.2222222222222222,2026-01,avg_duration_by_zone_hour,True
126,Hunts Point,2,18,14.390740740740743,14.508333333333333,14.0,22.13333333333334,0.2222222222222222,2026-01,avg_duration_by_zone_hour,True
213,Soundview/Castle Hill,3,9,14.22962962962963,13.833333333333334,14.666666666666666,22.060000000000002,0.2222222222222222,2026-01,avg_duration_by_zone_hour,True
60,Crotona Park East,2,9,13.968518518518518,13.45,14.0,18.12666666666667,0.2222222222222222,2026-01,avg_duration_by_zone_hour,True
94,Fordham South,23,9,13.648148148148149,14.55,14.6,20.14666666666667,0.2222222222222222,2026-01,avg_duration_by_zone_hour,True
200,Riverdale/North Riverdale/Fieldston,12,23,31.4268115942029,32.233333333333334,34.68333333333334,52.473333333333336,0.21739130434782608,2026-01,avg_duration_by_zone_hour,True
121,Hillcrest/Pomonok,18,23,28.3768115942029,19.066666666666666,31.691666666666666,57.93666666666667,0.21739130434782608,2026-01,avg_duration_by_zone_hour,True
258,Woodhaven,20,23,26.265942028985506,20.716666666666665,27.233333333333334,60.95000000000001,0.21739130434782608,2026-01,avg_duration_by_zone_hour,True
124,Howard Beach,0,23,19.530434782608694,19.066666666666666,21.15,31.963333333333335,0.21739130434782608,2026-01,avg_duration_by_zone_hour,True
248,West Farms/Bronx River,14,28,36.1077380952381,28.191666666666666,34.18333333333334,69.08166666666668,0.21428571428571427,2026-01,avg_duration_by_zone_hour,True
252,Whitestone,6,14,29.677380952380954,24.025,26.433333333333334,55.66333333333335,0.21428571428571427,2026-01,avg_duration_by_zone_hour,True
136,Kingsbridge Heights,6,28,29.31845238095238,24.308333333333334,32.516666666666666,67.65333333333334,0.21428571428571427,2026-01,avg_duration_by_zone_hour,True
180,Ozone Park,9,28,27.916071428571428,19.075000000000003,31.491666666666667,58.52166666666667,0.21428571428571427,2026-01,avg_duration_by_zone_hour,True
217,South Williamsburg,5,14,27.745238095238097,18.275,23.9,58.695,0.21428571428571427,2026-01,avg_duration_by_zone_hour,True
208,Schuylerville/Edgewater Park,2,14,17.52261904761905,13.633333333333333,14.0,21.378333333333334,0.21428571428571427,2026-01,avg_duration_by_zone_hour,True
34,Brooklyn Navy Yard,1,28,17.454166666666666,18.491666666666667,19.333333333333332,25.596666666666668,0.21428571428571427,2026-01,avg_duration_by_zone_hour,True
91,Flatlands,2,14,16.563095238095237,13.975,18.566666666666666,32.23666666666668,0.21428571428571427,2026-01,avg_duration_by_zone_hour,True
63,Cypress Hills,21,28,16.298214285714288,14.45,20.3,28.798333333333332,0.21428571428571427,2026-01,avg_duration_by_zone_hour,True
26,Borough Park,1,14,16.279761904761905,13.416666666666666,19.333333333333332,33.07333333333334,0.21428571428571427,2026-01,avg_duration_by_zone_hour,True
102,Glendale,2,14,14.51547619047619,13.108333333333334,17.116666666666667,24.663333333333338,0.21428571428571427,2026-01,avg_duration_by_zone_hour,True
200,Riverdale/North Riverdale/Fieldston,6,19,35.45263157894737,32.35,32.516666666666666,63.29333333333333,0.21052631578947367,2026-01,avg_duration_by_zone_hour,True
208,Schuylerville/Edgewater Park,16,19,30.936842105263157,18.833333333333332,35.9,62.97666666666667,0.21052631578947367,2026-01,avg_duration_by_zone_hour,True
193,Queensbridge/Ravenswood,1,19,20.2140350877193,18.866666666666667,19.0,29.676666666666666,0.21052631578947367,2026-01,avg_duration_by_zone_hour,True
155,Marine Park/Mill Basin,23,19,18.58859649122807,17.316666666666666,19.75,27.516666666666666,0.21052631578947367,2026-01,avg_duration_by_zone_hour,True
165,Midwood,20,19,17.577192982456143,14.066666666666666,21.2,28.296666666666663,0.21052631578947367,2026-01,avg_duration_by_zone_hour,True
193,Queensbridge/Ravenswood,3,19,15.366666666666665,16.566666666666666,16.966666666666665,25.58333333333333,0.21052631578947367,2026-01,avg_duration_by_zone_hour,True
91,Flatlands,0,24,22.691666666666666,16.71666666666667,19.533333333333335,36.221666666666664,0.20833333333333334,2026-01,avg_duration_by_zone_hour,True
250,Westchester Village/Unionport,21,24,19.374305555555555,15.166666666666668,17.333333333333332,44.35499999999998,0.20833333333333334,2026-01,avg_duration_by_zone_hour,True
258,Woodhaven,0,29,20.095402298850573,19.533333333333335,21.15,33.096666666666664,0.20689655172413793,2026-01,avg_duration_by_zone_hour,True
73,East Flushing,14,5,40.343333333333334,35.916666666666664,36.11666666666667,76.59666666666666,0.2,2026-01,avg_duration_by_zone_hour,True
64,Douglaston,9,5,38.2,28.65,31.491666666666667,66.06,0.2,2026-01,avg_duration_by_zone_hour,True
58,Country Club,13,5,35.38333333333334,35.78333333333333,32.93333333333333,46.20333333333333,0.2,2026-01,avg_duration_by_zone_hour,True
122,Hollis,17,10,34.95166666666667,34.56666666666666,37.016666666666666,52.80833333333332,0.2,2026-01,avg_duration_by_zone_hour,True
131,Jamaica Estates,17,25,33.998000000000005,28.733333333333334,37.016666666666666,68.51666666666667,0.2,2026-01,avg_duration_by_zone_hour,True
53,College Point,17,10,33.13666666666667,26.21666666666667,37.016666666666666,60.00666666666667,0.2,2026-01,avg_duration_by_zone_hour,True
252,Whitestone,17,15,29.383333333333333,28.25,37.016666666666666,55.233333333333334,0.2,2026-01,avg_duration_by_zone_hour,True
241,Van Cortlandt Village,4,10,29.380000000000003,13.241666666666667,21.066666666666666,86.71166666666664,0.2,2026-01,avg_duration_by_zone_hour,True
64,Douglaston,13,5,29.119999999999997,29.933333333333334,32.25,42.88,0.2,2026-01,avg_duration_by_zone_hour,True
124,Howard Beach,20,20,28.147499999999997,23.991666666666667,27.233333333333334,40.363333333333394,0.2,2026-01,avg_duration_by_zone_hour,True
124,Howard Beach,15,25,27.472666666666665,15.483333333333333,39.85,60.500000000000014,0.2,2026-01,avg_duration_by_zone_hour,True
19,Bellerose,12,15,26.685555555555556,22.0,30.666666666666668,49.196666666666665,0.2,2026-01,avg_duration_by_zone_hour,True
221,Stapleton,6,5,26.60333333333333,27.516666666666666,24.4,31.723333333333333,0.2,2026-01,avg_duration_by_zone_hour,True
183,Pelham Bay,11,10,26.589999999999996,24.441666666666666,38.083333333333336,51.06333333333333,0.2,2026-01,avg_duration_by_zone_hour,True
208,Schuylerville/Edgewater Park,4,10,25.305,13.391666666666666,21.066666666666666,62.60499999999999,0.2,2026-01,avg_duration_by_zone_hour,True
73,East Flushing,21,5,25.2,25.366666666666667,24.45,29.490000000000002,0.2,2026-01,avg_duration_by_zone_hour,True
175,Oakland Gardens,20,5,24.356666666666666,14.45,27.233333333333334,51.513333333333335,0.2,2026-01,avg_duration_by_zone_hour,True
173,North Corona,15,25,24.303333333333335,16.15,39.85,51.18666666666667,0.2,2026-01,avg_duration_by_zone_hour,True
94,Fordham South,4,15,24.284444444444443,18.933333333333334,21.066666666666666,46.06666666666666,0.2,2026-01,avg_duration_by_zone_hour,True
19,Bellerose,20,5,23.716666666666665,12.933333333333334,27.233333333333334,49.43666666666667,0.2,2026-01,avg_duration_by_zone_hour,True
175,Oakland Gardens,11,5,22.163333333333334,18.933333333333334,30.366666666666667,39.28666666666666,0.2,2026-01,avg_duration_by_zone_hour,True
73,East Flushing,22,5,20.836666666666666,21.7,23.775,28.11,0.2,2026-01,avg_duration_by_zone_hour,True
31,Bronx Park,7,5,20.443333333333335,13.883333333333333,31.95,42.11666666666667,0.2,2026-01,avg_duration_by_zone_hour,True
23,Bloomfield/Emerson Hill,8,5,20.003333333333334,13.166666666666666,23.316666666666666,38.5,0.2,2026-01,avg_duration_by_zone_hour,True
96,Forest Park/Highland Park,19,5,19.966666666666665,13.783333333333333,29.2,35.873333333333335,0.2,2026-01,avg_duration_by_zone_hour,True
149,Madison,21,10,19.636666666666667,11.491666666666667,20.3,47.34833333333333,0.2,2026-01,avg_duration_by_zone_hour,True
138,LaGuardia Airport,5,25,19.488,18.683333333333334,20.616666666666667,31.23,0.2,2026-01,avg_duration_by_zone_hour,True
124,Howard Beach,1,15,19.284444444444443,19.35,19.0,33.64666666666667,0.2,2026-01,avg_duration_by_zone_hour,True
247,West Concourse,4,25,19.176666666666666,16.75,21.066666666666666,30.640000000000008,0.2,2026-01,avg_duration_by_zone_hour,True
180,Ozone Park,21,15,18.61111111111111,10.65,24.45,37.25333333333333,0.2,2026-01,avg_duration_by_zone_hour,True
171,Murray Hill-Queens,6,10,18.476666666666667,12.991666666666667,26.433333333333334,36.559999999999995,0.2,2026-01,avg_duration_by_zone_hour,True
175,Oakland Gardens,5,5,17.82333333333333,13.383333333333333,20.616666666666667,30.333333333333332,0.2,2026-01,avg_duration_by_zone_hour,True
220,Spuyten Duyvil/Kingsbridge,3,5,17.666666666666668,17.666666666666668,14.666666666666666,19.310000000000002,0.2,2026-01,avg_duration_by_zone_hour,True
180,Ozone Park,0,20,17.475833333333334,16.025,21.15,30.471666666666664,0.2,2026-01,avg_duration_by_zone_hour,True
64,Douglaston,21,5,17.47,15.483333333333333,24.45,28.836666666666666,0.2,2026-01,avg_duration_by_zone_hour,True
122,Hollis,2,5,17.436666666666667,20.95,17.116666666666667,23.253333333333334,0.2,2026-01,avg_duration_by_zone_hour,True
200,Riverdale/North Riverdale/Fieldston,22,10,17.15,14.983333333333334,16.266666666666666,24.454999999999995,0.2,2026-01,avg_duration_by_zone_hour,True
39,Canarsie,1,15,16.964444444444446,11.983333333333333,19.333333333333332,32.33,0.2,2026-01,avg_duration_by_zone_hour,True
67,Dyker Heights,22,10,16.39666666666667,14.725,20.15,26.199999999999996,0.2,2026-01,avg_duration_by_zone_hour,True
196,Rego Park,4,5,14.853333333333333,16.45,17.016666666666666,23.226666666666667,0.2,2026-01,avg_duration_by_zone_hour,True
253,Willets Point,22,5,14.693333333333333,10.033333333333333,23.775,24.913333333333334,0.2,2026-01,avg_duration_by_zone_hour,True
240,Van Cortlandt Park,3,5,14.556666666666667,14.45,14.666666666666666,20.043333333333333,0.2,2026-01,avg_duration_by_zone_hour,True
57,Corona,0,5,14.506666666666666,9.483333333333333,21.15,25.283333333333335,0.2,2026-01,avg_duration_by_zone_hour,True
54,Columbia Street,2,5,14.49,11.916666666666666,18.566666666666666,23.933333333333337,0.2,2026-01,avg_duration_by_zone_hour,True
139,Laurelton,1,10,14.38,14.891666666666667,19.0,24.38,0.2,2026-01,avg_duration_by_zone_hour,True
205,Saint Albans,1,10,14.11,10.225,19.0,28.555,0.2,2026-01,avg_duration_by_zone_hour,True
165,Midwood,2,5,13.266666666666666,11.15,18.566666666666666,21.55666666666667,0.2,2026-01,avg_duration_by_zone_hour,True
196,Rego Park,3,10,13.005,10.333333333333332,16.966666666666665,21.721666666666668,0.2,2026-01,avg_duration_by_zone_hour,True
6,Arrochar/Fort Wadsworth,12,5,12.596666666666668,12.433333333333334,13.85,21.796666666666667,0.2,2026-01,avg_duration_by_zone_hour,True
120,Highbridge Park,18,5,11.91,10.166666666666666,12.733333333333333,21.78,0.2,2026-01,avg_duration_by_zone_hour,True
73,East Flushing,3,5,11.876666666666667,12.483333333333333,16.966666666666665,20.259999999999998,0.2,2026-01,avg_duration_by_zone_hour,True
60,Crotona Park East,15,26,35.09358974358974,29.566666666666666,33.849999999999994,58.15833333333333,0.19230769230769232,2026-01,avg_duration_by_zone_hour,True
102,Glendale,10,26,24.321153846153848,18.78333333333333,30.966666666666665,61.05,0.19230769230769232,2026-01,avg_duration_by_zone_hour,True
53,College Point,7,26,23.06282051282051,17.766666666666666,30.45,45.95833333333333,0.19230769230769232,2026-01,avg_duration_by_zone_hour,True
53,College Point,8,21,32.44126984126984,24.483333333333334,31.55,54.8,0.19047619047619047,2026-01,avg_duration_by_zone_hour,True
252,Whitestone,18,21,31.51587301587302,24.983333333333334,31.691666666666666,41.5,0.19047619047619047,2026-01,avg_duration_by_zone_hour,True
54,Columbia Street,12,21,26.36746031746032,25.083333333333332,27.7,41.416666666666664,0.19047619047619047,2026-01,avg_duration_by_zone_hour,True
135,Kew Gardens Hills,18,21,25.759523809523813,22.683333333333334,31.691666666666666,45.65,0.19047619047619047,2026-01,avg_duration_by_zone_hour,True
18,Bedford Park,1,21,14.70079365079365,13.166666666666666,13.65,24.583333333333332,0.19047619047619047,2026-01,avg_duration_by_zone_hour,True
189,Prospect Heights,4,16,19.917708333333334,20.174999999999997,19.433333333333334,26.30833333333333,0.1875,2026-01,avg_duration_by_zone_hour,True
217,South Williamsburg,2,16,19.129166666666666,19.816666666666666,18.566666666666666,26.883333333333333,0.1875,2026-01,avg_duration_by_zone_hour,True
210,Sheepshead Bay,23,16,17.93541666666667,17.791666666666664,19.75,27.1,0.1875,2026-01,avg_duration_by_zone_hour,True
33,Brooklyn Heights,4,16,17.822916666666668,16.4,19.433333333333334,27.21666666666667,0.1875,2026-01,avg_duration_by_zone_hour,True
167,Morrisania/Melrose,3,16,16.659375,16.083333333333336,14.666666666666666,22.549999999999997,0.1875,2026-01,avg_duration_by_zone_hour,True
136,Kingsbridge Heights,23,16,13.85,13.533333333333333,14.6,18.691666666666666,0.1875,2026-01,avg_duration_by_zone_hour,True
136,Kingsbridge Heights,1,16,13.021875,11.733333333333334,13.65,19.491666666666667,0.1875,2026-01,avg_duration_by_zone_hour,True
54,Columbia Street,9,27,26.735802469135802,25.366666666666667,28.266666666666666,39.46000000000001,0.18518518518518517,2026-01,avg_duration_by_zone_hour,True
200,Riverdale/North Riverdale/Fieldston,17,27,23.83086419753086,21.383333333333333,28.3,38.443333333333335,0.18518518518518517,2026-01,avg_duration_by_zone_hour,True
218,Springfield Gardens North,22,27,21.201851851851853,18.216666666666665,23.775,36.446666666666694,0.18518518518518517,2026-01,avg_duration_by_zone_hour,True
192,Queensboro Hill,16,22,44.800000000000004,30.691666666666666,40.766666666666666,102.50166666666672,0.18181818181818182,2026-01,avg_duration_by_zone_hour,True
101,Glen Oaks,16,11,38.43333333333333,34.9,40.766666666666666,81.41666666666667,0.18181818181818182,2026-01,avg_duration_by_zone_hour,True
98,Fresh Meadows,14,11,29.822727272727274,25.2,36.11666666666667,47.45,0.18181818181818182,2026-01,avg_duration_by_zone_hour,True
212,Soundview/Bruckner,17,22,26.530303030303028,18.275,28.3,47.01666666666668,0.18181818181818182,2026-01,avg_duration_by_zone_hour,True
21,Bensonhurst East,19,11,26.12121212121212,12.783333333333333,21.966666666666665,74.76666666666667,0.18181818181818182,2026-01,avg_duration_by_zone_hour,True
98,Fresh Meadows,10,11,25.743939393939396,10.416666666666666,30.966666666666665,71.96666666666667,0.18181818181818182,2026-01,avg_duration_by_zone_hour,True
175,Oakland Gardens,12,11,25.403030303030302,15.833333333333334,30.666666666666668,45.583333333333336,0.18181818181818182,2026-01,avg_duration_by_zone_hour,True
172,New Dorp/Midland Beach,7,11,23.69393939393939,26.05,31.9,43.0,0.18181818181818182,2026-01,avg_duration_by_zone_hour,True
131,Jamaica Estates,21,11,22.819696969696967,16.0,24.45,45.833333333333336,0.18181818181818182,2026-01,avg_duration_by_zone_hour,True
203,Rosedale,21,11,21.69848484848485,16.9,24.45,38.93333333333333,0.18181818181818182,2026-01,avg_duration_by_zone_hour,True
133,Kensington,1,11,20.58030303030303,20.6,19.333333333333332,31.566666666666666,0.18181818181818182,2026-01,avg_duration_by_zone_hour,True
191,Queens Village,1,11,18.443939393939395,13.883333333333333,19.0,42.81666666666667,0.18181818181818182,2026-01,avg_duration_by_zone_hour,True
102,Glendale,1,11,16.945454545454545,17.95,19.0,27.383333333333333,0.18181818181818182,2026-01,avg_duration_by_zone_hour,True
32,Bronxdale,0,11,13.925757575757576,12.216666666666667,13.666666666666666,29.3,0.18181818181818182,2026-01,avg_duration_by_zone_hour,True
147,Longwood,23,22,13.9,13.25,14.6,21.353333333333335,0.18181818181818182,2026-01,avg_duration_by_zone_hour,True
257,Windsor Terrace,16,17,25.944117647058825,25.0,27.65,52.333333333333336,0.17647058823529413,2026-01,avg_duration_by_zone_hour,True
208,Schuylerville/Edgewater Park,17,17,22.492156862745098,18.25,28.3,38.82333333333334,0.17647058823529413,2026-01,avg_duration_by_zone_hour,True
77,East New York/Pennsylvania Avenue,3,17,16.350980392156863,15.516666666666667,18.866666666666667,27.85,0.17647058823529413,2026-01,avg_duration_by_zone_hour,True
72,East Flatbush/Remsen Village,1,17,15.930392156862744,13.633333333333333,19.333333333333332,25.303333333333335,0.17647058823529413,2026-01,avg_duration_by_zone_hour,True
92,Flushing,3,17,13.14607843137255,13.683333333333334,16.966666666666665,21.826666666666664,0.17647058823529413,2026-01,avg_duration_by_zone_hour,True
67,Dyker Heights,12,23,25.20434782608696,18.65,27.7,50.129999999999995,0.17391304347826086,2026-01,avg_duration_by_zone_hour,True
34,Brooklyn Navy Yard,13,23,23.77608695652174,23.116666666666667,27.266666666666666,37.07000000000001,0.17391304347826086,2026-01,avg_duration_by_zone_hour,True
121,Hillcrest/Pomonok,5,23,19.01304347826087,16.9,20.616666666666667,32.92333333333334,0.17391304347826086,2026-01,avg_duration_by_zone_hour,True
180,Ozone Park,18,29,22.582183908045977,15.633333333333333,31.691666666666666,48.70666666666666,0.1724137931034483,2026-01,avg_duration_by_zone_hour,True
157,Maspeth,10,29,21.92816091954023,18.1,30.966666666666665,41.14666666666667,0.1724137931034483,2026-01,avg_duration_by_zone_hour,True
53,College Point,23,29,21.03965517241379,20.133333333333333,22.483333333333334,34.57,0.1724137931034483,2026-01,avg_duration_by_zone_hour,True
54,Columbia Street,22,29,18.243678160919544,15.666666666666666,20.15,33.60333333333333,0.1724137931034483,2026-01,avg_duration_by_zone_hour,True
155,Marine Park/Mill Basin,22,29,18.099999999999998,17.4,20.15,28.096666666666664,0.1724137931034483,2026-01,avg_duration_by_zone_hour,True
207,Saint Michaels Cemetery/Woodside,16,12,31.783333333333335,25.108333333333334,40.766666666666666,74.35333333333335,0.16666666666666666,2026-01,avg_duration_by_zone_hour,True
73,East Flushing,15,12,31.197222222222223,24.075000000000003,39.85,57.66666666666667,0.16666666666666666,2026-01,avg_duration_by_zone_hour,True
34,Brooklyn Navy Yard,9,6,31.058333333333334,30.65833333333333,28.266666666666666,42.25833333333333,0.16666666666666666,2026-01,avg_duration_by_zone_hour,True
31,Bronx Park,8,6,29.92222222222222,19.283333333333335,32.61666666666667,58.45,0.16666666666666666,2026-01,avg_duration_by_zone_hour,True
183,Pelham Bay,9,18,28.112962962962964,25.275,35.225,55.89833333333335,0.16666666666666666,2026-01,avg_duration_by_zone_hour,True
98,Fresh Meadows,21,6,26.194444444444446,16.608333333333334,24.45,51.333333333333336,0.16666666666666666,2026-01,avg_duration_by_zone_hour,True
53,College Point,21,18,20.314814814814817,18.366666666666667,24.45,34.57333333333334,0.16666666666666666,2026-01,avg_duration_by_zone_hour,True
93,Flushing Meadows-Corona Park,21,24,19.50347222222222,18.041666666666668,24.45,32.894999999999996,0.16666666666666666,2026-01,avg_duration_by_zone_hour,True
175,Oakland Gardens,23,6,19.383333333333333,19.025,22.483333333333334,30.15833333333333,0.16666666666666666,2026-01,avg_duration_by_zone_hour,True
101,Glen Oaks,22,6,18.733333333333334,19.09166666666667,23.775,26.84166666666667,0.16666666666666666,2026-01,avg_duration_by_zone_hour,True
201,Rockaway Park,0,6,18.7,11.158333333333333,21.15,34.46666666666667,0.16666666666666666,2026-01,avg_duration_by_zone_hour,True
121,Hillcrest/Pomonok,21,6,18.336111111111112,16.775,24.45,25.241666666666667,0.16666666666666666,2026-01,avg_duration_by_zone_hour,True
11,Bath Beach,19,6,18.063888888888886,18.458333333333332,21.966666666666665,26.34166666666667,0.16666666666666666,2026-01,avg_duration_by_zone_hour,True
219,Springfield Gardens South,1,12,17.98888888888889,16.6,19.0,29.210000000000004,0.16666666666666666,2026-01,avg_duration_by_zone_hour,True
108,Gravesend,1,6,17.913888888888888,14.758333333333333,19.333333333333332,33.041666666666664,0.16666666666666666,2026-01,avg_duration_by_zone_hour,True
192,Queensboro Hill,0,12,17.3625,14.9,21.15,26.936666666666667,0.16666666666666666,2026-01,avg_duration_by_zone_hour,True
154,Marine Park/Floyd Bennett Field,19,6,16.822222222222223,16.05,21.966666666666665,26.34166666666667,0.16666666666666666,2026-01,avg_duration_by_zone_hour,True
106,Gowanus,2,18,16.632407407407406,16.5,18.566666666666666,24.44,0.16666666666666666,2026-01,avg_duration_by_zone_hour,True
235,University Heights/Morris Heights,22,24,16.152777777777775,14.133333333333333,16.266666666666666,23.02833333333333,0.16666666666666666,2026-01,avg_duration_by_zone_hour,True
123,Homecrest,0,12,16.129166666666666,14.0,19.533333333333335,25.835,0.16666666666666666,2026-01,avg_duration_by_zone_hour,True
139,Laurelton,22,12,15.920833333333334,12.55,23.775,32.40833333333334,0.16666666666666666,2026-01,avg_duration_by_zone_hour,True
147,Longwood,3,6,15.530555555555557,15.933333333333334,14.666666666666666,18.09166666666667,0.16666666666666666,2026-01,avg_duration_by_zone_hour,True
185,Pelham Parkway,3,6,13.941666666666668,16.6,14.666666666666666,17.9,0.16666666666666666,2026-01,avg_duration_by_zone_hour,True
16,Bayside,3,6,13.922222222222222,13.225000000000001,16.966666666666665,20.791666666666664,0.16666666666666666,2026-01,avg_duration_by_zone_hour,True
119,Highbridge,21,12,13.85138888888889,11.766666666666666,17.333333333333332,22.81666666666667,0.16666666666666666,2026-01,avg_duration_by_zone_hour,True
134,Kew Gardens,3,6,13.60277777777778,12.399999999999999,16.966666666666665,20.891666666666666,0.16666666666666666,2026-01,avg_duration_by_zone_hour,True
47,Claremont/Bathgate,22,12,13.35277777777778,10.408333333333335,16.266666666666666,23.273333333333337,0.16666666666666666,2026-01,avg_duration_by_zone_hour,True
190,Prospect Park,20,12,12.799999999999999,8.725,21.2,26.805000000000003,0.16666666666666666,2026-01,avg_duration_by_zone_hour,True
1,Newark Airport,16,6,12.4,4.2,14.383333333333333,30.950000000000003,0.16666666666666666,2026-01,avg_duration_by_zone_hour,True
149,Madison,0,6,9.73611111111111,6.35,19.533333333333335,19.583333333333336,0.16666666666666666,2026-01,avg_duration_by_zone_hour,True
180,Ozone Park,15,25,26.194000000000003,22.35,39.85,55.47,0.16,2026-01,avg_duration_by_zone_hour,True
93,Flushing Meadows-Corona Park,17,19,36.188596491228076,33.233333333333334,37.016666666666666,55.76666666666665,0.15789473684210525,2026-01,avg_duration_by_zone_hour,True
173,North Corona,16,19,27.72631578947368,21.416666666666668,40.766666666666666,58.806666666666665,0.15789473684210525,2026-01,avg_duration_by_zone_hour,True
93,Flushing Meadows-Corona Park,12,19,25.673684210526318,19.916666666666668,30.666666666666668,55.38666666666666,0.15789473684210525,2026-01,avg_duration_by_zone_hour,True
210,Sheepshead Bay,22,19,15.751754385964913,11.333333333333334,20.15,42.17333333333333,0.15789473684210525,2026-01,avg_duration_by_zone_hour,True
210,Sheepshead Bay,0,19,14.456140350877194,11.233333333333333,19.533333333333335,26.613333333333333,0.15789473684210525,2026-01,avg_duration_by_zone_hour,True
173,North Corona,2,19,11.191228070175438,9.616666666666667,17.116666666666667,21.546666666666667,0.15789473684210525,2026-01,avg_duration_by_zone_hour,True
241,Van Cortlandt Village,16,26,36.044230769230765,28.333333333333332,35.9,89.56666666666666,0.15384615384615385,2026-01,avg_duration_by_zone_hour,True
98,Fresh Meadows,17,13,30.334615384615386,26.016666666666666,37.016666666666666,63.19333333333336,0.15384615384615385,2026-01,avg_duration_by_zone_hour,True
160,Middle Village,13,26,26.889102564102565,24.575,32.25,42.358333333333334,0.15384615384615385,2026-01,avg_duration_by_zone_hour,True
200,Riverdale/North Riverdale/Fieldston,16,26,26.02051282051282,21.2,35.9,49.141666666666666,0.15384615384615385,2026-01,avg_duration_by_zone_hour,True
191,Queens Village,20,13,24.348717948717947,19.95,27.233333333333334,44.186666666666675,0.15384615384615385,2026-01,avg_duration_by_zone_hour,True
180,Ozone Park,20,26,24.074358974358972,20.208333333333336,27.233333333333334,47.425,0.15384615384615385,2026-01,avg_duration_by_zone_hour,True
131,Jamaica Estates,20,13,22.17051282051282,20.016666666666666,27.233333333333334,33.78333333333334,0.15384615384615385,2026-01,avg_duration_by_zone_hour,True
98,Fresh Meadows,23,13,21.22820512820513,20.75,22.483333333333334,31.773333333333337,0.15384615384615385,2026-01,avg_duration_by_zone_hour,True
124,Howard Beach,23,26,20.59102564102564,19.666666666666664,22.483333333333334,28.65833333333333,0.15384615384615385,2026-01,avg_duration_by_zone_hour,True
131,Jamaica Estates,19,13,18.914102564102564,14.7,29.2,36.643333333333345,0.15384615384615385,2026-01,avg_duration_by_zone_hour,True
54,Columbia Street,15,13,18.56153846153846,11.566666666666666,26.7,35.053333333333335,0.15384615384615385,2026-01,avg_duration_by_zone_hour,True
91,Flatlands,1,13,15.717948717948719,12.183333333333334,19.333333333333332,24.89666666666667,0.15384615384615385,2026-01,avg_duration_by_zone_hour,True
208,Schuylerville/Edgewater Park,1,13,12.014102564102565,11.266666666666667,13.65,18.09,0.15384615384615385,2026-01,avg_duration_by_zone_hour,True
121,Hillcrest/Pomonok,22,20,18.578333333333333,16.35,23.775,32.85500000000001,0.15,2026-01,avg_duration_by_zone_hour,True
93,Flushing Meadows-Corona Park,23,20,17.604166666666664,17.03333333333333,22.483333333333334,28.12,0.15,2026-01,avg_duration_by_zone_hour,True
56,Corona,1,20,15.7625,14.566666666666666,19.0,25.828333333333333,0.15,2026-01,avg_duration_by_zone_hour,True
157,Maspeth,0,27,15.098765432098766,13.083333333333334,21.15,28.260000000000005,0.14814814814814814,2026-01,avg_duration_by_zone_hour,True
173,North Corona,3,27,12.92530864197531,10.333333333333334,16.966666666666665,23.323333333333334,0.14814814814814814,2026-01,avg_duration_by_zone_hour,True
15,Bay Terrace/Fort Totten,17,7,35.74285714285714,24.766666666666666,37.016666666666666,67.97000000000001,0.14285714285714285,2026-01,avg_duration_by_zone_hour,True
192,Queensboro Hill,15,21,33.135714285714286,22.0,39.85,55.13333333333333,0.14285714285714285,2026-01,avg_duration_by_zone_hour,True
192,Queensboro Hill,10,14,27.75357142857143,25.71666666666667,30.966666666666665,39.43000000000001,0.14285714285714285,2026-01,avg_duration_by_zone_hour,True
31,Bronx Park,6,7,26.307142857142857,19.9,32.516666666666666,40.96666666666667,0.14285714285714285,2026-01,avg_duration_by_zone_hour,True
15,Bay Terrace/Fort Totten,20,7,23.70952380952381,22.683333333333334,27.233333333333334,34.43333333333334,0.14285714285714285,2026-01,avg_duration_by_zone_hour,True
252,Whitestone,20,7,22.064285714285713,20.166666666666668,27.233333333333334,33.78,0.14285714285714285,2026-01,avg_duration_by_zone_hour,True
210,Sheepshead Bay,20,21,20.417460317460318,15.283333333333333,21.2,35.483333333333334,0.14285714285714285,2026-01,avg_duration_by_zone_hour,True
73,East Flushing,6,7,20.197619047619046,23.216666666666665,26.433333333333334,30.156666666666666,0.14285714285714285,2026-01,avg_duration_by_zone_hour,True
122,Hollis,20,7,19.461904761904766,24.233333333333334,27.233333333333334,30.03666666666667,0.14285714285714285,2026-01,avg_duration_by_zone_hour,True
9,Auburndale,0,7,18.692857142857143,20.333333333333332,21.15,26.553333333333335,0.14285714285714285,2026-01,avg_duration_by_zone_hour,True
52,Cobble Hill,1,14,18.414285714285715,18.15,19.333333333333332,24.058333333333334,0.14285714285714285,2026-01,avg_duration_by_zone_hour,True
124,Howard Beach,2,7,17.992857142857144,16.083333333333332,17.116666666666667,24.880000000000003,0.14285714285714285,2026-01,avg_duration_by_zone_hour,True
102,Glendale,0,14,17.941666666666666,16.25,21.15,28.065000000000005,0.14285714285714285,2026-01,avg_duration_by_zone_hour,True
180,Ozone Park,19,21,17.695238095238096,11.216666666666667,29.2,36.86666666666667,0.14285714285714285,2026-01,avg_duration_by_zone_hour,True
171,Murray Hill-Queens,19,7,17.633333333333333,9.633333333333333,29.2,34.25666666666668,0.14285714285714285,2026-01,avg_duration_by_zone_hour,True
131,Jamaica Estates,23,21,17.513492063492066,14.1,22.483333333333334,34.45,0.14285714285714285,2026-01,avg_duration_by_zone_hour,True
19,Bellerose,0,21,17.053968253968254,14.816666666666666,21.15,31.333333333333332,0.14285714285714285,2026-01,avg_duration_by_zone_hour,True
208,Schuylerville/Edgewater Park,21,21,16.734920634920634,16.15,17.333333333333332,22.333333333333332,0.14285714285714285,2026-01,avg_duration_by_zone_hour,True
10,Baisley Park,2,14,16.704761904761906,15.3,17.116666666666667,25.39666666666668,0.14285714285714285,2026-01,avg_duration_by_zone_hour,True
72,East Flatbush/Remsen Village,2,14,16.035714285714285,11.616666666666667,18.566666666666666,26.321666666666673,0.14285714285714285,2026-01,avg_duration_by_zone_hour,True
64,Douglaston,1,7,15.70238095238095,13.133333333333333,19.0,26.640000000000008,0.14285714285714285,2026-01,avg_duration_by_zone_hour,True
21,Bensonhurst East,21,7,15.476190476190476,11.983333333333333,20.3,27.170000000000005,0.14285714285714285,2026-01,avg_duration_by_zone_hour,True
149,Madison,23,14,14.355952380952383,13.233333333333334,19.75,23.936666666666675,0.14285714285714285,2026-01,avg_duration_by_zone_hour,True
64,Douglaston,0,7,13.921428571428573,14.633333333333333,21.15,25.966666666666665,0.14285714285714285,2026-01,avg_duration_by_zone_hour,True
78,East Tremont,2,7,12.661904761904761,12.45,14.0,17.216666666666665,0.14285714285714285,2026-01,avg_duration_by_zone_hour,True
250,Westchester Village/Unionport,2,14,12.238095238095239,9.133333333333333,14.0,17.583333333333336,0.14285714285714285,2026-01,avg_duration_by_zone_hour,True
235,University Heights/Morris Heights,1,7,12.20952380952381,11.616666666666667,13.65,17.963333333333335,0.14285714285714285,2026-01,avg_duration_by_zone_hour,True
242,Van Nest/Morris Park,1,7,9.902380952380952,8.383333333333333,13.65,15.986666666666672,0.14285714285714285,2026-01,avg_duration_by_zone_hour,True
180,Ozone Park,14,29,23.20632183908046,18.783333333333335,36.11666666666667,46.83,0.13793103448275862,2026-01,avg_duration_by_zone_hour,True
126,Hunts Point,18,29,20.46551724137931,15.8,23.45,35.79666666666666,0.13793103448275862,2026-01,avg_duration_by_zone_hour,True
160,Middle Village,20,22,18.37272727272727,15.883333333333333,27.233333333333334,34.518333333333345,0.13636363636363635,2026-01,avg_duration_by_zone_hour,True
135,Kew Gardens Hills,19,15,26.365555555555552,23.716666666666665,29.2,51.25333333333332,0.13333333333333333,2026-01,avg_duration_by_zone_hour,True
212,Soundview/Bruckner,1,15,11.383333333333333,9.65,13.65,19.97,0.13333333333333333,2026-01,avg_duration_by_zone_hour,True
195,Red Hook,0,23,20.01304347826087,21.083333333333332,19.533333333333335,24.73,0.13043478260869565,2026-01,avg_duration_by_zone_hour,True
212,Soundview/Bruckner,23,23,12.002173913043478,12.166666666666666,14.6,18.98,0.13043478260869565,2026-01,avg_duration_by_zone_hour,True
175,Oakland Gardens,17,8,33.50208333333333,22.266666666666666,37.016666666666666,60.591666666666654,0.125,2026-01,avg_duration_by_zone_hour,True
64,Douglaston,14,8,30.35833333333333,31.35,36.11666666666667,46.41166666666666,0.125,2026-01,avg_duration_by_zone_hour,True
131,Jamaica Estates,16,24,27.85763888888889,17.65,40.766666666666666,63.14333333333332,0.125,2026-01,avg_duration_by_zone_hour,True
20,Belmont,17,8,23.402083333333334,14.383333333333333,28.3,43.96999999999999,0.125,2026-01,avg_duration_by_zone_hour,True
248,West Farms/Bronx River,19,8,22.84583333333333,20.883333333333333,20.15,37.26333333333333,0.125,2026-01,avg_duration_by_zone_hour,True
64,Douglaston,17,8,22.545833333333334,21.791666666666668,37.016666666666666,36.3,0.125,2026-01,avg_duration_by_zone_hour,True
53,College Point,18,8,22.233333333333334,14.383333333333333,31.691666666666666,44.74833333333333,0.125,2026-01,avg_duration_by_zone_hour,True
70,East Elmhurst,5,24,20.775000000000002,15.191666666666666,20.616666666666667,39.56333333333332,0.125,2026-01,avg_duration_by_zone_hour,True
171,Murray Hill-Queens,21,8,18.179166666666667,8.95,24.45,40.834999999999994,0.125,2026-01,avg_duration_by_zone_hour,True
119,Highbridge,4,16,18.042708333333334,16.133333333333333,21.066666666666666,31.05833333333333,0.125,2026-01,avg_duration_by_zone_hour,True
207,Saint Michaels Cemetery/Woodside,18,8,17.91875,12.899999999999999,31.691666666666666,33.23166666666666,0.125,2026-01,avg_duration_by_zone_hour,True
195,Red Hook,3,8,17.18541666666667,16.15833333333333,18.866666666666667,24.231666666666666,0.125,2026-01,avg_duration_by_zone_hour,True
150,Manhattan Beach,23,8,17.070833333333333,17.96666666666667,19.75,27.243333333333332,0.125,2026-01,avg_duration_by_zone_hour,True
200,Riverdale/North Riverdale/Fieldston,20,8,15.774999999999999,16.016666666666666,17.916666666666668,23.091666666666665,0.125,2026-01,avg_duration_by_zone_hour,True
203,Rosedale,1,8,15.55,13.35,19.0,26.201666666666664,0.125,2026-01,avg_duration_by_zone_hour,True
210,Sheepshead Bay,2,8,15.283333333333333,16.34166666666667,18.566666666666666,22.231666666666666,0.125,2026-01,avg_duration_by_zone_hour,True
122,Hollis,23,8,15.120833333333334,12.825,22.483333333333334,23.26833333333333,0.125,2026-01,avg_duration_by_zone_hour,True
101,Glen Oaks,1,8,14.535416666666666,12.708333333333332,19.0,24.47,0.125,2026-01,avg_duration_by_zone_hour,True
53,College Point,1,8,14.429166666666667,12.433333333333334,19.0,21.166666666666664,0.125,2026-01,avg_duration_by_zone_hour,True
108,Gravesend,0,8,14.227083333333333,10.891666666666666,19.533333333333335,24.81,0.125,2026-01,avg_duration_by_zone_hour,True
171,Murray Hill-Queens,1,8,13.354166666666666,10.608333333333334,19.0,24.424999999999997,0.125,2026-01,avg_duration_by_zone_hour,True
78,East Tremont,0,24,13.002083333333333,12.708333333333332,13.666666666666666,18.086666666666666,0.125,2026-01,avg_duration_by_zone_hour,True
22,Bensonhurst West,23,16,12.480208333333334,10.95,19.75,23.6,0.125,2026-01,avg_duration_by_zone_hour,True
70,East Elmhurst,3,16,12.296875,11.908333333333335,16.966666666666665,20.425,0.125,2026-01,avg_duration_by_zone_hour,True
135,Kew Gardens Hills,17,25,24.054666666666666,19.0,37.016666666666666,45.366666666666674,0.12,2026-01,avg_duration_by_zone_hour,True
102,Glendale,17,25,22.923333333333336,20.583333333333332,37.016666666666666,43.22333333333335,0.12,2026-01,avg_duration_by_zone_hour,True
101,Glen Oaks,14,17,29.738235294117647,28.066666666666666,36.11666666666667,45.43,0.11764705882352941,2026-01,avg_duration_by_zone_hour,True
93,Flushing Meadows-Corona Park,0,17,18.306862745098037,17.483333333333334,21.15,26.556666666666665,0.11764705882352941,2026-01,avg_duration_by_zone_hour,True
175,Oakland Gardens,9,17,17.97941176470588,10.966666666666667,31.491666666666667,38.03666666666667,0.11764705882352941,2026-01,avg_duration_by_zone_hour,True
149,Madison,20,17,16.03921568627451,12.616666666666667,21.2,32.730000000000004,0.11764705882352941,2026-01,avg_duration_by_zone_hour,True
212,Soundview/Bruckner,0,17,10.679411764705883,10.533333333333333,13.666666666666666,16.12666666666667,0.11764705882352941,2026-01,avg_duration_by_zone_hour,True
180,Ozone Park,16,26,24.362820512820512,14.708333333333332,40.766666666666666,49.61666666666667,0.11538461538461539,2026-01,avg_duration_by_zone_hour,True
93,Flushing Meadows-Corona Park,18,26,23.926923076923078,25.366666666666667,31.691666666666666,40.20833333333333,0.11538461538461539,2026-01,avg_duration_by_zone_hour,True
92,Flushing,2,26,14.602564102564104,14.05,17.116666666666667,22.025,0.11538461538461539,2026-01,avg_duration_by_zone_hour,True
53,College Point,15,18,27.659259259259258,25.041666666666668,39.85,42.481666666666676,0.1111111111111111,2026-01,avg_duration_by_zone_hour,True
175,Oakland Gardens,16,9,20.374074074074073,16.533333333333335,40.766666666666666,36.006666666666675,0.1111111111111111,2026-01,avg_duration_by_zone_hour,True
222,Starrett City,23,9,19.79259259259259,14.416666666666666,19.75,28.756666666666675,0.1111111111111111,2026-01,avg_duration_by_zone_hour,True
133,Kensington,3,9,19.10185185185185,21.066666666666666,18.866666666666667,23.136666666666667,0.1111111111111111,2026-01,avg_duration_by_zone_hour,True
53,College Point,22,27,18.476543209876542,18.033333333333335,23.775,27.113333333333344,0.1111111111111111,2026-01,avg_duration_by_zone_hour,True
22,Bensonhurst West,2,9,18.120370370370367,15.166666666666666,18.566666666666666,24.546666666666667,0.1111111111111111,2026-01,avg_duration_by_zone_hour,True
185,Pelham Parkway,4,9,17.703703703703706,15.2,21.066666666666666,27.396666666666672,0.1111111111111111,2026-01,avg_duration_by_zone_hour,True
169,Mount Hope,4,9,17.142592592592592,16.1,21.066666666666666,25.013333333333332,0.1111111111111111,2026-01,avg_duration_by_zone_hour,True
19,Bellerose,21,9,17.06851851851852,18.65,24.45,28.62,0.1111111111111111,2026-01,avg_duration_by_zone_hour,True
93,Flushing Meadows-Corona Park,2,9,16.13888888888889,15.916666666666666,17.116666666666667,21.126666666666665,0.1111111111111111,2026-01,avg_duration_by_zone_hour,True
18,Bedford Park,2,9,15.116666666666667,16.566666666666666,14.0,18.64666666666667,0.1111111111111111,2026-01,avg_duration_by_zone_hour,True
175,Oakland Gardens,0,9,14.964814814814815,14.25,21.15,24.813333333333336,0.1111111111111111,2026-01,avg_duration_by_zone_hour,True
19,Bellerose,1,9,14.24814814814815,14.083333333333334,19.0,18.47,0.1111111111111111,2026-01,avg_duration_by_zone_hour,True
98,Fresh Meadows,0,9,13.637037037037038,12.466666666666667,21.15,23.69666666666667,0.1111111111111111,2026-01,avg_duration_by_zone_hour,True
16,Bayside,4,9,12.901851851851852,11.6,17.016666666666666,18.88666666666667,0.1111111111111111,2026-01,avg_duration_by_zone_hour,True
248,West Farms/Bronx River,0,18,11.412962962962963,12.1,13.666666666666666,17.171666666666667,0.1111111111111111,2026-01,avg_duration_by_zone_hour,True
121,Hillcrest/Pomonok,23,28,20.129761904761903,19.65,22.483333333333334,28.356666666666666,0.10714285714285714,2026-01,avg_duration_by_zone_hour,True
205,Saint Albans,23,28,16.830357142857142,16.125,22.483333333333334,27.565000000000005,0.10714285714285714,2026-01,avg_duration_by_zone_hour,True
192,Queensboro Hill,18,19,21.279824561403508,18.35,31.691666666666666,38.93666666666666,0.10526315789473684,2026-01,avg_duration_by_zone_hour,True
53,College Point,0,19,19.78684210526316,21.3,21.15,26.72333333333333,0.10526315789473684,2026-01,avg_duration_by_zone_hour,True
207,Saint Michaels Cemetery/Woodside,10,19,10.42280701754386,2.316666666666667,30.966666666666665,37.82333333333333,0.10526315789473684,2026-01,avg_duration_by_zone_hour,True
54,Columbia Street,7,29,23.417816091954023,22.916666666666668,29.2,35.416666666666664,0.10344827586206896,2026-01,avg_duration_by_zone_hour,True
173,North Corona,21,29,16.320114942528736,14.4,24.45,28.27333333333333,0.10344827586206896,2026-01,avg_duration_by_zone_hour,True
201,Rockaway Park,14,10,33.239999999999995,27.03333333333333,36.11666666666667,47.62499999999998,0.1,2026-01,avg_duration_by_zone_hour,True
101,Glen Oaks,21,10,20.916666666666664,16.741666666666667,24.45,31.493333333333325,0.1,2026-01,avg_duration_by_zone_hour,True
19,Bellerose,22,10,20.169999999999998,17.266666666666666,23.775,25.891666666666662,0.1,2026-01,avg_duration_by_zone_hour,True
252,Whitestone,22,20,18.27583333333333,15.766666666666666,23.775,26.121666666666684,0.1,2026-01,avg_duration_by_zone_hour,True
54,Columbia Street,20,20,16.8825,17.691666666666666,21.2,25.22500000000001,0.1,2026-01,avg_duration_by_zone_hour,True
98,Fresh Meadows,22,10,16.706666666666667,16.21666666666667,23.775,26.951666666666664,0.1,2026-01,avg_duration_by_zone_hour,True
93,Flushing Meadows-Corona Park,7,20,16.315833333333334,16.166666666666668,30.45,25.44500000000002,0.1,2026-01,avg_duration_by_zone_hour,True
248,West Farms/Bronx River,3,10,16.21,12.916666666666668,14.666666666666666,18.91499999999999,0.1,2026-01,avg_duration_by_zone_hour,True
171,Murray Hill-Queens,0,10,15.84,14.65,21.15,25.423333333333332,0.1,2026-01,avg_duration_by_zone_hour,True
34,Brooklyn Navy Yard,0,20,15.539166666666665,15.216666666666667,19.533333333333335,21.10000000000001,0.1,2026-01,avg_duration_by_zone_hour,True
16,Bayside,1,10,15.235,16.333333333333332,19.0,20.435,0.1,2026-01,avg_duration_by_zone_hour,True
139,Laurelton,23,10,15.2,13.383333333333333,22.483333333333334,26.006666666666664,0.1,2026-01,avg_duration_by_zone_hour,True
218,Springfield Gardens North,23,20,15.174166666666668,13.05,22.483333333333334,28.113333333333333,0.1,2026-01,avg_duration_by_zone_hour,True
20,Belmont,21,10,13.843333333333334,13.158333333333333,17.333333333333332,18.749999999999993,0.1,2026-01,avg_duration_by_zone_hour,True
147,Longwood,22,10,13.041666666666666,11.991666666666667,16.266666666666666,17.69833333333333,0.1,2026-01,avg_duration_by_zone_hour,True
81,Eastchester,3,10,12.940000000000001,13.75,14.666666666666666,17.603333333333335,0.1,2026-01,avg_duration_by_zone_hour,True
178,Ocean Parkway South,19,10,12.485,10.2,21.966666666666665,19.414999999999996,0.1,2026-01,avg_duration_by_zone_hour,True
180,Ozone Park,2,10,12.155,8.8,17.116666666666667,20.65833333333333,0.1,2026-01,avg_duration_by_zone_hour,True
134,Kew Gardens,1,10,11.625,9.149999999999999,19.0,18.426666666666662,0.1,2026-01,avg_duration_by_zone_hour,True
134,Kew Gardens,4,10,11.58,12.5,17.016666666666666,17.256666666666664,0.1,2026-01,avg_duration_by_zone_hour,True
102,Glendale,16,21,28.16984126984127,26.416666666666668,40.766666666666666,49.55,0.09523809523809523,2026-01,avg_duration_by_zone_hour,True
93,Flushing Meadows-Corona Park,15,21,27.966666666666665,21.766666666666666,39.85,49.61666666666667,0.09523809523809523,2026-01,avg_duration_by_zone_hour,True
56,Corona,21,21,20.132539682539683,18.05,24.45,29.05,0.09523809523809523,2026-01,avg_duration_by_zone_hour,True
101,Glen Oaks,0,21,17.57936507936508,18.716666666666665,21.15,23.75,0.09523809523809523,2026-01,avg_duration_by_zone_hour,True
6,Arrochar/Fort Wadsworth,7,11,26.845454545454547,31.233333333333334,31.9,36.96666666666667,0.09090909090909091,2026-01,avg_duration_by_zone_hour,True
207,Saint Michaels Cemetery/Woodside,17,11,22.006060606060604,19.05,37.016666666666666,31.566666666666666,0.09090909090909091,2026-01,avg_duration_by_zone_hour,True
93,Flushing Meadows-Corona Park,5,11,19.6030303030303,18.85,20.616666666666667,23.95,0.09090909090909091,2026-01,avg_duration_by_zone_hour,True
73,East Flushing,7,22,19.275000000000002,11.591666666666665,30.45,35.68833333333334,0.09090909090909091,2026-01,avg_duration_by_zone_hour,True
252,Whitestone,21,22,18.473484848484848,18.0,24.45,28.161666666666672,0.09090909090909091,2026-01,avg_duration_by_zone_hour,True
126,Hunts Point,21,11,18.046969696969697,14.483333333333333,17.333333333333332,19.0,0.09090909090909091,2026-01,avg_duration_by_zone_hour,True
192,Queensboro Hill,23,11,16.534848484848485,14.833333333333334,22.483333333333334,24.816666666666666,0.09090909090909091,2026-01,avg_duration_by_zone_hour,True
242,Van Nest/Morris Park,3,11,15.456060606060607,12.116666666666667,14.666666666666666,16.583333333333332,0.09090909090909091,2026-01,avg_duration_by_zone_hour,True
160,Middle Village,1,11,15.013636363636364,13.783333333333333,19.0,19.95,0.09090909090909091,2026-01,avg_duration_by_zone_hour,True
16,Bayside,2,11,13.746969696969698,13.8,17.116666666666667,20.666666666666668,0.09090909090909091,2026-01,avg_duration_by_zone_hour,True
77,East New York/Pennsylvania Avenue,1,11,12.640909090909092,9.866666666666667,19.333333333333332,23.883333333333333,0.09090909090909091,2026-01,avg_duration_by_zone_hour,True
28,Briarwood/Jamaica Hills,2,22,12.590151515151517,10.6,17.116666666666667,20.425,0.09090909090909091,2026-01,avg_duration_by_zone_hour,True
169,Mount Hope,2,11,12.112121212121211,11.233333333333333,14.0,15.35,0.09090909090909091,2026-01,avg_duration_by_zone_hour,True
60,Crotona Park East,1,11,9.525757575757575,8.066666666666666,13.65,15.65,0.09090909090909091,2026-01,avg_duration_by_zone_hour,True
19,Bellerose,23,23,17.65072463768116,17.05,22.483333333333334,25.053333333333335,0.08695652173913043,2026-01,avg_duration_by_zone_hour,True
28,Briarwood/Jamaica Hills,3,23,14.781884057971014,14.0,16.966666666666665,20.713333333333335,0.08695652173913043,2026-01,avg_duration_by_zone_hour,True
175,Oakland Gardens,14,12,21.92222222222222,23.758333333333333,36.11666666666667,35.178333333333335,0.08333333333333333,2026-01,avg_duration_by_zone_hour,True
34,Brooklyn Navy Yard,8,12,21.677777777777777,20.09166666666667,28.083333333333332,33.858333333333334,0.08333333333333333,2026-01,avg_duration_by_zone_hour,True
53,College Point,20,12,20.19861111111111,19.65,27.233333333333334,27.575,0.08333333333333333,2026-01,avg_duration_by_zone_hour,True
135,Kew Gardens Hills,21,12,19.708333333333332,15.308333333333334,24.45,28.308333333333334,0.08333333333333333,2026-01,avg_duration_by_zone_hour,True
52,Cobble Hill,5,12,19.36388888888889,19.791666666666664,23.9,24.826666666666664,0.08333333333333333,2026-01,avg_duration_by_zone_hour,True
131,Jamaica Estates,22,24,17.492361111111112,15.108333333333334,23.775,27.218333333333334,0.08333333333333333,2026-01,avg_duration_by_zone_hour,True
135,Kew Gardens Hills,0,12,16.947222222222223,15.725000000000001,21.15,24.376666666666665,0.08333333333333333,2026-01,avg_duration_by_zone_hour,True
252,Whitestone,23,12,15.443055555555555,14.916666666666668,22.483333333333334,20.773333333333333,0.08333333333333333,2026-01,avg_duration_by_zone_hour,True
196,Rego Park,1,12,12.468055555555557,12.616666666666667,19.0,17.933333333333334,0.08333333333333333,2026-01,avg_duration_by_zone_hour,True
123,Homecrest,23,12,12.019444444444444,9.975,19.75,17.875,0.08333333333333333,2026-01,avg_duration_by_zone_hour,True
265,Outside of NYC,1,12,4.856944444444444,2.7333333333333334,7.55,6.91,0.08333333333333333,2026-01,avg_duration_by_zone_hour,True
131,Jamaica Estates,18,25,25.928,22.1,31.691666666666666,36.23,0.08,2026-01,avg_duration_by_zone_hour,True
53,College Point,14,25,24.881999999999998,22.8,36.11666666666667,41.663333333333334,0.08,2026-01,avg_duration_by_zone_hour,True
40,Carroll Gardens,5,25,19.827333333333332,19.966666666666665,23.9,28.773333333333333,0.08,2026-01,avg_duration_by_zone_hour,True
33,Brooklyn Heights,5,25,19.203333333333333,17.983333333333334,23.9,22.846666666666668,0.08,2026-01,avg_duration_by_zone_hour,True
56,Corona,0,25,16.332,16.183333333333334,21.15,24.64,0.08,2026-01,avg_duration_by_zone_hour,True
196,Rego Park,0,25,15.320666666666666,14.916666666666666,21.15,24.883333333333333,0.08,2026-01,avg_duration_by_zone_hour,True
9,Auburndale,15,13,20.78717948717949,17.8,39.85,43.37666666666667,0.07692307692307693,2026-01,avg_duration_by_zone_hour,True
102,Glendale,19,26,18.80320512820513,14.716666666666667,29.2,30.59166666666667,0.07692307692307693,2026-01,avg_duration_by_zone_hour,True
131,Jamaica Estates,0,13,17.911538461538463,19.55,21.15,25.396666666666672,0.07692307692307693,2026-01,avg_duration_by_zone_hour,True
101,Glen Oaks,23,13,17.385897435897437,16.283333333333335,22.483333333333334,26.03,0.07692307692307693,2026-01,avg_duration_by_zone_hour,True
11,Bath Beach,22,13,15.84871794871795,13.333333333333334,20.15,23.026666666666667,0.07692307692307693,2026-01,avg_duration_by_zone_hour,True
54,Columbia Street,10,27,21.07901234567901,18.883333333333333,28.55,32.68,0.07407407407407407,2026-01,avg_duration_by_zone_hour,True
160,Middle Village,23,27,17.038271604938274,15.966666666666667,22.483333333333334,26.753333333333334,0.07407407407407407,2026-01,avg_duration_by_zone_hour,True
102,Glendale,22,27,14.701234567901235,13.766666666666667,23.775,22.14,0.07407407407407407,2026-01,avg_duration_by_zone_hour,True
192,Queensboro Hill,22,14,22.823809523809523,12.45,23.775,27.136666666666667,0.07142857142857142,2026-01,avg_duration_by_zone_hour,True
212,Soundview/Bruckner,5,28,22.04047619047619,17.78333333333333,30.85,35.09,0.07142857142857142,2026-01,avg_duration_by_zone_hour,True
93,Flushing Meadows-Corona Park,19,14,20.710714285714285,20.125,29.2,34.88666666666667,0.07142857142857142,2026-01,avg_duration_by_zone_hour,True
11,Bath Beach,18,14,19.73095238095238,18.425,23.125,28.52166666666667,0.07142857142857142,2026-01,avg_duration_by_zone_hour,True
135,Kew Gardens Hills,22,14,19.554761904761904,17.6,23.775,26.996666666666666,0.07142857142857142,2026-01,avg_duration_by_zone_hour,True
83,Elmhurst/Maspeth,16,29,19.694827586206895,14.283333333333333,40.766666666666666,42.85666666666667,0.06896551724137931,2026-01,avg_duration_by_zone_hour,True
258,Woodhaven,23,29,16.72528735632184,17.05,22.483333333333334,24.273333333333333,0.06896551724137931,2026-01,avg_duration_by_zone_hour,True
54,Columbia Street,6,15,21.475555555555555,21.116666666666667,28.7,29.436666666666667,0.06666666666666667,2026-01,avg_duration_by_zone_hour,True
102,Glendale,21,15,15.780000000000001,13.15,24.45,25.866666666666664,0.06666666666666667,2026-01,avg_duration_by_zone_hour,True
139,Laurelton,0,15,13.102222222222222,12.416666666666666,21.15,24.033333333333335,0.06666666666666667,2026-01,avg_duration_by_zone_hour,True
16,Bayside,23,15,12.99,11.533333333333333,22.483333333333334,23.59333333333333,0.06666666666666667,2026-01,avg_duration_by_zone_hour,True
16,Bayside,0,16,18.758333333333333,18.941666666666666,21.15,26.108333333333334,0.0625,2026-01,avg_duration_by_zone_hour,True
190,Prospect Park,21,16,15.383333333333333,17.166666666666668,20.3,21.308333333333334,0.0625,2026-01,avg_duration_by_zone_hour,True
22,Bensonhurst West,0,16,15.278125,13.533333333333333,19.533333333333335,19.4,0.0625,2026-01,avg_duration_by_zone_hour,True
67,Dyker Heights,1,16,15.273958333333333,16.041666666666664,19.333333333333332,24.049999999999997,0.0625,2026-01,avg_duration_by_zone_hour,True
207,Saint Michaels Cemetery/Woodside,9,16,9.458333333333334,1.475,31.491666666666667,26.525,0.0625,2026-01,avg_duration_by_zone_hour,True
134,Kew Gardens,20,17,16.815686274509805,14.05,27.233333333333334,28.006666666666668,0.058823529411764705,2026-01,avg_duration_by_zone_hour,True
135,Kew Gardens Hills,23,17,16.106862745098038,16.083333333333332,22.483333333333334,25.406666666666666,0.058823529411764705,2026-01,avg_duration_by_zone_hour,True
102,Glendale,20,18,17.494444444444444,15.775,27.233333333333334,24.563333333333333,0.05555555555555555,2026-01,avg_duration_by_zone_hour,True
173,North Corona,20,19,16.821052631578947,17.116666666666667,27.233333333333334,26.666666666666664,0.05263157894736842,2026-01,avg_duration_by_zone_hour,True
157,Maspeth,1,19,13.086842105263159,13.0,19.0,18.336666666666666,0.05263157894736842,2026-01,avg_duration_by_zone_hour,True
56,Corona,2,19,11.803508771929826,11.266666666666667,17.116666666666667,19.296666666666667,0.05263157894736842,2026-01,avg_duration_by_zone_hour,True
173,North Corona,14,20,20.526666666666664,19.425,36.11666666666667,32.68500000000002,0.05,2026-01,avg_duration_by_zone_hour,True
93,Flushing Meadows-Corona Park,20,20,19.05,18.1,27.233333333333334,26.51166666666667,0.05,2026-01,avg_duration_by_zone_hour,True
123,Homecrest,22,20,11.823333333333334,10.058333333333334,20.15,22.058333333333334,0.05,2026-01,avg_duration_by_zone_hour,True
173,North Corona,1,20,10.453333333333333,7.441666666666666,19.0,20.008333333333336,0.05,2026-01,avg_duration_by_zone_hour,True
122,Hollis,14,21,19.8,19.5,36.11666666666667,39.483333333333334,0.047619047619047616,2026-01,avg_duration_by_zone_hour,True
252,Whitestone,14,21,17.900793650793652,11.35,36.11666666666667,34.4,0.047619047619047616,2026-01,avg_duration_by_zone_hour,True
160,Middle Village,21,22,17.437878787878788,17.425,24.45,25.775000000000002,0.045454545454545456,2026-01,avg_duration_by_zone_hour,True
66,DUMBO/Vinegar Hill,5,22,17.33560606060606,15.916666666666666,23.9,25.015,0.045454545454545456,2026-01,avg_duration_by_zone_hour,True
160,Middle Village,22,22,16.740151515151513,17.299999999999997,23.775,22.725,0.045454545454545456,2026-01,avg_duration_by_zone_hour,True
28,Briarwood/Jamaica Hills,1,22,11.686363636363637,11.125,19.0,16.788333333333334,0.045454545454545456,2026-01,avg_duration_by_zone_hour,True
106,Gowanus,6,23,24.070289855072463,26.116666666666667,28.7,35.086666666666666,0.043478260869565216,2026-01,avg_duration_by_zone_hour,True
56,Corona,20,23,19.958695652173912,16.833333333333332,27.233333333333334,32.37,0.043478260869565216,2026-01,avg_duration_by_zone_hour,True
157,Maspeth,23,24,15.038194444444445,13.075,22.483333333333334,22.991666666666667,0.041666666666666664,2026-01,avg_duration_by_zone_hour,True
173,North Corona,0,25,12.832,11.583333333333334,21.15,21.496666666666666,0.04,2026-01,avg_duration_by_zone_hour,True
180,Ozone Park,17,26,17.482051282051284,13.15,37.016666666666666,37.125,0.038461538461538464,2026-01,avg_duration_by_zone_hour,True
173,North Corona,23,26,14.726282051282052,13.158333333333333,22.483333333333334,24.03333333333333,0.038461538461538464,2026-01,avg_duration_by_zone_hour,True
173,North Corona,22,26,13.421794871794873,13.158333333333335,23.775,20.666666666666664,0.038461538461538464,2026-01,avg_duration_by_zone_hour,True
83,Elmhurst/Maspeth,5,27,15.632098765432099,18.116666666666667,20.616666666666667,24.723333333333333,0.037037037037037035,2026-01,avg_duration_by_zone_hour,True
134,Kew Gardens,22,28,15.72202380952381,13.875,23.775,25.278333333333332,0.03571428571428571,2026-01,avg_duration_by_zone_hour,True
157,Maspeth,19,29,18.0051724137931,17.516666666666666,29.2,32.4,0.034482758620689655,2026-01,avg_duration_by_zone_hour,True
96,Forest Park/Highland Park,16,2,40.733333333333334,40.733333333333334,40.766666666666666,47.42666666666667,0.0,2026-01,avg_duration_by_zone_hour,True
27,Breezy Point/Fort Tilden/Riis Beach,12,1,37.55,37.55,30.666666666666668,37.55,0.0,2026-01,avg_duration_by_zone_hour,True
253,Willets Point,15,1,36.36666666666667,36.36666666666667,39.85,36.36666666666667,0.0,2026-01,avg_duration_by_zone_hour,True
57,Corona,14,1,36.06666666666667,36.06666666666667,36.11666666666667,36.06666666666667,0.0,2026-01,avg_duration_by_zone_hour,True
27,Breezy Point/Fort Tilden/Riis Beach,13,1,35.233333333333334,35.233333333333334,32.25,35.233333333333334,0.0,2026-01,avg_duration_by_zone_hour,True
253,Willets Point,18,1,34.15,34.15,31.691666666666666,34.15,0.0,2026-01,avg_duration_by_zone_hour,True
64,Douglaston,18,4,34.1125,34.800000000000004,31.691666666666666,38.66833333333334,0.0,2026-01,avg_duration_by_zone_hour,True
30,Broad Channel,9,1,32.266666666666666,32.266666666666666,31.491666666666667,32.266666666666666,0.0,2026-01,avg_duration_by_zone_hour,True
57,Corona,10,1,32.0,32.0,30.966666666666665,32.0,0.0,2026-01,avg_duration_by_zone_hour,True
199,Rikers Island,14,1,30.85,30.85,34.18333333333334,30.85,0.0,2026-01,avg_duration_by_zone_hour,True
59,Crotona Park,9,3,30.53888888888889,25.233333333333334,35.225,39.900000000000006,0.0,2026-01,avg_duration_by_zone_hour,True
59,Crotona Park,12,3,29.75,26.183333333333334,34.68333333333334,35.45,0.0,2026-01,avg_duration_by_zone_hour,True
46,City Island,7,1,29.15,29.15,31.95,29.15,0.0,2026-01,avg_duration_by_zone_hour,True
8,Astoria Park,13,2,29.091666666666665,29.091666666666665,32.25,29.191666666666666,0.0,2026-01,avg_duration_by_zone_hour,True
46,City Island,6,2,28.291666666666664,28.291666666666664,32.516666666666666,35.37833333333333,0.0,2026-01,avg_duration_by_zone_hour,True
96,Forest Park/Highland Park,18,2,28.291666666666664,28.291666666666664,31.691666666666666,32.791666666666664,0.0,2026-01,avg_duration_by_zone_hour,True
57,Corona,15,1,28.266666666666666,28.266666666666666,39.85,28.266666666666666,0.0,2026-01,avg_duration_by_zone_hour,True
253,Willets Point,21,1,27.5,27.5,24.45,27.5,0.0,2026-01,avg_duration_by_zone_hour,True
253,Willets Point,10,1,26.216666666666665,26.216666666666665,30.966666666666665,26.216666666666665,0.0,2026-01,avg_duration_by_zone_hour,True
184,Pelham Bay Park,11,1,25.95,25.95,38.083333333333336,25.95,0.0,2026-01,avg_duration_by_zone_hour,True
101,Glen Oaks,18,8,25.520833333333332,28.991666666666667,31.691666666666666,36.85333333333333,0.0,2026-01,avg_duration_by_zone_hour,True
96,Forest Park/Highland Park,14,5,25.4,26.966666666666665,36.11666666666667,35.74666666666667,0.0,2026-01,avg_duration_by_zone_hour,True
57,Corona,13,2,24.941666666666666,24.941666666666666,32.25,26.721666666666668,0.0,2026-01,avg_duration_by_zone_hour,True
46,City Island,5,1,24.75,24.75,30.85,24.75,0.0,2026-01,avg_duration_by_zone_hour,True
207,Saint Michaels Cemetery/Woodside,15,16,23.914583333333333,26.483333333333334,39.85,35.69166666666666,0.0,2026-01,avg_duration_by_zone_hour,True
73,East Flushing,17,2,23.90833333333333,23.90833333333333,37.016666666666666,30.60833333333333,0.0,2026-01,avg_duration_by_zone_hour,True
30,Broad Channel,6,1,23.7,23.7,26.433333333333334,23.7,0.0,2026-01,avg_duration_by_zone_hour,True
111,Green-Wood Cemetery,21,1,23.683333333333334,23.683333333333334,20.3,23.683333333333334,0.0,2026-01,avg_duration_by_zone_hour,True
9,Auburndale,1,1,23.583333333333332,23.583333333333332,19.0,23.583333333333332,0.0,2026-01,avg_duration_by_zone_hour,True
253,Willets Point,14,1,23.466666666666665,23.466666666666665,36.11666666666667,23.466666666666665,0.0,2026-01,avg_duration_by_zone_hour,True
8,Astoria Park,12,3,23.227777777777778,21.316666666666666,30.666666666666668,34.75666666666667,0.0,2026-01,avg_duration_by_zone_hour,True
190,Prospect Park,1,1,23.15,23.15,19.333333333333332,23.15,0.0,2026-01,avg_duration_by_zone_hour,True
171,Murray Hill-Queens,20,6,22.663888888888888,22.991666666666667,27.233333333333334,26.791666666666664,0.0,2026-01,avg_duration_by_zone_hour,True
253,Willets Point,12,3,22.45,19.55,30.666666666666668,28.85666666666667,0.0,2026-01,avg_duration_by_zone_hour,True
96,Forest Park/Highland Park,9,5,22.419999999999998,26.466666666666665,31.491666666666667,31.80333333333333,0.0,2026-01,avg_duration_by_zone_hour,True
2,Jamaica Bay,18,1,22.283333333333335,22.283333333333335,31.691666666666666,22.283333333333335,0.0,2026-01,avg_duration_by_zone_hour,True
58,Country Club,9,3,22.233333333333334,20.75,35.225,28.803333333333335,0.0,2026-01,avg_duration_by_zone_hour,True
57,Corona,6,3,22.194444444444446,20.366666666666667,26.433333333333334,29.26,0.0,2026-01,avg_duration_by_zone_hour,True
184,Pelham Bay Park,16,2,22.133333333333333,22.133333333333333,35.9,23.626666666666665,0.0,2026-01,avg_duration_by_zone_hour,True
27,Breezy Point/Fort Tilden/Riis Beach,5,1,21.933333333333334,21.933333333333334,20.616666666666667,21.933333333333334,0.0,2026-01,avg_duration_by_zone_hour,True
93,Flushing Meadows-Corona Park,10,6,21.26111111111111,21.84166666666667,30.966666666666665,25.266666666666666,0.0,2026-01,avg_duration_by_zone_hour,True
30,Broad Channel,19,1,21.216666666666665,21.216666666666665,29.2,21.216666666666665,0.0,2026-01,avg_duration_by_zone_hour,True
207,Saint Michaels Cemetery/Woodside,20,5,21.119999999999997,23.1,27.233333333333334,25.023333333333333,0.0,2026-01,avg_duration_by_zone_hour,True
190,Prospect Park,10,7,21.021428571428572,19.533333333333335,28.55,32.6,0.0,2026-01,avg_duration_by_zone_hour,True
252,Whitestone,16,7,20.811904761904763,20.216666666666665,40.766666666666666,33.263333333333335,0.0,2026-01,avg_duration_by_zone_hour,True
111,Green-Wood Cemetery,16,2,20.799999999999997,20.799999999999997,27.65,23.266666666666666,0.0,2026-01,avg_duration_by_zone_hour,True
23,Bloomfield/Emerson Hill,6,3,20.755555555555556,21.516666666666666,24.4,21.97,0.0,2026-01,avg_duration_by_zone_hour,True
96,Forest Park/Highland Park,21,3,20.755555555555556,21.583333333333332,24.45,24.823333333333334,0.0,2026-01,avg_duration_by_zone_hour,True
34,Brooklyn Navy Yard,10,9,20.692592592592593,19.433333333333334,28.55,26.356666666666666,0.0,2026-01,avg_duration_by_zone_hour,True
54,Columbia Street,3,1,20.333333333333332,20.333333333333332,18.866666666666667,20.333333333333332,0.0,2026-01,avg_duration_by_zone_hour,True
54,Columbia Street,13,10,20.27166666666667,19.683333333333334,27.266666666666666,29.985,0.0,2026-01,avg_duration_by_zone_hour,True
8,Astoria Park,15,2,20.225,20.225,39.85,31.045,0.0,2026-01,avg_duration_by_zone_hour,True
192,Queensboro Hill,6,9,20.185185185185183,26.083333333333332,26.433333333333334,26.94333333333333,0.0,2026-01,avg_duration_by_zone_hour,True
31,Bronx Park,11,3,20.044444444444448,19.35,38.083333333333336,27.150000000000002,0.0,2026-01,avg_duration_by_zone_hour,True
30,Broad Channel,22,1,19.783333333333335,19.783333333333335,23.775,19.783333333333335,0.0,2026-01,avg_duration_by_zone_hour,True
9,Auburndale,22,1,19.766666666666666,19.766666666666666,23.775,19.766666666666666,0.0,2026-01,avg_duration_by_zone_hour,True
57,Corona,5,2,19.741666666666667,19.741666666666667,20.616666666666667,23.215,0.0,2026-01,avg_duration_by_zone_hour,True
8,Astoria Park,1,1,19.716666666666665,19.716666666666665,19.0,19.716666666666665,0.0,2026-01,avg_duration_by_zone_hour,True
253,Willets Point,16,1,19.716666666666665,19.716666666666665,40.766666666666666,19.716666666666665,0.0,2026-01,avg_duration_by_zone_hour,True
34,Brooklyn Navy Yard,7,11,19.671212121212122,19.9,29.2,27.733333333333334,0.0,2026-01,avg_duration_by_zone_hour,True
15,Bay Terrace/Fort Totten,23,7,19.58809523809524,18.9,22.483333333333334,23.840000000000003,0.0,2026-01,avg_duration_by_zone_hour,True
96,Forest Park/Highland Park,0,1,19.55,19.55,21.15,19.55,0.0,2026-01,avg_duration_by_zone_hour,True
31,Bronx Park,9,3,19.47222222222222,17.216666666666665,35.225,32.93666666666667,0.0,2026-01,avg_duration_by_zone_hour,True
8,Astoria Park,14,2,19.425,19.425,36.11666666666667,30.605,0.0,2026-01,avg_duration_by_zone_hour,True
53,College Point,19,14,19.25952380952381,20.883333333333333,29.2,29.713333333333335,0.0,2026-01,avg_duration_by_zone_hour,True
64,Douglaston,19,4,19.116666666666667,19.941666666666666,29.2,27.138333333333332,0.0,2026-01,avg_duration_by_zone_hour,True
34,Brooklyn Navy Yard,6,11,19.084848484848486,18.25,28.7,27.866666666666667,0.0,2026-01,avg_duration_by_zone_hour,True
34,Brooklyn Navy Yard,12,11,19.068181818181817,16.233333333333334,27.7,28.866666666666667,0.0,2026-01,avg_duration_by_zone_hour,True
253,Willets Point,11,1,19.05,19.05,30.366666666666667,19.05,0.0,2026-01,avg_duration_by_zone_hour,True
9,Auburndale,19,4,18.941666666666666,14.25,29.2,28.53666666666667,0.0,2026-01,avg_duration_by_zone_hour,True
154,Marine Park/Floyd Bennett Field,9,4,18.924999999999997,20.641666666666666,28.266666666666666,24.068333333333335,0.0,2026-01,avg_duration_by_zone_hour,True
154,Marine Park/Floyd Bennett Field,18,2,18.90833333333333,18.90833333333333,23.125,20.355,0.0,2026-01,avg_duration_by_zone_hour,True
64,Douglaston,22,10,18.9,19.066666666666666,23.775,28.871666666666666,0.0,2026-01,avg_duration_by_zone_hour,True
8,Astoria Park,5,2,18.866666666666667,18.866666666666667,20.616666666666667,23.253333333333334,0.0,2026-01,avg_duration_by_zone_hour,True
154,Marine Park/Floyd Bennett Field,0,1,18.783333333333335,18.783333333333335,19.533333333333335,18.783333333333335,0.0,2026-01,avg_duration_by_zone_hour,True
207,Saint Michaels Cemetery/Woodside,23,4,18.770833333333332,19.90833333333333,22.483333333333334,23.30166666666667,0.0,2026-01,avg_duration_by_zone_hour,True
30,Broad Channel,11,1,18.716666666666665,18.716666666666665,30.366666666666667,18.716666666666665,0.0,2026-01,avg_duration_by_zone_hour,True
59,Crotona Park,14,1,18.683333333333334,18.683333333333334,34.18333333333334,18.683333333333334,0.0,2026-01,avg_duration_by_zone_hour,True
207,Saint Michaels Cemetery/Woodside,22,1,18.616666666666667,18.616666666666667,23.775,18.616666666666667,0.0,2026-01,avg_duration_by_zone_hour,True
175,Oakland Gardens,21,5,18.56666666666667,19.383333333333333,24.45,24.48,0.0,2026-01,avg_duration_by_zone_hour,True
73,East Flushing,18,6,18.438888888888886,18.9,31.691666666666666,23.933333333333334,0.0,2026-01,avg_duration_by_zone_hour,True
9,Auburndale,16,6,18.405555555555555,18.65,40.766666666666666,27.366666666666667,0.0,2026-01,avg_duration_by_zone_hour,True
57,Corona,2,2,18.366666666666667,18.366666666666667,17.116666666666667,20.5,0.0,2026-01,avg_duration_by_zone_hour,True
11,Bath Beach,16,4,18.329166666666666,16.383333333333333,27.65,22.883333333333336,0.0,2026-01,avg_duration_by_zone_hour,True
184,Pelham Bay Park,18,2,18.241666666666667,18.241666666666667,23.45,25.688333333333333,0.0,2026-01,avg_duration_by_zone_hour,True
98,Fresh Meadows,1,3,18.155555555555555,21.25,19.0,21.543333333333333,0.0,2026-01,avg_duration_by_zone_hour,True
11,Bath Beach,2,3,17.811111111111114,17.0,18.566666666666666,19.546666666666667,0.0,2026-01,avg_duration_by_zone_hour,True
154,Marine Park/Floyd Bennett Field,20,5,17.756666666666668,16.716666666666665,21.2,23.89666666666667,0.0,2026-01,avg_duration_by_zone_hour,True
154,Marine Park/Floyd Bennett Field,23,3,17.666666666666668,19.233333333333334,19.75,21.966666666666665,0.0,2026-01,avg_duration_by_zone_hour,True
217,South Williamsburg,1,7,17.616666666666667,17.816666666666666,19.333333333333332,19.163333333333334,0.0,2026-01,avg_duration_by_zone_hour,True
221,Stapleton,15,1,17.533333333333335,17.533333333333335,14.45,17.533333333333335,0.0,2026-01,avg_duration_by_zone_hour,True
200,Riverdale/North Riverdale/Fieldston,4,4,17.5,19.433333333333334,21.066666666666666,20.130000000000003,0.0,2026-01,avg_duration_by_zone_hour,True
96,Forest Park/Highland Park,10,5,17.476666666666667,13.066666666666666,30.966666666666665,27.436666666666667,0.0,2026-01,avg_duration_by_zone_hour,True
8,Astoria Park,22,2,17.4,17.4,23.775,22.346666666666664,0.0,2026-01,avg_duration_by_zone_hour,True
8,Astoria Park,9,6,17.372222222222224,15.758333333333333,31.491666666666667,29.108333333333334,0.0,2026-01,avg_duration_by_zone_hour,True
8,Astoria Park,6,1,17.15,17.15,26.433333333333334,17.15,0.0,2026-01,avg_duration_by_zone_hour,True
192,Queensboro Hill,20,9,17.116666666666667,15.766666666666667,27.233333333333334,24.12,0.0,2026-01,avg_duration_by_zone_hour,True
150,Manhattan Beach,21,7,17.097619047619048,20.383333333333333,20.3,24.34,0.0,2026-01,avg_duration_by_zone_hour,True
118,Heartland Village/Todt Hill,7,1,17.066666666666666,17.066666666666666,31.9,17.066666666666666,0.0,2026-01,avg_duration_by_zone_hour,True
31,Bronx Park,0,1,17.0,17.0,13.666666666666666,17.0,0.0,2026-01,avg_duration_by_zone_hour,True
172,New Dorp/Midland Beach,6,2,17.0,17.0,24.4,20.2,0.0,2026-01,avg_duration_by_zone_hour,True
98,Fresh Meadows,2,2,16.991666666666667,16.991666666666667,17.116666666666667,18.611666666666665,0.0,2026-01,avg_duration_by_zone_hour,True
96,Forest Park/Highland Park,15,3,16.955555555555556,13.0,39.85,27.893333333333334,0.0,2026-01,avg_duration_by_zone_hour,True
115,Grymes Hill/Clifton,8,8,16.925,15.716666666666669,23.316666666666666,27.11,0.0,2026-01,avg_duration_by_zone_hour,True
57,Corona,11,2,16.908333333333335,16.908333333333335,30.366666666666667,20.621666666666666,0.0,2026-01,avg_duration_by_zone_hour,True
73,East Flushing,20,4,16.9,17.425,27.233333333333334,24.535,0.0,2026-01,avg_duration_by_zone_hour,True
96,Forest Park/Highland Park,11,4,16.816666666666666,16.166666666666664,30.366666666666667,26.24666666666667,0.0,2026-01,avg_duration_by_zone_hour,True
2,Jamaica Bay,10,1,16.566666666666666,16.566666666666666,30.966666666666665,16.566666666666666,0.0,2026-01,avg_duration_by_zone_hour,True
8,Astoria Park,0,1,16.566666666666666,16.566666666666666,21.15,16.566666666666666,0.0,2026-01,avg_duration_by_zone_hour,True
135,Kew Gardens Hills,20,12,16.383333333333333,14.941666666666666,27.233333333333334,24.026666666666667,0.0,2026-01,avg_duration_by_zone_hour,True
253,Willets Point,17,1,16.383333333333333,16.383333333333333,37.016666666666666,16.383333333333333,0.0,2026-01,avg_duration_by_zone_hour,True
171,Murray Hill-Queens,23,11,16.33787878787879,17.45,22.483333333333334,20.65,0.0,2026-01,avg_duration_by_zone_hour,True
96,Forest Park/Highland Park,2,2,16.291666666666668,16.291666666666668,17.116666666666667,19.511666666666667,0.0,2026-01,avg_duration_by_zone_hour,True
154,Marine Park/Floyd Bennett Field,3,1,16.25,16.25,18.866666666666667,16.25,0.0,2026-01,avg_duration_by_zone_hour,True
207,Saint Michaels Cemetery/Woodside,21,5,16.136666666666667,15.233333333333333,24.45,24.450000000000003,0.0,2026-01,avg_duration_by_zone_hour,True
19,Bellerose,2,6,15.9,17.34166666666667,17.116666666666667,20.641666666666666,0.0,2026-01,avg_duration_by_zone_hour,True
183,Pelham Bay,4,4,15.883333333333333,16.4,21.066666666666666,20.996666666666666,0.0,2026-01,avg_duration_by_zone_hour,True
15,Bay Terrace/Fort Totten,21,3,15.872222222222222,14.966666666666667,24.45,21.66,0.0,2026-01,avg_duration_by_zone_hour,True
57,Corona,20,4,15.845833333333333,14.033333333333333,27.233333333333334,24.36166666666667,0.0,2026-01,avg_duration_by_zone_hour,True
47,Claremont/Bathgate,4,11,15.76969696969697,13.266666666666667,21.066666666666666,25.733333333333334,0.0,2026-01,avg_duration_by_zone_hour,True
154,Marine Park/Floyd Bennett Field,10,2,15.683333333333334,15.683333333333334,28.55,17.723333333333333,0.0,2026-01,avg_duration_by_zone_hour,True
199,Rikers Island,23,1,15.65,15.65,14.6,15.65,0.0,2026-01,avg_duration_by_zone_hour,True
154,Marine Park/Floyd Bennett Field,16,4,15.641666666666667,12.825,27.65,28.200000000000003,0.0,2026-01,avg_duration_by_zone_hour,True
175,Oakland Gardens,22,2,15.55,15.55,23.775,16.91,0.0,2026-01,avg_duration_by_zone_hour,True
64,Douglaston,4,2,15.474999999999998,15.474999999999998,17.016666666666666,17.26833333333333,0.0,2026-01,avg_duration_by_zone_hour,True
253,Willets Point,19,2,15.425,15.425,29.2,17.378333333333334,0.0,2026-01,avg_duration_by_zone_hour,True
115,Grymes Hill/Clifton,15,1,15.383333333333333,15.383333333333333,14.45,15.383333333333333,0.0,2026-01,avg_duration_by_zone_hour,True
16,Bayside,18,18,15.256481481481481,12.675,31.691666666666666,27.97166666666667,0.0,2026-01,avg_duration_by_zone_hour,True
135,Kew Gardens Hills,1,10,15.196666666666667,15.683333333333334,19.0,21.66,0.0,2026-01,avg_duration_by_zone_hour,True
154,Marine Park/Floyd Bennett Field,17,3,15.194444444444443,11.7,26.333333333333332,21.5,0.0,2026-01,avg_duration_by_zone_hour,True
16,Bayside,22,10,15.133333333333335,14.791666666666668,23.775,22.396666666666665,0.0,2026-01,avg_duration_by_zone_hour,True
118,Heartland Village/Todt Hill,22,1,15.1,15.1,13.333333333333334,15.1,0.0,2026-01,avg_duration_by_zone_hour,True
21,Bensonhurst East,20,11,15.016666666666667,17.283333333333335,21.2,22.966666666666665,0.0,2026-01,avg_duration_by_zone_hour,True
57,Corona,22,2,14.958333333333334,14.958333333333334,23.775,16.471666666666668,0.0,2026-01,avg_duration_by_zone_hour,True
200,Riverdale/North Riverdale/Fieldston,2,2,14.916666666666668,14.916666666666668,14.0,15.476666666666667,0.0,2026-01,avg_duration_by_zone_hour,True
101,Glen Oaks,3,2,14.891666666666667,14.891666666666667,16.966666666666665,16.91166666666667,0.0,2026-01,avg_duration_by_zone_hour,True
23,Bloomfield/Emerson Hill,9,3,14.794444444444444,13.95,13.716666666666667,16.349999999999998,0.0,2026-01,avg_duration_by_zone_hour,True
118,Heartland Village/Todt Hill,21,1,14.783333333333333,14.783333333333333,13.116666666666667,14.783333333333333,0.0,2026-01,avg_duration_by_zone_hour,True
122,Hollis,1,3,14.694444444444443,17.65,19.0,19.423333333333332,0.0,2026-01,avg_duration_by_zone_hour,True
54,Columbia Street,1,4,14.629166666666666,14.958333333333332,19.333333333333332,19.405,0.0,2026-01,avg_duration_by_zone_hour,True
121,Hillcrest/Pomonok,0,14,14.60595238095238,14.225,21.15,22.398333333333333,0.0,2026-01,avg_duration_by_zone_hour,True
121,Hillcrest/Pomonok,1,12,14.565277777777778,15.3,19.0,20.53166666666667,0.0,2026-01,avg_duration_by_zone_hour,True
154,Marine Park/Floyd Bennett Field,1,1,14.5,14.5,19.333333333333332,14.5,0.0,2026-01,avg_duration_by_zone_hour,True
23,Bloomfield/Emerson Hill,23,1,14.483333333333333,14.483333333333333,13.333333333333334,14.483333333333333,0.0,2026-01,avg_duration_by_zone_hour,True
251,Westerleigh,11,1,14.466666666666667,14.466666666666667,13.8,14.466666666666667,0.0,2026-01,avg_duration_by_zone_hour,True
135,Kew Gardens Hills,3,7,14.445238095238096,14.233333333333333,16.966666666666665,17.953333333333333,0.0,2026-01,avg_duration_by_zone_hour,True
31,Bronx Park,23,2,14.433333333333334,14.433333333333334,14.6,16.113333333333333,0.0,2026-01,avg_duration_by_zone_hour,True
57,Corona,21,1,14.433333333333334,14.433333333333334,24.45,14.433333333333334,0.0,2026-01,avg_duration_by_zone_hour,True
64,Douglaston,2,1,14.416666666666666,14.416666666666666,17.116666666666667,14.416666666666666,0.0,2026-01,avg_duration_by_zone_hour,True
122,Hollis,22,10,14.408333333333335,14.558333333333334,23.775,20.044999999999998,0.0,2026-01,avg_duration_by_zone_hour,True
26,Borough Park,3,7,14.383333333333335,16.283333333333335,18.866666666666667,22.173333333333332,0.0,2026-01,avg_duration_by_zone_hour,True
30,Broad Channel,4,1,14.3,14.3,17.016666666666666,14.3,0.0,2026-01,avg_duration_by_zone_hour,True
6,Arrochar/Fort Wadsworth,17,3,14.244444444444445,14.833333333333334,14.25,15.833333333333332,0.0,2026-01,avg_duration_by_zone_hour,True
192,Queensboro Hill,21,6,14.197222222222223,13.7,24.45,18.5,0.0,2026-01,avg_duration_by_zone_hour,True
126,Hunts Point,4,19,14.1140350877193,15.066666666666666,21.066666666666666,17.92,0.0,2026-01,avg_duration_by_zone_hour,True
15,Bay Terrace/Fort Totten,2,2,14.025,14.025,17.116666666666667,19.498333333333335,0.0,2026-01,avg_duration_by_zone_hour,True
57,Corona,4,2,13.841666666666665,13.841666666666665,17.016666666666666,17.741666666666667,0.0,2026-01,avg_duration_by_zone_hour,True
214,South Beach/Dongan Hills,23,2,13.808333333333334,13.808333333333334,13.333333333333334,13.908333333333333,0.0,2026-01,avg_duration_by_zone_hour,True
47,Claremont/Bathgate,2,5,13.763333333333332,13.766666666666667,14.0,16.779999999999998,0.0,2026-01,avg_duration_by_zone_hour,True
16,Bayside,21,6,13.558333333333332,11.275,24.45,20.7,0.0,2026-01,avg_duration_by_zone_hour,True
155,Marine Park/Mill Basin,4,1,13.466666666666667,13.466666666666667,19.433333333333334,13.466666666666667,0.0,2026-01,avg_duration_by_zone_hour,True
109,Great Kills,14,1,13.45,13.45,14.316666666666666,13.45,0.0,2026-01,avg_duration_by_zone_hour,True
27,Breezy Point/Fort Tilden/Riis Beach,17,1,13.316666666666666,13.316666666666666,37.016666666666666,13.316666666666666,0.0,2026-01,avg_duration_by_zone_hour,True
9,Auburndale,23,2,13.225000000000001,13.225000000000001,22.483333333333334,14.991666666666667,0.0,2026-01,avg_duration_by_zone_hour,True
30,Broad Channel,17,1,13.133333333333333,13.133333333333333,37.016666666666666,13.133333333333333,0.0,2026-01,avg_duration_by_zone_hour,True
1,Newark Airport,22,1,13.116666666666667,13.116666666666667,13.333333333333334,13.116666666666667,0.0,2026-01,avg_duration_by_zone_hour,True
31,Bronx Park,22,4,13.0625,12.933333333333334,16.266666666666666,16.555,0.0,2026-01,avg_duration_by_zone_hour,True
3,Allerton/Pelham Gardens,1,3,13.061111111111112,14.016666666666667,13.65,15.23,0.0,2026-01,avg_duration_by_zone_hour,True
102,Glendale,23,17,13.009803921568627,10.85,22.483333333333334,23.043333333333333,0.0,2026-01,avg_duration_by_zone_hour,True
58,Country Club,3,1,12.8,12.8,14.666666666666666,12.8,0.0,2026-01,avg_duration_by_zone_hour,True
155,Marine Park/Mill Basin,0,11,12.784848484848483,14.816666666666666,19.533333333333335,20.866666666666667,0.0,2026-01,avg_duration_by_zone_hour,True
217,South Williamsburg,3,7,12.778571428571428,12.183333333333334,18.866666666666667,21.540000000000003,0.0,2026-01,avg_duration_by_zone_hour,True
171,Murray Hill-Queens,22,18,12.768518518518519,9.850000000000001,23.775,25.09166666666667,0.0,2026-01,avg_duration_by_zone_hour,True
6,Arrochar/Fort Wadsworth,23,1,12.75,12.75,13.333333333333334,12.75,0.0,2026-01,avg_duration_by_zone_hour,True
178,Ocean Parkway South,22,5,12.723333333333334,9.516666666666667,20.15,18.5,0.0,2026-01,avg_duration_by_zone_hour,True
207,Saint Michaels Cemetery/Woodside,14,16,12.7125,4.375,36.11666666666667,36.06666666666666,0.0,2026-01,avg_duration_by_zone_hour,True
221,Stapleton,19,2,12.708333333333332,12.708333333333332,13.366666666666667,13.915000000000001,0.0,2026-01,avg_duration_by_zone_hour,True
192,Queensboro Hill,1,9,12.672222222222222,12.883333333333333,19.0,20.826666666666668,0.0,2026-01,avg_duration_by_zone_hour,True
96,Forest Park/Highland Park,23,6,12.65,10.841666666666667,22.483333333333334,22.525,0.0,2026-01,avg_duration_by_zone_hour,True
83,Elmhurst/Maspeth,1,24,12.611805555555556,13.016666666666666,19.0,22.271666666666665,0.0,2026-01,avg_duration_by_zone_hour,True
154,Marine Park/Floyd Bennett Field,21,3,12.433333333333332,11.1,20.3,16.96666666666667,0.0,2026-01,avg_duration_by_zone_hour,True
252,Whitestone,0,7,12.404761904761907,10.266666666666667,21.15,18.12666666666667,0.0,2026-01,avg_duration_by_zone_hour,True
11,Bath Beach,20,5,12.39,10.666666666666666,21.2,16.066666666666666,0.0,2026-01,avg_duration_by_zone_hour,True
252,Whitestone,2,5,12.346666666666668,12.8,17.116666666666667,14.309999999999999,0.0,2026-01,avg_duration_by_zone_hour,True
67,Dyker Heights,3,4,12.341666666666667,13.675,18.866666666666667,16.808333333333334,0.0,2026-01,avg_duration_by_zone_hour,True
155,Marine Park/Mill Basin,1,6,12.341666666666667,10.291666666666668,19.333333333333332,21.916666666666664,0.0,2026-01,avg_duration_by_zone_hour,True
53,College Point,2,6,12.286111111111111,10.708333333333332,17.116666666666667,17.858333333333334,0.0,2026-01,avg_duration_by_zone_hour,True
96,Forest Park/Highland Park,22,3,12.227777777777776,10.7,23.775,15.606666666666666,0.0,2026-01,avg_duration_by_zone_hour,True
194,Randalls Island,5,1,12.183333333333334,12.183333333333334,10.733333333333333,12.183333333333334,0.0,2026-01,avg_duration_by_zone_hour,True
183,Pelham Bay,20,6,12.155555555555557,12.741666666666667,17.916666666666668,16.516666666666666,0.0,2026-01,avg_duration_by_zone_hour,True
32,Bronxdale,3,4,12.154166666666667,12.733333333333334,14.666666666666666,13.77,0.0,2026-01,avg_duration_by_zone_hour,True
160,Middle Village,0,18,12.13425925925926,12.083333333333332,21.15,18.570000000000004,0.0,2026-01,avg_duration_by_zone_hour,True
38,Cambria Heights,2,4,12.058333333333334,11.175,17.116666666666667,17.018333333333334,0.0,2026-01,avg_duration_by_zone_hour,True
176,Oakwood,0,1,12.033333333333333,12.033333333333333,12.933333333333334,12.033333333333333,0.0,2026-01,avg_duration_by_zone_hour,True
26,Borough Park,2,9,11.985185185185184,11.65,18.566666666666666,20.026666666666667,0.0,2026-01,avg_duration_by_zone_hour,True
245,West Brighton,20,1,11.983333333333333,11.983333333333333,13.266666666666667,11.983333333333333,0.0,2026-01,avg_duration_by_zone_hour,True
56,Corona,3,15,11.886666666666667,12.066666666666666,16.966666666666665,18.24,0.0,2026-01,avg_duration_by_zone_hour,True
184,Pelham Bay Park,14,1,11.883333333333333,11.883333333333333,34.18333333333334,11.883333333333333,0.0,2026-01,avg_duration_by_zone_hour,True
251,Westerleigh,10,1,11.883333333333333,11.883333333333333,13.633333333333333,11.883333333333333,0.0,2026-01,avg_duration_by_zone_hour,True
207,Saint Michaels Cemetery/Woodside,0,2,11.833333333333332,11.833333333333332,21.15,14.42,0.0,2026-01,avg_duration_by_zone_hour,True
15,Bay Terrace/Fort Totten,22,2,11.8,11.8,23.775,12.893333333333333,0.0,2026-01,avg_duration_by_zone_hour,True
11,Bath Beach,3,1,11.766666666666667,11.766666666666667,18.866666666666667,11.766666666666667,0.0,2026-01,avg_duration_by_zone_hour,True
73,East Flushing,5,3,11.72777777777778,9.133333333333333,20.616666666666667,19.506666666666668,0.0,2026-01,avg_duration_by_zone_hour,True
93,Flushing Meadows-Corona Park,3,6,11.688888888888888,10.166666666666668,16.966666666666665,16.025,0.0,2026-01,avg_duration_by_zone_hour,True
46,City Island,22,1,11.65,11.65,16.266666666666666,11.65,0.0,2026-01,avg_duration_by_zone_hour,True
31,Bronx Park,20,2,11.616666666666665,11.616666666666665,17.916666666666668,15.643333333333333,0.0,2026-01,avg_duration_by_zone_hour,True
57,Corona,1,5,11.573333333333334,12.9,19.0,13.543333333333333,0.0,2026-01,avg_duration_by_zone_hour,True
23,Bloomfield/Emerson Hill,21,1,11.566666666666666,11.566666666666666,13.116666666666667,11.566666666666666,0.0,2026-01,avg_duration_by_zone_hour,True
251,Westerleigh,2,1,11.533333333333333,11.533333333333333,12.133333333333333,11.533333333333333,0.0,2026-01,avg_duration_by_zone_hour,True
174,Norwood,3,6,11.525,12.416666666666668,14.666666666666666,14.8,0.0,2026-01,avg_duration_by_zone_hour,True
64,Douglaston,20,4,11.404166666666667,10.975,27.233333333333334,15.65,0.0,2026-01,avg_duration_by_zone_hour,True
67,Dyker Heights,4,7,11.338095238095239,10.583333333333334,19.433333333333334,18.73666666666667,0.0,2026-01,avg_duration_by_zone_hour,True
213,Soundview/Castle Hill,2,3,11.28888888888889,13.383333333333333,14.0,13.516666666666667,0.0,2026-01,avg_duration_by_zone_hour,True
6,Arrochar/Fort Wadsworth,14,5,11.26,11.4,14.316666666666666,14.763333333333334,0.0,2026-01,avg_duration_by_zone_hour,True
201,Rockaway Park,2,3,11.111111111111112,9.566666666666666,17.116666666666667,14.286666666666667,0.0,2026-01,avg_duration_by_zone_hour,True
240,Van Cortlandt Park,22,5,11.02,9.583333333333334,16.266666666666666,17.17666666666667,0.0,2026-01,avg_duration_by_zone_hour,True
214,South Beach/Dongan Hills,12,2,11.008333333333333,11.008333333333333,13.85,12.201666666666666,0.0,2026-01,avg_duration_by_zone_hour,True
78,East Tremont,3,5,10.966666666666667,14.033333333333333,14.666666666666666,15.423333333333334,0.0,2026-01,avg_duration_by_zone_hour,True
178,Ocean Parkway South,0,4,10.870833333333334,10.858333333333334,19.533333333333335,13.636666666666667,0.0,2026-01,avg_duration_by_zone_hour,True
184,Pelham Bay Park,3,1,10.866666666666667,10.866666666666667,14.666666666666666,10.866666666666667,0.0,2026-01,avg_duration_by_zone_hour,True
122,Hollis,3,5,10.846666666666668,12.466666666666667,16.966666666666665,16.523333333333333,0.0,2026-01,avg_duration_by_zone_hour,True
5,Arden Heights,19,1,10.833333333333334,10.833333333333334,13.366666666666667,10.833333333333334,0.0,2026-01,avg_duration_by_zone_hour,True
8,Astoria Park,16,2,10.833333333333334,10.833333333333334,40.766666666666666,13.366666666666667,0.0,2026-01,avg_duration_by_zone_hour,True
122,Hollis,0,9,10.827777777777778,9.5,21.15,18.78666666666667,0.0,2026-01,avg_duration_by_zone_hour,True
153,Marble Hill,22,3,10.822222222222223,11.283333333333333,12.316666666666666,11.79,0.0,2026-01,avg_duration_by_zone_hour,True
19,Bellerose,3,4,10.795833333333334,12.116666666666667,16.966666666666665,14.106666666666667,0.0,2026-01,avg_duration_by_zone_hour,True
29,Brighton Beach,0,6,10.71111111111111,10.783333333333333,19.533333333333335,15.558333333333334,0.0,2026-01,avg_duration_by_zone_hour,True
221,Stapleton,12,1,10.683333333333334,10.683333333333334,13.85,10.683333333333334,0.0,2026-01,avg_duration_by_zone_hour,True
22,Bensonhurst West,21,13,10.593589743589744,9.583333333333334,20.3,16.17,0.0,2026-01,avg_duration_by_zone_hour,True
38,Cambria Heights,3,1,10.5,10.5,16.966666666666665,10.5,0.0,2026-01,avg_duration_by_zone_hour,True
67,Dyker Heights,2,7,10.492857142857144,9.316666666666666,18.566666666666666,16.33,0.0,2026-01,avg_duration_by_zone_hour,True
8,Astoria Park,10,1,10.4,10.4,30.966666666666665,10.4,0.0,2026-01,avg_duration_by_zone_hour,True
29,Brighton Beach,1,6,10.275,10.008333333333333,19.333333333333332,14.3,0.0,2026-01,avg_duration_by_zone_hour,True
248,West Farms/Bronx River,2,10,10.258333333333333,11.291666666666668,14.0,15.273333333333333,0.0,2026-01,avg_duration_by_zone_hour,True
6,Arrochar/Fort Wadsworth,13,4,10.1875,9.966666666666667,14.0,14.306666666666667,0.0,2026-01,avg_duration_by_zone_hour,True
207,Saint Michaels Cemetery/Woodside,13,26,10.171794871794873,1.85,32.25,27.225,0.0,2026-01,avg_duration_by_zone_hour,True
207,Saint Michaels Cemetery/Woodside,11,14,10.171428571428573,3.8166666666666664,30.366666666666667,24.991666666666667,0.0,2026-01,avg_duration_by_zone_hour,True
192,Queensboro Hill,2,2,9.933333333333334,9.933333333333334,17.116666666666667,12.84,0.0,2026-01,avg_duration_by_zone_hour,True
206,Saint George/New Brighton,8,1,9.716666666666667,9.716666666666667,23.316666666666666,9.716666666666667,0.0,2026-01,avg_duration_by_zone_hour,True
153,Marble Hill,2,2,9.600000000000001,9.600000000000001,11.416666666666666,9.760000000000002,0.0,2026-01,avg_duration_by_zone_hour,True
57,Corona,23,5,9.413333333333334,8.5,22.483333333333334,15.113333333333333,0.0,2026-01,avg_duration_by_zone_hour,True
153,Marble Hill,0,3,9.272222222222222,9.983333333333333,11.766666666666667,12.636666666666667,0.0,2026-01,avg_duration_by_zone_hour,True
9,Auburndale,6,4,9.241666666666667,9.916666666666668,26.433333333333334,12.433333333333334,0.0,2026-01,avg_duration_by_zone_hour,True
131,Jamaica Estates,2,7,9.097619047619046,9.75,17.116666666666667,14.463333333333336,0.0,2026-01,avg_duration_by_zone_hour,True
207,Saint Michaels Cemetery/Woodside,12,8,9.033333333333333,7.725,30.666666666666668,17.773333333333333,0.0,2026-01,avg_duration_by_zone_hour,True
57,Corona,9,2,8.875,8.875,31.491666666666667,10.575,0.0,2026-01,avg_duration_by_zone_hour,True
259,Woodlawn/Wakefield,2,2,8.7,8.7,14.0,9.006666666666668,0.0,2026-01,avg_duration_by_zone_hour,True
149,Madison,3,1,8.633333333333333,8.633333333333333,18.866666666666667,8.633333333333333,0.0,2026-01,avg_duration_by_zone_hour,True
53,College Point,4,2,8.608333333333334,8.608333333333334,17.016666666666666,10.841666666666667,0.0,2026-01,avg_duration_by_zone_hour,True
115,Grymes Hill/Clifton,13,1,8.583333333333334,8.583333333333334,14.0,8.583333333333334,0.0,2026-01,avg_duration_by_zone_hour,True
6,Arrochar/Fort Wadsworth,21,1,8.383333333333333,8.383333333333333,13.116666666666667,8.383333333333333,0.0,2026-01,avg_duration_by_zone_hour,True
30,Broad Channel,10,1,8.266666666666667,8.266666666666667,30.966666666666665,8.266666666666667,0.0,2026-01,avg_duration_by_zone_hour,True
175,Oakland Gardens,2,2,8.25,8.25,17.116666666666667,10.183333333333334,0.0,2026-01,avg_duration_by_zone_hour,True
123,Homecrest,2,5,8.07,10.716666666666667,18.566666666666666,12.246666666666666,0.0,2026-01,avg_duration_by_zone_hour,True
149,Madison,22,4,8.041666666666668,8.683333333333334,20.15,9.940000000000001,0.0,2026-01,avg_duration_by_zone_hour,True
38,Cambria Heights,0,3,8.0,8.383333333333333,21.15,9.516666666666667,0.0,2026-01,avg_duration_by_zone_hour,True
27,Breezy Point/Fort Tilden/Riis Beach,20,1,7.666666666666667,7.666666666666667,27.233333333333334,7.666666666666667,0.0,2026-01,avg_duration_by_zone_hour,True
8,Astoria Park,18,2,7.641666666666666,7.641666666666666,31.691666666666666,10.261666666666667,0.0,2026-01,avg_duration_by_zone_hour,True
30,Broad Channel,0,1,7.533333333333333,7.533333333333333,21.15,7.533333333333333,0.0,2026-01,avg_duration_by_zone_hour,True
30,Broad Channel,2,1,7.033333333333333,7.033333333333333,17.116666666666667,7.033333333333333,0.0,2026-01,avg_duration_by_zone_hour,True
251,Westerleigh,19,1,6.983333333333333,6.983333333333333,13.366666666666667,6.983333333333333,0.0,2026-01,avg_duration_by_zone_hour,True
6,Arrochar/Fort Wadsworth,1,1,6.883333333333334,6.883333333333334,12.416666666666666,6.883333333333334,0.0,2026-01,avg_duration_by_zone_hour,True
253,Willets Point,13,1,6.866666666666666,6.866666666666666,32.25,6.866666666666666,0.0,2026-01,avg_duration_by_zone_hour,True
30,Broad Channel,7,2,6.591666666666667,6.591666666666667,30.45,6.918333333333333,0.0,2026-01,avg_duration_by_zone_hour,True
30,Broad Channel,8,1,6.583333333333333,6.583333333333333,31.55,6.583333333333333,0.0,2026-01,avg_duration_by_zone_hour,True
30,Broad Channel,1,3,6.566666666666666,6.833333333333333,19.0,7.833333333333334,0.0,2026-01,avg_duration_by_zone_hour,True
93,Flushing Meadows-Corona Park,4,5,6.386666666666667,5.533333333333333,17.016666666666666,10.39,0.0,2026-01,avg_duration_by_zone_hour,True
154,Marine Park/Floyd Bennett Field,5,1,6.316666666666666,6.316666666666666,23.9,6.316666666666666,0.0,2026-01,avg_duration_by_zone_hour,True
154,Marine Park/Floyd Bennett Field,22,2,6.041666666666667,6.041666666666667,20.15,9.275,0.0,2026-01,avg_duration_by_zone_hour,True
58,Country Club,19,1,5.9,5.9,20.15,5.9,0.0,2026-01,avg_duration_by_zone_hour,True
194,Randalls Island,7,2,5.883333333333333,5.883333333333333,11.566666666666666,6.976666666666667,0.0,2026-01,avg_duration_by_zone_hour,True
15,Bay Terrace/Fort Totten,4,3,5.861111111111111,5.75,17.016666666666666,6.123333333333333,0.0,2026-01,avg_duration_by_zone_hour,True
184,Pelham Bay Park,4,1,5.8,5.8,21.066666666666666,5.8,0.0,2026-01,avg_duration_by_zone_hour,True
207,Saint Michaels Cemetery/Woodside,8,5,5.720000000000001,2.8666666666666667,31.55,12.120000000000001,0.0,2026-01,avg_duration_by_zone_hour,True
57,Corona,19,2,5.625,5.625,29.2,9.098333333333333,0.0,2026-01,avg_duration_by_zone_hour,True
172,New Dorp/Midland Beach,23,1,5.616666666666666,5.616666666666666,13.333333333333334,5.616666666666666,0.0,2026-01,avg_duration_by_zone_hour,True
128,Inwood Hill Park,4,1,5.15,5.15,11.75,5.15,0.0,2026-01,avg_duration_by_zone_hour,True
184,Pelham Bay Park,0,1,5.0,5.0,13.666666666666666,5.0,0.0,2026-01,avg_duration_by_zone_hour,True
64,Douglaston,3,2,4.641666666666667,4.641666666666667,16.966666666666665,5.341666666666667,0.0,2026-01,avg_duration_by_zone_hour,True
240,Van Cortlandt Park,2,1,4.6,4.6,14.0,4.6,0.0,2026-01,avg_duration_by_zone_hour,True
221,Stapleton,20,1,4.1,4.1,13.266666666666667,4.1,0.0,2026-01,avg_duration_by_zone_hour,True
96,Forest Park/Highland Park,20,1,3.7666666666666666,3.7666666666666666,27.233333333333334,3.7666666666666666,0.0,2026-01,avg_duration_by_zone_hour,True
201,Rockaway Park,1,2,3.583333333333333,3.583333333333333,19.0,3.93,0.0,2026-01,avg_duration_by_zone_hour,True
1,Newark Airport,5,2,3.475,3.475,13.683333333333334,3.6816666666666666,0.0,2026-01,avg_duration_by_zone_hour,True
73,East Flushing,0,1,3.3666666666666667,3.3666666666666667,21.15,3.3666666666666667,0.0,2026-01,avg_duration_by_zone_hour,True
207,Saint Michaels Cemetery/Woodside,2,1,3.0166666666666666,3.0166666666666666,17.116666666666667,3.0166666666666666,0.0,2026-01,avg_duration_by_zone_hour,True
207,Saint Michaels Cemetery/Woodside,6,1,2.9,2.9,26.433333333333334,2.9,0.0,2026-01,avg_duration_by_zone_hour,True
111,Green-Wood Cemetery,2,1,2.8,2.8,18.566666666666666,2.8,0.0,2026-01,avg_duration_by_zone_hour,True
207,Saint Michaels Cemetery/Woodside,4,1,2.8,2.8,17.016666666666666,2.8,0.0,2026-01,avg_duration_by_zone_hour,True
1,Newark Airport,20,2,2.166666666666667,2.166666666666667,13.266666666666667,3.02,0.0,2026-01,avg_duration_by_zone_hour,True
184,Pelham Bay Park,17,1,1.7333333333333334,1.7333333333333334,28.3,1.7333333333333334,0.0,2026-01,avg_duration_by_zone_hour,True
1,Newark Airport,12,1,1.65,1.65,13.85,1.65,0.0,2026-01,avg_duration_by_zone_hour,True
172,New Dorp/Midland Beach,11,1,1.1833333333333333,1.1833333333333333,13.8,1.1833333333333333,0.0,2026-01,avg_duration_by_zone_hour,True
1,Newark Airport,9,1,1.05,1.05,13.716666666666667,1.05,0.0,2026-01,avg_duration_by_zone_hour,True
