PULocationID,pickup_zone,pickup_hour,trips,avg_duration_min,median_duration_min,expected_duration_min,p90_duration_min,delay_rate,month,metric,low_sample
41,Central Harlem,17,1298,20.497663071391884,14.9,14.75,41.281666666666666,0.5084745762711864,2026-02,avg_duration_by_zone_hour,False
75,East Harlem South,13,1608,20.30804311774461,15.266666666666666,14.241666666666667,37.275,0.4944029850746269,2026-02,avg_duration_by_zone_hour,False
75,East Harlem South,16,1972,20.343162609871534,14.591666666666667,13.375,40.69000000000001,0.4934077079107505,2026-02,avg_duration_by_zone_hour,False
75,East Harlem South,21,986,14.992021636240704,13.158333333333333,13.158333333333333,26.55,0.49290060851926976,2026-02,avg_duration_by_zone_hour,False
24,Bloomingdale,15,565,16.612418879056047,13.733333333333333,13.733333333333333,32.07,0.4920353982300885,2026-02,avg_duration_by_zone_hour,False
75,East Harlem South,14,1874,20.80808431163287,16.016666666666666,15.6,39.24166666666668,0.48986125933831376,2026-02,avg_duration_by_zone_hour,False
20,Belmont,7,39,46.258547008547005,36.483333333333334,36.483333333333334,81.13000000000002,0.48717948717948717,2026-02,avg_duration_by_zone_hour,False
74,East Harlem North,17,923,21.490538100397256,17.25,17.25,39.53333333333334,0.48645720476706394,2026-02,avg_duration_by_zone_hour,False
219,Springfield Gardens South,5,35,39.78809523809524,33.6,33.6,75.41333333333334,0.4857142857142857,2026-02,avg_duration_by_zone_hour,False
41,Central Harlem,14,933,22.048249374776706,16.8,16.8,40.84666666666667,0.4855305466237942,2026-02,avg_duration_by_zone_hour,False
41,Central Harlem,16,971,22.633504977686236,15.5,15.5,45.6,0.4850669412976313,2026-02,avg_duration_by_zone_hour,False
75,East Harlem South,19,1749,15.933457213645893,12.983333333333333,11.433333333333334,29.62,0.48484848484848486,2026-02,avg_duration_by_zone_hour,False
41,Central Harlem,19,1128,17.12043439716312,12.941666666666666,12.941666666666666,32.43166666666667,0.48404255319148937,2026-02,avg_duration_by_zone_hour,False
75,East Harlem South,12,1608,19.125342039800994,15.0,14.533333333333333,35.48,0.48258706467661694,2026-02,avg_duration_by_zone_hour,False
75,East Harlem South,10,1393,19.223689877961235,15.633333333333333,15.633333333333333,35.739999999999995,0.4824120603015075,2026-02,avg_duration_by_zone_hour,False
42,Central Harlem North,18,811,20.227784628031237,17.433333333333334,17.433333333333334,37.06666666666667,0.4796547472256473,2026-02,avg_duration_by_zone_hour,False
42,Central Harlem North,16,735,26.171746031746032,20.85,20.85,49.07,0.47891156462585033,2026-02,avg_duration_by_zone_hour,False
41,Central Harlem,18,1366,19.412493899463154,15.808333333333334,15.808333333333334,36.4,0.4773060029282577,2026-02,avg_duration_by_zone_hour,False
41,Central Harlem,9,867,20.694367550941944,17.75,17.75,39.29333333333333,0.47635524798154555,2026-02,avg_duration_by_zone_hour,False
134,Kew Gardens,9,42,36.90555555555555,26.45,26.45,69.14833333333333,0.47619047619047616,2026-02,avg_duration_by_zone_hour,False
74,East Harlem North,16,899,22.563125695216907,17.616666666666667,17.616666666666667,42.410000000000004,0.4760845383759733,2026-02,avg_duration_by_zone_hour,False
75,East Harlem South,11,1560,19.65888888888889,15.325,15.325,36.65166666666669,0.4756410256410256,2026-02,avg_duration_by_zone_hour,False
246,West Chelsea/Hudson Yards,3,900,11.76612962962963,9.2,9.2,22.151666666666667,0.47555555555555556,2026-02,avg_duration_by_zone_hour,False
229,Sutton Place/Turtle Bay North,6,774,11.224827734711456,8.566666666666666,8.566666666666666,20.4,0.4754521963824289,2026-02,avg_duration_by_zone_hour,False
38,Cambria Heights,8,40,55.55291666666667,55.375,55.375,95.57333333333334,0.475,2026-02,avg_duration_by_zone_hour,False
75,East Harlem South,15,1960,21.32734693877551,15.733333333333333,15.733333333333333,40.85333333333334,0.4739795918367347,2026-02,avg_duration_by_zone_hour,False
155,Marine Park/Mill Basin,15,57,39.390058479532165,28.866666666666667,28.866666666666667,77.99333333333333,0.47368421052631576,2026-02,avg_duration_by_zone_hour,False
185,Pelham Parkway,9,36,42.113425925925924,34.90833333333333,34.90833333333333,79.42500000000001,0.4722222222222222,2026-02,avg_duration_by_zone_hour,False
41,Central Harlem,15,917,21.364740094511088,16.15,16.15,39.876666666666665,0.4721919302071974,2026-02,avg_duration_by_zone_hour,False
119,Highbridge,10,53,36.97327044025157,27.716666666666665,27.716666666666665,73.3066666666667,0.4716981132075472,2026-02,avg_duration_by_zone_hour,False
125,Hudson Sq,16,846,20.397281323877067,14.916666666666668,14.916666666666668,38.400000000000006,0.4716312056737589,2026-02,avg_duration_by_zone_hour,False
41,Central Harlem,20,860,17.41089147286822,14.175,14.175,32.21000000000001,0.47093023255813954,2026-02,avg_duration_by_zone_hour,False
102,Glendale,13,34,30.88774509803922,18.95,18.95,77.59499999999998,0.47058823529411764,2026-02,avg_duration_by_zone_hour,False
50,Clinton West,15,1105,16.563001508295624,13.583333333333334,13.583333333333334,30.226666666666667,0.47058823529411764,2026-02,avg_duration_by_zone_hour,False
41,Central Harlem,22,727,15.774942686840898,13.1,13.1,28.55,0.47042640990371387,2026-02,avg_duration_by_zone_hour,False
217,South Williamsburg,21,49,20.36156462585034,17.166666666666668,17.166666666666668,35.85333333333333,0.46938775510204084,2026-02,avg_duration_by_zone_hour,False
42,Central Harlem North,17,767,23.667753150804,18.783333333333335,18.783333333333335,43.14,0.46936114732724904,2026-02,avg_duration_by_zone_hour,False
139,Laurelton,17,32,51.40416666666667,41.30833333333334,41.30833333333334,95.14,0.46875,2026-02,avg_duration_by_zone_hour,False
217,South Williamsburg,17,32,24.514583333333334,21.34166666666667,21.34166666666667,45.57333333333335,0.46875,2026-02,avg_duration_by_zone_hour,False
254,Williamsbridge/Olinville,13,79,40.27489451476793,33.43333333333333,33.43333333333333,80.70666666666668,0.46835443037974683,2026-02,avg_duration_by_zone_hour,False
218,Springfield Gardens North,15,30,42.28388888888889,31.541666666666664,31.541666666666664,86.08333333333336,0.4666666666666667,2026-02,avg_duration_by_zone_hour,False
149,Madison,8,45,41.08851851851852,33.75,33.75,77.84666666666666,0.4666666666666667,2026-02,avg_duration_by_zone_hour,False
121,Hillcrest/Pomonok,8,45,36.09407407407407,24.566666666666666,24.566666666666666,69.76,0.4666666666666667,2026-02,avg_duration_by_zone_hour,False
236,Upper East Side North,23,1414,12.34442479962282,9.816666666666666,9.5,23.573333333333334,0.46534653465346537,2026-02,avg_duration_by_zone_hour,False
91,Flatlands,4,43,39.06744186046512,29.85,29.85,85.10333333333338,0.46511627906976744,2026-02,avg_duration_by_zone_hour,False
74,East Harlem North,15,882,22.776455026455025,18.575,18.575,41.51666666666666,0.46485260770975056,2026-02,avg_duration_by_zone_hour,False
41,Central Harlem,12,768,20.39353298611111,16.566666666666666,16.566666666666666,38.26166666666668,0.46484375,2026-02,avg_duration_by_zone_hour,False
78,East Tremont,19,41,29.215853658536584,17.85,17.85,52.21666666666667,0.4634146341463415,2026-02,avg_duration_by_zone_hour,False
125,Hudson Sq,18,1371,16.802188183807438,13.983333333333333,13.983333333333333,31.2,0.4617067833698031,2026-02,avg_duration_by_zone_hour,False
55,Coney Island,20,39,32.4474358974359,26.3,26.3,65.88333333333334,0.46153846153846156,2026-02,avg_duration_by_zone_hour,False
197,Richmond Hill,5,104,28.872756410256407,22.733333333333334,22.733333333333334,57.29833333333334,0.46153846153846156,2026-02,avg_duration_by_zone_hour,False
42,Central Harlem North,19,718,19.809633240482825,17.425,17.425,36.94166666666667,0.4596100278551532,2026-02,avg_duration_by_zone_hour,False
108,Gravesend,8,37,36.454504504504506,24.066666666666666,24.066666666666666,77.12333333333332,0.4594594594594595,2026-02,avg_duration_by_zone_hour,False
50,Clinton West,14,1081,16.40146469318532,13.816666666666666,13.816666666666666,29.15,0.4588344125809436,2026-02,avg_duration_by_zone_hour,False
50,Clinton West,16,1189,17.17118026352677,14.033333333333333,14.033333333333333,30.56000000000001,0.45836837678721615,2026-02,avg_duration_by_zone_hour,False
81,Eastchester,9,48,42.62326388888889,35.150000000000006,35.150000000000006,79.105,0.4583333333333333,2026-02,avg_duration_by_zone_hour,False
191,Queens Village,15,59,33.065819209039546,22.883333333333333,22.883333333333333,73.72333333333333,0.4576271186440678,2026-02,avg_duration_by_zone_hour,False
50,Clinton West,12,1058,15.44569943289225,13.466666666666667,13.466666666666667,27.266666666666666,0.45746691871455575,2026-02,avg_duration_by_zone_hour,False
136,Kingsbridge Heights,10,35,47.18714285714285,30.766666666666666,30.766666666666666,97.26,0.45714285714285713,2026-02,avg_duration_by_zone_hour,False
56,Corona,15,35,42.10095238095238,25.816666666666666,25.816666666666666,100.23666666666668,0.45714285714285713,2026-02,avg_duration_by_zone_hour,False
47,Claremont/Bathgate,18,35,38.22904761904762,25.033333333333335,25.033333333333335,84.67666666666668,0.45714285714285713,2026-02,avg_duration_by_zone_hour,False
130,Jamaica,5,70,31.74595238095238,26.075000000000003,26.075000000000003,57.47,0.45714285714285713,2026-02,avg_duration_by_zone_hour,False
75,East Harlem South,17,2076,18.028403982016698,13.433333333333334,12.483333333333334,35.016666666666666,0.4571290944123314,2026-02,avg_duration_by_zone_hour,False
60,Crotona Park East,12,46,36.256884057971014,30.633333333333333,30.633333333333333,70.29166666666667,0.45652173913043476,2026-02,avg_duration_by_zone_hour,False
216,South Ozone Park,17,92,25.57518115942029,17.633333333333333,17.633333333333333,56.12000000000001,0.45652173913043476,2026-02,avg_duration_by_zone_hour,False
39,Canarsie,4,57,38.41959064327485,30.0,30.0,76.0,0.45614035087719296,2026-02,avg_duration_by_zone_hour,False
74,East Harlem North,14,862,21.766666666666666,18.041666666666668,18.041666666666668,39.54,0.45591647331786544,2026-02,avg_duration_by_zone_hour,False
24,Bloomingdale,12,562,16.32870699881376,13.158333333333333,13.158333333333333,30.541666666666675,0.4555160142348754,2026-02,avg_duration_by_zone_hour,False
74,East Harlem North,18,1039,19.822938723131216,17.15,17.15,35.36000000000001,0.4552454282964389,2026-02,avg_duration_by_zone_hour,False
143,Lincoln Square West,20,1499,13.896219702023572,11.8,11.8,25.22,0.4549699799866578,2026-02,avg_duration_by_zone_hour,False
75,East Harlem South,9,1464,18.281955828779598,15.225,15.225,33.64500000000001,0.45491803278688525,2026-02,avg_duration_by_zone_hour,False
42,Central Harlem North,8,996,27.28960843373494,22.558333333333334,22.558333333333334,50.58333333333333,0.45481927710843373,2026-02,avg_duration_by_zone_hour,False
78,East Tremont,16,33,47.0439393939394,30.6,30.6,89.76666666666667,0.45454545454545453,2026-02,avg_duration_by_zone_hour,False
121,Hillcrest/Pomonok,16,44,45.019318181818186,33.225,33.225,83.63833333333335,0.45454545454545453,2026-02,avg_duration_by_zone_hour,False
200,Riverdale/North Riverdale/Fieldston,8,33,42.7939393939394,35.166666666666664,35.166666666666664,77.06666666666668,0.45454545454545453,2026-02,avg_duration_by_zone_hour,False
263,Yorkville West,0,1351,11.73807056501357,10.616666666666667,10.616666666666667,21.8,0.4544781643227239,2026-02,avg_duration_by_zone_hour,False
41,Central Harlem,13,864,19.927179783950617,16.96666666666667,16.96666666666667,36.72833333333334,0.4537037037037037,2026-02,avg_duration_by_zone_hour,False
211,SoHo,23,1497,14.528846582052996,12.05,12.05,26.983333333333334,0.45357381429525717,2026-02,avg_duration_by_zone_hour,False
78,East Tremont,6,86,38.7906976744186,33.59166666666667,33.59166666666667,68.10833333333333,0.45348837209302323,2026-02,avg_duration_by_zone_hour,False
74,East Harlem North,19,847,18.060114128295947,15.583333333333334,15.583333333333334,32.12333333333333,0.45336481700118064,2026-02,avg_duration_by_zone_hour,False
41,Central Harlem,21,746,16.370196604110813,13.525,13.525,29.466666666666665,0.45308310991957107,2026-02,avg_duration_by_zone_hour,False
21,Bensonhurst East,7,53,45.34496855345912,30.816666666666666,30.816666666666666,92.60333333333337,0.4528301886792453,2026-02,avg_duration_by_zone_hour,False
92,Flushing,17,53,29.73553459119497,23.166666666666668,23.166666666666668,59.27666666666667,0.4528301886792453,2026-02,avg_duration_by_zone_hour,False
20,Belmont,8,42,40.44087301587302,31.825,31.825,70.61166666666666,0.4523809523809524,2026-02,avg_duration_by_zone_hour,False
218,Springfield Gardens North,16,42,38.82261904761905,32.69166666666666,32.69166666666666,70.675,0.4523809523809524,2026-02,avg_duration_by_zone_hour,False
125,Hudson Sq,21,1036,15.512837837837838,13.2,13.2,28.375,0.4517374517374517,2026-02,avg_duration_by_zone_hour,False
124,Howard Beach,10,31,39.575806451612905,28.466666666666665,28.466666666666665,74.0,0.45161290322580644,2026-02,avg_duration_by_zone_hour,False
212,Soundview/Bruckner,10,31,34.85698924731182,26.6,26.6,76.08333333333333,0.45161290322580644,2026-02,avg_duration_by_zone_hour,False
50,Clinton West,17,1580,16.77970464135021,14.175,14.175,30.18833333333334,0.45126582278481014,2026-02,avg_duration_by_zone_hour,False
169,Mount Hope,6,60,30.005555555555553,21.975,21.975,60.46333333333334,0.45,2026-02,avg_duration_by_zone_hour,False
157,Maspeth,16,40,26.005000000000003,20.4,20.4,47.781666666666666,0.45,2026-02,avg_duration_by_zone_hour,False
50,Clinton West,10,1040,16.647996794871798,14.766666666666667,14.766666666666667,29.92166666666667,0.45,2026-02,avg_duration_by_zone_hour,False
113,Greenwich Village North,1,1313,12.158060421426757,9.916666666666666,9.916666666666666,23.47,0.44935262757044936,2026-02,avg_duration_by_zone_hour,False
216,South Ozone Park,15,67,24.885323383084575,14.166666666666666,14.166666666666666,60.02999999999998,0.44776119402985076,2026-02,avg_duration_by_zone_hour,False
48,Clinton East,12,2522,15.711274121067936,12.633333333333333,11.916666666666666,29.49666666666667,0.4476605868358446,2026-02,avg_duration_by_zone_hour,False
151,Manhattan Valley,21,975,14.523914529914531,12.716666666666667,12.716666666666667,25.78333333333334,0.4471794871794872,2026-02,avg_duration_by_zone_hour,False
32,Bronxdale,7,47,53.75,46.28333333333333,46.28333333333333,95.83666666666666,0.44680851063829785,2026-02,avg_duration_by_zone_hour,False
135,Kew Gardens Hills,8,47,36.029432624113475,23.2,23.2,64.07333333333334,0.44680851063829785,2026-02,avg_duration_by_zone_hour,False
140,Lenox Hill East,21,2147,13.19695699425555,11.8,11.8,23.3,0.4466697717745692,2026-02,avg_duration_by_zone_hour,False
131,Jamaica Estates,9,56,44.77738095238095,38.225,38.225,76.08333333333334,0.44642857142857145,2026-02,avg_duration_by_zone_hour,False
123,Homecrest,9,56,34.62589285714286,22.266666666666666,22.266666666666666,69.44999999999999,0.44642857142857145,2026-02,avg_duration_by_zone_hour,False
161,Midtown Center,3,177,14.664595103578154,11.416666666666666,11.416666666666666,26.993333333333336,0.4463276836158192,2026-02,avg_duration_by_zone_hour,False
86,Far Rockaway,9,74,74.90247747747749,65.45833333333333,65.45833333333333,126.84333333333333,0.44594594594594594,2026-02,avg_duration_by_zone_hour,False
41,Central Harlem,8,1180,21.798658192090397,18.508333333333333,18.508333333333333,40.57666666666668,0.4457627118644068,2026-02,avg_duration_by_zone_hour,False
216,South Ozone Park,5,101,26.11930693069307,19.8,19.8,54.9,0.44554455445544555,2026-02,avg_duration_by_zone_hour,False
100,Garment District,11,1715,17.761438289601553,14.75,12.841666666666667,31.823333333333355,0.4454810495626822,2026-02,avg_duration_by_zone_hour,False
74,East Harlem North,12,723,21.49640387275242,17.833333333333332,17.833333333333332,39.77333333333334,0.44536652835408025,2026-02,avg_duration_by_zone_hour,False
186,Penn Station/Madison Sq West,1,1231,13.938369888979151,12.1,12.1,25.216666666666665,0.44516653127538586,2026-02,avg_duration_by_zone_hour,False
141,Lenox Hill West,1,620,11.016586021505377,9.441666666666666,9.441666666666666,20.783333333333335,0.44516129032258067,2026-02,avg_duration_by_zone_hour,False
24,Bloomingdale,14,605,16.64283746556474,13.4,13.4,32.400000000000006,0.4446280991735537,2026-02,avg_duration_by_zone_hour,False
123,Homecrest,10,54,45.93425925925926,35.36666666666667,35.36666666666667,90.05333333333334,0.4444444444444444,2026-02,avg_duration_by_zone_hour,False
174,Norwood,7,63,39.47222222222222,28.5,28.5,80.26666666666667,0.4444444444444444,2026-02,avg_duration_by_zone_hour,False
218,Springfield Gardens North,14,45,38.52185185185185,28.433333333333334,28.433333333333334,88.83,0.4444444444444444,2026-02,avg_duration_by_zone_hour,False
149,Madison,16,36,32.15,22.266666666666666,22.266666666666666,66.94166666666666,0.4444444444444444,2026-02,avg_duration_by_zone_hour,False
208,Schuylerville/Edgewater Park,13,36,31.789814814814818,28.65,28.65,54.35,0.4444444444444444,2026-02,avg_duration_by_zone_hour,False
212,Soundview/Bruckner,19,36,31.12916666666667,25.025,25.025,57.45,0.4444444444444444,2026-02,avg_duration_by_zone_hour,False
246,West Chelsea/Hudson Yards,4,405,11.922757201646089,9.75,9.75,21.700000000000014,0.4444444444444444,2026-02,avg_duration_by_zone_hour,False
140,Lenox Hill East,22,1634,13.522919216646267,11.625,11.625,23.918333333333337,0.44430844553243576,2026-02,avg_duration_by_zone_hour,False
75,East Harlem South,22,818,15.029115729421354,13.308333333333334,13.308333333333334,27.020000000000003,0.44376528117359415,2026-02,avg_duration_by_zone_hour,False
75,East Harlem South,18,2105,16.581694378463975,13.366666666666667,12.566666666666666,31.070000000000004,0.4437054631828979,2026-02,avg_duration_by_zone_hour,False
158,Meatpacking/West Village West,10,735,17.598140589569162,14.05,14.05,33.94333333333334,0.4435374149659864,2026-02,avg_duration_by_zone_hour,False
125,Hudson Sq,12,681,18.882745961820852,15.183333333333334,15.183333333333334,35.75,0.4434654919236417,2026-02,avg_duration_by_zone_hour,False
125,Hudson Sq,13,742,17.570530098831988,13.908333333333333,13.908333333333333,34.875,0.44339622641509435,2026-02,avg_duration_by_zone_hour,False
259,Woodlawn/Wakefield,8,79,38.2253164556962,28.05,28.05,81.64666666666666,0.4430379746835443,2026-02,avg_duration_by_zone_hour,False
55,Coney Island,17,70,50.52261904761905,42.08333333333333,42.08333333333333,97.58166666666666,0.44285714285714284,2026-02,avg_duration_by_zone_hour,False
159,Melrose South,15,70,33.42714285714286,25.233333333333334,25.233333333333334,68.42666666666666,0.44285714285714284,2026-02,avg_duration_by_zone_hour,False
48,Clinton East,10,2521,16.166871611794264,13.4,12.225,30.066666666666666,0.44268147560491866,2026-02,avg_duration_by_zone_hour,False
72,East Flatbush/Remsen Village,20,61,34.143169398907105,25.6,25.6,58.81666666666667,0.4426229508196721,2026-02,avg_duration_by_zone_hour,False
51,Co-Op City,19,61,31.931420765027323,24.95,24.95,59.083333333333336,0.4426229508196721,2026-02,avg_duration_by_zone_hour,False
218,Springfield Gardens North,12,52,53.71057692307692,43.91666666666667,43.91666666666667,107.01333333333334,0.4423076923076923,2026-02,avg_duration_by_zone_hour,False
155,Marine Park/Mill Basin,6,52,51.700961538461534,45.13333333333334,45.13333333333334,101.89166666666664,0.4423076923076923,2026-02,avg_duration_by_zone_hour,False
55,Coney Island,19,52,28.140064102564104,24.358333333333334,24.358333333333334,56.268333333333324,0.4423076923076923,2026-02,avg_duration_by_zone_hour,False
151,Manhattan Valley,22,778,14.956383890317053,12.608333333333334,12.608333333333334,27.730000000000018,0.442159383033419,2026-02,avg_duration_by_zone_hour,False
137,Kips Bay,11,1943,17.643609538514326,13.683333333333334,13.683333333333334,33.22666666666666,0.44209984559958826,2026-02,avg_duration_by_zone_hour,False
183,Pelham Bay,7,43,43.489147286821705,40.71666666666667,40.71666666666667,72.90333333333336,0.4418604651162791,2026-02,avg_duration_by_zone_hour,False
182,Parkchester,18,43,37.48682170542636,29.333333333333332,29.333333333333332,70.09333333333333,0.4418604651162791,2026-02,avg_duration_by_zone_hour,False
167,Morrisania/Melrose,5,43,30.88875968992248,21.383333333333333,21.383333333333333,61.48333333333334,0.4418604651162791,2026-02,avg_duration_by_zone_hour,False
259,Woodlawn/Wakefield,7,77,51.609740259740256,37.03333333333333,37.03333333333333,107.75333333333334,0.44155844155844154,2026-02,avg_duration_by_zone_hour,False
247,West Concourse,18,77,27.698051948051948,20.816666666666666,20.816666666666666,51.82666666666668,0.44155844155844154,2026-02,avg_duration_by_zone_hour,False
75,East Harlem South,20,1232,15.954694264069264,13.725,13.725,28.995000000000005,0.44155844155844154,2026-02,avg_duration_by_zone_hour,False
218,Springfield Gardens North,7,111,53.57702702702703,46.78333333333333,46.78333333333333,101.06666666666666,0.44144144144144143,2026-02,avg_duration_by_zone_hour,False
72,East Flatbush/Remsen Village,14,145,35.28908045977012,26.233333333333334,26.233333333333334,65.82,0.4413793103448276,2026-02,avg_duration_by_zone_hour,False
182,Parkchester,5,68,38.355637254901964,28.983333333333334,28.983333333333334,73.15166666666669,0.4411764705882353,2026-02,avg_duration_by_zone_hour,False
265,Outside of NYC,14,34,23.596568627450978,12.691666666666666,12.691666666666666,67.19,0.4411764705882353,2026-02,avg_duration_by_zone_hour,False
166,Morningside Heights,3,84,12.195238095238096,9.633333333333333,9.633333333333333,23.040000000000003,0.44047619047619047,2026-02,avg_duration_by_zone_hour,False
75,East Harlem South,7,1481,16.60525545802386,13.333333333333334,13.333333333333334,30.416666666666668,0.4402430790006752,2026-02,avg_duration_by_zone_hour,False
76,East New York,11,284,38.70774647887324,32.099999999999994,32.099999999999994,76.135,0.44014084507042256,2026-02,avg_duration_by_zone_hour,False
241,Van Cortlandt Village,10,50,44.605,36.175,36.175,77.01500000000001,0.44,2026-02,avg_duration_by_zone_hour,False
242,Van Nest/Morris Park,14,50,33.781666666666666,24.991666666666667,24.991666666666667,72.64,0.44,2026-02,avg_duration_by_zone_hour,False
131,Jamaica Estates,6,75,31.752444444444446,25.483333333333334,25.483333333333334,59.20000000000003,0.44,2026-02,avg_duration_by_zone_hour,False
247,West Concourse,12,50,27.811333333333334,23.225,23.225,48.336666666666666,0.44,2026-02,avg_duration_by_zone_hour,False
72,East Flatbush/Remsen Village,5,116,35.50459770114943,31.891666666666666,31.891666666666666,62.45,0.4396551724137931,2026-02,avg_duration_by_zone_hour,False
48,Clinton East,5,1067,11.42416432364886,8.55,8.55,22.439999999999998,0.4395501405810684,2026-02,avg_duration_by_zone_hour,False
238,Upper West Side North,22,1718,13.584264648816452,11.558333333333334,11.558333333333334,25.684999999999995,0.4394644935972061,2026-02,avg_duration_by_zone_hour,False
48,Clinton East,11,2444,16.30788325150027,13.541666666666668,13.216666666666667,30.29166666666669,0.43944353518821605,2026-02,avg_duration_by_zone_hour,False
39,Canarsie,20,66,31.637626262626267,24.0,24.0,64.31666666666666,0.4393939393939394,2026-02,avg_duration_by_zone_hour,False
237,Upper East Side South,0,1518,11.138153271848925,9.4,9.4,20.909999999999997,0.4393939393939394,2026-02,avg_duration_by_zone_hour,False
24,Bloomingdale,11,503,16.710006626905233,13.75,13.75,31.253333333333334,0.4393638170974155,2026-02,avg_duration_by_zone_hour,False
29,Brighton Beach,17,41,46.42845528455285,38.11666666666667,38.11666666666667,88.0,0.43902439024390244,2026-02,avg_duration_by_zone_hour,False
13,Battery Park City,4,41,19.508536585365853,14.183333333333334,14.183333333333334,38.916666666666664,0.43902439024390244,2026-02,avg_duration_by_zone_hour,False
143,Lincoln Square West,21,1281,13.836820192557898,11.8,11.8,25.883333333333333,0.43871975019516,2026-02,avg_duration_by_zone_hour,False
235,University Heights/Morris Heights,5,57,35.56228070175438,30.816666666666666,30.816666666666666,64.80999999999999,0.43859649122807015,2026-02,avg_duration_by_zone_hour,False
75,East Harlem South,8,1590,19.514150943396228,17.0,17.0,35.56333333333335,0.43836477987421385,2026-02,avg_duration_by_zone_hour,False
55,Coney Island,16,73,55.982191780821914,48.78333333333333,48.78333333333333,101.26666666666667,0.4383561643835616,2026-02,avg_duration_by_zone_hour,False
264,Unknown,15,219,20.987062404870624,16.283333333333335,16.283333333333335,43.58333333333336,0.4383561643835616,2026-02,avg_duration_by_zone_hour,False
125,Hudson Sq,14,746,18.213025022341377,14.233333333333333,14.233333333333333,34.75833333333333,0.4383378016085791,2026-02,avg_duration_by_zone_hour,False
151,Manhattan Valley,20,1089,14.173431282522191,12.033333333333333,12.033333333333333,27.10666666666667,0.4380165289256198,2026-02,avg_duration_by_zone_hour,False
94,Fordham South,9,32,46.8125,37.11666666666667,37.11666666666667,94.97500000000001,0.4375,2026-02,avg_duration_by_zone_hour,False
81,Eastchester,15,32,43.72291666666667,37.641666666666666,37.641666666666666,81.08000000000003,0.4375,2026-02,avg_duration_by_zone_hour,False
92,Flushing,6,32,37.5,27.90833333333333,27.90833333333333,72.87333333333335,0.4375,2026-02,avg_duration_by_zone_hour,False
265,Outside of NYC,19,32,28.423958333333335,18.09166666666667,18.09166666666667,66.07833333333336,0.4375,2026-02,avg_duration_by_zone_hour,False
166,Morningside Heights,22,1068,17.112624843945067,15.149999999999999,15.149999999999999,30.525000000000006,0.43726591760299627,2026-02,avg_duration_by_zone_hour,False
39,Canarsie,5,199,41.95695142378559,36.35,36.35,85.11666666666667,0.4371859296482412,2026-02,avg_duration_by_zone_hour,False
125,Hudson Sq,11,632,18.333755274261602,14.466666666666665,14.466666666666665,35.724999999999994,0.43670886075949367,2026-02,avg_duration_by_zone_hour,False
158,Meatpacking/West Village West,15,1184,18.385796734234233,15.183333333333334,15.183333333333334,32.93166666666667,0.43665540540540543,2026-02,avg_duration_by_zone_hour,False
197,Richmond Hill,0,55,17.348787878787878,14.983333333333333,14.983333333333333,31.293333333333333,0.43636363636363634,2026-02,avg_duration_by_zone_hour,False
76,East New York,17,227,31.059251101321586,24.716666666666665,24.716666666666665,61.88666666666666,0.43612334801762115,2026-02,avg_duration_by_zone_hour,False
74,East Harlem North,10,633,20.80618746708794,17.516666666666666,17.516666666666666,37.41333333333334,0.43601895734597157,2026-02,avg_duration_by_zone_hour,False
29,Brighton Beach,8,39,52.713247863247865,43.2,43.2,108.33000000000003,0.4358974358974359,2026-02,avg_duration_by_zone_hour,False
219,Springfield Gardens South,9,39,48.44444444444444,40.083333333333336,40.083333333333336,90.11333333333337,0.4358974358974359,2026-02,avg_duration_by_zone_hour,False
95,Forest Hills,11,78,38.228418803418805,32.625,32.625,69.27833333333331,0.4358974358974359,2026-02,avg_duration_by_zone_hour,False
191,Queens Village,13,39,27.66196581196581,18.616666666666667,18.616666666666667,63.92666666666667,0.4358974358974359,2026-02,avg_duration_by_zone_hour,False
125,Hudson Sq,22,925,15.412594594594594,13.333333333333334,13.333333333333334,27.436666666666667,0.43567567567567567,2026-02,avg_duration_by_zone_hour,False
43,Central Park,22,914,11.87727935813275,9.783333333333333,9.783333333333333,22.540000000000003,0.43544857768052514,2026-02,avg_duration_by_zone_hour,False
42,Central Harlem North,15,604,25.039707505518763,20.266666666666666,20.266666666666666,43.63166666666667,0.43543046357615894,2026-02,avg_duration_by_zone_hour,False
249,West Village,11,1672,15.67594696969697,12.366666666666667,10.816666666666666,31.411666666666672,0.4354066985645933,2026-02,avg_duration_by_zone_hour,False
41,Central Harlem,11,719,20.458043579044972,17.1,17.1,39.57333333333334,0.43532684283727396,2026-02,avg_duration_by_zone_hour,False
48,Clinton East,14,2591,16.286343754020326,12.566666666666666,10.875,30.716666666666665,0.4349671941335392,2026-02,avg_duration_by_zone_hour,False
257,Windsor Terrace,8,69,35.28768115942029,31.516666666666666,31.516666666666666,58.58333333333334,0.43478260869565216,2026-02,avg_duration_by_zone_hour,False
28,Briarwood/Jamaica Hills,15,69,31.030917874396135,24.216666666666665,24.216666666666665,53.23666666666667,0.43478260869565216,2026-02,avg_duration_by_zone_hour,False
74,East Harlem North,13,736,21.36220561594203,18.4,18.4,39.016666666666666,0.43478260869565216,2026-02,avg_duration_by_zone_hour,False
151,Manhattan Valley,15,1701,14.900578091318833,11.75,11.75,27.6,0.43445032333921224,2026-02,avg_duration_by_zone_hour,False
158,Meatpacking/West Village West,12,831,17.902567188126753,14.633333333333333,14.633333333333333,33.6,0.43441636582430804,2026-02,avg_duration_by_zone_hour,False
74,East Harlem North,11,686,20.939965986394558,17.391666666666666,17.391666666666666,37.90833333333333,0.43440233236151604,2026-02,avg_duration_by_zone_hour,False
100,Garment District,23,1715,14.944178814382896,13.3,13.3,25.993333333333347,0.43440233236151604,2026-02,avg_duration_by_zone_hour,False
90,Flatiron,10,1913,14.456142185049659,11.083333333333334,10.958333333333332,28.60666666666666,0.4343962362780972,2026-02,avg_duration_by_zone_hour,False
254,Williamsbridge/Olinville,8,129,46.61550387596899,37.983333333333334,37.983333333333334,95.46,0.43410852713178294,2026-02,avg_duration_by_zone_hour,False
132,JFK Airport,5,1760,24.167348484848485,20.041666666666668,20.041666666666668,43.451666666666675,0.4340909090909091,2026-02,avg_duration_by_zone_hour,False
125,Hudson Sq,20,1062,15.774717514124294,13.791666666666668,13.791666666666668,28.063333333333333,0.4340866290018832,2026-02,avg_duration_by_zone_hour,False
262,Yorkville East,21,1274,13.53974358974359,12.391666666666666,12.391666666666666,23.895,0.4340659340659341,2026-02,avg_duration_by_zone_hour,False
139,Laurelton,7,53,53.48018867924528,51.25,51.25,109.99000000000002,0.4339622641509434,2026-02,avg_duration_by_zone_hour,False
39,Canarsie,7,318,43.86378406708595,34.608333333333334,34.608333333333334,91.715,0.4339622641509434,2026-02,avg_duration_by_zone_hour,False
250,Westchester Village/Unionport,9,53,36.612264150943396,26.183333333333334,26.183333333333334,71.08666666666669,0.4339622641509434,2026-02,avg_duration_by_zone_hour,False
39,Canarsie,23,53,17.978616352201257,14.75,14.75,29.806666666666672,0.4339622641509434,2026-02,avg_duration_by_zone_hour,False
43,Central Park,21,1355,12.295116851168514,10.216666666666667,9.308333333333334,22.770000000000007,0.43394833948339484,2026-02,avg_duration_by_zone_hour,False
210,Sheepshead Bay,8,90,45.9537037037037,31.225,31.225,98.30500000000002,0.43333333333333335,2026-02,avg_duration_by_zone_hour,False
11,Bath Beach,14,30,41.43666666666666,32.766666666666666,32.766666666666666,76.21833333333336,0.43333333333333335,2026-02,avg_duration_by_zone_hour,False
124,Howard Beach,22,30,20.119444444444447,16.09166666666667,16.09166666666667,34.74166666666667,0.43333333333333335,2026-02,avg_duration_by_zone_hour,False
53,College Point,22,30,17.265555555555558,13.716666666666667,13.716666666666667,30.348333333333336,0.43333333333333335,2026-02,avg_duration_by_zone_hour,False
140,Lenox Hill East,23,1140,13.872997076023392,12.133333333333333,12.133333333333333,24.818333333333335,0.43333333333333335,2026-02,avg_duration_by_zone_hour,False
95,Forest Hills,14,97,29.99536082474227,22.683333333333334,22.683333333333334,57.82333333333335,0.4329896907216495,2026-02,avg_duration_by_zone_hour,False
86,Far Rockaway,17,37,46.75405405405406,39.2,39.2,94.63333333333333,0.43243243243243246,2026-02,avg_duration_by_zone_hour,False
220,Spuyten Duyvil/Kingsbridge,8,74,38.52184684684685,31.708333333333332,31.708333333333332,69.63833333333334,0.43243243243243246,2026-02,avg_duration_by_zone_hour,False
191,Queens Village,17,37,35.30495495495495,27.933333333333334,27.933333333333334,74.03333333333333,0.43243243243243246,2026-02,avg_duration_by_zone_hour,False
169,Mount Hope,17,37,31.733333333333338,24.716666666666665,24.716666666666665,62.303333333333335,0.43243243243243246,2026-02,avg_duration_by_zone_hour,False
114,Greenwich Village South,11,798,15.995050125313282,12.45,12.45,30.915000000000003,0.4323308270676692,2026-02,avg_duration_by_zone_hour,False
197,Richmond Hill,11,81,34.98312757201646,26.6,26.6,69.78333333333333,0.43209876543209874,2026-02,avg_duration_by_zone_hour,False
229,Sutton Place/Turtle Bay North,23,1567,12.781535843437567,11.233333333333333,11.233333333333333,22.39,0.4320357370772176,2026-02,avg_duration_by_zone_hour,False
222,Starrett City,12,88,41.11477272727273,31.308333333333334,31.308333333333334,76.02666666666666,0.4318181818181818,2026-02,avg_duration_by_zone_hour,False
56,Corona,10,44,39.016666666666666,28.683333333333334,28.683333333333334,80.61833333333334,0.4318181818181818,2026-02,avg_duration_by_zone_hour,False
258,Woodhaven,10,44,36.08371212121212,25.166666666666668,25.166666666666668,68.705,0.4318181818181818,2026-02,avg_duration_by_zone_hour,False
63,Cypress Hills,8,139,37.588729016786566,30.416666666666668,30.416666666666668,70.60000000000001,0.4316546762589928,2026-02,avg_duration_by_zone_hour,False
211,SoHo,1,973,13.207228502911956,10.983333333333333,10.983333333333333,24.533333333333346,0.4316546762589928,2026-02,avg_duration_by_zone_hour,False
24,Bloomingdale,10,582,16.643384879725087,13.308333333333334,13.308333333333334,31.85,0.43127147766323026,2026-02,avg_duration_by_zone_hour,False
191,Queens Village,9,58,41.24051724137931,35.24166666666667,35.24166666666667,78.195,0.43103448275862066,2026-02,avg_duration_by_zone_hour,False
233,UN/Turtle Bay South,9,1550,15.944204301075269,14.066666666666666,13.408333333333333,27.77333333333334,0.4309677419354839,2026-02,avg_duration_by_zone_hour,False
262,Yorkville East,20,1641,13.828915295551493,12.1,12.1,25.583333333333332,0.4308348567946374,2026-02,avg_duration_by_zone_hour,False
235,University Heights/Morris Heights,11,65,38.01512820512821,26.85,26.85,73.82333333333334,0.4307692307692308,2026-02,avg_duration_by_zone_hour,False
14,Bay Ridge,20,65,24.643589743589743,20.65,20.65,43.966666666666676,0.4307692307692308,2026-02,avg_duration_by_zone_hour,False
113,Greenwich Village North,2,938,11.662526652452026,9.625,9.625,21.576666666666668,0.43070362473347545,2026-02,avg_duration_by_zone_hour,False
75,East Harlem South,23,606,14.023679867986798,12.066666666666666,12.066666666666666,24.466666666666665,0.4306930693069307,2026-02,avg_duration_by_zone_hour,False
134,Kew Gardens,7,72,35.0363425925926,29.166666666666664,29.166666666666664,67.44166666666666,0.4305555555555556,2026-02,avg_duration_by_zone_hour,False
219,Springfield Gardens South,7,79,54.0090717299578,40.06666666666667,40.06666666666667,112.12666666666667,0.43037974683544306,2026-02,avg_duration_by_zone_hour,False
130,Jamaica,11,79,37.098312236286915,28.683333333333334,28.683333333333334,71.35333333333334,0.43037974683544306,2026-02,avg_duration_by_zone_hour,False
100,Garment District,15,1955,19.358431372549017,14.433333333333334,11.916666666666666,37.416666666666664,0.429156010230179,2026-02,avg_duration_by_zone_hour,False
137,Kips Bay,7,1560,14.146271367521368,11.033333333333333,11.033333333333333,26.18833333333334,0.4288461538461538,2026-02,avg_duration_by_zone_hour,False
233,UN/Turtle Bay South,15,1642,19.38649005278116,15.441666666666666,15.441666666666666,35.045,0.4287454323995128,2026-02,avg_duration_by_zone_hour,False
254,Williamsbridge/Olinville,7,119,51.24257703081233,44.5,44.5,99.46666666666667,0.42857142857142855,2026-02,avg_duration_by_zone_hour,False
51,Co-Op City,14,35,49.728095238095236,36.46666666666667,36.46666666666667,96.36333333333334,0.42857142857142855,2026-02,avg_duration_by_zone_hour,False
14,Bay Ridge,15,105,46.191428571428574,35.65,35.65,87.04666666666668,0.42857142857142855,2026-02,avg_duration_by_zone_hour,False
222,Starrett City,13,70,43.1447619047619,38.6,38.6,81.63833333333334,0.42857142857142855,2026-02,avg_duration_by_zone_hour,False
32,Bronxdale,17,35,40.645714285714284,31.35,31.35,90.61333333333334,0.42857142857142855,2026-02,avg_duration_by_zone_hour,False
216,South Ozone Park,12,77,38.622943722943724,29.383333333333333,29.383333333333333,89.04333333333335,0.42857142857142855,2026-02,avg_duration_by_zone_hour,False
235,University Heights/Morris Heights,18,42,36.00952380952381,25.15,25.15,79.54166666666666,0.42857142857142855,2026-02,avg_duration_by_zone_hour,False
205,Saint Albans,17,49,33.51598639455782,21.533333333333335,21.533333333333335,74.97000000000001,0.42857142857142855,2026-02,avg_duration_by_zone_hour,False
180,Ozone Park,8,49,33.49761904761905,21.75,21.75,83.99000000000001,0.42857142857142855,2026-02,avg_duration_by_zone_hour,False
22,Bensonhurst West,17,42,31.737698412698414,24.733333333333334,24.733333333333334,65.61,0.42857142857142855,2026-02,avg_duration_by_zone_hour,False
216,South Ozone Park,16,98,29.886734693877553,18.85,18.85,68.52499999999995,0.42857142857142855,2026-02,avg_duration_by_zone_hour,False
40,Carroll Gardens,15,42,29.155555555555555,23.208333333333332,23.208333333333332,62.084999999999994,0.42857142857142855,2026-02,avg_duration_by_zone_hour,False
126,Hunts Point,14,35,27.353333333333335,23.033333333333335,23.033333333333335,47.5,0.42857142857142855,2026-02,avg_duration_by_zone_hour,False
134,Kew Gardens,13,42,26.756349206349206,20.008333333333333,20.008333333333333,47.25333333333334,0.42857142857142855,2026-02,avg_duration_by_zone_hour,False
13,Battery Park City,9,809,18.700968273588792,16.35,16.35,33.36000000000001,0.4276885043263288,2026-02,avg_duration_by_zone_hour,False
237,Upper East Side South,1,629,10.693031266560679,8.9,8.9,20.466666666666665,0.4276629570747218,2026-02,avg_duration_by_zone_hour,False
249,West Village,12,1852,16.384035277177826,13.0,11.75,32.45,0.42764578833693306,2026-02,avg_duration_by_zone_hour,False
77,East New York/Pennsylvania Avenue,8,145,42.365172413793104,33.75,33.75,87.03999999999999,0.42758620689655175,2026-02,avg_duration_by_zone_hour,False
77,East New York/Pennsylvania Avenue,7,131,43.29491094147583,33.666666666666664,33.666666666666664,83.46666666666667,0.42748091603053434,2026-02,avg_duration_by_zone_hour,False
141,Lenox Hill West,23,1790,11.923351955307263,10.141666666666666,10.141666666666666,22.28833333333334,0.4273743016759777,2026-02,avg_duration_by_zone_hour,False
41,Central Harlem,7,1042,20.973000639795263,18.40833333333333,18.40833333333333,37.81666666666666,0.42706333973128596,2026-02,avg_duration_by_zone_hour,False
262,Yorkville East,22,897,13.372408026755853,12.216666666666667,12.216666666666667,24.02,0.4269788182831661,2026-02,avg_duration_by_zone_hour,False
151,Manhattan Valley,12,1764,14.89155328798186,12.100000000000001,12.100000000000001,28.44666666666667,0.4268707482993197,2026-02,avg_duration_by_zone_hour,False
100,Garment District,9,1523,15.817520245130225,13.1,12.566666666666666,28.83,0.42678923177938277,2026-02,avg_duration_by_zone_hour,False
210,Sheepshead Bay,10,75,51.361111111111114,44.75,44.75,98.47333333333336,0.4266666666666667,2026-02,avg_duration_by_zone_hour,False
210,Sheepshead Bay,9,75,40.653111111111116,28.866666666666667,28.866666666666667,80.74666666666668,0.4266666666666667,2026-02,avg_duration_by_zone_hour,False
137,Kips Bay,15,2494,20.469500133654105,15.516666666666667,15.516666666666667,39.22833333333334,0.42662389735364875,2026-02,avg_duration_by_zone_hour,False
90,Flatiron,12,2260,16.48448377581121,12.85,12.183333333333334,32.08166666666669,0.4265486725663717,2026-02,avg_duration_by_zone_hour,False
210,Sheepshead Bay,7,68,59.25,44.36666666666667,44.36666666666667,120.89666666666668,0.4264705882352941,2026-02,avg_duration_by_zone_hour,False
218,Springfield Gardens North,9,68,46.14264705882353,43.45833333333333,43.45833333333333,84.03500000000001,0.4264705882352941,2026-02,avg_duration_by_zone_hour,False
114,Greenwich Village South,13,1224,16.9416394335512,13.850000000000001,13.850000000000001,32.17000000000001,0.4264705882352941,2026-02,avg_duration_by_zone_hour,False
43,Central Park,9,1475,13.478553672316384,10.966666666666667,10.966666666666667,26.070000000000004,0.4264406779661017,2026-02,avg_duration_by_zone_hour,False
137,Kips Bay,12,1970,18.744043993231813,14.841666666666667,14.841666666666667,34.45333333333334,0.4263959390862944,2026-02,avg_duration_by_zone_hour,False
264,Unknown,7,129,17.153875968992246,10.566666666666666,10.566666666666666,40.3,0.4263565891472868,2026-02,avg_duration_by_zone_hour,False
235,University Heights/Morris Heights,12,54,53.90154320987654,39.95,39.95,100.08166666666668,0.42592592592592593,2026-02,avg_duration_by_zone_hour,False
205,Saint Albans,14,54,44.2682098765432,37.825,37.825,83.2766666666667,0.42592592592592593,2026-02,avg_duration_by_zone_hour,False
169,Mount Hope,14,54,37.577160493827165,29.608333333333334,29.608333333333334,71.50833333333334,0.42592592592592593,2026-02,avg_duration_by_zone_hour,False
28,Briarwood/Jamaica Hills,16,54,30.98333333333333,22.46666666666667,22.46666666666667,64.41833333333334,0.42592592592592593,2026-02,avg_duration_by_zone_hour,False
217,South Williamsburg,20,54,24.63858024691358,21.125,21.125,46.593333333333334,0.42592592592592593,2026-02,avg_duration_by_zone_hour,False
248,West Farms/Bronx River,7,101,33.13828382838284,29.15,29.15,61.46666666666667,0.42574257425742573,2026-02,avg_duration_by_zone_hour,False
196,Rego Park,9,47,35.02056737588653,30.9,30.9,72.29666666666665,0.425531914893617,2026-02,avg_duration_by_zone_hour,False
83,Elmhurst/Maspeth,8,47,26.679078014184398,19.266666666666666,19.266666666666666,45.099999999999994,0.425531914893617,2026-02,avg_duration_by_zone_hour,False
158,Meatpacking/West Village West,13,997,18.154195921096623,14.8,14.8,33.07333333333333,0.42527582748244735,2026-02,avg_duration_by_zone_hour,False
29,Brighton Beach,16,40,49.585,37.958333333333336,37.958333333333336,95.48000000000002,0.425,2026-02,avg_duration_by_zone_hour,False
18,Bedford Park,19,40,29.491666666666667,19.1,19.1,76.515,0.425,2026-02,avg_duration_by_zone_hour,False
235,University Heights/Morris Heights,19,40,25.3525,20.166666666666664,20.166666666666664,48.68166666666668,0.425,2026-02,avg_duration_by_zone_hour,False
243,Washington Heights North,3,40,14.257499999999999,12.233333333333334,12.233333333333334,23.44166666666667,0.425,2026-02,avg_duration_by_zone_hour,False
236,Upper East Side North,3,80,12.071875,9.291666666666668,9.291666666666668,22.545000000000005,0.425,2026-02,avg_duration_by_zone_hour,False
211,SoHo,21,1878,14.947586084487043,12.7,12.7,27.216666666666665,0.4249201277955272,2026-02,avg_duration_by_zone_hour,False
205,Saint Albans,8,153,46.92527233115468,38.15,38.15,102.75666666666666,0.42483660130718953,2026-02,avg_duration_by_zone_hour,False
165,Midwood,11,73,42.609817351598174,35.43333333333333,35.43333333333333,78.48,0.4246575342465753,2026-02,avg_duration_by_zone_hour,False
125,Hudson Sq,15,822,19.603974047039742,14.775,14.775,36.49666666666666,0.4245742092457421,2026-02,avg_duration_by_zone_hour,False
50,Clinton West,13,1105,17.36692307692308,15.05,15.05,29.353333333333335,0.4244343891402715,2026-02,avg_duration_by_zone_hour,False
208,Schuylerville/Edgewater Park,9,33,42.77878787878788,38.416666666666664,38.416666666666664,79.46000000000001,0.42424242424242425,2026-02,avg_duration_by_zone_hour,False
77,East New York/Pennsylvania Avenue,15,66,41.26136363636363,32.666666666666664,32.666666666666664,75.89166666666668,0.42424242424242425,2026-02,avg_duration_by_zone_hour,False
56,Corona,14,33,36.75050505050505,28.6,28.6,58.370000000000005,0.42424242424242425,2026-02,avg_duration_by_zone_hour,False
215,South Jamaica,17,33,29.873737373737374,21.066666666666666,21.066666666666666,53.54666666666667,0.42424242424242425,2026-02,avg_duration_by_zone_hour,False
135,Kew Gardens Hills,5,33,26.302020202020202,19.45,19.45,54.34333333333335,0.42424242424242425,2026-02,avg_duration_by_zone_hour,False
212,Soundview/Bruckner,15,33,26.115151515151513,20.75,20.75,47.67666666666667,0.42424242424242425,2026-02,avg_duration_by_zone_hour,False
39,Canarsie,0,33,15.364646464646464,12.683333333333334,12.683333333333334,27.326666666666668,0.42424242424242425,2026-02,avg_duration_by_zone_hour,False
28,Briarwood/Jamaica Hills,4,33,14.087373737373737,11.9,11.9,24.203333333333333,0.42424242424242425,2026-02,avg_duration_by_zone_hour,False
140,Lenox Hill East,0,623,12.195264847512037,11.15,11.15,21.833333333333332,0.42375601926163725,2026-02,avg_duration_by_zone_hour,False
56,Corona,9,59,34.507344632768365,24.816666666666666,24.816666666666666,80.67,0.423728813559322,2026-02,avg_duration_by_zone_hour,False
71,East Flatbush/Farragut,14,137,33.2220194647202,25.6,25.6,66.17666666666668,0.4233576642335766,2026-02,avg_duration_by_zone_hour,False
113,Greenwich Village North,11,1800,15.924555555555555,12.608333333333334,12.608333333333334,31.321666666666673,0.42333333333333334,2026-02,avg_duration_by_zone_hour,False
114,Greenwich Village South,12,1009,16.23417575156921,12.983333333333333,12.983333333333333,31.57,0.423191278493558,2026-02,avg_duration_by_zone_hour,False
24,Bloomingdale,17,709,15.697813822284909,13.466666666666667,13.466666666666667,29.19,0.4231311706629055,2026-02,avg_duration_by_zone_hour,False
220,Spuyten Duyvil/Kingsbridge,17,52,33.777884615384615,26.675,26.675,51.919999999999995,0.4230769230769231,2026-02,avg_duration_by_zone_hour,False
126,Hunts Point,7,71,33.8443661971831,31.0,31.0,62.35,0.4225352112676056,2026-02,avg_duration_by_zone_hour,False
247,West Concourse,8,116,31.6301724137931,23.975,23.975,62.3,0.4224137931034483,2026-02,avg_duration_by_zone_hour,False
258,Woodhaven,14,45,35.74407407407408,29.066666666666666,29.066666666666666,68.88666666666667,0.4222222222222222,2026-02,avg_duration_by_zone_hour,False
215,South Jamaica,15,45,32.64037037037037,28.783333333333335,28.783333333333335,55.86000000000001,0.4222222222222222,2026-02,avg_duration_by_zone_hour,False
24,Bloomingdale,21,462,15.648484848484848,13.641666666666666,13.641666666666666,29.26,0.42207792207792205,2026-02,avg_duration_by_zone_hour,False
74,East Harlem North,9,825,23.008121212121214,20.4,20.4,40.67,0.4218181818181818,2026-02,avg_duration_by_zone_hour,False
91,Flatlands,13,166,33.51084337349398,23.85,23.85,67.975,0.42168674698795183,2026-02,avg_duration_by_zone_hour,False
166,Morningside Heights,9,913,18.931653888280394,16.783333333333335,16.783333333333335,35.123333333333335,0.42168674698795183,2026-02,avg_duration_by_zone_hour,False
92,Flushing,23,83,17.22590361445783,15.616666666666667,15.616666666666667,28.65,0.42168674698795183,2026-02,avg_duration_by_zone_hour,False
76,East New York,5,268,31.62810945273632,27.491666666666667,27.491666666666667,61.170000000000016,0.4216417910447761,2026-02,avg_duration_by_zone_hour,False
233,UN/Turtle Bay South,7,1065,13.122926447574335,11.4,11.4,22.826666666666668,0.4215962441314554,2026-02,avg_duration_by_zone_hour,False
119,Highbridge,6,102,41.321405228758174,31.633333333333333,31.633333333333333,85.54500000000002,0.4215686274509804,2026-02,avg_duration_by_zone_hour,False
163,Midtown North,0,1355,13.406937269372694,11.633333333333333,11.633333333333333,23.520000000000007,0.42140221402214023,2026-02,avg_duration_by_zone_hour,False
39,Canarsie,15,133,40.43395989974937,24.65,24.65,95.47999999999999,0.42105263157894735,2026-02,avg_duration_by_zone_hour,False
254,Williamsbridge/Olinville,12,76,40.39451754385965,32.233333333333334,32.233333333333334,84.05833333333334,0.42105263157894735,2026-02,avg_duration_by_zone_hour,False
213,Soundview/Castle Hill,15,76,39.598903508771926,33.20833333333333,33.20833333333333,75.90833333333333,0.42105263157894735,2026-02,avg_duration_by_zone_hour,False
39,Canarsie,11,228,37.470906432748535,27.583333333333332,27.583333333333332,83.02666666666669,0.42105263157894735,2026-02,avg_duration_by_zone_hour,False
126,Hunts Point,13,38,33.65219298245614,25.916666666666664,25.916666666666664,53.863333333333365,0.42105263157894735,2026-02,avg_duration_by_zone_hour,False
131,Jamaica Estates,13,38,33.24605263157895,22.28333333333333,22.28333333333333,74.81000000000002,0.42105263157894735,2026-02,avg_duration_by_zone_hour,False
264,Unknown,14,233,20.716452074391988,15.033333333333333,15.033333333333333,43.600000000000016,0.4206008583690987,2026-02,avg_duration_by_zone_hour,False
211,SoHo,0,1272,13.771488469601676,11.783333333333333,11.783333333333333,25.066666666666666,0.42059748427672955,2026-02,avg_duration_by_zone_hour,False
231,TriBeCa/Civic Center,1,1101,14.307795943082047,12.633333333333333,12.633333333333333,25.25,0.42052679382379654,2026-02,avg_duration_by_zone_hour,False
90,Flatiron,11,2038,15.353222113182857,11.983333333333333,10.399999999999999,30.466666666666665,0.4205103042198234,2026-02,avg_duration_by_zone_hour,False
24,Bloomingdale,19,621,15.301932367149758,13.1,13.1,28.8,0.42028985507246375,2026-02,avg_duration_by_zone_hour,False
233,UN/Turtle Bay South,12,1892,17.507760747004934,15.316666666666666,15.316666666666666,30.898333333333333,0.4201902748414376,2026-02,avg_duration_by_zone_hour,False
113,Greenwich Village North,12,1992,16.16039156626506,12.458333333333332,12.333333333333332,32.983333333333334,0.42018072289156627,2026-02,avg_duration_by_zone_hour,False
249,West Village,10,1619,15.016604900144124,11.566666666666666,10.15,29.68666666666667,0.420012353304509,2026-02,avg_duration_by_zone_hour,False
123,Homecrest,8,50,46.23,32.5,32.5,95.14166666666668,0.42,2026-02,avg_duration_by_zone_hour,False
205,Saint Albans,13,50,44.424666666666674,40.275,40.275,81.43666666666668,0.42,2026-02,avg_duration_by_zone_hour,False
122,Hollis,7,50,37.51433333333333,21.775,21.775,87.01833333333333,0.42,2026-02,avg_duration_by_zone_hour,False
25,Boerum Hill,16,200,35.35766666666667,25.93333333333333,25.93333333333333,75.53999999999999,0.42,2026-02,avg_duration_by_zone_hour,False
90,Flatiron,15,2351,16.524011059123776,12.9,12.9,31.55,0.41982135261590814,2026-02,avg_duration_by_zone_hour,False
63,Cypress Hills,7,162,37.422427983539094,30.84166666666667,30.84166666666667,68.87500000000001,0.41975308641975306,2026-02,avg_duration_by_zone_hour,False
264,Unknown,21,162,15.081893004115225,11.958333333333332,11.958333333333332,27.55666666666667,0.41975308641975306,2026-02,avg_duration_by_zone_hour,False
166,Morningside Heights,15,1399,19.816821539194663,16.6,16.6,36.02,0.41958541815582556,2026-02,avg_duration_by_zone_hour,False
24,Bloomingdale,20,491,16.10553292600136,13.4,13.4,31.2,0.4195519348268839,2026-02,avg_duration_by_zone_hour,False
24,Bloomingdale,16,553,16.93860759493671,13.45,13.45,32.09,0.41952983725135623,2026-02,avg_duration_by_zone_hour,False
263,Yorkville West,1,851,11.329122600861732,10.216666666666667,10.216666666666667,20.783333333333335,0.4195064629847238,2026-02,avg_duration_by_zone_hour,False
117,Hammels/Arverne,10,62,68.76048387096773,62.65,62.65,111.41666666666666,0.41935483870967744,2026-02,avg_duration_by_zone_hour,False
136,Kingsbridge Heights,15,31,50.54086021505376,37.4,37.4,89.61666666666666,0.41935483870967744,2026-02,avg_duration_by_zone_hour,False
147,Longwood,12,31,48.50430107526882,42.21666666666667,42.21666666666667,84.68333333333334,0.41935483870967744,2026-02,avg_duration_by_zone_hour,False
185,Pelham Parkway,16,31,48.048924731182794,29.333333333333332,29.333333333333332,116.98333333333333,0.41935483870967744,2026-02,avg_duration_by_zone_hour,False
21,Bensonhurst East,16,31,47.04032258064516,34.7,34.7,107.76666666666667,0.41935483870967744,2026-02,avg_duration_by_zone_hour,False
76,East New York,13,279,38.77216248506571,32.88333333333333,32.88333333333333,70.75666666666667,0.41935483870967744,2026-02,avg_duration_by_zone_hour,False
108,Gravesend,11,31,37.80806451612903,25.316666666666666,25.316666666666666,81.76666666666667,0.41935483870967744,2026-02,avg_duration_by_zone_hour,False
195,Red Hook,11,31,37.41505376344086,31.333333333333332,31.333333333333332,66.23333333333333,0.41935483870967744,2026-02,avg_duration_by_zone_hour,False
83,Elmhurst/Maspeth,12,31,21.60430107526882,13.266666666666667,13.266666666666667,55.833333333333336,0.41935483870967744,2026-02,avg_duration_by_zone_hour,False
264,Unknown,6,62,15.418548387096775,10.508333333333333,10.508333333333333,34.50499999999998,0.41935483870967744,2026-02,avg_duration_by_zone_hour,False
125,Hudson Sq,10,601,18.455158069883527,15.0,15.0,35.35,0.4193011647254576,2026-02,avg_duration_by_zone_hour,False
211,SoHo,11,687,17.94114507520621,14.55,14.55,34.353333333333325,0.4192139737991266,2026-02,avg_duration_by_zone_hour,False
72,East Flatbush/Remsen Village,11,136,36.85698529411765,28.566666666666666,28.566666666666666,70.65,0.41911764705882354,2026-02,avg_duration_by_zone_hour,False
216,South Ozone Park,11,74,32.08355855855856,25.65,25.65,66.38166666666666,0.4189189189189189,2026-02,avg_duration_by_zone_hour,False
47,Claremont/Bathgate,16,43,59.329069767441865,44.35,44.35,116.22666666666667,0.4186046511627907,2026-02,avg_duration_by_zone_hour,False
247,West Concourse,15,86,28.69341085271318,20.80833333333333,20.80833333333333,63.90833333333333,0.4186046511627907,2026-02,avg_duration_by_zone_hour,False
107,Gramercy,2,920,11.761829710144928,10.341666666666667,10.341666666666667,20.91,0.41847826086956524,2026-02,avg_duration_by_zone_hour,False
42,Central Harlem North,14,650,25.327384615384613,21.375,21.375,43.263333333333335,0.41846153846153844,2026-02,avg_duration_by_zone_hour,False
61,Crown Heights North,15,294,35.91887755102041,29.166666666666664,29.166666666666664,71.45166666666665,0.41836734693877553,2026-02,avg_duration_by_zone_hour,False
29,Brighton Beach,15,55,51.690606060606065,37.983333333333334,37.983333333333334,89.85333333333334,0.41818181818181815,2026-02,avg_duration_by_zone_hour,False
169,Mount Hope,9,55,37.07181818181818,28.616666666666667,28.616666666666667,71.08,0.41818181818181815,2026-02,avg_duration_by_zone_hour,False
229,Sutton Place/Turtle Bay North,14,2645,17.303660995589162,15.183333333333334,14.808333333333334,30.846666666666664,0.4181474480151229,2026-02,avg_duration_by_zone_hour,False
263,Yorkville West,3,354,10.225188323917138,8.525,8.525,18.766666666666666,0.4180790960451977,2026-02,avg_duration_by_zone_hour,False
14,Bay Ridge,18,122,27.972677595628415,24.483333333333334,24.483333333333334,49.6,0.4180327868852459,2026-02,avg_duration_by_zone_hour,False
49,Clinton Hill,16,189,36.99832451499118,29.75,29.75,68.82000000000001,0.41798941798941797,2026-02,avg_duration_by_zone_hour,False
100,Garment District,10,1596,16.902652464494572,14.391666666666666,14.391666666666666,30.475,0.41791979949874686,2026-02,avg_duration_by_zone_hour,False
100,Garment District,12,1742,19.354822043628012,16.266666666666666,16.266666666666666,34.74333333333334,0.417910447761194,2026-02,avg_duration_by_zone_hour,False
137,Kips Bay,13,2046,18.775480612577386,15.216666666666667,15.216666666666667,35.00833333333333,0.4178885630498534,2026-02,avg_duration_by_zone_hour,False
229,Sutton Place/Turtle Bay North,15,2489,16.2112896745681,13.433333333333334,12.75,29.67666666666668,0.4178384893531539,2026-02,avg_duration_by_zone_hour,False
211,SoHo,2,687,13.425303250849101,11.55,11.55,24.523333333333333,0.4177583697234352,2026-02,avg_duration_by_zone_hour,False
197,Richmond Hill,12,79,25.989662447257384,20.483333333333334,20.483333333333334,54.02,0.4177215189873418,2026-02,avg_duration_by_zone_hour,False
125,Hudson Sq,19,1177,15.255154347210421,13.183333333333334,13.183333333333334,27.773333333333333,0.41716227697536107,2026-02,avg_duration_by_zone_hour,False
162,Midtown East,0,1436,12.242096100278552,10.65,10.65,21.45,0.4171309192200557,2026-02,avg_duration_by_zone_hour,False
144,Little Italy/NoLiTa,3,1367,11.97345769324555,10.033333333333333,10.033333333333333,21.48,0.41697147037307974,2026-02,avg_duration_by_zone_hour,False
166,Morningside Heights,23,847,17.414403778040143,15.166666666666666,15.166666666666666,31.369999999999997,0.4167650531286895,2026-02,avg_duration_by_zone_hour,False
68,East Chelsea,1,1411,14.241105598866053,12.5,12.5,25.533333333333335,0.4167257264351524,2026-02,avg_duration_by_zone_hour,False
174,Norwood,13,36,50.45185185185185,41.075,41.075,86.4,0.4166666666666667,2026-02,avg_duration_by_zone_hour,False
38,Cambria Heights,5,36,50.135185185185186,44.225,44.225,93.63333333333333,0.4166666666666667,2026-02,avg_duration_by_zone_hour,False
136,Kingsbridge Heights,7,72,46.90671296296296,39.25833333333333,39.25833333333333,84.62666666666667,0.4166666666666667,2026-02,avg_duration_by_zone_hour,False
241,Van Cortlandt Village,5,36,45.455555555555556,39.63333333333333,39.63333333333333,87.10833333333333,0.4166666666666667,2026-02,avg_duration_by_zone_hour,False
56,Corona,11,36,37.418055555555554,28.71666666666667,28.71666666666667,74.275,0.4166666666666667,2026-02,avg_duration_by_zone_hour,False
191,Queens Village,11,36,36.646759259259255,32.1,32.1,70.83333333333334,0.4166666666666667,2026-02,avg_duration_by_zone_hour,False
169,Mount Hope,13,48,36.06388888888889,31.433333333333334,31.433333333333334,68.92500000000003,0.4166666666666667,2026-02,avg_duration_by_zone_hour,False
26,Borough Park,9,72,35.533796296296295,25.191666666666666,25.191666666666666,68.26333333333334,0.4166666666666667,2026-02,avg_duration_by_zone_hour,False
180,Ozone Park,9,36,32.58796296296296,25.85,25.85,57.55,0.4166666666666667,2026-02,avg_duration_by_zone_hour,False
26,Borough Park,20,48,20.758680555555554,17.425,17.425,40.47500000000002,0.4166666666666667,2026-02,avg_duration_by_zone_hour,False
48,Clinton East,13,2602,16.108102741480913,13.158333333333333,11.816666666666666,29.29666666666667,0.4166026133743274,2026-02,avg_duration_by_zone_hour,False
114,Greenwich Village South,3,1683,11.731461675579322,9.8,9.8,22.183333333333334,0.41651812240047537,2026-02,avg_duration_by_zone_hour,False
229,Sutton Place/Turtle Bay North,0,1018,11.692206941715781,10.216666666666667,10.216666666666667,21.27166666666667,0.4165029469548134,2026-02,avg_duration_by_zone_hour,False
143,Lincoln Square West,22,1131,13.901149425287358,12.633333333333333,12.633333333333333,25.416666666666668,0.41644562334217505,2026-02,avg_duration_by_zone_hour,False
35,Brownsville,7,233,39.985193133047204,30.25,30.25,83.00666666666667,0.41630901287553645,2026-02,avg_duration_by_zone_hour,False
158,Meatpacking/West Village West,14,1057,17.944260485651213,14.866666666666667,14.866666666666667,32.809999999999995,0.4162724692526017,2026-02,avg_duration_by_zone_hour,False
48,Clinton East,9,2636,15.65825746079919,12.966666666666667,11.95,29.166666666666664,0.4161608497723824,2026-02,avg_duration_by_zone_hour,False
25,Boerum Hill,10,137,32.98905109489051,25.433333333333334,25.433333333333334,60.84,0.41605839416058393,2026-02,avg_duration_by_zone_hour,False
177,Ocean Hill,12,125,36.5328,30.883333333333333,30.883333333333333,66.44666666666667,0.416,2026-02,avg_duration_by_zone_hour,False
51,Co-Op City,9,113,51.42035398230089,45.11666666666667,45.11666666666667,93.94666666666667,0.415929203539823,2026-02,avg_duration_by_zone_hour,False
39,Canarsie,9,327,37.54480122324159,28.666666666666668,28.666666666666668,78.49000000000002,0.41590214067278286,2026-02,avg_duration_by_zone_hour,False
137,Kips Bay,14,2109,19.31876086612929,15.433333333333334,15.433333333333334,36.67,0.41583688952110004,2026-02,avg_duration_by_zone_hour,False
205,Saint Albans,5,89,44.66985018726592,39.45,39.45,83.19666666666667,0.4157303370786517,2026-02,avg_duration_by_zone_hour,False
39,Canarsie,8,356,41.33539325842697,31.275,31.275,90.275,0.4157303370786517,2026-02,avg_duration_by_zone_hour,False
50,Clinton West,20,1056,15.306518308080808,13.441666666666666,13.441666666666666,27.133333333333333,0.41571969696969696,2026-02,avg_duration_by_zone_hour,False
143,Lincoln Square West,19,2139,13.26328502415459,11.233333333333333,11.233333333333333,24.083333333333332,0.415614773258532,2026-02,avg_duration_by_zone_hour,False
22,Bensonhurst West,7,77,48.13636363636363,37.2,37.2,97.66333333333333,0.4155844155844156,2026-02,avg_duration_by_zone_hour,False
85,Erasmus,11,77,42.18917748917749,34.96666666666667,34.96666666666667,81.85666666666668,0.4155844155844156,2026-02,avg_duration_by_zone_hour,False
76,East New York,9,426,36.06032863849765,30.141666666666666,30.141666666666666,72.21666666666667,0.4154929577464789,2026-02,avg_duration_by_zone_hour,False
158,Meatpacking/West Village West,16,1230,17.9770054200542,14.816666666666666,14.816666666666666,31.341666666666676,0.41544715447154473,2026-02,avg_duration_by_zone_hour,False
247,West Concourse,6,106,26.78081761006289,21.083333333333336,21.083333333333336,52.70833333333333,0.41509433962264153,2026-02,avg_duration_by_zone_hour,False
51,Co-Op City,16,41,50.70243902439025,42.18333333333333,42.18333333333333,91.73333333333333,0.4146341463414634,2026-02,avg_duration_by_zone_hour,False
136,Kingsbridge Heights,8,82,40.64979674796748,31.28333333333333,31.28333333333333,85.34833333333336,0.4146341463414634,2026-02,avg_duration_by_zone_hour,False
165,Midwood,7,82,38.90589430894309,31.68333333333333,31.68333333333333,75.80833333333334,0.4146341463414634,2026-02,avg_duration_by_zone_hour,False
241,Van Cortlandt Village,19,41,27.23821138211382,22.116666666666667,22.116666666666667,47.65,0.4146341463414634,2026-02,avg_duration_by_zone_hour,False
257,Windsor Terrace,17,41,25.295934959349594,24.016666666666666,24.016666666666666,42.833333333333336,0.4146341463414634,2026-02,avg_duration_by_zone_hour,False
43,Central Park,4,41,17.069918699186992,12.783333333333333,12.783333333333333,29.533333333333335,0.4146341463414634,2026-02,avg_duration_by_zone_hour,False
152,Manhattanville,4,41,15.326829268292682,12.883333333333333,12.883333333333333,27.7,0.4146341463414634,2026-02,avg_duration_by_zone_hour,False
61,Crown Heights North,12,345,33.93294685990338,28.6,28.6,68.12333333333333,0.4144927536231884,2026-02,avg_duration_by_zone_hour,False
42,Central Harlem North,9,707,27.244271570014146,24.316666666666666,24.316666666666666,49.326666666666654,0.4144271570014144,2026-02,avg_duration_by_zone_hour,False
100,Garment District,14,1950,18.563589743589745,14.941666666666666,13.850000000000001,33.35,0.41435897435897434,2026-02,avg_duration_by_zone_hour,False
24,Bloomingdale,13,572,16.213228438228438,13.8,13.8,30.948333333333327,0.4143356643356643,2026-02,avg_duration_by_zone_hour,False
197,Richmond Hill,4,70,19.566904761904762,16.316666666666666,16.316666666666666,33.6,0.4142857142857143,2026-02,avg_duration_by_zone_hour,False
142,Lincoln Square East,2,169,13.037869822485208,10.983333333333333,10.983333333333333,25.540000000000003,0.41420118343195267,2026-02,avg_duration_by_zone_hour,False
48,Clinton East,15,2845,16.785694200351497,12.733333333333333,12.116666666666667,30.93999999999999,0.4140597539543058,2026-02,avg_duration_by_zone_hour,False
233,UN/Turtle Bay South,13,1829,17.745361764169857,14.95,14.95,31.193333333333342,0.41388737014762167,2026-02,avg_duration_by_zone_hour,False
233,UN/Turtle Bay South,11,1793,17.381557910392267,15.433333333333334,15.433333333333334,30.293333333333333,0.41383156720580033,2026-02,avg_duration_by_zone_hour,False
91,Flatlands,17,87,38.03773946360153,26.566666666666666,26.566666666666666,83.21333333333334,0.41379310344827586,2026-02,avg_duration_by_zone_hour,False
56,Corona,5,58,28.149425287356323,19.391666666666666,19.391666666666666,64.83333333333333,0.41379310344827586,2026-02,avg_duration_by_zone_hour,False
56,Corona,22,58,21.37844827586207,17.7,17.7,37.20666666666668,0.41379310344827586,2026-02,avg_duration_by_zone_hour,False
125,Hudson Sq,23,730,15.160821917808219,12.575,12.575,28.388333333333335,0.4136986301369863,2026-02,avg_duration_by_zone_hour,False
50,Clinton West,11,1083,16.80577100646353,14.9,14.9,28.610000000000007,0.4136657433056325,2026-02,avg_duration_by_zone_hour,False
50,Clinton West,8,1478,16.049154262516915,14.408333333333333,14.408333333333333,26.976666666666663,0.4133964817320704,2026-02,avg_duration_by_zone_hour,False
137,Kips Bay,10,1757,17.260140390817682,14.316666666666666,14.316666666666666,32.18,0.41320432555492315,2026-02,avg_duration_by_zone_hour,False
90,Flatiron,5,380,14.74627192982456,9.933333333333334,9.933333333333334,29.668333333333337,0.4131578947368421,2026-02,avg_duration_by_zone_hour,False
186,Penn Station/Madison Sq West,3,489,12.847137014314928,9.866666666666667,9.866666666666667,26.306666666666665,0.4130879345603272,2026-02,avg_duration_by_zone_hour,False
211,SoHo,22,1835,14.860363306085377,12.55,12.55,27.46,0.4130790190735695,2026-02,avg_duration_by_zone_hour,False
254,Williamsbridge/Olinville,14,46,36.890942028985506,29.258333333333333,29.258333333333333,72.41666666666666,0.41304347826086957,2026-02,avg_duration_by_zone_hour,False
135,Kew Gardens Hills,7,46,34.43514492753623,21.59166666666667,21.59166666666667,69.15833333333333,0.41304347826086957,2026-02,avg_duration_by_zone_hour,False
28,Briarwood/Jamaica Hills,13,46,30.846739130434784,21.825,21.825,55.5,0.41304347826086957,2026-02,avg_duration_by_zone_hour,False
261,World Trade Center,10,414,22.290619967793884,18.46666666666667,18.46666666666667,39.58999999999999,0.41304347826086957,2026-02,avg_duration_by_zone_hour,False
125,Hudson Sq,17,1163,18.789294926913158,14.716666666666667,14.716666666666667,33.25,0.412725709372313,2026-02,avg_duration_by_zone_hour,False
182,Parkchester,9,63,51.46904761904762,43.61666666666667,43.61666666666667,94.01666666666667,0.4126984126984127,2026-02,avg_duration_by_zone_hour,False
159,Melrose South,13,63,34.54365079365079,28.266666666666666,28.266666666666666,68.07333333333334,0.4126984126984127,2026-02,avg_duration_by_zone_hour,False
107,Gramercy,3,710,11.59023474178404,10.058333333333334,10.058333333333334,21.45666666666667,0.4126760563380282,2026-02,avg_duration_by_zone_hour,False
210,Sheepshead Bay,13,80,38.37625,26.5,26.5,85.92333333333337,0.4125,2026-02,avg_duration_by_zone_hour,False
130,Jamaica,13,131,31.511577608142492,25.766666666666666,25.766666666666666,59.43333333333333,0.4122137404580153,2026-02,avg_duration_by_zone_hour,False
43,Central Park,18,2038,12.86702649656526,10.5,9.45,24.371666666666666,0.41216879293424924,2026-02,avg_duration_by_zone_hour,False
21,Bensonhurst East,12,34,44.01421568627451,27.991666666666667,27.991666666666667,101.13166666666666,0.4117647058823529,2026-02,avg_duration_by_zone_hour,False
205,Saint Albans,20,34,41.40245098039216,39.650000000000006,39.650000000000006,74.33333333333333,0.4117647058823529,2026-02,avg_duration_by_zone_hour,False
77,East New York/Pennsylvania Avenue,12,68,39.76985294117647,30.65833333333333,30.65833333333333,75.10000000000001,0.4117647058823529,2026-02,avg_duration_by_zone_hour,False
131,Jamaica Estates,12,34,32.970098039215685,21.2,21.2,72.95666666666665,0.4117647058823529,2026-02,avg_duration_by_zone_hour,False
21,Bensonhurst East,18,34,25.060784313725488,19.008333333333333,19.008333333333333,50.968333333333334,0.4117647058823529,2026-02,avg_duration_by_zone_hour,False
247,West Concourse,0,34,16.059313725490195,12.766666666666666,12.766666666666666,29.914999999999996,0.4117647058823529,2026-02,avg_duration_by_zone_hour,False
173,North Corona,23,34,14.162745098039217,13.8,13.8,22.405,0.4117647058823529,2026-02,avg_duration_by_zone_hour,False
263,Yorkville West,2,561,10.546880570409982,9.416666666666666,9.416666666666666,19.65,0.4117647058823529,2026-02,avg_duration_by_zone_hour,False
151,Manhattan Valley,19,1534,13.677835723598434,11.55,11.55,25.84666666666667,0.41134289439374183,2026-02,avg_duration_by_zone_hour,False
236,Upper East Side North,0,584,11.75847602739726,9.066666666666666,9.066666666666666,21.885,0.410958904109589,2026-02,avg_duration_by_zone_hour,False
121,Hillcrest/Pomonok,15,56,41.763392857142854,34.8,34.8,77.59166666666667,0.4107142857142857,2026-02,avg_duration_by_zone_hour,False
264,Unknown,10,168,16.866865079365077,12.8,12.8,30.621666666666677,0.4107142857142857,2026-02,avg_duration_by_zone_hour,False
222,Starrett City,7,95,52.111228070175436,40.8,40.8,105.31333333333333,0.4105263157894737,2026-02,avg_duration_by_zone_hour,False
4,Alphabet City,22,809,15.529480840543881,13.733333333333333,13.733333333333333,26.42,0.4103831891223733,2026-02,avg_duration_by_zone_hour,False
74,East Harlem North,8,1021,22.399510284035262,19.583333333333332,19.583333333333332,39.3,0.4103819784524976,2026-02,avg_duration_by_zone_hour,False
242,Van Nest/Morris Park,7,39,35.601282051282055,30.066666666666666,30.066666666666666,64.17333333333333,0.41025641025641024,2026-02,avg_duration_by_zone_hour,False
126,Hunts Point,12,39,32.555128205128206,28.983333333333334,28.983333333333334,59.86666666666667,0.41025641025641024,2026-02,avg_duration_by_zone_hour,False
248,West Farms/Bronx River,14,39,28.887179487179484,18.016666666666666,18.016666666666666,63.52666666666667,0.41025641025641024,2026-02,avg_duration_by_zone_hour,False
212,Soundview/Bruckner,18,39,25.075641025641026,19.366666666666667,19.366666666666667,46.45,0.41025641025641024,2026-02,avg_duration_by_zone_hour,False
18,Bedford Park,20,39,25.030341880341883,18.85,18.85,53.18,0.41025641025641024,2026-02,avg_duration_by_zone_hour,False
158,Meatpacking/West Village West,11,741,18.322244714349978,15.566666666666666,15.566666666666666,34.3,0.41025641025641024,2026-02,avg_duration_by_zone_hour,False
83,Elmhurst/Maspeth,3,39,13.885897435897435,12.55,12.55,24.080000000000002,0.41025641025641024,2026-02,avg_duration_by_zone_hour,False
43,Central Park,19,1868,12.590221270521056,10.391666666666666,9.533333333333333,23.96833333333333,0.4100642398286938,2026-02,avg_duration_by_zone_hour,False
43,Central Park,10,1837,13.072836145890038,10.55,10.45,25.263333333333335,0.40990745781164944,2026-02,avg_duration_by_zone_hour,False
35,Brownsville,16,122,34.36161202185792,23.78333333333333,23.78333333333333,71.48333333333333,0.4098360655737705,2026-02,avg_duration_by_zone_hour,False
76,East New York,6,371,43.830637915543576,36.05,36.05,87.28333333333333,0.40970350404312667,2026-02,avg_duration_by_zone_hour,False
216,South Ozone Park,14,83,32.13152610441767,26.4,26.4,65.52999999999999,0.40963855421686746,2026-02,avg_duration_by_zone_hour,False
100,Garment District,5,984,9.376134823848238,7.25,7.25,18.095000000000002,0.4095528455284553,2026-02,avg_duration_by_zone_hour,False
228,Sunset Park West,14,105,43.035873015873015,35.03333333333333,35.03333333333333,73.43666666666667,0.4095238095238095,2026-02,avg_duration_by_zone_hour,False
216,South Ozone Park,7,193,31.02789291882556,22.816666666666666,22.816666666666666,70.85666666666667,0.40932642487046633,2026-02,avg_duration_by_zone_hour,False
140,Lenox Hill East,6,963,11.943181031498789,10.783333333333333,10.783333333333333,19.983333333333334,0.4091381100726895,2026-02,avg_duration_by_zone_hour,False
18,Bedford Park,9,44,49.04431818181818,43.19166666666666,43.19166666666666,91.26166666666666,0.4090909090909091,2026-02,avg_duration_by_zone_hour,False
51,Co-Op City,17,44,48.510984848484846,36.791666666666664,36.791666666666664,88.99666666666667,0.4090909090909091,2026-02,avg_duration_by_zone_hour,False
169,Mount Hope,15,44,43.85568181818182,28.583333333333332,28.583333333333332,88.31000000000002,0.4090909090909091,2026-02,avg_duration_by_zone_hour,False
95,Forest Hills,9,88,38.762499999999996,31.40833333333333,31.40833333333333,79.26166666666666,0.4090909090909091,2026-02,avg_duration_by_zone_hour,False
65,Downtown Brooklyn/MetroTech,4,44,20.670454545454547,16.775,16.775,32.425000000000004,0.4090909090909091,2026-02,avg_duration_by_zone_hour,False
83,Elmhurst/Maspeth,16,44,20.25,17.325,17.325,36.17666666666667,0.4090909090909091,2026-02,avg_duration_by_zone_hour,False
90,Flatiron,14,2364,16.655590806542584,12.7,12.7,32.36666666666667,0.4090524534686971,2026-02,avg_duration_by_zone_hour,False
33,Brooklyn Heights,16,269,37.55594795539033,24.616666666666667,24.616666666666667,83.5266666666667,0.40892193308550184,2026-02,avg_duration_by_zone_hour,False
163,Midtown North,3,203,14.016666666666666,11.45,11.45,27.70666666666667,0.4088669950738916,2026-02,avg_duration_by_zone_hour,False
230,Times Sq/Theatre District,2,800,13.776916666666667,11.908333333333333,11.908333333333333,25.23333333333334,0.40875,2026-02,avg_duration_by_zone_hour,False
141,Lenox Hill West,0,1077,11.32352212937171,10.383333333333333,10.383333333333333,20.716666666666665,0.4085422469823584,2026-02,avg_duration_by_zone_hour,False
261,World Trade Center,7,164,20.35731707317073,16.40833333333333,16.40833333333333,35.905,0.40853658536585363,2026-02,avg_duration_by_zone_hour,False
238,Upper West Side North,23,984,13.863482384823847,11.675,11.675,26.683333333333334,0.40853658536585363,2026-02,avg_duration_by_zone_hour,False
197,Richmond Hill,14,71,29.354460093896712,22.916666666666668,22.916666666666668,61.2,0.4084507042253521,2026-02,avg_duration_by_zone_hour,False
166,Morningside Heights,7,830,18.610220883534137,16.40833333333333,16.40833333333333,32.0,0.40843373493975904,2026-02,avg_duration_by_zone_hour,False
264,Unknown,23,120,16.31152777777778,15.183333333333334,15.183333333333334,28.09000000000001,0.4083333333333333,2026-02,avg_duration_by_zone_hour,False
50,Clinton West,9,1362,16.839916789035733,15.041666666666668,15.041666666666668,28.661666666666672,0.40822320117474303,2026-02,avg_duration_by_zone_hour,False
263,Yorkville West,23,1972,12.54920554428668,11.175,11.175,23.163333333333338,0.40821501014198786,2026-02,avg_duration_by_zone_hour,False
246,West Chelsea/Hudson Yards,2,855,12.197621832358674,10.45,10.45,21.79000000000001,0.408187134502924,2026-02,avg_duration_by_zone_hour,False
166,Morningside Heights,14,1198,19.686463550361715,16.65833333333333,16.65833333333333,35.126666666666665,0.4081803005008347,2026-02,avg_duration_by_zone_hour,False
22,Bensonhurst West,14,49,41.21224489795919,29.966666666666665,29.966666666666665,77.03666666666666,0.40816326530612246,2026-02,avg_duration_by_zone_hour,False
217,South Williamsburg,16,49,29.22244897959184,23.466666666666665,23.466666666666665,48.77,0.40816326530612246,2026-02,avg_duration_by_zone_hour,False
237,Upper East Side South,6,988,10.458906882591092,7.833333333333333,7.833333333333333,20.388333333333335,0.40789473684210525,2026-02,avg_duration_by_zone_hour,False
91,Flatlands,8,255,40.861568627450986,29.766666666666666,29.766666666666666,86.36999999999999,0.40784313725490196,2026-02,avg_duration_by_zone_hour,False
76,East New York,7,434,42.194470046082955,34.63333333333333,34.63333333333333,86.50333333333332,0.4078341013824885,2026-02,avg_duration_by_zone_hour,False
117,Hammels/Arverne,7,103,58.08559870550162,57.05,57.05,109.12,0.4077669902912621,2026-02,avg_duration_by_zone_hour,False
113,Greenwich Village North,13,2127,16.52080394922426,13.033333333333333,13.033333333333333,32.18,0.4076163610719323,2026-02,avg_duration_by_zone_hour,False
239,Upper West Side South,0,1158,12.736240644789868,11.183333333333334,11.183333333333334,23.556666666666658,0.4075993091537133,2026-02,avg_duration_by_zone_hour,False
233,UN/Turtle Bay South,22,1450,13.135252873563218,11.683333333333334,11.683333333333334,22.92500000000001,0.40758620689655173,2026-02,avg_duration_by_zone_hour,False
166,Morningside Heights,12,1190,18.956638655462186,16.683333333333334,16.683333333333334,34.885000000000026,0.40756302521008403,2026-02,avg_duration_by_zone_hour,False
143,Lincoln Square West,23,692,13.996026011560694,12.408333333333333,12.408333333333333,24.78,0.407514450867052,2026-02,avg_duration_by_zone_hour,False
50,Clinton West,21,989,15.16108864172565,13.716666666666667,13.716666666666667,25.493333333333336,0.4074823053589484,2026-02,avg_duration_by_zone_hour,False
262,Yorkville East,16,2788,14.4483381157341,11.6,11.2,26.960000000000004,0.40746054519368724,2026-02,avg_duration_by_zone_hour,False
205,Saint Albans,9,81,42.751440329218106,38.6,38.6,80.25,0.4074074074074074,2026-02,avg_duration_by_zone_hour,False
166,Morningside Heights,21,1414,16.684347006129187,14.583333333333334,14.583333333333334,30.823333333333334,0.4073550212164074,2026-02,avg_duration_by_zone_hour,False
114,Greenwich Village South,10,663,15.414303670186023,13.133333333333333,13.133333333333333,30.00666666666668,0.4072398190045249,2026-02,avg_duration_by_zone_hour,False
18,Bedford Park,8,86,41.403294573643414,32.36666666666667,32.36666666666667,83.91666666666667,0.4069767441860465,2026-02,avg_duration_by_zone_hour,False
100,Garment District,0,1116,14.470504778972522,12.966666666666665,12.966666666666665,25.758333333333333,0.4068100358422939,2026-02,avg_duration_by_zone_hour,False
182,Parkchester,10,59,43.69237288135593,40.7,40.7,77.2,0.4067796610169492,2026-02,avg_duration_by_zone_hour,False
77,East New York/Pennsylvania Avenue,13,59,36.75932203389831,31.433333333333334,31.433333333333334,63.45333333333335,0.4067796610169492,2026-02,avg_duration_by_zone_hour,False
134,Kew Gardens,8,59,32.648587570621466,25.433333333333334,25.433333333333334,70.55666666666667,0.4067796610169492,2026-02,avg_duration_by_zone_hour,False
209,Seaport,10,177,22.87015065913371,18.216666666666665,18.216666666666665,45.64666666666668,0.4067796610169492,2026-02,avg_duration_by_zone_hour,False
177,Ocean Hill,23,59,20.98728813559322,16.616666666666667,16.616666666666667,38.67666666666667,0.4067796610169492,2026-02,avg_duration_by_zone_hour,False
164,Midtown South,7,1008,12.075694444444444,9.175,9.175,23.99833333333335,0.40674603174603174,2026-02,avg_duration_by_zone_hour,False
213,Soundview/Castle Hill,8,150,38.491888888888894,32.16666666666667,32.16666666666667,71.70333333333329,0.4066666666666667,2026-02,avg_duration_by_zone_hour,False
229,Sutton Place/Turtle Bay North,13,2873,16.84437289708783,15.083333333333334,13.1,29.84666666666667,0.4065436825617821,2026-02,avg_duration_by_zone_hour,False
42,Central Harlem North,13,620,25.219731182795698,21.55,21.55,44.51833333333334,0.4064516129032258,2026-02,avg_duration_by_zone_hour,False
55,Coney Island,9,128,52.678515625,45.80833333333334,45.80833333333334,102.25166666666667,0.40625,2026-02,avg_duration_by_zone_hour,False
21,Bensonhurst East,8,64,41.09192708333333,36.28333333333333,36.28333333333333,79.15166666666667,0.40625,2026-02,avg_duration_by_zone_hour,False
77,East New York/Pennsylvania Avenue,14,64,38.93151041666667,29.85,29.85,79.20833333333333,0.40625,2026-02,avg_duration_by_zone_hour,False
62,Crown Heights South,6,96,35.996006944444446,30.016666666666666,30.016666666666666,61.391666666666666,0.40625,2026-02,avg_duration_by_zone_hour,False
130,Jamaica,6,128,35.120182291666666,27.75,27.75,69.01166666666667,0.40625,2026-02,avg_duration_by_zone_hour,False
242,Van Nest/Morris Park,5,32,26.406770833333333,20.941666666666666,20.941666666666666,51.07666666666667,0.40625,2026-02,avg_duration_by_zone_hour,False
131,Jamaica Estates,18,32,24.225520833333334,21.65833333333333,21.65833333333333,41.83333333333334,0.40625,2026-02,avg_duration_by_zone_hour,False
22,Bensonhurst West,19,32,24.066145833333334,16.083333333333336,16.083333333333336,45.18666666666669,0.40625,2026-02,avg_duration_by_zone_hour,False
83,Elmhurst/Maspeth,11,32,19.425,15.316666666666666,15.316666666666666,36.040000000000006,0.40625,2026-02,avg_duration_by_zone_hour,False
71,East Flatbush/Farragut,11,101,38.698349834983496,30.033333333333335,30.033333333333335,83.78333333333333,0.40594059405940597,2026-02,avg_duration_by_zone_hour,False
90,Flatiron,13,2190,16.645228310502283,12.891666666666666,12.666666666666666,32.12666666666668,0.40593607305936075,2026-02,avg_duration_by_zone_hour,False
68,East Chelsea,6,818,14.028871230643848,11.091666666666667,11.091666666666667,26.51,0.4058679706601467,2026-02,avg_duration_by_zone_hour,False
215,South Jamaica,7,138,43.41920289855073,33.55,33.55,90.235,0.4057971014492754,2026-02,avg_duration_by_zone_hour,False
26,Borough Park,7,69,35.619565217391305,23.85,23.85,79.24000000000001,0.4057971014492754,2026-02,avg_duration_by_zone_hour,False
264,Unknown,13,244,18.8099043715847,13.883333333333333,13.883333333333333,41.60666666666667,0.4057377049180328,2026-02,avg_duration_by_zone_hour,False
262,Yorkville East,14,2603,14.169106159559483,11.933333333333334,11.933333333333334,25.426666666666673,0.4056857472147522,2026-02,avg_duration_by_zone_hour,False
29,Brighton Beach,7,37,52.160810810810815,48.266666666666666,48.266666666666666,101.21999999999998,0.40540540540540543,2026-02,avg_duration_by_zone_hour,False
247,West Concourse,7,111,34.07492492492492,26.133333333333333,26.133333333333333,71.43333333333334,0.40540540540540543,2026-02,avg_duration_by_zone_hour,False
17,Bedford,13,222,32.950825825825824,26.541666666666664,26.541666666666664,62.675000000000004,0.40540540540540543,2026-02,avg_duration_by_zone_hour,False
241,Van Cortlandt Village,22,37,30.00225225225225,28.933333333333334,28.933333333333334,56.52333333333332,0.40540540540540543,2026-02,avg_duration_by_zone_hour,False
264,Unknown,9,158,19.60886075949367,14.016666666666666,14.016666666666666,44.87833333333334,0.4050632911392405,2026-02,avg_duration_by_zone_hour,False
125,Hudson Sq,5,79,15.737974683544303,11.2,11.2,29.263333333333335,0.4050632911392405,2026-02,avg_duration_by_zone_hour,False
42,Central Harlem North,20,558,19.91042413381123,17.758333333333333,17.758333333333333,34.09166666666667,0.4050179211469534,2026-02,avg_duration_by_zone_hour,False
141,Lenox Hill West,12,4191,14.265429889445636,11.883333333333333,11.816666666666666,26.433333333333334,0.4049152946790742,2026-02,avg_duration_by_zone_hour,False
71,East Flatbush/Farragut,10,163,35.673108384458075,27.85,27.85,72.47333333333333,0.4049079754601227,2026-02,avg_duration_by_zone_hour,False
113,Greenwich Village North,14,2196,16.623345476624166,12.825,12.441666666666666,32.608333333333334,0.4048269581056466,2026-02,avg_duration_by_zone_hour,False
174,Norwood,14,42,55.1702380952381,44.45,44.45,106.03166666666667,0.40476190476190477,2026-02,avg_duration_by_zone_hour,False
47,Claremont/Bathgate,8,84,43.18968253968254,28.766666666666666,28.766666666666666,89.94500000000002,0.40476190476190477,2026-02,avg_duration_by_zone_hour,False
14,Bay Ridge,9,84,42.37936507936508,34.45,34.45,80.48166666666667,0.40476190476190477,2026-02,avg_duration_by_zone_hour,False
83,Elmhurst/Maspeth,15,42,23.53293650793651,18.458333333333336,18.458333333333336,44.98166666666666,0.40476190476190477,2026-02,avg_duration_by_zone_hour,False
233,UN/Turtle Bay South,14,1851,18.800486223662883,15.7,15.7,33.666666666666664,0.40464613722312265,2026-02,avg_duration_by_zone_hour,False
43,Central Park,20,1687,13.066449318316538,10.416666666666666,10.416666666666666,24.323333333333334,0.4042679312388856,2026-02,avg_duration_by_zone_hour,False
173,North Corona,21,47,16.378368794326242,12.95,12.95,30.35666666666666,0.40425531914893614,2026-02,avg_duration_by_zone_hour,False
234,Union Sq,1,1769,12.946335029206708,11.45,11.45,22.880000000000003,0.4041831543244771,2026-02,avg_duration_by_zone_hour,False
264,Unknown,8,151,23.376269315673287,17.933333333333334,17.933333333333334,51.55,0.40397350993377484,2026-02,avg_duration_by_zone_hour,False
229,Sutton Place/Turtle Bay North,10,2686,16.34222511789526,14.941666666666666,13.133333333333333,28.84166666666667,0.4039463886820551,2026-02,avg_duration_by_zone_hour,False
229,Sutton Place/Turtle Bay North,16,2372,15.880663293985386,13.175,11.783333333333333,28.530000000000005,0.40387858347386174,2026-02,avg_duration_by_zone_hour,False
60,Crotona Park East,8,52,35.58301282051282,31.983333333333334,31.983333333333334,64.05,0.40384615384615385,2026-02,avg_duration_by_zone_hour,False
227,Sunset Park East,17,52,31.308974358974357,21.641666666666666,21.641666666666666,65.50166666666665,0.40384615384615385,2026-02,avg_duration_by_zone_hour,False
72,East Flatbush/Remsen Village,22,52,26.806410256410256,22.075,22.075,50.68333333333334,0.40384615384615385,2026-02,avg_duration_by_zone_hour,False
100,Garment District,13,1754,18.699477385024704,15.516666666666667,15.516666666666667,33.30666666666667,0.40364880273660203,2026-02,avg_duration_by_zone_hour,False
170,Murray Hill,6,1157,10.777484874675885,8.583333333333334,8.583333333333334,18.873333333333335,0.40363007778738114,2026-02,avg_duration_by_zone_hour,False
24,Bloomingdale,3,57,16.535672514619883,14.0,14.0,32.97333333333333,0.40350877192982454,2026-02,avg_duration_by_zone_hour,False
100,Garment District,16,2367,19.13645965356992,14.333333333333334,12.033333333333333,35.69000000000002,0.40346430080270385,2026-02,avg_duration_by_zone_hour,False
188,Prospect-Lefferts Gardens,9,300,34.21688888888889,28.674999999999997,28.674999999999997,63.346666666666685,0.4033333333333333,2026-02,avg_duration_by_zone_hour,False
151,Manhattan Valley,17,1877,14.01561001598295,11.366666666666667,11.366666666666667,26.823333333333345,0.40330314331379863,2026-02,avg_duration_by_zone_hour,False
113,Greenwich Village North,9,1627,14.708164310592093,12.35,12.35,28.463333333333335,0.4031960663798402,2026-02,avg_duration_by_zone_hour,False
125,Hudson Sq,9,568,15.878961267605634,12.825,12.825,31.723333333333336,0.40316901408450706,2026-02,avg_duration_by_zone_hour,False
146,Long Island City/Queens Plaza,16,191,25.62260034904014,20.783333333333335,20.783333333333335,48.666666666666664,0.4031413612565445,2026-02,avg_duration_by_zone_hour,False
166,Morningside Heights,2,129,13.199354005167958,10.9,10.9,23.12666666666667,0.40310077519379844,2026-02,avg_duration_by_zone_hour,False
151,Manhattan Valley,13,1821,14.55342302764049,12.216666666666667,12.216666666666667,27.516666666666666,0.4030752333882482,2026-02,avg_duration_by_zone_hour,False
10,Baisley Park,10,67,43.70696517412936,40.166666666666664,40.166666666666664,76.43666666666667,0.40298507462686567,2026-02,avg_duration_by_zone_hour,False
212,Soundview/Bruckner,9,67,35.77935323383085,30.083333333333332,30.083333333333332,68.54333333333332,0.40298507462686567,2026-02,avg_duration_by_zone_hour,False
107,Gramercy,11,2644,16.57569969742814,13.833333333333334,13.833333333333334,30.64166666666669,0.4027987897125567,2026-02,avg_duration_by_zone_hour,False
165,Midwood,15,72,39.420833333333334,34.375,34.375,70.22166666666666,0.4027777777777778,2026-02,avg_duration_by_zone_hour,False
63,Cypress Hills,18,72,29.897453703703704,25.78333333333333,25.78333333333333,49.5,0.4027777777777778,2026-02,avg_duration_by_zone_hour,False
186,Penn Station/Madison Sq West,2,678,13.164823008849558,11.45,11.45,24.110000000000003,0.4026548672566372,2026-02,avg_duration_by_zone_hour,False
159,Melrose South,11,77,38.537445887445884,32.11666666666667,32.11666666666667,77.0466666666667,0.4025974025974026,2026-02,avg_duration_by_zone_hour,False
41,Central Harlem,10,626,20.31650692225772,17.558333333333334,17.558333333333334,38.54166666666667,0.402555910543131,2026-02,avg_duration_by_zone_hour,False
164,Midtown South,6,554,11.635198555956679,8.825,8.825,22.118333333333332,0.40252707581227437,2026-02,avg_duration_by_zone_hour,False
130,Jamaica,7,164,41.8094512195122,33.86666666666667,33.86666666666667,83.8266666666667,0.4024390243902439,2026-02,avg_duration_by_zone_hour,False
114,Greenwich Village South,15,1596,17.519611528822054,14.325,14.325,32.59166666666667,0.40225563909774437,2026-02,avg_duration_by_zone_hour,False
216,South Ozone Park,10,97,33.64106529209622,25.666666666666668,25.666666666666668,70.09,0.4020618556701031,2026-02,avg_duration_by_zone_hour,False
74,East Harlem North,20,627,17.70279106858054,15.216666666666667,15.216666666666667,33.22999999999999,0.4019138755980861,2026-02,avg_duration_by_zone_hour,False
234,Union Sq,9,2319,14.191052177662787,11.666666666666666,11.133333333333333,27.43000000000002,0.40189736955584304,2026-02,avg_duration_by_zone_hour,False
35,Brownsville,19,107,31.487850467289718,24.633333333333333,24.633333333333333,54.52666666666667,0.40186915887850466,2026-02,avg_duration_by_zone_hour,False
107,Gramercy,4,535,11.70404984423676,9.0,9.0,22.140000000000004,0.40186915887850466,2026-02,avg_duration_by_zone_hour,False
249,West Village,4,901,13.85643729189789,11.5,11.5,25.683333333333334,0.4017758046614872,2026-02,avg_duration_by_zone_hour,False
71,East Flatbush/Farragut,13,122,32.80122950819672,25.525,25.525,66.99000000000002,0.4016393442622951,2026-02,avg_duration_by_zone_hour,False
50,Clinton West,19,1455,15.27143184421535,13.766666666666667,13.766666666666667,27.146666666666675,0.4013745704467354,2026-02,avg_duration_by_zone_hour,False
130,Jamaica,14,147,37.366893424036284,28.316666666666666,28.316666666666666,74.72333333333333,0.4013605442176871,2026-02,avg_duration_by_zone_hour,False
130,Jamaica,15,172,37.13294573643411,27.058333333333334,27.058333333333334,76.39333333333335,0.4011627906976744,2026-02,avg_duration_by_zone_hour,False
79,East Village,4,2045,12.463113284433577,10.716666666666667,10.716666666666667,22.570000000000004,0.40097799511002447,2026-02,avg_duration_by_zone_hour,False
90,Flatiron,9,1948,13.847356262833676,10.683333333333334,9.133333333333333,27.388333333333332,0.4009240246406571,2026-02,avg_duration_by_zone_hour,False
137,Kips Bay,16,2794,20.25820209973753,14.725,14.725,38.73333333333338,0.4008589835361489,2026-02,avg_duration_by_zone_hour,False
24,Bloomingdale,18,741,16.49869545659019,14.433333333333334,14.433333333333334,29.516666666666666,0.4008097165991903,2026-02,avg_duration_by_zone_hour,False
229,Sutton Place/Turtle Bay North,11,2716,16.791617574864997,15.283333333333333,12.958333333333334,29.475,0.4005891016200295,2026-02,avg_duration_by_zone_hour,False
48,Clinton East,8,2715,14.777249846531614,12.0,11.358333333333334,26.75,0.4003683241252302,2026-02,avg_duration_by_zone_hour,False
100,Garment District,1,792,14.625925925925927,12.916666666666666,12.916666666666666,26.369999999999997,0.40025252525252525,2026-02,avg_duration_by_zone_hour,False
50,Clinton West,23,867,14.76705113417916,13.55,13.55,25.613333333333333,0.4002306805074971,2026-02,avg_duration_by_zone_hour,False
139,Laurelton,9,40,55.714999999999996,49.13333333333333,49.13333333333333,94.03,0.4,2026-02,avg_duration_by_zone_hour,False
205,Saint Albans,12,40,54.73375,51.99166666666666,51.99166666666666,97.31166666666668,0.4,2026-02,avg_duration_by_zone_hour,False
200,Riverdale/North Riverdale/Fieldston,11,30,47.071111111111115,40.49166666666667,40.49166666666667,76.79833333333335,0.4,2026-02,avg_duration_by_zone_hour,False
242,Van Nest/Morris Park,11,45,45.88777777777777,41.35,41.35,86.69666666666667,0.4,2026-02,avg_duration_by_zone_hour,False
185,Pelham Parkway,6,70,45.26404761904762,33.96666666666667,33.96666666666667,87.78333333333335,0.4,2026-02,avg_duration_by_zone_hour,False
3,Allerton/Pelham Gardens,8,40,42.62583333333333,33.18333333333334,33.18333333333334,92.48833333333333,0.4,2026-02,avg_duration_by_zone_hour,False
218,Springfield Gardens North,13,65,41.933076923076925,38.43333333333333,38.43333333333333,67.41333333333334,0.4,2026-02,avg_duration_by_zone_hour,False
155,Marine Park/Mill Basin,8,70,41.82690476190476,28.258333333333333,28.258333333333333,84.70833333333333,0.4,2026-02,avg_duration_by_zone_hour,False
215,South Jamaica,12,75,41.59133333333333,34.833333333333336,34.833333333333336,82.64000000000003,0.4,2026-02,avg_duration_by_zone_hour,False
26,Borough Park,11,70,40.48119047619048,33.9,33.9,75.29,0.4,2026-02,avg_duration_by_zone_hour,False
191,Queens Village,12,30,39.202777777777776,34.575,34.575,72.60666666666667,0.4,2026-02,avg_duration_by_zone_hour,False
121,Hillcrest/Pomonok,17,65,38.988461538461536,31.3,31.3,72.33666666666667,0.4,2026-02,avg_duration_by_zone_hour,False
205,Saint Albans,18,50,36.052,31.758333333333333,31.758333333333333,71.88,0.4,2026-02,avg_duration_by_zone_hour,False
178,Ocean Parkway South,8,35,34.96904761904762,29.716666666666665,29.716666666666665,67.25,0.4,2026-02,avg_duration_by_zone_hour,False
61,Crown Heights North,16,265,34.958301886792455,27.2,27.2,69.31666666666665,0.4,2026-02,avg_duration_by_zone_hour,False
147,Longwood,7,65,34.38794871794872,28.333333333333332,28.333333333333332,62.536666666666676,0.4,2026-02,avg_duration_by_zone_hour,False
78,East Tremont,22,30,34.095,20.549999999999997,20.549999999999997,78.86833333333335,0.4,2026-02,avg_duration_by_zone_hour,False
169,Mount Hope,12,40,34.02583333333333,27.85,27.85,59.848333333333336,0.4,2026-02,avg_duration_by_zone_hour,False
177,Ocean Hill,11,140,33.019285714285715,28.041666666666664,28.041666666666664,57.788333333333334,0.4,2026-02,avg_duration_by_zone_hour,False
78,East Tremont,18,45,32.56703703703704,23.2,23.2,64.92333333333335,0.4,2026-02,avg_duration_by_zone_hour,False
21,Bensonhurst East,15,30,31.894444444444446,20.991666666666667,20.991666666666667,63.73500000000005,0.4,2026-02,avg_duration_by_zone_hour,False
169,Mount Hope,18,40,31.77125,22.741666666666667,22.741666666666667,65.51666666666668,0.4,2026-02,avg_duration_by_zone_hour,False
102,Glendale,15,30,31.15666666666667,23.683333333333334,23.683333333333334,56.65333333333334,0.4,2026-02,avg_duration_by_zone_hour,False
93,Flushing Meadows-Corona Park,18,30,30.690555555555555,25.191666666666666,25.191666666666666,47.818333333333335,0.4,2026-02,avg_duration_by_zone_hour,False
102,Glendale,8,50,29.787666666666663,22.141666666666666,22.141666666666666,56.72666666666667,0.4,2026-02,avg_duration_by_zone_hour,False
191,Queens Village,23,50,29.508666666666667,23.083333333333332,23.083333333333332,62.56333333333333,0.4,2026-02,avg_duration_by_zone_hour,False
219,Springfield Gardens South,21,30,28.42,27.008333333333333,27.008333333333333,43.97666666666668,0.4,2026-02,avg_duration_by_zone_hour,False
257,Windsor Terrace,18,60,27.51888888888889,25.1,25.1,44.56333333333334,0.4,2026-02,avg_duration_by_zone_hour,False
167,Morrisania/Melrose,4,30,27.120555555555555,23.4,23.4,44.955,0.4,2026-02,avg_duration_by_zone_hour,False
217,South Williamsburg,18,60,27.113888888888887,23.258333333333333,23.258333333333333,47.85333333333333,0.4,2026-02,avg_duration_by_zone_hour,False
131,Jamaica Estates,15,35,27.02190476190476,20.733333333333334,20.733333333333334,51.47000000000003,0.4,2026-02,avg_duration_by_zone_hour,False
56,Corona,19,60,26.605277777777776,20.258333333333333,20.258333333333333,45.33500000000001,0.4,2026-02,avg_duration_by_zone_hour,False
35,Brownsville,23,60,26.501666666666665,22.85,22.85,50.53666666666667,0.4,2026-02,avg_duration_by_zone_hour,False
197,Richmond Hill,13,80,25.5575,19.766666666666666,19.766666666666666,53.026666666666706,0.4,2026-02,avg_duration_by_zone_hour,False
157,Maspeth,13,35,23.113809523809525,19.45,19.45,46.320000000000014,0.4,2026-02,avg_duration_by_zone_hour,False
83,Elmhurst/Maspeth,19,65,21.29,19.416666666666668,19.416666666666668,35.43666666666667,0.4,2026-02,avg_duration_by_zone_hour,False
223,Steinway,3,35,17.83809523809524,16.583333333333332,16.583333333333332,30.586666666666666,0.4,2026-02,avg_duration_by_zone_hour,False
144,Little Italy/NoLiTa,9,495,17.463670033670034,15.316666666666666,15.316666666666666,31.043333333333337,0.4,2026-02,avg_duration_by_zone_hour,False
56,Corona,21,45,17.422592592592594,13.116666666666667,13.116666666666667,29.086666666666673,0.4,2026-02,avg_duration_by_zone_hour,False
24,Bloomingdale,9,665,17.031879699248123,14.633333333333333,14.633333333333333,33.480000000000004,0.4,2026-02,avg_duration_by_zone_hour,False
264,Unknown,22,130,15.867435897435898,12.899999999999999,12.899999999999999,31.491666666666667,0.4,2026-02,avg_duration_by_zone_hour,False
151,Manhattan Valley,2,90,10.44648148148148,8.858333333333334,8.858333333333334,19.895000000000007,0.4,2026-02,avg_duration_by_zone_hour,False
142,Lincoln Square East,0,1418,13.133685942642218,11.425,11.425,23.676666666666666,0.3998589562764457,2026-02,avg_duration_by_zone_hour,False
68,East Chelsea,10,3160,19.106339662447258,16.516666666666666,16.516666666666666,36.236666666666665,0.3996835443037975,2026-02,avg_duration_by_zone_hour,False
239,Upper West Side South,2,253,11.636495388669301,9.966666666666667,9.966666666666667,22.196666666666665,0.39920948616600793,2026-02,avg_duration_by_zone_hour,False
144,Little Italy/NoLiTa,4,749,12.07750333778371,10.133333333333333,10.133333333333333,21.450000000000003,0.3991989319092123,2026-02,avg_duration_by_zone_hour,False
107,Gramercy,1,1448,12.009277163904237,10.808333333333334,10.808333333333334,20.638333333333332,0.39917127071823205,2026-02,avg_duration_by_zone_hour,False
113,Greenwich Village North,10,1566,16.02130693912303,12.725,12.725,32.641666666666666,0.3991060025542784,2026-02,avg_duration_by_zone_hour,False
137,Kips Bay,23,1760,13.314876893939395,11.716666666666667,11.716666666666667,22.75,0.39886363636363636,2026-02,avg_duration_by_zone_hour,False
43,Central Park,8,1309,14.155882352941175,11.75,11.75,25.973333333333333,0.39877769289533993,2026-02,avg_duration_by_zone_hour,False
234,Union Sq,4,449,13.019710467706014,10.933333333333334,10.933333333333334,25.903333333333332,0.3986636971046771,2026-02,avg_duration_by_zone_hour,False
234,Union Sq,5,296,13.724493243243243,10.041666666666668,10.041666666666668,25.933333333333334,0.39864864864864863,2026-02,avg_duration_by_zone_hour,False
151,Manhattan Valley,14,1739,15.473174238067854,12.516666666666667,12.516666666666667,29.21,0.39850488786659,2026-02,avg_duration_by_zone_hour,False
68,East Chelsea,2,926,13.685313174946005,12.1,12.1,23.833333333333336,0.398488120950324,2026-02,avg_duration_by_zone_hour,False
100,Garment District,22,2220,15.81105105105105,14.616666666666667,13.6,26.845000000000013,0.3981981981981982,2026-02,avg_duration_by_zone_hour,False
166,Morningside Heights,16,1625,18.42926153846154,15.266666666666667,15.266666666666667,33.49333333333334,0.39815384615384614,2026-02,avg_duration_by_zone_hour,False
186,Penn Station/Madison Sq West,4,455,12.086776556776558,9.116666666666667,9.116666666666667,24.22666666666667,0.3978021978021978,2026-02,avg_duration_by_zone_hour,False
55,Coney Island,8,166,56.891967871485946,47.625,47.625,114.04166666666666,0.39759036144578314,2026-02,avg_duration_by_zone_hour,False
237,Upper East Side South,5,317,12.85273396424816,9.133333333333333,9.133333333333333,26.44333333333335,0.39747634069400634,2026-02,avg_duration_by_zone_hour,False
254,Williamsbridge/Olinville,9,78,40.52564102564103,34.40833333333333,34.40833333333333,77.62666666666665,0.3974358974358974,2026-02,avg_duration_by_zone_hour,False
166,Morningside Heights,11,999,19.021654988321657,16.483333333333334,16.483333333333334,34.96333333333334,0.3973973973973974,2026-02,avg_duration_by_zone_hour,False
263,Yorkville West,14,3486,13.60576592082616,10.833333333333334,10.033333333333333,26.2,0.3973034997131383,2026-02,avg_duration_by_zone_hour,False
18,Bedford Park,6,73,39.935388127853884,35.53333333333333,35.53333333333333,74.34333333333333,0.3972602739726027,2026-02,avg_duration_by_zone_hour,False
159,Melrose South,12,73,35.042694063926945,27.016666666666666,27.016666666666666,64.32333333333334,0.3972602739726027,2026-02,avg_duration_by_zone_hour,False
123,Homecrest,15,73,33.65662100456621,27.983333333333334,27.983333333333334,57.94333333333333,0.3972602739726027,2026-02,avg_duration_by_zone_hour,False
60,Crotona Park East,6,68,41.384313725490195,34.724999999999994,34.724999999999994,77.63666666666667,0.39705882352941174,2026-02,avg_duration_by_zone_hour,False
85,Erasmus,12,68,36.363480392156866,28.725,28.725,67.06500000000001,0.39705882352941174,2026-02,avg_duration_by_zone_hour,False
122,Hollis,6,68,34.453186274509804,25.2,25.2,72.2816666666667,0.39705882352941174,2026-02,avg_duration_by_zone_hour,False
163,Midtown North,9,2350,15.13545390070922,12.516666666666667,12.1,28.384999999999998,0.39702127659574465,2026-02,avg_duration_by_zone_hour,False
100,Garment District,19,2592,15.580234053497943,13.25,12.116666666666667,27.078333333333337,0.39699074074074076,2026-02,avg_duration_by_zone_hour,False
117,Hammels/Arverne,11,63,60.9973544973545,60.083333333333336,60.083333333333336,101.5,0.3968253968253968,2026-02,avg_duration_by_zone_hour,False
165,Midwood,17,63,28.348412698412698,22.366666666666667,22.366666666666667,54.67666666666668,0.3968253968253968,2026-02,avg_duration_by_zone_hour,False
229,Sutton Place/Turtle Bay North,3,252,11.554431216931217,9.158333333333333,9.158333333333333,22.62,0.3968253968253968,2026-02,avg_duration_by_zone_hour,False
39,Canarsie,6,247,50.395276653171386,44.15,44.15,101.74,0.3967611336032389,2026-02,avg_duration_by_zone_hour,False
68,East Chelsea,4,615,13.2170189701897,11.066666666666666,11.066666666666666,25.883333333333333,0.3967479674796748,2026-02,avg_duration_by_zone_hour,False
140,Lenox Hill East,1,300,11.628,10.133333333333333,10.133333333333333,21.035000000000007,0.39666666666666667,2026-02,avg_duration_by_zone_hour,False
113,Greenwich Village North,16,2506,16.221096036179834,12.975,12.975,31.366666666666667,0.39664804469273746,2026-02,avg_duration_by_zone_hour,False
254,Williamsbridge/Olinville,11,58,45.92183908045977,44.1,44.1,82.28833333333336,0.39655172413793105,2026-02,avg_duration_by_zone_hour,False
60,Crotona Park East,7,58,31.80316091954023,25.78333333333333,25.78333333333333,65.79333333333335,0.39655172413793105,2026-02,avg_duration_by_zone_hour,False
216,South Ozone Park,20,58,27.14683908045977,24.991666666666667,24.991666666666667,45.258333333333354,0.39655172413793105,2026-02,avg_duration_by_zone_hour,False
10,Baisley Park,9,111,41.184534534534535,37.233333333333334,37.233333333333334,78.26666666666667,0.3963963963963964,2026-02,avg_duration_by_zone_hour,False
29,Brighton Beach,11,53,47.536792452830184,43.81666666666667,43.81666666666667,92.29,0.39622641509433965,2026-02,avg_duration_by_zone_hour,False
242,Van Nest/Morris Park,8,53,38.33867924528302,29.933333333333334,29.933333333333334,78.39000000000001,0.39622641509433965,2026-02,avg_duration_by_zone_hour,False
63,Cypress Hills,10,106,32.93443396226415,26.858333333333334,26.858333333333334,59.61666666666667,0.39622641509433965,2026-02,avg_duration_by_zone_hour,False
100,Garment District,4,318,14.126677148846962,12.133333333333333,12.133333333333333,28.09500000000001,0.39622641509433965,2026-02,avg_duration_by_zone_hour,False
39,Canarsie,13,207,33.56908212560386,25.366666666666667,25.366666666666667,71.77666666666667,0.3961352657004831,2026-02,avg_duration_by_zone_hour,False
144,Little Italy/NoLiTa,11,818,17.877872860635698,14.991666666666667,14.991666666666667,34.37666666666667,0.3960880195599022,2026-02,avg_duration_by_zone_hour,False
209,Seaport,14,245,23.722448979591835,16.466666666666665,16.466666666666665,47.739999999999995,0.39591836734693875,2026-02,avg_duration_by_zone_hour,False
249,West Village,13,1978,15.800193798449612,12.816666666666666,11.791666666666668,29.733333333333334,0.39585439838220426,2026-02,avg_duration_by_zone_hour,False
38,Cambria Heights,7,48,49.925000000000004,45.53333333333333,45.53333333333333,90.77333333333334,0.3958333333333333,2026-02,avg_duration_by_zone_hour,False
29,Brighton Beach,10,48,46.85833333333333,36.24166666666667,36.24166666666667,95.1116666666667,0.3958333333333333,2026-02,avg_duration_by_zone_hour,False
12,Battery Park,17,48,26.635416666666668,23.325000000000003,23.325000000000003,45.330000000000005,0.3958333333333333,2026-02,avg_duration_by_zone_hour,False
157,Maspeth,11,48,20.233680555555555,16.725,16.725,35.00166666666667,0.3958333333333333,2026-02,avg_duration_by_zone_hour,False
61,Crown Heights North,13,374,35.632620320855615,29.516666666666666,29.516666666666666,63.17666666666666,0.39572192513368987,2026-02,avg_duration_by_zone_hour,False
168,Mott Haven/Port Morris,9,139,28.523621103117506,22.283333333333335,22.283333333333335,55.106666666666676,0.39568345323741005,2026-02,avg_duration_by_zone_hour,False
260,Woodside,9,91,28.626373626373628,25.016666666666666,25.016666666666666,54.0,0.3956043956043956,2026-02,avg_duration_by_zone_hour,False
211,SoHo,5,91,15.741575091575092,11.983333333333333,11.983333333333333,28.15,0.3956043956043956,2026-02,avg_duration_by_zone_hour,False
231,TriBeCa/Civic Center,14,2101,20.882413136601617,16.616666666666667,16.616666666666667,39.03333333333333,0.39552594002855784,2026-02,avg_duration_by_zone_hour,False
127,Inwood,8,134,34.884079601990045,30.458333333333336,30.458333333333336,60.87666666666667,0.39552238805970147,2026-02,avg_duration_by_zone_hour,False
151,Manhattan Valley,10,1654,15.741565900846432,13.383333333333333,12.833333333333334,30.011666666666667,0.3954050785973398,2026-02,avg_duration_by_zone_hour,False
219,Springfield Gardens South,15,43,42.814341085271316,33.983333333333334,33.983333333333334,79.08333333333336,0.3953488372093023,2026-02,avg_duration_by_zone_hour,False
235,University Heights/Morris Heights,16,43,40.181395348837206,25.183333333333334,25.183333333333334,90.46000000000002,0.3953488372093023,2026-02,avg_duration_by_zone_hour,False
165,Midwood,14,86,37.06782945736434,30.741666666666667,30.741666666666667,73.06666666666666,0.3953488372093023,2026-02,avg_duration_by_zone_hour,False
230,Times Sq/Theatre District,7,1285,16.160933852140076,10.35,10.35,35.25333333333334,0.3953307392996109,2026-02,avg_duration_by_zone_hour,False
246,West Chelsea/Hudson Yards,10,1743,17.813826735513484,15.65,15.65,32.169999999999995,0.3952954675846242,2026-02,avg_duration_by_zone_hour,False
114,Greenwich Village South,16,1700,16.925745098039215,13.833333333333334,13.833333333333334,31.010000000000012,0.3952941176470588,2026-02,avg_duration_by_zone_hour,False
143,Lincoln Square West,15,2664,15.32070820820821,13.15,13.15,26.585000000000015,0.3952702702702703,2026-02,avg_duration_by_zone_hour,False
76,East New York,15,253,40.38860342555995,34.46666666666667,34.46666666666667,78.4333333333334,0.3952569169960474,2026-02,avg_duration_by_zone_hour,False
24,Bloomingdale,2,81,13.266872427983538,12.566666666666666,12.566666666666666,22.066666666666666,0.3950617283950617,2026-02,avg_duration_by_zone_hour,False
144,Little Italy/NoLiTa,1,2144,12.975652985074626,11.5,11.5,22.85166666666667,0.39505597014925375,2026-02,avg_duration_by_zone_hour,False
263,Yorkville West,11,3387,13.88121739986222,11.483333333333333,10.425,26.673333333333336,0.3950398582816652,2026-02,avg_duration_by_zone_hour,False
43,Central Park,11,1947,14.777349768875192,12.283333333333333,11.716666666666667,27.75,0.39496661530559835,2026-02,avg_duration_by_zone_hour,False
239,Upper West Side South,4,195,15.937179487179487,11.25,11.25,35.31,0.39487179487179486,2026-02,avg_duration_by_zone_hour,False
126,Hunts Point,9,38,45.77412280701755,37.86666666666667,37.86666666666667,67.01833333333335,0.39473684210526316,2026-02,avg_duration_by_zone_hour,False
18,Bedford Park,12,38,43.87324561403509,36.483333333333334,36.483333333333334,69.14666666666669,0.39473684210526316,2026-02,avg_duration_by_zone_hour,False
191,Queens Village,10,38,43.046491228070174,37.24166666666667,37.24166666666667,84.97333333333336,0.39473684210526316,2026-02,avg_duration_by_zone_hour,False
191,Queens Village,22,38,40.23508771929825,33.33333333333333,33.33333333333333,69.78166666666672,0.39473684210526316,2026-02,avg_duration_by_zone_hour,False
39,Canarsie,16,114,34.51038011695906,25.1,25.1,66.73833333333334,0.39473684210526316,2026-02,avg_duration_by_zone_hour,False
136,Kingsbridge Heights,6,38,31.6030701754386,26.15,26.15,54.845000000000056,0.39473684210526316,2026-02,avg_duration_by_zone_hour,False
69,East Concourse/Concourse Village,21,38,23.729385964912282,19.108333333333334,19.108333333333334,40.42333333333333,0.39473684210526316,2026-02,avg_duration_by_zone_hour,False
164,Midtown South,10,2123,15.531786779714238,13.2,12.275,29.096666666666657,0.39472444653791805,2026-02,avg_duration_by_zone_hour,False
131,Jamaica Estates,8,71,35.529342723004696,29.566666666666666,29.566666666666666,66.33333333333333,0.39436619718309857,2026-02,avg_duration_by_zone_hour,False
91,Flatlands,19,71,30.21408450704225,24.333333333333332,24.333333333333332,56.0,0.39436619718309857,2026-02,avg_duration_by_zone_hour,False
211,SoHo,4,175,13.393999999999998,11.5,11.5,23.566666666666666,0.3942857142857143,2026-02,avg_duration_by_zone_hour,False
239,Upper West Side South,1,525,12.814190476190475,11.216666666666667,11.216666666666667,22.880000000000003,0.3942857142857143,2026-02,avg_duration_by_zone_hour,False
113,Greenwich Village North,0,1910,13.519205933682374,11.316666666666666,10.433333333333334,25.318333333333335,0.39424083769633506,2026-02,avg_duration_by_zone_hour,False
91,Flatlands,9,241,37.09827109266943,26.183333333333334,26.183333333333334,84.53333333333333,0.3941908713692946,2026-02,avg_duration_by_zone_hour,False
205,Saint Albans,7,137,48.24233576642336,40.31666666666667,40.31666666666667,102.15000000000002,0.39416058394160586,2026-02,avg_duration_by_zone_hour,False
61,Crown Heights North,17,307,34.89809989142237,28.383333333333333,28.383333333333333,63.84666666666667,0.3941368078175896,2026-02,avg_duration_by_zone_hour,False
7,Astoria,17,538,24.83076208178439,22.358333333333334,22.358333333333334,42.59,0.3940520446096654,2026-02,avg_duration_by_zone_hour,False
43,Central Park,7,967,12.01203033436746,10.0,10.0,21.85,0.3940020682523268,2026-02,avg_duration_by_zone_hour,False
210,Sheepshead Bay,14,66,49.5020202020202,42.29166666666667,42.29166666666667,91.00833333333333,0.3939393939393939,2026-02,avg_duration_by_zone_hour,False
81,Eastchester,7,66,44.570454545454545,38.18333333333334,38.18333333333334,77.325,0.3939393939393939,2026-02,avg_duration_by_zone_hour,False
159,Melrose South,16,99,40.35606060606061,24.866666666666667,24.866666666666667,101.57000000000002,0.3939393939393939,2026-02,avg_duration_by_zone_hour,False
67,Dyker Heights,9,33,34.39646464646464,29.783333333333335,29.783333333333335,58.156666666666666,0.3939393939393939,2026-02,avg_duration_by_zone_hour,False
77,East New York/Pennsylvania Avenue,22,33,21.455555555555556,19.333333333333332,19.333333333333332,35.32333333333333,0.3939393939393939,2026-02,avg_duration_by_zone_hour,False
93,Flushing Meadows-Corona Park,23,33,18.600505050505053,16.266666666666666,16.266666666666666,32.54666666666667,0.3939393939393939,2026-02,avg_duration_by_zone_hour,False
129,Jackson Heights,14,127,27.7254593175853,23.95,23.95,55.54666666666667,0.3937007874015748,2026-02,avg_duration_by_zone_hour,False
129,Jackson Heights,13,127,22.686614173228346,18.9,18.9,46.62666666666667,0.3937007874015748,2026-02,avg_duration_by_zone_hour,False
197,Richmond Hill,6,188,32.62375886524823,26.008333333333333,26.008333333333333,61.67333333333335,0.39361702127659576,2026-02,avg_duration_by_zone_hour,False
263,Yorkville West,4,417,11.630415667466027,10.666666666666666,10.666666666666666,19.80666666666667,0.3932853717026379,2026-02,avg_duration_by_zone_hour,False
130,Jamaica,9,89,37.18089887640449,26.483333333333334,26.483333333333334,79.08,0.39325842696629215,2026-02,avg_duration_by_zone_hour,False
42,Central Harlem North,23,440,16.17215909090909,14.591666666666667,14.591666666666667,27.92666666666667,0.3931818181818182,2026-02,avg_duration_by_zone_hour,False
72,East Flatbush/Remsen Village,10,173,34.906262042389216,27.45,27.45,67.88666666666667,0.3930635838150289,2026-02,avg_duration_by_zone_hour,False
113,Greenwich Village North,3,565,11.409498525073747,9.116666666666667,9.116666666666667,21.023333333333337,0.3929203539823009,2026-02,avg_duration_by_zone_hour,False
67,Dyker Heights,7,56,38.27083333333333,33.625,33.625,69.13333333333333,0.39285714285714285,2026-02,avg_duration_by_zone_hour,False
247,West Concourse,17,84,29.00218253968254,21.625,21.625,56.09166666666667,0.39285714285714285,2026-02,avg_duration_by_zone_hour,False
247,West Concourse,9,84,27.269246031746032,20.083333333333332,20.083333333333332,51.913333333333334,0.39285714285714285,2026-02,avg_duration_by_zone_hour,False
145,Long Island City/Hunters Point,9,270,21.217962962962964,20.116666666666667,20.116666666666667,36.82666666666667,0.3925925925925926,2026-02,avg_duration_by_zone_hour,False
141,Lenox Hill West,16,4236,14.637295404469626,11.25,8.708333333333332,27.85,0.3925873465533522,2026-02,avg_duration_by_zone_hour,False
148,Lower East Side,13,996,18.381827309236947,16.1,16.1,33.416666666666664,0.392570281124498,2026-02,avg_duration_by_zone_hour,False
91,Flatlands,15,107,35.60700934579439,25.4,25.4,72.34,0.3925233644859813,2026-02,avg_duration_by_zone_hour,False
169,Mount Hope,8,107,34.60155763239875,25.566666666666666,25.566666666666666,73.94000000000001,0.3925233644859813,2026-02,avg_duration_by_zone_hour,False
39,Canarsie,17,107,28.60404984423676,20.083333333333332,20.083333333333332,70.79,0.3925233644859813,2026-02,avg_duration_by_zone_hour,False
52,Cobble Hill,8,107,25.377570093457944,24.366666666666667,24.366666666666667,40.67,0.3925233644859813,2026-02,avg_duration_by_zone_hour,False
130,Jamaica,17,237,31.256047819971872,22.916666666666668,22.916666666666668,63.23333333333335,0.3924050632911392,2026-02,avg_duration_by_zone_hour,False
10,Baisley Park,7,130,38.517820512820514,29.975,29.975,75.52166666666669,0.3923076923076923,2026-02,avg_duration_by_zone_hour,False
24,Bloomingdale,1,130,15.365384615384615,13.65,13.65,26.720000000000002,0.3923076923076923,2026-02,avg_duration_by_zone_hour,False
249,West Village,14,2177,15.775999081304548,12.7,12.166666666666666,29.81000000000001,0.39228295819935693,2026-02,avg_duration_by_zone_hour,False
166,Morningside Heights,13,1216,19.09973958333333,16.791666666666668,16.791666666666668,33.50833333333333,0.39226973684210525,2026-02,avg_duration_by_zone_hour,False
164,Midtown South,9,1966,14.758392675483215,12.566666666666666,12.566666666666666,28.041666666666664,0.39216683621566634,2026-02,avg_duration_by_zone_hour,False
141,Lenox Hill West,13,4289,14.208028289422552,11.616666666666667,8.433333333333334,26.703333333333337,0.3921660060620191,2026-02,avg_duration_by_zone_hour,False
108,Gravesend,7,51,46.53562091503268,36.78333333333333,36.78333333333333,110.73333333333333,0.39215686274509803,2026-02,avg_duration_by_zone_hour,False
167,Morrisania/Melrose,11,51,40.726143790849676,35.06666666666667,35.06666666666667,81.7,0.39215686274509803,2026-02,avg_duration_by_zone_hour,False
119,Highbridge,8,102,36.375816993464056,28.175,28.175,72.455,0.39215686274509803,2026-02,avg_duration_by_zone_hour,False
165,Midwood,9,102,34.91013071895425,25.825,25.825,67.49666666666668,0.39215686274509803,2026-02,avg_duration_by_zone_hour,False
157,Maspeth,17,51,23.62156862745098,20.483333333333334,20.483333333333334,42.75,0.39215686274509803,2026-02,avg_duration_by_zone_hour,False
82,Elmhurst,1,51,16.82156862745098,12.65,12.65,30.816666666666666,0.39215686274509803,2026-02,avg_duration_by_zone_hour,False
258,Woodhaven,7,125,33.544133333333335,29.816666666666666,29.816666666666666,62.15666666666667,0.392,2026-02,avg_duration_by_zone_hour,False
95,Forest Hills,21,125,19.0344,16.2,16.2,33.70333333333333,0.392,2026-02,avg_duration_by_zone_hour,False
233,UN/Turtle Bay South,10,1661,16.35185631145896,14.55,14.55,28.55,0.39193257074051774,2026-02,avg_duration_by_zone_hour,False
117,Hammels/Arverne,9,74,65.06689189189188,63.58333333333333,63.58333333333333,120.40166666666667,0.3918918918918919,2026-02,avg_duration_by_zone_hour,False
210,Sheepshead Bay,12,74,42.019594594594594,36.925,36.925,77.16,0.3918918918918919,2026-02,avg_duration_by_zone_hour,False
95,Forest Hills,12,74,33.902477477477476,31.65833333333333,31.65833333333333,59.23666666666667,0.3918918918918919,2026-02,avg_duration_by_zone_hour,False
76,East New York,18,217,29.515207373271892,26.866666666666667,26.866666666666667,51.74666666666667,0.391705069124424,2026-02,avg_duration_by_zone_hour,False
72,East Flatbush/Remsen Village,8,240,37.955416666666665,27.133333333333333,27.133333333333333,81.00333333333333,0.39166666666666666,2026-02,avg_duration_by_zone_hour,False
151,Manhattan Valley,16,1788,14.161428038777032,11.025,11.025,26.909999999999997,0.39149888143176736,2026-02,avg_duration_by_zone_hour,False
161,Midtown Center,1,769,13.003272648461206,10.616666666666667,10.616666666666667,23.550000000000008,0.3914174252275683,2026-02,avg_duration_by_zone_hour,False
227,Sunset Park East,15,46,40.59782608695652,32.38333333333333,32.38333333333333,76.08333333333334,0.391304347826087,2026-02,avg_duration_by_zone_hour,False
188,Prospect-Lefferts Gardens,11,230,39.72782608695652,31.6,31.6,71.06666666666666,0.391304347826087,2026-02,avg_duration_by_zone_hour,False
78,East Tremont,5,46,39.3177536231884,28.641666666666666,28.641666666666666,87.325,0.391304347826087,2026-02,avg_duration_by_zone_hour,False
167,Morrisania/Melrose,13,46,38.66847826086956,34.43333333333334,34.43333333333334,69.70833333333334,0.391304347826087,2026-02,avg_duration_by_zone_hour,False
181,Park Slope,15,184,35.84864130434782,27.083333333333336,27.083333333333336,67.38333333333335,0.391304347826087,2026-02,avg_duration_by_zone_hour,False
198,Ridgewood,9,115,31.695797101449276,27.483333333333334,27.483333333333334,55.33,0.391304347826087,2026-02,avg_duration_by_zone_hour,False
91,Flatlands,23,46,22.213043478260868,18.075000000000003,18.075000000000003,43.86666666666667,0.391304347826087,2026-02,avg_duration_by_zone_hour,False
158,Meatpacking/West Village West,9,823,16.064884568651276,13.166666666666666,13.166666666666666,30.170000000000005,0.39125151883353587,2026-02,avg_duration_by_zone_hour,False
41,Central Harlem,23,593,15.595334457560426,13.866666666666667,13.866666666666667,28.86333333333334,0.3912310286677909,2026-02,avg_duration_by_zone_hour,False
114,Greenwich Village South,14,1273,16.87402461377324,14.283333333333333,14.283333333333333,30.9,0.39120188531029065,2026-02,avg_duration_by_zone_hour,False
48,Clinton East,16,3451,16.351207379503528,12.7,12.291666666666668,29.25,0.3911909591422776,2026-02,avg_duration_by_zone_hour,False
237,Upper East Side South,23,2907,11.905939685815847,9.566666666666666,9.158333333333333,23.113333333333337,0.391124871001032,2026-02,avg_duration_by_zone_hour,False
234,Union Sq,2,1102,12.952555958862675,11.225,11.225,23.436666666666664,0.3911070780399274,2026-02,avg_duration_by_zone_hour,False
141,Lenox Hill West,11,4132,14.170696192320102,11.8,10.833333333333334,26.18166666666667,0.3910939012584705,2026-02,avg_duration_by_zone_hour,False
35,Brownsville,13,156,37.73878205128205,30.008333333333333,30.008333333333333,78.73333333333332,0.391025641025641,2026-02,avg_duration_by_zone_hour,False
90,Flatiron,3,867,11.94996155324875,10.216666666666667,10.216666666666667,22.499999999999993,0.39100346020761245,2026-02,avg_duration_by_zone_hour,False
229,Sutton Place/Turtle Bay North,7,1908,13.468649545772188,11.95,11.95,23.321666666666665,0.3909853249475891,2026-02,avg_duration_by_zone_hour,False
91,Flatlands,5,110,41.236969696969695,33.31666666666666,33.31666666666666,84.19500000000002,0.39090909090909093,2026-02,avg_duration_by_zone_hour,False
164,Midtown South,4,632,13.664055907172994,10.916666666666668,10.916666666666668,25.92833333333333,0.39082278481012656,2026-02,avg_duration_by_zone_hour,False
69,East Concourse/Concourse Village,13,87,39.49961685823755,33.18333333333333,33.18333333333333,72.24666666666673,0.39080459770114945,2026-02,avg_duration_by_zone_hour,False
232,Two Bridges/Seward Park,18,760,19.889035087719297,17.041666666666668,17.041666666666668,35.19833333333334,0.3907894736842105,2026-02,avg_duration_by_zone_hour,False
137,Kips Bay,1,819,10.754721204721205,9.95,9.95,18.740000000000002,0.3907203907203907,2026-02,avg_duration_by_zone_hour,False
55,Coney Island,14,64,47.0875,38.35,38.35,88.845,0.390625,2026-02,avg_duration_by_zone_hour,False
230,Times Sq/Theatre District,1,1370,13.29604622871046,12.041666666666668,12.041666666666668,22.756666666666675,0.3905109489051095,2026-02,avg_duration_by_zone_hour,False
152,Manhattanville,18,397,20.254114189756507,17.433333333333334,17.433333333333334,35.10333333333334,0.3904282115869018,2026-02,avg_duration_by_zone_hour,False
203,Rosedale,8,41,58.869512195121956,55.71666666666667,55.71666666666667,105.96666666666667,0.3902439024390244,2026-02,avg_duration_by_zone_hour,False
242,Van Nest/Morris Park,16,41,47.104471544715445,37.166666666666664,37.166666666666664,92.53333333333333,0.3902439024390244,2026-02,avg_duration_by_zone_hour,False
254,Williamsbridge/Olinville,15,41,44.478861788617884,38.1,38.1,73.71666666666667,0.3902439024390244,2026-02,avg_duration_by_zone_hour,False
60,Crotona Park East,9,41,42.56504065040651,36.55,36.55,89.71666666666667,0.3902439024390244,2026-02,avg_duration_by_zone_hour,False
242,Van Nest/Morris Park,6,41,41.75325203252033,36.95,36.95,69.76666666666667,0.3902439024390244,2026-02,avg_duration_by_zone_hour,False
215,South Jamaica,6,123,40.85352303523035,36.333333333333336,36.333333333333336,81.99,0.3902439024390244,2026-02,avg_duration_by_zone_hour,False
35,Brownsville,12,164,38.20955284552846,31.916666666666664,31.916666666666664,72.03833333333334,0.3902439024390244,2026-02,avg_duration_by_zone_hour,False
227,Sunset Park East,7,41,34.515447154471545,28.983333333333334,28.983333333333334,57.483333333333334,0.3902439024390244,2026-02,avg_duration_by_zone_hour,False
72,East Flatbush/Remsen Village,15,123,30.950271002710025,21.016666666666666,21.016666666666666,64.68333333333332,0.3902439024390244,2026-02,avg_duration_by_zone_hour,False
149,Madison,13,41,29.345528455284555,21.516666666666666,21.516666666666666,54.96666666666667,0.3902439024390244,2026-02,avg_duration_by_zone_hour,False
173,North Corona,8,41,24.90609756097561,20.2,20.2,43.8,0.3902439024390244,2026-02,avg_duration_by_zone_hour,False
26,Borough Park,21,41,23.180487804878048,19.966666666666665,19.966666666666665,43.4,0.3902439024390244,2026-02,avg_duration_by_zone_hour,False
102,Glendale,19,41,22.847154471544716,19.133333333333333,19.133333333333333,40.85,0.3902439024390244,2026-02,avg_duration_by_zone_hour,False
229,Sutton Place/Turtle Bay North,12,2841,16.85153701748211,15.116666666666667,13.3,29.55,0.3900035198873636,2026-02,avg_duration_by_zone_hour,False
50,Clinton West,5,259,13.473101673101674,9.966666666666667,9.966666666666667,26.56666666666667,0.38996138996138996,2026-02,avg_duration_by_zone_hour,False
141,Lenox Hill West,15,4550,14.640857142857142,11.766666666666667,9.416666666666666,27.235,0.3898901098901099,2026-02,avg_duration_by_zone_hour,False
174,Norwood,11,59,50.53870056497175,44.15,44.15,91.43666666666667,0.3898305084745763,2026-02,avg_duration_by_zone_hour,False
63,Cypress Hills,12,59,37.985028248587575,32.35,32.35,76.16333333333334,0.3898305084745763,2026-02,avg_duration_by_zone_hour,False
62,Crown Heights South,21,59,24.70677966101695,20.65,20.65,49.45333333333333,0.3898305084745763,2026-02,avg_duration_by_zone_hour,False
166,Morningside Heights,20,1619,17.28174799258802,15.083333333333334,15.083333333333334,31.223333333333333,0.3897467572575664,2026-02,avg_duration_by_zone_hour,False
233,UN/Turtle Bay South,21,1740,13.126858237547893,11.8,11.733333333333333,22.318333333333335,0.3896551724137931,2026-02,avg_duration_by_zone_hour,False
161,Midtown Center,8,2798,14.475011913271386,11.95,10.85,28.205000000000002,0.3895639742673338,2026-02,avg_duration_by_zone_hour,False
55,Coney Island,11,95,47.577894736842104,43.166666666666664,43.166666666666664,85.94333333333334,0.3894736842105263,2026-02,avg_duration_by_zone_hour,False
26,Borough Park,18,95,29.409122807017546,23.85,23.85,58.31333333333338,0.3894736842105263,2026-02,avg_duration_by_zone_hour,False
143,Lincoln Square West,13,2280,15.323340643274854,12.475,12.475,27.733333333333334,0.3894736842105263,2026-02,avg_duration_by_zone_hour,False
164,Midtown South,0,2298,13.907608064984045,12.416666666666666,12.416666666666666,24.4,0.38946910356832026,2026-02,avg_duration_by_zone_hour,False
211,SoHo,20,1818,15.519581958195818,13.2,13.2,27.36,0.38943894389438943,2026-02,avg_duration_by_zone_hour,False
90,Flatiron,2,1094,12.678351614868982,11.149999999999999,11.149999999999999,22.460000000000015,0.38939670932358317,2026-02,avg_duration_by_zone_hour,False
79,East Village,15,2548,16.898665620094192,13.808333333333334,13.783333333333333,31.55,0.3893249607535322,2026-02,avg_duration_by_zone_hour,False
24,Bloomingdale,22,411,16.375709651257097,13.866666666666667,13.866666666666667,30.4,0.38929440389294406,2026-02,avg_duration_by_zone_hour,False
74,East Harlem North,7,912,20.700749269005847,17.65,17.65,37.48333333333333,0.3892543859649123,2026-02,avg_duration_by_zone_hour,False
231,TriBeCa/Civic Center,0,1516,15.027858399296393,13.95,13.95,26.233333333333334,0.3891820580474934,2026-02,avg_duration_by_zone_hour,False
45,Chinatown,15,401,24.449875311720696,20.2,20.2,47.86666666666667,0.38902743142144636,2026-02,avg_duration_by_zone_hour,False
246,West Chelsea/Hudson Yards,1,928,13.541864224137932,12.149999999999999,12.149999999999999,23.993333333333336,0.3890086206896552,2026-02,avg_duration_by_zone_hour,False
74,East Harlem North,21,545,16.79492354740061,15.0,15.0,30.726666666666674,0.3889908256880734,2026-02,avg_duration_by_zone_hour,False
55,Coney Island,15,72,51.99675925925926,43.0,43.0,98.36833333333333,0.3888888888888889,2026-02,avg_duration_by_zone_hour,False
69,East Concourse/Concourse Village,16,72,50.69722222222222,42.65,42.65,106.44666666666666,0.3888888888888889,2026-02,avg_duration_by_zone_hour,False
136,Kingsbridge Heights,16,36,45.10462962962963,43.90833333333333,43.90833333333333,71.08333333333334,0.3888888888888889,2026-02,avg_duration_by_zone_hour,False
191,Queens Village,8,90,40.00222222222222,29.96666666666667,29.96666666666667,100.37833333333336,0.3888888888888889,2026-02,avg_duration_by_zone_hour,False
196,Rego Park,11,36,38.03842592592593,33.858333333333334,33.858333333333334,63.96666666666667,0.3888888888888889,2026-02,avg_duration_by_zone_hour,False
72,East Flatbush/Remsen Village,16,90,33.3837037037037,25.85,25.85,59.685,0.3888888888888889,2026-02,avg_duration_by_zone_hour,False
135,Kew Gardens Hills,17,36,27.868055555555557,21.108333333333334,21.108333333333334,59.61666666666667,0.3888888888888889,2026-02,avg_duration_by_zone_hour,False
157,Maspeth,14,36,25.947222222222223,21.383333333333333,21.383333333333333,45.91666666666667,0.3888888888888889,2026-02,avg_duration_by_zone_hour,False
83,Elmhurst/Maspeth,13,36,25.819907407407406,22.96666666666667,22.96666666666667,45.06666666666667,0.3888888888888889,2026-02,avg_duration_by_zone_hour,False
24,Bloomingdale,0,216,16.494984567901234,13.825,13.825,29.4,0.3888888888888889,2026-02,avg_duration_by_zone_hour,False
74,East Harlem North,22,576,16.32957175925926,15.05,15.05,28.083333333333336,0.3888888888888889,2026-02,avg_duration_by_zone_hour,False
173,North Corona,0,36,15.17314814814815,13.941666666666666,13.941666666666666,22.808333333333334,0.3888888888888889,2026-02,avg_duration_by_zone_hour,False
158,Meatpacking/West Village West,5,108,14.403549382716049,9.208333333333332,9.208333333333332,28.36,0.3888888888888889,2026-02,avg_duration_by_zone_hour,False
233,UN/Turtle Bay South,0,543,11.82596685082873,10.55,10.55,20.383333333333333,0.3885819521178637,2026-02,avg_duration_by_zone_hour,False
137,Kips Bay,9,1606,16.413034454130344,14.525,14.525,27.866666666666667,0.38854296388542964,2026-02,avg_duration_by_zone_hour,False
132,JFK Airport,3,399,21.932205513784464,20.966666666666665,20.966666666666665,35.163333333333334,0.38847117794486213,2026-02,avg_duration_by_zone_hour,False
148,Lower East Side,4,1398,13.315271816881259,12.008333333333333,12.008333333333333,23.281666666666663,0.388412017167382,2026-02,avg_duration_by_zone_hour,False
211,SoHo,13,1084,18.2270295202952,15.233333333333333,15.233333333333333,32.86833333333334,0.38837638376383765,2026-02,avg_duration_by_zone_hour,False
76,East New York,8,487,41.404312114989736,35.38333333333333,35.38333333333333,83.73333333333333,0.38809034907597534,2026-02,avg_duration_by_zone_hour,False
61,Crown Heights North,11,335,35.0228855721393,28.433333333333334,28.433333333333334,67.76,0.3880597014925373,2026-02,avg_duration_by_zone_hour,False
177,Ocean Hill,21,67,28.10298507462687,24.433333333333334,24.433333333333334,44.02333333333333,0.3880597014925373,2026-02,avg_duration_by_zone_hour,False
141,Lenox Hill West,10,3965,13.873093736864229,11.666666666666666,11.666666666666666,25.916666666666668,0.38789407313997476,2026-02,avg_duration_by_zone_hour,False
102,Glendale,7,49,24.810204081632655,21.0,21.0,44.28666666666668,0.3877551020408163,2026-02,avg_duration_by_zone_hour,False
28,Briarwood/Jamaica Hills,23,49,19.43673469387755,18.833333333333332,18.833333333333332,29.643333333333334,0.3877551020408163,2026-02,avg_duration_by_zone_hour,False
17,Bedford,2,49,18.44829931972789,16.633333333333333,16.633333333333333,32.486666666666665,0.3877551020408163,2026-02,avg_duration_by_zone_hour,False
166,Morningside Heights,17,1971,18.433587011669204,16.066666666666666,15.866666666666667,33.6,0.3876204972095383,2026-02,avg_duration_by_zone_hour,False
234,Union Sq,10,2565,15.138200129954514,12.366666666666667,12.025,28.916666666666668,0.3875243664717349,2026-02,avg_duration_by_zone_hour,False
55,Coney Island,13,80,49.77375,41.40833333333333,41.40833333333333,96.43833333333336,0.3875,2026-02,avg_duration_by_zone_hour,False
264,Unknown,19,191,16.29214659685864,12.0,12.0,37.0,0.387434554973822,2026-02,avg_duration_by_zone_hour,False
264,Unknown,12,173,18.03285163776493,14.866666666666667,14.866666666666667,35.283333333333346,0.3872832369942196,2026-02,avg_duration_by_zone_hour,False
233,UN/Turtle Bay South,23,922,12.965762834417932,11.6,11.6,22.044999999999998,0.3872017353579176,2026-02,avg_duration_by_zone_hour,False
233,UN/Turtle Bay South,16,1901,19.31634227599509,15.65,15.65,35.833333333333336,0.3871646501841136,2026-02,avg_duration_by_zone_hour,False
29,Brighton Beach,9,31,47.63978494623656,41.65,41.65,92.2,0.3870967741935484,2026-02,avg_duration_by_zone_hour,False
167,Morrisania/Melrose,14,62,43.659408602150535,37.1,37.1,79.35999999999999,0.3870967741935484,2026-02,avg_duration_by_zone_hour,False
47,Claremont/Bathgate,9,62,35.67795698924731,29.083333333333336,29.083333333333336,70.29333333333332,0.3870967741935484,2026-02,avg_duration_by_zone_hour,False
202,Roosevelt Island,9,31,34.05591397849462,30.166666666666668,30.166666666666668,56.5,0.3870967741935484,2026-02,avg_duration_by_zone_hour,False
65,Downtown Brooklyn/MetroTech,14,186,32.22401433691756,23.808333333333334,23.808333333333334,70.6,0.3870967741935484,2026-02,avg_duration_by_zone_hour,False
121,Hillcrest/Pomonok,21,31,29.85,28.2,28.2,48.483333333333334,0.3870967741935484,2026-02,avg_duration_by_zone_hour,False
227,Sunset Park East,5,31,29.561827956989244,26.533333333333335,26.533333333333335,48.6,0.3870967741935484,2026-02,avg_duration_by_zone_hour,False
241,Van Cortlandt Village,20,31,29.35430107526882,19.933333333333334,19.933333333333334,60.3,0.3870967741935484,2026-02,avg_duration_by_zone_hour,False
193,Queensbridge/Ravenswood,9,124,26.45456989247312,23.425,23.425,48.04833333333334,0.3870967741935484,2026-02,avg_duration_by_zone_hour,False
264,Unknown,17,248,16.613844086021505,11.716666666666665,11.716666666666665,35.57333333333336,0.3870967741935484,2026-02,avg_duration_by_zone_hour,False
168,Mott Haven/Port Morris,2,31,15.83010752688172,14.0,14.0,26.15,0.3870967741935484,2026-02,avg_duration_by_zone_hour,False
236,Upper East Side North,1,248,11.346505376344087,9.116666666666667,9.116666666666667,22.85833333333334,0.3870967741935484,2026-02,avg_duration_by_zone_hour,False
79,East Village,11,2090,15.932942583732057,12.966666666666667,12.966666666666667,30.283333333333335,0.38708133971291864,2026-02,avg_duration_by_zone_hour,False
263,Yorkville West,15,3652,14.18372581234027,11.2,10.066666666666666,26.911666666666672,0.38691128148959475,2026-02,avg_duration_by_zone_hour,False
10,Baisley Park,6,137,43.997566909975674,37.3,37.3,77.43666666666667,0.38686131386861317,2026-02,avg_duration_by_zone_hour,False
164,Midtown South,11,2534,16.571375953696396,14.183333333333334,13.5,30.345000000000006,0.3867403314917127,2026-02,avg_duration_by_zone_hour,False
213,Soundview/Castle Hill,11,75,37.580222222222226,30.15,30.15,73.50333333333333,0.38666666666666666,2026-02,avg_duration_by_zone_hour,False
77,East New York/Pennsylvania Avenue,6,119,39.70420168067227,30.833333333333332,30.833333333333332,75.31666666666668,0.3865546218487395,2026-02,avg_duration_by_zone_hour,False
235,University Heights/Morris Heights,7,119,38.7641456582633,30.15,30.15,80.42,0.3865546218487395,2026-02,avg_duration_by_zone_hour,False
71,East Flatbush/Farragut,16,119,34.70084033613445,24.5,24.5,69.02,0.3865546218487395,2026-02,avg_duration_by_zone_hour,False
107,Gramercy,12,2761,18.158891705903656,14.566666666666666,13.833333333333334,34.2,0.38645418326693226,2026-02,avg_duration_by_zone_hour,False
203,Rosedale,9,44,58.88977272727273,59.50833333333333,59.50833333333333,103.68333333333335,0.38636363636363635,2026-02,avg_duration_by_zone_hour,False
121,Hillcrest/Pomonok,14,44,45.156439393939394,35.09166666666667,35.09166666666667,100.47333333333333,0.38636363636363635,2026-02,avg_duration_by_zone_hour,False
69,East Concourse/Concourse Village,17,88,41.8969696969697,27.608333333333334,27.608333333333334,92.98833333333332,0.38636363636363635,2026-02,avg_duration_by_zone_hour,False
219,Springfield Gardens South,14,44,37.39545454545455,29.808333333333334,29.808333333333334,72.29833333333333,0.38636363636363635,2026-02,avg_duration_by_zone_hour,False
197,Richmond Hill,7,220,30.834318181818183,23.59166666666667,23.59166666666667,61.941666666666656,0.38636363636363635,2026-02,avg_duration_by_zone_hour,False
63,Cypress Hills,14,44,28.764015151515153,25.03333333333333,25.03333333333333,50.545000000000016,0.38636363636363635,2026-02,avg_duration_by_zone_hour,False
91,Flatlands,7,228,42.22010233918128,33.19166666666666,33.19166666666666,92.48666666666671,0.38596491228070173,2026-02,avg_duration_by_zone_hour,False
91,Flatlands,18,114,32.16374269005848,28.15833333333333,28.15833333333333,59.146666666666675,0.38596491228070173,2026-02,avg_duration_by_zone_hour,False
177,Ocean Hill,4,57,21.936257309941517,20.183333333333334,20.183333333333334,33.656666666666666,0.38596491228070173,2026-02,avg_duration_by_zone_hour,False
24,Bloomingdale,8,653,19.455946911689637,17.866666666666667,17.866666666666667,34.92333333333333,0.38591117917304746,2026-02,avg_duration_by_zone_hour,False
249,West Village,9,1830,14.620582877959928,11.733333333333333,10.716666666666667,29.49000000000001,0.38579234972677595,2026-02,avg_duration_by_zone_hour,False
114,Greenwich Village South,5,197,13.199069373942471,10.466666666666667,10.466666666666667,23.896666666666672,0.38578680203045684,2026-02,avg_duration_by_zone_hour,False
137,Kips Bay,0,1418,12.87281382228491,11.666666666666666,11.666666666666666,22.233333333333334,0.3857545839210155,2026-02,avg_duration_by_zone_hour,False
10,Baisley Park,11,70,37.90904761904762,31.075,31.075,71.26833333333333,0.38571428571428573,2026-02,avg_duration_by_zone_hour,False
113,Greenwich Village North,15,2393,16.299066722384733,13.133333333333333,13.133333333333333,30.656666666666677,0.3857083159214375,2026-02,avg_duration_by_zone_hour,False
151,Manhattan Valley,11,1616,14.792512376237624,12.108333333333334,12.0,28.666666666666664,0.38551980198019803,2026-02,avg_duration_by_zone_hour,False
159,Melrose South,6,96,31.953645833333336,26.316666666666666,26.316666666666666,63.675,0.3854166666666667,2026-02,avg_duration_by_zone_hour,False
226,Sunnyside,17,475,26.908701754385966,22.966666666666665,22.966666666666665,48.803333333333335,0.38526315789473686,2026-02,avg_duration_by_zone_hour,False
177,Ocean Hill,8,296,36.65625,31.225,31.225,68.725,0.38513513513513514,2026-02,avg_duration_by_zone_hour,False
234,Union Sq,11,3202,16.54761607328753,13.741666666666667,12.983333333333333,31.406666666666677,0.3850718301061836,2026-02,avg_duration_by_zone_hour,False
100,Garment District,8,1348,14.079055390702274,11.508333333333333,10.841666666666667,25.938333333333333,0.3850148367952522,2026-02,avg_duration_by_zone_hour,False
42,Central Harlem North,11,491,27.2346911065852,23.766666666666666,23.766666666666666,54.416666666666664,0.384928716904277,2026-02,avg_duration_by_zone_hour,False
152,Manhattanville,16,317,22.478811777076764,18.033333333333335,18.033333333333335,41.89000000000005,0.38485804416403785,2026-02,avg_duration_by_zone_hour,False
108,Gravesend,10,39,49.66410256410256,50.71666666666667,50.71666666666667,99.16333333333333,0.38461538461538464,2026-02,avg_duration_by_zone_hour,False
227,Sunset Park East,16,39,44.185042735042735,30.5,30.5,92.99666666666667,0.38461538461538464,2026-02,avg_duration_by_zone_hour,False
250,Westchester Village/Unionport,16,65,43.549743589743585,36.46666666666667,36.46666666666667,93.65333333333335,0.38461538461538464,2026-02,avg_duration_by_zone_hour,False
167,Morrisania/Melrose,15,52,41.23717948717949,31.975,31.975,78.50166666666665,0.38461538461538464,2026-02,avg_duration_by_zone_hour,False
108,Gravesend,9,52,40.455128205128204,33.141666666666666,33.141666666666666,73.73166666666665,0.38461538461538464,2026-02,avg_duration_by_zone_hour,False
69,East Concourse/Concourse Village,9,117,40.018233618233616,34.06666666666667,34.06666666666667,80.53666666666669,0.38461538461538464,2026-02,avg_duration_by_zone_hour,False
121,Hillcrest/Pomonok,7,78,37.14316239316239,29.608333333333334,29.608333333333334,69.945,0.38461538461538464,2026-02,avg_duration_by_zone_hour,False
177,Ocean Hill,17,117,36.862535612535616,31.316666666666666,31.316666666666666,61.4666666666667,0.38461538461538464,2026-02,avg_duration_by_zone_hour,False
62,Crown Heights South,14,91,36.432967032967035,29.683333333333334,29.683333333333334,72.15,0.38461538461538464,2026-02,avg_duration_by_zone_hour,False
254,Williamsbridge/Olinville,18,39,35.72777777777778,28.1,28.1,63.18000000000006,0.38461538461538464,2026-02,avg_duration_by_zone_hour,False
21,Bensonhurst East,10,39,35.381623931623935,26.6,26.6,70.94666666666667,0.38461538461538464,2026-02,avg_duration_by_zone_hour,False
165,Midwood,13,117,32.108547008547006,25.716666666666665,25.716666666666665,59.900000000000006,0.38461538461538464,2026-02,avg_duration_by_zone_hour,False
196,Rego Park,14,52,31.203205128205127,22.041666666666668,22.041666666666668,52.87333333333333,0.38461538461538464,2026-02,avg_duration_by_zone_hour,False
213,Soundview/Castle Hill,5,65,29.455641025641025,25.066666666666666,25.066666666666666,56.52000000000001,0.38461538461538464,2026-02,avg_duration_by_zone_hour,False
258,Woodhaven,8,117,28.943304843304844,23.516666666666666,23.516666666666666,59.27333333333333,0.38461538461538464,2026-02,avg_duration_by_zone_hour,False
35,Brownsville,20,65,28.577435897435898,21.766666666666666,21.766666666666666,56.71,0.38461538461538464,2026-02,avg_duration_by_zone_hour,False
250,Westchester Village/Unionport,18,39,26.453846153846154,22.616666666666667,22.616666666666667,47.83333333333338,0.38461538461538464,2026-02,avg_duration_by_zone_hour,False
173,North Corona,20,39,18.752136752136753,16.833333333333332,16.833333333333332,29.30666666666667,0.38461538461538464,2026-02,avg_duration_by_zone_hour,False
265,Outside of NYC,17,39,18.58119658119658,14.883333333333333,14.883333333333333,38.856666666666676,0.38461538461538464,2026-02,avg_duration_by_zone_hour,False
125,Hudson Sq,4,169,14.515384615384615,11.533333333333333,11.533333333333333,24.17666666666667,0.38461538461538464,2026-02,avg_duration_by_zone_hour,False
164,Midtown South,8,1776,14.10023460960961,11.55,11.3,26.09166666666667,0.38457207207207206,2026-02,avg_duration_by_zone_hour,False
229,Sutton Place/Turtle Bay North,2,346,10.792148362235068,8.983333333333334,8.983333333333334,20.59166666666667,0.38439306358381503,2026-02,avg_duration_by_zone_hour,False
246,West Chelsea/Hudson Yards,7,817,17.746164830681355,14.683333333333334,14.683333333333334,32.38333333333333,0.3843329253365973,2026-02,avg_duration_by_zone_hour,False
65,Downtown Brooklyn/MetroTech,16,268,35.57543532338309,27.933333333333334,27.933333333333334,75.77333333333334,0.3843283582089552,2026-02,avg_duration_by_zone_hour,False
76,East New York,16,203,36.3059934318555,32.333333333333336,32.333333333333336,71.57000000000001,0.3842364532019704,2026-02,avg_duration_by_zone_hour,False
116,Hamilton Heights,20,354,20.407485875706215,17.508333333333333,17.508333333333333,34.23833333333333,0.384180790960452,2026-02,avg_duration_by_zone_hour,False
90,Flatiron,1,1580,12.973069620253165,11.683333333333334,11.683333333333334,23.316666666666666,0.3841772151898734,2026-02,avg_duration_by_zone_hour,False
35,Brownsville,6,151,40.3967991169978,35.233333333333334,35.233333333333334,79.25,0.3841059602649007,2026-02,avg_duration_by_zone_hour,False
14,Bay Ridge,8,138,34.68719806763285,30.65833333333333,30.65833333333333,65.62499999999999,0.38405797101449274,2026-02,avg_duration_by_zone_hour,False
90,Flatiron,16,2672,16.394230289421156,12.883333333333333,12.883333333333333,30.941666666666688,0.38398203592814373,2026-02,avg_duration_by_zone_hour,False
71,East Flatbush/Farragut,8,224,36.2765625,31.25,31.25,72.99,0.38392857142857145,2026-02,avg_duration_by_zone_hour,False
141,Lenox Hill West,14,4651,14.47562531355264,11.716666666666667,9.25,27.0,0.38378843259514084,2026-02,avg_duration_by_zone_hour,False
25,Boerum Hill,15,185,39.23756756756757,30.6,30.6,74.81333333333333,0.3837837837837838,2026-02,avg_duration_by_zone_hour,False
78,East Tremont,9,73,46.27785388127854,38.916666666666664,38.916666666666664,84.86666666666666,0.3835616438356164,2026-02,avg_duration_by_zone_hour,False
77,East New York/Pennsylvania Avenue,5,73,34.61643835616438,29.183333333333334,29.183333333333334,58.36666666666667,0.3835616438356164,2026-02,avg_duration_by_zone_hour,False
144,Little Italy/NoLiTa,10,545,16.70816513761468,14.733333333333333,14.733333333333333,30.693333333333335,0.3834862385321101,2026-02,avg_duration_by_zone_hour,False
249,West Village,16,2467,15.903188758275908,12.85,12.3,30.130000000000003,0.38346169436562627,2026-02,avg_duration_by_zone_hour,False
140,Lenox Hill East,15,4990,19.550083500334,15.983333333333333,14.55,35.285000000000004,0.38336673346693384,2026-02,avg_duration_by_zone_hour,False
191,Queens Village,7,120,33.04208333333334,23.691666666666666,23.691666666666666,72.09166666666667,0.38333333333333336,2026-02,avg_duration_by_zone_hour,False
14,Bay Ridge,23,60,20.671388888888888,18.40833333333333,18.40833333333333,35.14333333333334,0.38333333333333336,2026-02,avg_duration_by_zone_hour,False
164,Midtown South,12,2771,17.246397209190427,14.75,13.416666666666666,31.583333333333332,0.3832551425478167,2026-02,avg_duration_by_zone_hour,False
43,Central Park,12,2487,14.56249162310682,12.033333333333333,11.966666666666667,27.066666666666666,0.3831926015279453,2026-02,avg_duration_by_zone_hour,False
14,Bay Ridge,14,107,40.891121495327106,34.43333333333333,34.43333333333333,78.38333333333337,0.38317757009345793,2026-02,avg_duration_by_zone_hour,False
246,West Chelsea/Hudson Yards,23,1759,15.360185711578549,13.966666666666667,13.966666666666667,25.933333333333334,0.3831722569641842,2026-02,avg_duration_by_zone_hour,False
149,Madison,9,47,49.04893617021277,39.7,39.7,104.12,0.3829787234042553,2026-02,avg_duration_by_zone_hour,False
218,Springfield Gardens North,11,47,48.58404255319149,41.833333333333336,41.833333333333336,76.56,0.3829787234042553,2026-02,avg_duration_by_zone_hour,False
227,Sunset Park East,12,47,36.96879432624113,32.43333333333333,32.43333333333333,63.9,0.3829787234042553,2026-02,avg_duration_by_zone_hour,False
72,East Flatbush/Remsen Village,21,47,28.74078014184397,26.35,26.35,49.133333333333326,0.3829787234042553,2026-02,avg_duration_by_zone_hour,False
196,Rego Park,22,47,19.414184397163122,17.05,17.05,29.29,0.3829787234042553,2026-02,avg_duration_by_zone_hour,False
76,East New York,10,405,39.507407407407406,34.75,34.75,77.36,0.38271604938271603,2026-02,avg_duration_by_zone_hour,False
113,Greenwich Village North,4,358,13.002327746741154,10.25,10.25,24.405,0.38268156424581007,2026-02,avg_duration_by_zone_hour,False
89,Flatbush/Ditmas Park,11,196,39.54447278911565,30.958333333333336,30.958333333333336,81.24166666666667,0.3826530612244898,2026-02,avg_duration_by_zone_hour,False
263,Yorkville West,10,3356,13.391229638458482,11.383333333333333,9.916666666666666,24.85,0.38259833134684146,2026-02,avg_duration_by_zone_hour,False
35,Brownsville,14,149,38.66800894854586,29.833333333333332,29.833333333333332,76.49333333333335,0.3825503355704698,2026-02,avg_duration_by_zone_hour,False
7,Astoria,2,149,16.418232662192395,15.816666666666666,15.816666666666666,27.20666666666667,0.3825503355704698,2026-02,avg_duration_by_zone_hour,False
163,Midtown North,2,298,13.01582774049217,11.183333333333334,11.183333333333334,22.205000000000005,0.3825503355704698,2026-02,avg_duration_by_zone_hour,False
32,Bronxdale,10,34,41.98529411764706,37.974999999999994,37.974999999999994,76.95166666666665,0.38235294117647056,2026-02,avg_duration_by_zone_hour,False
72,East Flatbush/Remsen Village,12,136,34.28406862745098,27.71666666666667,27.71666666666667,70.20833333333333,0.38235294117647056,2026-02,avg_duration_by_zone_hour,False
131,Jamaica Estates,11,34,33.45833333333333,26.975,26.975,70.085,0.38235294117647056,2026-02,avg_duration_by_zone_hour,False
160,Middle Village,9,34,33.3235294117647,28.141666666666666,28.141666666666666,62.745,0.38235294117647056,2026-02,avg_duration_by_zone_hour,False
202,Roosevelt Island,22,34,31.602450980392156,29.9,29.9,58.05166666666666,0.38235294117647056,2026-02,avg_duration_by_zone_hour,False
215,South Jamaica,4,34,31.0,28.291666666666664,28.291666666666664,58.446666666666665,0.38235294117647056,2026-02,avg_duration_by_zone_hour,False
71,East Flatbush/Farragut,21,34,28.742156862745098,25.558333333333334,25.558333333333334,51.66333333333333,0.38235294117647056,2026-02,avg_duration_by_zone_hour,False
247,West Concourse,20,68,19.647549019607844,15.358333333333334,15.358333333333334,36.13000000000001,0.38235294117647056,2026-02,avg_duration_by_zone_hour,False
213,Soundview/Castle Hill,4,34,19.00392156862745,15.616666666666667,15.616666666666667,36.141666666666666,0.38235294117647056,2026-02,avg_duration_by_zone_hour,False
87,Financial District North,16,1078,25.769913419913422,19.358333333333334,19.358333333333334,48.32166666666668,0.3821892393320965,2026-02,avg_duration_by_zone_hour,False
79,East Village,10,2062,15.191957646298093,12.925,12.925,27.548333333333336,0.3821532492725509,2026-02,avg_duration_by_zone_hour,False
209,Seaport,15,246,28.15948509485095,19.591666666666665,19.591666666666665,64.49166666666666,0.3821138211382114,2026-02,avg_duration_by_zone_hour,False
169,Mount Hope,7,110,35.65909090909091,24.041666666666664,24.041666666666664,78.22833333333334,0.38181818181818183,2026-02,avg_duration_by_zone_hour,False
22,Bensonhurst West,10,55,34.7,26.65,26.65,69.30333333333334,0.38181818181818183,2026-02,avg_duration_by_zone_hour,False
163,Midtown North,11,3586,16.18259899609593,13.5,12.366666666666667,29.8,0.38176240936977135,2026-02,avg_duration_by_zone_hour,False
146,Long Island City/Queens Plaza,11,186,22.97921146953405,20.03333333333333,20.03333333333333,39.70833333333333,0.3817204301075269,2026-02,avg_duration_by_zone_hour,False
68,East Chelsea,3,820,12.921869918699185,11.166666666666666,11.166666666666666,23.30166666666667,0.38170731707317074,2026-02,avg_duration_by_zone_hour,False
130,Jamaica,21,131,24.03676844783715,19.483333333333334,19.483333333333334,42.4,0.3816793893129771,2026-02,avg_duration_by_zone_hour,False
140,Lenox Hill East,13,4323,17.78595111419539,14.733333333333333,14.316666666666666,32.13333333333333,0.3816793893129771,2026-02,avg_duration_by_zone_hour,False
39,Canarsie,22,76,21.442982456140353,17.391666666666666,17.391666666666666,42.974999999999994,0.3815789473684211,2026-02,avg_duration_by_zone_hour,False
76,East New York,19,173,29.828805394990365,25.266666666666666,25.266666666666666,57.51333333333334,0.3815028901734104,2026-02,avg_duration_by_zone_hour,False
50,Clinton West,18,1746,15.940922107674684,14.558333333333334,14.558333333333334,27.0,0.38144329896907214,2026-02,avg_duration_by_zone_hour,False
213,Soundview/Castle Hill,7,139,42.3947242206235,31.816666666666666,31.816666666666666,93.32666666666667,0.381294964028777,2026-02,avg_duration_by_zone_hour,False
49,Clinton Hill,15,160,36.898125,29.666666666666668,29.666666666666668,71.21499999999999,0.38125,2026-02,avg_duration_by_zone_hour,False
129,Jackson Heights,17,202,24.53036303630363,21.133333333333333,21.133333333333333,44.760000000000005,0.3811881188118812,2026-02,avg_duration_by_zone_hour,False
232,Two Bridges/Seward Park,17,606,22.66886688668867,18.625,18.625,39.53333333333333,0.3811881188118812,2026-02,avg_duration_by_zone_hour,False
164,Midtown South,14,3038,18.283717357910906,14.658333333333333,13.716666666666665,34.23833333333334,0.38117182356813695,2026-02,avg_duration_by_zone_hour,False
264,Unknown,16,223,20.94185351270553,16.6,16.6,45.64666666666667,0.3811659192825112,2026-02,avg_duration_by_zone_hour,False
229,Sutton Place/Turtle Bay North,1,614,11.177062975027143,10.041666666666668,10.041666666666668,19.735000000000003,0.3811074918566775,2026-02,avg_duration_by_zone_hour,False
137,Kips Bay,21,2115,13.27301024428684,12.25,12.25,22.22666666666667,0.38108747044917257,2026-02,avg_duration_by_zone_hour,False
140,Lenox Hill East,12,4265,17.985549042594766,15.05,15.05,32.06,0.3810082063305979,2026-02,avg_duration_by_zone_hour,False
185,Pelham Parkway,7,42,46.02142857142857,40.233333333333334,40.233333333333334,76.01833333333333,0.38095238095238093,2026-02,avg_duration_by_zone_hour,False
78,East Tremont,11,42,45.22301587301587,40.03333333333333,40.03333333333333,85.02166666666666,0.38095238095238093,2026-02,avg_duration_by_zone_hour,False
197,Richmond Hill,16,168,41.50684523809524,38.05833333333334,38.05833333333334,77.10166666666669,0.38095238095238093,2026-02,avg_duration_by_zone_hour,False
215,South Jamaica,9,105,40.61857142857143,34.983333333333334,34.983333333333334,74.16666666666667,0.38095238095238093,2026-02,avg_duration_by_zone_hour,False
130,Jamaica,16,252,39.43624338624338,30.075,30.075,87.27000000000001,0.38095238095238093,2026-02,avg_duration_by_zone_hour,False
119,Highbridge,9,63,37.6068783068783,30.033333333333335,30.033333333333335,70.29333333333334,0.38095238095238093,2026-02,avg_duration_by_zone_hour,False
216,South Ozone Park,6,126,32.41256613756614,25.808333333333334,25.808333333333334,67.65833333333333,0.38095238095238093,2026-02,avg_duration_by_zone_hour,False
39,Canarsie,18,147,30.2297052154195,26.616666666666667,26.616666666666667,54.89,0.38095238095238093,2026-02,avg_duration_by_zone_hour,False
106,Gowanus,17,84,25.959920634920632,20.708333333333336,20.708333333333336,46.72666666666667,0.38095238095238093,2026-02,avg_duration_by_zone_hour,False
43,Central Park,2,42,11.020238095238096,8.766666666666666,8.766666666666666,18.584999999999997,0.38095238095238093,2026-02,avg_duration_by_zone_hour,False
79,East Village,12,2137,15.88255342380284,13.216666666666667,13.216666666666667,29.990000000000002,0.38090781469349555,2026-02,avg_duration_by_zone_hour,False
231,TriBeCa/Civic Center,13,1893,20.34403944356401,16.783333333333335,16.783333333333335,37.46333333333333,0.3808769149498151,2026-02,avg_duration_by_zone_hour,False
43,Central Park,17,2884,14.783050161812298,12.4,11.716666666666667,26.995000000000005,0.38072122052704577,2026-02,avg_duration_by_zone_hour,False
26,Borough Park,8,92,37.58297101449275,29.03333333333333,29.03333333333333,74.855,0.3804347826086957,2026-02,avg_duration_by_zone_hour,False
211,SoHo,9,447,17.771700223713648,15.033333333333333,15.033333333333333,32.503333333333345,0.38031319910514544,2026-02,avg_duration_by_zone_hour,False
130,Jamaica,10,71,45.12136150234742,40.38333333333333,40.38333333333333,80.6,0.38028169014084506,2026-02,avg_duration_by_zone_hour,False
155,Marine Park/Mill Basin,7,71,41.97816901408451,30.516666666666666,30.516666666666666,87.73333333333333,0.38028169014084506,2026-02,avg_duration_by_zone_hour,False
21,Bensonhurst East,9,71,41.63122065727699,33.6,33.6,89.91666666666667,0.38028169014084506,2026-02,avg_duration_by_zone_hour,False
227,Sunset Park East,8,71,32.85164319248826,26.116666666666667,26.116666666666667,66.31666666666666,0.38028169014084506,2026-02,avg_duration_by_zone_hour,False
212,Soundview/Bruckner,7,71,27.576291079812208,21.85,21.85,46.86666666666667,0.38028169014084506,2026-02,avg_duration_by_zone_hour,False
87,Financial District North,15,818,25.026487367563163,19.941666666666666,19.941666666666666,44.75166666666668,0.3801955990220049,2026-02,avg_duration_by_zone_hour,False
151,Manhattan Valley,8,1694,18.345277449822905,16.09166666666667,16.09166666666667,33.99,0.38016528925619836,2026-02,avg_duration_by_zone_hour,False
142,Lincoln Square East,3,121,12.781542699724518,10.7,10.7,24.916666666666668,0.38016528925619836,2026-02,avg_duration_by_zone_hour,False
231,TriBeCa/Civic Center,16,2594,23.941576715497302,18.15,17.641666666666666,46.94166666666669,0.3801079414032382,2026-02,avg_duration_by_zone_hour,False
256,Williamsburg (South Side),16,221,27.971191553544493,24.883333333333333,24.883333333333333,45.7,0.38009049773755654,2026-02,avg_duration_by_zone_hour,False
174,Norwood,15,50,50.855,38.24166666666667,38.24166666666667,99.64833333333333,0.38,2026-02,avg_duration_by_zone_hour,False
174,Norwood,9,50,38.76,37.141666666666666,37.141666666666666,78.35166666666667,0.38,2026-02,avg_duration_by_zone_hour,False
227,Sunset Park East,11,50,35.891333333333336,30.4,30.4,58.21666666666667,0.38,2026-02,avg_duration_by_zone_hour,False
97,Fort Greene,16,250,32.81693333333333,24.683333333333334,24.683333333333334,66.35833333333332,0.38,2026-02,avg_duration_by_zone_hour,False
89,Flatbush/Ditmas Park,0,50,24.879333333333335,23.558333333333334,23.558333333333334,40.03666666666667,0.38,2026-02,avg_duration_by_zone_hour,False
148,Lower East Side,15,1087,19.911514872738422,16.466666666666665,16.466666666666665,36.25,0.37994480220791166,2026-02,avg_duration_by_zone_hour,False
116,Hamilton Heights,8,745,24.522013422818794,22.466666666666665,22.466666666666665,42.95,0.37986577181208053,2026-02,avg_duration_by_zone_hour,False
262,Yorkville East,13,2801,14.123545162441985,11.966666666666667,11.4,25.916666666666668,0.37986433416636917,2026-02,avg_duration_by_zone_hour,False
231,TriBeCa/Civic Center,15,2185,22.41369183829138,17.65,17.6,41.06666666666669,0.37986270022883295,2026-02,avg_duration_by_zone_hour,False
191,Queens Village,6,129,37.92545219638243,30.166666666666668,30.166666666666668,78.13333333333337,0.3798449612403101,2026-02,avg_duration_by_zone_hour,False
51,Co-Op City,7,158,56.01075949367089,48.99166666666667,48.99166666666667,99.325,0.379746835443038,2026-02,avg_duration_by_zone_hour,False
63,Cypress Hills,5,79,30.03860759493671,24.25,24.25,54.24333333333334,0.379746835443038,2026-02,avg_duration_by_zone_hour,False
247,West Concourse,19,79,19.824472573839664,17.0,17.0,33.120000000000005,0.379746835443038,2026-02,avg_duration_by_zone_hour,False
249,West Village,15,2436,16.100150519978108,13.158333333333333,12.75,29.40833333333333,0.3797208538587849,2026-02,avg_duration_by_zone_hour,False
79,East Village,16,2789,16.580022708258635,13.616666666666667,13.616666666666667,30.68666666666667,0.37970598780925063,2026-02,avg_duration_by_zone_hour,False
231,TriBeCa/Civic Center,12,1820,20.494093406593407,16.891666666666666,16.891666666666666,38.766666666666666,0.37967032967032965,2026-02,avg_duration_by_zone_hour,False
231,TriBeCa/Civic Center,23,2094,15.490703597580389,14.216666666666667,14.216666666666667,26.820000000000004,0.37965616045845274,2026-02,avg_duration_by_zone_hour,False
45,Chinatown,7,108,21.86743827160494,17.45,17.45,38.73499999999999,0.37962962962962965,2026-02,avg_duration_by_zone_hour,False
4,Alphabet City,18,788,18.084835025380713,15.899999999999999,15.899999999999999,30.793333333333337,0.37944162436548223,2026-02,avg_duration_by_zone_hour,False
210,Sheepshead Bay,16,58,44.924712643678156,36.4,36.4,91.03000000000002,0.3793103448275862,2026-02,avg_duration_by_zone_hour,False
213,Soundview/Castle Hill,10,87,43.87528735632184,36.36666666666667,36.36666666666667,81.28333333333335,0.3793103448275862,2026-02,avg_duration_by_zone_hour,False
188,Prospect-Lefferts Gardens,8,348,36.79913793103449,31.558333333333334,31.558333333333334,68.34500000000001,0.3793103448275862,2026-02,avg_duration_by_zone_hour,False
168,Mott Haven/Port Morris,8,174,32.6566091954023,25.583333333333332,25.583333333333332,64.3666666666667,0.3793103448275862,2026-02,avg_duration_by_zone_hour,False
72,East Flatbush/Remsen Village,9,232,30.220905172413794,23.200000000000003,23.200000000000003,62.17500000000001,0.3793103448275862,2026-02,avg_duration_by_zone_hour,False
157,Maspeth,18,58,21.480747126436782,19.15833333333333,19.15833333333333,36.138333333333335,0.3793103448275862,2026-02,avg_duration_by_zone_hour,False
65,Downtown Brooklyn/MetroTech,15,211,30.696445497630332,23.316666666666666,23.316666666666666,61.733333333333334,0.3791469194312796,2026-02,avg_duration_by_zone_hour,False
163,Midtown North,10,2858,16.216707487753673,13.95,13.416666666666666,29.288333333333338,0.3789363191042687,2026-02,avg_duration_by_zone_hour,False
65,Downtown Brooklyn/MetroTech,12,161,29.664182194616977,24.383333333333333,24.383333333333333,55.166666666666664,0.37888198757763975,2026-02,avg_duration_by_zone_hour,False
158,Meatpacking/West Village West,17,1684,17.579275534441805,15.3,15.3,30.54666666666667,0.37885985748218526,2026-02,avg_duration_by_zone_hour,False
51,Co-Op City,8,132,47.32234848484848,42.983333333333334,42.983333333333334,91.62333333333336,0.3787878787878788,2026-02,avg_duration_by_zone_hour,False
215,South Jamaica,11,66,45.58914141414141,41.35,41.35,76.1,0.3787878787878788,2026-02,avg_duration_by_zone_hour,False
216,South Ozone Park,21,66,26.33863636363636,23.075,23.075,45.608333333333334,0.3787878787878788,2026-02,avg_duration_by_zone_hour,False
238,Upper West Side North,21,2290,12.769941775836973,10.7,10.7,24.368333333333332,0.37860262008733625,2026-02,avg_duration_by_zone_hour,False
39,Canarsie,10,251,34.505179282868525,23.15,23.15,71.06666666666666,0.3784860557768924,2026-02,avg_duration_by_zone_hour,False
238,Upper West Side North,20,2740,12.968381995133822,10.733333333333333,9.966666666666667,25.254999999999995,0.3784671532846715,2026-02,avg_duration_by_zone_hour,False
222,Starrett City,9,111,44.514564564564566,38.1,38.1,79.08333333333333,0.3783783783783784,2026-02,avg_duration_by_zone_hour,False
185,Pelham Parkway,17,37,40.97702702702703,32.233333333333334,32.233333333333334,89.58333333333333,0.3783783783783784,2026-02,avg_duration_by_zone_hour,False
196,Rego Park,12,37,38.43828828828829,29.266666666666666,29.266666666666666,68.75333333333334,0.3783783783783784,2026-02,avg_duration_by_zone_hour,False
95,Forest Hills,10,74,37.05,32.025,32.025,78.64666666666669,0.3783783783783784,2026-02,avg_duration_by_zone_hour,False
77,East New York/Pennsylvania Avenue,9,111,34.290690690690695,27.583333333333332,27.583333333333332,63.983333333333334,0.3783783783783784,2026-02,avg_duration_by_zone_hour,False
195,Red Hook,14,37,32.02117117117117,26.716666666666665,26.716666666666665,50.43666666666667,0.3783783783783784,2026-02,avg_duration_by_zone_hour,False
56,Corona,16,37,31.947297297297297,25.316666666666666,25.316666666666666,57.69333333333333,0.3783783783783784,2026-02,avg_duration_by_zone_hour,False
56,Corona,20,37,23.877927927927928,21.533333333333335,21.533333333333335,36.32,0.3783783783783784,2026-02,avg_duration_by_zone_hour,False
45,Chinatown,18,489,19.69754601226994,16.65,16.65,34.29,0.3783231083844581,2026-02,avg_duration_by_zone_hour,False
125,Hudson Sq,0,542,14.370295202952029,12.283333333333335,12.283333333333335,26.910000000000004,0.37822878228782286,2026-02,avg_duration_by_zone_hour,False
100,Garment District,3,357,14.190896358543416,12.6,12.6,26.206666666666667,0.37815126050420167,2026-02,avg_duration_by_zone_hour,False
68,East Chelsea,5,529,13.738626339004412,10.816666666666666,10.816666666666666,26.159999999999993,0.3780718336483932,2026-02,avg_duration_by_zone_hour,False
228,Sunset Park West,20,82,24.212804878048782,22.65,22.65,38.97666666666667,0.3780487804878049,2026-02,avg_duration_by_zone_hour,False
45,Chinatown,16,463,27.74521238300936,21.35,21.35,54.790000000000006,0.3779697624190065,2026-02,avg_duration_by_zone_hour,False
35,Brownsville,9,254,35.836679790026245,27.983333333333334,27.983333333333334,71.31666666666668,0.3779527559055118,2026-02,avg_duration_by_zone_hour,False
90,Flatiron,6,606,12.444994499449946,9.6,9.6,24.225,0.3778877887788779,2026-02,avg_duration_by_zone_hour,False
205,Saint Albans,16,45,53.36407407407407,56.11666666666667,56.11666666666667,94.68666666666668,0.37777777777777777,2026-02,avg_duration_by_zone_hour,False
203,Rosedale,5,45,49.72296296296296,36.55,36.55,98.68,0.37777777777777777,2026-02,avg_duration_by_zone_hour,False
78,East Tremont,14,45,43.242592592592594,34.75,34.75,83.02333333333334,0.37777777777777777,2026-02,avg_duration_by_zone_hour,False
145,Long Island City/Hunters Point,10,225,22.16125925925926,20.316666666666666,20.316666666666666,38.91666666666667,0.37777777777777777,2026-02,avg_duration_by_zone_hour,False
89,Flatbush/Ditmas Park,14,188,35.031471631205676,28.816666666666666,28.816666666666666,62.808333333333366,0.3776595744680851,2026-02,avg_duration_by_zone_hour,False
231,TriBeCa/Civic Center,3,519,13.11062941554271,11.3,11.3,23.803333333333335,0.37764932562620424,2026-02,avg_duration_by_zone_hour,False
129,Jackson Heights,3,143,14.517249417249417,13.5,13.5,24.223333333333333,0.3776223776223776,2026-02,avg_duration_by_zone_hour,False
26,Borough Park,12,98,36.802891156462586,32.69166666666666,32.69166666666666,63.72,0.37755102040816324,2026-02,avg_duration_by_zone_hour,False
140,Lenox Hill East,20,3073,13.27062588133203,11.766666666666667,11.716666666666667,23.466666666666665,0.37748128864301983,2026-02,avg_duration_by_zone_hour,False
86,Far Rockaway,8,106,59.37185534591195,57.00833333333333,57.00833333333333,116.5,0.37735849056603776,2026-02,avg_duration_by_zone_hour,False
18,Bedford Park,5,53,45.8682389937107,40.9,40.9,84.94666666666669,0.37735849056603776,2026-02,avg_duration_by_zone_hour,False
89,Flatbush/Ditmas Park,5,106,34.354559748427675,27.78333333333333,27.78333333333333,66.81666666666666,0.37735849056603776,2026-02,avg_duration_by_zone_hour,False
14,Bay Ridge,22,53,19.42735849056604,18.733333333333334,18.733333333333334,36.160000000000004,0.37735849056603776,2026-02,avg_duration_by_zone_hour,False
89,Flatbush/Ditmas Park,8,387,39.50163652024117,33.483333333333334,33.483333333333334,72.05666666666667,0.3772609819121447,2026-02,avg_duration_by_zone_hour,False
263,Yorkville West,13,3454,13.270580003860259,10.883333333333333,9.983333333333333,25.35166666666668,0.3772437753329473,2026-02,avg_duration_by_zone_hour,False
71,East Flatbush/Farragut,15,114,36.56681286549708,30.191666666666666,30.191666666666666,70.32666666666667,0.37719298245614036,2026-02,avg_duration_by_zone_hour,False
100,Garment District,17,2898,18.04898780768346,14.258333333333333,12.725000000000001,32.33833333333334,0.3771566597653554,2026-02,avg_duration_by_zone_hour,False
144,Little Italy/NoLiTa,2,1888,12.238268008474575,10.666666666666666,10.666666666666666,21.65,0.3771186440677966,2026-02,avg_duration_by_zone_hour,False
55,Coney Island,10,122,49.592622950819674,42.99166666666666,42.99166666666666,95.74000000000001,0.3770491803278688,2026-02,avg_duration_by_zone_hour,False
55,Coney Island,18,61,37.35027322404372,31.066666666666666,31.066666666666666,80.88333333333334,0.3770491803278688,2026-02,avg_duration_by_zone_hour,False
85,Erasmus,6,122,34.92390710382513,29.96666666666667,29.96666666666667,65.08500000000004,0.3770491803278688,2026-02,avg_duration_by_zone_hour,False
22,Bensonhurst West,18,61,26.04262295081967,19.566666666666666,19.566666666666666,49.96666666666667,0.3770491803278688,2026-02,avg_duration_by_zone_hour,False
164,Midtown South,13,2866,17.404454524307976,14.883333333333333,13.308333333333334,31.625,0.3768318213538032,2026-02,avg_duration_by_zone_hour,False
72,East Flatbush/Remsen Village,13,138,36.46727053140097,29.458333333333336,29.458333333333336,71.76666666666667,0.37681159420289856,2026-02,avg_duration_by_zone_hour,False
193,Queensbridge/Ravenswood,17,138,20.258574879227055,16.2,16.2,41.473333333333336,0.37681159420289856,2026-02,avg_duration_by_zone_hour,False
141,Lenox Hill West,4,353,11.894617563739377,10.283333333333333,10.283333333333333,19.446666666666665,0.37677053824362605,2026-02,avg_duration_by_zone_hour,False
181,Park Slope,16,215,33.12875968992248,26.8,26.8,61.26666666666666,0.3767441860465116,2026-02,avg_duration_by_zone_hour,False
143,Lincoln Square West,14,2408,15.183977021040976,12.375,11.666666666666666,27.59833333333334,0.3766611295681063,2026-02,avg_duration_by_zone_hour,False
45,Chinatown,12,324,25.45977366255144,22.141666666666666,22.141666666666666,45.955,0.3765432098765432,2026-02,avg_duration_by_zone_hour,False
42,Central Harlem North,10,571,26.017600700525392,22.833333333333332,22.833333333333332,47.45,0.37653239929947463,2026-02,avg_duration_by_zone_hour,False
143,Lincoln Square West,3,85,12.093529411764706,9.683333333333334,9.683333333333334,24.426666666666673,0.3764705882352941,2026-02,avg_duration_by_zone_hour,False
97,Fort Greene,10,178,29.13370786516854,23.441666666666666,23.441666666666666,54.86833333333334,0.37640449438202245,2026-02,avg_duration_by_zone_hour,False
10,Baisley Park,13,93,40.21971326164875,35.63333333333333,35.63333333333333,68.32333333333332,0.3763440860215054,2026-02,avg_duration_by_zone_hour,False
62,Crown Heights South,19,93,29.33243727598566,26.283333333333335,26.283333333333335,49.39666666666667,0.3763440860215054,2026-02,avg_duration_by_zone_hour,False
225,Stuyvesant Heights,14,202,34.08473597359736,27.616666666666667,27.616666666666667,69.97666666666669,0.37623762376237624,2026-02,avg_duration_by_zone_hour,False
35,Brownsville,5,101,29.76155115511551,23.8,23.8,57.766666666666666,0.37623762376237624,2026-02,avg_duration_by_zone_hour,False
162,Midtown East,23,2347,12.690597926430904,11.25,10.516666666666667,21.723333333333343,0.3762249680443119,2026-02,avg_duration_by_zone_hour,False
90,Flatiron,4,638,12.910188087774296,10.45,10.45,25.853333333333335,0.3761755485893417,2026-02,avg_duration_by_zone_hour,False
107,Gramercy,15,3113,17.81607238462362,14.0,13.283333333333333,32.93,0.376164471570832,2026-02,avg_duration_by_zone_hour,False
117,Hammels/Arverne,8,109,61.04984709480122,57.11666666666667,57.11666666666667,112.78666666666668,0.3761467889908257,2026-02,avg_duration_by_zone_hour,False
234,Union Sq,8,1949,13.17710791859073,10.916666666666666,10.816666666666666,23.886666666666667,0.37609030271934324,2026-02,avg_duration_by_zone_hour,False
168,Mott Haven/Port Morris,12,117,28.8537037037037,21.15,21.15,60.36333333333334,0.37606837606837606,2026-02,avg_duration_by_zone_hour,False
216,South Ozone Park,18,117,24.912250712250714,21.533333333333335,21.533333333333335,53.436666666666675,0.37606837606837606,2026-02,avg_duration_by_zone_hour,False
230,Times Sq/Theatre District,14,3497,21.0410733009246,15.616666666666667,13.766666666666667,41.51000000000002,0.37603660280240203,2026-02,avg_duration_by_zone_hour,False
262,Yorkville East,15,3250,15.085420512820514,12.566666666666666,12.566666666666666,27.25,0.376,2026-02,avg_duration_by_zone_hour,False
95,Forest Hills,22,133,17.781453634085214,16.516666666666666,16.516666666666666,28.783333333333328,0.37593984962406013,2026-02,avg_duration_by_zone_hour,False
233,UN/Turtle Bay South,4,133,12.849498746867168,10.283333333333333,10.283333333333333,27.196666666666665,0.37593984962406013,2026-02,avg_duration_by_zone_hour,False
260,Woodside,8,141,28.43404255319149,26.033333333333335,26.033333333333335,47.266666666666666,0.375886524822695,2026-02,avg_duration_by_zone_hour,False
170,Murray Hill,7,2105,12.218345209817894,9.983333333333333,9.983333333333333,22.370000000000005,0.37577197149643704,2026-02,avg_duration_by_zone_hour,False
91,Flatlands,10,173,40.11618497109827,32.56666666666667,32.56666666666667,84.39000000000004,0.37572254335260113,2026-02,avg_duration_by_zone_hour,False
17,Bedford,11,205,32.61439024390244,26.266666666666666,26.266666666666666,60.05666666666664,0.375609756097561,2026-02,avg_duration_by_zone_hour,False
262,Yorkville East,19,2460,14.419031165311653,12.175,12.175,26.636666666666663,0.375609756097561,2026-02,avg_duration_by_zone_hour,False
186,Penn Station/Madison Sq West,5,1310,9.44969465648855,7.308333333333334,7.308333333333334,16.535000000000004,0.3755725190839695,2026-02,avg_duration_by_zone_hour,False
45,Chinatown,17,482,24.44125172890733,19.541666666666664,19.541666666666664,46.91833333333335,0.3755186721991701,2026-02,avg_duration_by_zone_hour,False
114,Greenwich Village South,17,1952,15.735724043715848,12.866666666666667,11.95,28.828333333333337,0.3755122950819672,2026-02,avg_duration_by_zone_hour,False
132,JFK Airport,4,578,20.67782583621684,18.933333333333334,18.933333333333334,33.42666666666667,0.3754325259515571,2026-02,avg_duration_by_zone_hour,False
231,TriBeCa/Civic Center,10,1449,19.482769726247987,16.233333333333334,16.233333333333334,36.92,0.3754313319530711,2026-02,avg_duration_by_zone_hour,False
86,Far Rockaway,16,40,62.91416666666667,66.03333333333333,66.03333333333333,113.435,0.375,2026-02,avg_duration_by_zone_hour,False
136,Kingsbridge Heights,11,32,50.518229166666664,39.25833333333333,39.25833333333333,102.21833333333333,0.375,2026-02,avg_duration_by_zone_hour,False
47,Claremont/Bathgate,14,40,48.751666666666665,39.94166666666666,39.94166666666666,95.90333333333334,0.375,2026-02,avg_duration_by_zone_hour,False
219,Springfield Gardens South,8,56,43.519642857142856,36.88333333333333,36.88333333333333,84.38333333333333,0.375,2026-02,avg_duration_by_zone_hour,False
208,Schuylerville/Edgewater Park,10,32,42.1609375,36.99166666666667,36.99166666666667,74.54,0.375,2026-02,avg_duration_by_zone_hour,False
19,Bellerose,14,32,41.52916666666667,36.90833333333333,36.90833333333333,85.92166666666667,0.375,2026-02,avg_duration_by_zone_hour,False
71,East Flatbush/Farragut,6,184,40.055615942028986,35.608333333333334,35.608333333333334,71.64500000000001,0.375,2026-02,avg_duration_by_zone_hour,False
123,Homecrest,13,72,39.597685185185185,31.575000000000003,31.575000000000003,72.38166666666666,0.375,2026-02,avg_duration_by_zone_hour,False
131,Jamaica Estates,7,64,39.2234375,34.58333333333333,34.58333333333333,66.11333333333334,0.375,2026-02,avg_duration_by_zone_hour,False
39,Canarsie,14,176,39.080397727272725,31.933333333333334,31.933333333333334,80.84166666666667,0.375,2026-02,avg_duration_by_zone_hour,False
254,Williamsbridge/Olinville,17,48,38.13368055555556,33.650000000000006,33.650000000000006,64.73000000000002,0.375,2026-02,avg_duration_by_zone_hour,False
219,Springfield Gardens South,17,32,36.35572916666667,31.025,31.025,71.73333333333333,0.375,2026-02,avg_duration_by_zone_hour,False
85,Erasmus,10,72,35.68796296296296,27.616666666666667,27.616666666666667,71.80166666666666,0.375,2026-02,avg_duration_by_zone_hour,False
215,South Jamaica,5,40,32.42041666666667,25.541666666666664,25.541666666666664,69.35166666666667,0.375,2026-02,avg_duration_by_zone_hour,False
217,South Williamsburg,13,40,31.589999999999996,22.816666666666666,22.816666666666666,60.515000000000015,0.375,2026-02,avg_duration_by_zone_hour,False
167,Morrisania/Melrose,17,48,30.308333333333334,26.925,26.925,49.275000000000006,0.375,2026-02,avg_duration_by_zone_hour,False
106,Gowanus,11,56,29.570535714285715,24.383333333333333,24.383333333333333,57.71666666666667,0.375,2026-02,avg_duration_by_zone_hour,False
223,Steinway,8,160,29.368854166666665,26.56666666666667,26.56666666666667,51.58999999999999,0.375,2026-02,avg_duration_by_zone_hour,False
52,Cobble Hill,13,48,29.180208333333336,24.075000000000003,24.075000000000003,53.33500000000001,0.375,2026-02,avg_duration_by_zone_hour,False
167,Morrisania/Melrose,20,32,29.00625,24.991666666666667,24.991666666666667,55.39333333333334,0.375,2026-02,avg_duration_by_zone_hour,False
198,Ridgewood,12,64,28.358854166666667,23.425,23.425,53.175000000000004,0.375,2026-02,avg_duration_by_zone_hour,False
216,South Ozone Park,19,64,27.425520833333334,24.433333333333334,24.433333333333334,58.045000000000016,0.375,2026-02,avg_duration_by_zone_hour,False
56,Corona,17,48,26.931944444444444,23.175,23.175,42.448333333333345,0.375,2026-02,avg_duration_by_zone_hour,False
55,Coney Island,4,32,26.013020833333332,22.34166666666667,22.34166666666667,52.91333333333335,0.375,2026-02,avg_duration_by_zone_hour,False
225,Stuyvesant Heights,4,104,23.95384615384615,20.95,20.95,36.495,0.375,2026-02,avg_duration_by_zone_hour,False
85,Erasmus,22,40,23.465833333333332,20.308333333333334,20.308333333333334,45.21000000000001,0.375,2026-02,avg_duration_by_zone_hour,False
260,Woodside,16,144,22.19074074074074,19.508333333333333,19.508333333333333,43.330000000000005,0.375,2026-02,avg_duration_by_zone_hour,False
134,Kew Gardens,18,56,22.14345238095238,18.866666666666667,18.866666666666667,42.325,0.375,2026-02,avg_duration_by_zone_hour,False
197,Richmond Hill,17,80,21.913958333333333,17.525,17.525,43.535000000000004,0.375,2026-02,avg_duration_by_zone_hour,False
166,Morningside Heights,10,864,18.222916666666666,16.05,16.05,32.49666666666667,0.375,2026-02,avg_duration_by_zone_hour,False
169,Mount Hope,22,32,17.880729166666665,14.3,14.3,27.955000000000013,0.375,2026-02,avg_duration_by_zone_hour,False
83,Elmhurst/Maspeth,23,40,15.477083333333335,14.95,14.95,24.355000000000008,0.375,2026-02,avg_duration_by_zone_hour,False
90,Flatiron,0,2040,13.554468954248366,12.133333333333333,12.133333333333333,24.235000000000003,0.375,2026-02,avg_duration_by_zone_hour,False
237,Upper East Side South,4,192,11.531944444444443,8.891666666666666,8.891666666666666,23.075000000000003,0.375,2026-02,avg_duration_by_zone_hour,False
140,Lenox Hill East,14,4641,18.834776987718165,15.8,15.083333333333334,32.983333333333334,0.3749191984486102,2026-02,avg_duration_by_zone_hour,False
166,Morningside Heights,8,1019,19.713411841674844,17.7,17.7,37.24000000000001,0.3748773307163886,2026-02,avg_duration_by_zone_hour,False
137,Kips Bay,8,1774,15.748553175497934,13.716666666666665,13.716666666666665,26.545,0.37485907553551295,2026-02,avg_duration_by_zone_hour,False
263,Yorkville West,12,3406,13.681057936973968,11.15,10.0,26.333333333333336,0.37463300058719906,2026-02,avg_duration_by_zone_hour,False
140,Lenox Hill East,10,3796,16.081985423252547,14.133333333333333,14.133333333333333,28.008333333333333,0.3746048472075869,2026-02,avg_duration_by_zone_hour,False
107,Gramercy,0,2403,12.457379664308503,11.266666666666667,11.266666666666667,21.57333333333334,0.37453183520599254,2026-02,avg_duration_by_zone_hour,False
132,JFK Airport,6,3305,35.534674735249624,32.233333333333334,32.233333333333334,63.17333333333333,0.37428139183055975,2026-02,avg_duration_by_zone_hour,False
129,Jackson Heights,9,163,27.594580777096116,25.7,25.7,50.56666666666667,0.37423312883435583,2026-02,avg_duration_by_zone_hour,False
211,SoHo,12,898,19.214458054936895,15.933333333333334,15.933333333333334,35.690000000000005,0.3741648106904232,2026-02,avg_duration_by_zone_hour,False
239,Upper West Side South,23,1935,12.921283376399655,10.95,10.95,24.660000000000004,0.37416020671834627,2026-02,avg_duration_by_zone_hour,False
167,Morrisania/Melrose,7,139,37.59484412470024,32.7,32.7,66.86333333333333,0.37410071942446044,2026-02,avg_duration_by_zone_hour,False
42,Central Harlem North,7,973,24.47444330250086,21.633333333333333,21.633333333333333,42.11000000000001,0.37410071942446044,2026-02,avg_duration_by_zone_hour,False
79,East Village,14,2355,16.78283085633404,13.683333333333334,13.683333333333334,30.56333333333333,0.3740976645435244,2026-02,avg_duration_by_zone_hour,False
163,Midtown North,12,3871,16.84287005941617,14.016666666666667,14.016666666666667,31.016666666666666,0.3740635494704211,2026-02,avg_duration_by_zone_hour,False
50,Clinton West,22,1040,15.783798076923079,14.25,14.25,25.95,0.37403846153846154,2026-02,avg_duration_by_zone_hour,False
141,Lenox Hill West,2,385,10.514069264069263,9.766666666666667,9.766666666666667,20.220000000000002,0.37402597402597404,2026-02,avg_duration_by_zone_hour,False
263,Yorkville West,16,3672,13.731976216412491,10.366666666666667,9.658333333333333,27.115000000000002,0.3739106753812636,2026-02,avg_duration_by_zone_hour,False
77,East New York/Pennsylvania Avenue,10,99,38.72205387205387,33.03333333333333,33.03333333333333,79.17333333333335,0.37373737373737376,2026-02,avg_duration_by_zone_hour,False
216,South Ozone Park,13,99,29.98148148148148,25.216666666666665,25.216666666666665,60.75000000000001,0.37373737373737376,2026-02,avg_duration_by_zone_hour,False
151,Manhattan Valley,9,1659,16.03690978501105,13.383333333333333,13.383333333333333,30.870000000000005,0.37371910789632307,2026-02,avg_duration_by_zone_hour,False
143,Lincoln Square West,10,2336,14.976847888127853,13.225,13.225,27.59166666666667,0.3737157534246575,2026-02,avg_duration_by_zone_hour,False
159,Melrose South,17,91,35.98498168498168,26.25,26.25,79.15,0.37362637362637363,2026-02,avg_duration_by_zone_hour,False
248,West Farms/Bronx River,8,91,33.665018315018315,23.983333333333334,23.983333333333334,64.15,0.37362637362637363,2026-02,avg_duration_by_zone_hour,False
168,Mott Haven/Port Morris,16,174,31.714176245210727,23.233333333333334,23.233333333333334,62.12000000000003,0.3735632183908046,2026-02,avg_duration_by_zone_hour,False
22,Bensonhurst West,8,83,39.34357429718875,30.883333333333333,30.883333333333333,79.25666666666666,0.37349397590361444,2026-02,avg_duration_by_zone_hour,False
170,Murray Hill,0,1920,12.680633680555555,11.5,11.5,21.283333333333335,0.3734375,2026-02,avg_duration_by_zone_hour,False
231,TriBeCa/Civic Center,4,466,12.787124463519314,10.741666666666667,10.741666666666667,23.366666666666667,0.37339055793991416,2026-02,avg_duration_by_zone_hour,False
43,Central Park,14,3064,15.870109878154919,13.441666666666666,13.383333333333333,28.645000000000003,0.3733681462140992,2026-02,avg_duration_by_zone_hour,False
137,Kips Bay,22,2151,13.438098558809855,11.933333333333334,11.933333333333334,22.583333333333332,0.37331473733147374,2026-02,avg_duration_by_zone_hour,False
68,East Chelsea,0,2502,15.125879296562749,13.566666666666666,13.566666666666666,26.530000000000005,0.3733013589128697,2026-02,avg_duration_by_zone_hour,False
113,Greenwich Village North,23,2486,14.006965674443551,11.616666666666667,11.075,25.683333333333334,0.37329042638777155,2026-02,avg_duration_by_zone_hour,False
233,UN/Turtle Bay South,8,1535,14.815016286644951,13.283333333333333,13.283333333333333,25.110000000000003,0.3732899022801303,2026-02,avg_duration_by_zone_hour,False
234,Union Sq,7,1093,12.53860933211345,9.85,9.85,23.19000000000001,0.37328453796889294,2026-02,avg_duration_by_zone_hour,False
246,West Chelsea/Hudson Yards,11,2288,17.770418123543124,15.533333333333333,15.016666666666667,32.016666666666666,0.3732517482517482,2026-02,avg_duration_by_zone_hour,False
92,Flushing,12,67,41.34129353233831,36.25,36.25,71.01333333333334,0.373134328358209,2026-02,avg_duration_by_zone_hour,False
77,East New York/Pennsylvania Avenue,17,67,36.67985074626866,28.85,28.85,71.46,0.373134328358209,2026-02,avg_duration_by_zone_hour,False
35,Brownsville,15,134,35.71529850746269,27.166666666666664,27.166666666666664,74.71166666666667,0.373134328358209,2026-02,avg_duration_by_zone_hour,False
133,Kensington,18,67,21.597512437810945,19.133333333333333,19.133333333333333,36.276666666666664,0.373134328358209,2026-02,avg_duration_by_zone_hour,False
114,Greenwich Village South,4,536,13.133924129353234,10.925,10.925,24.375,0.373134328358209,2026-02,avg_duration_by_zone_hour,False
4,Alphabet City,21,595,15.840980392156862,14.5,14.5,26.610000000000003,0.373109243697479,2026-02,avg_duration_by_zone_hour,False
41,Central Harlem,1,193,14.748359240069085,13.55,13.55,26.653333333333336,0.37305699481865284,2026-02,avg_duration_by_zone_hour,False
62,Crown Heights South,9,185,33.31612612612613,28.45,28.45,63.71,0.372972972972973,2026-02,avg_duration_by_zone_hour,False
95,Forest Hills,17,185,28.47126126126126,24.183333333333334,24.183333333333334,49.96666666666667,0.372972972972973,2026-02,avg_duration_by_zone_hour,False
191,Queens Village,5,59,43.0954802259887,34.083333333333336,34.083333333333336,88.54666666666668,0.3728813559322034,2026-02,avg_duration_by_zone_hour,False
71,East Flatbush/Farragut,19,59,33.01751412429378,26.633333333333333,26.633333333333333,60.93,0.3728813559322034,2026-02,avg_duration_by_zone_hour,False
223,Steinway,15,118,29.56045197740113,25.883333333333333,25.883333333333333,45.334999999999994,0.3728813559322034,2026-02,avg_duration_by_zone_hour,False
35,Brownsville,8,271,36.663837638376386,32.483333333333334,32.483333333333334,71.56666666666666,0.3726937269372694,2026-02,avg_duration_by_zone_hour,False
4,Alphabet City,1,1315,14.048415716096326,13.033333333333333,13.033333333333333,22.96,0.3726235741444867,2026-02,avg_duration_by_zone_hour,False
127,Inwood,15,102,32.53186274509804,23.733333333333334,23.733333333333334,63.48333333333334,0.37254901960784315,2026-02,avg_duration_by_zone_hour,False
65,Downtown Brooklyn/MetroTech,11,153,26.665032679738562,22.383333333333333,22.383333333333333,47.43000000000001,0.37254901960784315,2026-02,avg_duration_by_zone_hour,False
157,Maspeth,9,51,21.80686274509804,16.883333333333333,16.883333333333333,38.11666666666667,0.37254901960784315,2026-02,avg_duration_by_zone_hour,False
4,Alphabet City,3,647,13.356156620298814,11.933333333333334,11.933333333333334,22.29999999999999,0.37248840803709427,2026-02,avg_duration_by_zone_hour,False
107,Gramercy,10,2449,15.317129440587996,12.5,12.5,28.833333333333357,0.37239689669252757,2026-02,avg_duration_by_zone_hour,False
163,Midtown North,8,1896,14.304623769338958,11.466666666666667,11.466666666666667,26.06666666666667,0.37236286919831224,2026-02,avg_duration_by_zone_hour,False
127,Inwood,14,94,34.223581560283684,27.3,27.3,69.16000000000001,0.3723404255319149,2026-02,avg_duration_by_zone_hour,False
129,Jackson Heights,16,137,26.57360097323601,22.883333333333333,22.883333333333333,48.42333333333335,0.3722627737226277,2026-02,avg_duration_by_zone_hour,False
29,Brighton Beach,13,43,41.68178294573643,34.8,34.8,71.19333333333334,0.37209302325581395,2026-02,avg_duration_by_zone_hour,False
121,Hillcrest/Pomonok,9,43,41.665503875968994,36.43333333333333,36.43333333333333,74.30666666666667,0.37209302325581395,2026-02,avg_duration_by_zone_hour,False
225,Stuyvesant Heights,16,172,37.419864341085265,30.2,30.2,77.49333333333337,0.37209302325581395,2026-02,avg_duration_by_zone_hour,False
200,Riverdale/North Riverdale/Fieldston,17,43,30.766666666666666,25.95,25.95,52.99666666666668,0.37209302325581395,2026-02,avg_duration_by_zone_hour,False
12,Battery Park,13,43,21.8531007751938,17.666666666666668,17.666666666666668,37.97666666666667,0.37209302325581395,2026-02,avg_duration_by_zone_hour,False
42,Central Harlem North,22,465,17.31695340501792,15.566666666666666,15.566666666666666,29.973333333333336,0.3720430107526882,2026-02,avg_duration_by_zone_hour,False
42,Central Harlem North,12,586,26.01003981797497,22.0,22.0,48.09166666666667,0.3720136518771331,2026-02,avg_duration_by_zone_hour,False
25,Boerum Hill,9,164,26.46880081300813,23.15833333333333,23.15833333333333,46.171666666666674,0.3719512195121951,2026-02,avg_duration_by_zone_hour,False
76,East New York,21,121,26.999586776859502,23.666666666666668,23.666666666666668,52.78333333333333,0.371900826446281,2026-02,avg_duration_by_zone_hour,False
246,West Chelsea/Hudson Yards,0,1124,15.154774614472124,13.691666666666666,13.691666666666666,25.6,0.3718861209964413,2026-02,avg_duration_by_zone_hour,False
181,Park Slope,14,156,34.11933760683761,28.55,28.55,62.1,0.3717948717948718,2026-02,avg_duration_by_zone_hour,False
212,Soundview/Bruckner,6,78,28.863247863247864,22.433333333333334,22.433333333333334,59.528333333333336,0.3717948717948718,2026-02,avg_duration_by_zone_hour,False
62,Crown Heights South,13,113,37.647197640117994,33.8,33.8,66.85666666666667,0.37168141592920356,2026-02,avg_duration_by_zone_hour,False
76,East New York,22,113,20.141592920353983,16.483333333333334,16.483333333333334,38.21,0.37168141592920356,2026-02,avg_duration_by_zone_hour,False
132,JFK Airport,2,654,23.07018348623853,21.491666666666667,21.491666666666667,36.326666666666675,0.37155963302752293,2026-02,avg_duration_by_zone_hour,False
155,Marine Park/Mill Basin,11,70,40.832857142857144,29.05,29.05,81.58333333333334,0.37142857142857144,2026-02,avg_duration_by_zone_hour,False
182,Parkchester,6,140,38.330238095238094,32.475,32.475,71.15500000000002,0.37142857142857144,2026-02,avg_duration_by_zone_hour,False
241,Van Cortlandt Village,15,35,38.05285714285714,34.7,34.7,62.946666666666665,0.37142857142857144,2026-02,avg_duration_by_zone_hour,False
18,Bedford Park,16,35,35.25238095238095,26.233333333333334,26.233333333333334,72.67333333333335,0.37142857142857144,2026-02,avg_duration_by_zone_hour,False
257,Windsor Terrace,10,35,34.84714285714286,28.933333333333334,28.933333333333334,63.58000000000002,0.37142857142857144,2026-02,avg_duration_by_zone_hour,False
174,Norwood,16,35,34.26571428571428,32.25,32.25,61.35333333333334,0.37142857142857144,2026-02,avg_duration_by_zone_hour,False
134,Kew Gardens,17,70,23.37238095238095,19.483333333333334,19.483333333333334,43.71833333333334,0.37142857142857144,2026-02,avg_duration_by_zone_hour,False
197,Richmond Hill,23,70,16.016190476190474,14.341666666666667,14.341666666666667,26.188333333333336,0.37142857142857144,2026-02,avg_duration_by_zone_hour,False
43,Central Park,5,70,14.556904761904763,10.075,10.075,24.065,0.37142857142857144,2026-02,avg_duration_by_zone_hour,False
144,Little Italy/NoLiTa,12,1080,18.990787037037038,16.458333333333332,16.458333333333332,34.160000000000004,0.3712962962962963,2026-02,avg_duration_by_zone_hour,False
68,East Chelsea,9,2783,16.80426997245179,14.15,14.15,32.21666666666667,0.3711821775062882,2026-02,avg_duration_by_zone_hour,False
237,Upper East Side South,2,326,10.676738241308794,8.8,8.8,20.21666666666667,0.37116564417177916,2026-02,avg_duration_by_zone_hour,False
161,Midtown Center,0,1983,13.068297192805513,11.083333333333334,11.083333333333334,22.846666666666668,0.37115481593545135,2026-02,avg_duration_by_zone_hour,False
229,Sutton Place/Turtle Bay North,22,2363,12.793482860770208,11.166666666666666,11.166666666666666,22.513333333333335,0.3711383834109183,2026-02,avg_duration_by_zone_hour,False
218,Springfield Gardens North,8,97,52.65085910652921,51.5,51.5,92.05000000000003,0.3711340206185567,2026-02,avg_duration_by_zone_hour,False
71,East Flatbush/Farragut,18,97,30.480068728522337,23.633333333333333,23.633333333333333,59.63000000000001,0.3711340206185567,2026-02,avg_duration_by_zone_hour,False
80,East Williamsburg,12,124,26.886827956989247,22.95,22.95,48.12833333333334,0.3709677419354839,2026-02,avg_duration_by_zone_hour,False
211,SoHo,10,515,17.688996763754048,14.466666666666667,14.466666666666667,34.53,0.37087378640776697,2026-02,avg_duration_by_zone_hour,False
236,Upper East Side North,22,2961,12.373224135990094,9.95,9.583333333333334,23.533333333333335,0.3708206686930091,2026-02,avg_duration_by_zone_hour,False
82,Elmhurst,14,89,31.641385767790265,27.633333333333333,27.633333333333333,57.80333333333335,0.3707865168539326,2026-02,avg_duration_by_zone_hour,False
161,Midtown Center,7,1721,12.509432500484214,9.283333333333333,9.283333333333333,24.766666666666666,0.37071470075537477,2026-02,avg_duration_by_zone_hour,False
254,Williamsbridge/Olinville,5,116,39.45158045977011,35.8,35.8,68.74166666666666,0.3706896551724138,2026-02,avg_duration_by_zone_hour,False
78,East Tremont,10,54,48.23765432098766,43.083333333333336,43.083333333333336,86.28500000000003,0.37037037037037035,2026-02,avg_duration_by_zone_hour,False
71,East Flatbush/Farragut,7,216,46.3224537037037,41.25,41.25,89.75,0.37037037037037035,2026-02,avg_duration_by_zone_hour,False
69,East Concourse/Concourse Village,14,54,39.763888888888886,30.283333333333335,30.283333333333335,81.07666666666667,0.37037037037037035,2026-02,avg_duration_by_zone_hour,False
81,Eastchester,6,54,38.665432098765436,35.91666666666667,35.91666666666667,79.77666666666669,0.37037037037037035,2026-02,avg_duration_by_zone_hour,False
258,Woodhaven,9,81,29.030041152263376,23.383333333333333,23.383333333333333,56.6,0.37037037037037035,2026-02,avg_duration_by_zone_hour,False
179,Old Astoria,15,135,27.86864197530864,26.05,26.05,44.76333333333334,0.37037037037037035,2026-02,avg_duration_by_zone_hour,False
134,Kew Gardens,15,54,26.659259259259258,19.566666666666666,19.566666666666666,56.52333333333334,0.37037037037037035,2026-02,avg_duration_by_zone_hour,False
197,Richmond Hill,3,54,18.631481481481483,17.15,17.15,30.176666666666673,0.37037037037037035,2026-02,avg_duration_by_zone_hour,False
82,Elmhurst,21,189,18.13862433862434,16.216666666666665,16.216666666666665,29.483333333333352,0.37037037037037035,2026-02,avg_duration_by_zone_hour,False
232,Two Bridges/Seward Park,16,424,25.167216981132075,19.533333333333335,19.533333333333335,49.85,0.37028301886792453,2026-02,avg_duration_by_zone_hour,False
45,Chinatown,0,370,15.557747747747747,14.325,14.325,25.75666666666667,0.37027027027027026,2026-02,avg_duration_by_zone_hour,False
43,Central Park,13,2631,15.52614975294565,13.033333333333333,13.033333333333333,28.766666666666666,0.37020144431774993,2026-02,avg_duration_by_zone_hour,False
148,Lower East Side,14,1094,19.882449725776965,16.78333333333333,16.78333333333333,36.24,0.3702010968921389,2026-02,avg_duration_by_zone_hour,False
17,Bedford,10,208,27.660496794871793,25.375,25.375,47.82000000000002,0.3701923076923077,2026-02,avg_duration_by_zone_hour,False
146,Long Island City/Queens Plaza,15,154,29.581385281385284,23.09166666666667,23.09166666666667,60.205000000000055,0.37012987012987014,2026-02,avg_duration_by_zone_hour,False
144,Little Italy/NoLiTa,0,2221,13.323232778027917,11.966666666666667,11.966666666666667,23.583333333333332,0.37010355695632596,2026-02,avg_duration_by_zone_hour,False
17,Bedford,17,254,34.54685039370079,29.85,29.85,62.55833333333334,0.3700787401574803,2026-02,avg_duration_by_zone_hour,False
263,Yorkville West,22,2897,12.336894488551374,10.65,10.266666666666667,23.273333333333333,0.37003797031411806,2026-02,avg_duration_by_zone_hour,False
216,South Ozone Park,9,100,30.586833333333335,22.71666666666667,22.71666666666667,70.0200000000001,0.37,2026-02,avg_duration_by_zone_hour,False
213,Soundview/Castle Hill,13,73,35.05410958904109,28.8,28.8,67.98666666666665,0.3698630136986301,2026-02,avg_duration_by_zone_hour,False
177,Ocean Hill,10,192,36.23246527777778,28.891666666666666,28.891666666666666,68.12833333333334,0.3697916666666667,2026-02,avg_duration_by_zone_hour,False
91,Flatlands,6,138,47.630072463768116,43.50833333333333,43.50833333333333,86.88,0.3695652173913043,2026-02,avg_duration_by_zone_hour,False
208,Schuylerville/Edgewater Park,7,46,47.44420289855073,43.641666666666666,43.641666666666666,88.7,0.3695652173913043,2026-02,avg_duration_by_zone_hour,False
182,Parkchester,14,46,41.46340579710145,34.75833333333333,34.75833333333333,71.75833333333334,0.3695652173913043,2026-02,avg_duration_by_zone_hour,False
26,Borough Park,13,92,41.37590579710145,33.43333333333334,33.43333333333334,78.95666666666666,0.3695652173913043,2026-02,avg_duration_by_zone_hour,False
85,Erasmus,8,138,38.81002415458937,34.15,34.15,70.85166666666666,0.3695652173913043,2026-02,avg_duration_by_zone_hour,False
10,Baisley Park,8,138,38.78055555555555,31.625,31.625,73.13666666666667,0.3695652173913043,2026-02,avg_duration_by_zone_hour,False
235,University Heights/Morris Heights,17,46,35.71340579710145,28.40833333333333,28.40833333333333,74.19166666666666,0.3695652173913043,2026-02,avg_duration_by_zone_hour,False
231,TriBeCa/Civic Center,11,1702,20.17854484919702,16.541666666666668,16.541666666666668,37.741666666666674,0.3695652173913043,2026-02,avg_duration_by_zone_hour,False
225,Stuyvesant Heights,11,249,35.83708165997322,31.5,31.5,63.68666666666669,0.36947791164658633,2026-02,avg_duration_by_zone_hour,False
89,Flatbush/Ditmas Park,13,222,34.78911411411411,29.016666666666666,29.016666666666666,63.690000000000005,0.36936936936936937,2026-02,avg_duration_by_zone_hour,False
82,Elmhurst,15,111,31.80885885885886,24.3,24.3,63.666666666666664,0.36936936936936937,2026-02,avg_duration_by_zone_hour,False
223,Steinway,9,111,26.35345345345345,24.0,24.0,49.11666666666667,0.36936936936936937,2026-02,avg_duration_by_zone_hour,False
213,Soundview/Castle Hill,6,176,39.358617424242425,35.25833333333333,35.25833333333333,70.38333333333333,0.3693181818181818,2026-02,avg_duration_by_zone_hour,False
63,Cypress Hills,16,65,32.83974358974359,26.233333333333334,26.233333333333334,64.48,0.36923076923076925,2026-02,avg_duration_by_zone_hour,False
246,West Chelsea/Hudson Yards,9,1365,17.666019536019533,16.15,16.15,30.570000000000014,0.36923076923076925,2026-02,avg_duration_by_zone_hour,False
188,Prospect-Lefferts Gardens,10,233,35.54935622317596,30.333333333333332,30.333333333333332,66.50666666666666,0.36909871244635195,2026-02,avg_duration_by_zone_hour,False
210,Sheepshead Bay,11,84,40.98154761904762,35.15,35.15,75.24666666666667,0.36904761904761907,2026-02,avg_duration_by_zone_hour,False
91,Flatlands,16,84,40.7734126984127,34.900000000000006,34.900000000000006,86.45666666666666,0.36904761904761907,2026-02,avg_duration_by_zone_hour,False
26,Borough Park,17,84,28.164484126984128,22.525,22.525,56.24666666666668,0.36904761904761907,2026-02,avg_duration_by_zone_hour,False
157,Maspeth,8,84,22.809722222222224,19.316666666666666,19.316666666666666,46.165000000000006,0.36904761904761907,2026-02,avg_duration_by_zone_hour,False
216,South Ozone Park,23,84,20.704761904761906,19.34166666666667,19.34166666666667,39.12666666666667,0.36904761904761907,2026-02,avg_duration_by_zone_hour,False
262,Yorkville East,2,84,10.446428571428571,9.816666666666666,9.816666666666666,17.955000000000002,0.36904761904761907,2026-02,avg_duration_by_zone_hour,False
132,JFK Airport,9,3030,41.515814081408145,36.733333333333334,36.733333333333334,75.51833333333333,0.368976897689769,2026-02,avg_duration_by_zone_hour,False
4,Alphabet City,12,393,19.010729431721796,16.033333333333335,16.033333333333335,34.69666666666667,0.36895674300254455,2026-02,avg_duration_by_zone_hour,False
177,Ocean Hill,7,206,36.03470873786408,31.5,31.5,71.1,0.36893203883495146,2026-02,avg_duration_by_zone_hour,False
233,UN/Turtle Bay South,3,103,12.607605177993527,11.616666666666667,11.616666666666667,22.603333333333335,0.36893203883495146,2026-02,avg_duration_by_zone_hour,False
45,Chinatown,9,225,20.749925925925925,18.033333333333335,18.033333333333335,34.22666666666667,0.3688888888888889,2026-02,avg_duration_by_zone_hour,False
170,Murray Hill,9,3614,15.399474266740453,13.55,13.55,26.995000000000005,0.36884338682899837,2026-02,avg_duration_by_zone_hour,False
4,Alphabet City,2,1063,13.745061147695202,12.3,12.3,23.150000000000006,0.36876763875823143,2026-02,avg_duration_by_zone_hour,False
61,Crown Heights North,8,518,37.14723294723294,33.016666666666666,33.016666666666666,66.70166666666668,0.3687258687258687,2026-02,avg_duration_by_zone_hour,False
230,Times Sq/Theatre District,8,2238,16.189104855525766,11.825,10.233333333333334,32.30833333333333,0.36863270777479895,2026-02,avg_duration_by_zone_hour,False
163,Midtown North,23,2751,14.17824427480916,12.116666666666667,11.925,25.0,0.3685932388222465,2026-02,avg_duration_by_zone_hour,False
141,Lenox Hill West,3,350,10.440095238095237,9.383333333333333,9.383333333333333,18.02000000000001,0.36857142857142855,2026-02,avg_duration_by_zone_hour,False
229,Sutton Place/Turtle Bay North,9,2746,15.912011410536538,14.4,13.266666666666666,27.95,0.3685360524399126,2026-02,avg_duration_by_zone_hour,False
148,Lower East Side,17,1506,18.649922532093846,15.633333333333333,15.633333333333333,33.69166666666666,0.36852589641434264,2026-02,avg_duration_by_zone_hour,False
222,Starrett City,14,57,46.15584795321637,41.96666666666667,41.96666666666667,69.07333333333332,0.3684210526315789,2026-02,avg_duration_by_zone_hour,False
56,Corona,12,38,45.77412280701755,39.40833333333333,39.40833333333333,83.4066666666667,0.3684210526315789,2026-02,avg_duration_by_zone_hour,False
235,University Heights/Morris Heights,13,57,43.75964912280702,35.3,35.3,77.69666666666667,0.3684210526315789,2026-02,avg_duration_by_zone_hour,False
51,Co-Op City,18,57,29.126900584795322,22.1,22.1,50.13999999999999,0.3684210526315789,2026-02,avg_duration_by_zone_hour,False
198,Ridgewood,18,152,26.814144736842106,24.441666666666666,24.441666666666666,44.13666666666666,0.3684210526315789,2026-02,avg_duration_by_zone_hour,False
66,DUMBO/Vinegar Hill,12,133,22.770050125313283,19.983333333333334,19.983333333333334,37.72333333333333,0.3684210526315789,2026-02,avg_duration_by_zone_hour,False
45,Chinatown,10,228,21.397368421052633,18.25,18.25,37.571666666666665,0.3684210526315789,2026-02,avg_duration_by_zone_hour,False
40,Carroll Gardens,11,38,21.068859649122807,18.59166666666667,18.59166666666667,36.775000000000006,0.3684210526315789,2026-02,avg_duration_by_zone_hour,False
65,Downtown Brooklyn/MetroTech,21,171,20.82777777777778,19.416666666666668,19.416666666666668,32.93333333333333,0.3684210526315789,2026-02,avg_duration_by_zone_hour,False
152,Manhattanville,2,38,15.274122807017543,13.641666666666666,13.641666666666666,27.808333333333366,0.3684210526315789,2026-02,avg_duration_by_zone_hour,False
264,Unknown,0,76,15.05482456140351,14.833333333333332,14.833333333333332,24.25,0.3684210526315789,2026-02,avg_duration_by_zone_hour,False
140,Lenox Hill East,11,4159,17.65767812775507,15.116666666666667,15.116666666666667,31.220000000000002,0.36835777831209426,2026-02,avg_duration_by_zone_hour,False
100,Garment District,2,486,14.505589849108366,13.166666666666668,13.166666666666668,26.191666666666666,0.3683127572016461,2026-02,avg_duration_by_zone_hour,False
45,Chinatown,11,296,25.320889639639642,21.191666666666666,21.191666666666666,48.983333333333334,0.36824324324324326,2026-02,avg_duration_by_zone_hour,False
89,Flatbush/Ditmas Park,6,239,44.846722454672246,36.85,36.85,84.63000000000001,0.3682008368200837,2026-02,avg_duration_by_zone_hour,False
197,Richmond Hill,8,182,28.532967032967033,23.083333333333332,23.083333333333332,58.15500000000001,0.36813186813186816,2026-02,avg_duration_by_zone_hour,False
137,Kips Bay,6,910,12.299725274725274,9.858333333333334,9.858333333333334,22.663333333333334,0.36813186813186816,2026-02,avg_duration_by_zone_hour,False
76,East New York,20,163,31.2398773006135,26.6,26.6,60.75666666666667,0.36809815950920244,2026-02,avg_duration_by_zone_hour,False
163,Midtown North,7,1141,13.2174262342974,10.1,10.1,27.15,0.36809815950920244,2026-02,avg_duration_by_zone_hour,False
61,Crown Heights North,9,538,33.49485749690211,29.141666666666666,29.141666666666666,60.21,0.3680297397769517,2026-02,avg_duration_by_zone_hour,False
151,Manhattan Valley,18,2152,14.481141573729865,12.025,12.025,27.483333333333334,0.3680297397769517,2026-02,avg_duration_by_zone_hour,False
243,Washington Heights North,17,212,23.992138364779873,22.008333333333333,22.008333333333333,41.23500000000001,0.36792452830188677,2026-02,avg_duration_by_zone_hour,False
143,Lincoln Square West,4,106,16.181132075471698,12.458333333333332,12.458333333333332,33.05833333333334,0.36792452830188677,2026-02,avg_duration_by_zone_hour,False
144,Little Italy/NoLiTa,23,2327,14.385331614381892,12.366666666666667,12.366666666666667,25.933333333333334,0.36785560807907175,2026-02,avg_duration_by_zone_hour,False
125,Hudson Sq,1,367,13.876385104450499,12.166666666666666,12.166666666666666,24.550000000000004,0.3678474114441417,2026-02,avg_duration_by_zone_hour,False
49,Clinton Hill,10,174,30.88074712643678,26.958333333333332,26.958333333333332,58.00333333333335,0.367816091954023,2026-02,avg_duration_by_zone_hour,False
228,Sunset Park West,12,87,30.70785440613027,26.8,26.8,50.1,0.367816091954023,2026-02,avg_duration_by_zone_hour,False
148,Lower East Side,18,2004,17.082451763140384,14.791666666666668,14.791666666666668,30.365000000000006,0.36776447105788423,2026-02,avg_duration_by_zone_hour,False
91,Flatlands,12,155,36.4236559139785,30.35,30.35,69.00666666666666,0.36774193548387096,2026-02,avg_duration_by_zone_hour,False
33,Brooklyn Heights,13,204,30.930637254901963,25.558333333333334,25.558333333333334,57.71833333333334,0.36764705882352944,2026-02,avg_duration_by_zone_hour,False
126,Hunts Point,8,68,28.44607843137255,24.391666666666666,24.391666666666666,51.78666666666667,0.36764705882352944,2026-02,avg_duration_by_zone_hour,False
83,Elmhurst/Maspeth,18,68,23.871323529411764,20.133333333333333,20.133333333333333,39.34333333333334,0.36764705882352944,2026-02,avg_duration_by_zone_hour,False
24,Bloomingdale,4,68,14.1,12.383333333333333,12.383333333333333,27.62166666666667,0.36764705882352944,2026-02,avg_duration_by_zone_hour,False
244,Washington Heights South,16,487,23.505441478439423,21.05,21.05,40.63666666666667,0.3675564681724846,2026-02,avg_duration_by_zone_hour,False
69,East Concourse/Concourse Village,10,117,43.791880341880336,36.65,36.65,77.4866666666667,0.36752136752136755,2026-02,avg_duration_by_zone_hour,False
95,Forest Hills,16,117,30.422222222222224,22.433333333333334,22.433333333333334,63.873333333333335,0.36752136752136755,2026-02,avg_duration_by_zone_hour,False
7,Astoria,14,283,25.833568904593637,22.566666666666666,22.566666666666666,43.796666666666674,0.3674911660777385,2026-02,avg_duration_by_zone_hour,False
246,West Chelsea/Hudson Yards,8,1543,17.25748541801685,15.55,15.55,29.056666666666665,0.3674659753726507,2026-02,avg_duration_by_zone_hour,False
51,Co-Op City,13,49,54.72687074829932,47.15,47.15,94.48,0.3673469387755102,2026-02,avg_duration_by_zone_hour,False
147,Longwood,6,49,41.97142857142857,36.916666666666664,36.916666666666664,80.31666666666668,0.3673469387755102,2026-02,avg_duration_by_zone_hour,False
29,Brighton Beach,14,49,39.42482993197279,37.583333333333336,37.583333333333336,64.98333333333333,0.3673469387755102,2026-02,avg_duration_by_zone_hour,False
241,Van Cortlandt Village,17,49,38.3391156462585,33.516666666666666,33.516666666666666,64.84666666666666,0.3673469387755102,2026-02,avg_duration_by_zone_hour,False
22,Bensonhurst West,13,49,36.624149659863946,25.816666666666666,25.816666666666666,87.39333333333337,0.3673469387755102,2026-02,avg_duration_by_zone_hour,False
21,Bensonhurst East,11,49,34.99863945578232,28.85,28.85,57.24333333333335,0.3673469387755102,2026-02,avg_duration_by_zone_hour,False
167,Morrisania/Melrose,19,49,27.501020408163264,20.733333333333334,20.733333333333334,57.14666666666668,0.3673469387755102,2026-02,avg_duration_by_zone_hour,False
52,Cobble Hill,12,49,23.060884353741496,21.25,21.25,36.71,0.3673469387755102,2026-02,avg_duration_by_zone_hour,False
220,Spuyten Duyvil/Kingsbridge,19,49,22.122108843537415,19.833333333333332,19.833333333333332,35.24,0.3673469387755102,2026-02,avg_duration_by_zone_hour,False
133,Kensington,19,49,21.282653061224487,18.333333333333332,18.333333333333332,37.74333333333334,0.3673469387755102,2026-02,avg_duration_by_zone_hour,False
261,World Trade Center,3,49,17.137755102040817,15.783333333333333,15.783333333333333,27.973333333333333,0.3673469387755102,2026-02,avg_duration_by_zone_hour,False
211,SoHo,7,245,15.89986394557823,13.333333333333334,13.333333333333334,29.009999999999998,0.3673469387755102,2026-02,avg_duration_by_zone_hour,False
232,Two Bridges/Seward Park,20,599,17.618391764051196,15.866666666666667,15.866666666666667,29.063333333333347,0.3672787979966611,2026-02,avg_duration_by_zone_hour,False
45,Chinatown,21,629,17.415606783253843,16.416666666666668,16.416666666666668,28.413333333333334,0.3672496025437202,2026-02,avg_duration_by_zone_hour,False
216,South Ozone Park,8,207,32.44975845410628,25.233333333333334,25.233333333333334,73.91,0.3671497584541063,2026-02,avg_duration_by_zone_hour,False
95,Forest Hills,8,158,35.78945147679325,33.05,33.05,64.76166666666667,0.3670886075949367,2026-02,avg_duration_by_zone_hour,False
17,Bedford,16,158,32.36149789029536,26.708333333333332,26.708333333333332,59.97000000000001,0.3670886075949367,2026-02,avg_duration_by_zone_hour,False
13,Battery Park City,10,711,19.339779653070792,15.816666666666666,15.816666666666666,35.28333333333333,0.3670886075949367,2026-02,avg_duration_by_zone_hour,False
188,Prospect-Lefferts Gardens,13,248,34.74811827956989,26.625,26.625,62.79500000000002,0.36693548387096775,2026-02,avg_duration_by_zone_hour,False
164,Midtown South,5,439,12.71211085801063,10.166666666666666,10.166666666666666,25.336666666666662,0.36674259681093396,2026-02,avg_duration_by_zone_hour,False
107,Gramercy,14,2975,17.75952380952381,14.15,13.625,33.42666666666666,0.36672268907563027,2026-02,avg_duration_by_zone_hour,False
150,Manhattan Beach,8,30,41.97611111111111,36.575,36.575,92.20500000000001,0.36666666666666664,2026-02,avg_duration_by_zone_hour,False
227,Sunset Park East,6,30,40.352777777777774,33.275,33.275,71.765,0.36666666666666664,2026-02,avg_duration_by_zone_hour,False
160,Middle Village,16,30,35.371111111111105,32.825,32.825,57.06666666666667,0.36666666666666664,2026-02,avg_duration_by_zone_hour,False
258,Woodhaven,15,30,33.94777777777778,24.525,24.525,71.48833333333334,0.36666666666666664,2026-02,avg_duration_by_zone_hour,False
124,Howard Beach,13,30,27.849444444444444,26.78333333333333,26.78333333333333,51.11833333333335,0.36666666666666664,2026-02,avg_duration_by_zone_hour,False
180,Ozone Park,22,30,19.87222222222222,18.016666666666666,18.016666666666666,28.998333333333335,0.36666666666666664,2026-02,avg_duration_by_zone_hour,False
162,Midtown East,11,4307,17.394458633232723,15.466666666666667,14.216666666666665,30.303333333333338,0.3663803111214302,2026-02,avg_duration_by_zone_hour,False
28,Briarwood/Jamaica Hills,8,71,28.7962441314554,22.016666666666666,22.016666666666666,61.88333333333333,0.36619718309859156,2026-02,avg_duration_by_zone_hour,False
114,Greenwich Village South,9,620,15.041505376344086,12.358333333333334,12.358333333333334,29.895000000000003,0.36612903225806454,2026-02,avg_duration_by_zone_hour,False
114,Greenwich Village South,18,2647,15.073737564538472,12.566666666666666,11.116666666666667,28.266666666666666,0.36607480166225914,2026-02,avg_duration_by_zone_hour,False
260,Woodside,20,112,18.98690476190476,16.75,16.75,37.05,0.36607142857142855,2026-02,avg_duration_by_zone_hour,False
91,Flatlands,14,153,32.840196078431376,25.8,25.8,63.97333333333335,0.3660130718954248,2026-02,avg_duration_by_zone_hour,False
185,Pelham Parkway,8,41,48.5760162601626,43.65,43.65,90.63333333333334,0.36585365853658536,2026-02,avg_duration_by_zone_hour,False
89,Flatbush/Ditmas Park,10,246,37.76842818428184,31.35,31.35,72.74166666666667,0.36585365853658536,2026-02,avg_duration_by_zone_hour,False
169,Mount Hope,20,41,27.697967479674794,24.966666666666665,24.966666666666665,55.516666666666666,0.36585365853658536,2026-02,avg_duration_by_zone_hour,False
210,Sheepshead Bay,19,41,27.621544715447154,18.366666666666667,18.366666666666667,69.26666666666667,0.36585365853658536,2026-02,avg_duration_by_zone_hour,False
234,Union Sq,3,618,12.635005393743258,10.35,10.35,22.735000000000017,0.3656957928802589,2026-02,avg_duration_by_zone_hour,False
35,Brownsville,17,134,35.23097014925373,25.458333333333332,25.458333333333332,76.94333333333336,0.3656716417910448,2026-02,avg_duration_by_zone_hour,False
89,Flatbush/Ditmas Park,18,227,29.23201174743025,25.75,25.75,51.0,0.3656387665198238,2026-02,avg_duration_by_zone_hour,False
77,East New York/Pennsylvania Avenue,11,93,43.215770609318994,34.55,34.55,90.38333333333334,0.3655913978494624,2026-02,avg_duration_by_zone_hour,False
263,Yorkville West,21,3305,11.956036308623297,10.183333333333334,10.183333333333334,22.686666666666664,0.3655068078668684,2026-02,avg_duration_by_zone_hour,False
230,Times Sq/Theatre District,9,2717,17.065151515151516,13.516666666666667,12.333333333333334,33.18,0.36547662863452335,2026-02,avg_duration_by_zone_hour,False
170,Murray Hill,3,353,12.054154863078375,9.833333333333334,9.833333333333334,22.590000000000003,0.3654390934844193,2026-02,avg_duration_by_zone_hour,False
234,Union Sq,12,3667,16.818139260067266,13.833333333333334,13.0,30.973333333333333,0.3654213253340605,2026-02,avg_duration_by_zone_hour,False
143,Lincoln Square West,17,2983,14.281009051290647,11.85,11.483333333333334,25.666666666666668,0.3654039557492457,2026-02,avg_duration_by_zone_hour,False
195,Red Hook,16,52,36.490064102564105,32.03333333333333,32.03333333333333,64.44166666666666,0.36538461538461536,2026-02,avg_duration_by_zone_hour,False
168,Mott Haven/Port Morris,15,156,28.838141025641026,23.4,23.4,49.63333333333333,0.36538461538461536,2026-02,avg_duration_by_zone_hour,False
247,West Concourse,21,52,24.539102564102564,15.925,15.925,62.61499999999998,0.36538461538461536,2026-02,avg_duration_by_zone_hour,False
116,Hamilton Heights,19,416,19.494671474358974,16.766666666666666,16.766666666666666,32.38333333333333,0.36538461538461536,2026-02,avg_duration_by_zone_hour,False
197,Richmond Hill,21,52,19.464743589743588,16.691666666666666,16.691666666666666,32.446666666666665,0.36538461538461536,2026-02,avg_duration_by_zone_hour,False
50,Clinton West,7,884,15.355392156862745,13.425,13.425,25.023333333333337,0.36538461538461536,2026-02,avg_duration_by_zone_hour,False
107,Gramercy,23,3145,13.07009009009009,11.716666666666667,11.258333333333333,23.016666666666666,0.36534181240063596,2026-02,avg_duration_by_zone_hour,False
75,East Harlem South,6,854,16.022014051522248,13.183333333333334,13.183333333333334,27.23333333333335,0.36533957845433257,2026-02,avg_duration_by_zone_hour,False
148,Lower East Side,12,849,18.23286219081272,15.883333333333333,15.883333333333333,33.473333333333336,0.3651354534746761,2026-02,avg_duration_by_zone_hour,False
250,Westchester Village/Unionport,8,63,36.32089947089947,31.6,31.6,68.42999999999999,0.36507936507936506,2026-02,avg_duration_by_zone_hour,False
63,Cypress Hills,13,63,32.41640211640212,27.2,27.2,57.260000000000005,0.36507936507936506,2026-02,avg_duration_by_zone_hour,False
264,Unknown,18,274,16.594343065693433,12.625,12.625,32.62333333333335,0.36496350364963503,2026-02,avg_duration_by_zone_hour,False
25,Boerum Hill,17,285,29.07017543859649,23.0,23.0,56.91,0.3649122807017544,2026-02,avg_duration_by_zone_hour,False
45,Chinatown,14,370,24.188198198198197,19.958333333333336,19.958333333333336,41.02000000000002,0.36486486486486486,2026-02,avg_duration_by_zone_hour,False
48,Clinton East,17,3835,15.791464580617124,12.633333333333333,11.6,29.319999999999997,0.3647979139504563,2026-02,avg_duration_by_zone_hour,False
26,Borough Park,14,85,37.749607843137255,30.916666666666668,30.916666666666668,79.81,0.36470588235294116,2026-02,avg_duration_by_zone_hour,False
68,East Chelsea,7,1500,15.50358888888889,12.791666666666668,12.791666666666668,28.518333333333334,0.36466666666666664,2026-02,avg_duration_by_zone_hour,False
177,Ocean Hill,16,107,37.62866043613707,32.18333333333333,32.18333333333333,73.10000000000001,0.3644859813084112,2026-02,avg_duration_by_zone_hour,False
143,Lincoln Square West,16,2635,14.804237824161921,12.416666666666666,12.291666666666666,26.033333333333335,0.36432637571157495,2026-02,avg_duration_by_zone_hour,False
100,Garment District,18,3099,16.531773690437777,13.583333333333334,11.05,28.73666666666667,0.3643110680864795,2026-02,avg_duration_by_zone_hour,False
179,Old Astoria,16,140,27.82940476190476,25.53333333333333,25.53333333333333,47.358333333333356,0.36428571428571427,2026-02,avg_duration_by_zone_hour,False
264,Unknown,20,151,14.286534216335543,11.35,11.35,28.3,0.36423841059602646,2026-02,avg_duration_by_zone_hour,False
211,SoHo,3,324,12.965946502057612,11.183333333333334,11.183333333333334,23.0,0.36419753086419754,2026-02,avg_duration_by_zone_hour,False
50,Clinton West,1,368,13.526539855072462,12.15,12.15,24.481666666666666,0.3641304347826087,2026-02,avg_duration_by_zone_hour,False
97,Fort Greene,13,206,31.494174757281556,26.6,26.6,57.900000000000006,0.3640776699029126,2026-02,avg_duration_by_zone_hour,False
68,East Chelsea,11,3774,19.545707472178062,16.90833333333333,16.90833333333333,36.106666666666676,0.3640699523052464,2026-02,avg_duration_by_zone_hour,False
231,TriBeCa/Civic Center,9,1379,18.364358230601887,15.533333333333333,15.533333333333333,35.00333333333334,0.3640319071791153,2026-02,avg_duration_by_zone_hour,False
141,Lenox Hill West,9,3948,13.89601908139142,11.916666666666666,11.383333333333333,25.85,0.3639817629179331,2026-02,avg_duration_by_zone_hour,False
4,Alphabet City,19,797,16.66202425763279,15.166666666666666,15.166666666666666,27.43,0.36386449184441655,2026-02,avg_duration_by_zone_hour,False
262,Yorkville East,23,525,12.961238095238095,11.95,11.95,23.160000000000004,0.3638095238095238,2026-02,avg_duration_by_zone_hour,False
230,Times Sq/Theatre District,15,3931,19.47705418468583,14.45,13.133333333333333,39.333333333333336,0.3637751208343933,2026-02,avg_duration_by_zone_hour,False
18,Bedford Park,14,44,60.12916666666667,55.641666666666666,55.641666666666666,96.01166666666668,0.36363636363636365,2026-02,avg_duration_by_zone_hour,False
218,Springfield Gardens North,10,55,52.985454545454544,52.8,52.8,90.98,0.36363636363636365,2026-02,avg_duration_by_zone_hour,False
191,Queens Village,16,33,51.16919191919192,46.13333333333333,46.13333333333333,86.56333333333335,0.36363636363636365,2026-02,avg_duration_by_zone_hour,False
32,Bronxdale,16,33,49.0540404040404,49.11666666666667,49.11666666666667,77.40333333333334,0.36363636363636365,2026-02,avg_duration_by_zone_hour,False
21,Bensonhurst East,14,44,46.50530303030303,35.5,35.5,94.08333333333336,0.36363636363636365,2026-02,avg_duration_by_zone_hour,False
78,East Tremont,15,44,44.43939393939394,33.175,33.175,87.60000000000001,0.36363636363636365,2026-02,avg_duration_by_zone_hour,False
11,Bath Beach,8,33,41.04040404040404,29.6,29.6,96.76333333333334,0.36363636363636365,2026-02,avg_duration_by_zone_hour,False
119,Highbridge,12,33,40.734848484848484,35.55,35.55,70.70666666666668,0.36363636363636365,2026-02,avg_duration_by_zone_hour,False
165,Midwood,12,99,40.374242424242425,33.2,33.2,83.49666666666667,0.36363636363636365,2026-02,avg_duration_by_zone_hour,False
133,Kensington,10,55,38.32606060606061,29.816666666666666,29.816666666666666,68.89333333333335,0.36363636363636365,2026-02,avg_duration_by_zone_hour,False
81,Eastchester,10,44,38.05984848484849,32.825,32.825,70.53500000000001,0.36363636363636365,2026-02,avg_duration_by_zone_hour,False
14,Bay Ridge,17,110,37.75787878787879,33.35,33.35,70.81000000000002,0.36363636363636365,2026-02,avg_duration_by_zone_hour,False
189,Prospect Heights,15,88,34.61287878787879,28.766666666666666,28.766666666666666,64.1,0.36363636363636365,2026-02,avg_duration_by_zone_hour,False
62,Crown Heights South,17,110,34.213787878787876,29.78333333333333,29.78333333333333,66.3616666666667,0.36363636363636365,2026-02,avg_duration_by_zone_hour,False
22,Bensonhurst West,15,44,33.540151515151514,27.03333333333333,27.03333333333333,71.00833333333335,0.36363636363636365,2026-02,avg_duration_by_zone_hour,False
149,Madison,15,44,32.06969696969697,24.316666666666666,24.316666666666666,63.15666666666667,0.36363636363636365,2026-02,avg_duration_by_zone_hour,False
18,Bedford Park,17,33,31.26868686868687,27.05,27.05,54.25000000000001,0.36363636363636365,2026-02,avg_duration_by_zone_hour,False
82,Elmhurst,10,44,30.224242424242423,25.825000000000003,25.825000000000003,57.97166666666668,0.36363636363636365,2026-02,avg_duration_by_zone_hour,False
213,Soundview/Castle Hill,17,44,26.63939393939394,20.75,20.75,54.4416666666667,0.36363636363636365,2026-02,avg_duration_by_zone_hour,False
260,Woodside,13,77,25.6978354978355,21.166666666666668,21.166666666666668,50.31000000000002,0.36363636363636365,2026-02,avg_duration_by_zone_hour,False
65,Downtown Brooklyn/MetroTech,9,132,25.18901515151515,20.325,20.325,47.061666666666675,0.36363636363636365,2026-02,avg_duration_by_zone_hour,False
264,Unknown,5,33,20.9020202020202,19.883333333333333,19.883333333333333,40.70333333333333,0.36363636363636365,2026-02,avg_duration_by_zone_hour,False
193,Queensbridge/Ravenswood,18,143,20.569580419580422,18.683333333333334,18.683333333333334,35.413333333333334,0.36363636363636365,2026-02,avg_duration_by_zone_hour,False
260,Woodside,19,154,18.920238095238094,16.90833333333333,16.90833333333333,32.671666666666674,0.36363636363636365,2026-02,avg_duration_by_zone_hour,False
236,Upper East Side North,2,132,10.640530303030303,10.641666666666666,10.641666666666666,17.77166666666667,0.36363636363636365,2026-02,avg_duration_by_zone_hour,False
163,Midtown North,1,677,12.678803545051698,10.633333333333333,10.633333333333333,22.876666666666665,0.36336779911373707,2026-02,avg_duration_by_zone_hour,False
68,East Chelsea,8,2631,16.254123907259597,13.9,13.9,30.166666666666668,0.3633599391866211,2026-02,avg_duration_by_zone_hour,False
158,Meatpacking/West Village West,20,1858,15.586822748475063,14.391666666666666,14.391666666666666,26.603333333333328,0.36329386437029065,2026-02,avg_duration_by_zone_hour,False
7,Astoria,16,347,25.989865513928915,24.166666666666668,24.166666666666668,41.89333333333335,0.3631123919308357,2026-02,avg_duration_by_zone_hour,False
100,Garment District,20,2330,14.724556509299,12.875,11.65,25.02166666666666,0.3630901287553648,2026-02,avg_duration_by_zone_hour,False
152,Manhattanville,11,193,22.78013816925734,18.583333333333332,18.583333333333332,40.37333333333334,0.3626943005181347,2026-02,avg_duration_by_zone_hour,False
211,SoHo,17,1892,18.20911733615222,15.475,15.475,32.965,0.36257928118393234,2026-02,avg_duration_by_zone_hour,False
166,Morningside Heights,0,491,15.303428377460964,13.633333333333333,13.633333333333333,28.366666666666667,0.3625254582484725,2026-02,avg_duration_by_zone_hour,False
28,Briarwood/Jamaica Hills,9,80,35.45125,29.066666666666666,29.066666666666666,67.03500000000007,0.3625,2026-02,avg_duration_by_zone_hour,False
85,Erasmus,17,80,32.49208333333333,27.34166666666667,27.34166666666667,60.56333333333337,0.3625,2026-02,avg_duration_by_zone_hour,False
244,Washington Heights South,17,596,24.00299217002237,20.366666666666667,20.366666666666667,40.541666666666664,0.3624161073825503,2026-02,avg_duration_by_zone_hour,False
264,Unknown,11,149,19.14765100671141,14.483333333333333,14.483333333333333,38.150000000000006,0.3624161073825503,2026-02,avg_duration_by_zone_hour,False
215,South Jamaica,8,138,36.27814009661836,28.46666666666667,28.46666666666667,81.19666666666666,0.36231884057971014,2026-02,avg_duration_by_zone_hour,False
262,Yorkville East,12,3061,13.769438092126755,12.333333333333334,12.333333333333334,24.083333333333332,0.3622999019928128,2026-02,avg_duration_by_zone_hour,False
165,Midwood,16,58,37.706896551724135,30.383333333333333,30.383333333333333,73.79500000000002,0.3620689655172414,2026-02,avg_duration_by_zone_hour,False
28,Briarwood/Jamaica Hills,14,58,28.007183908045977,22.691666666666666,22.691666666666666,58.913333333333334,0.3620689655172414,2026-02,avg_duration_by_zone_hour,False
28,Briarwood/Jamaica Hills,19,58,23.51206896551724,21.025,21.025,38.64833333333333,0.3620689655172414,2026-02,avg_duration_by_zone_hour,False
72,East Flatbush/Remsen Village,4,58,22.5183908045977,19.975,19.975,38.86500000000002,0.3620689655172414,2026-02,avg_duration_by_zone_hour,False
127,Inwood,4,58,15.345114942528735,12.741666666666667,12.741666666666667,23.830000000000005,0.3620689655172414,2026-02,avg_duration_by_zone_hour,False
145,Long Island City/Hunters Point,16,384,29.556336805555556,24.616666666666667,24.616666666666667,52.78,0.3619791666666667,2026-02,avg_duration_by_zone_hour,False
143,Lincoln Square West,11,2325,14.392537634408603,12.516666666666667,12.516666666666667,25.493333333333332,0.36172043010752686,2026-02,avg_duration_by_zone_hour,False
182,Parkchester,13,47,43.06170212765958,36.75,36.75,73.84333333333333,0.3617021276595745,2026-02,avg_duration_by_zone_hour,False
119,Highbridge,13,47,41.33262411347518,30.35,30.35,88.82333333333334,0.3617021276595745,2026-02,avg_duration_by_zone_hour,False
33,Brooklyn Heights,11,188,32.68014184397163,26.791666666666668,26.791666666666668,58.63666666666668,0.3617021276595745,2026-02,avg_duration_by_zone_hour,False
123,Homecrest,17,47,31.9386524822695,25.133333333333333,25.133333333333333,63.18666666666667,0.3617021276595745,2026-02,avg_duration_by_zone_hour,False
71,East Flatbush/Farragut,20,47,31.92695035460993,28.333333333333332,28.333333333333332,63.346666666666664,0.3617021276595745,2026-02,avg_duration_by_zone_hour,False
52,Cobble Hill,14,47,30.95886524822695,25.083333333333332,25.083333333333332,55.769999999999996,0.3617021276595745,2026-02,avg_duration_by_zone_hour,False
250,Westchester Village/Unionport,5,47,27.970212765957445,21.533333333333335,21.533333333333335,54.43999999999999,0.3617021276595745,2026-02,avg_duration_by_zone_hour,False
196,Rego Park,20,47,21.829432624113476,18.6,18.6,37.33333333333333,0.3617021276595745,2026-02,avg_duration_by_zone_hour,False
69,East Concourse/Concourse Village,7,130,42.68076923076923,37.858333333333334,37.858333333333334,80.24666666666667,0.36153846153846153,2026-02,avg_duration_by_zone_hour,False
188,Prospect-Lefferts Gardens,15,213,32.38865414710485,26.216666666666665,26.216666666666665,62.65666666666667,0.3615023474178404,2026-02,avg_duration_by_zone_hour,False
4,Alphabet City,20,628,16.25390127388535,14.850000000000001,14.850000000000001,27.325000000000006,0.3614649681528662,2026-02,avg_duration_by_zone_hour,False
177,Ocean Hill,20,83,25.248192771084337,22.9,22.9,41.23,0.3614457831325301,2026-02,avg_duration_by_zone_hour,False
161,Midtown Center,9,3672,15.833169934640523,13.825,12.4,28.328333333333337,0.3613834422657952,2026-02,avg_duration_by_zone_hour,False
177,Ocean Hill,5,119,24.32549019607843,20.45,20.45,41.653333333333336,0.36134453781512604,2026-02,avg_duration_by_zone_hour,False
14,Bay Ridge,7,155,37.00387096774194,34.56666666666667,34.56666666666667,68.12333333333332,0.36129032258064514,2026-02,avg_duration_by_zone_hour,False
97,Fort Greene,18,382,27.086300174520073,22.34166666666667,22.34166666666667,49.330000000000005,0.3612565445026178,2026-02,avg_duration_by_zone_hour,False
142,Lincoln Square East,9,3588,13.782371794871795,11.766666666666667,11.766666666666667,25.010000000000005,0.3612040133779264,2026-02,avg_duration_by_zone_hour,False
113,Greenwich Village North,17,3015,15.639778883360973,12.433333333333334,12.35,28.919999999999998,0.3611940298507463,2026-02,avg_duration_by_zone_hour,False
47,Claremont/Bathgate,5,36,49.13935185185185,51.96666666666667,51.96666666666667,79.65,0.3611111111111111,2026-02,avg_duration_by_zone_hour,False
149,Madison,11,36,40.28425925925926,34.19166666666666,34.19166666666666,64.36666666666666,0.3611111111111111,2026-02,avg_duration_by_zone_hour,False
200,Riverdale/North Riverdale/Fieldston,16,36,38.61157407407407,28.016666666666666,28.016666666666666,87.85,0.3611111111111111,2026-02,avg_duration_by_zone_hour,False
159,Melrose South,10,72,38.422222222222224,30.2,30.2,65.18833333333333,0.3611111111111111,2026-02,avg_duration_by_zone_hour,False
134,Kew Gardens,6,36,35.700462962962966,27.45,27.45,72.24166666666667,0.3611111111111111,2026-02,avg_duration_by_zone_hour,False
208,Schuylerville/Edgewater Park,19,36,34.74305555555556,25.25,25.25,70.00833333333333,0.3611111111111111,2026-02,avg_duration_by_zone_hour,False
121,Hillcrest/Pomonok,12,36,33.54675925925926,29.46666666666667,29.46666666666667,52.05,0.3611111111111111,2026-02,avg_duration_by_zone_hour,False
208,Schuylerville/Edgewater Park,18,36,27.305092592592594,22.266666666666666,22.266666666666666,59.56666666666666,0.3611111111111111,2026-02,avg_duration_by_zone_hour,False
212,Soundview/Bruckner,14,36,25.986574074074074,19.59166666666667,19.59166666666667,48.35,0.3611111111111111,2026-02,avg_duration_by_zone_hour,False
12,Battery Park,15,72,25.647916666666667,22.391666666666666,22.391666666666666,42.04666666666667,0.3611111111111111,2026-02,avg_duration_by_zone_hour,False
188,Prospect-Lefferts Gardens,23,72,23.641203703703706,21.616666666666667,21.616666666666667,39.65833333333333,0.3611111111111111,2026-02,avg_duration_by_zone_hour,False
48,Clinton East,19,4248,14.722520401757691,12.325,11.6,27.055000000000003,0.3611111111111111,2026-02,avg_duration_by_zone_hour,False
116,Hamilton Heights,10,327,25.331498470948013,21.0,21.0,45.42000000000002,0.36085626911314983,2026-02,avg_duration_by_zone_hour,False
152,Manhattanville,12,194,21.234536082474225,17.891666666666666,17.891666666666666,35.42833333333334,0.36082474226804123,2026-02,avg_duration_by_zone_hour,False
87,Financial District North,13,826,21.253954802259887,18.383333333333333,18.383333333333333,37.41666666666667,0.36077481840193704,2026-02,avg_duration_by_zone_hour,False
17,Bedford,21,158,27.56360759493671,24.791666666666664,24.791666666666664,44.38000000000001,0.36075949367088606,2026-02,avg_duration_by_zone_hour,False
170,Murray Hill,12,4622,17.89785446415693,15.191666666666666,15.191666666666666,32.063333333333354,0.3606663781912592,2026-02,avg_duration_by_zone_hour,False
215,South Jamaica,13,61,34.16284153005465,30.95,30.95,72.51666666666667,0.36065573770491804,2026-02,avg_duration_by_zone_hour,False
210,Sheepshead Bay,18,61,27.65573770491803,22.5,22.5,48.266666666666666,0.36065573770491804,2026-02,avg_duration_by_zone_hour,False
90,Flatiron,23,2629,14.092975782933943,12.583333333333334,12.366666666666667,25.566666666666666,0.3605933815138836,2026-02,avg_duration_by_zone_hour,False
17,Bedford,14,208,34.571233974358975,28.59166666666667,28.59166666666667,68.61000000000006,0.3605769230769231,2026-02,avg_duration_by_zone_hour,False
211,SoHo,19,2180,15.638180428134556,13.583333333333334,13.3375,28.285000000000004,0.3605504587155963,2026-02,avg_duration_by_zone_hour,False
181,Park Slope,17,319,28.449529780564262,25.5,25.5,50.809999999999995,0.3605015673981191,2026-02,avg_duration_by_zone_hour,False
226,Sunnyside,13,258,25.190697674418605,21.45,21.45,43.81166666666668,0.36046511627906974,2026-02,avg_duration_by_zone_hour,False
37,Bushwick South,7,308,29.43133116883117,25.90833333333333,25.90833333333333,52.11833333333334,0.36038961038961037,2026-02,avg_duration_by_zone_hour,False
24,Bloomingdale,23,308,16.489935064935064,14.333333333333334,14.333333333333334,29.296666666666674,0.36038961038961037,2026-02,avg_duration_by_zone_hour,False
222,Starrett City,8,111,50.39219219219219,43.68333333333333,43.68333333333333,97.41666666666667,0.36036036036036034,2026-02,avg_duration_by_zone_hour,False
90,Flatiron,8,1877,13.14154679453028,10.5,10.5,24.383333333333333,0.36014917421417153,2026-02,avg_duration_by_zone_hour,False
123,Homecrest,16,50,36.51166666666666,28.1,28.1,72.69666666666667,0.36,2026-02,avg_duration_by_zone_hour,False
106,Gowanus,10,50,35.727666666666664,32.108333333333334,32.108333333333334,69.05833333333334,0.36,2026-02,avg_duration_by_zone_hour,False
189,Prospect Heights,12,75,35.56911111111111,30.166666666666668,30.166666666666668,66.48666666666668,0.36,2026-02,avg_duration_by_zone_hour,False
215,South Jamaica,19,50,34.25966666666667,28.85,28.85,70.77000000000001,0.36,2026-02,avg_duration_by_zone_hour,False
188,Prospect-Lefferts Gardens,17,225,33.13637037037037,27.4,27.4,67.90333333333334,0.36,2026-02,avg_duration_by_zone_hour,False
97,Fort Greene,14,200,31.409166666666664,27.058333333333334,27.058333333333334,54.89333333333333,0.36,2026-02,avg_duration_by_zone_hour,False
235,University Heights/Morris Heights,15,50,30.780666666666665,22.875,22.875,63.708333333333336,0.36,2026-02,avg_duration_by_zone_hour,False
127,Inwood,16,100,29.990166666666667,24.53333333333333,24.53333333333333,45.55833333333333,0.36,2026-02,avg_duration_by_zone_hour,False
169,Mount Hope,19,50,26.538,20.933333333333334,20.933333333333334,52.580000000000005,0.36,2026-02,avg_duration_by_zone_hour,False
34,Brooklyn Navy Yard,17,50,25.145666666666667,22.725,22.725,44.251666666666665,0.36,2026-02,avg_duration_by_zone_hour,False
113,Greenwich Village North,5,200,12.915999999999999,8.991666666666667,8.991666666666667,25.166666666666664,0.36,2026-02,avg_duration_by_zone_hour,False
164,Midtown South,3,728,13.434271978021977,11.966666666666665,11.966666666666665,24.476666666666667,0.3598901098901099,2026-02,avg_duration_by_zone_hour,False
145,Long Island City/Hunters Point,17,606,23.596562156215622,21.34166666666667,21.34166666666667,39.28333333333333,0.35973597359735976,2026-02,avg_duration_by_zone_hour,False
143,Lincoln Square West,12,2469,14.677426758471716,12.3,12.3,26.033333333333335,0.3596597812879708,2026-02,avg_duration_by_zone_hour,False
97,Fort Greene,12,228,31.410014619883043,26.950000000000003,26.950000000000003,57.105000000000004,0.35964912280701755,2026-02,avg_duration_by_zone_hour,False
43,Central Park,1,89,11.12247191011236,9.75,9.75,18.78666666666667,0.3595505617977528,2026-02,avg_duration_by_zone_hour,False
162,Midtown East,7,2487,11.597292588124917,9.683333333333334,9.233333333333333,20.683333333333334,0.3594692400482509,2026-02,avg_duration_by_zone_hour,False
261,World Trade Center,1,128,15.5765625,14.791666666666666,14.791666666666666,26.333333333333332,0.359375,2026-02,avg_duration_by_zone_hour,False
148,Lower East Side,20,2144,16.314148009950248,14.666666666666666,14.666666666666666,28.461666666666666,0.3591417910447761,2026-02,avg_duration_by_zone_hour,False
158,Meatpacking/West Village West,3,766,13.170104438642296,11.541666666666668,11.541666666666668,22.666666666666664,0.35900783289817234,2026-02,avg_duration_by_zone_hour,False
241,Van Cortlandt Village,11,39,50.10811965811966,40.65,40.65,94.07333333333337,0.358974358974359,2026-02,avg_duration_by_zone_hour,False
220,Spuyten Duyvil/Kingsbridge,11,39,48.45470085470085,41.916666666666664,41.916666666666664,96.64666666666669,0.358974358974359,2026-02,avg_duration_by_zone_hour,False
241,Van Cortlandt Village,8,117,40.42706552706552,34.95,34.95,68.12666666666667,0.358974358974359,2026-02,avg_duration_by_zone_hour,False
22,Bensonhurst West,11,39,37.008119658119654,29.733333333333334,29.733333333333334,69.89333333333336,0.358974358974359,2026-02,avg_duration_by_zone_hour,False
228,Sunset Park West,9,78,36.75790598290598,35.86666666666666,35.86666666666666,59.43166666666666,0.358974358974359,2026-02,avg_duration_by_zone_hour,False
167,Morrisania/Melrose,12,39,34.88034188034188,26.0,26.0,72.79333333333335,0.358974358974359,2026-02,avg_duration_by_zone_hour,False
155,Marine Park/Mill Basin,9,78,33.10811965811966,26.325000000000003,26.325000000000003,66.73833333333333,0.358974358974359,2026-02,avg_duration_by_zone_hour,False
134,Kew Gardens,14,39,26.507264957264958,19.683333333333334,19.683333333333334,48.48000000000003,0.358974358974359,2026-02,avg_duration_by_zone_hour,False
35,Brownsville,22,39,25.196153846153845,22.083333333333332,22.083333333333332,47.20666666666667,0.358974358974359,2026-02,avg_duration_by_zone_hour,False
173,North Corona,6,39,23.6034188034188,22.333333333333332,22.333333333333332,36.34333333333334,0.358974358974359,2026-02,avg_duration_by_zone_hour,False
223,Steinway,19,156,21.641773504273505,19.941666666666666,19.941666666666666,39.0,0.358974358974359,2026-02,avg_duration_by_zone_hour,False
173,North Corona,19,39,19.100854700854704,18.25,18.25,27.633333333333336,0.358974358974359,2026-02,avg_duration_by_zone_hour,False
211,SoHo,6,117,13.331054131054131,11.033333333333333,11.033333333333333,24.12,0.358974358974359,2026-02,avg_duration_by_zone_hour,False
235,University Heights/Morris Heights,8,131,41.39236641221374,35.0,35.0,77.0,0.35877862595419846,2026-02,avg_duration_by_zone_hour,False
62,Crown Heights South,7,131,39.33944020356234,34.43333333333333,34.43333333333333,72.51666666666667,0.35877862595419846,2026-02,avg_duration_by_zone_hour,False
263,Yorkville West,9,3373,14.701556477912836,12.6,11.316666666666666,28.143333333333338,0.3587310999110584,2026-02,avg_duration_by_zone_hour,False
193,Queensbridge/Ravenswood,10,92,24.265036231884057,21.799999999999997,21.799999999999997,44.970000000000006,0.358695652173913,2026-02,avg_duration_by_zone_hour,False
164,Midtown South,1,1676,13.52917661097852,12.35,12.35,23.308333333333334,0.3585918854415274,2026-02,avg_duration_by_zone_hour,False
162,Midtown East,3,198,12.454208754208755,10.408333333333333,10.408333333333333,24.651666666666678,0.35858585858585856,2026-02,avg_duration_by_zone_hour,False
182,Parkchester,12,53,40.45911949685535,37.416666666666664,37.416666666666664,75.30333333333334,0.3584905660377358,2026-02,avg_duration_by_zone_hour,False
247,West Concourse,11,53,32.94654088050314,29.0,29.0,67.90000000000003,0.3584905660377358,2026-02,avg_duration_by_zone_hour,False
264,Unknown,1,53,13.350943396226416,11.033333333333333,11.033333333333333,28.91000000000002,0.3584905660377358,2026-02,avg_duration_by_zone_hour,False
224,Stuy Town/Peter Cooper Village,4,106,12.432389937106917,10.291666666666668,10.291666666666668,22.90833333333333,0.3584905660377358,2026-02,avg_duration_by_zone_hour,False
168,Mott Haven/Port Morris,7,226,29.60154867256637,25.016666666666666,25.016666666666666,51.358333333333334,0.3584070796460177,2026-02,avg_duration_by_zone_hour,False
260,Woodside,23,120,15.46,15.008333333333333,15.008333333333333,25.15,0.35833333333333334,2026-02,avg_duration_by_zone_hour,False
89,Flatbush/Ditmas Park,16,187,38.17245989304813,32.266666666666666,32.266666666666666,69.83666666666667,0.3582887700534759,2026-02,avg_duration_by_zone_hour,False
71,East Flatbush/Farragut,9,187,37.655080213903744,31.533333333333335,31.533333333333335,76.64333333333335,0.3582887700534759,2026-02,avg_duration_by_zone_hour,False
18,Bedford Park,7,81,36.26584362139918,30.383333333333333,30.383333333333333,69.61666666666666,0.35802469135802467,2026-02,avg_duration_by_zone_hour,False
95,Forest Hills,15,81,29.226748971193416,26.116666666666667,26.116666666666667,54.916666666666664,0.35802469135802467,2026-02,avg_duration_by_zone_hour,False
145,Long Island City/Hunters Point,14,271,28.79188191881919,23.9,23.9,53.18333333333333,0.35793357933579334,2026-02,avg_duration_by_zone_hour,False
47,Claremont/Bathgate,7,95,39.97280701754386,32.71666666666667,32.71666666666667,80.46666666666667,0.35789473684210527,2026-02,avg_duration_by_zone_hour,False
137,Kips Bay,17,3082,17.735182781743458,14.508333333333333,14.05,31.35833333333334,0.35788449059052563,2026-02,avg_duration_by_zone_hour,False
223,Steinway,10,109,25.774770642201833,22.383333333333333,22.383333333333333,49.77333333333333,0.3577981651376147,2026-02,avg_duration_by_zone_hour,False
41,Central Harlem,0,355,14.104553990610329,12.75,12.75,25.433333333333348,0.35774647887323946,2026-02,avg_duration_by_zone_hour,False
177,Ocean Hill,13,123,38.97086720867209,32.65,32.65,70.13333333333333,0.35772357723577236,2026-02,avg_duration_by_zone_hour,False
76,East New York,23,123,22.36869918699187,20.366666666666667,20.366666666666667,38.66,0.35772357723577236,2026-02,avg_duration_by_zone_hour,False
151,Manhattan Valley,7,1373,16.551177470259773,14.65,14.65,27.416666666666668,0.35761107064821557,2026-02,avg_duration_by_zone_hour,False
90,Flatiron,17,3233,15.564321064027219,12.3,12.3,28.560000000000006,0.3575626353232292,2026-02,avg_duration_by_zone_hour,False
116,Hamilton Heights,22,344,17.897819767441863,16.275,16.275,29.22833333333333,0.35755813953488375,2026-02,avg_duration_by_zone_hour,False
33,Brooklyn Heights,10,179,28.220111731843573,24.666666666666668,24.666666666666668,48.05000000000003,0.3575418994413408,2026-02,avg_duration_by_zone_hour,False
209,Seaport,18,554,19.7309265944645,17.28333333333333,17.28333333333333,33.375,0.3574007220216607,2026-02,avg_duration_by_zone_hour,False
132,JFK Airport,8,2752,46.46041666666667,42.608333333333334,42.608333333333334,80.45,0.35719476744186046,2026-02,avg_duration_by_zone_hour,False
183,Pelham Bay,6,42,60.18928571428571,58.175,58.175,105.78,0.35714285714285715,2026-02,avg_duration_by_zone_hour,False
3,Allerton/Pelham Gardens,7,42,46.801587301587304,42.28333333333333,42.28333333333333,90.54333333333332,0.35714285714285715,2026-02,avg_duration_by_zone_hour,False
85,Erasmus,13,84,36.169841269841264,27.883333333333333,27.883333333333333,78.495,0.35714285714285715,2026-02,avg_duration_by_zone_hour,False
82,Elmhurst,9,70,30.343809523809522,24.941666666666666,24.941666666666666,56.19333333333334,0.35714285714285715,2026-02,avg_duration_by_zone_hour,False
198,Ridgewood,15,70,29.79952380952381,27.641666666666666,27.641666666666666,52.001666666666665,0.35714285714285715,2026-02,avg_duration_by_zone_hour,False
258,Woodhaven,11,42,26.776190476190475,22.174999999999997,22.174999999999997,52.29333333333333,0.35714285714285715,2026-02,avg_duration_by_zone_hour,False
198,Ridgewood,5,70,21.191190476190478,18.275,18.275,34.64333333333334,0.35714285714285715,2026-02,avg_duration_by_zone_hour,False
152,Manhattanville,23,168,15.550892857142859,13.850000000000001,13.850000000000001,26.525000000000013,0.35714285714285715,2026-02,avg_duration_by_zone_hour,False
236,Upper East Side North,4,154,13.555952380952382,11.5,11.5,27.50500000000002,0.35714285714285715,2026-02,avg_duration_by_zone_hour,False
162,Midtown East,1,644,10.929813664596274,9.575,9.575,18.653333333333336,0.35714285714285715,2026-02,avg_duration_by_zone_hour,False
223,Steinway,18,227,23.095374449339204,21.616666666666667,21.616666666666667,39.49666666666667,0.3568281938325991,2026-02,avg_duration_by_zone_hour,False
144,Little Italy/NoLiTa,13,1368,18.946710526315787,16.791666666666668,16.791666666666668,34.316666666666656,0.3567251461988304,2026-02,avg_duration_by_zone_hour,False
144,Little Italy/NoLiTa,5,171,13.559941520467836,10.9,10.9,23.533333333333335,0.3567251461988304,2026-02,avg_duration_by_zone_hour,False
181,Park Slope,11,143,33.12296037296037,28.45,28.45,58.77333333333333,0.35664335664335667,2026-02,avg_duration_by_zone_hour,False
230,Times Sq/Theatre District,11,3542,18.760074345943913,15.216666666666665,13.0625,35.181666666666665,0.3565782044042914,2026-02,avg_duration_by_zone_hour,False
162,Midtown East,8,3377,13.897640904155562,12.316666666666666,10.983333333333333,24.28666666666668,0.3565294640213207,2026-02,avg_duration_by_zone_hour,False
116,Hamilton Heights,4,115,14.88608695652174,14.116666666666667,14.116666666666667,24.833333333333343,0.3565217391304348,2026-02,avg_duration_by_zone_hour,False
223,Steinway,7,202,24.997524752475247,23.21666666666667,23.21666666666667,43.38,0.3564356435643564,2026-02,avg_duration_by_zone_hour,False
123,Homecrest,12,73,36.3675799086758,30.016666666666666,30.016666666666666,73.41666666666666,0.3561643835616438,2026-02,avg_duration_by_zone_hour,False
142,Lincoln Square East,10,3968,13.694434643817205,11.35,11.35,24.570000000000014,0.3560987903225806,2026-02,avg_duration_by_zone_hour,False
241,Van Cortlandt Village,9,59,46.04774011299435,43.6,43.6,78.14000000000001,0.3559322033898305,2026-02,avg_duration_by_zone_hour,False
208,Schuylerville/Edgewater Park,8,59,42.83898305084746,39.53333333333333,39.53333333333333,86.06,0.3559322033898305,2026-02,avg_duration_by_zone_hour,False
213,Soundview/Castle Hill,12,59,40.13333333333333,32.483333333333334,32.483333333333334,82.26333333333338,0.3559322033898305,2026-02,avg_duration_by_zone_hour,False
35,Brownsville,10,236,36.0295197740113,31.016666666666666,31.016666666666666,67.53333333333333,0.3559322033898305,2026-02,avg_duration_by_zone_hour,False
127,Inwood,13,59,28.653389830508473,24.0,24.0,48.36666666666667,0.3559322033898305,2026-02,avg_duration_by_zone_hour,False
168,Mott Haven/Port Morris,17,163,30.542638036809816,25.9,25.9,60.15666666666668,0.3558282208588957,2026-02,avg_duration_by_zone_hour,False
229,Sutton Place/Turtle Bay North,21,2892,12.632169202397417,11.025,10.366666666666667,22.39666666666667,0.3558091286307054,2026-02,avg_duration_by_zone_hour,False
262,Yorkville East,11,3162,14.03055028462998,12.283333333333333,12.283333333333333,25.128333333333337,0.3557874762808349,2026-02,avg_duration_by_zone_hour,False
179,Old Astoria,22,104,18.22548076923077,17.45,17.45,30.810000000000002,0.3557692307692308,2026-02,avg_duration_by_zone_hour,False
260,Woodside,4,104,13.37451923076923,11.975,11.975,23.69,0.3557692307692308,2026-02,avg_duration_by_zone_hour,False
232,Two Bridges/Seward Park,10,402,21.440381426202322,17.40833333333333,17.40833333333333,39.04333333333337,0.35572139303482586,2026-02,avg_duration_by_zone_hour,False
232,Two Bridges/Seward Park,4,194,14.276460481099656,12.958333333333332,12.958333333333332,22.748333333333342,0.3556701030927835,2026-02,avg_duration_by_zone_hour,False
263,Yorkville West,20,3431,12.468464004663364,10.216666666666667,10.216666666666667,24.55,0.3555814631302827,2026-02,avg_duration_by_zone_hour,False
148,Lower East Side,3,2714,13.673403340702531,12.133333333333333,12.133333333333333,23.995000000000005,0.35556374355195286,2026-02,avg_duration_by_zone_hour,False
18,Bedford Park,11,45,44.532222222222224,36.31666666666667,36.31666666666667,72.52333333333334,0.35555555555555557,2026-02,avg_duration_by_zone_hour,False
47,Claremont/Bathgate,15,45,41.87148148148148,35.11666666666667,35.11666666666667,77.65000000000002,0.35555555555555557,2026-02,avg_duration_by_zone_hour,False
220,Spuyten Duyvil/Kingsbridge,6,45,41.55444444444444,35.21666666666667,35.21666666666667,75.67000000000002,0.35555555555555557,2026-02,avg_duration_by_zone_hour,False
235,University Heights/Morris Heights,9,90,38.83962962962963,34.38333333333333,34.38333333333333,77.56666666666669,0.35555555555555557,2026-02,avg_duration_by_zone_hour,False
95,Forest Hills,13,90,36.775925925925925,30.616666666666667,30.616666666666667,76.57500000000005,0.35555555555555557,2026-02,avg_duration_by_zone_hour,False
28,Briarwood/Jamaica Hills,5,45,33.68296296296296,25.083333333333332,25.083333333333332,68.30666666666667,0.35555555555555557,2026-02,avg_duration_by_zone_hour,False
133,Kensington,16,45,33.58222222222222,24.15,24.15,67.27000000000001,0.35555555555555557,2026-02,avg_duration_by_zone_hour,False
92,Flushing,7,45,33.18518518518518,30.166666666666668,30.166666666666668,53.153333333333336,0.35555555555555557,2026-02,avg_duration_by_zone_hour,False
247,West Concourse,14,90,32.305,23.200000000000003,23.200000000000003,65.3883333333334,0.35555555555555557,2026-02,avg_duration_by_zone_hour,False
179,Old Astoria,9,180,28.132685185185185,24.583333333333332,24.583333333333332,49.39333333333333,0.35555555555555557,2026-02,avg_duration_by_zone_hour,False
144,Little Italy/NoLiTa,7,225,16.569629629629627,14.566666666666666,14.566666666666666,29.23333333333333,0.35555555555555557,2026-02,avg_duration_by_zone_hour,False
158,Meatpacking/West Village West,23,2115,14.76776989755713,13.55,13.533333333333333,25.086666666666673,0.35555555555555557,2026-02,avg_duration_by_zone_hour,False
162,Midtown East,12,4832,17.334685430463576,15.383333333333333,15.383333333333333,30.39833333333334,0.35554635761589404,2026-02,avg_duration_by_zone_hour,False
164,Midtown South,15,3215,18.403939865215136,14.75,13.633333333333333,34.85666666666666,0.35552099533437015,2026-02,avg_duration_by_zone_hour,False
142,Lincoln Square East,11,4343,14.05585616701205,11.75,11.75,25.753333333333345,0.35551462122956484,2026-02,avg_duration_by_zone_hour,False
152,Manhattanville,17,467,21.52905067808708,17.733333333333334,17.733333333333334,38.20666666666668,0.3554603854389722,2026-02,avg_duration_by_zone_hour,False
107,Gramercy,16,3033,17.87794812616771,13.866666666666667,12.941666666666666,32.65,0.35542367293109134,2026-02,avg_duration_by_zone_hour,False
112,Greenpoint,15,121,28.39641873278237,24.816666666666666,24.816666666666666,46.3,0.35537190082644626,2026-02,avg_duration_by_zone_hour,False
233,UN/Turtle Bay South,17,2575,17.243488673139158,14.95,14.65,29.45,0.3553398058252427,2026-02,avg_duration_by_zone_hour,False
107,Gramercy,9,2772,14.653559403559402,12.85,12.85,26.133333333333333,0.35533910533910534,2026-02,avg_duration_by_zone_hour,False
37,Bushwick South,11,259,32.28204633204633,27.966666666666665,27.966666666666665,54.513333333333335,0.3552123552123552,2026-02,avg_duration_by_zone_hour,False
152,Manhattanville,19,366,19.10997267759563,16.583333333333336,16.583333333333336,33.09166666666667,0.3551912568306011,2026-02,avg_duration_by_zone_hour,False
55,Coney Island,12,107,48.81931464174455,42.333333333333336,42.333333333333336,87.33333333333336,0.35514018691588783,2026-02,avg_duration_by_zone_hour,False
129,Jackson Heights,10,107,25.808878504672897,21.75,21.75,56.81333333333333,0.35514018691588783,2026-02,avg_duration_by_zone_hour,False
114,Greenwich Village South,7,369,15.229855465221318,11.833333333333334,11.833333333333334,31.3,0.35501355013550134,2026-02,avg_duration_by_zone_hour,False
82,Elmhurst,19,200,22.19516666666667,20.175,20.175,37.446666666666665,0.355,2026-02,avg_duration_by_zone_hour,False
87,Financial District North,14,834,23.430275779376498,19.90833333333333,19.90833333333333,40.290000000000006,0.354916067146283,2026-02,avg_duration_by_zone_hour,False
116,Hamilton Heights,18,479,22.19947807933194,19.983333333333334,19.983333333333334,36.54,0.35490605427974947,2026-02,avg_duration_by_zone_hour,False
43,Central Park,15,3849,16.171230622672557,13.883333333333333,13.125,29.256666666666675,0.35489737594180304,2026-02,avg_duration_by_zone_hour,False
139,Laurelton,5,31,57.115053763440855,59.61666666666667,59.61666666666667,103.33333333333333,0.3548387096774194,2026-02,avg_duration_by_zone_hour,False
219,Springfield Gardens South,11,31,49.39139784946237,44.833333333333336,44.833333333333336,76.8,0.3548387096774194,2026-02,avg_duration_by_zone_hour,False
241,Van Cortlandt Village,12,31,42.86021505376344,34.88333333333333,34.88333333333333,73.43333333333334,0.3548387096774194,2026-02,avg_duration_by_zone_hour,False
202,Roosevelt Island,12,31,38.026881720430104,34.65,34.65,58.233333333333334,0.3548387096774194,2026-02,avg_duration_by_zone_hour,False
121,Hillcrest/Pomonok,13,31,37.97096774193548,29.966666666666665,29.966666666666665,83.56666666666666,0.3548387096774194,2026-02,avg_duration_by_zone_hour,False
219,Springfield Gardens South,19,31,32.66129032258065,27.616666666666667,27.616666666666667,59.78333333333333,0.3548387096774194,2026-02,avg_duration_by_zone_hour,False
126,Hunts Point,10,31,32.373118279569894,25.716666666666665,25.716666666666665,50.56666666666667,0.3548387096774194,2026-02,avg_duration_by_zone_hour,False
159,Melrose South,7,124,32.21787634408602,26.541666666666664,26.541666666666664,62.87833333333334,0.3548387096774194,2026-02,avg_duration_by_zone_hour,False
197,Richmond Hill,9,62,31.176344086021505,26.166666666666668,26.166666666666668,63.78499999999998,0.3548387096774194,2026-02,avg_duration_by_zone_hour,False
121,Hillcrest/Pomonok,19,31,30.580107526881722,25.85,25.85,46.7,0.3548387096774194,2026-02,avg_duration_by_zone_hour,False
67,Dyker Heights,8,31,30.13494623655914,26.0,26.0,54.71666666666667,0.3548387096774194,2026-02,avg_duration_by_zone_hour,False
248,West Farms/Bronx River,17,31,29.09516129032258,20.233333333333334,20.233333333333334,57.666666666666664,0.3548387096774194,2026-02,avg_duration_by_zone_hour,False
149,Madison,17,31,28.112903225806452,23.833333333333332,23.833333333333332,55.983333333333334,0.3548387096774194,2026-02,avg_duration_by_zone_hour,False
52,Cobble Hill,10,62,25.517473118279568,21.90833333333333,21.90833333333333,44.82833333333333,0.3548387096774194,2026-02,avg_duration_by_zone_hour,False
40,Carroll Gardens,19,93,23.06594982078853,22.566666666666666,22.566666666666666,37.89333333333333,0.3548387096774194,2026-02,avg_duration_by_zone_hour,False
208,Schuylerville/Edgewater Park,23,31,21.701075268817206,18.866666666666667,18.866666666666667,36.61666666666667,0.3548387096774194,2026-02,avg_duration_by_zone_hour,False
148,Lower East Side,5,341,14.677663734115345,12.35,12.35,27.916666666666668,0.3548387096774194,2026-02,avg_duration_by_zone_hour,False
140,Lenox Hill East,4,186,12.45483870967742,10.841666666666667,10.841666666666667,22.125,0.3548387096774194,2026-02,avg_duration_by_zone_hour,False
170,Murray Hill,11,4572,17.32771216097988,14.6,14.6,31.1,0.3547681539807524,2026-02,avg_duration_by_zone_hour,False
4,Alphabet City,23,919,14.844087776568735,13.566666666666666,13.566666666666666,24.773333333333333,0.35473340587595215,2026-02,avg_duration_by_zone_hour,False
116,Hamilton Heights,16,344,22.51608527131783,19.041666666666664,19.041666666666664,40.989999999999995,0.3546511627906977,2026-02,avg_duration_by_zone_hour,False
36,Bushwick North,17,141,34.50933806146572,32.28333333333333,32.28333333333333,51.75,0.3546099290780142,2026-02,avg_duration_by_zone_hour,False
177,Ocean Hill,18,141,31.03309692671395,27.533333333333335,27.533333333333335,49.38333333333333,0.3546099290780142,2026-02,avg_duration_by_zone_hour,False
76,East New York,4,141,26.194562647754136,23.533333333333335,23.533333333333335,53.28333333333333,0.3546099290780142,2026-02,avg_duration_by_zone_hour,False
48,Clinton East,7,2321,13.047077409162718,10.466666666666667,10.166666666666666,24.683333333333334,0.35458853942266266,2026-02,avg_duration_by_zone_hour,False
76,East New York,14,251,37.68725099601593,33.766666666666666,33.766666666666666,64.96666666666667,0.3545816733067729,2026-02,avg_duration_by_zone_hour,False
51,Co-Op City,11,79,48.35168776371308,41.483333333333334,41.483333333333334,84.81,0.35443037974683544,2026-02,avg_duration_by_zone_hour,False
26,Borough Park,10,79,34.583755274261605,33.11666666666667,33.11666666666667,61.07,0.35443037974683544,2026-02,avg_duration_by_zone_hour,False
228,Sunset Park West,15,127,45.13359580052494,39.75,39.75,76.38333333333333,0.3543307086614173,2026-02,avg_duration_by_zone_hour,False
170,Murray Hill,8,3096,14.262004737295435,12.158333333333333,12.158333333333333,24.891666666666666,0.354328165374677,2026-02,avg_duration_by_zone_hour,False
125,Hudson Sq,3,302,12.866887417218544,10.458333333333332,10.458333333333332,23.516666666666666,0.3543046357615894,2026-02,avg_duration_by_zone_hour,False
161,Midtown Center,2,350,13.33295238095238,11.191666666666666,11.191666666666666,25.445000000000007,0.35428571428571426,2026-02,avg_duration_by_zone_hour,False
61,Crown Heights North,19,367,27.595186194368754,24.316666666666666,24.316666666666666,49.11000000000001,0.3542234332425068,2026-02,avg_duration_by_zone_hour,False
123,Homecrest,7,48,51.155902777777776,46.983333333333334,46.983333333333334,104.80333333333336,0.3541666666666667,2026-02,avg_duration_by_zone_hour,False
167,Morrisania/Melrose,8,96,38.24878472222222,31.575,31.575,69.53333333333333,0.3541666666666667,2026-02,avg_duration_by_zone_hour,False
188,Prospect-Lefferts Gardens,6,288,38.12141203703704,33.44166666666666,33.44166666666666,64.33833333333337,0.3541666666666667,2026-02,avg_duration_by_zone_hour,False
242,Van Nest/Morris Park,13,48,37.206944444444446,29.133333333333333,29.133333333333333,65.47166666666668,0.3541666666666667,2026-02,avg_duration_by_zone_hour,False
39,Canarsie,12,192,36.02118055555555,30.566666666666666,30.566666666666666,74.27166666666666,0.3541666666666667,2026-02,avg_duration_by_zone_hour,False
69,East Concourse/Concourse Village,5,48,29.674305555555552,23.883333333333333,23.883333333333333,61.803333333333335,0.3541666666666667,2026-02,avg_duration_by_zone_hour,False
28,Briarwood/Jamaica Hills,7,96,29.556250000000002,25.241666666666667,25.241666666666667,52.5,0.3541666666666667,2026-02,avg_duration_by_zone_hour,False
157,Maspeth,19,48,20.206944444444446,17.825000000000003,17.825000000000003,32.58000000000001,0.3541666666666667,2026-02,avg_duration_by_zone_hour,False
45,Chinatown,8,144,19.794212962962963,16.31666666666667,16.31666666666667,32.87166666666668,0.3541666666666667,2026-02,avg_duration_by_zone_hour,False
148,Lower East Side,11,802,18.756109725685786,16.291666666666664,16.291666666666664,33.824999999999996,0.3541147132169576,2026-02,avg_duration_by_zone_hour,False
234,Union Sq,0,3022,13.379676814471651,11.933333333333334,11.75,23.298333333333336,0.3540701522170748,2026-02,avg_duration_by_zone_hour,False
97,Fort Greene,8,274,27.89160583941606,24.583333333333336,24.583333333333336,46.74,0.354014598540146,2026-02,avg_duration_by_zone_hour,False
14,Bay Ridge,13,113,40.068141592920355,37.38333333333333,37.38333333333333,72.13666666666667,0.35398230088495575,2026-02,avg_duration_by_zone_hour,False
72,East Flatbush/Remsen Village,18,113,32.32182890855457,27.15,27.15,58.71666666666667,0.35398230088495575,2026-02,avg_duration_by_zone_hour,False
152,Manhattanville,15,243,20.56783264746228,17.15,17.15,37.77,0.35390946502057613,2026-02,avg_duration_by_zone_hour,False
86,Far Rockaway,15,65,64.38692307692307,64.28333333333333,64.28333333333333,110.73,0.35384615384615387,2026-02,avg_duration_by_zone_hour,False
10,Baisley Park,5,65,47.99153846153846,46.733333333333334,46.733333333333334,86.04,0.35384615384615387,2026-02,avg_duration_by_zone_hour,False
69,East Concourse/Concourse Village,18,65,32.202564102564104,23.683333333333334,23.683333333333334,70.35333333333335,0.35384615384615387,2026-02,avg_duration_by_zone_hour,False
198,Ridgewood,11,65,28.83076923076923,23.7,23.7,59.32,0.35384615384615387,2026-02,avg_duration_by_zone_hour,False
260,Woodside,3,65,14.53897435897436,13.516666666666667,13.516666666666667,23.006666666666668,0.35384615384615387,2026-02,avg_duration_by_zone_hour,False
237,Upper East Side South,10,6924,12.976477951088002,10.666666666666666,9.3,24.4,0.353841709994223,2026-02,avg_duration_by_zone_hour,False
100,Garment District,21,2682,15.127970420084514,13.6,12.016666666666667,25.581666666666667,0.35384041759880686,2026-02,avg_duration_by_zone_hour,False
170,Murray Hill,10,4102,16.602332195676905,14.233333333333333,14.233333333333333,29.69333333333334,0.3537298878595807,2026-02,avg_duration_by_zone_hour,False
161,Midtown Center,10,4490,16.965141054194508,14.75,13.966666666666667,30.40333333333333,0.3536748329621381,2026-02,avg_duration_by_zone_hour,False
186,Penn Station/Madison Sq West,0,2508,14.921218766613503,13.458333333333332,13.458333333333332,26.0,0.3536682615629984,2026-02,avg_duration_by_zone_hour,False
62,Crown Heights South,15,82,35.38373983739837,30.758333333333333,30.758333333333333,69.59500000000001,0.35365853658536583,2026-02,avg_duration_by_zone_hour,False
129,Jackson Heights,1,99,17.24158249158249,16.05,16.05,27.223333333333336,0.35353535353535354,2026-02,avg_duration_by_zone_hour,False
69,East Concourse/Concourse Village,6,150,36.24677777777777,32.733333333333334,32.733333333333334,64.415,0.35333333333333333,2026-02,avg_duration_by_zone_hour,False
261,World Trade Center,17,1107,23.277115326708824,20.066666666666666,20.066666666666666,40.596666666666664,0.35320686540198737,2026-02,avg_duration_by_zone_hour,False
32,Bronxdale,12,34,48.3406862745098,43.40833333333333,43.40833333333333,85.43833333333333,0.35294117647058826,2026-02,avg_duration_by_zone_hour,False
72,East Flatbush/Remsen Village,7,221,38.07677224736049,32.71666666666667,32.71666666666667,77.28333333333333,0.35294117647058826,2026-02,avg_duration_by_zone_hour,False
159,Melrose South,5,51,35.69477124183007,26.866666666666667,26.866666666666667,69.98333333333333,0.35294117647058826,2026-02,avg_duration_by_zone_hour,False
217,South Williamsburg,7,34,33.61666666666667,30.083333333333336,30.083333333333336,56.73333333333333,0.35294117647058826,2026-02,avg_duration_by_zone_hour,False
33,Brooklyn Heights,14,238,33.47871148459384,25.766666666666666,25.766666666666666,65.30500000000002,0.35294117647058826,2026-02,avg_duration_by_zone_hour,False
60,Crotona Park East,18,34,27.11813725490196,21.700000000000003,21.700000000000003,43.64,0.35294117647058826,2026-02,avg_duration_by_zone_hour,False
260,Woodside,14,85,24.147843137254903,20.9,20.9,44.190000000000005,0.35294117647058826,2026-02,avg_duration_by_zone_hour,False
10,Baisley Park,22,51,22.5718954248366,21.833333333333332,21.833333333333332,33.46666666666667,0.35294117647058826,2026-02,avg_duration_by_zone_hour,False
69,East Concourse/Concourse Village,23,34,17.439215686274512,15.733333333333334,15.733333333333334,25.24,0.35294117647058826,2026-02,avg_duration_by_zone_hour,False
159,Melrose South,21,34,17.123039215686276,14.391666666666666,14.391666666666666,28.014999999999997,0.35294117647058826,2026-02,avg_duration_by_zone_hour,False
158,Meatpacking/West Village West,18,2021,16.700313376216396,14.833333333333334,14.833333333333334,28.033333333333335,0.3527956457199406,2026-02,avg_duration_by_zone_hour,False
151,Manhattan Valley,23,502,15.315106241699867,13.483333333333334,13.483333333333334,27.415000000000003,0.35258964143426297,2026-02,avg_duration_by_zone_hour,False
25,Boerum Hill,13,156,33.05042735042735,29.233333333333334,29.233333333333334,58.05,0.3525641025641026,2026-02,avg_duration_by_zone_hour,False
17,Bedford,22,156,22.28717948717949,20.108333333333334,20.108333333333334,37.79166666666667,0.3525641025641026,2026-02,avg_duration_by_zone_hour,False
162,Midtown East,9,4099,15.856639830853053,13.983333333333333,12.75,27.78000000000002,0.3525250060990485,2026-02,avg_duration_by_zone_hour,False
17,Bedford,18,278,27.341486810551558,24.733333333333334,24.733333333333334,47.775,0.35251798561151076,2026-02,avg_duration_by_zone_hour,False
179,Old Astoria,11,139,24.967865707434054,23.633333333333333,23.633333333333333,41.99666666666667,0.35251798561151076,2026-02,avg_duration_by_zone_hour,False
186,Penn Station/Madison Sq West,23,4477,16.051247114883477,14.633333333333333,14.633333333333333,27.89,0.3524681706499888,2026-02,avg_duration_by_zone_hour,False
48,Clinton East,6,1833,11.104800872885978,9.1,9.1,19.376666666666665,0.3524277141298418,2026-02,avg_duration_by_zone_hour,False
49,Clinton Hill,18,315,27.808783068783068,22.866666666666667,22.866666666666667,47.77666666666667,0.3523809523809524,2026-02,avg_duration_by_zone_hour,False
89,Flatbush/Ditmas Park,17,193,36.277288428324695,31.85,31.85,66.71333333333334,0.35233160621761656,2026-02,avg_duration_by_zone_hour,False
97,Fort Greene,5,88,26.218939393939397,20.358333333333334,20.358333333333334,50.654999999999994,0.3522727272727273,2026-02,avg_duration_by_zone_hour,False
226,Sunnyside,10,230,23.346594202898547,21.55,21.55,39.78833333333333,0.3521739130434783,2026-02,avg_duration_by_zone_hour,False
181,Park Slope,10,142,34.43579812206573,30.21666666666667,30.21666666666667,64.6,0.352112676056338,2026-02,avg_duration_by_zone_hour,False
224,Stuy Town/Peter Cooper Village,18,730,16.1575799086758,14.866666666666667,14.866666666666667,25.873333333333335,0.35205479452054794,2026-02,avg_duration_by_zone_hour,False
163,Midtown North,13,4119,17.07755523185239,14.116666666666667,14.116666666666667,31.716666666666665,0.35202719106579267,2026-02,avg_duration_by_zone_hour,False
13,Battery Park City,16,1384,21.116570327552985,18.025,18.025,36.70666666666667,0.351878612716763,2026-02,avg_duration_by_zone_hour,False
136,Kingsbridge Heights,9,54,47.531172839506176,43.25,43.25,90.07333333333337,0.35185185185185186,2026-02,avg_duration_by_zone_hour,False
191,Queens Village,14,54,34.889197530864195,26.241666666666667,26.241666666666667,66.86500000000001,0.35185185185185186,2026-02,avg_duration_by_zone_hour,False
134,Kew Gardens,16,54,27.36820987654321,21.583333333333332,21.583333333333332,50.30500000000001,0.35185185185185186,2026-02,avg_duration_by_zone_hour,False
220,Spuyten Duyvil/Kingsbridge,21,54,22.23765432098765,18.008333333333333,18.008333333333333,37.70833333333336,0.35185185185185186,2026-02,avg_duration_by_zone_hour,False
211,SoHo,15,1649,19.953497068930666,17.083333333333332,17.083333333333332,35.93666666666667,0.35172832019405703,2026-02,avg_duration_by_zone_hour,False
188,Prospect-Lefferts Gardens,5,145,27.009770114942526,25.066666666666666,25.066666666666666,45.736666666666665,0.35172413793103446,2026-02,avg_duration_by_zone_hour,False
130,Jamaica,18,236,25.835240112994352,22.475,22.475,43.825,0.3516949152542373,2026-02,avg_duration_by_zone_hour,False
148,Lower East Side,16,1217,19.7320734045467,16.566666666666666,16.566666666666666,35.52000000000002,0.35168447000821695,2026-02,avg_duration_by_zone_hour,False
26,Borough Park,16,91,32.72326007326007,26.483333333333334,26.483333333333334,70.83333333333333,0.3516483516483517,2026-02,avg_duration_by_zone_hour,False
40,Carroll Gardens,9,91,28.06300366300366,24.666666666666668,24.666666666666668,43.35,0.3516483516483517,2026-02,avg_duration_by_zone_hour,False
226,Sunnyside,21,273,17.76355311355311,16.5,16.5,28.87666666666667,0.3516483516483517,2026-02,avg_duration_by_zone_hour,False
142,Lincoln Square East,4,182,15.217857142857143,11.833333333333332,11.833333333333332,33.646666666666675,0.3516483516483517,2026-02,avg_duration_by_zone_hour,False
61,Crown Heights North,10,421,33.559026128266034,29.833333333333332,29.833333333333332,60.31666666666667,0.3515439429928741,2026-02,avg_duration_by_zone_hour,False
170,Murray Hill,4,404,12.918069306930692,10.775,10.775,23.369999999999997,0.35148514851485146,2026-02,avg_duration_by_zone_hour,False
232,Two Bridges/Seward Park,14,387,24.75693367786391,20.066666666666666,20.066666666666666,45.883333333333375,0.35142118863049093,2026-02,avg_duration_by_zone_hour,False
61,Crown Heights North,7,424,34.72205188679245,31.483333333333334,31.483333333333334,60.391666666666666,0.35141509433962265,2026-02,avg_duration_by_zone_hour,False
203,Rosedale,7,37,55.26801801801802,55.55,55.55,97.72333333333333,0.35135135135135137,2026-02,avg_duration_by_zone_hour,False
254,Williamsbridge/Olinville,16,37,52.589189189189185,46.46666666666667,46.46666666666667,93.78,0.35135135135135137,2026-02,avg_duration_by_zone_hour,False
47,Claremont/Bathgate,6,74,44.94009009009009,41.68333333333334,41.68333333333334,87.89666666666668,0.35135135135135137,2026-02,avg_duration_by_zone_hour,False
175,Oakland Gardens,7,37,44.31936936936937,41.71666666666667,41.71666666666667,84.21666666666665,0.35135135135135137,2026-02,avg_duration_by_zone_hour,False
78,East Tremont,7,111,39.03018018018018,35.2,35.2,70.43333333333334,0.35135135135135137,2026-02,avg_duration_by_zone_hour,False
10,Baisley Park,17,74,34.44549549549549,33.90833333333333,33.90833333333333,56.85333333333334,0.35135135135135137,2026-02,avg_duration_by_zone_hour,False
19,Bellerose,7,37,33.582882882882885,22.566666666666666,22.566666666666666,67.13999999999999,0.35135135135135137,2026-02,avg_duration_by_zone_hour,False
209,Seaport,17,444,24.18963963963964,19.40833333333333,19.40833333333333,48.33333333333333,0.35135135135135137,2026-02,avg_duration_by_zone_hour,False
244,Washington Heights South,11,353,26.357695939565627,22.35,22.35,44.39000000000001,0.35127478753541075,2026-02,avg_duration_by_zone_hour,False
89,Flatbush/Ditmas Park,12,205,36.22764227642276,30.783333333333335,30.783333333333335,68.46666666666667,0.35121951219512193,2026-02,avg_duration_by_zone_hour,False
91,Flatlands,11,131,33.52964376590331,26.866666666666667,26.866666666666667,67.68333333333334,0.3511450381679389,2026-02,avg_duration_by_zone_hour,False
186,Penn Station/Madison Sq West,11,5374,18.960321300086836,16.783333333333335,15.941666666666666,33.41166666666666,0.351135094901377,2026-02,avg_duration_by_zone_hour,False
85,Erasmus,14,94,41.4886524822695,34.766666666666666,34.766666666666666,80.645,0.35106382978723405,2026-02,avg_duration_by_zone_hour,False
72,East Flatbush/Remsen Village,19,94,32.431382978723406,28.18333333333333,28.18333333333333,61.116666666666674,0.35106382978723405,2026-02,avg_duration_by_zone_hour,False
244,Washington Heights South,23,322,16.60310559006211,14.658333333333333,14.658333333333333,27.983333333333338,0.35093167701863354,2026-02,avg_duration_by_zone_hour,False
237,Upper East Side South,9,6315,12.836365795724465,10.4,9.383333333333333,24.610000000000007,0.35091053048297705,2026-02,avg_duration_by_zone_hour,False
33,Brooklyn Heights,15,228,34.06315789473684,26.15,26.15,66.98166666666668,0.3508771929824561,2026-02,avg_duration_by_zone_hour,False
35,Brownsville,21,57,30.853508771929825,26.316666666666666,26.316666666666666,62.34,0.3508771929824561,2026-02,avg_duration_by_zone_hour,False
123,Homecrest,18,57,26.612573099415204,24.616666666666667,24.616666666666667,48.36666666666667,0.3508771929824561,2026-02,avg_duration_by_zone_hour,False
42,Central Harlem North,0,285,15.754444444444443,14.366666666666667,14.366666666666667,27.429999999999996,0.3508771929824561,2026-02,avg_duration_by_zone_hour,False
233,UN/Turtle Bay South,5,305,12.806502732240437,10.633333333333333,10.633333333333333,24.95000000000002,0.35081967213114756,2026-02,avg_duration_by_zone_hour,False
244,Washington Heights South,8,630,26.064047619047617,24.616666666666667,24.616666666666667,42.88500000000001,0.35079365079365077,2026-02,avg_duration_by_zone_hour,False
249,West Village,17,3031,15.733239854833387,13.133333333333333,12.866666666666667,28.6,0.3507093368525239,2026-02,avg_duration_by_zone_hour,False
97,Fort Greene,17,348,29.230316091954023,23.266666666666666,23.266666666666666,55.833333333333336,0.3505747126436782,2026-02,avg_duration_by_zone_hour,False
7,Astoria,9,371,28.26761006289308,25.916666666666668,25.916666666666668,47.916666666666664,0.3504043126684636,2026-02,avg_duration_by_zone_hour,False
129,Jackson Heights,7,254,26.08713910761155,24.958333333333336,24.958333333333336,43.79500000000001,0.35039370078740156,2026-02,avg_duration_by_zone_hour,False
79,East Village,13,2469,16.323997569866343,13.966666666666667,13.966666666666667,30.003333333333337,0.3503442689347914,2026-02,avg_duration_by_zone_hour,False
229,Sutton Place/Turtle Bay North,4,237,12.902672292545711,10.9,10.9,24.87666666666667,0.350210970464135,2026-02,avg_duration_by_zone_hour,False
145,Long Island City/Hunters Point,13,257,23.062516212710765,21.566666666666666,21.566666666666666,39.723333333333336,0.35019455252918286,2026-02,avg_duration_by_zone_hour,False
140,Lenox Hill East,16,5097,17.94231901118305,14.633333333333333,14.416666666666666,32.0,0.35000980969197565,2026-02,avg_duration_by_zone_hour,False
235,University Heights/Morris Heights,10,40,40.38791666666667,30.40833333333333,30.40833333333333,85.625,0.35,2026-02,avg_duration_by_zone_hour,False
167,Morrisania/Melrose,9,60,39.91138888888889,32.53333333333333,32.53333333333333,72.94333333333334,0.35,2026-02,avg_duration_by_zone_hour,False
126,Hunts Point,6,40,38.670833333333334,35.358333333333334,35.358333333333334,67.945,0.35,2026-02,avg_duration_by_zone_hour,False
155,Marine Park/Mill Basin,10,60,37.742777777777775,29.85,29.85,79.99500000000002,0.35,2026-02,avg_duration_by_zone_hour,False
72,East Flatbush/Remsen Village,6,200,37.26466666666667,32.1,32.1,75.43666666666665,0.35,2026-02,avg_duration_by_zone_hour,False
217,South Williamsburg,15,40,34.59916666666667,28.008333333333333,28.008333333333333,59.915000000000006,0.35,2026-02,avg_duration_by_zone_hour,False
212,Soundview/Bruckner,11,40,32.48166666666667,26.75,26.75,64.82833333333333,0.35,2026-02,avg_duration_by_zone_hour,False
52,Cobble Hill,16,60,24.935833333333335,21.416666666666664,21.416666666666664,45.525,0.35,2026-02,avg_duration_by_zone_hour,False
225,Stuyvesant Heights,3,60,24.460833333333333,23.799999999999997,23.799999999999997,38.413333333333334,0.35,2026-02,avg_duration_by_zone_hour,False
230,Times Sq/Theatre District,0,2621,13.913887829072873,12.166666666666666,11.566666666666666,24.483333333333334,0.3498664631819916,2026-02,avg_duration_by_zone_hour,False
137,Kips Bay,3,363,11.467401285583104,9.8,9.8,19.240000000000006,0.349862258953168,2026-02,avg_duration_by_zone_hour,False
209,Seaport,13,243,24.148079561042525,17.983333333333334,17.983333333333334,50.92666666666667,0.3497942386831276,2026-02,avg_duration_by_zone_hour,False
225,Stuyvesant Heights,8,346,36.87986512524085,34.46666666666667,34.46666666666667,61.75833333333333,0.34971098265895956,2026-02,avg_duration_by_zone_hour,False
45,Chinatown,13,346,23.658959537572255,19.991666666666667,19.991666666666667,43.50833333333333,0.34971098265895956,2026-02,avg_duration_by_zone_hour,False
246,West Chelsea/Hudson Yards,5,163,14.30071574642127,11.8,11.8,25.69000000000002,0.3496932515337423,2026-02,avg_duration_by_zone_hour,False
182,Parkchester,8,143,41.74090909090909,36.38333333333333,36.38333333333333,75.11333333333332,0.34965034965034963,2026-02,avg_duration_by_zone_hour,False
225,Stuyvesant Heights,12,246,37.80955284552845,33.11666666666667,33.11666666666667,69.50833333333333,0.34959349593495936,2026-02,avg_duration_by_zone_hour,False
79,East Village,3,3643,12.179325647360233,10.766666666666667,10.766666666666667,21.560000000000006,0.3494372769695306,2026-02,avg_duration_by_zone_hour,False
244,Washington Heights South,10,352,26.219507575757575,22.616666666666667,22.616666666666667,41.55833333333334,0.3494318181818182,2026-02,avg_duration_by_zone_hour,False
198,Ridgewood,22,83,21.23052208835341,21.566666666666666,21.566666666666666,31.96333333333333,0.3493975903614458,2026-02,avg_duration_by_zone_hour,False
224,Stuy Town/Peter Cooper Village,17,521,16.343058221369162,14.466666666666667,14.466666666666667,27.933333333333334,0.3493282149712092,2026-02,avg_duration_by_zone_hour,False
97,Fort Greene,7,209,27.99290271132376,25.05,25.05,48.69666666666668,0.3492822966507177,2026-02,avg_duration_by_zone_hour,False
195,Red Hook,10,63,37.60899470899471,35.21666666666667,35.21666666666667,67.11000000000003,0.3492063492063492,2026-02,avg_duration_by_zone_hour,False
17,Bedford,12,189,33.11772486772487,26.766666666666666,26.766666666666666,68.40333333333336,0.3492063492063492,2026-02,avg_duration_by_zone_hour,False
231,TriBeCa/Civic Center,2,756,13.486970899470899,11.891666666666666,11.891666666666666,24.275,0.3492063492063492,2026-02,avg_duration_by_zone_hour,False
75,East Harlem South,1,169,13.432741617357001,12.466666666666667,12.466666666666667,22.683333333333334,0.34911242603550297,2026-02,avg_duration_by_zone_hour,False
249,West Village,3,2020,12.912194719471948,11.066666666666666,11.066666666666666,23.468333333333334,0.349009900990099,2026-02,avg_duration_by_zone_hour,False
4,Alphabet City,13,427,19.837509758001563,16.733333333333334,16.733333333333334,34.32666666666668,0.34894613583138173,2026-02,avg_duration_by_zone_hour,False
148,Lower East Side,7,470,17.27528368794326,14.425,14.425,29.29000000000001,0.34893617021276596,2026-02,avg_duration_by_zone_hour,False
117,Hammels/Arverne,15,43,62.09069767441861,58.9,58.9,109.82000000000001,0.3488372093023256,2026-02,avg_duration_by_zone_hour,False
202,Roosevelt Island,8,43,44.15038759689923,42.583333333333336,42.583333333333336,72.81333333333335,0.3488372093023256,2026-02,avg_duration_by_zone_hour,False
134,Kew Gardens,11,43,30.384883720930233,22.1,22.1,65.52000000000001,0.3488372093023256,2026-02,avg_duration_by_zone_hour,False
40,Carroll Gardens,18,129,25.551937984496124,23.983333333333334,23.983333333333334,41.443333333333335,0.3488372093023256,2026-02,avg_duration_by_zone_hour,False
254,Williamsbridge/Olinville,23,43,22.0984496124031,18.116666666666667,18.116666666666667,47.98000000000001,0.3488372093023256,2026-02,avg_duration_by_zone_hour,False
127,Inwood,3,43,13.745348837209301,12.7,12.7,22.933333333333337,0.3488372093023256,2026-02,avg_duration_by_zone_hour,False
170,Murray Hill,15,4473,19.051568671286983,15.1,14.633333333333333,35.14333333333334,0.3487592219986586,2026-02,avg_duration_by_zone_hour,False
263,Yorkville West,6,1600,11.773989583333334,10.108333333333334,10.108333333333334,19.616666666666667,0.34875,2026-02,avg_duration_by_zone_hour,False
25,Boerum Hill,11,152,32.7594298245614,26.233333333333334,26.233333333333334,60.03166666666667,0.34868421052631576,2026-02,avg_duration_by_zone_hour,False
38,Cambria Heights,6,66,60.295707070707074,66.14166666666667,66.14166666666667,108.26666666666667,0.3484848484848485,2026-02,avg_duration_by_zone_hour,False
138,LaGuardia Airport,6,66,26.560606060606062,25.325,25.325,45.28333333333333,0.3484848484848485,2026-02,avg_duration_by_zone_hour,False
262,Yorkville East,0,270,12.733641975308643,12.158333333333333,12.158333333333333,22.01833333333333,0.34814814814814815,2026-02,avg_duration_by_zone_hour,False
170,Murray Hill,1,991,12.535956945845946,11.15,11.15,21.666666666666668,0.3481331987891019,2026-02,avg_duration_by_zone_hour,False
246,West Chelsea/Hudson Yards,12,2709,17.885646610065216,16.116666666666667,15.616666666666667,30.306666666666676,0.34809892949427834,2026-02,avg_duration_by_zone_hour,False
233,UN/Turtle Bay South,6,546,11.679426129426128,9.983333333333334,9.983333333333334,20.308333333333334,0.34798534798534797,2026-02,avg_duration_by_zone_hour,False
86,Far Rockaway,12,46,75.56376811594203,74.6,74.6,115.70833333333333,0.34782608695652173,2026-02,avg_duration_by_zone_hour,False
220,Spuyten Duyvil/Kingsbridge,10,46,41.22463768115942,32.45,32.45,74.36666666666667,0.34782608695652173,2026-02,avg_duration_by_zone_hour,False
22,Bensonhurst West,9,69,40.49830917874396,31.5,31.5,86.81666666666666,0.34782608695652173,2026-02,avg_duration_by_zone_hour,False
174,Norwood,10,46,39.153985507246375,34.6,34.6,82.26666666666667,0.34782608695652173,2026-02,avg_duration_by_zone_hour,False
62,Crown Heights South,10,138,36.21799516908212,31.783333333333335,31.783333333333335,67.415,0.34782608695652173,2026-02,avg_duration_by_zone_hour,False
182,Parkchester,4,46,35.26086956521739,34.05833333333334,34.05833333333334,57.54166666666667,0.34782608695652173,2026-02,avg_duration_by_zone_hour,False
212,Soundview/Bruckner,8,92,32.60054347826087,26.166666666666668,26.166666666666668,61.343333333333355,0.34782608695652173,2026-02,avg_duration_by_zone_hour,False
174,Norwood,8,69,32.504347826086956,24.616666666666667,24.616666666666667,69.95333333333333,0.34782608695652173,2026-02,avg_duration_by_zone_hour,False
37,Bushwick South,9,299,30.029821627647713,26.7,26.7,53.47,0.34782608695652173,2026-02,avg_duration_by_zone_hour,False
160,Middle Village,18,69,26.21570048309179,23.933333333333334,23.933333333333334,43.900000000000006,0.34782608695652173,2026-02,avg_duration_by_zone_hour,False
102,Glendale,18,46,24.894927536231886,23.433333333333334,23.433333333333334,40.925,0.34782608695652173,2026-02,avg_duration_by_zone_hour,False
126,Hunts Point,19,46,23.077173913043477,19.725,19.725,40.06666666666666,0.34782608695652173,2026-02,avg_duration_by_zone_hour,False
141,Lenox Hill West,8,3836,14.407446993395899,12.683333333333334,11.608333333333334,25.675,0.3477580813347237,2026-02,avg_duration_by_zone_hour,False
170,Murray Hill,13,4685,17.843518320882247,15.4,15.4,32.80333333333335,0.3477054429028815,2026-02,avg_duration_by_zone_hour,False
232,Two Bridges/Seward Park,13,420,22.395317460317457,19.09166666666667,19.09166666666667,39.16166666666667,0.3476190476190476,2026-02,avg_duration_by_zone_hour,False
43,Central Park,23,469,12.235323383084577,10.233333333333333,10.233333333333333,22.99,0.34754797441364604,2026-02,avg_duration_by_zone_hour,False
48,Clinton East,2,1439,12.694927032661571,11.866666666666667,11.866666666666667,22.386666666666667,0.34746351633078526,2026-02,avg_duration_by_zone_hour,False
143,Lincoln Square West,5,331,15.2460221550856,10.616666666666667,10.616666666666667,30.016666666666666,0.3474320241691843,2026-02,avg_duration_by_zone_hour,False
89,Flatbush/Ditmas Park,9,308,38.23971861471862,33.325,33.325,69.57333333333335,0.3474025974025974,2026-02,avg_duration_by_zone_hour,False
52,Cobble Hill,18,95,21.027368421052632,19.333333333333332,19.333333333333332,36.04666666666667,0.3473684210526316,2026-02,avg_duration_by_zone_hour,False
226,Sunnyside,20,239,19.2197350069735,17.05,17.05,34.31666666666666,0.3472803347280335,2026-02,avg_duration_by_zone_hour,False
230,Times Sq/Theatre District,13,3463,19.849634228510926,15.483333333333333,13.183333333333334,38.19666666666667,0.3470978920011551,2026-02,avg_duration_by_zone_hour,False
261,World Trade Center,11,562,21.61423487544484,19.983333333333334,19.983333333333334,37.24166666666667,0.3469750889679715,2026-02,avg_duration_by_zone_hour,False
52,Cobble Hill,11,49,28.616666666666667,24.333333333333332,24.333333333333332,49.993333333333354,0.3469387755102041,2026-02,avg_duration_by_zone_hour,False
168,Mott Haven/Port Morris,18,196,22.096938775510203,19.125,19.125,37.041666666666664,0.3469387755102041,2026-02,avg_duration_by_zone_hour,False
43,Central Park,6,245,12.019931972789115,9.433333333333334,9.433333333333334,22.669999999999998,0.3469387755102041,2026-02,avg_duration_by_zone_hour,False
45,Chinatown,22,565,16.543097345132743,15.2,15.2,27.42666666666667,0.34690265486725663,2026-02,avg_duration_by_zone_hour,False
141,Lenox Hill West,21,3500,11.616480952380952,10.125,10.125,21.9,0.34685714285714286,2026-02,avg_duration_by_zone_hour,False
65,Downtown Brooklyn/MetroTech,13,173,28.865125240847785,25.566666666666666,25.566666666666666,47.50333333333335,0.3468208092485549,2026-02,avg_duration_by_zone_hour,False
17,Bedford,9,248,32.81639784946236,29.40833333333333,29.40833333333333,59.28333333333334,0.3467741935483871,2026-02,avg_duration_by_zone_hour,False
164,Midtown South,2,1093,12.715065568770967,11.466666666666667,11.466666666666667,21.75,0.3467520585544373,2026-02,avg_duration_by_zone_hour,False
234,Union Sq,13,4021,17.006934427588494,14.183333333333334,13.733333333333334,31.383333333333333,0.3466799303655807,2026-02,avg_duration_by_zone_hour,False
205,Saint Albans,10,75,45.67422222222222,40.2,40.2,92.59666666666668,0.3466666666666667,2026-02,avg_duration_by_zone_hour,False
213,Soundview/Castle Hill,9,150,40.26933333333333,35.016666666666666,35.016666666666666,72.645,0.3466666666666667,2026-02,avg_duration_by_zone_hour,False
82,Elmhurst,22,150,16.66,15.566666666666666,15.566666666666666,28.369999999999997,0.3466666666666667,2026-02,avg_duration_by_zone_hour,False
45,Chinatown,23,476,16.58357843137255,15.475,15.475,27.741666666666667,0.34663865546218486,2026-02,avg_duration_by_zone_hour,False
45,Chinatown,2,176,16.278125,14.908333333333333,14.908333333333333,26.96666666666667,0.3465909090909091,2026-02,avg_duration_by_zone_hour,False
140,Lenox Hill East,9,3673,15.826023232598239,14.483333333333333,14.483333333333333,27.09666666666667,0.3465831745167438,2026-02,avg_duration_by_zone_hour,False
188,Prospect-Lefferts Gardens,19,202,28.650000000000002,26.775,26.775,45.755,0.3465346534653465,2026-02,avg_duration_by_zone_hour,False
243,Washington Heights North,19,228,20.504459064327484,18.808333333333334,18.808333333333334,34.69833333333333,0.34649122807017546,2026-02,avg_duration_by_zone_hour,False
35,Brownsville,18,127,32.56601049868766,28.3,28.3,65.19666666666672,0.3464566929133858,2026-02,avg_duration_by_zone_hour,False
17,Bedford,15,179,33.24823091247672,28.566666666666666,28.566666666666666,63.25666666666667,0.3463687150837989,2026-02,avg_duration_by_zone_hour,False
107,Gramercy,13,2916,17.198982624599907,14.05,14.05,31.683333333333334,0.34636488340192045,2026-02,avg_duration_by_zone_hour,False
227,Sunset Park East,13,52,42.80673076923077,37.599999999999994,37.599999999999994,78.28833333333333,0.34615384615384615,2026-02,avg_duration_by_zone_hour,False
195,Red Hook,15,52,41.2073717948718,32.5,32.5,101.87999999999998,0.34615384615384615,2026-02,avg_duration_by_zone_hour,False
213,Soundview/Castle Hill,14,52,40.49487179487179,34.175,34.175,85.04666666666665,0.34615384615384615,2026-02,avg_duration_by_zone_hour,False
92,Flushing,13,52,34.66185897435898,31.941666666666663,31.941666666666663,59.193333333333335,0.34615384615384615,2026-02,avg_duration_by_zone_hour,False
133,Kensington,8,104,33.06362179487179,29.483333333333334,29.483333333333334,54.89,0.34615384615384615,2026-02,avg_duration_by_zone_hour,False
260,Woodside,10,78,22.449786324786324,22.725,22.725,39.09166666666667,0.34615384615384615,2026-02,avg_duration_by_zone_hour,False
249,West Village,5,416,12.240264423076923,9.291666666666668,9.291666666666668,23.775,0.34615384615384615,2026-02,avg_duration_by_zone_hour,False
233,UN/Turtle Bay South,2,156,11.375961538461539,9.258333333333333,9.258333333333333,19.0,0.34615384615384615,2026-02,avg_duration_by_zone_hour,False
230,Times Sq/Theatre District,10,3181,17.934899926647805,14.783333333333333,12.9,33.8,0.3461175730902232,2026-02,avg_duration_by_zone_hour,False
229,Sutton Place/Turtle Bay North,8,2791,15.008605040009556,13.683333333333334,12.183333333333334,25.883333333333333,0.34611250447868147,2026-02,avg_duration_by_zone_hour,False
182,Parkchester,7,159,38.66603773584905,32.65,32.65,75.65333333333334,0.34591194968553457,2026-02,avg_duration_by_zone_hour,False
50,Clinton West,6,451,13.652254249815226,11.966666666666667,11.966666666666667,22.066666666666666,0.3458980044345898,2026-02,avg_duration_by_zone_hour,False
152,Manhattanville,21,292,16.836301369863012,15.45,15.45,27.565000000000012,0.3458904109589041,2026-02,avg_duration_by_zone_hour,False
179,Old Astoria,13,133,27.219423558897244,24.833333333333332,24.833333333333332,45.31999999999999,0.3458646616541353,2026-02,avg_duration_by_zone_hour,False
177,Ocean Hill,19,107,30.271962616822428,26.266666666666666,26.266666666666666,51.92333333333333,0.34579439252336447,2026-02,avg_duration_by_zone_hour,False
41,Central Harlem,2,107,13.331931464174454,12.4,12.4,23.10666666666667,0.34579439252336447,2026-02,avg_duration_by_zone_hour,False
263,Yorkville West,8,2983,14.910738630014526,13.316666666666666,13.316666666666666,27.460000000000004,0.3456252095206168,2026-02,avg_duration_by_zone_hour,False
167,Morrisania/Melrose,6,136,39.11102941176471,35.29166666666667,35.29166666666667,72.30833333333334,0.34558823529411764,2026-02,avg_duration_by_zone_hour,False
164,Midtown South,23,3491,14.467425761481906,13.3,12.983333333333334,24.733333333333334,0.3454597536522486,2026-02,avg_duration_by_zone_hour,False
61,Crown Heights North,14,330,38.992525252525255,33.15,33.15,75.69333333333334,0.34545454545454546,2026-02,avg_duration_by_zone_hour,False
71,East Flatbush/Farragut,17,110,35.24075757575758,31.008333333333333,31.008333333333333,69.17,0.34545454545454546,2026-02,avg_duration_by_zone_hour,False
260,Woodside,2,55,14.92121212121212,13.683333333333334,13.683333333333334,24.003333333333334,0.34545454545454546,2026-02,avg_duration_by_zone_hour,False
37,Bushwick South,6,304,26.7827850877193,24.891666666666666,24.891666666666666,46.35,0.34539473684210525,2026-02,avg_duration_by_zone_hour,False
232,Two Bridges/Seward Park,6,365,17.861780821917808,15.066666666666666,15.066666666666666,27.996666666666666,0.3452054794520548,2026-02,avg_duration_by_zone_hour,False
42,Central Harlem North,2,113,13.66297935103245,13.35,13.35,21.55333333333333,0.34513274336283184,2026-02,avg_duration_by_zone_hour,False
188,Prospect-Lefferts Gardens,7,229,41.69366812227074,38.25,38.25,75.42333333333336,0.34497816593886466,2026-02,avg_duration_by_zone_hour,False
226,Sunnyside,11,229,24.193740902474527,21.716666666666665,21.716666666666665,40.11666666666667,0.34497816593886466,2026-02,avg_duration_by_zone_hour,False
90,Flatiron,18,3969,14.900256151843454,12.533333333333333,12.533333333333333,26.8,0.344923154446964,2026-02,avg_duration_by_zone_hour,False
65,Downtown Brooklyn/MetroTech,18,374,25.267736185383242,22.15,22.15,43.611666666666665,0.3449197860962567,2026-02,avg_duration_by_zone_hour,False
166,Morningside Heights,19,1824,17.26982821637427,15.325,15.325,31.55666666666667,0.34484649122807015,2026-02,avg_duration_by_zone_hour,False
123,Homecrest,14,58,36.21695402298851,27.03333333333333,27.03333333333333,69.38166666666667,0.3448275862068966,2026-02,avg_duration_by_zone_hour,False
168,Mott Haven/Port Morris,20,116,24.04310344827586,20.59166666666667,20.59166666666667,44.09166666666667,0.3448275862068966,2026-02,avg_duration_by_zone_hour,False
88,Financial District South,15,557,29.688539796529025,21.4,21.4,57.900000000000055,0.34470377019748655,2026-02,avg_duration_by_zone_hour,False
137,Kips Bay,20,2640,13.953143939393941,12.75,12.75,23.136666666666663,0.3446969696969697,2026-02,avg_duration_by_zone_hour,False
162,Midtown East,13,4968,18.213335346215782,15.916666666666666,15.725,31.721666666666668,0.3446054750402576,2026-02,avg_duration_by_zone_hour,False
225,Stuyvesant Heights,10,267,38.65948813982522,33.666666666666664,33.666666666666664,69.74333333333334,0.3445692883895131,2026-02,avg_duration_by_zone_hour,False
152,Manhattanville,9,238,22.9015406162465,20.733333333333334,20.733333333333334,39.34166666666667,0.3445378151260504,2026-02,avg_duration_by_zone_hour,False
17,Bedford,7,209,29.933173843700157,26.95,26.95,51.823333333333395,0.3444976076555024,2026-02,avg_duration_by_zone_hour,False
237,Upper East Side South,7,3942,11.362502113986132,9.35,8.133333333333333,21.048333333333336,0.34449518011161845,2026-02,avg_duration_by_zone_hour,False
162,Midtown East,10,4070,16.56600737100737,15.016666666666667,14.533333333333333,29.083333333333332,0.34447174447174445,2026-02,avg_duration_by_zone_hour,False
92,Flushing,21,90,18.420925925925925,16.433333333333334,16.433333333333334,32.32333333333334,0.34444444444444444,2026-02,avg_duration_by_zone_hour,False
237,Upper East Side South,3,180,10.731388888888889,9.233333333333334,9.233333333333334,19.715,0.34444444444444444,2026-02,avg_duration_by_zone_hour,False
127,Inwood,7,151,26.518432671081676,24.0,24.0,47.0,0.3443708609271523,2026-02,avg_duration_by_zone_hour,False
146,Long Island City/Queens Plaza,14,151,24.425938189845475,21.7,21.7,46.63333333333333,0.3443708609271523,2026-02,avg_duration_by_zone_hour,False
263,Yorkville West,17,4432,14.106701263537907,11.083333333333334,10.991666666666667,28.85,0.3443140794223827,2026-02,avg_duration_by_zone_hour,False
146,Long Island City/Queens Plaza,1,61,16.971311475409838,15.283333333333333,15.283333333333333,30.016666666666666,0.3442622950819672,2026-02,avg_duration_by_zone_hour,False
239,Upper West Side South,3,122,13.181284153005464,11.516666666666666,11.516666666666666,22.27166666666667,0.3442622950819672,2026-02,avg_duration_by_zone_hour,False
43,Central Park,16,3637,15.901182293098707,13.45,12.25,28.266666666666666,0.3442397580423426,2026-02,avg_duration_by_zone_hour,False
13,Battery Park City,11,828,18.942512077294687,16.983333333333334,16.983333333333334,32.69833333333334,0.3442028985507246,2026-02,avg_duration_by_zone_hour,False
49,Clinton Hill,11,154,31.55367965367965,27.083333333333336,27.083333333333336,54.47833333333333,0.34415584415584416,2026-02,avg_duration_by_zone_hour,False
48,Clinton East,3,1238,12.675982767905223,11.833333333333334,11.833333333333334,23.074999999999996,0.3441033925686591,2026-02,avg_duration_by_zone_hour,False
211,SoHo,14,1395,18.955077658303463,16.05,16.05,34.25000000000002,0.34408602150537637,2026-02,avg_duration_by_zone_hour,False
225,Stuyvesant Heights,13,218,34.299541284403674,30.125,30.125,60.24833333333334,0.3440366972477064,2026-02,avg_duration_by_zone_hour,False
87,Financial District North,12,718,20.525487465181058,18.133333333333333,18.133333333333333,36.27666666666667,0.34401114206128136,2026-02,avg_duration_by_zone_hour,False
4,Alphabet City,17,567,19.041769547325103,16.183333333333334,16.183333333333334,33.013333333333335,0.3439153439153439,2026-02,avg_duration_by_zone_hour,False
225,Stuyvesant Heights,18,221,30.49917043740573,27.2,27.2,52.666666666666664,0.3438914027149321,2026-02,avg_duration_by_zone_hour,False
259,Woodlawn/Wakefield,11,32,48.72083333333333,49.00833333333333,49.00833333333333,83.05166666666668,0.34375,2026-02,avg_duration_by_zone_hour,False
147,Longwood,11,32,46.6015625,36.733333333333334,36.733333333333334,78.135,0.34375,2026-02,avg_duration_by_zone_hour,False
248,West Farms/Bronx River,10,32,40.42916666666667,35.775000000000006,35.775000000000006,67.10666666666667,0.34375,2026-02,avg_duration_by_zone_hour,False
196,Rego Park,10,32,36.930729166666666,32.41666666666667,32.41666666666667,71.85333333333335,0.34375,2026-02,avg_duration_by_zone_hour,False
257,Windsor Terrace,12,32,35.346354166666664,32.49166666666667,32.49166666666667,56.19166666666667,0.34375,2026-02,avg_duration_by_zone_hour,False
247,West Concourse,16,96,34.08402777777778,26.558333333333334,26.558333333333334,67.67500000000001,0.34375,2026-02,avg_duration_by_zone_hour,False
119,Highbridge,18,32,32.633854166666666,22.041666666666664,22.041666666666664,64.31166666666667,0.34375,2026-02,avg_duration_by_zone_hour,False
200,Riverdale/North Riverdale/Fieldston,12,32,32.397395833333334,29.266666666666666,29.266666666666666,53.615,0.34375,2026-02,avg_duration_by_zone_hour,False
102,Glendale,9,32,28.613020833333334,23.275,23.275,63.175000000000004,0.34375,2026-02,avg_duration_by_zone_hour,False
63,Cypress Hills,4,32,21.325,17.53333333333333,17.53333333333333,37.58666666666668,0.34375,2026-02,avg_duration_by_zone_hour,False
265,Outside of NYC,13,32,20.133854166666666,15.975000000000001,15.975000000000001,39.92666666666667,0.34375,2026-02,avg_duration_by_zone_hour,False
159,Melrose South,4,32,13.830729166666668,11.958333333333334,11.958333333333334,22.94666666666667,0.34375,2026-02,avg_duration_by_zone_hour,False
226,Sunnyside,19,419,21.749323786793955,19.533333333333335,19.533333333333335,33.66,0.3436754176610978,2026-02,avg_duration_by_zone_hour,False
43,Central Park,0,259,11.581788931788932,9.566666666666666,9.566666666666666,21.13000000000001,0.3436293436293436,2026-02,avg_duration_by_zone_hour,False
40,Carroll Gardens,7,131,22.78358778625954,22.716666666666665,22.716666666666665,38.3,0.3435114503816794,2026-02,avg_duration_by_zone_hour,False
137,Kips Bay,5,524,10.98409669211196,8.725,8.725,19.825,0.3435114503816794,2026-02,avg_duration_by_zone_hour,False
42,Central Harlem North,21,495,18.877070707070708,17.55,17.55,31.53000000000001,0.3434343434343434,2026-02,avg_duration_by_zone_hour,False
127,Inwood,20,67,21.754726368159204,20.35,20.35,34.20666666666666,0.34328358208955223,2026-02,avg_duration_by_zone_hour,False
211,SoHo,16,1678,19.591607071911007,17.116666666666667,17.116666666666667,34.541666666666664,0.3432657926102503,2026-02,avg_duration_by_zone_hour,False
87,Financial District North,9,539,22.29291898577613,20.616666666666667,20.616666666666667,37.26,0.3432282003710575,2026-02,avg_duration_by_zone_hour,False
4,Alphabet City,5,236,15.134533898305085,13.025,13.025,22.975,0.3432203389830508,2026-02,avg_duration_by_zone_hour,False
4,Alphabet City,0,1116,14.496161887694146,13.633333333333333,13.633333333333333,23.625,0.3431899641577061,2026-02,avg_duration_by_zone_hour,False
78,East Tremont,8,102,41.78415032679739,35.15833333333333,35.15833333333333,88.21666666666668,0.3431372549019608,2026-02,avg_duration_by_zone_hour,False
144,Little Italy/NoLiTa,14,1565,19.586017039403618,16.816666666666666,16.816666666666666,34.34000000000001,0.34313099041533546,2026-02,avg_duration_by_zone_hour,False
164,Midtown South,16,3650,18.10948401826484,14.341666666666667,14.166666666666666,33.285,0.343013698630137,2026-02,avg_duration_by_zone_hour,False
7,Astoria,11,277,25.60006016847172,23.283333333333335,23.283333333333335,43.24666666666667,0.34296028880866425,2026-02,avg_duration_by_zone_hour,False
161,Midtown Center,11,5645,17.06380277531739,14.866666666666667,13.2,30.260000000000005,0.3429583702391497,2026-02,avg_duration_by_zone_hour,False
122,Hollis,9,35,50.55952380952381,45.21666666666667,45.21666666666667,93.59333333333333,0.34285714285714286,2026-02,avg_duration_by_zone_hour,False
241,Van Cortlandt Village,13,35,39.50857142857143,33.75,33.75,81.78666666666668,0.34285714285714286,2026-02,avg_duration_by_zone_hour,False
62,Crown Heights South,12,105,36.282698412698416,32.78333333333333,32.78333333333333,70.70666666666669,0.34285714285714286,2026-02,avg_duration_by_zone_hour,False
80,East Williamsburg,15,140,29.620595238095238,26.116666666666667,26.116666666666667,56.225,0.34285714285714286,2026-02,avg_duration_by_zone_hour,False
149,Madison,18,35,28.44333333333333,23.533333333333335,23.533333333333335,53.003333333333345,0.34285714285714286,2026-02,avg_duration_by_zone_hour,False
255,Williamsburg (North Side),10,70,24.744523809523812,22.066666666666666,22.066666666666666,42.80666666666667,0.34285714285714286,2026-02,avg_duration_by_zone_hour,False
76,East New York,3,35,22.361428571428572,18.3,18.3,47.69333333333334,0.34285714285714286,2026-02,avg_duration_by_zone_hour,False
63,Cypress Hills,22,35,19.584285714285716,18.466666666666665,18.466666666666665,37.086666666666666,0.34285714285714286,2026-02,avg_duration_by_zone_hour,False
157,Maspeth,10,35,19.137619047619047,16.016666666666666,16.016666666666666,36.84,0.34285714285714286,2026-02,avg_duration_by_zone_hour,False
211,SoHo,18,2316,17.27505757052389,14.683333333333334,14.683333333333334,30.833333333333336,0.34283246977547494,2026-02,avg_duration_by_zone_hour,False
7,Astoria,13,283,25.67567726737338,24.0,24.0,43.013333333333335,0.34275618374558303,2026-02,avg_duration_by_zone_hour,False
17,Bedford,19,248,25.079166666666666,22.375,22.375,44.63666666666668,0.34274193548387094,2026-02,avg_duration_by_zone_hour,False
254,Williamsbridge/Olinville,6,143,43.394755244755245,39.55,39.55,78.08333333333333,0.34265734265734266,2026-02,avg_duration_by_zone_hour,False
226,Sunnyside,9,286,25.00378787878788,24.18333333333333,24.18333333333333,42.025,0.34265734265734266,2026-02,avg_duration_by_zone_hour,False
232,Two Bridges/Seward Park,12,429,22.05846930846931,19.35,19.35,38.59333333333333,0.34265734265734266,2026-02,avg_duration_by_zone_hour,False
232,Two Bridges/Seward Park,23,610,16.378852459016393,15.358333333333334,15.358333333333334,26.855000000000004,0.34262295081967215,2026-02,avg_duration_by_zone_hour,False
13,Battery Park City,14,969,21.180839353285172,18.75,18.75,36.00333333333334,0.34262125902992774,2026-02,avg_duration_by_zone_hour,False
262,Yorkville East,10,3383,13.92193812198246,12.483333333333333,11.25,24.416666666666668,0.3425953295891221,2026-02,avg_duration_by_zone_hour,False
4,Alphabet City,16,400,20.486958333333334,17.291666666666664,17.291666666666664,36.01833333333333,0.3425,2026-02,avg_duration_by_zone_hour,False
170,Murray Hill,2,546,12.016483516483516,10.525,10.525,21.5,0.3424908424908425,2026-02,avg_duration_by_zone_hour,False
141,Lenox Hill West,7,3025,12.336716253443527,10.883333333333333,9.616666666666667,21.293333333333333,0.3424793388429752,2026-02,avg_duration_by_zone_hour,False
69,East Concourse/Concourse Village,15,73,36.573059360730596,27.633333333333333,27.633333333333333,69.25666666666666,0.3424657534246575,2026-02,avg_duration_by_zone_hour,False
181,Park Slope,19,292,25.233390410958904,23.716666666666665,23.716666666666665,38.80833333333334,0.3424657534246575,2026-02,avg_duration_by_zone_hour,False
88,Financial District South,11,330,23.6689898989899,19.383333333333333,19.383333333333333,41.120000000000005,0.3424242424242424,2026-02,avg_duration_by_zone_hour,False
87,Financial District North,17,1668,23.18414268585132,19.016666666666666,19.016666666666666,38.79333333333332,0.342326139088729,2026-02,avg_duration_by_zone_hour,False
152,Manhattanville,8,298,22.564988814317672,20.35,20.35,40.38000000000001,0.3422818791946309,2026-02,avg_duration_by_zone_hour,False
162,Midtown East,2,336,12.414136904761904,10.791666666666668,10.791666666666668,23.3,0.34226190476190477,2026-02,avg_duration_by_zone_hour,False
152,Manhattanville,13,225,19.58725925925926,17.35,17.35,34.00333333333333,0.3422222222222222,2026-02,avg_duration_by_zone_hour,False
86,Far Rockaway,7,76,64.30526315789473,63.40833333333333,63.40833333333333,135.31666666666666,0.34210526315789475,2026-02,avg_duration_by_zone_hour,False
155,Marine Park/Mill Basin,12,76,32.76578947368421,28.758333333333333,28.758333333333333,53.34166666666667,0.34210526315789475,2026-02,avg_duration_by_zone_hour,False
135,Kew Gardens Hills,18,38,24.8109649122807,21.45,21.45,37.49666666666668,0.34210526315789475,2026-02,avg_duration_by_zone_hour,False
152,Manhattanville,22,190,15.658684210526316,13.366666666666667,13.366666666666667,28.898333333333333,0.34210526315789475,2026-02,avg_duration_by_zone_hour,False
88,Financial District South,16,763,29.37311052861512,23.316666666666666,23.316666666666666,54.15666666666667,0.3420707732634338,2026-02,avg_duration_by_zone_hour,False
7,Astoria,15,310,26.150967741935485,22.866666666666667,22.866666666666667,42.82000000000001,0.3419354838709677,2026-02,avg_duration_by_zone_hour,False
88,Financial District South,17,892,25.942507473841555,21.21666666666667,21.21666666666667,44.08333333333333,0.3419282511210762,2026-02,avg_duration_by_zone_hour,False
45,Chinatown,20,582,17.458132875143185,15.908333333333333,15.908333333333333,28.663333333333334,0.34192439862542956,2026-02,avg_duration_by_zone_hour,False
262,Yorkville East,17,3510,14.991329534662867,12.816666666666666,12.191666666666666,27.319999999999997,0.3418803418803419,2026-02,avg_duration_by_zone_hour,False
170,Murray Hill,14,4678,18.661489952971355,15.533333333333333,15.516666666666667,33.97833333333336,0.34181274048738775,2026-02,avg_duration_by_zone_hour,False
177,Ocean Hill,9,237,31.563220815752462,28.566666666666666,28.566666666666666,53.87,0.34177215189873417,2026-02,avg_duration_by_zone_hour,False
146,Long Island City/Queens Plaza,17,316,24.76513713080169,22.016666666666666,22.016666666666666,47.016666666666666,0.34177215189873417,2026-02,avg_duration_by_zone_hour,False
129,Jackson Heights,20,199,19.959212730318256,18.733333333333334,18.733333333333334,30.936666666666667,0.3417085427135678,2026-02,avg_duration_by_zone_hour,False
51,Co-Op City,15,41,53.42032520325203,45.21666666666667,45.21666666666667,111.33333333333333,0.34146341463414637,2026-02,avg_duration_by_zone_hour,False
55,Coney Island,5,41,49.078455284552845,48.46666666666667,48.46666666666667,85.73333333333333,0.34146341463414637,2026-02,avg_duration_by_zone_hour,False
121,Hillcrest/Pomonok,6,41,36.9390243902439,34.083333333333336,34.083333333333336,57.95,0.34146341463414637,2026-02,avg_duration_by_zone_hour,False
217,South Williamsburg,8,41,34.66463414634146,27.1,27.1,64.43333333333334,0.34146341463414637,2026-02,avg_duration_by_zone_hour,False
228,Sunset Park West,16,123,34.45840108401084,30.7,30.7,62.559999999999995,0.34146341463414637,2026-02,avg_duration_by_zone_hour,False
119,Highbridge,7,123,31.393224932249325,25.466666666666665,25.466666666666665,57.60333333333332,0.34146341463414637,2026-02,avg_duration_by_zone_hour,False
82,Elmhurst,5,82,16.695528455284553,15.791666666666666,15.791666666666666,23.509999999999998,0.34146341463414637,2026-02,avg_duration_by_zone_hour,False
4,Alphabet City,14,454,20.492988252569752,16.933333333333334,16.933333333333334,37.70999999999999,0.34140969162995594,2026-02,avg_duration_by_zone_hour,False
137,Kips Bay,19,3375,14.423955555555555,13.033333333333333,12.7,23.883333333333333,0.3413333333333333,2026-02,avg_duration_by_zone_hour,False
224,Stuy Town/Peter Cooper Village,10,542,16.533333333333335,14.316666666666666,14.316666666666666,29.046666666666667,0.3413284132841328,2026-02,avg_duration_by_zone_hour,False
36,Bushwick North,16,126,32.360449735449734,27.375,27.375,58.516666666666666,0.3412698412698413,2026-02,avg_duration_by_zone_hour,False
145,Long Island City/Hunters Point,18,768,22.92272135416667,21.433333333333334,21.433333333333334,37.98000000000001,0.3411458333333333,2026-02,avg_duration_by_zone_hour,False
144,Little Italy/NoLiTa,21,2442,16.226713076713075,14.666666666666666,14.666666666666666,28.51166666666667,0.34111384111384113,2026-02,avg_duration_by_zone_hour,False
130,Jamaica,8,129,34.589405684754524,28.1,28.1,66.67333333333335,0.34108527131782945,2026-02,avg_duration_by_zone_hour,False
76,East New York,12,261,39.863601532567046,37.3,37.3,72.71666666666667,0.34099616858237547,2026-02,avg_duration_by_zone_hour,False
145,Long Island City/Hunters Point,8,349,23.98538681948424,22.916666666666668,22.916666666666668,39.24,0.34097421203438394,2026-02,avg_duration_by_zone_hour,False
48,Clinton East,18,4757,15.185757830565482,12.833333333333334,12.666666666666668,26.84333333333337,0.3409712003363464,2026-02,avg_duration_by_zone_hour,False
219,Springfield Gardens South,16,44,46.17386363636364,46.266666666666666,46.266666666666666,73.29166666666667,0.3409090909090909,2026-02,avg_duration_by_zone_hour,False
182,Parkchester,11,44,43.92537878787879,37.983333333333334,37.983333333333334,67.49666666666667,0.3409090909090909,2026-02,avg_duration_by_zone_hour,False
180,Ozone Park,7,44,38.17840909090909,33.84166666666667,33.84166666666667,77.64833333333334,0.3409090909090909,2026-02,avg_duration_by_zone_hour,False
220,Spuyten Duyvil/Kingsbridge,16,44,31.74318181818182,26.200000000000003,26.200000000000003,50.841666666666676,0.3409090909090909,2026-02,avg_duration_by_zone_hour,False
262,Yorkville East,6,1678,11.408750496622964,9.958333333333332,9.958333333333332,18.888333333333332,0.34088200238379024,2026-02,avg_duration_by_zone_hour,False
4,Alphabet City,9,640,18.146432291666667,16.033333333333335,16.033333333333335,29.01166666666667,0.340625,2026-02,avg_duration_by_zone_hour,False
75,East Harlem South,0,367,14.34763851044505,13.233333333333333,13.233333333333333,23.600000000000012,0.3405994550408719,2026-02,avg_duration_by_zone_hour,False
223,Steinway,21,138,17.904710144927535,17.225,17.225,31.025,0.34057971014492755,2026-02,avg_duration_by_zone_hour,False
225,Stuyvesant Heights,9,326,36.31441717791411,33.34166666666667,33.34166666666667,67.80833333333334,0.34049079754601225,2026-02,avg_duration_by_zone_hour,False
244,Washington Heights South,9,467,26.981120628122767,23.216666666666665,23.216666666666665,44.576666666666675,0.3404710920770878,2026-02,avg_duration_by_zone_hour,False
113,Greenwich Village North,18,3657,14.801809315468052,12.083333333333334,11.866666666666667,27.266666666666666,0.34044298605414275,2026-02,avg_duration_by_zone_hour,False
169,Mount Hope,16,47,37.99148936170213,27.716666666666665,27.716666666666665,79.51666666666667,0.3404255319148936,2026-02,avg_duration_by_zone_hour,False
33,Brooklyn Heights,12,235,33.87943262411348,28.683333333333334,28.683333333333334,61.01333333333333,0.3404255319148936,2026-02,avg_duration_by_zone_hour,False
106,Gowanus,8,47,28.448581560283685,27.883333333333333,27.883333333333333,47.10333333333333,0.3404255319148936,2026-02,avg_duration_by_zone_hour,False
225,Stuyvesant Heights,19,188,27.636879432624117,26.883333333333333,26.883333333333333,44.241666666666674,0.3404255319148936,2026-02,avg_duration_by_zone_hour,False
159,Melrose South,22,47,24.00886524822695,19.383333333333333,19.383333333333333,49.12333333333333,0.3404255319148936,2026-02,avg_duration_by_zone_hour,False
159,Melrose South,0,47,18.253900709219856,16.266666666666666,16.266666666666666,31.169999999999998,0.3404255319148936,2026-02,avg_duration_by_zone_hour,False
213,Soundview/Castle Hill,23,47,16.327304964539007,14.516666666666667,14.516666666666667,24.89666666666667,0.3404255319148936,2026-02,avg_duration_by_zone_hour,False
107,Gramercy,6,1178,11.22211375212224,9.791666666666668,9.791666666666668,19.226666666666663,0.3404074702886248,2026-02,avg_duration_by_zone_hour,False
148,Lower East Side,19,2098,16.49246107403877,14.908333333333333,14.908333333333333,28.83833333333333,0.340324118207817,2026-02,avg_duration_by_zone_hour,False
166,Morningside Heights,4,144,12.826620370370371,11.966666666666667,11.966666666666667,19.948333333333338,0.3402777777777778,2026-02,avg_duration_by_zone_hour,False
68,East Chelsea,15,4379,19.120080688132752,16.55,16.55,34.42,0.3402603334094542,2026-02,avg_duration_by_zone_hour,False
129,Jackson Heights,8,241,30.8253112033195,29.066666666666666,29.066666666666666,53.11666666666667,0.34024896265560167,2026-02,avg_duration_by_zone_hour,False
95,Forest Hills,18,194,22.279725085910652,20.549999999999997,20.549999999999997,34.79333333333334,0.3402061855670103,2026-02,avg_duration_by_zone_hour,False
237,Upper East Side South,8,5826,11.899399244764846,9.766666666666667,8.916666666666666,22.175,0.34019910744936493,2026-02,avg_duration_by_zone_hour,False
107,Gramercy,5,585,11.15957264957265,9.05,9.05,20.853333333333346,0.3401709401709402,2026-02,avg_duration_by_zone_hour,False
222,Starrett City,10,100,45.2275,40.233333333333334,40.233333333333334,87.57166666666669,0.34,2026-02,avg_duration_by_zone_hour,False
235,University Heights/Morris Heights,14,50,41.93899999999999,32.86666666666666,32.86666666666666,88.35833333333333,0.34,2026-02,avg_duration_by_zone_hour,False
222,Starrett City,15,50,36.236333333333334,33.516666666666666,33.516666666666666,60.798333333333346,0.34,2026-02,avg_duration_by_zone_hour,False
61,Crown Heights North,6,300,31.78961111111111,28.858333333333334,28.858333333333334,54.21666666666667,0.34,2026-02,avg_duration_by_zone_hour,False
258,Woodhaven,4,50,22.613666666666667,20.566666666666666,20.566666666666666,36.285000000000004,0.34,2026-02,avg_duration_by_zone_hour,False
198,Ridgewood,1,50,15.6,15.925,15.925,24.420000000000005,0.34,2026-02,avg_duration_by_zone_hour,False
36,Bushwick North,8,103,30.634466019417474,25.6,25.6,57.71333333333333,0.33980582524271846,2026-02,avg_duration_by_zone_hour,False
7,Astoria,21,421,19.696278701504355,19.35,19.35,31.166666666666668,0.33966745843230406,2026-02,avg_duration_by_zone_hour,False
142,Lincoln Square East,7,2423,13.023201265648645,10.4,9.683333333333334,22.99333333333334,0.33966157655798596,2026-02,avg_duration_by_zone_hour,False
29,Brighton Beach,12,53,48.112264150943396,45.78333333333333,45.78333333333333,89.48333333333333,0.33962264150943394,2026-02,avg_duration_by_zone_hour,False
4,Alphabet City,15,433,22.446651270207852,17.9,17.9,41.99666666666669,0.3394919168591224,2026-02,avg_duration_by_zone_hour,False
17,Bedford,0,109,22.293119266055044,21.2,21.2,34.39666666666667,0.3394495412844037,2026-02,avg_duration_by_zone_hour,False
231,TriBeCa/Civic Center,5,165,15.146060606060605,12.65,12.65,24.299999999999997,0.3393939393939394,2026-02,avg_duration_by_zone_hour,False
152,Manhattanville,14,221,22.173831070889896,18.2,18.2,35.96666666666667,0.3393665158371041,2026-02,avg_duration_by_zone_hour,False
129,Jackson Heights,21,221,17.827978883861235,17.383333333333333,17.383333333333333,28.8,0.3393665158371041,2026-02,avg_duration_by_zone_hour,False
220,Spuyten Duyvil/Kingsbridge,15,56,31.925595238095237,25.43333333333333,25.43333333333333,58.875,0.3392857142857143,2026-02,avg_duration_by_zone_hour,False
133,Kensington,13,56,31.30982142857143,29.35,29.35,54.125,0.3392857142857143,2026-02,avg_duration_by_zone_hour,False
197,Richmond Hill,10,56,26.850297619047616,19.041666666666664,19.041666666666664,62.2,0.3392857142857143,2026-02,avg_duration_by_zone_hour,False
144,Little Italy/NoLiTa,17,2323,18.691971588463193,16.1,16.1,33.22333333333334,0.33921653034868704,2026-02,avg_duration_by_zone_hour,False
89,Flatbush/Ditmas Park,15,171,33.76559454191033,29.366666666666667,29.366666666666667,58.916666666666664,0.3391812865497076,2026-02,avg_duration_by_zone_hour,False
142,Lincoln Square East,15,5452,15.266822572756174,12.325,11.866666666666667,27.19833333333334,0.33914159941305944,2026-02,avg_duration_by_zone_hour,False
130,Jamaica,12,115,33.85086956521739,27.416666666666668,27.416666666666668,69.00666666666672,0.3391304347826087,2026-02,avg_duration_by_zone_hour,False
243,Washington Heights North,10,177,29.32984934086629,24.983333333333334,24.983333333333334,47.70666666666668,0.3389830508474576,2026-02,avg_duration_by_zone_hour,False
24,Bloomingdale,7,531,18.34450721908349,16.45,16.45,30.016666666666666,0.3389830508474576,2026-02,avg_duration_by_zone_hour,False
137,Kips Bay,4,419,10.86901352426412,9.3,9.3,19.33,0.33890214797136037,2026-02,avg_duration_by_zone_hour,False
61,Crown Heights North,18,360,28.82837962962963,25.116666666666667,25.116666666666667,50.52166666666668,0.3388888888888889,2026-02,avg_duration_by_zone_hour,False
225,Stuyvesant Heights,15,183,36.41074681238616,32.31666666666667,32.31666666666667,63.33666666666667,0.33879781420765026,2026-02,avg_duration_by_zone_hour,False
85,Erasmus,20,62,30.562365591397846,25.125,25.125,54.9,0.3387096774193548,2026-02,avg_duration_by_zone_hour,False
88,Financial District South,12,375,23.984799999999996,21.183333333333334,21.183333333333334,40.12666666666667,0.33866666666666667,2026-02,avg_duration_by_zone_hour,False
141,Lenox Hill West,17,5443,13.56400575662931,10.433333333333334,8.616666666666667,26.960000000000004,0.3386000367444424,2026-02,avg_duration_by_zone_hour,False
163,Midtown North,15,4498,16.903253297761967,14.025,13.608333333333334,30.183333333333334,0.3385949310804802,2026-02,avg_duration_by_zone_hour,False
65,Downtown Brooklyn/MetroTech,7,127,22.498031496062993,20.316666666666666,20.316666666666666,39.17666666666667,0.33858267716535434,2026-02,avg_duration_by_zone_hour,False
129,Jackson Heights,22,192,19.132986111111112,18.558333333333334,18.558333333333334,30.026666666666667,0.3385416666666667,2026-02,avg_duration_by_zone_hour,False
261,World Trade Center,12,706,22.56657223796034,20.108333333333334,20.108333333333334,38.708333333333336,0.3385269121813031,2026-02,avg_duration_by_zone_hour,False
71,East Flatbush/Farragut,4,65,31.74,28.866666666666667,28.866666666666667,59.38666666666668,0.3384615384615385,2026-02,avg_duration_by_zone_hour,False
209,Seaport,16,325,26.938205128205126,21.383333333333333,21.383333333333333,51.07000000000002,0.3384615384615385,2026-02,avg_duration_by_zone_hour,False
151,Manhattan Valley,3,65,12.15076923076923,10.533333333333333,10.533333333333333,20.14,0.3384615384615385,2026-02,avg_duration_by_zone_hour,False
148,Lower East Side,21,2610,16.235178799489145,14.983333333333334,14.983333333333334,27.519999999999996,0.3383141762452107,2026-02,avg_duration_by_zone_hour,False
165,Midwood,18,68,23.974754901960782,21.058333333333334,21.058333333333334,41.37333333333334,0.3382352941176471,2026-02,avg_duration_by_zone_hour,False
143,Lincoln Square West,2,68,11.761029411764707,10.908333333333335,10.908333333333335,20.19666666666667,0.3382352941176471,2026-02,avg_duration_by_zone_hour,False
141,Lenox Hill West,22,2933,12.224792590067052,10.8,10.8,22.82666666666667,0.3382202523013979,2026-02,avg_duration_by_zone_hour,False
261,World Trade Center,9,349,19.498328557784145,17.65,17.65,34.35333333333333,0.33810888252148996,2026-02,avg_duration_by_zone_hour,False
232,Two Bridges/Seward Park,1,349,15.299617956064948,14.366666666666667,14.366666666666667,24.326666666666664,0.33810888252148996,2026-02,avg_duration_by_zone_hour,False
186,Penn Station/Madison Sq West,10,4832,18.610623620309052,15.966666666666667,15.25,33.81666666666667,0.33795529801324503,2026-02,avg_duration_by_zone_hour,False
165,Midwood,10,74,44.37432432432432,39.03333333333333,39.03333333333333,79.51666666666668,0.33783783783783783,2026-02,avg_duration_by_zone_hour,False
226,Sunnyside,3,74,14.805405405405404,13.366666666666667,13.366666666666667,26.268333333333334,0.33783783783783783,2026-02,avg_duration_by_zone_hour,False
88,Financial District South,10,302,22.830077262693155,19.791666666666668,19.791666666666668,41.611666666666686,0.33774834437086093,2026-02,avg_duration_by_zone_hour,False
107,Gramercy,17,3941,16.86599847754377,13.5,13.5,29.55,0.3377315402182187,2026-02,avg_duration_by_zone_hour,False
255,Williamsburg (North Side),11,77,26.443073593073592,24.083333333333332,24.083333333333332,41.47666666666668,0.33766233766233766,2026-02,avg_duration_by_zone_hour,False
130,Jamaica,1,154,15.83690476190476,14.358333333333334,14.358333333333334,26.27166666666667,0.33766233766233766,2026-02,avg_duration_by_zone_hour,False
114,Greenwich Village South,2,2849,12.74034749034749,10.966666666666667,10.966666666666667,22.953333333333337,0.33766233766233766,2026-02,avg_duration_by_zone_hour,False
68,East Chelsea,12,3688,19.426066522053507,17.058333333333334,17.058333333333334,34.89833333333334,0.3375813449023861,2026-02,avg_duration_by_zone_hour,False
230,Times Sq/Theatre District,12,3357,19.608330850958197,15.45,13.083333333333334,36.54333333333334,0.3375037235627048,2026-02,avg_duration_by_zone_hour,False
193,Queensbridge/Ravenswood,15,80,30.459583333333335,26.09166666666667,26.09166666666667,58.441666666666684,0.3375,2026-02,avg_duration_by_zone_hour,False
216,South Ozone Park,4,80,23.025416666666665,20.56666666666667,20.56666666666667,43.810000000000024,0.3375,2026-02,avg_duration_by_zone_hour,False
162,Midtown East,15,5444,18.264241978937058,15.4,15.3,32.441666666666656,0.33743570903747244,2026-02,avg_duration_by_zone_hour,False
250,Westchester Village/Unionport,6,83,31.336746987951805,29.866666666666667,29.866666666666667,51.25333333333333,0.3373493975903614,2026-02,avg_duration_by_zone_hour,False
49,Clinton Hill,21,169,22.3439842209073,21.1,21.1,35.5,0.33727810650887574,2026-02,avg_duration_by_zone_hour,False
129,Jackson Heights,0,172,16.478294573643414,15.675,15.675,28.571666666666665,0.3372093023255814,2026-02,avg_duration_by_zone_hour,False
261,World Trade Center,6,86,16.11841085271318,13.033333333333333,13.033333333333333,27.108333333333334,0.3372093023255814,2026-02,avg_duration_by_zone_hour,False
116,Hamilton Heights,7,605,23.067107438016528,20.483333333333334,20.483333333333334,36.82666666666667,0.3371900826446281,2026-02,avg_duration_by_zone_hour,False
142,Lincoln Square East,12,4897,13.895378122660134,11.466666666666667,11.466666666666667,25.640000000000008,0.3371451909332244,2026-02,avg_duration_by_zone_hour,False
35,Brownsville,11,175,37.15552380952381,34.46666666666667,34.46666666666667,69.71666666666667,0.33714285714285713,2026-02,avg_duration_by_zone_hour,False
90,Flatiron,22,3160,14.803248945147681,13.091666666666667,12.433333333333334,26.584999999999997,0.3370253164556962,2026-02,avg_duration_by_zone_hour,False
159,Melrose South,14,92,31.599999999999998,26.616666666666667,26.616666666666667,57.98166666666667,0.33695652173913043,2026-02,avg_duration_by_zone_hour,False
90,Flatiron,20,3238,13.918838789376156,12.191666666666666,12.133333333333333,24.933333333333334,0.3369363804817789,2026-02,avg_duration_by_zone_hour,False
238,Upper West Side North,1,279,12.499402628434886,10.6,10.6,23.71333333333334,0.33691756272401435,2026-02,avg_duration_by_zone_hour,False
51,Co-Op City,10,95,53.13368421052631,52.983333333333334,52.983333333333334,84.97000000000001,0.3368421052631579,2026-02,avg_duration_by_zone_hour,False
132,JFK Airport,7,3379,45.0842655618033,41.63333333333333,41.63333333333333,80.03333333333333,0.3367860313702279,2026-02,avg_duration_by_zone_hour,False
55,Coney Island,6,98,56.40578231292517,51.733333333333334,51.733333333333334,89.31499999999998,0.336734693877551,2026-02,avg_duration_by_zone_hour,False
225,Stuyvesant Heights,17,196,38.2312925170068,34.44166666666666,34.44166666666666,74.94166666666666,0.336734693877551,2026-02,avg_duration_by_zone_hour,False
79,East Village,5,817,12.742268461852305,10.8,10.8,22.619999999999997,0.33659730722154224,2026-02,avg_duration_by_zone_hour,False
89,Flatbush/Ditmas Park,23,104,23.322275641025644,22.15833333333333,22.15833333333333,40.641666666666666,0.33653846153846156,2026-02,avg_duration_by_zone_hour,False
130,Jamaica,0,208,17.518990384615385,16.858333333333334,16.858333333333334,27.561666666666667,0.33653846153846156,2026-02,avg_duration_by_zone_hour,False
224,Stuy Town/Peter Cooper Village,2,104,13.210096153846154,11.958333333333332,11.958333333333332,22.856666666666666,0.33653846153846156,2026-02,avg_duration_by_zone_hour,False
129,Jackson Heights,15,107,26.97710280373832,22.266666666666666,22.266666666666666,46.89333333333334,0.3364485981308411,2026-02,avg_duration_by_zone_hour,False
263,Yorkville West,19,3965,12.896700294241278,10.25,9.466666666666667,25.94333333333333,0.3364438839848676,2026-02,avg_duration_by_zone_hour,False
129,Jackson Heights,6,217,24.77227342549923,22.55,22.55,39.35333333333333,0.33640552995391704,2026-02,avg_duration_by_zone_hour,False
25,Boerum Hill,20,217,24.618433179723503,20.516666666666666,20.516666666666666,39.29666666666667,0.33640552995391704,2026-02,avg_duration_by_zone_hour,False
112,Greenpoint,8,217,23.521966205837174,22.483333333333334,22.483333333333334,38.053333333333335,0.33640552995391704,2026-02,avg_duration_by_zone_hour,False
100,Garment District,7,1466,12.281707594361073,10.116666666666667,9.5,21.625,0.33628922237380626,2026-02,avg_duration_by_zone_hour,False
195,Red Hook,7,113,27.740707964601768,25.116666666666667,25.116666666666667,44.056666666666665,0.336283185840708,2026-02,avg_duration_by_zone_hour,False
142,Lincoln Square East,13,4919,14.033922884055025,11.6,9.683333333333334,25.686666666666664,0.3362472047164058,2026-02,avg_duration_by_zone_hour,False
65,Downtown Brooklyn/MetroTech,17,366,28.49690346083789,22.84166666666667,22.84166666666667,52.233333333333334,0.3360655737704918,2026-02,avg_duration_by_zone_hour,False
162,Midtown East,14,5217,18.2812919302281,15.933333333333334,15.933333333333334,31.933333333333334,0.33601686793176155,2026-02,avg_duration_by_zone_hour,False
89,Flatbush/Ditmas Park,20,125,26.078799999999998,22.633333333333333,22.633333333333333,46.97666666666667,0.336,2026-02,avg_duration_by_zone_hour,False
116,Hamilton Heights,17,375,23.043155555555554,18.8,18.8,41.47666666666667,0.336,2026-02,avg_duration_by_zone_hour,False
85,Erasmus,7,128,42.756770833333334,39.24166666666667,39.24166666666667,74.945,0.3359375,2026-02,avg_duration_by_zone_hour,False
238,Upper West Side North,0,515,13.444789644012944,11.683333333333334,11.683333333333334,26.023333333333337,0.3359223300970874,2026-02,avg_duration_by_zone_hour,False
61,Crown Heights North,20,259,27.827027027027025,25.033333333333335,25.033333333333335,47.76,0.3359073359073359,2026-02,avg_duration_by_zone_hour,False
233,UN/Turtle Bay South,18,3141,15.717595245675476,14.4,13.966666666666667,26.0,0.3358802929003502,2026-02,avg_duration_by_zone_hour,False
261,World Trade Center,8,262,18.53263358778626,17.125,17.125,32.92833333333333,0.33587786259541985,2026-02,avg_duration_by_zone_hour,False
55,Coney Island,7,134,62.445646766169155,61.416666666666664,61.416666666666664,114.26,0.3358208955223881,2026-02,avg_duration_by_zone_hour,False
198,Ridgewood,8,134,32.68818407960199,28.96666666666667,28.96666666666667,56.291666666666664,0.3358208955223881,2026-02,avg_duration_by_zone_hour,False
186,Penn Station/Madison Sq West,12,5236,19.860637891520245,17.525,16.166666666666668,34.55833333333334,0.3357524828113063,2026-02,avg_duration_by_zone_hour,False
198,Ridgewood,19,143,24.733682983682982,23.316666666666666,23.316666666666666,39.346666666666664,0.3356643356643357,2026-02,avg_duration_by_zone_hour,False
144,Little Italy/NoLiTa,19,2515,16.218376408217363,14.0,14.0,28.243333333333332,0.33558648111332007,2026-02,avg_duration_by_zone_hour,False
145,Long Island City/Hunters Point,7,304,21.89078947368421,19.675,19.675,34.67999999999999,0.3355263157894737,2026-02,avg_duration_by_zone_hour,False
66,DUMBO/Vinegar Hill,13,164,21.950406504065043,19.21666666666667,19.21666666666667,36.63000000000002,0.3353658536585366,2026-02,avg_duration_by_zone_hour,False
224,Stuy Town/Peter Cooper Village,14,334,18.044011976047905,15.291666666666668,15.291666666666668,33.28166666666666,0.33532934131736525,2026-02,avg_duration_by_zone_hour,False
48,Clinton East,0,3114,13.444663883536716,12.033333333333333,11.566666666666666,24.123333333333342,0.3352601156069364,2026-02,avg_duration_by_zone_hour,False
80,East Williamsburg,9,176,27.749621212121212,24.508333333333333,24.508333333333333,48.44166666666666,0.3352272727272727,2026-02,avg_duration_by_zone_hour,False
261,World Trade Center,20,943,18.296818663838813,17.283333333333335,17.283333333333335,28.170000000000016,0.33510074231177095,2026-02,avg_duration_by_zone_hour,False
186,Penn Station/Madison Sq West,9,4639,15.971498886254222,13.6,13.6,29.35333333333333,0.3349859883595602,2026-02,avg_duration_by_zone_hour,False
79,East Village,17,3455,15.71141341051616,13.083333333333334,11.916666666666666,28.55333333333333,0.334876989869754,2026-02,avg_duration_by_zone_hour,False
224,Stuy Town/Peter Cooper Village,7,502,15.831905710491368,13.65,13.65,27.016666666666687,0.3346613545816733,2026-02,avg_duration_by_zone_hour,False
158,Meatpacking/West Village West,19,1805,15.63005540166205,14.083333333333334,14.083333333333334,26.610000000000003,0.3346260387811634,2026-02,avg_duration_by_zone_hour,False
238,Upper West Side North,14,4095,14.227602767602768,11.25,10.283333333333333,27.20999999999999,0.33455433455433453,2026-02,avg_duration_by_zone_hour,False
162,Midtown East,22,4201,13.13174640958502,11.866666666666667,11.341666666666667,21.883333333333333,0.33444417995715303,2026-02,avg_duration_by_zone_hour,False
238,Upper West Side North,9,4052,14.993686245475486,12.883333333333333,12.883333333333333,28.915000000000003,0.3344027640671273,2026-02,avg_duration_by_zone_hour,False
224,Stuy Town/Peter Cooper Village,15,320,18.508958333333332,15.6,15.6,32.15666666666669,0.334375,2026-02,avg_duration_by_zone_hour,False
116,Hamilton Heights,15,338,23.575049309664696,19.333333333333336,19.333333333333336,37.38,0.3343195266272189,2026-02,avg_duration_by_zone_hour,False
48,Clinton East,1,2133,13.439873417721518,12.166666666666666,12.166666666666666,23.73,0.3342709798406001,2026-02,avg_duration_by_zone_hour,False
238,Upper West Side North,13,3947,14.141204290178194,11.316666666666666,9.491666666666667,27.213333333333335,0.3341778565999493,2026-02,avg_duration_by_zone_hour,False
224,Stuy Town/Peter Cooper Village,11,413,16.521428571428572,14.683333333333334,14.683333333333334,28.42,0.3341404358353511,2026-02,avg_duration_by_zone_hour,False
87,Financial District North,10,557,21.693716337522442,19.1,19.1,37.66666666666669,0.3339317773788151,2026-02,avg_duration_by_zone_hour,False
137,Kips Bay,18,3426,15.82377408056042,14.066666666666666,14.066666666666666,26.416666666666664,0.3339171044950379,2026-02,avg_duration_by_zone_hour,False
114,Greenwich Village South,8,587,15.5103066439523,13.25,13.25,29.319999999999997,0.3339011925042589,2026-02,avg_duration_by_zone_hour,False
117,Hammels/Arverne,13,33,65.88282828282829,66.0,66.0,107.09666666666666,0.3333333333333333,2026-02,avg_duration_by_zone_hour,False
22,Bensonhurst West,6,51,62.03366013071896,61.68333333333333,61.68333333333333,99.98333333333333,0.3333333333333333,2026-02,avg_duration_by_zone_hour,False
117,Hammels/Arverne,12,39,57.67820512820512,57.68333333333333,57.68333333333333,102.69333333333333,0.3333333333333333,2026-02,avg_duration_by_zone_hour,False
222,Starrett City,11,72,47.95231481481481,42.40833333333333,42.40833333333333,75.355,0.3333333333333333,2026-02,avg_duration_by_zone_hour,False
222,Starrett City,16,39,47.636324786324785,46.95,46.95,92.29333333333334,0.3333333333333333,2026-02,avg_duration_by_zone_hour,False
222,Starrett City,5,39,47.54871794871795,47.71666666666667,47.71666666666667,76.44666666666667,0.3333333333333333,2026-02,avg_duration_by_zone_hour,False
10,Baisley Park,15,90,46.34203703703703,44.675,44.675,71.9566666666667,0.3333333333333333,2026-02,avg_duration_by_zone_hour,False
259,Woodlawn/Wakefield,6,102,46.17369281045751,41.925,41.925,79.08166666666668,0.3333333333333333,2026-02,avg_duration_by_zone_hour,False
242,Van Nest/Morris Park,10,51,45.04607843137255,40.516666666666666,40.516666666666666,78.98333333333333,0.3333333333333333,2026-02,avg_duration_by_zone_hour,False
92,Flushing,14,48,43.25625,38.166666666666664,38.166666666666664,75.97000000000004,0.3333333333333333,2026-02,avg_duration_by_zone_hour,False
227,Sunset Park East,9,51,42.893464052287584,38.416666666666664,38.416666666666664,77.13333333333334,0.3333333333333333,2026-02,avg_duration_by_zone_hour,False
200,Riverdale/North Riverdale/Fieldston,15,30,42.336666666666666,31.308333333333334,31.308333333333334,103.05833333333338,0.3333333333333333,2026-02,avg_duration_by_zone_hour,False
149,Madison,12,45,39.45333333333333,35.03333333333333,35.03333333333333,74.50666666666667,0.3333333333333333,2026-02,avg_duration_by_zone_hour,False
185,Pelham Parkway,12,30,39.43222222222222,33.733333333333334,33.733333333333334,79.18,0.3333333333333333,2026-02,avg_duration_by_zone_hour,False
182,Parkchester,16,36,38.951388888888886,33.75833333333333,33.75833333333333,79.13333333333333,0.3333333333333333,2026-02,avg_duration_by_zone_hour,False
147,Longwood,8,39,38.71880341880342,34.31666666666667,34.31666666666667,67.50333333333337,0.3333333333333333,2026-02,avg_duration_by_zone_hour,False
242,Van Nest/Morris Park,17,57,37.58040935672515,30.533333333333335,30.533333333333335,72.07333333333332,0.3333333333333333,2026-02,avg_duration_by_zone_hour,False
241,Van Cortlandt Village,18,39,37.029487179487184,30.0,30.0,75.22666666666669,0.3333333333333333,2026-02,avg_duration_by_zone_hour,False
215,South Jamaica,18,51,35.97091503267974,33.05,33.05,62.61666666666667,0.3333333333333333,2026-02,avg_duration_by_zone_hour,False
21,Bensonhurst East,17,30,35.897222222222226,25.175,25.175,78.62833333333334,0.3333333333333333,2026-02,avg_duration_by_zone_hour,False
250,Westchester Village/Unionport,17,45,35.79,32.61666666666667,32.61666666666667,68.75333333333333,0.3333333333333333,2026-02,avg_duration_by_zone_hour,False
28,Briarwood/Jamaica Hills,10,39,34.41410256410256,31.65,31.65,65.04000000000002,0.3333333333333333,2026-02,avg_duration_by_zone_hour,False
147,Longwood,9,33,33.67020202020202,27.2,27.2,57.476666666666674,0.3333333333333333,2026-02,avg_duration_by_zone_hour,False
119,Highbridge,5,36,33.53194444444445,27.549999999999997,27.549999999999997,68.2,0.3333333333333333,2026-02,avg_duration_by_zone_hour,False
147,Longwood,17,36,33.136574074074076,30.616666666666667,30.616666666666667,56.40833333333333,0.3333333333333333,2026-02,avg_duration_by_zone_hour,False
188,Prospect-Lefferts Gardens,14,222,33.089864864864865,27.066666666666666,27.066666666666666,66.53999999999999,0.3333333333333333,2026-02,avg_duration_by_zone_hour,False
119,Highbridge,14,48,32.89756944444444,28.125,28.125,55.12500000000004,0.3333333333333333,2026-02,avg_duration_by_zone_hour,False
181,Park Slope,13,171,32.84610136452242,29.166666666666668,29.166666666666668,53.516666666666666,0.3333333333333333,2026-02,avg_duration_by_zone_hour,False
131,Jamaica Estates,5,36,32.81018518518519,29.891666666666666,29.891666666666666,73.51666666666667,0.3333333333333333,2026-02,avg_duration_by_zone_hour,False
85,Erasmus,5,60,32.768055555555556,28.46666666666667,28.46666666666667,58.64833333333333,0.3333333333333333,2026-02,avg_duration_by_zone_hour,False
189,Prospect Heights,11,60,32.26777777777777,28.34166666666667,28.34166666666667,55.571666666666665,0.3333333333333333,2026-02,avg_duration_by_zone_hour,False
258,Woodhaven,12,39,32.12094017094017,26.466666666666665,26.466666666666665,59.34666666666672,0.3333333333333333,2026-02,avg_duration_by_zone_hour,False
135,Kew Gardens Hills,6,48,32.07743055555556,29.625,29.625,63.39666666666671,0.3333333333333333,2026-02,avg_duration_by_zone_hour,False
212,Soundview/Bruckner,16,30,30.595000000000002,31.966666666666665,31.966666666666665,51.278333333333336,0.3333333333333333,2026-02,avg_duration_by_zone_hour,False
10,Baisley Park,19,72,30.192129629629633,30.40833333333333,30.40833333333333,47.62166666666666,0.3333333333333333,2026-02,avg_duration_by_zone_hour,False
36,Bushwick North,9,114,30.171783625730995,27.641666666666666,27.641666666666666,50.64,0.3333333333333333,2026-02,avg_duration_by_zone_hour,False
185,Pelham Parkway,18,33,29.6469696969697,28.8,28.8,50.78,0.3333333333333333,2026-02,avg_duration_by_zone_hour,False
80,East Williamsburg,14,123,29.16869918699187,24.8,24.8,49.81666666666667,0.3333333333333333,2026-02,avg_duration_by_zone_hour,False
177,Ocean Hill,22,60,28.40972222222222,25.25,25.25,43.30833333333334,0.3333333333333333,2026-02,avg_duration_by_zone_hour,False
129,Jackson Heights,12,108,27.83688271604938,26.30833333333333,26.30833333333333,51.39333333333333,0.3333333333333333,2026-02,avg_duration_by_zone_hour,False
248,West Farms/Bronx River,5,45,27.39111111111111,23.0,23.0,49.92333333333334,0.3333333333333333,2026-02,avg_duration_by_zone_hour,False
260,Woodside,12,78,27.172008547008545,23.075000000000003,23.075000000000003,48.765,0.3333333333333333,2026-02,avg_duration_by_zone_hour,False
196,Rego Park,16,51,26.99346405228758,21.8,21.8,49.15,0.3333333333333333,2026-02,avg_duration_by_zone_hour,False
243,Washington Heights North,12,168,26.74246031746032,24.2,24.2,43.27666666666667,0.3333333333333333,2026-02,avg_duration_by_zone_hour,False
260,Woodside,15,105,26.690158730158732,23.333333333333332,23.333333333333332,47.40666666666668,0.3333333333333333,2026-02,avg_duration_by_zone_hour,False
80,East Williamsburg,7,156,26.436858974358973,23.858333333333334,23.858333333333334,45.733333333333334,0.3333333333333333,2026-02,avg_duration_by_zone_hour,False
228,Sunset Park West,19,165,25.94222222222222,23.866666666666667,23.866666666666667,41.77666666666666,0.3333333333333333,2026-02,avg_duration_by_zone_hour,False
189,Prospect Heights,5,39,25.720085470085472,23.216666666666665,23.216666666666665,38.38333333333335,0.3333333333333333,2026-02,avg_duration_by_zone_hour,False
28,Briarwood/Jamaica Hills,17,66,25.43510101010101,21.34166666666667,21.34166666666667,42.21666666666667,0.3333333333333333,2026-02,avg_duration_by_zone_hour,False
197,Richmond Hill,18,69,24.404589371980677,21.816666666666666,21.816666666666666,39.08666666666667,0.3333333333333333,2026-02,avg_duration_by_zone_hour,False
157,Maspeth,22,72,24.15300925925926,20.9,20.9,46.28333333333333,0.3333333333333333,2026-02,avg_duration_by_zone_hour,False
258,Woodhaven,17,39,23.809401709401712,23.733333333333334,23.733333333333334,43.46666666666667,0.3333333333333333,2026-02,avg_duration_by_zone_hour,False
106,Gowanus,23,72,23.630555555555556,22.083333333333332,22.083333333333332,37.404999999999994,0.3333333333333333,2026-02,avg_duration_by_zone_hour,False
189,Prospect Heights,1,39,23.297863247863248,21.1,21.1,40.09666666666667,0.3333333333333333,2026-02,avg_duration_by_zone_hour,False
62,Crown Heights South,20,66,23.117676767676766,21.766666666666666,21.766666666666666,42.25833333333333,0.3333333333333333,2026-02,avg_duration_by_zone_hour,False
63,Cypress Hills,0,36,22.538425925925925,22.025,22.025,33.41666666666667,0.3333333333333333,2026-02,avg_duration_by_zone_hour,False
193,Queensbridge/Ravenswood,20,63,22.09232804232804,20.4,20.4,42.65000000000001,0.3333333333333333,2026-02,avg_duration_by_zone_hour,False
52,Cobble Hill,20,51,21.583006535947714,20.666666666666668,20.666666666666668,33.416666666666664,0.3333333333333333,2026-02,avg_duration_by_zone_hour,False
209,Seaport,9,150,21.554333333333332,20.2,20.2,36.42166666666666,0.3333333333333333,2026-02,avg_duration_by_zone_hour,False
155,Marine Park/Mill Basin,21,30,21.52277777777778,17.475,17.475,40.373333333333335,0.3333333333333333,2026-02,avg_duration_by_zone_hour,False
217,South Williamsburg,22,45,21.437037037037037,22.566666666666666,22.566666666666666,33.656666666666666,0.3333333333333333,2026-02,avg_duration_by_zone_hour,False
212,Soundview/Bruckner,4,30,21.195,17.433333333333334,17.433333333333334,34.77333333333334,0.3333333333333333,2026-02,avg_duration_by_zone_hour,False
265,Outside of NYC,15,30,20.825555555555557,17.35,17.35,38.303333333333335,0.3333333333333333,2026-02,avg_duration_by_zone_hour,False
168,Mott Haven/Port Morris,21,96,20.721527777777776,17.108333333333334,17.108333333333334,36.233333333333334,0.3333333333333333,2026-02,avg_duration_by_zone_hour,False
216,South Ozone Park,3,42,20.33293650793651,18.975,18.975,31.68333333333333,0.3333333333333333,2026-02,avg_duration_by_zone_hour,False
242,Van Nest/Morris Park,22,30,20.06722222222222,16.958333333333336,16.958333333333336,35.51,0.3333333333333333,2026-02,avg_duration_by_zone_hour,False
235,University Heights/Morris Heights,20,36,19.9375,17.616666666666667,17.616666666666667,32.175,0.3333333333333333,2026-02,avg_duration_by_zone_hour,False
63,Cypress Hills,23,51,19.523529411764706,20.1,20.1,30.083333333333332,0.3333333333333333,2026-02,avg_duration_by_zone_hour,False
56,Corona,4,51,19.212091503267974,17.1,17.1,27.6,0.3333333333333333,2026-02,avg_duration_by_zone_hour,False
169,Mount Hope,23,33,17.57828282828283,14.383333333333333,14.383333333333333,34.67,0.3333333333333333,2026-02,avg_duration_by_zone_hour,False
224,Stuy Town/Peter Cooper Village,13,375,17.262755555555557,14.883333333333333,14.883333333333333,29.326666666666668,0.3333333333333333,2026-02,avg_duration_by_zone_hour,False
152,Manhattanville,0,120,15.762083333333333,14.091666666666667,14.091666666666667,27.208333333333336,0.3333333333333333,2026-02,avg_duration_by_zone_hour,False
260,Woodside,0,90,15.142592592592592,13.399999999999999,13.399999999999999,24.295000000000005,0.3333333333333333,2026-02,avg_duration_by_zone_hour,False
82,Elmhurst,2,57,14.943859649122807,14.266666666666667,14.266666666666667,22.38,0.3333333333333333,2026-02,avg_duration_by_zone_hour,False
74,East Harlem North,23,459,14.788525780682644,13.483333333333333,13.483333333333333,25.906666666666666,0.3333333333333333,2026-02,avg_duration_by_zone_hour,False
163,Midtown North,14,4480,16.98434895833333,13.966666666666667,13.2,30.469999999999995,0.33303571428571427,2026-02,avg_duration_by_zone_hour,False
113,Greenwich Village North,19,3228,14.422330648492359,12.008333333333333,11.716666666666667,26.94833333333334,0.33271375464684017,2026-02,avg_duration_by_zone_hour,False
137,Kips Bay,2,496,10.69290994623656,9.733333333333333,9.733333333333333,19.025,0.3326612903225806,2026-02,avg_duration_by_zone_hour,False
88,Financial District South,14,469,27.485323383084577,22.15,22.15,50.22666666666665,0.3326226012793177,2026-02,avg_duration_by_zone_hour,False
88,Financial District South,13,430,24.76015503875969,21.633333333333333,21.633333333333333,40.86333333333334,0.3325581395348837,2026-02,avg_duration_by_zone_hour,False
158,Meatpacking/West Village West,0,2066,13.828694740238786,12.783333333333333,12.783333333333333,23.016666666666666,0.3325266214908035,2026-02,avg_duration_by_zone_hour,False
13,Battery Park City,15,999,22.079429429429428,18.983333333333334,18.983333333333334,39.30333333333334,0.33233233233233234,2026-02,avg_duration_by_zone_hour,False
125,Hudson Sq,8,638,15.75258620689655,13.183333333333334,13.183333333333334,28.568333333333342,0.3322884012539185,2026-02,avg_duration_by_zone_hour,False
45,Chinatown,19,596,17.96054250559284,16.725,16.725,30.958333333333332,0.33221476510067116,2026-02,avg_duration_by_zone_hour,False
146,Long Island City/Queens Plaza,19,292,22.275285388127852,20.75,20.75,37.838333333333345,0.3321917808219178,2026-02,avg_duration_by_zone_hour,False
116,Hamilton Heights,21,292,18.95570776255708,17.008333333333333,17.008333333333333,33.47166666666668,0.3321917808219178,2026-02,avg_duration_by_zone_hour,False
226,Sunnyside,18,560,23.382440476190474,21.46666666666667,21.46666666666667,40.001666666666665,0.33214285714285713,2026-02,avg_duration_by_zone_hour,False
68,East Chelsea,13,4164,19.50702849823887,17.266666666666666,17.266666666666666,34.061666666666675,0.33213256484149856,2026-02,avg_duration_by_zone_hour,False
261,World Trade Center,0,268,20.394154228855722,17.241666666666667,17.241666666666667,33.205000000000005,0.332089552238806,2026-02,avg_duration_by_zone_hour,False
188,Prospect-Lefferts Gardens,12,250,37.15173333333333,32.95833333333333,32.95833333333333,65.455,0.332,2026-02,avg_duration_by_zone_hour,False
61,Crown Heights North,23,232,24.49152298850575,23.783333333333335,23.783333333333335,39.07833333333333,0.33189655172413796,2026-02,avg_duration_by_zone_hour,False
143,Lincoln Square West,7,2055,13.690235198702352,12.433333333333334,11.841666666666667,22.943333333333335,0.3318734793187348,2026-02,avg_duration_by_zone_hour,False
158,Meatpacking/West Village West,4,226,15.05538348082596,12.533333333333333,12.533333333333333,27.641666666666666,0.33185840707964603,2026-02,avg_duration_by_zone_hour,False
232,Two Bridges/Seward Park,19,669,19.097882411559542,17.666666666666668,17.666666666666668,31.323333333333338,0.33183856502242154,2026-02,avg_duration_by_zone_hour,False
107,Gramercy,8,2354,14.755303030303029,13.0,13.0,25.128333333333337,0.3317757009345794,2026-02,avg_duration_by_zone_hour,False
7,Astoria,23,416,18.884375,18.40833333333333,18.40833333333333,31.4,0.3317307692307692,2026-02,avg_duration_by_zone_hour,False
97,Fort Greene,9,202,26.950742574257426,25.383333333333333,25.383333333333333,44.07333333333334,0.3316831683168317,2026-02,avg_duration_by_zone_hour,False
152,Manhattanville,10,187,22.6475935828877,21.5,21.5,38.58666666666667,0.3315508021390374,2026-02,avg_duration_by_zone_hour,False
62,Crown Heights South,8,184,35.78152173913043,32.86666666666667,32.86666666666667,64.50500000000004,0.33152173913043476,2026-02,avg_duration_by_zone_hour,False
243,Washington Heights North,20,175,22.97742857142857,18.933333333333334,18.933333333333334,42.92333333333333,0.3314285714285714,2026-02,avg_duration_by_zone_hour,False
7,Astoria,19,510,23.324771241830064,22.991666666666667,22.991666666666667,36.660000000000004,0.33137254901960783,2026-02,avg_duration_by_zone_hour,False
181,Park Slope,9,160,30.745208333333334,28.424999999999997,28.424999999999997,49.10333333333333,0.33125,2026-02,avg_duration_by_zone_hour,False
48,Clinton East,20,4460,14.237724215246637,12.35,12.35,25.935,0.3311659192825112,2026-02,avg_duration_by_zone_hour,False
229,Sutton Place/Turtle Bay North,17,3379,15.461398835947518,13.05,12.775,27.756666666666675,0.33116306599585676,2026-02,avg_duration_by_zone_hour,False
186,Penn Station/Madison Sq West,21,5150,16.19066990291262,14.616666666666667,13.133333333333333,27.55,0.33106796116504855,2026-02,avg_duration_by_zone_hour,False
193,Queensbridge/Ravenswood,7,145,26.394137931034482,24.3,24.3,47.58666666666666,0.3310344827586207,2026-02,avg_duration_by_zone_hour,False
144,Little Italy/NoLiTa,15,1683,20.52532184591008,17.866666666666667,17.866666666666667,35.76333333333333,0.33095662507427215,2026-02,avg_duration_by_zone_hour,False
17,Bedford,8,248,33.18252688172043,31.958333333333332,31.958333333333332,53.75166666666667,0.33064516129032256,2026-02,avg_duration_by_zone_hour,False
49,Clinton Hill,17,248,31.701478494623654,24.733333333333334,24.733333333333334,59.818333333333335,0.33064516129032256,2026-02,avg_duration_by_zone_hour,False
186,Penn Station/Madison Sq West,16,4582,19.017194092827005,15.958333333333332,15.241666666666667,32.895000000000024,0.3306416412047141,2026-02,avg_duration_by_zone_hour,False
144,Little Italy/NoLiTa,18,2801,16.484565036296562,13.883333333333333,13.883333333333333,29.733333333333334,0.33059621563727243,2026-02,avg_duration_by_zone_hour,False
244,Washington Heights South,0,242,14.479545454545455,13.583333333333334,13.583333333333334,23.421666666666667,0.3305785123966942,2026-02,avg_duration_by_zone_hour,False
249,West Village,2,3131,13.296822101564995,11.666666666666666,11.666666666666666,23.616666666666667,0.3305653145959757,2026-02,avg_duration_by_zone_hour,False
13,Battery Park City,12,817,19.799163606691145,18.183333333333334,18.183333333333334,33.79666666666667,0.33047735618115054,2026-02,avg_duration_by_zone_hour,False
14,Bay Ridge,11,112,45.28214285714286,42.21666666666667,42.21666666666667,82.19,0.33035714285714285,2026-02,avg_duration_by_zone_hour,False
97,Fort Greene,15,221,34.238536953242836,27.766666666666666,27.766666666666666,64.96666666666667,0.33031674208144796,2026-02,avg_duration_by_zone_hour,False
226,Sunnyside,12,218,24.295259938837923,22.53333333333333,22.53333333333333,40.09166666666667,0.3302752293577982,2026-02,avg_duration_by_zone_hour,False
237,Upper East Side South,15,10439,14.441857457610881,11.733333333333333,9.9,26.653333333333343,0.33020404253280966,2026-02,avg_duration_by_zone_hour,False
186,Penn Station/Madison Sq West,22,5215,16.542968999680408,15.2,15.2,28.32000000000001,0.3302013422818792,2026-02,avg_duration_by_zone_hour,False
238,Upper West Side North,3,106,13.568238993710692,10.908333333333333,10.908333333333333,27.5,0.330188679245283,2026-02,avg_duration_by_zone_hour,False
42,Central Harlem North,3,103,14.858252427184468,13.783333333333333,13.783333333333333,25.14333333333333,0.3300970873786408,2026-02,avg_duration_by_zone_hour,False
61,Crown Heights North,21,203,30.861986863711003,28.45,28.45,48.68,0.33004926108374383,2026-02,avg_duration_by_zone_hour,False
113,Greenwich Village North,22,3415,14.796935090287946,12.766666666666667,12.0,26.776666666666667,0.3300146412884334,2026-02,avg_duration_by_zone_hour,False
7,Astoria,8,588,27.550340136054423,27.041666666666664,27.041666666666664,44.08166666666668,0.3299319727891156,2026-02,avg_duration_by_zone_hour,False
223,Steinway,11,97,25.919587628865976,24.883333333333333,24.883333333333333,43.80000000000001,0.32989690721649484,2026-02,avg_duration_by_zone_hour,False
232,Two Bridges/Seward Park,9,579,20.696430627518712,17.683333333333334,17.683333333333334,34.17666666666667,0.3298791018998273,2026-02,avg_duration_by_zone_hour,False
244,Washington Heights South,14,482,26.133333333333333,22.266666666666666,22.266666666666666,42.341666666666676,0.32987551867219916,2026-02,avg_duration_by_zone_hour,False
237,Upper East Side South,11,8217,13.433341446594458,10.966666666666667,9.8,25.683333333333334,0.3298040647438238,2026-02,avg_duration_by_zone_hour,False
165,Midwood,8,94,36.62943262411348,30.983333333333334,30.983333333333334,72.94666666666667,0.32978723404255317,2026-02,avg_duration_by_zone_hour,False
26,Borough Park,15,91,36.453663003663,31.283333333333335,31.283333333333335,70.25,0.32967032967032966,2026-02,avg_duration_by_zone_hour,False
72,East Flatbush/Remsen Village,17,91,28.75201465201465,24.066666666666666,24.066666666666666,55.75,0.32967032967032966,2026-02,avg_duration_by_zone_hour,False
145,Long Island City/Hunters Point,6,273,19.462698412698412,17.466666666666665,17.466666666666665,32.46666666666668,0.32967032967032966,2026-02,avg_duration_by_zone_hour,False
142,Lincoln Square East,14,5203,14.456499455442374,11.7,10.25,26.59666666666667,0.3296175283490294,2026-02,avg_duration_by_zone_hour,False
237,Upper East Side South,12,8936,13.601083631751717,11.016666666666667,10.15,25.8,0.3295658012533572,2026-02,avg_duration_by_zone_hour,False
70,East Elmhurst,9,258,37.92629198966409,35.68333333333334,35.68333333333334,59.89333333333334,0.32945736434108525,2026-02,avg_duration_by_zone_hour,False
65,Downtown Brooklyn/MetroTech,6,85,19.302352941176473,17.7,17.7,32.66666666666667,0.32941176470588235,2026-02,avg_duration_by_zone_hour,False
13,Battery Park City,18,2040,17.65782679738562,16.4,16.4,28.18000000000002,0.32941176470588235,2026-02,avg_duration_by_zone_hour,False
186,Penn Station/Madison Sq West,15,4578,19.244160477646716,16.34166666666667,14.716666666666667,33.85,0.32940148536478814,2026-02,avg_duration_by_zone_hour,False
233,UN/Turtle Bay South,20,2226,13.707614555256065,12.566666666666666,12.541666666666668,22.65,0.32929020664869724,2026-02,avg_duration_by_zone_hour,False
209,Seaport,7,82,21.408739837398375,19.858333333333334,19.858333333333334,33.22833333333334,0.32926829268292684,2026-02,avg_duration_by_zone_hour,False
232,Two Bridges/Seward Park,15,401,22.597339983374894,19.0,19.0,40.71666666666667,0.32917705735660846,2026-02,avg_duration_by_zone_hour,False
260,Woodside,11,79,22.427426160337554,19.866666666666667,19.866666666666667,43.00666666666667,0.3291139240506329,2026-02,avg_duration_by_zone_hour,False
230,Times Sq/Theatre District,3,541,14.245009242144178,12.533333333333333,12.533333333333333,26.8,0.3290203327171904,2026-02,avg_duration_by_zone_hour,False
25,Boerum Hill,14,152,36.57554824561404,32.391666666666666,32.391666666666666,67.28166666666667,0.32894736842105265,2026-02,avg_duration_by_zone_hour,False
63,Cypress Hills,11,76,31.93421052631579,29.733333333333334,29.733333333333334,56.41666666666667,0.32894736842105265,2026-02,avg_duration_by_zone_hour,False
224,Stuy Town/Peter Cooper Village,16,374,18.43747771836007,16.108333333333334,16.108333333333334,30.369999999999997,0.32887700534759357,2026-02,avg_duration_by_zone_hour,False
146,Long Island City/Queens Plaza,9,146,21.39474885844749,21.191666666666666,21.191666666666666,34.8,0.3287671232876712,2026-02,avg_duration_by_zone_hour,False
141,Lenox Hill West,20,4058,12.02705355676031,9.941666666666666,9.941666666666666,23.055000000000003,0.3287333661902415,2026-02,avg_duration_by_zone_hour,False
166,Morningside Heights,1,216,14.136728395061729,12.8,12.8,25.825,0.3287037037037037,2026-02,avg_duration_by_zone_hour,False
74,East Harlem North,3,70,16.08761904761905,12.366666666666667,12.366666666666667,33.27,0.32857142857142857,2026-02,avg_duration_by_zone_hour,False
244,Washington Heights South,18,618,21.263700107874865,19.65833333333333,19.65833333333333,34.49333333333335,0.3284789644012945,2026-02,avg_duration_by_zone_hour,False
4,Alphabet City,7,545,17.1856880733945,14.733333333333333,14.733333333333333,28.206666666666674,0.3284403669724771,2026-02,avg_duration_by_zone_hour,False
161,Midtown Center,12,6203,17.83543984093718,15.35,14.541666666666668,31.7,0.3283894889569563,2026-02,avg_duration_by_zone_hour,False
65,Downtown Brooklyn/MetroTech,19,335,23.040646766169154,20.55,20.55,37.35333333333333,0.3283582089552239,2026-02,avg_duration_by_zone_hour,False
76,East New York,0,67,22.360199004975126,21.0,21.0,37.87,0.3283582089552239,2026-02,avg_duration_by_zone_hour,False
186,Penn Station/Madison Sq West,7,3509,11.899401538899971,9.95,9.95,21.036666666666672,0.32829866058706186,2026-02,avg_duration_by_zone_hour,False
116,Hamilton Heights,23,329,15.838905775075988,15.033333333333333,15.033333333333333,27.03666666666667,0.3282674772036474,2026-02,avg_duration_by_zone_hour,False
151,Manhattan Valley,1,131,14.332442748091603,13.05,13.05,26.083333333333332,0.3282442748091603,2026-02,avg_duration_by_zone_hour,False
4,Alphabet City,4,326,14.022699386503067,12.841666666666667,12.841666666666667,23.3,0.3282208588957055,2026-02,avg_duration_by_zone_hour,False
164,Midtown South,18,5025,15.618248756218906,13.833333333333334,13.783333333333333,26.553333333333345,0.3281592039800995,2026-02,avg_duration_by_zone_hour,False
28,Briarwood/Jamaica Hills,18,64,29.4609375,23.84166666666667,23.84166666666667,54.033333333333346,0.328125,2026-02,avg_duration_by_zone_hour,False
228,Sunset Park West,0,64,20.13125,19.733333333333334,19.733333333333334,31.55666666666667,0.328125,2026-02,avg_duration_by_zone_hour,False
233,UN/Turtle Bay South,1,256,11.412955729166667,10.5,10.5,20.425,0.328125,2026-02,avg_duration_by_zone_hour,False
89,Flatbush/Ditmas Park,19,189,24.736331569664905,21.683333333333334,21.683333333333334,43.91000000000002,0.328042328042328,2026-02,avg_duration_by_zone_hour,False
237,Upper East Side South,14,10445,14.39277804372108,11.85,10.025,26.29333333333334,0.32790808999521304,2026-02,avg_duration_by_zone_hour,False
82,Elmhurst,11,61,32.807377049180324,27.65,27.65,53.06666666666667,0.32786885245901637,2026-02,avg_duration_by_zone_hour,False
7,Astoria,10,305,25.084098360655737,23.516666666666666,23.516666666666666,42.50666666666667,0.32786885245901637,2026-02,avg_duration_by_zone_hour,False
224,Stuy Town/Peter Cooper Village,21,366,14.730510018214936,13.925,13.925,24.258333333333333,0.32786885245901637,2026-02,avg_duration_by_zone_hour,False
107,Gramercy,7,1928,13.061194674965423,10.95,10.95,23.209999999999997,0.3278008298755187,2026-02,avg_duration_by_zone_hour,False
90,Flatiron,19,3664,13.83588518922853,12.0,12.0,25.02833333333334,0.3277838427947598,2026-02,avg_duration_by_zone_hour,False
232,Two Bridges/Seward Park,7,418,21.289194577352472,18.125,18.125,35.13666666666667,0.3277511961722488,2026-02,avg_duration_by_zone_hour,False
238,Upper West Side North,10,3820,13.98574607329843,11.466666666666667,10.733333333333333,27.06833333333333,0.32774869109947646,2026-02,avg_duration_by_zone_hour,False
224,Stuy Town/Peter Cooper Village,20,467,14.468700927908637,13.9,13.9,22.53,0.32762312633832974,2026-02,avg_duration_by_zone_hour,False
170,Murray Hill,16,4896,18.261036220043575,14.916666666666666,14.483333333333334,32.641666666666666,0.3276143790849673,2026-02,avg_duration_by_zone_hour,False
86,Far Rockaway,11,58,70.20775862068966,64.05833333333334,64.05833333333334,112.46833333333335,0.3275862068965517,2026-02,avg_duration_by_zone_hour,False
164,Midtown South,19,4761,14.552821536091859,13.15,12.766666666666667,24.983333333333334,0.32745221592102497,2026-02,avg_duration_by_zone_hour,False
97,Fort Greene,11,168,32.481746031746034,27.725,27.725,56.11500000000001,0.3273809523809524,2026-02,avg_duration_by_zone_hour,False
82,Elmhurst,17,168,27.217559523809523,22.799999999999997,22.799999999999997,48.705000000000005,0.3273809523809524,2026-02,avg_duration_by_zone_hour,False
260,Woodside,7,168,24.35575396825397,22.441666666666666,22.441666666666666,40.598333333333336,0.3273809523809524,2026-02,avg_duration_by_zone_hour,False
209,Seaport,11,168,22.917361111111113,19.275,19.275,39.44166666666667,0.3273809523809524,2026-02,avg_duration_by_zone_hour,False
142,Lincoln Square East,8,3638,14.183388308594465,11.891666666666666,11.808333333333334,25.441666666666684,0.3273776800439802,2026-02,avg_duration_by_zone_hour,False
139,Laurelton,8,55,63.35363636363636,65.66666666666667,65.66666666666667,102.14666666666668,0.32727272727272727,2026-02,avg_duration_by_zone_hour,False
227,Sunset Park East,14,55,43.3530303030303,36.05,36.05,99.57,0.32727272727272727,2026-02,avg_duration_by_zone_hour,False
242,Van Nest/Morris Park,15,55,39.65363636363636,33.483333333333334,33.483333333333334,74.52666666666667,0.32727272727272727,2026-02,avg_duration_by_zone_hour,False
244,Washington Heights South,13,385,26.11082251082251,22.416666666666668,22.416666666666668,44.42,0.32727272727272727,2026-02,avg_duration_by_zone_hour,False
14,Bay Ridge,21,55,25.79060606060606,24.533333333333335,24.533333333333335,40.54333333333334,0.32727272727272727,2026-02,avg_duration_by_zone_hour,False
56,Corona,18,55,24.930303030303033,22.033333333333335,22.033333333333335,44.516666666666666,0.32727272727272727,2026-02,avg_duration_by_zone_hour,False
130,Jamaica,4,55,15.887575757575759,15.483333333333333,15.483333333333333,25.91,0.32727272727272727,2026-02,avg_duration_by_zone_hour,False
262,Yorkville East,18,3454,14.558405713182783,12.391666666666666,11.316666666666666,26.556666666666676,0.3271569195136074,2026-02,avg_duration_by_zone_hour,False
158,Meatpacking/West Village West,1,1822,13.431064763995611,12.45,12.45,22.25500000000001,0.32711306256860595,2026-02,avg_duration_by_zone_hour,False
71,East Flatbush/Farragut,12,107,39.820716510903424,34.9,34.9,69.51333333333336,0.32710280373831774,2026-02,avg_duration_by_zone_hour,False
37,Bushwick South,10,263,32.82059569074779,29.233333333333334,29.233333333333334,59.120000000000005,0.3269961977186312,2026-02,avg_duration_by_zone_hour,False
49,Clinton Hill,8,263,32.11533586818758,28.533333333333335,28.533333333333335,52.01666666666668,0.3269961977186312,2026-02,avg_duration_by_zone_hour,False
145,Long Island City/Hunters Point,19,630,21.00708994708995,19.441666666666666,19.441666666666666,33.74166666666668,0.326984126984127,2026-02,avg_duration_by_zone_hour,False
69,East Concourse/Concourse Village,19,52,28.9275641025641,22.675,22.675,65.48499999999999,0.3269230769230769,2026-02,avg_duration_by_zone_hour,False
242,Van Nest/Morris Park,19,52,27.862820512820512,23.95,23.95,48.708333333333336,0.3269230769230769,2026-02,avg_duration_by_zone_hour,False
91,Flatlands,22,52,26.40032051282051,22.03333333333333,22.03333333333333,47.23166666666666,0.3269230769230769,2026-02,avg_duration_by_zone_hour,False
230,Times Sq/Theatre District,17,5982,18.022372673576285,14.391666666666666,13.525,31.240000000000055,0.32681377465730527,2026-02,avg_duration_by_zone_hour,False
244,Washington Heights South,15,459,26.671350762527233,21.916666666666668,21.916666666666668,41.85,0.32679738562091504,2026-02,avg_duration_by_zone_hour,False
49,Clinton Hill,9,251,30.083200531208497,27.033333333333335,27.033333333333335,50.233333333333334,0.32669322709163345,2026-02,avg_duration_by_zone_hour,False
161,Midtown Center,13,6857,18.36366729862428,15.716666666666667,14.358333333333334,32.74000000000001,0.32667347236400757,2026-02,avg_duration_by_zone_hour,False
256,Williamsburg (South Side),13,150,24.27288888888889,22.09166666666667,22.09166666666667,39.24666666666667,0.32666666666666666,2026-02,avg_duration_by_zone_hour,False
116,Hamilton Heights,12,349,22.85845272206304,20.583333333333332,20.583333333333332,38.699999999999996,0.32664756446991405,2026-02,avg_duration_by_zone_hour,False
238,Upper West Side North,16,4164,13.344880723663145,10.183333333333334,8.8,25.716666666666665,0.3266090297790586,2026-02,avg_duration_by_zone_hour,False
186,Penn Station/Madison Sq West,14,5111,19.233750733711602,16.716666666666665,15.35,33.36666666666667,0.3265505771864606,2026-02,avg_duration_by_zone_hour,False
68,East Chelsea,23,3926,16.22584904058414,14.941666666666666,14.575,27.308333333333334,0.32654100866021396,2026-02,avg_duration_by_zone_hour,False
215,South Jamaica,10,49,41.30136054421769,37.5,37.5,74.46000000000001,0.32653061224489793,2026-02,avg_duration_by_zone_hour,False
213,Soundview/Castle Hill,16,49,33.281292517006804,28.766666666666666,28.766666666666666,64.37666666666668,0.32653061224489793,2026-02,avg_duration_by_zone_hour,False
65,Downtown Brooklyn/MetroTech,8,147,24.114399092970523,21.65,21.65,40.04333333333334,0.32653061224489793,2026-02,avg_duration_by_zone_hour,False
61,Crown Heights North,3,49,22.054421768707485,20.366666666666667,20.366666666666667,38.42333333333334,0.32653061224489793,2026-02,avg_duration_by_zone_hour,False
181,Park Slope,1,98,21.4047619047619,21.125,21.125,34.44833333333333,0.32653061224489793,2026-02,avg_duration_by_zone_hour,False
95,Forest Hills,0,98,17.74863945578231,16.84166666666667,16.84166666666667,27.625,0.32653061224489793,2026-02,avg_duration_by_zone_hour,False
13,Battery Park City,19,1740,16.300871647509577,15.4,15.4,25.403333333333336,0.3264367816091954,2026-02,avg_duration_by_zone_hour,False
186,Penn Station/Madison Sq West,17,5950,18.292196078431374,15.666666666666666,14.1,31.72000000000001,0.32638655462184873,2026-02,avg_duration_by_zone_hour,False
189,Prospect Heights,18,141,25.50626477541371,24.316666666666666,24.316666666666666,43.0,0.3262411347517731,2026-02,avg_duration_by_zone_hour,False
140,Lenox Hill East,7,2679,13.853272365310438,12.4,11.833333333333334,22.786666666666672,0.3262411347517731,2026-02,avg_duration_by_zone_hour,False
68,East Chelsea,17,5841,17.950068481424413,15.266666666666667,15.266666666666667,31.75,0.3261427837699024,2026-02,avg_duration_by_zone_hour,False
202,Roosevelt Island,7,46,39.73478260869565,36.09166666666667,36.09166666666667,61.03333333333333,0.32608695652173914,2026-02,avg_duration_by_zone_hour,False
37,Bushwick South,15,230,35.53224637681159,31.866666666666667,31.866666666666667,61.12666666666665,0.32608695652173914,2026-02,avg_duration_by_zone_hour,False
196,Rego Park,13,46,34.41159420289855,28.608333333333334,28.608333333333334,69.575,0.32608695652173914,2026-02,avg_duration_by_zone_hour,False
229,Sutton Place/Turtle Bay North,19,3429,13.78498590453971,12.133333333333333,11.649999999999999,24.303333333333338,0.32604257801108194,2026-02,avg_duration_by_zone_hour,False
263,Yorkville West,7,2865,12.817504363001746,11.3,11.283333333333333,22.566666666666666,0.32600349040139615,2026-02,avg_duration_by_zone_hour,False
230,Times Sq/Theatre District,18,6329,15.9559619739822,13.566666666666666,12.133333333333333,27.8,0.325959867277611,2026-02,avg_duration_by_zone_hour,False
232,Two Bridges/Seward Park,2,270,16.120740740740743,15.341666666666667,15.341666666666667,24.061666666666664,0.32592592592592595,2026-02,avg_duration_by_zone_hour,False
125,Hudson Sq,6,135,12.89469135802469,11.466666666666667,11.466666666666667,22.91,0.32592592592592595,2026-02,avg_duration_by_zone_hour,False
143,Lincoln Square West,9,2897,15.749142791393396,14.1,14.1,27.713333333333345,0.3258543320676562,2026-02,avg_duration_by_zone_hour,False
45,Chinatown,6,89,20.466853932584268,16.733333333333334,16.733333333333334,37.790000000000006,0.3258426966292135,2026-02,avg_duration_by_zone_hour,False
186,Penn Station/Madison Sq West,13,5701,20.061790329182013,17.85,17.441666666666666,33.93333333333333,0.3257323276618137,2026-02,avg_duration_by_zone_hour,False
164,Midtown South,22,4547,14.405872003518803,13.166666666666666,11.983333333333333,24.323333333333334,0.3257092588519903,2026-02,avg_duration_by_zone_hour,False
148,Lower East Side,9,829,17.645677523120224,16.083333333333332,16.083333333333332,29.640000000000004,0.32569360675512665,2026-02,avg_duration_by_zone_hour,False
259,Woodlawn/Wakefield,10,43,54.74186046511628,48.016666666666666,48.016666666666666,97.93333333333337,0.32558139534883723,2026-02,avg_duration_by_zone_hour,False
155,Marine Park/Mill Basin,13,86,32.65891472868217,31.058333333333334,31.058333333333334,58.425,0.32558139534883723,2026-02,avg_duration_by_zone_hour,False
36,Bushwick North,11,86,32.34748062015504,29.625,29.625,55.650000000000006,0.32558139534883723,2026-02,avg_duration_by_zone_hour,False
78,East Tremont,17,43,30.137596899224807,26.416666666666668,26.416666666666668,54.99,0.32558139534883723,2026-02,avg_duration_by_zone_hour,False
127,Inwood,19,129,23.16731266149871,19.466666666666665,19.466666666666665,38.36000000000001,0.32558139534883723,2026-02,avg_duration_by_zone_hour,False
223,Steinway,1,43,17.095348837209304,15.1,15.1,30.80000000000001,0.32558139534883723,2026-02,avg_duration_by_zone_hour,False
42,Central Harlem North,1,129,14.957105943152454,14.4,14.4,25.863333333333333,0.32558139534883723,2026-02,avg_duration_by_zone_hour,False
224,Stuy Town/Peter Cooper Village,1,169,13.019723865877713,12.116666666666667,12.116666666666667,22.456666666666667,0.3254437869822485,2026-02,avg_duration_by_zone_hour,False
82,Elmhurst,16,126,27.397222222222222,24.166666666666664,24.166666666666664,50.083333333333336,0.3253968253968254,2026-02,avg_duration_by_zone_hour,False
89,Flatbush/Ditmas Park,22,126,24.537566137566134,22.808333333333334,22.808333333333334,37.641666666666666,0.3253968253968254,2026-02,avg_duration_by_zone_hour,False
70,East Elmhurst,8,209,39.241387559808615,37.5,37.5,67.24333333333335,0.3253588516746411,2026-02,avg_duration_by_zone_hour,False
237,Upper East Side South,13,9198,14.0529028049576,11.316666666666666,10.25,26.733333333333334,0.3252881061100239,2026-02,avg_duration_by_zone_hour,False
239,Upper West Side South,22,3376,12.863778633491313,10.875,10.483333333333333,24.283333333333335,0.32523696682464454,2026-02,avg_duration_by_zone_hour,False
226,Sunnyside,16,409,29.862184189079056,24.15,24.15,56.44,0.3251833740831296,2026-02,avg_duration_by_zone_hour,False
263,Yorkville West,18,4779,13.606287926344423,11.016666666666667,9.75,26.869999999999997,0.325172630257376,2026-02,avg_duration_by_zone_hour,False
243,Washington Heights North,21,163,19.44723926380368,18.933333333333334,18.933333333333334,30.94,0.32515337423312884,2026-02,avg_duration_by_zone_hour,False
232,Two Bridges/Seward Park,22,689,16.195960328979197,15.6,15.6,26.416666666666668,0.3251088534107402,2026-02,avg_duration_by_zone_hour,False
220,Spuyten Duyvil/Kingsbridge,13,40,39.181666666666665,34.84166666666667,34.84166666666667,71.22,0.325,2026-02,avg_duration_by_zone_hour,False
228,Sunset Park West,10,40,38.07291666666667,38.55833333333334,38.55833333333334,59.973333333333336,0.325,2026-02,avg_duration_by_zone_hour,False
126,Hunts Point,15,40,34.04625,29.316666666666666,29.316666666666666,59.77500000000001,0.325,2026-02,avg_duration_by_zone_hour,False
174,Norwood,18,40,32.41791666666667,21.40833333333333,21.40833333333333,75.08833333333335,0.325,2026-02,avg_duration_by_zone_hour,False
77,East New York/Pennsylvania Avenue,19,40,29.673750000000002,27.041666666666664,27.041666666666664,51.80666666666667,0.325,2026-02,avg_duration_by_zone_hour,False
244,Washington Heights South,19,600,21.047888888888888,18.525,18.525,34.81333333333333,0.325,2026-02,avg_duration_by_zone_hour,False
116,Hamilton Heights,2,80,15.411041666666668,14.45,14.45,22.828333333333344,0.325,2026-02,avg_duration_by_zone_hour,False
238,Upper West Side North,2,160,12.008645833333334,10.708333333333334,10.708333333333334,19.486666666666665,0.325,2026-02,avg_duration_by_zone_hour,False
144,Little Italy/NoLiTa,16,1862,19.759443250984607,17.416666666666668,17.416666666666668,34.681666666666665,0.3249194414607948,2026-02,avg_duration_by_zone_hour,False
141,Lenox Hill West,19,4863,12.678422098841592,10.2,9.258333333333333,24.916666666666668,0.3249023236685174,2026-02,avg_duration_by_zone_hour,False
246,West Chelsea/Hudson Yards,13,3131,17.673506866815714,16.133333333333333,15.866666666666667,30.233333333333334,0.32481635260300223,2026-02,avg_duration_by_zone_hour,False
63,Cypress Hills,6,154,33.42391774891775,28.59166666666667,28.59166666666667,65.91666666666673,0.3246753246753247,2026-02,avg_duration_by_zone_hour,False
127,Inwood,23,77,18.72099567099567,17.0,17.0,30.27333333333335,0.3246753246753247,2026-02,avg_duration_by_zone_hour,False
226,Sunnyside,2,77,15.515151515151516,15.05,15.05,24.593333333333334,0.3246753246753247,2026-02,avg_duration_by_zone_hour,False
37,Bushwick South,16,228,36.27368421052631,31.108333333333334,31.108333333333334,69.87333333333335,0.32456140350877194,2026-02,avg_duration_by_zone_hour,False
95,Forest Hills,6,114,34.77251461988304,31.316666666666666,31.316666666666666,63.15833333333333,0.32456140350877194,2026-02,avg_duration_by_zone_hour,False
68,East Chelsea,14,4253,19.21752880319774,16.433333333333334,16.433333333333334,34.413333333333334,0.32447683987773335,2026-02,avg_duration_by_zone_hour,False
66,DUMBO/Vinegar Hill,15,188,25.1322695035461,21.416666666666664,21.416666666666664,38.97500000000002,0.324468085106383,2026-02,avg_duration_by_zone_hour,False
234,Union Sq,23,4651,14.258707804773167,12.6,12.391666666666666,25.033333333333335,0.3244463556224468,2026-02,avg_duration_by_zone_hour,False
209,Seaport,21,487,16.073271731690625,14.85,14.85,25.42,0.324435318275154,2026-02,avg_duration_by_zone_hour,False
4,Alphabet City,10,561,17.350089126559713,15.583333333333334,15.583333333333334,28.65,0.3244206773618538,2026-02,avg_duration_by_zone_hour,False
170,Murray Hill,23,2901,13.192594507641044,11.95,11.925,22.15,0.3243709065839366,2026-02,avg_duration_by_zone_hour,False
205,Saint Albans,15,74,53.53986486486486,53.91666666666667,53.91666666666667,97.80000000000001,0.32432432432432434,2026-02,avg_duration_by_zone_hour,False
85,Erasmus,9,111,34.75375375375375,31.05,31.05,62.1,0.32432432432432434,2026-02,avg_duration_by_zone_hour,False
25,Boerum Hill,8,185,30.6181981981982,26.6,26.6,56.07333333333333,0.32432432432432434,2026-02,avg_duration_by_zone_hour,False
213,Soundview/Castle Hill,18,74,28.578378378378382,22.475,22.475,61.745,0.32432432432432434,2026-02,avg_duration_by_zone_hour,False
213,Soundview/Castle Hill,20,37,27.72927927927928,20.083333333333332,20.083333333333332,56.51333333333333,0.32432432432432434,2026-02,avg_duration_by_zone_hour,False
119,Highbridge,17,37,25.834234234234234,19.9,19.9,43.26666666666666,0.32432432432432434,2026-02,avg_duration_by_zone_hour,False
106,Gowanus,1,37,23.564414414414415,23.566666666666666,23.566666666666666,34.87,0.32432432432432434,2026-02,avg_duration_by_zone_hour,False
82,Elmhurst,23,148,17.537837837837838,16.625,16.625,29.546666666666674,0.32432432432432434,2026-02,avg_duration_by_zone_hour,False
168,Mott Haven/Port Morris,23,111,16.443243243243245,14.583333333333334,14.583333333333334,26.816666666666666,0.32432432432432434,2026-02,avg_duration_by_zone_hour,False
261,World Trade Center,2,74,16.37635135135135,15.308333333333334,15.308333333333334,27.48166666666667,0.32432432432432434,2026-02,avg_duration_by_zone_hour,False
151,Manhattan Valley,0,293,14.784015927189987,13.033333333333333,13.033333333333333,26.73,0.3242320819112628,2026-02,avg_duration_by_zone_hour,False
48,Clinton East,4,1166,13.390937678673529,12.483333333333333,12.483333333333333,24.258333333333333,0.3241852487135506,2026-02,avg_duration_by_zone_hour,False
142,Lincoln Square East,1,509,13.03863785199738,11.95,11.95,23.186666666666664,0.3241650294695481,2026-02,avg_duration_by_zone_hour,False
140,Lenox Hill East,17,5431,16.01968943718161,12.816666666666666,12.816666666666666,29.116666666666667,0.3240655496225373,2026-02,avg_duration_by_zone_hour,False
232,Two Bridges/Seward Park,8,537,21.11663563004345,18.55,18.55,34.93000000000001,0.3240223463687151,2026-02,avg_duration_by_zone_hour,False
107,Gramercy,22,4087,13.67587064676617,12.25,11.391666666666666,23.623333333333335,0.3239540004893565,2026-02,avg_duration_by_zone_hour,False
168,Mott Haven/Port Morris,14,142,29.577699530516433,24.758333333333333,24.758333333333333,46.465,0.323943661971831,2026-02,avg_duration_by_zone_hour,False
49,Clinton Hill,19,284,26.313497652582157,23.108333333333334,23.108333333333334,46.29166666666667,0.323943661971831,2026-02,avg_duration_by_zone_hour,False
261,World Trade Center,18,1133,20.565739923506914,18.55,18.55,33.40000000000003,0.32391879964695497,2026-02,avg_duration_by_zone_hour,False
238,Upper West Side North,8,3906,16.490241508789897,14.358333333333334,14.358333333333334,30.15833333333333,0.3238607270865335,2026-02,avg_duration_by_zone_hour,False
198,Ridgewood,7,105,26.506507936507937,26.45,26.45,45.323333333333345,0.3238095238095238,2026-02,avg_duration_by_zone_hour,False
232,Two Bridges/Seward Park,0,485,15.556735395189003,15.033333333333333,15.033333333333333,24.71,0.3237113402061856,2026-02,avg_duration_by_zone_hour,False
230,Times Sq/Theatre District,23,5058,15.126519045736128,12.85,11.583333333333334,26.433333333333334,0.3236457097667062,2026-02,avg_duration_by_zone_hour,False
164,Midtown South,17,4345,17.12770233985424,14.366666666666667,14.266666666666667,30.25,0.323590333716916,2026-02,avg_duration_by_zone_hour,False
3,Allerton/Pelham Gardens,6,34,48.8093137254902,50.55,50.55,72.69333333333334,0.3235294117647059,2026-02,avg_duration_by_zone_hour,False
106,Gowanus,14,34,33.13676470588236,28.816666666666666,28.816666666666666,57.20833333333333,0.3235294117647059,2026-02,avg_duration_by_zone_hour,False
173,North Corona,17,34,31.60490196078431,23.75,23.75,60.724999999999994,0.3235294117647059,2026-02,avg_duration_by_zone_hour,False
155,Marine Park/Mill Basin,18,68,30.434803921568626,25.433333333333334,25.433333333333334,58.97833333333333,0.3235294117647059,2026-02,avg_duration_by_zone_hour,False
254,Williamsbridge/Olinville,22,34,25.836274509803925,18.733333333333334,18.733333333333334,53.915,0.3235294117647059,2026-02,avg_duration_by_zone_hour,False
112,Greenpoint,9,204,24.921405228758168,23.25,23.25,40.62,0.3235294117647059,2026-02,avg_duration_by_zone_hour,False
53,College Point,23,34,20.973529411764705,18.891666666666666,18.891666666666666,33.245,0.3235294117647059,2026-02,avg_duration_by_zone_hour,False
223,Steinway,23,136,18.297794117647058,17.40833333333333,17.40833333333333,28.44166666666667,0.3235294117647059,2026-02,avg_duration_by_zone_hour,False
244,Washington Heights South,1,102,14.81748366013072,13.9,13.9,24.28166666666667,0.3235294117647059,2026-02,avg_duration_by_zone_hour,False
69,East Concourse/Concourse Village,8,167,40.14740518962076,38.35,38.35,68.91666666666667,0.32335329341317365,2026-02,avg_duration_by_zone_hour,False
228,Sunset Park West,17,167,31.24051896207585,28.966666666666665,28.966666666666665,53.67666666666667,0.32335329341317365,2026-02,avg_duration_by_zone_hour,False
113,Greenwich Village North,8,1432,14.416457169459962,12.908333333333333,12.908333333333333,25.621666666666677,0.3233240223463687,2026-02,avg_duration_by_zone_hour,False
14,Bay Ridge,6,99,33.781313131313134,30.5,30.5,59.733333333333334,0.32323232323232326,2026-02,avg_duration_by_zone_hour,False
226,Sunnyside,8,461,26.40654374548084,25.583333333333332,25.583333333333332,41.166666666666664,0.3232104121475054,2026-02,avg_duration_by_zone_hour,False
168,Mott Haven/Port Morris,13,130,29.76820512820513,24.15833333333333,24.15833333333333,57.59000000000001,0.3230769230769231,2026-02,avg_duration_by_zone_hour,False
231,TriBeCa/Civic Center,17,3595,20.225132127955494,16.583333333333332,16.366666666666667,35.79333333333333,0.32294853963838666,2026-02,avg_duration_by_zone_hour,False
161,Midtown Center,15,8037,18.242735680809588,15.083333333333334,14.283333333333333,32.37333333333334,0.3228816722657708,2026-02,avg_duration_by_zone_hour,False
186,Penn Station/Madison Sq West,8,4095,13.734957264957265,11.633333333333333,11.633333333333333,25.126666666666665,0.32283272283272285,2026-02,avg_duration_by_zone_hour,False
170,Murray Hill,17,6093,17.06631106734504,14.866666666666667,14.508333333333333,29.216666666666665,0.3228294764483834,2026-02,avg_duration_by_zone_hour,False
95,Forest Hills,19,158,21.442616033755275,19.28333333333333,19.28333333333333,35.10000000000001,0.3227848101265823,2026-02,avg_duration_by_zone_hour,False
18,Bedford Park,15,31,49.86290322580645,35.71666666666667,35.71666666666667,116.55,0.3225806451612903,2026-02,avg_duration_by_zone_hour,False
81,Eastchester,5,31,40.56559139784946,36.916666666666664,36.916666666666664,83.03333333333333,0.3225806451612903,2026-02,avg_duration_by_zone_hour,False
47,Claremont/Bathgate,13,31,36.365053763440855,32.21666666666667,32.21666666666667,68.86666666666666,0.3225806451612903,2026-02,avg_duration_by_zone_hour,False
242,Van Nest/Morris Park,9,31,33.93440860215054,29.933333333333334,29.933333333333334,64.21666666666667,0.3225806451612903,2026-02,avg_duration_by_zone_hour,False
85,Erasmus,15,62,29.993817204301074,26.791666666666664,26.791666666666664,48.82666666666666,0.3225806451612903,2026-02,avg_duration_by_zone_hour,False
180,Ozone Park,16,31,27.346236559139786,24.416666666666668,24.416666666666668,42.85,0.3225806451612903,2026-02,avg_duration_by_zone_hour,False
258,Woodhaven,19,31,27.101075268817205,26.1,26.1,43.983333333333334,0.3225806451612903,2026-02,avg_duration_by_zone_hour,False
169,Mount Hope,21,31,24.807526881720428,20.316666666666666,20.316666666666666,44.516666666666666,0.3225806451612903,2026-02,avg_duration_by_zone_hour,False
53,College Point,0,31,22.011290322580646,18.05,18.05,39.333333333333336,0.3225806451612903,2026-02,avg_duration_by_zone_hour,False
97,Fort Greene,2,31,19.471505376344087,17.85,17.85,30.65,0.3225806451612903,2026-02,avg_duration_by_zone_hour,False
45,Chinatown,3,93,15.05448028673835,14.266666666666667,14.266666666666667,24.406666666666666,0.3225806451612903,2026-02,avg_duration_by_zone_hour,False
146,Long Island City/Queens Plaza,4,124,14.962499999999999,14.408333333333333,14.408333333333333,24.968333333333334,0.3225806451612903,2026-02,avg_duration_by_zone_hour,False
66,DUMBO/Vinegar Hill,17,338,23.37253451676529,21.65,21.65,37.24166666666667,0.3224852071005917,2026-02,avg_duration_by_zone_hour,False
224,Stuy Town/Peter Cooper Village,9,543,16.15061387354205,14.533333333333333,14.533333333333333,25.9,0.32228360957642727,2026-02,avg_duration_by_zone_hour,False
68,East Chelsea,16,4643,18.581847225213583,15.416666666666666,15.416666666666666,32.980000000000004,0.3222054706009046,2026-02,avg_duration_by_zone_hour,False
141,Lenox Hill West,18,5875,13.121773049645391,10.683333333333334,10.216666666666667,25.09333333333334,0.3220425531914894,2026-02,avg_duration_by_zone_hour,False
243,Washington Heights North,9,236,32.16744350282486,28.391666666666666,28.391666666666666,57.2,0.3220338983050847,2026-02,avg_duration_by_zone_hour,False
49,Clinton Hill,1,59,21.973446327683618,19.716666666666665,19.716666666666665,30.860000000000007,0.3220338983050847,2026-02,avg_duration_by_zone_hour,False
209,Seaport,12,205,24.23390243902439,21.583333333333332,21.583333333333332,45.4,0.32195121951219513,2026-02,avg_duration_by_zone_hour,False
143,Lincoln Square West,1,146,12.82956621004566,11.75,11.75,22.3,0.3219178082191781,2026-02,avg_duration_by_zone_hour,False
243,Washington Heights North,18,233,22.944706723891272,20.8,20.8,38.55666666666667,0.3218884120171674,2026-02,avg_duration_by_zone_hour,False
142,Lincoln Square East,16,5525,14.340612368024132,11.666666666666666,11.666666666666666,26.04333333333334,0.3216289592760181,2026-02,avg_duration_by_zone_hour,False
143,Lincoln Square West,0,370,13.20472972972973,11.966666666666665,11.966666666666665,24.568333333333342,0.3216216216216216,2026-02,avg_duration_by_zone_hour,False
219,Springfield Gardens South,6,56,54.50833333333333,54.71666666666667,54.71666666666667,92.975,0.32142857142857145,2026-02,avg_duration_by_zone_hour,False
235,University Heights/Morris Heights,6,112,31.675744047619048,26.3,26.3,65.66166666666668,0.32142857142857145,2026-02,avg_duration_by_zone_hour,False
85,Erasmus,18,84,31.343452380952378,28.075000000000003,28.075000000000003,54.473333333333336,0.32142857142857145,2026-02,avg_duration_by_zone_hour,False
82,Elmhurst,12,56,27.93035714285714,23.891666666666666,23.891666666666666,47.29166666666667,0.32142857142857145,2026-02,avg_duration_by_zone_hour,False
83,Elmhurst/Maspeth,17,56,26.43154761904762,25.941666666666666,25.941666666666666,45.50833333333334,0.32142857142857145,2026-02,avg_duration_by_zone_hour,False
236,Upper East Side North,11,8400,14.22653373015873,11.733333333333333,10.133333333333333,27.11833333333334,0.32142857142857145,2026-02,avg_duration_by_zone_hour,False
237,Upper East Side South,22,5284,11.719145849104214,9.441666666666666,8.766666666666667,22.616666666666667,0.3213474640423921,2026-02,avg_duration_by_zone_hour,False
90,Flatiron,21,3523,15.07948244867064,13.366666666666667,12.733333333333333,26.94666666666667,0.3213170593244394,2026-02,avg_duration_by_zone_hour,False
181,Park Slope,18,442,26.731146304675715,24.991666666666667,24.991666666666667,42.87666666666667,0.3212669683257919,2026-02,avg_duration_by_zone_hour,False
177,Ocean Hill,15,109,37.29464831804282,32.71666666666667,32.71666666666667,65.74000000000001,0.3211009174311927,2026-02,avg_duration_by_zone_hour,False
168,Mott Haven/Port Morris,11,109,30.526146788990825,24.233333333333334,24.233333333333334,57.22666666666667,0.3211009174311927,2026-02,avg_duration_by_zone_hour,False
229,Sutton Place/Turtle Bay North,20,3177,12.988810198300282,11.333333333333334,10.825,23.373333333333335,0.3210576015108593,2026-02,avg_duration_by_zone_hour,False
143,Lincoln Square West,18,3249,13.997342772135017,12.15,11.9,25.283333333333335,0.32102185287780854,2026-02,avg_duration_by_zone_hour,False
65,Downtown Brooklyn/MetroTech,10,134,24.627860696517413,21.2,21.2,44.166666666666664,0.3208955223880597,2026-02,avg_duration_by_zone_hour,False
149,Madison,14,53,44.223584905660374,40.483333333333334,40.483333333333334,81.6566666666667,0.32075471698113206,2026-02,avg_duration_by_zone_hour,False
155,Marine Park/Mill Basin,16,53,32.70566037735849,27.183333333333334,27.183333333333334,56.71333333333335,0.32075471698113206,2026-02,avg_duration_by_zone_hour,False
181,Park Slope,2,53,18.077672955974844,17.733333333333334,17.733333333333334,29.273333333333333,0.32075471698113206,2026-02,avg_duration_by_zone_hour,False
125,Hudson Sq,2,318,12.085062893081762,10.633333333333333,10.633333333333333,22.655,0.32075471698113206,2026-02,avg_duration_by_zone_hour,False
243,Washington Heights North,8,290,32.483448275862074,31.758333333333333,31.758333333333333,51.891666666666666,0.32068965517241377,2026-02,avg_duration_by_zone_hour,False
88,Financial District South,19,789,19.483460076045628,18.083333333333332,18.083333333333332,30.086666666666677,0.320659062103929,2026-02,avg_duration_by_zone_hour,False
13,Battery Park City,13,973,19.58619390202124,17.983333333333334,17.983333333333334,34.03666666666667,0.32065775950668035,2026-02,avg_duration_by_zone_hour,False
116,Hamilton Heights,9,496,25.212567204301074,22.441666666666666,22.441666666666666,44.68333333333333,0.32056451612903225,2026-02,avg_duration_by_zone_hour,False
225,Stuyvesant Heights,22,156,27.504380341880342,28.041666666666664,28.041666666666664,42.516666666666666,0.32051282051282054,2026-02,avg_duration_by_zone_hour,False
114,Greenwich Village South,19,2909,14.994219090179902,13.066666666666666,13.066666666666666,26.73666666666667,0.320385012031626,2026-02,avg_duration_by_zone_hour,False
140,Lenox Hill East,19,4264,14.25597248280175,12.35,12.35,24.685000000000013,0.32035647279549717,2026-02,avg_duration_by_zone_hour,False
239,Upper West Side South,7,2841,14.166279479056671,12.416666666666666,12.416666666666666,24.033333333333335,0.32030975008799717,2026-02,avg_duration_by_zone_hour,False
95,Forest Hills,7,203,37.33177339901478,35.416666666666664,35.416666666666664,56.81,0.32019704433497537,2026-02,avg_duration_by_zone_hour,False
166,Morningside Heights,18,2130,17.796205007824724,15.983333333333333,15.983333333333333,32.32000000000001,0.32018779342723,2026-02,avg_duration_by_zone_hour,False
238,Upper West Side North,7,2727,14.65215743796602,12.983333333333333,12.983333333333333,25.040000000000003,0.3201320132013201,2026-02,avg_duration_by_zone_hour,False
146,Long Island City/Queens Plaza,18,353,23.463692162417374,22.183333333333334,22.183333333333334,38.263333333333335,0.32011331444759206,2026-02,avg_duration_by_zone_hour,False
41,Central Harlem,6,728,18.412477106227104,17.0,17.0,31.353333333333335,0.32005494505494503,2026-02,avg_duration_by_zone_hour,False
123,Homecrest,11,75,44.19288888888889,37.93333333333333,37.93333333333333,88.48666666666674,0.32,2026-02,avg_duration_by_zone_hour,False
129,Jackson Heights,11,125,29.90986666666667,27.866666666666667,27.866666666666667,53.28666666666667,0.32,2026-02,avg_duration_by_zone_hour,False
80,East Williamsburg,13,125,28.808133333333334,25.883333333333333,25.883333333333333,48.00333333333335,0.32,2026-02,avg_duration_by_zone_hour,False
195,Red Hook,21,50,24.825333333333333,22.15833333333333,22.15833333333333,38.26166666666667,0.32,2026-02,avg_duration_by_zone_hour,False
146,Long Island City/Queens Plaza,12,150,22.86788888888889,22.0,22.0,39.65833333333333,0.32,2026-02,avg_duration_by_zone_hour,False
244,Washington Heights South,2,50,13.768333333333333,13.2,13.2,22.108333333333334,0.32,2026-02,avg_duration_by_zone_hour,False
48,Clinton East,23,4019,14.446396284316165,12.8,12.766666666666667,25.946666666666687,0.31998009455088333,2026-02,avg_duration_by_zone_hour,False
161,Midtown Center,6,869,11.661814345991562,8.133333333333333,8.133333333333333,24.77666666666669,0.31990794016110474,2026-02,avg_duration_by_zone_hour,False
88,Financial District South,9,272,20.4859681372549,19.058333333333334,19.058333333333334,34.480000000000004,0.31985294117647056,2026-02,avg_duration_by_zone_hour,False
181,Park Slope,20,247,23.820985155195682,23.533333333333335,23.533333333333335,38.10666666666667,0.31983805668016196,2026-02,avg_duration_by_zone_hour,False
145,Long Island City/Hunters Point,12,247,22.97354925775978,22.166666666666668,22.166666666666668,38.53666666666667,0.31983805668016196,2026-02,avg_duration_by_zone_hour,False
148,Lower East Side,10,688,17.755208333333336,15.7,15.7,30.988333333333337,0.31976744186046513,2026-02,avg_duration_by_zone_hour,False
80,East Williamsburg,16,147,28.08571428571429,24.0,24.0,50.60000000000001,0.3197278911564626,2026-02,avg_duration_by_zone_hour,False
87,Financial District North,11,710,20.67406103286385,19.308333333333334,19.308333333333334,33.726666666666674,0.31971830985915495,2026-02,avg_duration_by_zone_hour,False
186,Penn Station/Madison Sq West,20,4917,16.250569452918448,14.383333333333333,12.991666666666667,27.640000000000008,0.31970713849908483,2026-02,avg_duration_by_zone_hour,False
229,Sutton Place/Turtle Bay North,18,4179,14.492442370583074,12.85,12.475,25.553333333333338,0.31969370662838,2026-02,avg_duration_by_zone_hour,False
163,Midtown North,16,5224,16.686083460949465,13.658333333333333,13.216666666666667,29.12833333333333,0.31967840735068914,2026-02,avg_duration_by_zone_hour,False
223,Steinway,16,122,25.291256830601093,23.275,23.275,39.36,0.319672131147541,2026-02,avg_duration_by_zone_hour,False
144,Little Italy/NoLiTa,22,2562,14.865918553213634,12.708333333333332,12.708333333333332,26.983333333333334,0.319672131147541,2026-02,avg_duration_by_zone_hour,False
193,Queensbridge/Ravenswood,8,144,25.543287037037036,24.375,24.375,42.51666666666668,0.3194444444444444,2026-02,avg_duration_by_zone_hour,False
52,Cobble Hill,19,72,21.44560185185185,20.441666666666666,20.441666666666666,32.64,0.3194444444444444,2026-02,avg_duration_by_zone_hour,False
210,Sheepshead Bay,15,47,46.7936170212766,35.483333333333334,35.483333333333334,89.12333333333333,0.3191489361702128,2026-02,avg_duration_by_zone_hour,False
241,Van Cortlandt Village,7,94,39.02056737588653,34.016666666666666,34.016666666666666,75.45166666666668,0.3191489361702128,2026-02,avg_duration_by_zone_hour,False
133,Kensington,15,47,31.346099290780142,25.766666666666666,25.766666666666666,51.94999999999999,0.3191489361702128,2026-02,avg_duration_by_zone_hour,False
168,Mott Haven/Port Morris,1,47,19.6677304964539,16.133333333333333,16.133333333333333,36.66666666666666,0.3191489361702128,2026-02,avg_duration_by_zone_hour,False
87,Financial District North,18,2090,19.930063795853272,17.608333333333334,17.608333333333334,32.0,0.3191387559808612,2026-02,avg_duration_by_zone_hour,False
17,Bedford,6,210,29.6434126984127,25.358333333333334,25.358333333333334,51.26166666666666,0.319047619047619,2026-02,avg_duration_by_zone_hour,False
238,Upper West Side North,11,3941,13.892227015139982,10.983333333333333,9.283333333333333,27.333333333333332,0.3189545800558234,2026-02,avg_duration_by_zone_hour,False
164,Midtown South,20,4659,14.365525506188739,12.966666666666667,12.6,24.00666666666666,0.31895256492809615,2026-02,avg_duration_by_zone_hour,False
232,Two Bridges/Seward Park,21,555,17.22783783783784,16.4,16.4,27.320000000000004,0.31891891891891894,2026-02,avg_duration_by_zone_hour,False
198,Ridgewood,16,69,30.332367149758454,27.25,27.25,45.30333333333334,0.3188405797101449,2026-02,avg_duration_by_zone_hour,False
88,Financial District South,4,69,16.007004830917875,14.95,14.95,25.676666666666673,0.3188405797101449,2026-02,avg_duration_by_zone_hour,False
14,Bay Ridge,10,91,39.98516483516484,35.333333333333336,35.333333333333336,68.26666666666667,0.31868131868131866,2026-02,avg_duration_by_zone_hour,False
234,Union Sq,14,4435,17.008462983840662,14.1,13.866666666666667,31.869999999999997,0.3186020293122886,2026-02,avg_duration_by_zone_hour,False
151,Manhattan Valley,4,135,13.926419753086419,11.633333333333333,11.633333333333333,24.66,0.31851851851851853,2026-02,avg_duration_by_zone_hour,False
209,Seaport,8,157,21.92091295116773,20.35,20.35,33.82333333333334,0.3184713375796178,2026-02,avg_duration_by_zone_hour,False
238,Upper West Side North,15,5112,14.759653755868547,12.35,11.916666666666666,26.745000000000026,0.31846635367762127,2026-02,avg_duration_by_zone_hour,False
87,Financial District North,22,1404,16.931576448243117,15.808333333333334,15.808333333333334,26.195,0.31837606837606836,2026-02,avg_duration_by_zone_hour,False
87,Financial District North,23,1310,16.87641221374046,15.633333333333333,15.633333333333333,27.045000000000016,0.3183206106870229,2026-02,avg_duration_by_zone_hour,False
241,Van Cortlandt Village,6,66,42.92853535353535,37.983333333333334,37.983333333333334,87.29166666666666,0.3181818181818182,2026-02,avg_duration_by_zone_hour,False
85,Erasmus,16,88,42.29128787878788,30.941666666666666,30.941666666666666,95.16499999999999,0.3181818181818182,2026-02,avg_duration_by_zone_hour,False
71,East Flatbush/Farragut,5,110,32.24212121212121,29.225,29.225,61.35333333333337,0.3181818181818182,2026-02,avg_duration_by_zone_hour,False
167,Morrisania/Melrose,21,44,29.03787878787879,23.016666666666666,23.016666666666666,52.755,0.3181818181818182,2026-02,avg_duration_by_zone_hour,False
63,Cypress Hills,17,44,25.56590909090909,25.708333333333332,25.708333333333332,40.948333333333345,0.3181818181818182,2026-02,avg_duration_by_zone_hour,False
196,Rego Park,18,88,25.329545454545453,22.78333333333333,22.78333333333333,43.739999999999995,0.3181818181818182,2026-02,avg_duration_by_zone_hour,False
198,Ridgewood,2,66,19.564141414141414,20.041666666666668,20.041666666666668,29.483333333333334,0.3181818181818182,2026-02,avg_duration_by_zone_hour,False
209,Seaport,4,66,16.108838383838386,14.158333333333333,14.158333333333333,27.883333333333333,0.3181818181818182,2026-02,avg_duration_by_zone_hour,False
261,World Trade Center,4,44,13.889015151515151,12.441666666666666,12.441666666666666,24.481666666666673,0.3181818181818182,2026-02,avg_duration_by_zone_hour,False
260,Woodside,1,66,13.561868686868687,12.95,12.95,26.225,0.3181818181818182,2026-02,avg_duration_by_zone_hour,False
239,Upper West Side South,15,5554,14.056247749369822,11.433333333333334,11.433333333333334,25.966666666666665,0.31814908174288803,2026-02,avg_duration_by_zone_hour,False
236,Upper East Side North,21,4626,12.144030119613777,9.633333333333333,8.383333333333333,23.683333333333334,0.31776913099870296,2026-02,avg_duration_by_zone_hour,False
179,Old Astoria,23,107,19.28473520249221,17.733333333333334,17.733333333333334,30.783333333333342,0.3177570093457944,2026-02,avg_duration_by_zone_hour,False
196,Rego Park,8,85,40.23078431372549,36.31666666666667,36.31666666666667,76.16333333333336,0.3176470588235294,2026-02,avg_duration_by_zone_hour,False
90,Flatiron,7,1083,13.027608494921514,10.3,10.3,24.286666666666672,0.31763619575253926,2026-02,avg_duration_by_zone_hour,False
228,Sunset Park West,11,63,36.82089947089947,35.666666666666664,35.666666666666664,68.54666666666668,0.31746031746031744,2026-02,avg_duration_by_zone_hour,False
25,Boerum Hill,12,189,33.44753086419753,29.966666666666665,29.966666666666665,60.67333333333334,0.31746031746031744,2026-02,avg_duration_by_zone_hour,False
260,Woodside,18,189,21.33042328042328,18.866666666666667,18.866666666666667,37.53000000000001,0.31746031746031744,2026-02,avg_duration_by_zone_hour,False
130,Jamaica,3,63,13.828042328042327,13.233333333333333,13.233333333333333,25.630000000000003,0.31746031746031744,2026-02,avg_duration_by_zone_hour,False
209,Seaport,3,104,14.938942307692308,13.9,13.9,24.53666666666667,0.3173076923076923,2026-02,avg_duration_by_zone_hour,False
262,Yorkville East,1,145,11.291609195402298,11.783333333333333,11.783333333333333,18.043333333333333,0.31724137931034485,2026-02,avg_duration_by_zone_hour,False
256,Williamsburg (South Side),14,164,26.121239837398374,24.025,24.025,40.05500000000001,0.3170731707317073,2026-02,avg_duration_by_zone_hour,False
197,Richmond Hill,20,41,22.23130081300813,19.333333333333332,19.333333333333332,38.31666666666667,0.3170731707317073,2026-02,avg_duration_by_zone_hour,False
51,Co-Op City,21,41,22.14512195121951,19.0,19.0,35.233333333333334,0.3170731707317073,2026-02,avg_duration_by_zone_hour,False
158,Meatpacking/West Village West,22,2347,15.59015054679733,14.383333333333333,14.35,26.48,0.3170004260758415,2026-02,avg_duration_by_zone_hour,False
239,Upper West Side South,8,4127,15.096591551570954,13.35,12.641666666666666,26.94,0.31693724254906713,2026-02,avg_duration_by_zone_hour,False
239,Upper West Side South,10,4727,13.65688244834638,11.533333333333333,11.533333333333333,26.083333333333332,0.3169028982441295,2026-02,avg_duration_by_zone_hour,False
244,Washington Heights South,21,385,18.36125541125541,16.483333333333334,16.483333333333334,30.750000000000007,0.3168831168831169,2026-02,avg_duration_by_zone_hour,False
95,Forest Hills,20,101,22.103795379537953,19.316666666666666,19.316666666666666,36.06666666666667,0.31683168316831684,2026-02,avg_duration_by_zone_hour,False
66,DUMBO/Vinegar Hill,16,221,23.855957767722476,21.933333333333334,21.933333333333334,38.166666666666664,0.3167420814479638,2026-02,avg_duration_by_zone_hour,False
62,Crown Heights South,18,120,26.27888888888889,23.65,23.65,49.448333333333345,0.31666666666666665,2026-02,avg_duration_by_zone_hour,False
179,Old Astoria,17,180,24.831203703703704,24.40833333333333,24.40833333333333,40.538333333333334,0.31666666666666665,2026-02,avg_duration_by_zone_hour,False
177,Ocean Hill,0,60,23.975277777777777,21.508333333333333,21.508333333333333,40.43333333333334,0.31666666666666665,2026-02,avg_duration_by_zone_hour,False
97,Fort Greene,19,360,23.049212962962965,21.941666666666666,21.941666666666666,37.333333333333336,0.31666666666666665,2026-02,avg_duration_by_zone_hour,False
114,Greenwich Village South,6,259,13.605083655083655,11.133333333333333,11.133333333333333,22.896666666666672,0.3166023166023166,2026-02,avg_duration_by_zone_hour,False
239,Upper West Side South,11,4757,13.739857052764346,11.35,11.35,26.5,0.3165860836661762,2026-02,avg_duration_by_zone_hour,False
209,Seaport,0,411,15.637429034874291,14.116666666666667,14.116666666666667,25.516666666666666,0.31630170316301703,2026-02,avg_duration_by_zone_hour,False
37,Bushwick South,8,313,32.823322683706074,29.766666666666666,29.766666666666666,57.06333333333334,0.31629392971246006,2026-02,avg_duration_by_zone_hour,False
37,Bushwick South,19,313,27.268051118210863,26.666666666666668,26.666666666666668,43.233333333333334,0.31629392971246006,2026-02,avg_duration_by_zone_hour,False
238,Upper West Side North,4,155,15.536559139784945,12.433333333333334,12.433333333333334,34.71333333333333,0.3161290322580645,2026-02,avg_duration_by_zone_hour,False
7,Astoria,22,424,19.5999606918239,19.066666666666666,19.066666666666666,31.226666666666663,0.3160377358490566,2026-02,avg_duration_by_zone_hour,False
129,Jackson Heights,18,250,23.459466666666668,22.166666666666664,22.166666666666664,40.08,0.316,2026-02,avg_duration_by_zone_hour,False
158,Meatpacking/West Village West,2,1371,12.772234378798931,11.75,11.75,20.716666666666665,0.31582786287381476,2026-02,avg_duration_by_zone_hour,False
86,Far Rockaway,6,57,74.4640350877193,79.6,79.6,132.64666666666668,0.3157894736842105,2026-02,avg_duration_by_zone_hour,False
139,Laurelton,6,57,56.913742690058484,61.06666666666667,61.06666666666667,98.04666666666665,0.3157894736842105,2026-02,avg_duration_by_zone_hour,False
174,Norwood,12,38,53.15701754385965,49.65833333333333,49.65833333333333,104.56833333333334,0.3157894736842105,2026-02,avg_duration_by_zone_hour,False
92,Flushing,8,57,44.368128654970754,46.233333333333334,46.233333333333334,77.22999999999999,0.3157894736842105,2026-02,avg_duration_by_zone_hour,False
94,Fordham South,6,38,36.0469298245614,34.483333333333334,34.483333333333334,63.656666666666695,0.3157894736842105,2026-02,avg_duration_by_zone_hour,False
49,Clinton Hill,13,171,32.50565302144249,28.35,28.35,58.93333333333333,0.3157894736842105,2026-02,avg_duration_by_zone_hour,False
131,Jamaica Estates,17,38,31.668421052631583,26.308333333333334,26.308333333333334,70.99500000000002,0.3157894736842105,2026-02,avg_duration_by_zone_hour,False
40,Carroll Gardens,14,38,29.921491228070174,27.891666666666666,27.891666666666666,48.57000000000001,0.3157894736842105,2026-02,avg_duration_by_zone_hour,False
217,South Williamsburg,14,38,29.885526315789477,28.96666666666667,28.96666666666667,53.281666666666695,0.3157894736842105,2026-02,avg_duration_by_zone_hour,False
189,Prospect Heights,10,57,29.46140350877193,23.233333333333334,23.233333333333334,55.91666666666666,0.3157894736842105,2026-02,avg_duration_by_zone_hour,False
189,Prospect Heights,17,114,28.007456140350875,26.34166666666667,26.34166666666667,45.39833333333333,0.3157894736842105,2026-02,avg_duration_by_zone_hour,False
39,Canarsie,21,57,26.73391812865497,21.05,21.05,55.946666666666665,0.3157894736842105,2026-02,avg_duration_by_zone_hour,False
256,Williamsburg (South Side),9,209,26.687320574162676,24.533333333333335,24.533333333333335,43.03666666666668,0.3157894736842105,2026-02,avg_duration_by_zone_hour,False
85,Erasmus,4,38,26.529824561403508,25.683333333333334,25.683333333333334,46.003333333333366,0.3157894736842105,2026-02,avg_duration_by_zone_hour,False
227,Sunset Park East,18,38,25.316666666666666,21.108333333333334,21.108333333333334,48.54166666666672,0.3157894736842105,2026-02,avg_duration_by_zone_hour,False
83,Elmhurst/Maspeth,20,38,21.879824561403506,20.708333333333332,20.708333333333332,37.91666666666667,0.3157894736842105,2026-02,avg_duration_by_zone_hour,False
134,Kew Gardens,22,38,14.094298245614036,13.608333333333334,13.608333333333334,22.103333333333342,0.3157894736842105,2026-02,avg_duration_by_zone_hour,False
116,Hamilton Heights,11,339,23.383726647000984,21.25,21.25,40.086666666666666,0.31563421828908556,2026-02,avg_duration_by_zone_hour,False
170,Murray Hill,22,4392,13.552121281117183,12.316666666666666,11.704166666666667,22.648333333333333,0.3155737704918033,2026-02,avg_duration_by_zone_hour,False
140,Lenox Hill East,2,168,10.901388888888889,10.058333333333334,10.058333333333334,19.738333333333347,0.31547619047619047,2026-02,avg_duration_by_zone_hour,False
164,Midtown South,21,4759,14.462866848777756,13.066666666666666,12.325,24.436666666666664,0.31540239546123133,2026-02,avg_duration_by_zone_hour,False
161,Midtown Center,23,4602,13.659343763581052,12.0,11.616666666666667,23.595000000000027,0.31529769665362883,2026-02,avg_duration_by_zone_hour,False
66,DUMBO/Vinegar Hill,23,203,20.410837438423645,18.55,18.55,31.036666666666676,0.31527093596059114,2026-02,avg_duration_by_zone_hour,False
193,Queensbridge/Ravenswood,14,92,33.335507246376814,29.941666666666666,29.941666666666666,62.093333333333334,0.31521739130434784,2026-02,avg_duration_by_zone_hour,False
159,Melrose South,9,73,38.660502283105025,37.1,37.1,68.39999999999999,0.3150684931506849,2026-02,avg_duration_by_zone_hour,False
82,Elmhurst,18,219,23.78630136986301,21.366666666666667,21.366666666666667,37.51000000000003,0.3150684931506849,2026-02,avg_duration_by_zone_hour,False
146,Long Island City/Queens Plaza,13,146,22.821461187214613,21.258333333333333,21.258333333333333,39.875,0.3150684931506849,2026-02,avg_duration_by_zone_hour,False
189,Prospect Heights,19,146,22.50308219178082,21.291666666666664,21.291666666666664,35.80833333333334,0.3150684931506849,2026-02,avg_duration_by_zone_hour,False
88,Financial District South,18,905,21.856427255985267,19.616666666666667,19.616666666666667,35.126666666666665,0.3149171270718232,2026-02,avg_duration_by_zone_hour,False
239,Upper West Side South,12,5266,13.555690593746043,10.908333333333333,10.908333333333333,25.775,0.31484998101025446,2026-02,avg_duration_by_zone_hour,False
217,South Williamsburg,19,54,29.86851851851852,25.866666666666667,25.866666666666667,51.921666666666695,0.3148148148148148,2026-02,avg_duration_by_zone_hour,False
196,Rego Park,6,54,25.45,23.525,23.525,39.06333333333334,0.3148148148148148,2026-02,avg_duration_by_zone_hour,False
40,Carroll Gardens,13,54,24.445987654320987,23.075000000000003,23.075000000000003,35.14666666666667,0.3148148148148148,2026-02,avg_duration_by_zone_hour,False
95,Forest Hills,4,54,23.91759259259259,19.875,19.875,43.78166666666667,0.3148148148148148,2026-02,avg_duration_by_zone_hour,False
10,Baisley Park,23,54,21.796296296296298,20.2,20.2,33.75333333333334,0.3148148148148148,2026-02,avg_duration_by_zone_hour,False
40,Carroll Gardens,0,54,20.91018518518519,21.025,21.025,31.585,0.3148148148148148,2026-02,avg_duration_by_zone_hour,False
248,West Farms/Bronx River,6,89,30.693258426966292,25.666666666666668,25.666666666666668,54.37000000000001,0.3146067415730337,2026-02,avg_duration_by_zone_hour,False
243,Washington Heights North,15,178,25.57537453183521,21.816666666666666,21.816666666666666,41.51666666666667,0.3146067415730337,2026-02,avg_duration_by_zone_hour,False
260,Woodside,6,124,20.594892473118282,19.241666666666667,19.241666666666667,31.408333333333335,0.31451612903225806,2026-02,avg_duration_by_zone_hour,False
152,Manhattanville,20,264,17.601073232323234,16.283333333333335,16.283333333333335,30.313333333333333,0.3143939393939394,2026-02,avg_duration_by_zone_hour,False
117,Hammels/Arverne,16,35,62.77047619047619,61.7,61.7,106.2,0.3142857142857143,2026-02,avg_duration_by_zone_hour,False
81,Eastchester,12,35,45.52904761904762,42.65,42.65,90.7,0.3142857142857143,2026-02,avg_duration_by_zone_hour,False
47,Claremont/Bathgate,12,35,44.72714285714286,36.0,36.0,82.04333333333335,0.3142857142857143,2026-02,avg_duration_by_zone_hour,False
250,Westchester Village/Unionport,14,35,36.62619047619048,32.88333333333333,32.88333333333333,72.80666666666669,0.3142857142857143,2026-02,avg_duration_by_zone_hour,False
131,Jamaica Estates,14,35,36.49333333333333,27.883333333333333,27.883333333333333,84.88666666666671,0.3142857142857143,2026-02,avg_duration_by_zone_hour,False
198,Ridgewood,21,70,21.888571428571428,21.65833333333333,21.65833333333333,33.075,0.3142857142857143,2026-02,avg_duration_by_zone_hour,False
33,Brooklyn Heights,9,226,27.8297197640118,24.891666666666666,24.891666666666666,46.175,0.3141592920353982,2026-02,avg_duration_by_zone_hour,False
234,Union Sq,16,5300,16.652713836477986,13.408333333333333,12.783333333333333,31.07000000000001,0.3141509433962264,2026-02,avg_duration_by_zone_hour,False
256,Williamsburg (South Side),18,430,24.733527131782946,22.583333333333336,22.583333333333336,41.70666666666667,0.313953488372093,2026-02,avg_duration_by_zone_hour,False
80,East Williamsburg,23,360,19.789212962962964,18.866666666666667,18.866666666666667,31.0,0.3138888888888889,2026-02,avg_duration_by_zone_hour,False
205,Saint Albans,6,137,56.17956204379562,54.483333333333334,54.483333333333334,102.90666666666667,0.31386861313868614,2026-02,avg_duration_by_zone_hour,False
82,Elmhurst,7,137,29.890024330900243,28.0,28.0,50.693333333333335,0.31386861313868614,2026-02,avg_duration_by_zone_hour,False
51,Co-Op City,12,51,58.40424836601307,57.083333333333336,57.083333333333336,100.85,0.3137254901960784,2026-02,avg_duration_by_zone_hour,False
77,East New York/Pennsylvania Avenue,18,51,30.259477124183007,28.566666666666666,28.566666666666666,47.31666666666667,0.3137254901960784,2026-02,avg_duration_by_zone_hour,False
56,Corona,23,51,16.927124183006537,15.133333333333333,15.133333333333333,29.583333333333332,0.3137254901960784,2026-02,avg_duration_by_zone_hour,False
143,Lincoln Square West,8,3003,16.28868353868354,14.7,14.7,27.530000000000005,0.31368631368631367,2026-02,avg_duration_by_zone_hour,False
166,Morningside Heights,6,322,16.27142857142857,15.4,15.4,24.996666666666666,0.3136645962732919,2026-02,avg_duration_by_zone_hour,False
70,East Elmhurst,10,220,35.61681818181818,34.225,34.225,55.91833333333333,0.31363636363636366,2026-02,avg_duration_by_zone_hour,False
79,East Village,9,2554,15.084860349778124,13.516666666666667,13.516666666666667,26.29000000000001,0.31362568519968675,2026-02,avg_duration_by_zone_hour,False
129,Jackson Heights,19,236,21.84463276836158,20.65833333333333,20.65833333333333,35.2,0.3135593220338983,2026-02,avg_duration_by_zone_hour,False
113,Greenwich Village North,20,3244,15.382439375256883,13.05,11.916666666666666,28.045000000000005,0.313501849568434,2026-02,avg_duration_by_zone_hour,False
225,Stuyvesant Heights,6,252,34.951917989417986,30.991666666666667,30.991666666666667,56.46666666666667,0.3134920634920635,2026-02,avg_duration_by_zone_hour,False
224,Stuy Town/Peter Cooper Village,22,418,14.590191387559809,13.458333333333332,13.458333333333332,23.108333333333334,0.3133971291866029,2026-02,avg_duration_by_zone_hour,False
66,DUMBO/Vinegar Hill,8,217,25.29032258064516,23.333333333333332,23.333333333333332,39.336666666666666,0.31336405529953915,2026-02,avg_duration_by_zone_hour,False
127,Inwood,17,83,29.103212851405623,23.216666666666665,23.216666666666665,44.10666666666667,0.3132530120481928,2026-02,avg_duration_by_zone_hour,False
146,Long Island City/Queens Plaza,20,166,19.952108433734942,19.191666666666666,19.191666666666666,33.675,0.3132530120481928,2026-02,avg_duration_by_zone_hour,False
70,East Elmhurst,15,514,36.01066796368353,33.53333333333333,33.53333333333333,54.453333333333326,0.3132295719844358,2026-02,avg_duration_by_zone_hour,False
238,Upper West Side North,12,4058,13.88184655823887,11.25,10.2,27.331666666666674,0.31320847708230654,2026-02,avg_duration_by_zone_hour,False
228,Sunset Park West,8,99,35.48686868686868,34.31666666666667,34.31666666666667,63.050000000000004,0.31313131313131315,2026-02,avg_duration_by_zone_hour,False
238,Upper West Side North,19,3491,12.668576339157834,10.2,9.433333333333334,25.233333333333334,0.313090804926955,2026-02,avg_duration_by_zone_hour,False
262,Yorkville East,9,3667,14.385224070539042,13.133333333333333,13.133333333333333,24.95,0.3130624488682847,2026-02,avg_duration_by_zone_hour,False
25,Boerum Hill,21,230,22.511739130434783,21.133333333333333,21.133333333333333,37.035,0.3130434782608696,2026-02,avg_duration_by_zone_hour,False
145,Long Island City/Hunters Point,11,278,22.908153477218224,21.791666666666664,21.791666666666664,38.205000000000005,0.3129496402877698,2026-02,avg_duration_by_zone_hour,False
179,Old Astoria,7,294,26.788662131519274,26.25,26.25,43.053333333333335,0.3129251700680272,2026-02,avg_duration_by_zone_hour,False
61,Crown Heights North,0,179,24.055772811918064,23.716666666666665,23.716666666666665,39.803333333333335,0.3128491620111732,2026-02,avg_duration_by_zone_hour,False
232,Two Bridges/Seward Park,11,422,22.478712480252764,19.858333333333334,19.858333333333334,38.01833333333336,0.3127962085308057,2026-02,avg_duration_by_zone_hour,False
188,Prospect-Lefferts Gardens,16,227,38.528928046989726,34.766666666666666,34.766666666666666,68.99333333333335,0.31277533039647576,2026-02,avg_duration_by_zone_hour,False
116,Hamilton Heights,14,323,23.667698658410735,20.75,20.75,43.36333333333334,0.3126934984520124,2026-02,avg_duration_by_zone_hour,False
79,East Village,8,2307,15.623399797717093,14.183333333333334,14.183333333333334,26.10666666666667,0.31252709146077157,2026-02,avg_duration_by_zone_hour,False
51,Co-Op City,5,80,57.446458333333325,52.78333333333333,52.78333333333333,94.64166666666668,0.3125,2026-02,avg_duration_by_zone_hour,False
189,Prospect Heights,9,80,34.259791666666665,31.40833333333333,31.40833333333333,53.373333333333335,0.3125,2026-02,avg_duration_by_zone_hour,False
52,Cobble Hill,15,64,31.433854166666666,27.558333333333334,27.558333333333334,51.71333333333334,0.3125,2026-02,avg_duration_by_zone_hour,False
250,Westchester Village/Unionport,13,32,28.1890625,25.458333333333336,25.458333333333336,47.76166666666667,0.3125,2026-02,avg_duration_by_zone_hour,False
127,Inwood,12,64,26.35,23.808333333333334,23.808333333333334,48.293333333333344,0.3125,2026-02,avg_duration_by_zone_hour,False
248,West Farms/Bronx River,4,32,25.415104166666666,20.6,20.6,46.99833333333334,0.3125,2026-02,avg_duration_by_zone_hour,False
62,Crown Heights South,4,32,21.264583333333334,20.75,20.75,34.14333333333334,0.3125,2026-02,avg_duration_by_zone_hour,False
83,Elmhurst/Maspeth,0,32,15.976041666666667,15.641666666666666,15.641666666666666,24.71166666666667,0.3125,2026-02,avg_duration_by_zone_hour,False
116,Hamilton Heights,1,112,14.721428571428572,13.658333333333333,13.658333333333333,23.72666666666667,0.3125,2026-02,avg_duration_by_zone_hour,False
162,Midtown East,16,6135,17.889141537625644,15.15,14.475,31.376666666666672,0.3124694376528117,2026-02,avg_duration_by_zone_hour,False
37,Bushwick South,13,269,33.52627013630732,31.866666666666667,31.866666666666667,53.42333333333333,0.31226765799256506,2026-02,avg_duration_by_zone_hour,False
224,Stuy Town/Peter Cooper Village,12,394,17.7665820642978,15.733333333333334,15.733333333333334,32.12333333333333,0.31218274111675126,2026-02,avg_duration_by_zone_hour,False
226,Sunnyside,15,282,29.105555555555554,23.508333333333333,23.508333333333333,54.65833333333333,0.3120567375886525,2026-02,avg_duration_by_zone_hour,False
61,Crown Heights North,4,141,24.977068557919623,23.416666666666668,23.416666666666668,44.916666666666664,0.3120567375886525,2026-02,avg_duration_by_zone_hour,False
239,Upper West Side South,19,4948,12.440959310158988,10.141666666666666,10.141666666666666,24.633333333333333,0.3120452708164915,2026-02,avg_duration_by_zone_hour,False
181,Park Slope,12,170,34.78607843137255,33.5,33.5,56.61833333333333,0.31176470588235294,2026-02,avg_duration_by_zone_hour,False
80,East Williamsburg,18,337,23.423046488625122,21.55,21.55,37.56333333333334,0.3115727002967359,2026-02,avg_duration_by_zone_hour,False
127,Inwood,18,122,23.070081967213117,20.858333333333334,20.858333333333334,39.51166666666666,0.3114754098360656,2026-02,avg_duration_by_zone_hour,False
61,Crown Heights North,2,61,22.82595628415301,23.5,23.5,33.56666666666667,0.3114754098360656,2026-02,avg_duration_by_zone_hour,False
113,Greenwich Village North,7,915,14.578287795992713,12.516666666666667,12.516666666666667,26.183333333333334,0.3114754098360656,2026-02,avg_duration_by_zone_hour,False
233,UN/Turtle Bay South,19,2659,14.32542309138774,12.933333333333334,12.933333333333334,24.0,0.3113952613764573,2026-02,avg_duration_by_zone_hour,False
249,West Village,8,1757,14.710709542781256,12.416666666666666,11.191666666666666,26.846666666666668,0.31132612407512805,2026-02,avg_duration_by_zone_hour,False
159,Melrose South,8,106,39.17720125786163,33.675,33.675,72.31666666666666,0.3113207547169811,2026-02,avg_duration_by_zone_hour,False
239,Upper West Side South,13,5326,13.783539867317561,11.416666666666666,11.416666666666666,25.833333333333332,0.31130304168231315,2026-02,avg_duration_by_zone_hour,False
236,Upper East Side North,10,7785,12.92931920359666,10.566666666666666,9.383333333333333,24.660000000000007,0.31123956326268465,2026-02,avg_duration_by_zone_hour,False
181,Park Slope,8,180,34.746944444444445,32.016666666666666,32.016666666666666,56.92666666666666,0.3111111111111111,2026-02,avg_duration_by_zone_hour,False
10,Baisley Park,21,45,24.96074074074074,23.416666666666668,23.416666666666668,38.10666666666667,0.3111111111111111,2026-02,avg_duration_by_zone_hour,False
260,Woodside,17,135,23.36641975308642,21.816666666666666,21.816666666666666,39.85000000000001,0.3111111111111111,2026-02,avg_duration_by_zone_hour,False
26,Borough Park,19,90,22.32,20.566666666666666,20.566666666666666,39.04333333333333,0.3111111111111111,2026-02,avg_duration_by_zone_hour,False
249,West Village,19,4364,15.330679040635502,13.425,13.233333333333333,27.7,0.3109532538955087,2026-02,avg_duration_by_zone_hour,False
127,Inwood,9,119,30.932212885154062,28.633333333333333,28.633333333333333,51.480000000000004,0.31092436974789917,2026-02,avg_duration_by_zone_hour,False
209,Seaport,19,489,17.1912406271302,15.983333333333333,15.983333333333333,27.60333333333333,0.310838445807771,2026-02,avg_duration_by_zone_hour,False
236,Upper East Side North,9,7907,13.65479111335947,11.316666666666666,11.316666666666666,26.683333333333334,0.31073732136081955,2026-02,avg_duration_by_zone_hour,False
113,Greenwich Village North,6,470,12.524929078014184,10.241666666666667,10.241666666666667,21.073333333333334,0.31063829787234043,2026-02,avg_duration_by_zone_hour,False
112,Greenpoint,11,132,26.07790404040404,22.90833333333333,22.90833333333333,45.17,0.3106060606060606,2026-02,avg_duration_by_zone_hour,False
146,Long Island City/Queens Plaza,21,132,19.830176767676768,19.483333333333334,19.483333333333334,32.70666666666667,0.3106060606060606,2026-02,avg_duration_by_zone_hour,False
220,Spuyten Duyvil/Kingsbridge,7,58,44.07672413793103,38.025,38.025,75.96000000000001,0.3103448275862069,2026-02,avg_duration_by_zone_hour,False
157,Maspeth,7,116,26.917672413793102,23.975,23.975,44.68333333333334,0.3103448275862069,2026-02,avg_duration_by_zone_hour,False
107,Gramercy,19,4534,14.16244302308484,12.733333333333333,12.733333333333333,23.583333333333332,0.31032201146890165,2026-02,avg_duration_by_zone_hour,False
97,Fort Greene,23,303,21.96853685368537,20.75,20.75,34.040000000000006,0.3102310231023102,2026-02,avg_duration_by_zone_hour,False
162,Midtown East,4,216,14.77199074074074,12.233333333333334,12.233333333333334,27.59166666666667,0.3101851851851852,2026-02,avg_duration_by_zone_hour,False
234,Union Sq,15,4782,17.3870765370138,14.366666666666667,14.15,31.828333333333358,0.31012128816394813,2026-02,avg_duration_by_zone_hour,False
37,Bushwick South,18,329,28.724366767983792,27.166666666666668,27.166666666666668,45.306666666666665,0.3100303951367781,2026-02,avg_duration_by_zone_hour,False
189,Prospect Heights,16,100,30.566999999999997,30.4,30.4,51.256666666666675,0.31,2026-02,avg_duration_by_zone_hour,False
80,East Williamsburg,19,300,23.298055555555557,22.516666666666666,22.516666666666666,36.22833333333334,0.31,2026-02,avg_duration_by_zone_hour,False
50,Clinton West,3,200,15.404666666666667,14.183333333333334,14.183333333333334,27.626666666666665,0.31,2026-02,avg_duration_by_zone_hour,False
186,Penn Station/Madison Sq West,19,5926,16.50718303521206,14.466666666666667,13.833333333333334,28.25,0.3099898751265609,2026-02,avg_duration_by_zone_hour,False
249,West Village,18,4178,15.518776926759214,13.266666666666667,13.25,28.233333333333334,0.3099569171852561,2026-02,avg_duration_by_zone_hour,False
236,Upper East Side North,12,9221,13.670247261685285,11.133333333333333,9.266666666666666,26.033333333333335,0.3099446914651339,2026-02,avg_duration_by_zone_hour,False
146,Long Island City/Queens Plaza,22,171,19.698440545808968,19.583333333333332,19.583333333333332,31.933333333333334,0.30994152046783624,2026-02,avg_duration_by_zone_hour,False
246,West Chelsea/Hudson Yards,22,2778,15.299658027357811,14.416666666666666,14.108333333333334,25.176666666666673,0.3099352051835853,2026-02,avg_duration_by_zone_hour,False
80,East Williamsburg,10,142,31.54683098591549,28.25,28.25,55.15500000000003,0.30985915492957744,2026-02,avg_duration_by_zone_hour,False
224,Stuy Town/Peter Cooper Village,0,213,13.376838810641628,12.016666666666667,12.016666666666667,21.576666666666668,0.30985915492957744,2026-02,avg_duration_by_zone_hour,False
7,Astoria,4,255,15.527581699346404,15.016666666666667,15.016666666666667,25.823333333333334,0.30980392156862746,2026-02,avg_duration_by_zone_hour,False
33,Brooklyn Heights,17,368,28.156702898550723,23.85,23.85,53.79833333333334,0.30978260869565216,2026-02,avg_duration_by_zone_hour,False
234,Union Sq,17,6428,16.22753318813524,13.433333333333334,12.399999999999999,29.388333333333335,0.309738643434972,2026-02,avg_duration_by_zone_hour,False
193,Queensbridge/Ravenswood,19,113,21.064454277286135,21.433333333333334,21.433333333333334,36.10666666666666,0.30973451327433627,2026-02,avg_duration_by_zone_hour,False
236,Upper East Side North,6,1809,10.858724894048278,8.566666666666666,8.508333333333333,19.186666666666667,0.3095632946379215,2026-02,avg_duration_by_zone_hour,False
117,Hammels/Arverne,17,42,62.68769841269841,63.15833333333333,63.15833333333333,95.06333333333332,0.30952380952380953,2026-02,avg_duration_by_zone_hour,False
169,Mount Hope,10,42,40.58730158730159,36.400000000000006,36.400000000000006,73.36166666666666,0.30952380952380953,2026-02,avg_duration_by_zone_hour,False
167,Morrisania/Melrose,16,42,38.03174603174603,34.90833333333333,34.90833333333333,74.835,0.30952380952380953,2026-02,avg_duration_by_zone_hour,False
171,Murray Hill-Queens,8,42,36.1936507936508,35.50833333333333,35.50833333333333,65.095,0.30952380952380953,2026-02,avg_duration_by_zone_hour,False
63,Cypress Hills,15,42,32.0563492063492,29.816666666666666,29.816666666666666,57.74833333333333,0.30952380952380953,2026-02,avg_duration_by_zone_hour,False
40,Carroll Gardens,17,84,27.345238095238095,25.458333333333336,25.458333333333336,44.83666666666667,0.30952380952380953,2026-02,avg_duration_by_zone_hour,False
40,Carroll Gardens,12,42,27.197619047619046,25.09166666666667,25.09166666666667,47.39166666666666,0.30952380952380953,2026-02,avg_duration_by_zone_hour,False
227,Sunset Park East,19,42,23.88452380952381,22.69166666666667,22.69166666666667,38.63833333333333,0.30952380952380953,2026-02,avg_duration_by_zone_hour,False
65,Downtown Brooklyn/MetroTech,20,210,22.345714285714287,20.375,20.375,36.978333333333325,0.30952380952380953,2026-02,avg_duration_by_zone_hour,False
157,Maspeth,21,42,20.2218253968254,18.641666666666666,18.641666666666666,33.891666666666666,0.30952380952380953,2026-02,avg_duration_by_zone_hour,False
186,Penn Station/Madison Sq West,18,6430,17.167786417833074,14.966666666666667,13.45,29.11833333333334,0.3094867807153966,2026-02,avg_duration_by_zone_hour,False
231,TriBeCa/Civic Center,22,2728,15.761815738025414,14.566666666666666,14.566666666666666,26.616666666666667,0.3093841642228739,2026-02,avg_duration_by_zone_hour,False
203,Rosedale,6,55,63.73909090909091,66.1,66.1,130.14666666666668,0.3090909090909091,2026-02,avg_duration_by_zone_hour,False
133,Kensington,7,110,32.38136363636364,30.083333333333336,30.083333333333336,49.52833333333335,0.3090909090909091,2026-02,avg_duration_by_zone_hour,False
230,Times Sq/Theatre District,16,5349,18.64337259300804,14.4,13.483333333333333,34.13666666666666,0.30902972518227706,2026-02,avg_duration_by_zone_hour,False
247,West Concourse,13,68,27.33700980392157,22.933333333333334,22.933333333333334,50.943333333333335,0.3088235294117647,2026-02,avg_duration_by_zone_hour,False
52,Cobble Hill,9,81,28.168724279835388,27.366666666666667,27.366666666666667,44.483333333333334,0.30864197530864196,2026-02,avg_duration_by_zone_hour,False
243,Washington Heights North,5,81,27.088888888888885,20.0,20.0,57.766666666666666,0.30864197530864196,2026-02,avg_duration_by_zone_hour,False
66,DUMBO/Vinegar Hill,11,107,21.605295950155764,18.45,18.45,34.080000000000005,0.308411214953271,2026-02,avg_duration_by_zone_hour,False
37,Bushwick South,12,227,32.36696035242291,31.05,31.05,56.02,0.30837004405286345,2026-02,avg_duration_by_zone_hour,False
193,Queensbridge/Ravenswood,12,120,26.535833333333336,24.008333333333333,24.008333333333333,48.796666666666674,0.30833333333333335,2026-02,avg_duration_by_zone_hour,False
244,Washington Heights South,12,399,26.517042606516288,22.916666666666668,22.916666666666668,44.91,0.3082706766917293,2026-02,avg_duration_by_zone_hour,False
4,Alphabet City,11,438,17.999885844748857,15.325,15.325,30.28,0.3082191780821918,2026-02,avg_duration_by_zone_hour,False
13,Battery Park City,0,146,16.382762557077626,15.25,15.25,26.208333333333332,0.3082191780821918,2026-02,avg_duration_by_zone_hour,False
237,Upper East Side South,16,10291,14.206424707673373,11.15,9.741666666666667,27.05,0.30813332037702845,2026-02,avg_duration_by_zone_hour,False
74,East Harlem North,6,565,19.592625368731564,16.466666666666665,16.466666666666665,32.3166666666667,0.30796460176991153,2026-02,avg_duration_by_zone_hour,False
144,Little Italy/NoLiTa,20,2278,16.101463271875915,14.0,14.0,28.316666666666666,0.3077260755048288,2026-02,avg_duration_by_zone_hour,False
14,Bay Ridge,12,117,41.494017094017096,38.2,38.2,74.76000000000002,0.3076923076923077,2026-02,avg_duration_by_zone_hour,False
69,East Concourse/Concourse Village,12,78,39.86559829059829,35.325,35.325,73.34333333333333,0.3076923076923077,2026-02,avg_duration_by_zone_hour,False
63,Cypress Hills,19,39,26.650854700854705,23.05,23.05,41.303333333333356,0.3076923076923077,2026-02,avg_duration_by_zone_hour,False
188,Prospect-Lefferts Gardens,0,91,25.68058608058608,24.566666666666666,24.566666666666666,43.583333333333336,0.3076923076923077,2026-02,avg_duration_by_zone_hour,False
25,Boerum Hill,18,325,23.983538461538462,21.966666666666665,21.966666666666665,40.6,0.3076923076923077,2026-02,avg_duration_by_zone_hour,False
247,West Concourse,5,39,23.73247863247863,21.316666666666666,21.316666666666666,38.75,0.3076923076923077,2026-02,avg_duration_by_zone_hour,False
215,South Jamaica,23,52,23.25801282051282,21.09166666666667,21.09166666666667,39.82333333333333,0.3076923076923077,2026-02,avg_duration_by_zone_hour,False
97,Fort Greene,21,312,22.138247863247862,20.78333333333333,20.78333333333333,35.42166666666668,0.3076923076923077,2026-02,avg_duration_by_zone_hour,False
66,DUMBO/Vinegar Hill,10,78,22.09145299145299,19.116666666666667,19.116666666666667,39.283333333333324,0.3076923076923077,2026-02,avg_duration_by_zone_hour,False
130,Jamaica,20,143,21.956177156177155,20.016666666666666,20.016666666666666,36.64,0.3076923076923077,2026-02,avg_duration_by_zone_hour,False
106,Gowanus,0,52,20.524679487179487,20.875,20.875,29.436666666666664,0.3076923076923077,2026-02,avg_duration_by_zone_hour,False
217,South Williamsburg,23,39,19.83119658119658,20.55,20.55,31.623333333333335,0.3076923076923077,2026-02,avg_duration_by_zone_hour,False
193,Queensbridge/Ravenswood,23,52,19.81025641025641,19.316666666666666,19.316666666666666,31.6,0.3076923076923077,2026-02,avg_duration_by_zone_hour,False
262,Yorkville East,7,3091,12.719400409791868,11.666666666666666,10.9,20.966666666666665,0.3076674215464251,2026-02,avg_duration_by_zone_hour,False
239,Upper West Side South,16,5592,13.657015975202672,10.95,10.95,26.316666666666666,0.30758226037195996,2026-02,avg_duration_by_zone_hour,False
37,Bushwick South,17,270,33.63938271604938,30.84166666666667,30.84166666666667,57.563333333333325,0.3074074074074074,2026-02,avg_duration_by_zone_hour,False
114,Greenwich Village South,1,4031,13.189402960390307,11.416666666666666,11.141666666666666,23.366666666666667,0.3073678987844207,2026-02,avg_duration_by_zone_hour,False
232,Two Bridges/Seward Park,5,205,16.176829268292682,14.183333333333334,14.183333333333334,25.316666666666663,0.3073170731707317,2026-02,avg_duration_by_zone_hour,False
41,Central Harlem,4,166,15.75813253012048,13.208333333333332,13.208333333333332,22.691666666666666,0.3072289156626506,2026-02,avg_duration_by_zone_hour,False
239,Upper West Side South,9,4326,14.665888426568038,12.65,12.65,27.666666666666664,0.30721220527045767,2026-02,avg_duration_by_zone_hour,False
89,Flatbush/Ditmas Park,7,319,42.00041797283176,37.36666666666667,37.36666666666667,78.84333333333333,0.3072100313479624,2026-02,avg_duration_by_zone_hour,False
66,DUMBO/Vinegar Hill,18,394,22.7837986463621,20.833333333333336,20.833333333333336,37.84833333333333,0.30710659898477155,2026-02,avg_duration_by_zone_hour,False
13,Battery Park City,17,1993,19.663555778558287,17.3,17.3,32.56333333333333,0.3070747616658304,2026-02,avg_duration_by_zone_hour,False
223,Steinway,20,114,20.007456140350875,18.85,18.85,32.093333333333334,0.30701754385964913,2026-02,avg_duration_by_zone_hour,False
100,Garment District,6,1541,9.741477395630543,8.216666666666667,8.216666666666667,16.633333333333333,0.30694354315379624,2026-02,avg_duration_by_zone_hour,False
49,Clinton Hill,14,163,35.19775051124744,29.783333333333335,29.783333333333335,69.43666666666667,0.3067484662576687,2026-02,avg_duration_by_zone_hour,False
196,Rego Park,17,75,23.156444444444446,21.05,21.05,39.21000000000002,0.30666666666666664,2026-02,avg_duration_by_zone_hour,False
144,Little Italy/NoLiTa,8,450,16.81662962962963,15.108333333333334,15.108333333333334,28.335000000000015,0.30666666666666664,2026-02,avg_duration_by_zone_hour,False
140,Lenox Hill East,3,150,10.599,9.583333333333334,9.583333333333334,18.05333333333333,0.30666666666666664,2026-02,avg_duration_by_zone_hour,False
36,Bushwick North,18,212,26.642610062893084,25.066666666666666,25.066666666666666,43.28833333333334,0.30660377358490565,2026-02,avg_duration_by_zone_hour,False
249,West Village,7,1191,14.134382871536523,12.3,12.3,25.183333333333334,0.3064651553316541,2026-02,avg_duration_by_zone_hour,False
116,Hamilton Heights,3,62,14.521236559139785,13.866666666666667,13.866666666666667,21.354999999999997,0.3064516129032258,2026-02,avg_duration_by_zone_hour,False
113,Greenwich Village North,21,3529,15.375068480211581,13.416666666666666,12.8,27.58666666666667,0.3063190705582318,2026-02,avg_duration_by_zone_hour,False
226,Sunnyside,4,160,15.003020833333332,14.866666666666667,14.866666666666667,23.333333333333332,0.30625,2026-02,avg_duration_by_zone_hour,False
236,Upper East Side North,13,8768,13.81809420620438,11.283333333333333,9.966666666666667,26.583333333333332,0.3062271897810219,2026-02,avg_duration_by_zone_hour,False
28,Briarwood/Jamaica Hills,6,98,38.309183673469384,35.525,35.525,68.86333333333333,0.30612244897959184,2026-02,avg_duration_by_zone_hour,False
92,Flushing,16,49,35.31224489795918,28.933333333333334,28.933333333333334,69.66333333333338,0.30612244897959184,2026-02,avg_duration_by_zone_hour,False
174,Norwood,17,49,34.96530612244898,28.65,28.65,68.33333333333334,0.30612244897959184,2026-02,avg_duration_by_zone_hour,False
77,East New York/Pennsylvania Avenue,4,49,29.394897959183673,26.666666666666668,26.666666666666668,55.373333333333335,0.30612244897959184,2026-02,avg_duration_by_zone_hour,False
165,Midwood,19,49,21.899319727891154,18.166666666666668,18.166666666666668,38.46333333333334,0.30612244897959184,2026-02,avg_duration_by_zone_hour,False
82,Elmhurst,4,147,16.398072562358276,16.233333333333334,16.233333333333334,26.130000000000003,0.30612244897959184,2026-02,avg_duration_by_zone_hour,False
226,Sunnyside,7,477,22.416457023060797,21.183333333333334,21.183333333333334,35.18666666666667,0.3060796645702306,2026-02,avg_duration_by_zone_hour,False
74,East Harlem North,0,317,14.478654048370137,13.366666666666667,13.366666666666667,25.550000000000004,0.305993690851735,2026-02,avg_duration_by_zone_hour,False
189,Prospect Heights,7,85,30.70137254901961,30.483333333333334,30.483333333333334,48.353333333333346,0.3058823529411765,2026-02,avg_duration_by_zone_hour,False
80,East Williamsburg,8,170,27.822745098039217,25.583333333333336,25.583333333333336,47.574999999999996,0.3058823529411765,2026-02,avg_duration_by_zone_hour,False
107,Gramercy,18,5025,15.44334991708126,13.45,13.2,26.760000000000005,0.30587064676616915,2026-02,avg_duration_by_zone_hour,False
134,Kew Gardens,12,36,33.98796296296296,31.766666666666666,31.766666666666666,63.724999999999994,0.3055555555555556,2026-02,avg_duration_by_zone_hour,False
248,West Farms/Bronx River,15,36,29.495370370370367,27.516666666666666,27.516666666666666,54.766666666666666,0.3055555555555556,2026-02,avg_duration_by_zone_hour,False
89,Flatbush/Ditmas Park,4,72,29.43402777777778,26.84166666666667,26.84166666666667,48.248333333333335,0.3055555555555556,2026-02,avg_duration_by_zone_hour,False
106,Gowanus,12,36,29.28009259259259,26.950000000000003,26.950000000000003,45.108333333333334,0.3055555555555556,2026-02,avg_duration_by_zone_hour,False
52,Cobble Hill,22,72,22.8150462962963,21.46666666666667,21.46666666666667,34.09166666666667,0.3055555555555556,2026-02,avg_duration_by_zone_hour,False
102,Glendale,17,36,22.51388888888889,22.666666666666668,22.666666666666668,37.858333333333334,0.3055555555555556,2026-02,avg_duration_by_zone_hour,False
212,Soundview/Bruckner,5,36,21.877314814814817,18.133333333333333,18.133333333333333,34.31666666666666,0.3055555555555556,2026-02,avg_duration_by_zone_hour,False
144,Little Italy/NoLiTa,6,144,15.75127314814815,15.191666666666666,15.191666666666666,25.823333333333338,0.3055555555555556,2026-02,avg_duration_by_zone_hour,False
134,Kew Gardens,23,36,15.231481481481483,12.95,12.95,24.125,0.3055555555555556,2026-02,avg_duration_by_zone_hour,False
209,Seaport,23,455,15.961062271062271,15.033333333333333,15.033333333333333,25.313333333333336,0.3054945054945055,2026-02,avg_duration_by_zone_hour,False
7,Astoria,18,609,23.631499726327313,23.183333333333334,23.183333333333334,38.426666666666684,0.3054187192118227,2026-02,avg_duration_by_zone_hour,False
162,Midtown East,17,8387,17.060714995429436,14.866666666666667,14.45,29.383333333333333,0.30523429116489803,2026-02,avg_duration_by_zone_hour,False
78,East Tremont,13,59,39.36129943502825,36.233333333333334,36.233333333333334,72.07000000000001,0.3050847457627119,2026-02,avg_duration_by_zone_hour,False
215,South Jamaica,14,59,38.40988700564972,37.733333333333334,37.733333333333334,66.77666666666667,0.3050847457627119,2026-02,avg_duration_by_zone_hour,False
177,Ocean Hill,6,177,36.40075329566855,34.05,34.05,65.42,0.3050847457627119,2026-02,avg_duration_by_zone_hour,False
248,West Farms/Bronx River,9,59,33.42033898305085,29.3,29.3,64.67333333333333,0.3050847457627119,2026-02,avg_duration_by_zone_hour,False
82,Elmhurst,13,59,28.19689265536723,26.433333333333334,26.433333333333334,46.64333333333334,0.3050847457627119,2026-02,avg_duration_by_zone_hour,False
188,Prospect-Lefferts Gardens,18,282,29.141843971631207,25.741666666666667,25.741666666666667,53.15333333333333,0.3049645390070922,2026-02,avg_duration_by_zone_hour,False
112,Greenpoint,10,141,24.55673758865248,22.716666666666665,22.716666666666665,41.78333333333333,0.3049645390070922,2026-02,avg_duration_by_zone_hour,False
157,Maspeth,6,141,20.086406619385343,18.516666666666666,18.516666666666666,28.716666666666665,0.3049645390070922,2026-02,avg_duration_by_zone_hour,False
193,Queensbridge/Ravenswood,16,105,26.425555555555555,24.983333333333334,24.983333333333334,48.84666666666668,0.3047619047619048,2026-02,avg_duration_by_zone_hour,False
162,Midtown East,6,1408,9.848259943181818,8.008333333333333,8.008333333333333,17.766666666666666,0.3046875,2026-02,avg_duration_by_zone_hour,False
107,Gramercy,21,4211,14.214663975302777,12.9,12.9,24.15,0.3046782236998338,2026-02,avg_duration_by_zone_hour,False
261,World Trade Center,16,1113,26.82646001796945,22.716666666666665,22.716666666666665,45.67,0.3045822102425876,2026-02,avg_duration_by_zone_hour,False
146,Long Island City/Queens Plaza,7,197,21.436717428087988,19.783333333333335,19.783333333333335,33.64333333333334,0.30456852791878175,2026-02,avg_duration_by_zone_hour,False
141,Lenox Hill West,6,1297,11.383474685170908,9.833333333333334,9.833333333333334,19.05666666666667,0.3045489591364688,2026-02,avg_duration_by_zone_hour,False
239,Upper West Side South,21,4266,12.561294733552117,10.475,10.383333333333333,24.275,0.30450070323488043,2026-02,avg_duration_by_zone_hour,False
236,Upper East Side North,16,9899,14.223369363908812,11.3,10.133333333333333,27.333333333333332,0.30447519951510255,2026-02,avg_duration_by_zone_hour,False
87,Financial District North,21,1478,16.8776950834461,16.016666666666666,16.016666666666666,26.134999999999994,0.3044654939106901,2026-02,avg_duration_by_zone_hour,False
163,Midtown North,17,6386,15.99125169641925,13.283333333333333,12.116666666666667,27.90833333333333,0.3044159098026934,2026-02,avg_duration_by_zone_hour,False
261,World Trade Center,19,1002,17.959031936127744,17.291666666666668,17.291666666666668,28.64833333333333,0.30439121756487025,2026-02,avg_duration_by_zone_hour,False
210,Sheepshead Bay,6,46,53.80615942028986,55.275,55.275,95.31666666666666,0.30434782608695654,2026-02,avg_duration_by_zone_hour,False
188,Prospect-Lefferts Gardens,20,161,30.008799171842654,28.2,28.2,51.96666666666667,0.30434782608695654,2026-02,avg_duration_by_zone_hour,False
198,Ridgewood,6,115,28.08231884057971,24.783333333333335,24.783333333333335,44.400000000000034,0.30434782608695654,2026-02,avg_duration_by_zone_hour,False
126,Hunts Point,18,46,23.89021739130435,20.90833333333333,20.90833333333333,42.00833333333333,0.30434782608695654,2026-02,avg_duration_by_zone_hour,False
225,Stuyvesant Heights,1,69,23.715458937198065,24.166666666666668,24.166666666666668,37.73666666666667,0.30434782608695654,2026-02,avg_duration_by_zone_hour,False
92,Flushing,19,92,21.87644927536232,20.1,20.1,39.67833333333335,0.30434782608695654,2026-02,avg_duration_by_zone_hour,False
163,Midtown North,6,424,13.397248427672956,9.141666666666666,9.141666666666666,30.201666666666664,0.30424528301886794,2026-02,avg_duration_by_zone_hour,False
246,West Chelsea/Hudson Yards,6,309,15.314401294498381,13.266666666666667,13.266666666666667,24.993333333333332,0.3042071197411003,2026-02,avg_duration_by_zone_hour,False
151,Manhattan Valley,5,240,16.305208333333333,14.166666666666668,14.166666666666668,27.988333333333323,0.30416666666666664,2026-02,avg_duration_by_zone_hour,False
236,Upper East Side North,15,11040,14.603414855072465,12.133333333333333,11.333333333333332,27.116666666666667,0.3040760869565217,2026-02,avg_duration_by_zone_hour,False
63,Cypress Hills,9,125,34.66706666666666,30.9,30.9,67.64666666666669,0.304,2026-02,avg_duration_by_zone_hour,False
163,Midtown North,4,250,16.7194,14.05,14.05,32.44,0.304,2026-02,avg_duration_by_zone_hour,False
75,East Harlem South,2,125,13.118799999999998,12.7,12.7,22.680000000000003,0.304,2026-02,avg_duration_by_zone_hour,False
39,Canarsie,19,102,30.563235294117646,27.125,27.125,51.836666666666666,0.30392156862745096,2026-02,avg_duration_by_zone_hour,False
223,Steinway,13,102,22.886601307189544,22.21666666666667,22.21666666666667,39.976666666666674,0.30392156862745096,2026-02,avg_duration_by_zone_hour,False
236,Upper East Side North,20,5671,11.914912126021276,9.333333333333334,8.0,23.683333333333334,0.3038264856286369,2026-02,avg_duration_by_zone_hour,False
92,Flushing,20,79,20.54915611814346,19.716666666666665,19.716666666666665,34.64666666666667,0.3037974683544304,2026-02,avg_duration_by_zone_hour,False
146,Long Island City/Queens Plaza,5,79,15.78776371308017,14.95,14.95,23.143333333333334,0.3037974683544304,2026-02,avg_duration_by_zone_hour,False
129,Jackson Heights,4,293,16.210921501706487,15.983333333333333,15.983333333333333,25.773333333333337,0.3037542662116041,2026-02,avg_duration_by_zone_hour,False
49,Clinton Hill,12,214,31.344003115264798,26.9,26.9,57.70000000000005,0.3037383177570093,2026-02,avg_duration_by_zone_hour,False
224,Stuy Town/Peter Cooper Village,19,642,15.52061266874351,14.641666666666666,14.641666666666666,24.058333333333326,0.3037383177570093,2026-02,avg_duration_by_zone_hour,False
140,Lenox Hill East,18,5074,15.281487320982787,12.983333333333333,12.7,26.994999999999997,0.3037051635790303,2026-02,avg_duration_by_zone_hour,False
239,Upper West Side South,14,5578,14.02654475917294,11.283333333333333,11.283333333333333,26.1,0.3036930799569738,2026-02,avg_duration_by_zone_hour,False
32,Bronxdale,8,56,44.070238095238096,38.18333333333334,38.18333333333334,83.50833333333333,0.30357142857142855,2026-02,avg_duration_by_zone_hour,False
155,Marine Park/Mill Basin,17,56,26.935416666666665,21.799999999999997,21.799999999999997,46.041666666666664,0.30357142857142855,2026-02,avg_duration_by_zone_hour,False
246,West Chelsea/Hudson Yards,16,4816,17.19736987818383,14.966666666666667,14.691666666666666,29.191666666666666,0.30357142857142855,2026-02,avg_duration_by_zone_hour,False
68,East Chelsea,18,7096,16.778826099210825,14.883333333333333,14.524999999999999,28.833333333333332,0.3035512965050733,2026-02,avg_duration_by_zone_hour,False
231,TriBeCa/Civic Center,20,2860,16.069032634032634,14.916666666666666,14.916666666666666,27.25,0.3034965034965035,2026-02,avg_duration_by_zone_hour,False
36,Bushwick North,12,89,28.182397003745315,26.583333333333332,26.583333333333332,50.193333333333335,0.30337078651685395,2026-02,avg_duration_by_zone_hour,False
243,Washington Heights North,16,178,27.357677902621724,23.183333333333334,23.183333333333334,48.11333333333335,0.30337078651685395,2026-02,avg_duration_by_zone_hour,False
188,Prospect-Lefferts Gardens,4,89,26.1187265917603,24.55,24.55,44.086666666666666,0.30337078651685395,2026-02,avg_duration_by_zone_hour,False
88,Financial District South,23,630,17.521243386243388,16.2,16.2,26.790000000000003,0.30317460317460315,2026-02,avg_duration_by_zone_hour,False
238,Upper West Side North,17,4797,13.07255576401918,10.416666666666666,10.166666666666668,24.86333333333335,0.30310610798415677,2026-02,avg_duration_by_zone_hour,False
148,Lower East Side,2,3738,14.697360442304262,12.983333333333333,12.866666666666667,25.505000000000003,0.3031032637774211,2026-02,avg_duration_by_zone_hour,False
94,Fordham South,8,33,50.96060606060606,54.25,54.25,88.74,0.30303030303030304,2026-02,avg_duration_by_zone_hour,False
22,Bensonhurst West,12,66,38.737878787878785,35.641666666666666,35.641666666666666,65.225,0.30303030303030304,2026-02,avg_duration_by_zone_hour,False
168,Mott Haven/Port Morris,10,99,30.411952861952862,28.233333333333334,28.233333333333334,53.07666666666667,0.30303030303030304,2026-02,avg_duration_by_zone_hour,False
66,DUMBO/Vinegar Hill,14,165,24.33878787878788,22.183333333333334,22.183333333333334,38.95,0.30303030303030304,2026-02,avg_duration_by_zone_hour,False
69,East Concourse/Concourse Village,20,33,23.05050505050505,20.316666666666666,20.316666666666666,37.583333333333336,0.30303030303030304,2026-02,avg_duration_by_zone_hour,False
244,Washington Heights South,20,429,18.774747474747475,17.416666666666668,17.416666666666668,30.66333333333333,0.30303030303030304,2026-02,avg_duration_by_zone_hour,False
234,Union Sq,20,6751,14.350145657433465,12.85,11.7,24.9,0.30291808620945043,2026-02,avg_duration_by_zone_hour,False
261,World Trade Center,22,532,18.13762531328321,17.133333333333333,17.133333333333333,28.78000000000001,0.3026315789473684,2026-02,avg_duration_by_zone_hour,False
148,Lower East Side,6,314,14.975212314225052,13.525,13.525,26.42833333333333,0.30254777070063693,2026-02,avg_duration_by_zone_hour,False
61,Crown Heights North,22,238,25.43816526610644,24.15,24.15,43.20166666666667,0.3025210084033613,2026-02,avg_duration_by_zone_hour,False
261,World Trade Center,21,734,17.856721162579476,17.083333333333336,17.083333333333336,28.775000000000002,0.3024523160762943,2026-02,avg_duration_by_zone_hour,False
220,Spuyten Duyvil/Kingsbridge,14,43,32.68798449612403,28.316666666666666,28.316666666666666,44.260000000000005,0.3023255813953488,2026-02,avg_duration_by_zone_hour,False
28,Briarwood/Jamaica Hills,12,43,29.05658914728682,23.216666666666665,23.216666666666665,48.420000000000016,0.3023255813953488,2026-02,avg_duration_by_zone_hour,False
159,Melrose South,18,86,28.90232558139535,24.833333333333332,24.833333333333332,53.041666666666664,0.3023255813953488,2026-02,avg_duration_by_zone_hour,False
36,Bushwick North,10,86,28.82151162790698,27.541666666666664,27.541666666666664,42.35,0.3023255813953488,2026-02,avg_duration_by_zone_hour,False
173,North Corona,7,43,26.864728682170544,24.416666666666668,24.416666666666668,44.196666666666665,0.3023255813953488,2026-02,avg_duration_by_zone_hour,False
242,Van Nest/Morris Park,18,43,26.404263565891476,22.533333333333335,22.533333333333335,50.35,0.3023255813953488,2026-02,avg_duration_by_zone_hour,False
256,Williamsburg (South Side),15,149,28.194519015659957,25.0,25.0,44.18333333333334,0.30201342281879195,2026-02,avg_duration_by_zone_hour,False
158,Meatpacking/West Village West,21,2404,15.702197726012203,14.433333333333334,14.433333333333334,26.65,0.3019966722129784,2026-02,avg_duration_by_zone_hour,False
132,JFK Airport,10,3083,41.66498540382744,40.55,40.55,70.55333333333334,0.30197859228024654,2026-02,avg_duration_by_zone_hour,False
242,Van Nest/Morris Park,12,53,36.74937106918239,34.71666666666667,34.71666666666667,71.69666666666667,0.3018867924528302,2026-02,avg_duration_by_zone_hour,False
213,Soundview/Castle Hill,19,53,23.288364779874215,20.65,20.65,44.38333333333334,0.3018867924528302,2026-02,avg_duration_by_zone_hour,False
168,Mott Haven/Port Morris,5,106,19.15204402515723,17.508333333333333,17.508333333333333,26.358333333333334,0.3018867924528302,2026-02,avg_duration_by_zone_hour,False
25,Boerum Hill,22,275,21.840242424242422,21.0,21.0,33.00666666666667,0.3018181818181818,2026-02,avg_duration_by_zone_hour,False
68,East Chelsea,22,5190,16.04723827874117,14.65,13.733333333333334,27.116666666666667,0.3017341040462428,2026-02,avg_duration_by_zone_hour,False
246,West Chelsea/Hudson Yards,15,4438,17.513774973711882,15.458333333333332,15.333333333333332,29.955000000000002,0.3017124831004957,2026-02,avg_duration_by_zone_hour,False
163,Midtown North,18,6964,14.331514455293894,12.433333333333334,11.633333333333333,24.916666666666668,0.30169442848937394,2026-02,avg_duration_by_zone_hour,False
174,Norwood,6,63,44.04973544973545,45.43333333333333,45.43333333333333,78.55000000000001,0.30158730158730157,2026-02,avg_duration_by_zone_hour,False
261,World Trade Center,13,756,22.727777777777778,20.174999999999997,20.174999999999997,39.3,0.30158730158730157,2026-02,avg_duration_by_zone_hour,False
256,Williamsburg (South Side),0,461,19.398951554591466,19.0,19.0,30.95,0.30151843817787416,2026-02,avg_duration_by_zone_hour,False
198,Ridgewood,17,73,30.413242009132418,26.466666666666665,26.466666666666665,58.56666666666666,0.3013698630136986,2026-02,avg_duration_by_zone_hour,False
10,Baisley Park,20,73,29.083561643835615,29.483333333333334,29.483333333333334,45.18666666666667,0.3013698630136986,2026-02,avg_duration_by_zone_hour,False
197,Richmond Hill,19,73,21.310502283105023,20.533333333333335,20.533333333333335,39.233333333333334,0.3013698630136986,2026-02,avg_duration_by_zone_hour,False
256,Williamsburg (South Side),3,239,16.802092050209204,16.683333333333334,16.683333333333334,25.4,0.301255230125523,2026-02,avg_duration_by_zone_hour,False
225,Stuyvesant Heights,7,332,35.72324297188755,33.125,33.125,63.098333333333336,0.30120481927710846,2026-02,avg_duration_by_zone_hour,False
226,Sunnyside,1,166,18.471586345381525,18.141666666666666,18.141666666666666,29.291666666666664,0.30120481927710846,2026-02,avg_duration_by_zone_hour,False
114,Greenwich Village South,21,4340,15.613471582181258,13.433333333333334,12.708333333333334,27.81833333333333,0.3011520737327189,2026-02,avg_duration_by_zone_hour,False
97,Fort Greene,1,93,18.669534050179212,18.183333333333334,18.183333333333334,28.13333333333333,0.3010752688172043,2026-02,avg_duration_by_zone_hour,False
148,Lower East Side,22,3489,16.044119614025032,14.616666666666667,14.616666666666667,27.433333333333334,0.3009458297506449,2026-02,avg_duration_by_zone_hour,False
36,Bushwick North,15,113,32.26843657817109,31.45,31.45,50.92,0.3008849557522124,2026-02,avg_duration_by_zone_hour,False
107,Gramercy,20,4173,14.137151529674895,12.85,12.85,24.280000000000005,0.3007428708363288,2026-02,avg_duration_by_zone_hour,False
226,Sunnyside,14,296,27.158614864864866,23.683333333333334,23.683333333333334,49.65833333333333,0.30067567567567566,2026-02,avg_duration_by_zone_hour,False
228,Sunset Park West,18,173,27.25655105973025,27.516666666666666,27.516666666666666,46.88000000000001,0.30057803468208094,2026-02,avg_duration_by_zone_hour,False
236,Upper East Side North,8,7583,14.121754802408896,12.266666666666667,12.566666666666666,26.5,0.30054068310694976,2026-02,avg_duration_by_zone_hour,False
114,Greenwich Village South,22,4577,15.188740805476659,13.233333333333333,12.683333333333334,27.416666666666668,0.300415119073629,2026-02,avg_duration_by_zone_hour,False
179,Old Astoria,18,263,25.068504435994928,25.25,25.25,38.35333333333333,0.30038022813688214,2026-02,avg_duration_by_zone_hour,False
97,Fort Greene,22,393,23.22230703986429,22.133333333333333,22.133333333333333,35.620000000000005,0.30025445292620867,2026-02,avg_duration_by_zone_hour,False
238,Upper West Side North,18,4987,13.432855424102666,11.116666666666667,9.741666666666667,25.74000000000001,0.30018046921997193,2026-02,avg_duration_by_zone_hour,False
161,Midtown Center,14,7633,18.897908205598497,15.766666666666667,14.983333333333334,33.61666666666667,0.30001310100877765,2026-02,avg_duration_by_zone_hour,False
250,Westchester Village/Unionport,7,90,38.48574074074074,37.641666666666666,37.641666666666666,61.80166666666667,0.3,2026-02,avg_duration_by_zone_hour,False
77,East New York/Pennsylvania Avenue,16,50,38.28733333333333,33.275000000000006,33.275000000000006,70.515,0.3,2026-02,avg_duration_by_zone_hour,False
257,Windsor Terrace,6,30,35.19722222222222,26.225,26.225,69.86500000000002,0.3,2026-02,avg_duration_by_zone_hour,False
51,Co-Op City,20,50,29.726666666666667,23.15,23.15,53.355000000000004,0.3,2026-02,avg_duration_by_zone_hour,False
247,West Concourse,10,60,29.39888888888889,27.34166666666667,27.34166666666667,54.55166666666667,0.3,2026-02,avg_duration_by_zone_hour,False
255,Williamsburg (North Side),14,140,25.669285714285714,24.4,24.4,41.85,0.3,2026-02,avg_duration_by_zone_hour,False
219,Springfield Gardens South,23,40,25.292916666666667,27.058333333333334,27.058333333333334,39.25,0.3,2026-02,avg_duration_by_zone_hour,False
14,Bay Ridge,4,40,24.945,26.225,26.225,44.846666666666664,0.3,2026-02,avg_duration_by_zone_hour,False
179,Old Astoria,20,110,24.90439393939394,23.433333333333334,23.433333333333334,38.80500000000001,0.3,2026-02,avg_duration_by_zone_hour,False
85,Erasmus,23,30,24.85666666666667,25.0,25.0,38.290000000000006,0.3,2026-02,avg_duration_by_zone_hour,False
152,Manhattanville,7,300,21.366611111111112,19.858333333333334,19.858333333333334,34.98333333333334,0.3,2026-02,avg_duration_by_zone_hour,False
173,North Corona,4,50,17.187666666666665,16.35,16.35,26.863333333333337,0.3,2026-02,avg_duration_by_zone_hour,False
249,West Village,1,4579,13.489652034650943,12.1,12.1,23.383333333333333,0.2998471281939288,2026-02,avg_duration_by_zone_hour,False
79,East Village,7,1641,14.175726183221611,12.483333333333333,12.483333333333333,24.116666666666667,0.29981718464351004,2026-02,avg_duration_by_zone_hour,False
231,TriBeCa/Civic Center,8,1578,17.405724545838613,15.1,15.1,31.459999999999997,0.2997465145754119,2026-02,avg_duration_by_zone_hour,False
132,JFK Airport,1,1965,25.413799830364717,26.183333333333334,26.183333333333334,38.7,0.29974554707379136,2026-02,avg_duration_by_zone_hour,False
48,Clinton East,22,5606,14.663550957307647,13.116666666666667,12.333333333333334,25.575,0.29967891544773456,2026-02,avg_duration_by_zone_hour,False
256,Williamsburg (South Side),17,277,25.49777376654633,24.05,24.05,40.870000000000005,0.2996389891696751,2026-02,avg_duration_by_zone_hour,False
49,Clinton Hill,7,187,30.82923351158645,27.1,27.1,53.436666666666675,0.2994652406417112,2026-02,avg_duration_by_zone_hour,False
234,Union Sq,18,7514,15.379143376807736,13.133333333333333,12.291666666666668,27.461666666666662,0.29944104338568006,2026-02,avg_duration_by_zone_hour,False
243,Washington Heights North,11,157,28.642462845010616,25.8,25.8,45.019999999999996,0.29936305732484075,2026-02,avg_duration_by_zone_hour,False
146,Long Island City/Queens Plaza,10,147,20.52199546485261,19.0,19.0,38.220000000000006,0.29931972789115646,2026-02,avg_duration_by_zone_hour,False
112,Greenpoint,4,147,16.444217687074833,15.616666666666667,15.616666666666667,23.710000000000008,0.29931972789115646,2026-02,avg_duration_by_zone_hour,False
256,Williamsburg (South Side),19,431,23.883410672853827,22.7,22.7,37.43333333333333,0.29930394431554525,2026-02,avg_duration_by_zone_hour,False
177,Ocean Hill,14,127,36.04015748031496,33.15,33.15,62.78333333333336,0.2992125984251969,2026-02,avg_duration_by_zone_hour,False
258,Woodhaven,6,127,34.33149606299213,31.816666666666666,31.816666666666666,59.96,0.2992125984251969,2026-02,avg_duration_by_zone_hour,False
36,Bushwick North,13,107,31.41619937694704,29.533333333333335,29.533333333333335,48.56000000000002,0.29906542056074764,2026-02,avg_duration_by_zone_hour,False
114,Greenwich Village South,20,3130,15.363088391906283,13.158333333333333,13.158333333333333,27.751666666666665,0.2990415335463259,2026-02,avg_duration_by_zone_hour,False
236,Upper East Side North,14,9444,13.937690597204574,11.433333333333334,9.95,26.345000000000013,0.29891994917407877,2026-02,avg_duration_by_zone_hour,False
79,East Village,21,6604,15.444283767413689,13.983333333333333,13.491666666666667,26.566666666666666,0.2989097516656572,2026-02,avg_duration_by_zone_hour,False
179,Old Astoria,8,288,30.151504629629628,29.3,29.3,46.12166666666667,0.2986111111111111,2026-02,avg_duration_by_zone_hour,False
160,Middle Village,8,67,30.143034825870647,30.033333333333335,30.033333333333335,50.91,0.29850746268656714,2026-02,avg_duration_by_zone_hour,False
95,Forest Hills,23,134,16.52636815920398,15.266666666666666,15.266666666666666,26.406666666666666,0.29850746268656714,2026-02,avg_duration_by_zone_hour,False
231,TriBeCa/Civic Center,19,3770,16.223788682581787,14.675,14.15,27.70333333333333,0.2984084880636605,2026-02,avg_duration_by_zone_hour,False
193,Queensbridge/Ravenswood,6,124,22.2247311827957,20.375,20.375,35.325,0.29838709677419356,2026-02,avg_duration_by_zone_hour,False
143,Lincoln Square West,6,915,12.732331511839709,11.033333333333333,11.033333333333333,19.71666666666667,0.2983606557377049,2026-02,avg_duration_by_zone_hour,False
62,Crown Heights South,5,57,30.0640350877193,27.15,27.15,50.97,0.2982456140350877,2026-02,avg_duration_by_zone_hour,False
246,West Chelsea/Hudson Yards,17,5930,17.270890949971893,15.041666666666668,14.066666666666666,29.3,0.2981450252951096,2026-02,avg_duration_by_zone_hour,False
168,Mott Haven/Port Morris,22,94,17.015602836879435,16.325,16.325,26.09,0.2978723404255319,2026-02,avg_duration_by_zone_hour,False
50,Clinton West,0,507,14.749769888231427,14.183333333333334,14.183333333333334,25.46333333333334,0.2978303747534517,2026-02,avg_duration_by_zone_hour,False
142,Lincoln Square East,17,6604,13.46358520088835,11.1,11.1,24.683333333333334,0.2976983646274985,2026-02,avg_duration_by_zone_hour,False
68,East Chelsea,19,6205,16.14071179156594,14.783333333333333,14.283333333333333,27.466666666666665,0.2975020145044319,2026-02,avg_duration_by_zone_hour,False
243,Washington Heights North,13,158,25.735126582278482,23.733333333333334,23.733333333333334,40.12500000000001,0.2974683544303797,2026-02,avg_duration_by_zone_hour,False
87,Financial District North,20,1617,17.550401978973408,16.433333333333334,16.433333333333334,26.346666666666668,0.2974644403215832,2026-02,avg_duration_by_zone_hour,False
79,East Village,20,5391,14.876194892722438,13.35,12.508333333333333,25.783333333333335,0.29734743090335747,2026-02,avg_duration_by_zone_hour,False
254,Williamsbridge/Olinville,10,74,49.97882882882883,47.3,47.3,90.435,0.2972972972972973,2026-02,avg_duration_by_zone_hour,False
222,Starrett City,17,37,43.594144144144146,41.35,41.35,71.25333333333333,0.2972972972972973,2026-02,avg_duration_by_zone_hour,False
189,Prospect Heights,8,111,37.282582582582585,34.416666666666664,34.416666666666664,57.68333333333333,0.2972972972972973,2026-02,avg_duration_by_zone_hour,False
121,Hillcrest/Pomonok,11,37,36.57297297297298,37.2,37.2,65.77333333333331,0.2972972972972973,2026-02,avg_duration_by_zone_hour,False
102,Glendale,5,37,25.33783783783784,23.383333333333333,23.383333333333333,39.026666666666664,0.2972972972972973,2026-02,avg_duration_by_zone_hour,False
97,Fort Greene,20,259,22.42947232947233,21.833333333333332,21.833333333333332,35.62000000000001,0.2972972972972973,2026-02,avg_duration_by_zone_hour,False
87,Financial District North,2,444,15.820232732732732,14.608333333333334,14.608333333333334,24.636666666666667,0.2972972972972973,2026-02,avg_duration_by_zone_hour,False
75,East Harlem South,5,434,14.652073732718893,12.55,12.55,24.461666666666666,0.29723502304147464,2026-02,avg_duration_by_zone_hour,False
170,Murray Hill,21,4933,13.645293600918981,12.6,12.066666666666666,22.2,0.2971822420433813,2026-02,avg_duration_by_zone_hour,False
261,World Trade Center,15,939,25.409850905218317,22.45,22.45,42.78666666666668,0.2971246006389776,2026-02,avg_duration_by_zone_hour,False
230,Times Sq/Theatre District,19,5853,14.804248533515576,13.033333333333333,11.433333333333334,25.033333333333335,0.2971125918332479,2026-02,avg_duration_by_zone_hour,False
193,Queensbridge/Ravenswood,5,64,22.595052083333332,18.308333333333334,18.308333333333334,36.94000000000001,0.296875,2026-02,avg_duration_by_zone_hour,False
224,Stuy Town/Peter Cooper Village,8,512,16.488639322916665,15.266666666666667,15.266666666666667,27.546666666666674,0.296875,2026-02,avg_duration_by_zone_hour,False
88,Financial District South,8,246,20.24932249322493,18.666666666666664,18.666666666666664,33.30833333333334,0.2967479674796748,2026-02,avg_duration_by_zone_hour,False
168,Mott Haven/Port Morris,4,91,16.595238095238095,14.916666666666666,14.916666666666666,27.85,0.2967032967032967,2026-02,avg_duration_by_zone_hour,False
231,TriBeCa/Civic Center,18,4065,17.432312423124234,15.6,14.983333333333333,30.376666666666665,0.2966789667896679,2026-02,avg_duration_by_zone_hour,False
145,Long Island City/Hunters Point,3,145,17.19896551724138,16.433333333333334,16.433333333333334,26.136666666666663,0.296551724137931,2026-02,avg_duration_by_zone_hour,False
61,Crown Heights North,5,199,27.514405360134003,25.883333333333333,25.883333333333333,49.00333333333334,0.2964824120603015,2026-02,avg_duration_by_zone_hour,False
51,Co-Op City,4,54,41.18425925925926,40.141666666666666,40.141666666666666,70.73166666666667,0.2962962962962963,2026-02,avg_duration_by_zone_hour,False
259,Woodlawn/Wakefield,9,54,40.11604938271606,41.21666666666667,41.21666666666667,67.555,0.2962962962962963,2026-02,avg_duration_by_zone_hour,False
126,Hunts Point,17,54,35.24135802469136,28.108333333333334,28.108333333333334,80.95,0.2962962962962963,2026-02,avg_duration_by_zone_hour,False
112,Greenpoint,12,135,26.5179012345679,24.016666666666666,24.016666666666666,41.839999999999996,0.2962962962962963,2026-02,avg_duration_by_zone_hour,False
228,Sunset Park West,21,54,25.64783950617284,24.041666666666668,24.041666666666668,38.595000000000006,0.2962962962962963,2026-02,avg_duration_by_zone_hour,False
42,Central Harlem North,6,638,23.18126959247649,20.15833333333333,20.15833333333333,40.653333333333336,0.2962382445141066,2026-02,avg_duration_by_zone_hour,False
237,Upper East Side South,20,7930,11.710231189575453,9.233333333333333,8.183333333333334,23.018333333333338,0.2960907944514502,2026-02,avg_duration_by_zone_hour,False
68,East Chelsea,21,5963,16.02825199843479,14.933333333333334,13.933333333333334,26.763333333333335,0.29599195036055675,2026-02,avg_duration_by_zone_hour,False
37,Bushwick South,20,223,26.010612855007473,26.083333333333332,26.083333333333332,40.56,0.29596412556053814,2026-02,avg_duration_by_zone_hour,False
218,Springfield Gardens North,6,98,58.276530612244905,55.45,55.45,99.32,0.29591836734693877,2026-02,avg_duration_by_zone_hour,False
89,Flatbush/Ditmas Park,21,98,27.09251700680272,26.525,26.525,40.394999999999996,0.29591836734693877,2026-02,avg_duration_by_zone_hour,False
256,Williamsburg (South Side),7,186,26.482885304659497,24.31666666666667,24.31666666666667,41.4,0.2956989247311828,2026-02,avg_duration_by_zone_hour,False
220,Spuyten Duyvil/Kingsbridge,9,44,52.974242424242426,51.50833333333333,51.50833333333333,93.63333333333337,0.29545454545454547,2026-02,avg_duration_by_zone_hour,False
81,Eastchester,8,88,38.025378787878786,37.35,37.35,68.44666666666666,0.29545454545454547,2026-02,avg_duration_by_zone_hour,False
195,Red Hook,17,88,31.780871212121212,28.791666666666664,28.791666666666664,50.151666666666664,0.29545454545454547,2026-02,avg_duration_by_zone_hour,False
217,South Williamsburg,9,44,30.40340909090909,30.25,30.25,46.32166666666667,0.29545454545454547,2026-02,avg_duration_by_zone_hour,False
121,Hillcrest/Pomonok,18,44,27.007196969696967,21.875,21.875,52.08333333333338,0.29545454545454547,2026-02,avg_duration_by_zone_hour,False
49,Clinton Hill,4,44,20.00530303030303,18.85,18.85,31.636666666666667,0.29545454545454547,2026-02,avg_duration_by_zone_hour,False
246,West Chelsea/Hudson Yards,14,3666,17.40121385706492,15.383333333333333,14.925,30.0,0.29541734860883795,2026-02,avg_duration_by_zone_hour,False
140,Lenox Hill East,8,3840,15.758971354166667,14.216666666666667,14.216666666666667,26.99166666666666,0.2953125,2026-02,avg_duration_by_zone_hour,False
79,East Village,19,5504,14.654357437015504,12.933333333333334,12.533333333333333,25.639999999999993,0.29523982558139533,2026-02,avg_duration_by_zone_hour,False
41,Central Harlem,5,315,18.873862433862435,16.433333333333334,16.433333333333334,31.816666666666677,0.29523809523809524,2026-02,avg_duration_by_zone_hour,False
236,Upper East Side North,7,5599,11.67963326784545,9.666666666666666,9.3,21.283333333333335,0.2952312913020182,2026-02,avg_duration_by_zone_hour,False
230,Times Sq/Theatre District,20,6576,14.750534772911598,12.9,11.483333333333333,25.05,0.29501216545012166,2026-02,avg_duration_by_zone_hour,False
179,Old Astoria,14,139,29.00275779376499,27.216666666666665,27.216666666666665,46.45,0.2949640287769784,2026-02,avg_duration_by_zone_hour,False
125,Hudson Sq,7,356,16.44812734082397,14.525,14.525,30.266666666666666,0.2949438202247191,2026-02,avg_duration_by_zone_hour,False
196,Rego Park,7,78,32.57692307692308,30.858333333333334,30.858333333333334,53.963333333333324,0.2948717948717949,2026-02,avg_duration_by_zone_hour,False
170,Murray Hill,20,5827,14.07401178422287,12.983333333333333,12.491666666666667,23.0,0.2948343916251931,2026-02,avg_duration_by_zone_hour,False
80,East Williamsburg,22,346,20.91685934489403,19.825,19.825,31.791666666666668,0.2947976878612717,2026-02,avg_duration_by_zone_hour,False
209,Seaport,22,458,16.76713973799127,15.899999999999999,15.899999999999999,26.330000000000005,0.29475982532751094,2026-02,avg_duration_by_zone_hour,False
168,Mott Haven/Port Morris,6,190,23.22614035087719,20.525,20.525,39.86166666666666,0.29473684210526313,2026-02,avg_duration_by_zone_hour,False
170,Murray Hill,19,6600,14.29550505050505,13.3,12.966666666666667,23.45,0.2943939393939394,2026-02,avg_duration_by_zone_hour,False
170,Murray Hill,18,7045,15.620345398627867,14.2,13.458333333333334,25.816666666666666,0.2942512420156139,2026-02,avg_duration_by_zone_hour,False
210,Sheepshead Bay,17,34,36.46911764705882,31.275,31.275,73.08166666666666,0.29411764705882354,2026-02,avg_duration_by_zone_hour,False
126,Hunts Point,16,51,32.023529411764706,26.533333333333335,26.533333333333335,58.016666666666666,0.29411764705882354,2026-02,avg_duration_by_zone_hour,False
133,Kensington,17,51,30.59313725490196,28.2,28.2,48.0,0.29411764705882354,2026-02,avg_duration_by_zone_hour,False
33,Brooklyn Heights,20,238,21.919537815126052,21.333333333333336,21.333333333333336,34.34000000000001,0.29411764705882354,2026-02,avg_duration_by_zone_hour,False
112,Greenpoint,5,85,18.27823529411765,16.983333333333334,16.983333333333334,28.050000000000004,0.29411764705882354,2026-02,avg_duration_by_zone_hour,False
151,Manhattan Valley,6,619,14.975175013462573,13.533333333333333,13.533333333333333,23.826666666666668,0.2940226171243942,2026-02,avg_duration_by_zone_hour,False
145,Long Island City/Hunters Point,15,330,30.00030303030303,25.15,25.15,54.010000000000005,0.29393939393939394,2026-02,avg_duration_by_zone_hour,False
79,East Village,18,5114,15.019329292139227,13.0,12.433333333333334,26.944999999999997,0.2938991005084083,2026-02,avg_duration_by_zone_hour,False
13,Battery Park City,22,718,16.467130919220054,15.308333333333334,15.308333333333334,25.74000000000001,0.2938718662952646,2026-02,avg_duration_by_zone_hour,False
209,Seaport,2,211,15.343759873617694,14.316666666666666,14.316666666666666,24.166666666666668,0.2938388625592417,2026-02,avg_duration_by_zone_hour,False
87,Financial District North,0,1052,15.805893536121673,15.066666666666666,15.066666666666666,24.566666666666666,0.29372623574144485,2026-02,avg_duration_by_zone_hour,False
260,Woodside,21,109,16.43868501529052,15.4,15.4,27.140000000000004,0.29357798165137616,2026-02,avg_duration_by_zone_hour,False
114,Greenwich Village South,23,4760,14.409383753501402,12.125,11.55,26.016666666666666,0.2934873949579832,2026-02,avg_duration_by_zone_hour,False
198,Ridgewood,4,92,19.019746376811593,19.308333333333334,19.308333333333334,30.06666666666667,0.29347826086956524,2026-02,avg_duration_by_zone_hour,False
163,Midtown North,22,5592,13.865596685741536,12.066666666666666,11.641666666666666,23.466666666666665,0.2934549356223176,2026-02,avg_duration_by_zone_hour,False
102,Glendale,6,75,31.05511111111111,31.416666666666668,31.416666666666668,54.88666666666671,0.29333333333333333,2026-02,avg_duration_by_zone_hour,False
106,Gowanus,19,75,24.605777777777778,23.566666666666666,23.566666666666666,41.7566666666667,0.29333333333333333,2026-02,avg_duration_by_zone_hour,False
211,SoHo,8,433,16.46847575057737,14.633333333333333,14.633333333333333,28.773333333333337,0.29330254041570436,2026-02,avg_duration_by_zone_hour,False
200,Riverdale/North Riverdale/Fieldston,7,58,42.19942528735632,38.666666666666664,38.666666666666664,70.625,0.29310344827586204,2026-02,avg_duration_by_zone_hour,False
127,Inwood,11,58,27.598563218390805,24.09166666666667,24.09166666666667,51.88500000000001,0.29310344827586204,2026-02,avg_duration_by_zone_hour,False
40,Carroll Gardens,6,58,24.675862068965518,23.441666666666666,23.441666666666666,35.545,0.29310344827586204,2026-02,avg_duration_by_zone_hour,False
197,Richmond Hill,15,157,60.219002123142246,61.3,61.3,103.44000000000001,0.2929936305732484,2026-02,avg_duration_by_zone_hour,False
50,Clinton West,4,256,13.350260416666666,12.625,12.625,22.833333333333336,0.29296875,2026-02,avg_duration_by_zone_hour,False
21,Bensonhurst East,13,41,36.858536585365854,30.15,30.15,75.66666666666667,0.2926829268292683,2026-02,avg_duration_by_zone_hour,False
174,Norwood,23,41,19.548780487804876,18.816666666666666,18.816666666666666,34.71666666666667,0.2926829268292683,2026-02,avg_duration_by_zone_hour,False
224,Stuy Town/Peter Cooper Village,23,335,14.22502487562189,13.65,13.65,22.420000000000005,0.29253731343283584,2026-02,avg_duration_by_zone_hour,False
112,Greenpoint,20,294,21.4374716553288,21.041666666666668,21.041666666666668,33.639999999999986,0.2925170068027211,2026-02,avg_duration_by_zone_hour,False
142,Lincoln Square East,6,951,11.65893796004206,9.283333333333333,9.283333333333333,19.616666666666667,0.29232386961093587,2026-02,avg_duration_by_zone_hour,False
133,Kensington,9,89,29.958426966292137,28.683333333333334,28.683333333333334,48.62333333333334,0.29213483146067415,2026-02,avg_duration_by_zone_hour,False
189,Prospect Heights,21,113,27.37330383480826,24.683333333333334,24.683333333333334,46.19333333333333,0.2920353982300885,2026-02,avg_duration_by_zone_hour,False
49,Clinton Hill,6,137,27.29111922141119,25.266666666666666,25.266666666666666,44.29666666666667,0.291970802919708,2026-02,avg_duration_by_zone_hour,False
249,West Village,20,5016,15.228671584263688,13.45,13.383333333333333,27.116666666666667,0.291866028708134,2026-02,avg_duration_by_zone_hour,False
94,Fordham South,7,48,53.58923611111111,55.4,55.4,92.57166666666667,0.2916666666666667,2026-02,avg_duration_by_zone_hour,False
258,Woodhaven,13,48,37.03819444444444,33.983333333333334,33.983333333333334,63.11333333333334,0.2916666666666667,2026-02,avg_duration_by_zone_hour,False
88,Financial District South,3,96,14.518229166666666,13.708333333333332,13.708333333333332,22.875,0.2916666666666667,2026-02,avg_duration_by_zone_hour,False
168,Mott Haven/Port Morris,19,175,22.24142857142857,19.55,19.55,39.459999999999994,0.2914285714285714,2026-02,avg_duration_by_zone_hour,False
36,Bushwick North,20,127,26.514566929133856,26.3,26.3,39.78333333333334,0.29133858267716534,2026-02,avg_duration_by_zone_hour,False
145,Long Island City/Hunters Point,5,206,17.938106796116504,16.558333333333334,16.558333333333334,27.041666666666664,0.2912621359223301,2026-02,avg_duration_by_zone_hour,False
42,Central Harlem North,4,206,16.305016181229774,15.35,15.35,26.15833333333333,0.2912621359223301,2026-02,avg_duration_by_zone_hour,False
228,Sunset Park West,7,79,31.979324894514768,29.883333333333333,29.883333333333333,53.13,0.2911392405063291,2026-02,avg_duration_by_zone_hour,False
4,Alphabet City,8,629,18.636671966083732,16.883333333333333,16.883333333333333,29.333333333333336,0.29093799682034976,2026-02,avg_duration_by_zone_hour,False
231,TriBeCa/Civic Center,21,2908,16.000618982118294,14.816666666666666,14.433333333333334,27.221666666666668,0.2909215955983494,2026-02,avg_duration_by_zone_hour,False
62,Crown Heights South,22,55,25.39787878787879,26.633333333333333,26.633333333333333,38.18,0.2909090909090909,2026-02,avg_duration_by_zone_hour,False
142,Lincoln Square East,19,5472,12.594283016569202,10.466666666666667,9.683333333333334,23.75,0.2907529239766082,2026-02,avg_duration_by_zone_hour,False
234,Union Sq,22,6477,14.08248417477227,12.6,11.516666666666667,24.273333333333344,0.29072101281457463,2026-02,avg_duration_by_zone_hour,False
237,Upper East Side South,17,11304,13.346886058032556,10.533333333333333,9.466666666666665,25.61166666666668,0.29069355980184003,2026-02,avg_duration_by_zone_hour,False
82,Elmhurst,8,117,32.96894586894587,31.616666666666667,31.616666666666667,59.413333333333334,0.2905982905982906,2026-02,avg_duration_by_zone_hour,False
161,Midtown Center,16,9206,17.62602107321312,14.883333333333333,14.316666666666666,30.09166666666667,0.29046274169020203,2026-02,avg_duration_by_zone_hour,False
32,Bronxdale,11,31,46.23010752688172,46.3,46.3,84.26666666666667,0.2903225806451613,2026-02,avg_duration_by_zone_hour,False
200,Riverdale/North Riverdale/Fieldston,9,31,44.15913978494624,42.2,42.2,77.25,0.2903225806451613,2026-02,avg_duration_by_zone_hour,False
202,Roosevelt Island,19,31,34.258602150537634,32.88333333333333,32.88333333333333,55.4,0.2903225806451613,2026-02,avg_duration_by_zone_hour,False
257,Windsor Terrace,9,31,29.581720430107527,24.383333333333333,24.383333333333333,54.18333333333333,0.2903225806451613,2026-02,avg_duration_by_zone_hour,False
258,Woodhaven,16,31,25.706451612903226,24.883333333333333,24.883333333333333,42.333333333333336,0.2903225806451613,2026-02,avg_duration_by_zone_hour,False
36,Bushwick North,19,186,24.896953405017918,24.6,24.6,41.11666666666666,0.2903225806451613,2026-02,avg_duration_by_zone_hour,False
130,Jamaica,2,62,17.671505376344086,16.90833333333333,16.90833333333333,27.131666666666668,0.2903225806451613,2026-02,avg_duration_by_zone_hour,False
129,Jackson Heights,2,93,14.775089605734767,14.866666666666667,14.866666666666667,23.826666666666668,0.2903225806451613,2026-02,avg_duration_by_zone_hour,False
80,East Williamsburg,0,348,19.15766283524904,18.325000000000003,18.325000000000003,27.788333333333334,0.29022988505747127,2026-02,avg_duration_by_zone_hour,False
255,Williamsburg (North Side),4,262,16.44052162849873,16.0,16.0,24.846666666666668,0.2900763358778626,2026-02,avg_duration_by_zone_hour,False
249,West Village,22,6734,15.302603702603703,13.483333333333333,12.133333333333333,27.111666666666665,0.29002079002079,2026-02,avg_duration_by_zone_hour,False
189,Prospect Heights,0,69,24.04927536231884,23.65,23.65,35.14666666666667,0.2898550724637681,2026-02,avg_duration_by_zone_hour,False
209,Seaport,20,483,16.424292615596965,16.033333333333335,16.033333333333335,25.450000000000003,0.2898550724637681,2026-02,avg_duration_by_zone_hour,False
163,Midtown North,19,6057,13.605486764624953,11.666666666666666,11.0,24.19000000000001,0.2897473997028232,2026-02,avg_duration_by_zone_hour,False
33,Brooklyn Heights,21,214,20.715342679127726,19.983333333333334,19.983333333333334,32.545000000000016,0.2897196261682243,2026-02,avg_duration_by_zone_hour,False
112,Greenpoint,18,556,23.947601918465228,23.325,23.325,38.766666666666666,0.289568345323741,2026-02,avg_duration_by_zone_hour,False
70,East Elmhurst,13,297,32.60617283950617,30.683333333333334,30.683333333333334,51.87666666666668,0.2895622895622896,2026-02,avg_duration_by_zone_hour,False
169,Mount Hope,11,38,48.20614035087719,48.31666666666666,48.31666666666666,74.74000000000001,0.2894736842105263,2026-02,avg_duration_by_zone_hour,False
133,Kensington,20,38,22.79298245614035,22.633333333333333,22.633333333333333,41.50833333333334,0.2894736842105263,2026-02,avg_duration_by_zone_hour,False
223,Steinway,14,121,27.61404958677686,26.966666666666665,26.966666666666665,43.516666666666666,0.2892561983471074,2026-02,avg_duration_by_zone_hour,False
34,Brooklyn Navy Yard,18,83,23.150602409638555,23.1,23.1,35.1,0.2891566265060241,2026-02,avg_duration_by_zone_hour,False
40,Carroll Gardens,22,83,20.886144578313253,20.116666666666667,20.116666666666667,32.5,0.2891566265060241,2026-02,avg_duration_by_zone_hour,False
262,Yorkville East,3,83,12.50562248995984,11.533333333333333,11.533333333333333,20.22666666666666,0.2891566265060241,2026-02,avg_duration_by_zone_hour,False
167,Morrisania/Melrose,18,45,30.304814814814815,27.466666666666665,27.466666666666665,54.11333333333334,0.28888888888888886,2026-02,avg_duration_by_zone_hour,False
228,Sunset Park West,23,90,25.680555555555557,23.166666666666664,23.166666666666664,43.42833333333336,0.28888888888888886,2026-02,avg_duration_by_zone_hour,False
82,Elmhurst,3,90,14.904814814814815,15.508333333333333,15.508333333333333,23.64000000000002,0.28888888888888886,2026-02,avg_duration_by_zone_hour,False
255,Williamsburg (North Side),22,779,21.002032520325205,20.683333333333334,20.683333333333334,31.95,0.2888318356867779,2026-02,avg_duration_by_zone_hour,False
255,Williamsburg (North Side),21,530,21.12867924528302,20.958333333333332,20.958333333333332,32.18666666666667,0.28867924528301886,2026-02,avg_duration_by_zone_hour,False
116,Hamilton Heights,13,343,25.202478134110788,22.833333333333332,22.833333333333332,42.61666666666667,0.2886297376093295,2026-02,avg_duration_by_zone_hour,False
37,Bushwick South,4,312,18.629700854700854,17.791666666666664,17.791666666666664,30.03333333333334,0.28846153846153844,2026-02,avg_duration_by_zone_hour,False
232,Two Bridges/Seward Park,3,163,14.926993865030674,14.566666666666666,14.566666666666666,23.746666666666666,0.2883435582822086,2026-02,avg_duration_by_zone_hour,False
256,Williamsburg (South Side),23,503,20.901192842942343,19.833333333333332,19.833333333333332,31.1,0.2882703777335984,2026-02,avg_duration_by_zone_hour,False
225,Stuyvesant Heights,21,118,27.479802259887006,26.316666666666666,26.316666666666666,43.105,0.288135593220339,2026-02,avg_duration_by_zone_hour,False
262,Yorkville East,8,3534,14.9173787964535,13.675,13.575,25.76166666666667,0.288058856819468,2026-02,avg_duration_by_zone_hour,False
10,Baisley Park,16,125,46.25906666666667,46.88333333333333,46.88333333333333,71.64,0.288,2026-02,avg_duration_by_zone_hour,False
17,Bedford,23,191,22.5413612565445,22.0,22.0,36.6,0.2879581151832461,2026-02,avg_duration_by_zone_hour,False
189,Prospect Heights,13,66,32.70505050505051,31.625,31.625,54.983333333333334,0.2878787878787879,2026-02,avg_duration_by_zone_hour,False
198,Ridgewood,13,66,26.87121212121212,24.933333333333334,24.933333333333334,45.44166666666666,0.2878787878787879,2026-02,avg_duration_by_zone_hour,False
161,Midtown Center,18,11894,15.859136259178298,14.166666666666666,13.383333333333333,26.533333333333335,0.28787624012106944,2026-02,avg_duration_by_zone_hour,False
162,Midtown East,19,7761,13.964736073530043,12.5,12.191666666666666,23.7,0.28784950392990594,2026-02,avg_duration_by_zone_hour,False
163,Midtown North,21,5986,13.593331662768682,11.966666666666667,11.633333333333333,23.208333333333332,0.2878382893417975,2026-02,avg_duration_by_zone_hour,False
33,Brooklyn Heights,18,431,23.495088940448568,21.15,21.15,37.483333333333334,0.2877030162412993,2026-02,avg_duration_by_zone_hour,False
92,Flushing,0,73,17.461872146118722,17.033333333333335,17.033333333333335,26.44333333333333,0.2876712328767123,2026-02,avg_duration_by_zone_hour,False
145,Long Island City/Hunters Point,20,428,20.9053738317757,20.15833333333333,20.15833333333333,31.93,0.28738317757009346,2026-02,avg_duration_by_zone_hour,False
62,Crown Heights South,11,87,37.27854406130268,33.483333333333334,33.483333333333334,69.58333333333337,0.28735632183908044,2026-02,avg_duration_by_zone_hour,False
24,Bloomingdale,6,275,15.667030303030304,14.5,14.5,23.286666666666665,0.2872727272727273,2026-02,avg_duration_by_zone_hour,False
130,Jamaica,19,202,23.521039603960396,22.05,22.05,40.083333333333336,0.2871287128712871,2026-02,avg_duration_by_zone_hour,False
66,DUMBO/Vinegar Hill,0,108,19.625462962962963,18.933333333333334,18.933333333333334,28.883333333333333,0.28703703703703703,2026-02,avg_duration_by_zone_hour,False
80,East Williamsburg,6,115,22.85855072463768,20.783333333333335,20.783333333333335,36.08666666666667,0.28695652173913044,2026-02,avg_duration_by_zone_hour,False
237,Upper East Side South,18,11141,12.352849833946683,9.866666666666667,9.008333333333333,24.116666666666667,0.2868683242078808,2026-02,avg_duration_by_zone_hour,False
224,Stuy Town/Peter Cooper Village,6,373,13.612287756925827,12.433333333333334,12.433333333333334,21.513333333333335,0.2868632707774799,2026-02,avg_duration_by_zone_hour,False
148,Lower East Side,23,4121,15.560329208121006,14.35,14.325,26.616666666666667,0.28633826741082263,2026-02,avg_duration_by_zone_hour,False
255,Williamsburg (North Side),19,475,22.746280701754387,22.133333333333333,22.133333333333333,34.46333333333334,0.2863157894736842,2026-02,avg_duration_by_zone_hour,False
239,Upper West Side South,6,1366,13.71281112737921,11.191666666666666,11.191666666666666,24.425,0.2862371888726208,2026-02,avg_duration_by_zone_hour,False
68,East Chelsea,20,5560,15.773249400479616,14.383333333333333,14.2,26.85,0.28615107913669063,2026-02,avg_duration_by_zone_hour,False
234,Union Sq,19,6916,14.48042702911124,12.8,11.983333333333333,25.016666666666666,0.28614806246385194,2026-02,avg_duration_by_zone_hour,False
79,East Village,22,7322,14.543658381134481,13.133333333333333,11.983333333333334,25.215000000000007,0.28598743512701447,2026-02,avg_duration_by_zone_hour,False
162,Midtown East,21,6438,13.430426115770942,12.433333333333334,12.175,22.07166666666667,0.28580304442373405,2026-02,avg_duration_by_zone_hour,False
117,Hammels/Arverne,6,91,72.64981684981684,74.56666666666666,74.56666666666666,123.58333333333333,0.2857142857142857,2026-02,avg_duration_by_zone_hour,False
205,Saint Albans,11,56,55.84970238095239,58.91666666666667,58.91666666666667,100.58333333333334,0.2857142857142857,2026-02,avg_duration_by_zone_hour,False
18,Bedford Park,10,35,49.65761904761905,45.7,45.7,90.96000000000001,0.2857142857142857,2026-02,avg_duration_by_zone_hour,False
92,Flushing,15,63,40.521693121693126,36.25,36.25,78.12666666666668,0.2857142857142857,2026-02,avg_duration_by_zone_hour,False
70,East Elmhurst,7,112,35.42470238095238,34.05,34.05,56.058333333333344,0.2857142857142857,2026-02,avg_duration_by_zone_hour,False
133,Kensington,11,56,34.62202380952381,31.266666666666666,31.266666666666666,53.125,0.2857142857142857,2026-02,avg_duration_by_zone_hour,False
202,Roosevelt Island,6,42,34.2484126984127,29.96666666666667,29.96666666666667,53.76833333333333,0.2857142857142857,2026-02,avg_duration_by_zone_hour,False
257,Windsor Terrace,7,63,31.4489417989418,31.35,31.35,48.18333333333334,0.2857142857142857,2026-02,avg_duration_by_zone_hour,False
106,Gowanus,16,49,31.365986394557826,28.483333333333334,28.483333333333334,56.56666666666668,0.2857142857142857,2026-02,avg_duration_by_zone_hour,False
189,Prospect Heights,14,63,30.133862433862436,28.45,28.45,50.30333333333334,0.2857142857142857,2026-02,avg_duration_by_zone_hour,False
196,Rego Park,15,49,27.659523809523808,27.216666666666665,27.216666666666665,46.39000000000001,0.2857142857142857,2026-02,avg_duration_by_zone_hour,False
220,Spuyten Duyvil/Kingsbridge,18,63,25.160582010582008,21.733333333333334,21.733333333333334,37.79666666666667,0.2857142857142857,2026-02,avg_duration_by_zone_hour,False
254,Williamsbridge/Olinville,19,49,22.160884353741498,22.0,22.0,34.21666666666667,0.2857142857142857,2026-02,avg_duration_by_zone_hour,False
179,Old Astoria,4,42,19.20357142857143,18.525,18.525,27.919999999999998,0.2857142857142857,2026-02,avg_duration_by_zone_hour,False
138,LaGuardia Airport,2,154,19.181277056277054,17.40833333333333,17.40833333333333,26.643333333333338,0.2857142857142857,2026-02,avg_duration_by_zone_hour,False
127,Inwood,0,42,16.88015873015873,16.53333333333333,16.53333333333333,23.531666666666666,0.2857142857142857,2026-02,avg_duration_by_zone_hour,False
160,Middle Village,22,35,16.526190476190475,16.266666666666666,16.266666666666666,27.240000000000002,0.2857142857142857,2026-02,avg_duration_by_zone_hour,False
223,Steinway,0,98,16.315816326530612,16.725,16.725,25.23333333333333,0.2857142857142857,2026-02,avg_duration_by_zone_hour,False
87,Financial District North,4,161,15.831159420289854,14.95,14.95,25.416666666666668,0.2857142857142857,2026-02,avg_duration_by_zone_hour,False
116,Hamilton Heights,0,224,14.97827380952381,14.391666666666666,14.391666666666666,26.751666666666672,0.2857142857142857,2026-02,avg_duration_by_zone_hour,False
37,Bushwick South,14,228,36.98801169590643,33.83333333333333,33.83333333333333,64.20500000000003,0.2850877192982456,2026-02,avg_duration_by_zone_hour,False
161,Midtown Center,4,207,16.353945249597423,13.766666666666667,13.766666666666667,30.436666666666667,0.28502415458937197,2026-02,avg_duration_by_zone_hour,False
237,Upper East Side South,21,7633,11.253591859906546,9.166666666666666,7.875,21.583333333333332,0.2849469409144504,2026-02,avg_duration_by_zone_hour,False
262,Yorkville East,4,179,12.952886405959031,11.916666666666666,11.916666666666666,24.093333333333344,0.2849162011173184,2026-02,avg_duration_by_zone_hour,False
256,Williamsburg (South Side),1,351,18.436324786324786,18.033333333333335,18.033333333333335,28.583333333333332,0.2849002849002849,2026-02,avg_duration_by_zone_hour,False
246,West Chelsea/Hudson Yards,20,4700,15.249819148936169,14.0,13.55,25.016666666666666,0.2848936170212766,2026-02,avg_duration_by_zone_hour,False
4,Alphabet City,6,418,16.59354066985646,14.441666666666666,14.441666666666666,26.060000000000002,0.284688995215311,2026-02,avg_duration_by_zone_hour,False
25,Boerum Hill,19,267,24.32159800249688,23.0,23.0,39.09,0.2846441947565543,2026-02,avg_duration_by_zone_hour,False
48,Clinton East,21,5742,14.262678509230234,12.683333333333334,12.575,24.731666666666676,0.2845698362939742,2026-02,avg_duration_by_zone_hour,False
249,West Village,21,6270,15.465276448697502,13.825,12.075,27.183333333333334,0.2845295055821372,2026-02,avg_duration_by_zone_hour,False
114,Greenwich Village South,0,4541,13.469507450634955,11.683333333333334,11.566666666666666,23.85,0.28451882845188287,2026-02,avg_duration_by_zone_hour,False
80,East Williamsburg,11,116,27.32241379310345,25.375,25.375,44.391666666666666,0.28448275862068967,2026-02,avg_duration_by_zone_hour,False
179,Old Astoria,19,218,23.96781345565749,23.18333333333333,23.18333333333333,38.49,0.28440366972477066,2026-02,avg_duration_by_zone_hour,False
37,Bushwick South,23,299,25.253678929765886,24.7,24.7,39.08666666666666,0.2842809364548495,2026-02,avg_duration_by_zone_hour,False
260,Woodside,22,95,17.16315789473684,15.8,15.8,27.08666666666667,0.28421052631578947,2026-02,avg_duration_by_zone_hour,False
148,Lower East Side,8,729,18.29124371284865,16.583333333333332,16.583333333333332,30.12666666666667,0.2839506172839506,2026-02,avg_duration_by_zone_hour,False
142,Lincoln Square East,23,3719,13.404884825669983,11.5,11.291666666666668,24.47333333333334,0.28394729766066146,2026-02,avg_duration_by_zone_hour,False
25,Boerum Hill,0,222,22.19707207207207,20.175,20.175,31.21666666666667,0.28378378378378377,2026-02,avg_duration_by_zone_hour,False
33,Brooklyn Heights,8,254,26.917125984251967,26.083333333333336,26.083333333333336,41.57,0.28346456692913385,2026-02,avg_duration_by_zone_hour,False
50,Clinton West,2,254,13.846391076115486,13.408333333333333,13.408333333333333,22.800000000000004,0.28346456692913385,2026-02,avg_duration_by_zone_hour,False
230,Times Sq/Theatre District,22,8482,15.127552464041498,13.308333333333334,12.525,25.41500000000001,0.28342372082056116,2026-02,avg_duration_by_zone_hour,False
189,Prospect Heights,23,120,23.563333333333333,23.558333333333334,23.558333333333334,35.763333333333335,0.2833333333333333,2026-02,avg_duration_by_zone_hour,False
83,Elmhurst/Maspeth,4,60,17.79611111111111,17.666666666666664,17.666666666666664,30.266666666666666,0.2833333333333333,2026-02,avg_duration_by_zone_hour,False
25,Boerum Hill,23,233,21.78283261802575,21.35,21.35,32.376666666666665,0.2832618025751073,2026-02,avg_duration_by_zone_hour,False
261,World Trade Center,14,837,25.036758263639985,22.266666666666666,22.266666666666666,42.953333333333326,0.2831541218637993,2026-02,avg_duration_by_zone_hour,False
65,Downtown Brooklyn/MetroTech,0,166,18.09066265060241,17.25,17.25,28.383333333333333,0.28313253012048195,2026-02,avg_duration_by_zone_hour,False
234,Union Sq,21,7322,14.663518619684968,13.333333333333334,13.283333333333333,24.86500000000001,0.2831193662933625,2026-02,avg_duration_by_zone_hour,False
160,Middle Village,7,53,30.766981132075472,28.166666666666668,28.166666666666668,57.15000000000002,0.2830188679245283,2026-02,avg_duration_by_zone_hour,False
174,Norwood,19,53,27.261006289308174,21.183333333333334,21.183333333333334,55.56000000000001,0.2830188679245283,2026-02,avg_duration_by_zone_hour,False
13,Battery Park City,23,343,17.025850340136056,15.8,15.8,27.866666666666667,0.282798833819242,2026-02,avg_duration_by_zone_hour,False
106,Gowanus,9,46,34.91702898550725,34.61666666666667,34.61666666666667,55.5,0.2826086956521739,2026-02,avg_duration_by_zone_hour,False
13,Battery Park City,21,1306,15.898800408371617,15.366666666666667,15.366666666666667,24.0,0.28254211332312407,2026-02,avg_duration_by_zone_hour,False
246,West Chelsea/Hudson Yards,21,4354,15.490617822691776,14.283333333333333,13.991666666666667,25.423333333333343,0.28249885163068444,2026-02,avg_duration_by_zone_hour,False
162,Midtown East,18,9710,15.561948163405424,13.95,12.683333333333334,26.41833333333334,0.28249227600411947,2026-02,avg_duration_by_zone_hour,False
142,Lincoln Square East,18,7257,13.180524551008222,10.9,9.883333333333333,24.133333333333333,0.2824858757062147,2026-02,avg_duration_by_zone_hour,False
237,Upper East Side South,19,8853,11.843710230053842,9.2,8.766666666666667,23.733333333333334,0.2822771941714673,2026-02,avg_duration_by_zone_hour,False
249,West Village,23,6664,14.331457583033213,12.741666666666667,11.483333333333333,25.4,0.2822629051620648,2026-02,avg_duration_by_zone_hour,False
256,Williamsburg (South Side),22,528,20.72629419191919,20.0,20.0,31.653333333333336,0.2821969696969697,2026-02,avg_duration_by_zone_hour,False
195,Red Hook,13,39,38.11196581196581,30.233333333333334,30.233333333333334,60.38333333333334,0.28205128205128205,2026-02,avg_duration_by_zone_hour,False
18,Bedford Park,18,39,36.855982905982906,25.266666666666666,25.266666666666666,76.4366666666667,0.28205128205128205,2026-02,avg_duration_by_zone_hour,False
242,Van Nest/Morris Park,20,39,26.77179487179487,22.95,22.95,55.6166666666667,0.28205128205128205,2026-02,avg_duration_by_zone_hour,False
71,East Flatbush/Farragut,23,39,24.205982905982903,24.55,24.55,37.13666666666667,0.28205128205128205,2026-02,avg_duration_by_zone_hour,False
160,Middle Village,19,39,22.86367521367521,20.233333333333334,20.233333333333334,34.02,0.28205128205128205,2026-02,avg_duration_by_zone_hour,False
159,Melrose South,23,39,22.077350427350428,18.816666666666666,18.816666666666666,37.17666666666667,0.28205128205128205,2026-02,avg_duration_by_zone_hour,False
77,East New York/Pennsylvania Avenue,23,39,19.32136752136752,19.066666666666666,19.066666666666666,34.28666666666667,0.28205128205128205,2026-02,avg_duration_by_zone_hour,False
197,Richmond Hill,22,39,17.1008547008547,16.433333333333334,16.433333333333334,27.460000000000004,0.28205128205128205,2026-02,avg_duration_by_zone_hour,False
145,Long Island City/Hunters Point,21,408,19.71139705882353,19.766666666666666,19.766666666666666,31.116666666666667,0.2818627450980392,2026-02,avg_duration_by_zone_hour,False
87,Financial District North,19,1938,18.070459236326112,16.541666666666668,16.541666666666668,29.455,0.28173374613003094,2026-02,avg_duration_by_zone_hour,False
66,DUMBO/Vinegar Hill,9,142,24.149061032863848,23.791666666666664,23.791666666666664,35.995,0.28169014084507044,2026-02,avg_duration_by_zone_hour,False
163,Midtown North,20,5489,14.078906297443371,12.266666666666667,11.966666666666667,24.433333333333334,0.28165421752596104,2026-02,avg_duration_by_zone_hour,False
256,Williamsburg (South Side),11,103,25.801618122977345,22.783333333333335,22.783333333333335,46.60666666666666,0.2815533980582524,2026-02,avg_duration_by_zone_hour,False
12,Battery Park,16,103,23.73818770226537,23.1,23.1,35.57,0.2815533980582524,2026-02,avg_duration_by_zone_hour,False
181,Park Slope,21,341,24.521212121212123,24.366666666666667,24.366666666666667,37.733333333333334,0.28152492668621704,2026-02,avg_duration_by_zone_hour,False
112,Greenpoint,17,341,24.411143695014665,23.666666666666668,23.666666666666668,39.86666666666667,0.28152492668621704,2026-02,avg_duration_by_zone_hour,False
97,Fort Greene,6,167,28.079740518962076,25.266666666666666,25.266666666666666,45.50666666666667,0.281437125748503,2026-02,avg_duration_by_zone_hour,False
108,Gravesend,6,32,54.3546875,54.59166666666667,54.59166666666667,77.01333333333334,0.28125,2026-02,avg_duration_by_zone_hour,False
212,Soundview/Bruckner,13,32,37.713541666666664,34.641666666666666,34.641666666666666,78.30333333333336,0.28125,2026-02,avg_duration_by_zone_hour,False
160,Middle Village,10,32,34.280208333333334,36.05833333333334,36.05833333333334,60.15833333333334,0.28125,2026-02,avg_duration_by_zone_hour,False
219,Springfield Gardens South,20,32,31.1109375,30.458333333333336,30.458333333333336,47.69,0.28125,2026-02,avg_duration_by_zone_hour,False
14,Bay Ridge,5,32,30.139062499999998,25.666666666666664,25.666666666666664,49.796666666666674,0.28125,2026-02,avg_duration_by_zone_hour,False
228,Sunset Park West,6,64,25.495572916666667,24.633333333333333,24.633333333333333,41.28166666666667,0.28125,2026-02,avg_duration_by_zone_hour,False
124,Howard Beach,21,32,25.272395833333334,23.2,23.2,40.22833333333334,0.28125,2026-02,avg_duration_by_zone_hour,False
173,North Corona,18,32,24.5765625,23.34166666666667,23.34166666666667,42.04833333333334,0.28125,2026-02,avg_duration_by_zone_hour,False
127,Inwood,6,64,24.350260416666668,21.741666666666667,21.741666666666667,44.876666666666665,0.28125,2026-02,avg_duration_by_zone_hour,False
155,Marine Park/Mill Basin,19,64,23.947395833333335,21.958333333333336,21.958333333333336,43.67833333333334,0.28125,2026-02,avg_duration_by_zone_hour,False
223,Steinway,12,96,23.751215277777778,22.508333333333333,22.508333333333333,36.675,0.28125,2026-02,avg_duration_by_zone_hour,False
102,Glendale,20,32,20.0609375,17.75,17.75,37.64833333333334,0.28125,2026-02,avg_duration_by_zone_hour,False
152,Manhattanville,3,32,12.543229166666666,10.75,10.75,19.560000000000002,0.28125,2026-02,avg_duration_by_zone_hour,False
261,World Trade Center,23,409,18.367074164629177,17.55,17.55,29.226666666666663,0.28117359413202936,2026-02,avg_duration_by_zone_hour,False
161,Midtown Center,17,11268,17.364965684534372,14.983333333333333,14.7,28.871666666666684,0.2809726659566915,2026-02,avg_duration_by_zone_hour,False
7,Astoria,12,260,25.15544871794872,24.4,24.4,42.20166666666667,0.28076923076923077,2026-02,avg_duration_by_zone_hour,False
239,Upper West Side South,20,4215,12.010755239224991,9.733333333333333,9.433333333333334,23.476666666666667,0.28066429418742583,2026-02,avg_duration_by_zone_hour,False
256,Williamsburg (South Side),12,139,25.647002398081536,23.65,23.65,40.53666666666667,0.2805755395683453,2026-02,avg_duration_by_zone_hour,False
179,Old Astoria,0,82,19.93109756097561,20.8,20.8,30.155,0.2804878048780488,2026-02,avg_duration_by_zone_hour,False
148,Lower East Side,0,4407,14.611844792375766,13.416666666666666,13.166666666666666,25.066666666666666,0.28046289993192647,2026-02,avg_duration_by_zone_hour,False
119,Highbridge,11,50,35.745333333333335,32.04166666666667,32.04166666666667,73.50166666666667,0.28,2026-02,avg_duration_by_zone_hour,False
93,Flushing Meadows-Corona Park,16,50,32.159333333333336,30.791666666666668,30.791666666666668,55.81666666666668,0.28,2026-02,avg_duration_by_zone_hour,False
255,Williamsburg (North Side),5,75,19.34111111111111,18.466666666666665,18.466666666666665,30.450000000000006,0.28,2026-02,avg_duration_by_zone_hour,False
234,Union Sq,6,611,12.058647026732132,9.883333333333333,9.883333333333333,21.966666666666665,0.27986906710310966,2026-02,avg_duration_by_zone_hour,False
181,Park Slope,23,268,23.241666666666667,22.53333333333333,22.53333333333333,36.888333333333335,0.2798507462686567,2026-02,avg_duration_by_zone_hour,False
13,Battery Park City,20,1451,16.329657707328277,15.883333333333333,15.883333333333333,24.733333333333334,0.27980702963473464,2026-02,avg_duration_by_zone_hour,False
186,Penn Station/Madison Sq West,6,2667,9.84381952255968,8.4,8.4,17.153333333333336,0.27971503562054745,2026-02,avg_duration_by_zone_hour,False
37,Bushwick South,5,304,21.890570175438597,20.741666666666667,20.741666666666667,33.66166666666667,0.27960526315789475,2026-02,avg_duration_by_zone_hour,False
80,East Williamsburg,2,347,18.809317963496635,18.25,18.25,27.71,0.27953890489913547,2026-02,avg_duration_by_zone_hour,False
198,Ridgewood,0,68,21.389705882352942,21.75,21.75,33.25333333333334,0.27941176470588236,2026-02,avg_duration_by_zone_hour,False
243,Washington Heights North,7,333,28.312512512512516,26.5,26.5,44.11000000000001,0.27927927927927926,2026-02,avg_duration_by_zone_hour,False
75,East Harlem South,3,111,13.90960960960961,12.566666666666666,12.566666666666666,21.833333333333332,0.27927927927927926,2026-02,avg_duration_by_zone_hour,False
65,Downtown Brooklyn/MetroTech,22,197,20.835617597292725,20.983333333333334,20.983333333333334,32.31666666666667,0.27918781725888325,2026-02,avg_duration_by_zone_hour,False
246,West Chelsea/Hudson Yards,19,5314,15.65861560657383,14.291666666666668,13.775,26.066666666666666,0.2790741437711705,2026-02,avg_duration_by_zone_hour,False
117,Hammels/Arverne,14,43,57.716279069767445,53.666666666666664,53.666666666666664,96.10000000000001,0.27906976744186046,2026-02,avg_duration_by_zone_hour,False
112,Greenpoint,14,129,27.38514211886305,25.6,25.6,42.86333333333333,0.27906976744186046,2026-02,avg_duration_by_zone_hour,False
256,Williamsburg (South Side),8,215,26.913953488372094,25.683333333333334,25.683333333333334,40.72333333333333,0.27906976744186046,2026-02,avg_duration_by_zone_hour,False
88,Financial District South,20,785,18.512738853503183,17.416666666666668,17.416666666666668,29.103333333333335,0.2789808917197452,2026-02,avg_duration_by_zone_hour,False
142,Lincoln Square East,20,5160,12.829341085271317,10.816666666666666,10.733333333333333,23.335000000000004,0.27887596899224804,2026-02,avg_duration_by_zone_hour,False
193,Queensbridge/Ravenswood,11,104,26.51298076923077,23.375,23.375,47.61833333333334,0.27884615384615385,2026-02,avg_duration_by_zone_hour,False
49,Clinton Hill,22,165,22.605757575757575,21.7,21.7,35.849999999999994,0.2787878787878788,2026-02,avg_duration_by_zone_hour,False
170,Murray Hill,5,531,11.776208411801633,8.583333333333334,8.583333333333334,25.25,0.2787193973634652,2026-02,avg_duration_by_zone_hour,False
146,Long Island City/Queens Plaza,0,140,18.079047619047618,18.09166666666667,18.09166666666667,30.45166666666667,0.2785714285714286,2026-02,avg_duration_by_zone_hour,False
80,East Williamsburg,20,176,22.685511363636365,22.483333333333334,22.483333333333334,34.25,0.2784090909090909,2026-02,avg_duration_by_zone_hour,False
224,Stuy Town/Peter Cooper Village,3,97,12.364432989690721,11.416666666666666,11.416666666666666,22.386666666666667,0.27835051546391754,2026-02,avg_duration_by_zone_hour,False
236,Upper East Side North,17,11052,13.375942514175412,10.766666666666667,10.0,25.746666666666655,0.2779587404994571,2026-02,avg_duration_by_zone_hour,False
158,Meatpacking/West Village West,7,644,17.253442028985507,14.491666666666667,14.491666666666667,26.951666666666668,0.2779503105590062,2026-02,avg_duration_by_zone_hour,False
7,Astoria,7,655,25.522493638676846,24.733333333333334,24.733333333333334,40.24333333333333,0.2778625954198473,2026-02,avg_duration_by_zone_hour,False
124,Howard Beach,6,36,69.53472222222223,64.03333333333333,64.03333333333333,97.28333333333333,0.2777777777777778,2026-02,avg_duration_by_zone_hour,False
241,Van Cortlandt Village,14,36,53.633796296296296,51.88333333333333,51.88333333333333,91.83333333333334,0.2777777777777778,2026-02,avg_duration_by_zone_hour,False
106,Gowanus,13,36,37.28842592592593,32.53333333333333,32.53333333333333,71.46666666666667,0.2777777777777778,2026-02,avg_duration_by_zone_hour,False
29,Brighton Beach,18,36,30.387962962962963,25.975,25.975,60.95,0.2777777777777778,2026-02,avg_duration_by_zone_hour,False
70,East Elmhurst,6,36,30.0625,22.808333333333334,22.808333333333334,63.08333333333333,0.2777777777777778,2026-02,avg_duration_by_zone_hour,False
36,Bushwick North,7,108,28.918518518518518,29.475,29.475,48.42833333333333,0.2777777777777778,2026-02,avg_duration_by_zone_hour,False
112,Greenpoint,16,162,28.108641975308643,25.041666666666668,25.041666666666668,45.470000000000006,0.2777777777777778,2026-02,avg_duration_by_zone_hour,False
255,Williamsburg (North Side),13,126,24.500396825396827,22.075000000000003,22.075000000000003,37.44166666666667,0.2777777777777778,2026-02,avg_duration_by_zone_hour,False
65,Downtown Brooklyn/MetroTech,5,54,22.19351851851852,18.925,18.925,32.955,0.2777777777777778,2026-02,avg_duration_by_zone_hour,False
112,Greenpoint,6,144,22.094560185185188,20.0,20.0,35.70500000000006,0.2777777777777778,2026-02,avg_duration_by_zone_hour,False
152,Manhattanville,6,198,19.826094276094278,18.575,18.575,29.481666666666683,0.2777777777777778,2026-02,avg_duration_by_zone_hour,False
42,Central Harlem North,5,299,20.032720178372355,17.533333333333335,17.533333333333335,35.50666666666667,0.27759197324414714,2026-02,avg_duration_by_zone_hour,False
249,West Village,0,5729,13.804468493628907,12.416666666666666,10.941666666666666,24.0,0.27753534648280676,2026-02,avg_duration_by_zone_hour,False
7,Astoria,20,339,22.859488692232055,22.616666666666667,22.616666666666667,35.916666666666664,0.27728613569321536,2026-02,avg_duration_by_zone_hour,False
66,DUMBO/Vinegar Hill,21,303,21.007535753575358,20.3,20.3,30.986666666666668,0.27722772277227725,2026-02,avg_duration_by_zone_hour,False
62,Crown Heights South,16,83,32.72289156626506,31.533333333333335,31.533333333333335,55.656666666666666,0.27710843373493976,2026-02,avg_duration_by_zone_hour,False
236,Upper East Side North,19,7387,12.009615992058121,9.416666666666666,8.466666666666667,24.366666666666667,0.27710843373493976,2026-02,avg_duration_by_zone_hour,False
225,Stuyvesant Heights,20,148,28.261599099099097,26.916666666666668,26.916666666666668,43.36166666666667,0.27702702702702703,2026-02,avg_duration_by_zone_hour,False
10,Baisley Park,12,65,46.945128205128206,45.016666666666666,45.016666666666666,90.33000000000001,0.27692307692307694,2026-02,avg_duration_by_zone_hour,False
255,Williamsburg (North Side),8,130,26.448076923076922,25.675,25.675,45.58833333333333,0.27692307692307694,2026-02,avg_duration_by_zone_hour,False
262,Yorkville East,5,585,12.558176638176638,10.733333333333333,10.733333333333333,20.673333333333336,0.27692307692307694,2026-02,avg_duration_by_zone_hour,False
158,Meatpacking/West Village West,8,1001,16.636346986346986,14.216666666666667,14.216666666666667,29.266666666666666,0.27672327672327673,2026-02,avg_duration_by_zone_hour,False
35,Brownsville,4,47,29.584751773049646,29.0,29.0,49.586666666666666,0.2765957446808511,2026-02,avg_duration_by_zone_hour,False
66,DUMBO/Vinegar Hill,19,329,20.79787234042553,20.033333333333335,20.033333333333335,33.09,0.2765957446808511,2026-02,avg_duration_by_zone_hour,False
141,Lenox Hill West,5,557,12.33836026331538,9.8,9.8,22.116666666666674,0.2764811490125673,2026-02,avg_duration_by_zone_hour,False
51,Co-Op City,6,152,50.66063596491228,50.06666666666666,50.06666666666666,86.0466666666667,0.27631578947368424,2026-02,avg_duration_by_zone_hour,False
112,Greenpoint,13,134,27.334577114427862,25.95,25.95,41.67666666666667,0.27611940298507465,2026-02,avg_duration_by_zone_hour,False
161,Midtown Center,5,268,16.011504975124378,11.441666666666666,11.441666666666666,34.85166666666667,0.27611940298507465,2026-02,avg_duration_by_zone_hour,False
106,Gowanus,21,87,24.473754789272032,24.2,24.2,35.45,0.27586206896551724,2026-02,avg_duration_by_zone_hour,False
146,Long Island City/Queens Plaza,8,203,23.357799671592776,23.3,23.3,37.56333333333334,0.27586206896551724,2026-02,avg_duration_by_zone_hour,False
25,Boerum Hill,7,156,28.846153846153847,27.208333333333332,27.208333333333332,44.9,0.27564102564102566,2026-02,avg_duration_by_zone_hour,False
181,Park Slope,22,381,26.199212598425195,25.866666666666667,25.866666666666667,41.0,0.2755905511811024,2026-02,avg_duration_by_zone_hour,False
188,Prospect-Lefferts Gardens,22,98,26.21700680272109,26.3,26.3,42.483333333333334,0.2755102040816326,2026-02,avg_duration_by_zone_hour,False
249,West Village,6,716,12.16580540037244,10.466666666666667,10.466666666666667,21.441666666666666,0.2751396648044693,2026-02,avg_duration_by_zone_hour,False
149,Madison,19,40,21.4225,18.333333333333332,18.333333333333332,37.18333333333335,0.275,2026-02,avg_duration_by_zone_hour,False
193,Queensbridge/Ravenswood,0,40,20.671666666666667,21.058333333333334,21.058333333333334,29.44666666666667,0.275,2026-02,avg_duration_by_zone_hour,False
226,Sunnyside,5,200,16.3615,16.133333333333333,16.133333333333333,25.13,0.275,2026-02,avg_duration_by_zone_hour,False
82,Elmhurst,6,131,25.31386768447837,23.016666666666666,23.016666666666666,45.03333333333333,0.2748091603053435,2026-02,avg_duration_by_zone_hour,False
256,Williamsburg (South Side),2,262,17.194847328244276,16.775,16.775,27.296666666666667,0.2748091603053435,2026-02,avg_duration_by_zone_hour,False
82,Elmhurst,0,91,15.894688644688646,15.616666666666667,15.616666666666667,26.1,0.27472527472527475,2026-02,avg_duration_by_zone_hour,False
70,East Elmhurst,17,295,31.25610169491525,30.1,30.1,46.84000000000002,0.2745762711864407,2026-02,avg_duration_by_zone_hour,False
86,Far Rockaway,13,51,69.49313725490197,66.95,66.95,107.48333333333333,0.27450980392156865,2026-02,avg_duration_by_zone_hour,False
228,Sunset Park West,13,102,36.790032679738566,34.233333333333334,34.233333333333334,55.915000000000006,0.27450980392156865,2026-02,avg_duration_by_zone_hour,False
200,Riverdale/North Riverdale/Fieldston,18,51,28.666666666666668,26.116666666666667,26.116666666666667,48.5,0.27450980392156865,2026-02,avg_duration_by_zone_hour,False
62,Crown Heights South,23,51,26.54183006535948,26.066666666666666,26.066666666666666,43.28333333333333,0.27450980392156865,2026-02,avg_duration_by_zone_hour,False
159,Melrose South,20,51,26.47254901960784,21.65,21.65,56.28333333333333,0.27450980392156865,2026-02,avg_duration_by_zone_hour,False
255,Williamsburg (North Side),18,470,23.838262411347518,23.833333333333336,23.833333333333336,36.970000000000006,0.274468085106383,2026-02,avg_duration_by_zone_hour,False
34,Brooklyn Navy Yard,4,62,19.532258064516128,18.95,18.95,29.251666666666665,0.27419354838709675,2026-02,avg_duration_by_zone_hour,False
82,Elmhurst,20,146,21.59600456621005,21.075000000000003,21.075000000000003,35.95,0.273972602739726,2026-02,avg_duration_by_zone_hour,False
181,Park Slope,7,168,30.176190476190477,28.916666666666664,28.916666666666664,48.91333333333335,0.27380952380952384,2026-02,avg_duration_by_zone_hour,False
37,Bushwick South,21,252,25.48664021164021,25.775,25.775,40.218333333333334,0.27380952380952384,2026-02,avg_duration_by_zone_hour,False
74,East Harlem North,2,84,13.23611111111111,13.683333333333334,13.683333333333334,20.435000000000002,0.27380952380952384,2026-02,avg_duration_by_zone_hour,False
179,Old Astoria,21,117,20.967236467236464,21.233333333333334,21.233333333333334,35.193333333333335,0.27350427350427353,2026-02,avg_duration_by_zone_hour,False
37,Bushwick South,0,267,23.377965043695383,23.45,23.45,34.74666666666667,0.27340823970037453,2026-02,avg_duration_by_zone_hour,False
256,Williamsburg (South Side),6,139,21.837529976019184,20.666666666666668,20.666666666666668,34.1,0.2733812949640288,2026-02,avg_duration_by_zone_hour,False
79,East Village,2,5552,13.074753842459176,11.675,11.016666666666667,22.66500000000001,0.2732348703170029,2026-02,avg_duration_by_zone_hour,False
230,Times Sq/Theatre District,21,9418,15.048009131450414,13.3,11.608333333333334,25.166666666666668,0.2732002548311743,2026-02,avg_duration_by_zone_hour,False
231,TriBeCa/Civic Center,7,931,17.306498388829215,15.716666666666667,15.716666666666667,30.066666666666666,0.2728249194414608,2026-02,avg_duration_by_zone_hour,False
18,Bedford Park,13,55,48.06878787878788,40.88333333333333,40.88333333333333,95.81666666666668,0.2727272727272727,2026-02,avg_duration_by_zone_hour,False
216,South Ozone Park,22,77,24.493073593073593,23.733333333333334,23.733333333333334,43.54000000000001,0.2727272727272727,2026-02,avg_duration_by_zone_hour,False
189,Prospect Heights,22,110,23.454545454545453,23.7,23.7,36.36833333333335,0.2727272727272727,2026-02,avg_duration_by_zone_hour,False
65,Downtown Brooklyn/MetroTech,23,187,20.630303030303033,19.633333333333333,19.633333333333333,31.936666666666667,0.2727272727272727,2026-02,avg_duration_by_zone_hour,False
226,Sunnyside,22,242,18.90013774104683,18.666666666666668,18.666666666666668,30.618333333333332,0.2727272727272727,2026-02,avg_duration_by_zone_hour,False
256,Williamsburg (South Side),4,187,15.549999999999999,15.333333333333334,15.333333333333334,25.173333333333336,0.2727272727272727,2026-02,avg_duration_by_zone_hour,False
209,Seaport,5,44,15.082575757575757,13.808333333333334,13.808333333333334,23.755000000000003,0.2727272727272727,2026-02,avg_duration_by_zone_hour,False
152,Manhattanville,1,55,14.839090909090908,13.85,13.85,25.503333333333334,0.2727272727272727,2026-02,avg_duration_by_zone_hour,False
142,Lincoln Square East,21,7411,13.256400395808033,11.55,11.55,23.333333333333332,0.27270273917150184,2026-02,avg_duration_by_zone_hour,False
45,Chinatown,1,213,16.490297339593116,15.316666666666666,15.316666666666666,25.90666666666667,0.27230046948356806,2026-02,avg_duration_by_zone_hour,False
36,Bushwick North,23,202,24.118729372937295,24.508333333333333,24.508333333333333,36.83833333333334,0.2722772277227723,2026-02,avg_duration_by_zone_hour,False
255,Williamsburg (North Side),17,320,25.517083333333332,24.383333333333333,24.383333333333333,41.355000000000004,0.271875,2026-02,avg_duration_by_zone_hour,False
223,Steinway,17,162,24.23940329218107,23.483333333333334,23.483333333333334,38.84166666666667,0.2716049382716049,2026-02,avg_duration_by_zone_hour,False
198,Ridgewood,3,81,19.385185185185186,20.216666666666665,20.216666666666665,32.016666666666666,0.2716049382716049,2026-02,avg_duration_by_zone_hour,False
258,Woodhaven,5,70,28.586904761904762,24.616666666666667,24.616666666666667,51.93833333333333,0.2714285714285714,2026-02,avg_duration_by_zone_hour,False
198,Ridgewood,23,70,20.70904761904762,21.616666666666667,21.616666666666667,32.38333333333334,0.2714285714285714,2026-02,avg_duration_by_zone_hour,False
56,Corona,8,118,35.63206214689265,33.78333333333333,33.78333333333333,64.34666666666666,0.2711864406779661,2026-02,avg_duration_by_zone_hour,False
70,East Elmhurst,12,402,31.891956882255393,31.4,31.4,46.351666666666674,0.27114427860696516,2026-02,avg_duration_by_zone_hour,False
33,Brooklyn Heights,19,347,22.284966378482228,21.166666666666668,21.166666666666668,35.09666666666667,0.27089337175792505,2026-02,avg_duration_by_zone_hour,False
32,Bronxdale,6,48,40.15277777777778,40.45,40.45,65.06166666666667,0.2708333333333333,2026-02,avg_duration_by_zone_hour,False
246,West Chelsea/Hudson Yards,18,6651,16.167934646419084,14.45,13.533333333333333,26.833333333333332,0.27078634791760636,2026-02,avg_duration_by_zone_hour,False
80,East Williamsburg,21,229,21.094905385735082,21.116666666666667,21.116666666666667,32.10666666666667,0.27074235807860264,2026-02,avg_duration_by_zone_hour,False
70,East Elmhurst,16,351,36.091690408357074,34.733333333333334,34.733333333333334,56.333333333333336,0.2706552706552707,2026-02,avg_duration_by_zone_hour,False
14,Bay Ridge,16,85,42.951764705882354,40.083333333333336,40.083333333333336,82.38000000000001,0.27058823529411763,2026-02,avg_duration_by_zone_hour,False
181,Park Slope,6,85,32.30470588235294,28.166666666666668,28.166666666666668,51.81333333333335,0.27058823529411763,2026-02,avg_duration_by_zone_hour,False
130,Jamaica,22,196,20.995408163265306,20.28333333333333,20.28333333333333,32.416666666666664,0.27040816326530615,2026-02,avg_duration_by_zone_hour,False
165,Midwood,6,37,53.76891891891892,52.28333333333333,52.28333333333333,86.73666666666666,0.2702702702702703,2026-02,avg_duration_by_zone_hour,False
149,Madison,7,37,39.843693693693695,32.36666666666667,32.36666666666667,91.27666666666666,0.2702702702702703,2026-02,avg_duration_by_zone_hour,False
119,Highbridge,16,37,39.5481981981982,36.38333333333333,36.38333333333333,78.30666666666666,0.2702702702702703,2026-02,avg_duration_by_zone_hour,False
91,Flatlands,21,37,32.32432432432432,28.3,28.3,63.99666666666666,0.2702702702702703,2026-02,avg_duration_by_zone_hour,False
217,South Williamsburg,11,37,30.73153153153153,29.883333333333333,29.883333333333333,56.51333333333333,0.2702702702702703,2026-02,avg_duration_by_zone_hour,False
83,Elmhurst/Maspeth,9,37,26.308108108108108,25.566666666666666,25.566666666666666,49.25333333333333,0.2702702702702703,2026-02,avg_duration_by_zone_hour,False
157,Maspeth,20,37,23.619819819819817,19.483333333333334,19.483333333333334,39.03999999999999,0.2702702702702703,2026-02,avg_duration_by_zone_hour,False
258,Woodhaven,23,37,19.11756756756757,17.95,17.95,32.306666666666665,0.2702702702702703,2026-02,avg_duration_by_zone_hour,False
157,Maspeth,23,37,17.217117117117116,18.1,18.1,25.623333333333335,0.2702702702702703,2026-02,avg_duration_by_zone_hour,False
87,Financial District North,7,422,19.648538704581355,17.7,17.7,32.545,0.27014218009478674,2026-02,avg_duration_by_zone_hour,False
157,Maspeth,2,63,18.155820105820105,19.25,19.25,26.813333333333333,0.2698412698412698,2026-02,avg_duration_by_zone_hour,False
92,Flushing,22,115,19.269855072463766,19.45,19.45,28.220000000000002,0.26956521739130435,2026-02,avg_duration_by_zone_hour,False
162,Midtown East,20,7543,13.896274691767202,12.683333333333334,12.191666666666666,23.080000000000002,0.2695214105793451,2026-02,avg_duration_by_zone_hour,False
80,East Williamsburg,1,334,19.145459081836325,18.516666666666666,18.516666666666666,28.484999999999996,0.2694610778443114,2026-02,avg_duration_by_zone_hour,False
10,Baisley Park,18,78,38.08311965811966,39.175,39.175,59.07,0.2692307692307692,2026-02,avg_duration_by_zone_hour,False
122,Hollis,8,52,32.077564102564104,21.674999999999997,21.674999999999997,74.38,0.2692307692307692,2026-02,avg_duration_by_zone_hour,False
189,Prospect Heights,6,52,25.672115384615385,23.71666666666667,23.71666666666667,40.59833333333333,0.2692307692307692,2026-02,avg_duration_by_zone_hour,False
66,DUMBO/Vinegar Hill,1,52,18.422435897435896,18.633333333333333,18.633333333333333,26.499999999999996,0.2692307692307692,2026-02,avg_duration_by_zone_hour,False
88,Financial District South,22,676,17.71836785009862,17.141666666666666,17.141666666666666,27.0,0.2692307692307692,2026-02,avg_duration_by_zone_hour,False
13,Battery Park City,1,52,15.549358974358974,14.716666666666667,14.716666666666667,26.68333333333333,0.2692307692307692,2026-02,avg_duration_by_zone_hour,False
56,Corona,7,119,38.28361344537815,35.53333333333333,35.53333333333333,66.59333333333333,0.2689075630252101,2026-02,avg_duration_by_zone_hour,False
14,Bay Ridge,19,93,24.55322580645161,25.466666666666665,25.466666666666665,38.50666666666666,0.26881720430107525,2026-02,avg_duration_by_zone_hour,False
79,East Village,23,7546,14.142386694937715,12.783333333333333,12.266666666666667,24.808333333333334,0.26875165650675853,2026-02,avg_duration_by_zone_hour,False
244,Washington Heights South,7,655,23.548702290076335,22.75,22.75,37.016666666666666,0.2687022900763359,2026-02,avg_duration_by_zone_hour,False
196,Rego Park,19,82,20.284349593495936,20.40833333333333,20.40833333333333,30.605000000000004,0.2682926829268293,2026-02,avg_duration_by_zone_hour,False
229,Sutton Place/Turtle Bay North,5,291,12.648510882016037,10.333333333333334,10.333333333333334,23.433333333333334,0.26804123711340205,2026-02,avg_duration_by_zone_hour,False
133,Kensington,14,56,34.601488095238096,29.7,29.7,56.50833333333333,0.26785714285714285,2026-02,avg_duration_by_zone_hour,False
161,Midtown Center,22,8294,13.819660798971144,12.333333333333334,11.533333333333333,22.983333333333334,0.26706052568121535,2026-02,avg_duration_by_zone_hour,False
49,Clinton Hill,20,176,25.779166666666665,24.15,24.15,39.2,0.26704545454545453,2026-02,avg_duration_by_zone_hour,False
116,Hamilton Heights,5,206,19.971278317152102,18.03333333333333,18.03333333333333,30.258333333333333,0.2669902912621359,2026-02,avg_duration_by_zone_hour,False
139,Laurelton,10,30,57.13055555555556,61.25833333333334,61.25833333333334,86.21166666666667,0.26666666666666666,2026-02,avg_duration_by_zone_hour,False
69,East Concourse/Concourse Village,11,75,43.63422222222222,40.96666666666667,40.96666666666667,80.61666666666667,0.26666666666666666,2026-02,avg_duration_by_zone_hour,False
225,Stuyvesant Heights,5,165,28.406868686868687,28.216666666666665,28.216666666666665,43.76,0.26666666666666666,2026-02,avg_duration_by_zone_hour,False
40,Carroll Gardens,21,75,22.74,22.75,22.75,34.27,0.26666666666666666,2026-02,avg_duration_by_zone_hour,False
25,Boerum Hill,4,75,20.992222222222225,20.3,20.3,30.84000000000001,0.26666666666666666,2026-02,avg_duration_by_zone_hour,False
112,Greenpoint,0,379,19.702462620932277,19.216666666666665,19.216666666666665,30.029999999999998,0.26649076517150394,2026-02,avg_duration_by_zone_hour,False
209,Seaport,1,259,14.962870012870013,14.333333333333334,14.333333333333334,24.35666666666667,0.26640926640926643,2026-02,avg_duration_by_zone_hour,False
161,Midtown Center,19,11165,14.531041946559188,13.016666666666667,12.433333333333334,24.166666666666668,0.26627854903716974,2026-02,avg_duration_by_zone_hour,False
74,East Harlem North,1,169,14.985305719921106,14.966666666666667,14.966666666666667,24.656666666666677,0.26627218934911245,2026-02,avg_duration_by_zone_hour,False
66,DUMBO/Vinegar Hill,7,139,23.60767386091127,22.266666666666666,22.266666666666666,35.14666666666667,0.26618705035971224,2026-02,avg_duration_by_zone_hour,False
239,Upper West Side South,17,6520,13.271651329243355,10.9,10.9,25.483333333333334,0.2661042944785276,2026-02,avg_duration_by_zone_hour,False
79,East Village,0,7779,13.33648926597249,12.066666666666666,11.649999999999999,23.266666666666666,0.2657153875819514,2026-02,avg_duration_by_zone_hour,False
80,East Williamsburg,17,192,27.239149305555557,24.833333333333336,24.833333333333336,45.605000000000004,0.265625,2026-02,avg_duration_by_zone_hour,False
244,Washington Heights South,22,384,17.23980034722222,16.46666666666667,16.46666666666667,26.501666666666665,0.265625,2026-02,avg_duration_by_zone_hour,False
255,Williamsburg (North Side),3,456,16.15018274853801,16.033333333333335,16.033333333333335,25.316666666666666,0.26535087719298245,2026-02,avg_duration_by_zone_hour,False
12,Battery Park,12,49,22.26530612244898,21.866666666666667,21.866666666666667,34.343333333333355,0.2653061224489796,2026-02,avg_duration_by_zone_hour,False
193,Queensbridge/Ravenswood,21,49,22.045578231292517,21.933333333333334,21.933333333333334,30.640000000000004,0.2653061224489796,2026-02,avg_duration_by_zone_hour,False
243,Washington Heights North,4,49,15.785374149659864,14.616666666666667,14.616666666666667,26.840000000000007,0.2653061224489796,2026-02,avg_duration_by_zone_hour,False
239,Upper West Side South,18,6487,12.854781357586967,10.75,10.75,24.496666666666684,0.26514567596731925,2026-02,avg_duration_by_zone_hour,False
106,Gowanus,22,83,22.190361445783132,21.633333333333333,21.633333333333333,33.156666666666666,0.26506024096385544,2026-02,avg_duration_by_zone_hour,False
74,East Harlem North,5,317,15.375236593059936,13.716666666666667,13.716666666666667,25.31000000000004,0.26498422712933756,2026-02,avg_duration_by_zone_hour,False
17,Bedford,20,185,24.58963963963964,24.616666666666667,24.616666666666667,39.339999999999996,0.2648648648648649,2026-02,avg_duration_by_zone_hour,False
236,Upper East Side North,18,10953,12.460065735414956,9.866666666666667,8.933333333333334,24.646666666666682,0.2648589427554095,2026-02,avg_duration_by_zone_hour,False
217,South Williamsburg,12,34,31.803921568627448,27.96666666666667,27.96666666666667,48.23166666666666,0.2647058823529412,2026-02,avg_duration_by_zone_hour,False
228,Sunset Park West,22,68,24.19044117647059,23.90833333333333,23.90833333333333,38.14,0.2647058823529412,2026-02,avg_duration_by_zone_hour,False
83,Elmhurst/Maspeth,10,34,18.83186274509804,18.4,18.4,36.54833333333333,0.2647058823529412,2026-02,avg_duration_by_zone_hour,False
13,Battery Park City,8,1092,18.529181929181927,17.15833333333333,17.15833333333333,31.246666666666666,0.26465201465201466,2026-02,avg_duration_by_zone_hour,False
256,Williamsburg (South Side),20,352,23.164441287878788,22.458333333333336,22.458333333333336,34.69000000000001,0.26420454545454547,2026-02,avg_duration_by_zone_hour,False
87,Financial District North,1,757,15.297930427124614,14.683333333333334,14.683333333333334,24.04333333333333,0.26420079260237783,2026-02,avg_duration_by_zone_hour,False
198,Ridgewood,10,72,27.39351851851852,23.5,23.5,52.846666666666664,0.2638888888888889,2026-02,avg_duration_by_zone_hour,False
17,Bedford,5,110,26.85772727272727,24.858333333333334,24.858333333333334,43.24666666666669,0.2636363636363636,2026-02,avg_duration_by_zone_hour,False
255,Williamsburg (North Side),9,129,26.60232558139535,25.366666666666667,25.366666666666667,41.61333333333334,0.26356589147286824,2026-02,avg_duration_by_zone_hour,False
112,Greenpoint,22,482,20.25484094052559,20.466666666666665,20.466666666666665,30.963333333333335,0.26348547717842324,2026-02,avg_duration_by_zone_hour,False
49,Clinton Hill,23,167,20.545409181636728,20.633333333333333,20.633333333333333,30.87,0.2634730538922156,2026-02,avg_duration_by_zone_hour,False
112,Greenpoint,19,448,22.458928571428572,22.15833333333333,22.15833333333333,34.005,0.26339285714285715,2026-02,avg_duration_by_zone_hour,False
191,Queens Village,18,38,37.30131578947368,36.358333333333334,36.358333333333334,61.23833333333333,0.2631578947368421,2026-02,avg_duration_by_zone_hour,False
63,Cypress Hills,20,38,22.142105263157895,21.375,21.375,39.85500000000002,0.2631578947368421,2026-02,avg_duration_by_zone_hour,False
88,Financial District South,21,692,17.916449903660887,17.125,17.125,27.59,0.2630057803468208,2026-02,avg_duration_by_zone_hour,False
148,Lower East Side,1,4424,14.585107745629898,13.466666666666667,13.466666666666667,24.566666666666666,0.26288426763110306,2026-02,avg_duration_by_zone_hour,False
34,Brooklyn Navy Yard,19,80,23.544166666666666,22.683333333333334,22.683333333333334,34.458333333333336,0.2625,2026-02,avg_duration_by_zone_hour,False
79,East Village,6,1181,12.823482924075641,11.666666666666666,11.666666666666666,20.716666666666665,0.26248941574936496,2026-02,avg_duration_by_zone_hour,False
167,Morrisania/Melrose,10,61,38.456010928961746,38.0,38.0,70.33333333333333,0.26229508196721313,2026-02,avg_duration_by_zone_hour,False
256,Williamsburg (South Side),21,389,21.85137103684661,21.466666666666665,21.466666666666665,32.656666666666666,0.2622107969151671,2026-02,avg_duration_by_zone_hour,False
112,Greenpoint,7,164,22.75589430894309,21.674999999999997,21.674999999999997,34.42,0.2621951219512195,2026-02,avg_duration_by_zone_hour,False
52,Cobble Hill,7,103,24.38090614886731,23.116666666666667,23.116666666666667,38.093333333333334,0.2621359223300971,2026-02,avg_duration_by_zone_hour,False
179,Old Astoria,12,149,25.587583892617452,23.883333333333333,23.883333333333333,40.000000000000014,0.26174496644295303,2026-02,avg_duration_by_zone_hour,False
97,Fort Greene,0,214,20.334345794392526,20.208333333333332,20.208333333333332,30.521666666666675,0.2616822429906542,2026-02,avg_duration_by_zone_hour,False
130,Jamaica,23,279,19.72270011947431,19.166666666666668,19.166666666666668,30.790000000000003,0.2616487455197133,2026-02,avg_duration_by_zone_hour,False
129,Jackson Heights,23,176,17.45596590909091,17.608333333333334,17.608333333333334,27.46666666666667,0.26136363636363635,2026-02,avg_duration_by_zone_hour,False
188,Prospect-Lefferts Gardens,21,111,28.286786786786788,27.083333333333332,27.083333333333332,48.916666666666664,0.26126126126126126,2026-02,avg_duration_by_zone_hour,False
40,Carroll Gardens,8,134,26.644278606965177,26.816666666666666,26.816666666666666,40.99,0.26119402985074625,2026-02,avg_duration_by_zone_hour,False
117,Hammels/Arverne,5,46,73.99528985507246,73.35,73.35,109.26666666666667,0.2608695652173913,2026-02,avg_duration_by_zone_hour,False
122,Hollis,5,46,25.084782608695654,21.691666666666666,21.691666666666666,45.4,0.2608695652173913,2026-02,avg_duration_by_zone_hour,False
40,Carroll Gardens,16,46,24.50108695652174,23.233333333333334,23.233333333333334,41.325,0.2608695652173913,2026-02,avg_duration_by_zone_hour,False
41,Central Harlem,3,92,13.632971014492753,13.525,13.525,21.776666666666667,0.2608695652173913,2026-02,avg_duration_by_zone_hour,False
255,Williamsburg (North Side),23,794,20.44246431570109,20.133333333333333,20.133333333333333,30.875000000000004,0.2607052896725441,2026-02,avg_duration_by_zone_hour,False
256,Williamsburg (South Side),5,96,20.474305555555556,17.35,17.35,32.66666666666667,0.2604166666666667,2026-02,avg_duration_by_zone_hour,False
88,Financial District South,7,146,21.142694063926943,19.958333333333336,19.958333333333336,34.425,0.2602739726027397,2026-02,avg_duration_by_zone_hour,False
129,Jackson Heights,5,146,16.562899543378997,17.03333333333333,17.03333333333333,25.40833333333333,0.2602739726027397,2026-02,avg_duration_by_zone_hour,False
13,Battery Park City,7,669,19.072496263079223,18.3,18.3,31.54333333333334,0.2600896860986547,2026-02,avg_duration_by_zone_hour,False
160,Middle Village,6,50,27.51,24.083333333333336,24.083333333333336,54.815,0.26,2026-02,avg_duration_by_zone_hour,False
226,Sunnyside,23,254,19.10564304461942,18.84166666666667,18.84166666666667,31.056666666666676,0.25984251968503935,2026-02,avg_duration_by_zone_hour,False
45,Chinatown,4,77,16.725541125541124,16.2,16.2,27.126666666666672,0.2597402597402597,2026-02,avg_duration_by_zone_hour,False
7,Astoria,5,181,20.258563535911602,19.233333333333334,19.233333333333334,28.933333333333334,0.2596685082872928,2026-02,avg_duration_by_zone_hour,False
74,East Harlem North,4,158,15.173206751054853,14.608333333333334,14.608333333333334,25.438333333333354,0.25949367088607594,2026-02,avg_duration_by_zone_hour,False
37,Bushwick South,2,320,21.52947916666667,21.133333333333333,21.133333333333333,32.643333333333345,0.259375,2026-02,avg_duration_by_zone_hour,False
86,Far Rockaway,14,54,73.8851851851852,78.73333333333333,78.73333333333333,114.315,0.25925925925925924,2026-02,avg_duration_by_zone_hour,False
193,Queensbridge/Ravenswood,22,54,22.28333333333333,22.4,22.4,35.650000000000006,0.25925925925925924,2026-02,avg_duration_by_zone_hour,False
92,Flushing,18,85,23.136666666666667,21.183333333333334,21.183333333333334,39.31666666666668,0.25882352941176473,2026-02,avg_duration_by_zone_hour,False
65,Downtown Brooklyn/MetroTech,1,85,19.48980392156863,18.566666666666666,18.566666666666666,29.65000000000001,0.25882352941176473,2026-02,avg_duration_by_zone_hour,False
146,Long Island City/Queens Plaza,23,143,19.613752913752915,19.316666666666666,19.316666666666666,29.576666666666664,0.25874125874125875,2026-02,avg_duration_by_zone_hour,False
127,Inwood,10,58,28.035919540229884,24.933333333333334,24.933333333333334,51.34,0.25862068965517243,2026-02,avg_duration_by_zone_hour,False
66,DUMBO/Vinegar Hill,6,58,20.474137931034484,20.700000000000003,20.700000000000003,30.591666666666676,0.25862068965517243,2026-02,avg_duration_by_zone_hour,False
127,Inwood,21,58,18.12672413793103,17.53333333333333,17.53333333333333,27.52333333333334,0.25862068965517243,2026-02,avg_duration_by_zone_hour,False
36,Bushwick North,3,240,19.74736111111111,20.441666666666666,20.441666666666666,30.12,0.25833333333333336,2026-02,avg_duration_by_zone_hour,False
67,Dyker Heights,6,31,33.020430107526884,28.266666666666666,28.266666666666666,58.35,0.25806451612903225,2026-02,avg_duration_by_zone_hour,False
241,Van Cortlandt Village,23,31,19.273655913978494,16.25,16.25,29.616666666666667,0.25806451612903225,2026-02,avg_duration_by_zone_hour,False
173,North Corona,22,31,18.64462365591398,17.95,17.95,27.25,0.25806451612903225,2026-02,avg_duration_by_zone_hour,False
209,Seaport,6,62,17.002688172043012,15.958333333333332,15.958333333333332,28.043333333333333,0.25806451612903225,2026-02,avg_duration_by_zone_hour,False
79,East Village,1,7291,13.103312302839116,11.983333333333333,11.533333333333333,22.683333333333334,0.25798930187902896,2026-02,avg_duration_by_zone_hour,False
25,Boerum Hill,6,132,24.92310606060606,23.741666666666667,23.741666666666667,44.91166666666667,0.25757575757575757,2026-02,avg_duration_by_zone_hour,False
179,Old Astoria,10,171,27.61656920077973,27.116666666666667,27.116666666666667,43.8,0.2573099415204678,2026-02,avg_duration_by_zone_hour,False
149,Madison,10,35,34.77,32.31666666666667,32.31666666666667,62.50666666666667,0.2571428571428571,2026-02,avg_duration_by_zone_hour,False
70,East Elmhurst,20,397,23.81326616288833,22.8,22.8,33.95,0.25692695214105793,2026-02,avg_duration_by_zone_hour,False
86,Far Rockaway,10,74,73.36824324324324,75.3,75.3,110.16000000000001,0.25675675675675674,2026-02,avg_duration_by_zone_hour,False
238,Upper West Side North,6,1348,13.967185954500493,12.233333333333333,12.233333333333333,22.266666666666666,0.25667655786350146,2026-02,avg_duration_by_zone_hour,False
78,East Tremont,12,39,38.69102564102564,41.18333333333333,41.18333333333333,70.42333333333335,0.2564102564102564,2026-02,avg_duration_by_zone_hour,False
85,Erasmus,21,39,30.095299145299148,30.566666666666666,30.566666666666666,47.39000000000001,0.2564102564102564,2026-02,avg_duration_by_zone_hour,False
223,Steinway,5,39,19.632051282051282,19.0,19.0,27.470000000000006,0.2564102564102564,2026-02,avg_duration_by_zone_hour,False
196,Rego Park,23,39,18.781196581196582,18.716666666666665,18.716666666666665,26.273333333333337,0.2564102564102564,2026-02,avg_duration_by_zone_hour,False
145,Long Island City/Hunters Point,22,449,19.845545657015588,19.7,19.7,30.673333333333332,0.2561247216035635,2026-02,avg_duration_by_zone_hour,False
56,Corona,6,82,30.10528455284553,29.575,29.575,56.16166666666672,0.25609756097560976,2026-02,avg_duration_by_zone_hour,False
24,Bloomingdale,5,125,14.792133333333334,14.316666666666666,14.316666666666666,24.21666666666667,0.256,2026-02,avg_duration_by_zone_hour,False
70,East Elmhurst,0,254,19.853477690288717,18.75,18.75,27.791666666666668,0.2559055118110236,2026-02,avg_duration_by_zone_hour,False
217,South Williamsburg,10,43,30.59457364341085,30.766666666666666,30.766666666666666,50.343333333333355,0.2558139534883721,2026-02,avg_duration_by_zone_hour,False
195,Red Hook,18,86,28.93720930232558,28.7,28.7,43.91666666666667,0.2558139534883721,2026-02,avg_duration_by_zone_hour,False
157,Maspeth,12,43,20.07170542635659,19.266666666666666,19.266666666666666,36.80333333333335,0.2558139534883721,2026-02,avg_duration_by_zone_hour,False
243,Washington Heights North,2,43,15.051162790697676,14.866666666666667,14.866666666666667,22.866666666666667,0.2558139534883721,2026-02,avg_duration_by_zone_hour,False
85,Erasmus,19,90,27.740370370370368,25.966666666666665,25.966666666666665,42.80833333333338,0.25555555555555554,2026-02,avg_duration_by_zone_hour,False
88,Financial District South,6,90,16.025185185185187,15.783333333333335,15.783333333333335,24.448333333333334,0.25555555555555554,2026-02,avg_duration_by_zone_hour,False
133,Kensington,12,47,34.791489361702126,30.0,30.0,60.76999999999999,0.2553191489361702,2026-02,avg_duration_by_zone_hour,False
37,Bushwick South,1,294,22.925963718820864,22.816666666666666,22.816666666666666,34.84,0.25510204081632654,2026-02,avg_duration_by_zone_hour,False
91,Flatlands,20,51,26.055228758169932,27.15,27.15,43.516666666666666,0.2549019607843137,2026-02,avg_duration_by_zone_hour,False
223,Steinway,6,102,24.7718954248366,23.25,23.25,39.010000000000005,0.2549019607843137,2026-02,avg_duration_by_zone_hour,False
223,Steinway,22,157,18.5807855626327,18.616666666666667,18.616666666666667,30.460000000000004,0.25477707006369427,2026-02,avg_duration_by_zone_hour,False
225,Stuyvesant Heights,23,173,26.204238921001924,26.8,26.8,40.17333333333333,0.2543352601156069,2026-02,avg_duration_by_zone_hour,False
49,Clinton Hill,5,59,23.09124293785311,20.65,20.65,34.98,0.2542372881355932,2026-02,avg_duration_by_zone_hour,False
155,Marine Park/Mill Basin,14,67,33.1455223880597,30.066666666666666,30.066666666666666,58.333333333333314,0.2537313432835821,2026-02,avg_duration_by_zone_hour,False
25,Boerum Hill,5,67,24.273631840796018,20.483333333333334,20.483333333333334,43.66333333333333,0.2537313432835821,2026-02,avg_duration_by_zone_hour,False
112,Greenpoint,21,343,20.084839650145774,20.066666666666666,20.066666666666666,29.596666666666668,0.2536443148688047,2026-02,avg_duration_by_zone_hour,False
226,Sunnyside,6,379,20.203781882146,18.883333333333333,18.883333333333333,30.62,0.2532981530343008,2026-02,avg_duration_by_zone_hour,False
25,Boerum Hill,3,95,21.138947368421054,20.1,20.1,29.883333333333336,0.25263157894736843,2026-02,avg_duration_by_zone_hour,False
263,Yorkville West,5,677,12.295051698670605,10.583333333333334,10.583333333333334,19.129999999999995,0.25258493353028066,2026-02,avg_duration_by_zone_hour,False
225,Stuyvesant Heights,0,123,26.396205962059618,26.633333333333333,26.633333333333333,38.596666666666664,0.25203252032520324,2026-02,avg_duration_by_zone_hour,False
243,Washington Heights North,22,155,19.461075268817204,18.4,18.4,28.08,0.25161290322580643,2026-02,avg_duration_by_zone_hour,False
255,Williamsburg (North Side),15,171,27.582456140350878,25.75,25.75,41.016666666666666,0.25146198830409355,2026-02,avg_duration_by_zone_hour,False
140,Lenox Hill East,5,342,12.487280701754385,10.641666666666666,10.641666666666666,19.675000000000004,0.25146198830409355,2026-02,avg_duration_by_zone_hour,False
142,Lincoln Square East,22,7775,14.115209003215433,12.3,11.725,24.566666666666666,0.2508038585209003,2026-02,avg_duration_by_zone_hour,False
255,Williamsburg (North Side),0,818,19.24985737571312,19.241666666666667,19.241666666666667,28.641666666666673,0.2506112469437653,2026-02,avg_duration_by_zone_hour,False
243,Washington Heights North,14,176,28.941477272727273,25.933333333333334,25.933333333333334,41.724999999999994,0.25,2026-02,avg_duration_by_zone_hour,False
215,South Jamaica,20,52,28.040384615384614,28.15833333333333,28.15833333333333,40.555,0.25,2026-02,avg_duration_by_zone_hour,False
193,Queensbridge/Ravenswood,13,84,26.40376984126984,27.575,27.575,44.20833333333333,0.25,2026-02,avg_duration_by_zone_hour,False
189,Prospect Heights,20,100,24.823,24.891666666666666,24.891666666666666,35.19666666666668,0.25,2026-02,avg_duration_by_zone_hour,False
255,Williamsburg (North Side),7,92,23.569565217391304,22.299999999999997,22.299999999999997,37.16666666666667,0.25,2026-02,avg_duration_by_zone_hour,False
52,Cobble Hill,23,64,20.227864583333332,19.358333333333334,19.358333333333334,31.67,0.25,2026-02,avg_duration_by_zone_hour,False
226,Sunnyside,0,188,18.78510638297872,18.941666666666666,18.941666666666666,28.776666666666667,0.25,2026-02,avg_duration_by_zone_hour,False
255,Williamsburg (North Side),2,584,18.38056506849315,18.233333333333334,18.233333333333334,26.713333333333345,0.25,2026-02,avg_duration_by_zone_hour,False
97,Fort Greene,4,44,18.0,18.358333333333334,18.358333333333334,26.118333333333336,0.25,2026-02,avg_duration_by_zone_hour,False
33,Brooklyn Heights,1,56,17.91785714285714,17.708333333333332,17.708333333333332,27.299999999999997,0.25,2026-02,avg_duration_by_zone_hour,False
157,Maspeth,3,164,17.509959349593494,17.53333333333333,17.53333333333333,27.280000000000005,0.25,2026-02,avg_duration_by_zone_hour,False
65,Downtown Brooklyn/MetroTech,2,40,15.7025,16.166666666666664,16.166666666666664,25.958333333333332,0.25,2026-02,avg_duration_by_zone_hour,False
26,Borough Park,23,36,14.881944444444445,15.258333333333333,15.258333333333333,23.866666666666667,0.25,2026-02,avg_duration_by_zone_hour,False
255,Williamsburg (North Side),20,401,22.208977556109723,21.883333333333333,21.883333333333333,33.96666666666667,0.24937655860349128,2026-02,avg_duration_by_zone_hour,False
255,Williamsburg (North Side),1,736,18.367866847826086,18.491666666666667,18.491666666666667,26.791666666666664,0.24864130434782608,2026-02,avg_duration_by_zone_hour,False
70,East Elmhurst,18,310,29.377043010752686,28.458333333333336,28.458333333333336,43.216666666666676,0.24838709677419354,2026-02,avg_duration_by_zone_hour,False
36,Bushwick North,0,238,22.46470588235294,22.9,22.9,33.73166666666667,0.24789915966386555,2026-02,avg_duration_by_zone_hour,False
87,Financial District North,5,210,15.88420634920635,14.0,14.0,23.68333333333333,0.24761904761904763,2026-02,avg_duration_by_zone_hour,False
87,Financial District North,6,336,16.487946428571426,15.566666666666666,15.566666666666666,24.508333333333333,0.24702380952380953,2026-02,avg_duration_by_zone_hour,False
162,Midtown East,5,490,11.830102040816326,8.633333333333333,8.633333333333333,23.050000000000008,0.24693877551020407,2026-02,avg_duration_by_zone_hour,False
244,Washington Heights South,5,162,19.743930041152264,18.21666666666667,18.21666666666667,31.341666666666676,0.24691358024691357,2026-02,avg_duration_by_zone_hour,False
37,Bushwick South,3,316,20.80617088607595,21.325000000000003,21.325000000000003,31.083333333333336,0.2468354430379747,2026-02,avg_duration_by_zone_hour,False
17,Bedford,4,77,24.292640692640692,23.233333333333334,23.233333333333334,46.59666666666667,0.24675324675324675,2026-02,avg_duration_by_zone_hour,False
198,Ridgewood,14,69,28.955555555555556,28.15,28.15,49.98333333333334,0.2463768115942029,2026-02,avg_duration_by_zone_hour,False
218,Springfield Gardens North,5,65,57.14,61.15,61.15,93.45,0.24615384615384617,2026-02,avg_duration_by_zone_hour,False
157,Maspeth,5,228,18.01703216374269,18.6,18.6,27.305,0.24561403508771928,2026-02,avg_duration_by_zone_hour,False
37,Bushwick South,22,269,25.19392812887237,25.816666666666666,25.816666666666666,38.61333333333334,0.24535315985130113,2026-02,avg_duration_by_zone_hour,False
158,Meatpacking/West Village West,6,265,14.180817610062892,12.333333333333334,12.333333333333334,22.036666666666665,0.24528301886792453,2026-02,avg_duration_by_zone_hour,False
116,Hamilton Heights,6,347,20.84111431316042,19.633333333333333,19.633333333333333,32.26333333333334,0.24495677233429394,2026-02,avg_duration_by_zone_hour,False
61,Crown Heights North,1,90,23.449814814814818,24.641666666666666,24.641666666666666,34.91000000000001,0.24444444444444444,2026-02,avg_duration_by_zone_hour,False
160,Middle Village,17,41,24.627642276422765,22.966666666666665,22.966666666666665,46.46666666666667,0.24390243902439024,2026-02,avg_duration_by_zone_hour,False
36,Bushwick North,4,230,19.729927536231884,20.308333333333334,20.308333333333334,30.69333333333333,0.24347826086956523,2026-02,avg_duration_by_zone_hour,False
161,Midtown Center,21,11222,14.088877502524802,12.716666666666667,12.383333333333333,23.233333333333334,0.24327214400285155,2026-02,avg_duration_by_zone_hour,False
36,Bushwick North,22,185,24.09369369369369,24.55,24.55,36.056666666666665,0.24324324324324326,2026-02,avg_duration_by_zone_hour,False
28,Briarwood/Jamaica Hills,22,37,19.11216216216216,18.733333333333334,18.733333333333334,30.889999999999993,0.24324324324324326,2026-02,avg_duration_by_zone_hour,False
92,Flushing,4,37,14.547747747747747,15.083333333333334,15.083333333333334,23.136666666666663,0.24324324324324326,2026-02,avg_duration_by_zone_hour,False
49,Clinton Hill,0,107,20.340031152647974,21.016666666666666,21.016666666666666,29.630000000000003,0.24299065420560748,2026-02,avg_duration_by_zone_hour,False
227,Sunset Park East,10,33,33.80707070707071,34.733333333333334,34.733333333333334,59.95,0.24242424242424243,2026-02,avg_duration_by_zone_hour,False
195,Red Hook,8,132,31.169570707070704,30.066666666666666,30.066666666666666,51.178333333333335,0.24242424242424243,2026-02,avg_duration_by_zone_hour,False
195,Red Hook,6,33,27.73787878787879,23.7,23.7,40.20333333333333,0.24242424242424243,2026-02,avg_duration_by_zone_hour,False
63,Cypress Hills,21,33,22.64949494949495,22.9,22.9,41.233333333333334,0.24242424242424243,2026-02,avg_duration_by_zone_hour,False
179,Old Astoria,5,66,19.23181818181818,18.458333333333332,18.458333333333332,31.833333333333336,0.24242424242424243,2026-02,avg_duration_by_zone_hour,False
243,Washington Heights North,23,157,17.110615711252656,16.233333333333334,16.233333333333334,27.416666666666668,0.24203821656050956,2026-02,avg_duration_by_zone_hour,False
33,Brooklyn Heights,23,215,18.876511627906975,19.25,19.25,27.88333333333333,0.24186046511627907,2026-02,avg_duration_by_zone_hour,False
244,Washington Heights South,4,120,16.388472222222223,15.341666666666667,15.341666666666667,26.108333333333338,0.24166666666666667,2026-02,avg_duration_by_zone_hour,False
87,Financial District North,8,654,20.399388379204893,19.35,19.35,32.33666666666667,0.2415902140672783,2026-02,avg_duration_by_zone_hour,False
12,Battery Park,14,58,25.21206896551724,23.691666666666666,23.691666666666666,37.131666666666675,0.2413793103448276,2026-02,avg_duration_by_zone_hour,False
230,Times Sq/Theatre District,6,837,15.950019912385503,11.616666666666667,11.616666666666667,32.853333333333325,0.24133811230585425,2026-02,avg_duration_by_zone_hour,False
40,Carroll Gardens,23,83,19.87008032128514,19.666666666666668,19.666666666666668,32.75333333333333,0.24096385542168675,2026-02,avg_duration_by_zone_hour,False
224,Stuy Town/Peter Cooper Village,5,191,13.420069808027922,11.516666666666667,11.516666666666667,20.733333333333334,0.24083769633507854,2026-02,avg_duration_by_zone_hour,False
161,Midtown Center,20,11548,14.35735913866759,13.066666666666666,12.525,23.633333333333333,0.24064773120886734,2026-02,avg_duration_by_zone_hour,False
243,Washington Heights North,1,50,18.008333333333333,17.483333333333334,17.483333333333334,25.991666666666667,0.24,2026-02,avg_duration_by_zone_hour,False
244,Washington Heights South,6,405,21.442057613168725,20.733333333333334,20.733333333333334,30.673333333333336,0.23950617283950618,2026-02,avg_duration_by_zone_hour,False
146,Long Island City/Queens Plaza,2,46,15.270652173913044,16.866666666666667,16.866666666666667,24.183333333333334,0.2391304347826087,2026-02,avg_duration_by_zone_hour,False
146,Long Island City/Queens Plaza,3,46,13.944927536231885,12.866666666666667,12.866666666666667,23.375,0.2391304347826087,2026-02,avg_duration_by_zone_hour,False
106,Gowanus,18,113,24.246165191740413,24.55,24.55,37.413333333333334,0.23893805309734514,2026-02,avg_duration_by_zone_hour,False
152,Manhattanville,5,67,18.006467661691545,16.816666666666666,16.816666666666666,25.233333333333334,0.23880597014925373,2026-02,avg_duration_by_zone_hour,False
88,Financial District South,0,541,16.669839802834257,15.916666666666666,15.916666666666666,24.816666666666666,0.23844731977818853,2026-02,avg_duration_by_zone_hour,False
159,Melrose South,19,84,22.677380952380954,21.174999999999997,21.174999999999997,34.86666666666667,0.23809523809523808,2026-02,avg_duration_by_zone_hour,False
181,Park Slope,0,231,22.128932178932182,22.35,22.35,33.666666666666664,0.23809523809523808,2026-02,avg_duration_by_zone_hour,False
36,Bushwick North,5,126,20.59722222222222,20.258333333333333,20.258333333333333,32.525,0.23809523809523808,2026-02,avg_duration_by_zone_hour,False
168,Mott Haven/Port Morris,0,84,15.345833333333333,14.791666666666668,14.791666666666668,25.703333333333337,0.23809523809523808,2026-02,avg_duration_by_zone_hour,False
112,Greenpoint,3,143,17.04020979020979,17.233333333333334,17.233333333333334,25.57,0.23776223776223776,2026-02,avg_duration_by_zone_hour,False
243,Washington Heights North,6,198,24.884343434343435,23.03333333333333,23.03333333333333,36.195,0.23737373737373738,2026-02,avg_duration_by_zone_hour,False
215,South Jamaica,16,59,34.237570621468926,35.18333333333333,35.18333333333333,54.80000000000001,0.23728813559322035,2026-02,avg_duration_by_zone_hour,False
80,East Williamsburg,3,329,19.45982776089159,19.416666666666668,19.416666666666668,29.003333333333334,0.23708206686930092,2026-02,avg_duration_by_zone_hour,False
60,Crotona Park East,10,38,38.32061403508772,36.88333333333333,36.88333333333333,72.78666666666669,0.23684210526315788,2026-02,avg_duration_by_zone_hour,False
195,Red Hook,9,114,33.54137426900585,32.05833333333333,32.05833333333333,50.54666666666667,0.23684210526315788,2026-02,avg_duration_by_zone_hour,False
71,East Flatbush/Farragut,22,38,23.974561403508773,22.566666666666666,22.566666666666666,38.191666666666684,0.23684210526315788,2026-02,avg_duration_by_zone_hour,False
66,DUMBO/Vinegar Hill,20,266,21.83984962406015,21.2,21.2,33.2,0.23684210526315788,2026-02,avg_duration_by_zone_hour,False
17,Bedford,1,76,20.25526315789474,20.175,20.175,32.983333333333334,0.23684210526315788,2026-02,avg_duration_by_zone_hour,False
247,West Concourse,23,38,16.537719298245612,14.583333333333332,14.583333333333332,28.005,0.23684210526315788,2026-02,avg_duration_by_zone_hour,False
157,Maspeth,4,229,18.591921397379913,18.633333333333333,18.633333333333333,26.766666666666666,0.23580786026200873,2026-02,avg_duration_by_zone_hour,False
228,Sunset Park West,4,51,19.480718954248367,20.566666666666666,20.566666666666666,28.4,0.23529411764705882,2026-02,avg_duration_by_zone_hour,False
260,Woodside,5,68,17.814950980392158,16.683333333333334,16.683333333333334,28.32,0.23529411764705882,2026-02,avg_duration_by_zone_hour,False
7,Astoria,1,221,17.405203619909503,18.183333333333334,18.183333333333334,26.666666666666668,0.23529411764705882,2026-02,avg_duration_by_zone_hour,False
87,Financial District North,3,183,15.125865209471767,15.316666666666666,15.316666666666666,22.440000000000005,0.23497267759562843,2026-02,avg_duration_by_zone_hour,False
198,Ridgewood,20,64,23.06796875,23.008333333333333,23.008333333333333,39.68833333333333,0.234375,2026-02,avg_duration_by_zone_hour,False
195,Red Hook,19,77,26.26839826839827,25.733333333333334,25.733333333333334,39.95000000000001,0.23376623376623376,2026-02,avg_duration_by_zone_hour,False
257,Windsor Terrace,13,30,27.511111111111113,27.375,27.375,40.16500000000001,0.23333333333333334,2026-02,avg_duration_by_zone_hour,False
223,Steinway,4,60,17.86138888888889,17.641666666666666,17.641666666666666,27.098333333333336,0.23333333333333334,2026-02,avg_duration_by_zone_hour,False
66,DUMBO/Vinegar Hill,22,283,21.19399293286219,21.083333333333332,21.083333333333332,30.193333333333335,0.2332155477031802,2026-02,avg_duration_by_zone_hour,False
179,Old Astoria,6,206,23.698867313915855,22.025,22.025,35.175,0.23300970873786409,2026-02,avg_duration_by_zone_hour,False
10,Baisley Park,14,73,38.54817351598174,41.3,41.3,65.01333333333332,0.2328767123287671,2026-02,avg_duration_by_zone_hour,False
138,LaGuardia Airport,17,4983,33.807338283497224,31.583333333333332,31.583333333333332,51.06333333333334,0.23259080874974913,2026-02,avg_duration_by_zone_hour,False
92,Flushing,10,43,51.516666666666666,50.75,50.75,76.74000000000001,0.23255813953488372,2026-02,avg_duration_by_zone_hour,False
145,Long Island City/Hunters Point,23,413,20.005690072639226,20.0,20.0,29.96666666666667,0.2324455205811138,2026-02,avg_duration_by_zone_hour,False
256,Williamsburg (South Side),10,138,27.026932367149758,27.71666666666667,27.71666666666667,43.88666666666666,0.2318840579710145,2026-02,avg_duration_by_zone_hour,False
145,Long Island City/Hunters Point,0,393,19.57459711620017,19.566666666666666,19.566666666666666,29.590000000000007,0.23155216284987276,2026-02,avg_duration_by_zone_hour,False
70,East Elmhurst,19,333,25.46226226226226,23.95,23.95,35.63666666666666,0.23123123123123124,2026-02,avg_duration_by_zone_hour,False
83,Elmhurst/Maspeth,7,65,28.462307692307693,29.183333333333334,29.183333333333334,44.99333333333333,0.23076923076923078,2026-02,avg_duration_by_zone_hour,False
36,Bushwick North,6,113,25.447197640117995,25.2,25.2,39.12666666666666,0.23008849557522124,2026-02,avg_duration_by_zone_hour,False
52,Cobble Hill,21,74,20.55337837837838,20.233333333333334,20.233333333333334,31.773333333333337,0.22972972972972974,2026-02,avg_duration_by_zone_hour,False
112,Greenpoint,2,183,17.389253187613843,17.133333333333333,17.133333333333333,24.810000000000002,0.22950819672131148,2026-02,avg_duration_by_zone_hour,False
138,LaGuardia Airport,16,4982,35.35882844908336,33.175,33.175,54.211666666666694,0.22942593336009634,2026-02,avg_duration_by_zone_hour,False
247,West Concourse,22,48,18.518055555555556,15.774999999999999,15.774999999999999,26.996666666666684,0.22916666666666666,2026-02,avg_duration_by_zone_hour,False
132,JFK Airport,11,3079,41.422750893147125,42.21666666666667,42.21666666666667,66.88666666666668,0.22864566417668075,2026-02,avg_duration_by_zone_hour,False
14,Bay Ridge,3,35,43.62809523809524,48.65,48.65,78.61333333333334,0.22857142857142856,2026-02,avg_duration_by_zone_hour,False
52,Cobble Hill,17,92,26.960869565217394,26.391666666666666,26.391666666666666,48.36333333333334,0.22826086956521738,2026-02,avg_duration_by_zone_hour,False
88,Financial District South,1,338,15.399802761341222,14.908333333333333,14.908333333333333,23.218333333333337,0.22781065088757396,2026-02,avg_duration_by_zone_hour,False
216,South Ozone Park,0,66,19.06767676767677,19.141666666666666,19.141666666666666,30.25,0.22727272727272727,2026-02,avg_duration_by_zone_hour,False
181,Park Slope,4,44,18.090530303030302,19.15,19.15,26.35,0.22727272727272727,2026-02,avg_duration_by_zone_hour,False
36,Bushwick North,21,128,23.709895833333334,24.541666666666664,24.541666666666664,36.391666666666666,0.2265625,2026-02,avg_duration_by_zone_hour,False
145,Long Island City/Hunters Point,1,243,18.001508916323733,17.633333333333333,17.633333333333333,26.480000000000004,0.22633744855967078,2026-02,avg_duration_by_zone_hour,False
80,East Williamsburg,4,283,18.542873969375737,19.483333333333334,19.483333333333334,27.843333333333334,0.22614840989399293,2026-02,avg_duration_by_zone_hour,False
202,Roosevelt Island,18,31,33.62634408602151,29.616666666666667,29.616666666666667,51.85,0.22580645161290322,2026-02,avg_duration_by_zone_hour,False
22,Bensonhurst West,16,31,28.228494623655912,20.683333333333334,20.683333333333334,60.8,0.22580645161290322,2026-02,avg_duration_by_zone_hour,False
177,Ocean Hill,1,31,23.561290322580643,24.933333333333334,24.933333333333334,36.63333333333333,0.22580645161290322,2026-02,avg_duration_by_zone_hour,False
51,Co-Op City,22,31,21.748924731182797,19.95,19.95,33.36666666666667,0.22580645161290322,2026-02,avg_duration_by_zone_hour,False
88,Financial District South,2,173,16.219075144508672,15.333333333333334,15.333333333333334,24.940000000000012,0.2254335260115607,2026-02,avg_duration_by_zone_hour,False
13,Battery Park City,5,120,16.73125,15.291666666666668,15.291666666666668,26.21333333333334,0.225,2026-02,avg_duration_by_zone_hour,False
40,Carroll Gardens,10,58,23.76609195402299,22.191666666666666,22.191666666666666,33.31,0.22413793103448276,2026-02,avg_duration_by_zone_hour,False
70,East Elmhurst,23,384,21.224045138888886,20.291666666666668,20.291666666666668,29.916666666666668,0.22395833333333334,2026-02,avg_duration_by_zone_hour,False
25,Boerum Hill,1,130,20.65974358974359,20.741666666666667,20.741666666666667,30.595000000000006,0.2230769230769231,2026-02,avg_duration_by_zone_hour,False
146,Long Island City/Queens Plaza,6,148,17.644256756756757,17.833333333333332,17.833333333333332,27.46,0.22297297297297297,2026-02,avg_duration_by_zone_hour,False
62,Crown Heights South,0,36,22.850925925925925,23.75,23.75,35.4,0.2222222222222222,2026-02,avg_duration_by_zone_hour,False
33,Brooklyn Heights,6,81,22.536213991769547,21.45,21.45,36.55,0.2222222222222222,2026-02,avg_duration_by_zone_hour,False
34,Brooklyn Navy Yard,22,36,21.09027777777778,20.741666666666667,20.741666666666667,33.7,0.2222222222222222,2026-02,avg_duration_by_zone_hour,False
17,Bedford,3,36,20.333333333333332,20.183333333333334,20.183333333333334,28.416666666666664,0.2222222222222222,2026-02,avg_duration_by_zone_hour,False
196,Rego Park,21,54,17.614197530864196,17.108333333333334,17.108333333333334,26.84,0.2222222222222222,2026-02,avg_duration_by_zone_hour,False
261,World Trade Center,5,63,14.838095238095237,13.25,13.25,24.213333333333342,0.2222222222222222,2026-02,avg_duration_by_zone_hour,False
70,East Elmhurst,14,425,33.95498039215686,33.05,33.05,50.28,0.2211764705882353,2026-02,avg_duration_by_zone_hour,False
255,Williamsburg (North Side),12,104,23.10544871794872,21.933333333333334,21.933333333333334,33.651666666666664,0.22115384615384615,2026-02,avg_duration_by_zone_hour,False
255,Williamsburg (North Side),16,199,26.44857621440536,25.933333333333334,25.933333333333334,37.98666666666667,0.22110552763819097,2026-02,avg_duration_by_zone_hour,False
7,Astoria,6,435,22.312107279693485,21.266666666666666,21.266666666666666,31.353333333333335,0.2206896551724138,2026-02,avg_duration_by_zone_hour,False
36,Bushwick North,14,109,33.05810397553517,30.4,30.4,51.683333333333344,0.22018348623853212,2026-02,avg_duration_by_zone_hour,False
195,Red Hook,20,50,27.75133333333333,25.358333333333334,25.358333333333334,42.16666666666667,0.22,2026-02,avg_duration_by_zone_hour,False
145,Long Island City/Hunters Point,4,260,17.327435897435898,17.733333333333334,17.733333333333334,26.044999999999998,0.21923076923076923,2026-02,avg_duration_by_zone_hour,False
208,Schuylerville/Edgewater Park,6,64,37.225260416666664,38.900000000000006,38.900000000000006,56.19166666666668,0.21875,2026-02,avg_duration_by_zone_hour,False
155,Marine Park/Mill Basin,22,32,19.575520833333332,18.066666666666666,18.066666666666666,38.128333333333345,0.21875,2026-02,avg_duration_by_zone_hour,False
244,Washington Heights South,3,55,12.823636363636362,12.783333333333333,12.783333333333333,19.286666666666665,0.21818181818181817,2026-02,avg_duration_by_zone_hour,False
138,LaGuardia Airport,1,601,19.82728785357737,19.283333333333335,19.283333333333335,28.066666666666666,0.21797004991680533,2026-02,avg_duration_by_zone_hour,False
138,LaGuardia Airport,9,2808,38.557092830009495,37.85,37.85,60.1,0.21723646723646722,2026-02,avg_duration_by_zone_hour,False
133,Kensington,6,83,29.557028112449796,27.95,27.95,40.86,0.21686746987951808,2026-02,avg_duration_by_zone_hour,False
138,LaGuardia Airport,10,3957,36.672466515036646,35.516666666666666,35.9,56.6,0.21632549911549154,2026-02,avg_duration_by_zone_hour,False
70,East Elmhurst,11,307,34.37236699239957,34.266666666666666,34.266666666666666,51.756666666666675,0.21498371335504887,2026-02,avg_duration_by_zone_hour,False
127,Inwood,22,56,18.33422619047619,18.799999999999997,18.799999999999997,27.625,0.21428571428571427,2026-02,avg_duration_by_zone_hour,False
142,Lincoln Square East,5,411,14.74809407948094,9.8,9.8,35.35,0.2141119221411192,2026-02,avg_duration_by_zone_hour,False
138,LaGuardia Airport,15,5480,36.081131386861315,34.516666666666666,34.516666666666666,53.9,0.21332116788321168,2026-02,avg_duration_by_zone_hour,False
138,LaGuardia Airport,7,708,36.997128060263655,35.791666666666664,35.791666666666664,53.425000000000026,0.2132768361581921,2026-02,avg_duration_by_zone_hour,False
155,Marine Park/Mill Basin,20,47,25.309574468085106,24.35,24.35,40.25666666666665,0.2127659574468085,2026-02,avg_duration_by_zone_hour,False
228,Sunset Park West,1,33,20.735353535353536,22.1,22.1,31.293333333333333,0.21212121212121213,2026-02,avg_duration_by_zone_hour,False
138,LaGuardia Airport,18,4666,30.074499928561224,28.65,28.65,44.61666666666667,0.21195885126446634,2026-02,avg_duration_by_zone_hour,False
243,Washington Heights North,0,90,15.989999999999998,17.025,17.025,23.758333333333336,0.2111111111111111,2026-02,avg_duration_by_zone_hour,False
242,Van Nest/Morris Park,23,38,19.481140350877194,17.791666666666668,17.791666666666668,34.455000000000005,0.21052631578947367,2026-02,avg_duration_by_zone_hour,False
33,Brooklyn Heights,22,252,19.793320105820108,19.975,19.975,29.145,0.21031746031746032,2026-02,avg_duration_by_zone_hour,False
166,Morningside Heights,5,195,16.033760683760686,15.6,15.6,23.81666666666666,0.21025641025641026,2026-02,avg_duration_by_zone_hour,False
215,South Jamaica,21,43,27.72093023255814,27.933333333333334,27.933333333333334,45.87000000000001,0.20930232558139536,2026-02,avg_duration_by_zone_hour,False
222,Starrett City,6,67,54.060199004975125,55.9,55.9,88.91666666666667,0.208955223880597,2026-02,avg_duration_by_zone_hour,False
36,Bushwick North,1,278,22.788069544364507,23.758333333333333,23.758333333333333,32.565,0.20863309352517986,2026-02,avg_duration_by_zone_hour,False
225,Stuyvesant Heights,2,58,23.701436781609196,25.258333333333333,25.258333333333333,38.095000000000006,0.20689655172413793,2026-02,avg_duration_by_zone_hour,False
36,Bushwick North,2,290,21.887873563218392,22.366666666666667,22.366666666666667,31.653333333333336,0.20689655172413793,2026-02,avg_duration_by_zone_hour,False
138,LaGuardia Airport,13,3934,32.20905778681579,30.95,30.95,47.75,0.20640569395017794,2026-02,avg_duration_by_zone_hour,False
25,Boerum Hill,2,97,20.96340206185567,19.95,19.95,29.973333333333336,0.20618556701030927,2026-02,avg_duration_by_zone_hour,False
86,Far Rockaway,18,34,57.1078431372549,62.325,62.325,92.92166666666667,0.20588235294117646,2026-02,avg_duration_by_zone_hour,False
70,East Elmhurst,1,73,19.03287671232877,18.566666666666666,18.566666666666666,27.923333333333332,0.2054794520547945,2026-02,avg_duration_by_zone_hour,False
231,TriBeCa/Civic Center,6,370,14.741171171171171,13.966666666666667,13.966666666666667,22.81833333333334,0.20540540540540542,2026-02,avg_duration_by_zone_hour,False
124,Howard Beach,8,39,37.67948717948718,37.9,37.9,73.43333333333334,0.20512820512820512,2026-02,avg_duration_by_zone_hour,False
228,Sunset Park West,2,44,25.63598484848485,25.90833333333333,25.90833333333333,37.35166666666667,0.20454545454545456,2026-02,avg_duration_by_zone_hour,False
40,Carroll Gardens,20,59,21.587005649717515,21.85,21.85,32.16666666666667,0.2033898305084746,2026-02,avg_duration_by_zone_hour,False
112,Greenpoint,1,241,18.272752420470265,18.483333333333334,18.483333333333334,27.9,0.2033195020746888,2026-02,avg_duration_by_zone_hour,False
70,East Elmhurst,22,335,20.68228855721393,20.366666666666667,20.366666666666667,28.640000000000004,0.20298507462686566,2026-02,avg_duration_by_zone_hour,False
132,JFK Airport,0,4271,27.655607586045424,28.75,28.75,41.166666666666664,0.202762819011941,2026-02,avg_duration_by_zone_hour,False
112,Greenpoint,23,405,20.587942386831276,20.616666666666667,20.616666666666667,29.043333333333337,0.20246913580246914,2026-02,avg_duration_by_zone_hour,False
230,Times Sq/Theatre District,5,557,17.170945541591863,14.25,14.25,34.41666666666667,0.20107719928186715,2026-02,avg_duration_by_zone_hour,False
92,Flushing,9,30,46.922222222222224,48.925,48.925,74.845,0.2,2026-02,avg_duration_by_zone_hour,False
205,Saint Albans,19,45,45.84259259259259,49.083333333333336,49.083333333333336,70.48,0.2,2026-02,avg_duration_by_zone_hour,False
106,Gowanus,15,45,35.65592592592593,35.61666666666667,35.61666666666667,53.63666666666667,0.2,2026-02,avg_duration_by_zone_hour,False
54,Columbia Street,9,30,28.357222222222223,27.608333333333334,27.608333333333334,44.2,0.2,2026-02,avg_duration_by_zone_hour,False
215,South Jamaica,22,40,22.00958333333333,22.166666666666664,22.166666666666664,35.47666666666667,0.2,2026-02,avg_duration_by_zone_hour,False
34,Brooklyn Navy Yard,3,50,21.570999999999998,20.84166666666667,20.84166666666667,28.313333333333336,0.2,2026-02,avg_duration_by_zone_hour,False
119,Highbridge,20,30,20.31722222222222,18.34166666666667,18.34166666666667,31.41166666666667,0.2,2026-02,avg_duration_by_zone_hour,False
138,LaGuardia Airport,19,4961,26.983497950681986,25.65,25.65,39.1,0.19955654101995565,2026-02,avg_duration_by_zone_hour,False
75,East Harlem South,4,201,14.167578772802655,13.7,13.7,22.716666666666665,0.19900497512437812,2026-02,avg_duration_by_zone_hour,False
33,Brooklyn Heights,7,186,27.247580645161293,26.366666666666667,26.366666666666667,41.84166666666667,0.1989247311827957,2026-02,avg_duration_by_zone_hour,False
7,Astoria,3,182,16.934615384615384,17.75,17.75,25.46666666666667,0.1978021978021978,2026-02,avg_duration_by_zone_hour,False
34,Brooklyn Navy Yard,5,71,18.079577464788734,17.916666666666668,17.916666666666668,25.116666666666667,0.19718309859154928,2026-02,avg_duration_by_zone_hour,False
132,JFK Airport,23,6846,28.7252897068848,29.683333333333334,29.683333333333334,43.583333333333336,0.1969033011977797,2026-02,avg_duration_by_zone_hour,False
80,East Williamsburg,5,122,17.76502732240437,18.65,18.65,25.278333333333336,0.19672131147540983,2026-02,avg_duration_by_zone_hour,False
230,Times Sq/Theatre District,4,555,16.774354354354355,14.083333333333334,14.083333333333334,31.91333333333334,0.1963963963963964,2026-02,avg_duration_by_zone_hour,False
228,Sunset Park West,3,72,22.268749999999997,22.733333333333334,22.733333333333334,30.093333333333334,0.19444444444444445,2026-02,avg_duration_by_zone_hour,False
138,LaGuardia Airport,14,5780,35.495144175317186,34.266666666666666,34.266666666666666,52.17000000000001,0.1939446366782007,2026-02,avg_duration_by_zone_hour,False
160,Middle Village,23,31,16.57688172043011,16.216666666666665,16.216666666666665,25.566666666666666,0.1935483870967742,2026-02,avg_duration_by_zone_hour,False
7,Astoria,0,362,18.212338858195213,19.266666666666666,19.266666666666666,26.815000000000005,0.19337016574585636,2026-02,avg_duration_by_zone_hour,False
138,LaGuardia Airport,11,3437,34.53185433032684,33.916666666666664,33.916666666666664,51.42333333333333,0.19319173697992434,2026-02,avg_duration_by_zone_hour,False
83,Elmhurst/Maspeth,6,58,19.981896551724137,20.541666666666668,20.541666666666668,31.75,0.1896551724137931,2026-02,avg_duration_by_zone_hour,False
195,Red Hook,23,37,24.702252252252254,25.516666666666666,25.516666666666666,34.54,0.1891891891891892,2026-02,avg_duration_by_zone_hour,False
145,Long Island City/Hunters Point,2,133,18.127568922305766,18.45,18.45,25.86,0.18796992481203006,2026-02,avg_duration_by_zone_hour,False
195,Red Hook,12,32,31.871354166666666,28.291666666666668,28.291666666666668,40.27500000000001,0.1875,2026-02,avg_duration_by_zone_hour,False
13,Battery Park City,6,292,17.39908675799087,16.933333333333334,16.933333333333334,25.245000000000008,0.18493150684931506,2026-02,avg_duration_by_zone_hour,False
33,Brooklyn Heights,0,103,19.32313915857605,19.216666666666665,19.216666666666665,29.673333333333332,0.18446601941747573,2026-02,avg_duration_by_zone_hour,False
138,LaGuardia Airport,12,3935,32.50776365946633,31.416666666666668,31.416666666666668,47.636666666666656,0.18424396442185514,2026-02,avg_duration_by_zone_hour,False
138,LaGuardia Airport,8,1378,43.262191582002906,43.75833333333333,43.75833333333333,63.01,0.18214804063860668,2026-02,avg_duration_by_zone_hour,False
255,Williamsburg (North Side),6,66,21.829545454545453,21.56666666666667,21.56666666666667,28.641666666666666,0.18181818181818182,2026-02,avg_duration_by_zone_hour,False
54,Columbia Street,7,39,23.619230769230768,24.65,24.65,33.15666666666667,0.1794871794871795,2026-02,avg_duration_by_zone_hour,False
138,LaGuardia Airport,0,2633,20.015850107608557,19.283333333333335,19.283333333333335,27.99666666666667,0.1777440182301557,2026-02,avg_duration_by_zone_hour,False
236,Upper East Side North,5,496,14.009374999999999,10.825,10.825,31.916666666666668,0.1774193548387097,2026-02,avg_duration_by_zone_hour,False
106,Gowanus,20,51,20.492483660130716,22.916666666666668,22.916666666666668,31.0,0.17647058823529413,2026-02,avg_duration_by_zone_hour,False
127,Inwood,5,34,17.33235294117647,17.508333333333333,17.508333333333333,23.991666666666664,0.17647058823529413,2026-02,avg_duration_by_zone_hour,False
239,Upper West Side South,5,510,15.131013071895424,11.191666666666666,11.191666666666666,29.408333333333335,0.17647058823529413,2026-02,avg_duration_by_zone_hour,False
70,East Elmhurst,21,516,23.033074935400517,22.84166666666667,22.84166666666667,33.58333333333333,0.17635658914728683,2026-02,avg_duration_by_zone_hour,False
54,Columbia Street,8,57,27.30233918128655,27.233333333333334,27.233333333333334,38.46999999999999,0.17543859649122806,2026-02,avg_duration_by_zone_hour,False
138,LaGuardia Airport,22,3717,21.728822527127615,21.0,21.0,30.25,0.17541027710519236,2026-02,avg_duration_by_zone_hour,False
163,Midtown North,5,284,16.916901408450702,10.4,10.4,40.51,0.17253521126760563,2026-02,avg_duration_by_zone_hour,False
138,LaGuardia Airport,20,4808,24.053126733222406,22.85,22.85,34.22166666666667,0.17054908485856904,2026-02,avg_duration_by_zone_hour,False
132,JFK Airport,12,4035,43.142482445270545,44.63333333333333,44.63333333333333,66.33333333333333,0.17026022304832714,2026-02,avg_duration_by_zone_hour,False
181,Park Slope,5,47,23.42695035460993,22.933333333333334,22.933333333333334,32.15,0.1702127659574468,2026-02,avg_duration_by_zone_hour,False
132,JFK Airport,14,6630,49.89548516842634,51.13333333333333,51.13333333333333,73.73333333333333,0.16711915535444946,2026-02,avg_duration_by_zone_hour,False
86,Far Rockaway,5,66,77.3989898989899,79.2,79.2,104.01666666666667,0.16666666666666666,2026-02,avg_duration_by_zone_hour,False
33,Brooklyn Heights,5,30,21.64611111111111,19.741666666666667,19.741666666666667,34.845000000000006,0.16666666666666666,2026-02,avg_duration_by_zone_hour,False
238,Upper West Side North,5,558,15.995041816009559,12.166666666666666,12.166666666666666,32.79833333333334,0.16487455197132617,2026-02,avg_duration_by_zone_hour,False
138,LaGuardia Airport,3,49,20.881292517006802,19.333333333333332,19.333333333333332,28.620000000000005,0.16326530612244897,2026-02,avg_duration_by_zone_hour,False
88,Financial District South,5,44,15.917045454545455,15.225,15.225,22.85166666666667,0.1590909090909091,2026-02,avg_duration_by_zone_hour,False
193,Queensbridge/Ravenswood,4,38,15.958771929824563,15.541666666666668,15.541666666666668,24.49500000000001,0.15789473684210525,2026-02,avg_duration_by_zone_hour,False
138,LaGuardia Airport,23,4675,21.245978609625666,20.516666666666666,20.516666666666666,29.69333333333334,0.15764705882352942,2026-02,avg_duration_by_zone_hour,False
132,JFK Airport,13,5890,46.703313525749856,47.8,47.8,70.15,0.1534804753820034,2026-02,avg_duration_by_zone_hour,False
132,JFK Airport,15,7921,52.28975297731768,53.81666666666667,54.0,75.71666666666667,0.15111728317131676,2026-02,avg_duration_by_zone_hour,False
138,LaGuardia Airport,21,5310,23.04806967984934,22.316666666666666,22.316666666666666,32.21666666666667,0.1504708097928437,2026-02,avg_duration_by_zone_hour,False
195,Red Hook,22,56,24.747023809523807,24.583333333333336,24.583333333333336,36.45,0.14285714285714285,2026-02,avg_duration_by_zone_hour,False
132,JFK Airport,22,8009,30.527833270903567,32.28333333333333,32.28333333333333,44.15333333333333,0.13759520539393183,2026-02,avg_duration_by_zone_hour,False
132,JFK Airport,18,6787,43.90360493099553,45.75,45.75,61.67333333333334,0.13614262560777957,2026-02,avg_duration_by_zone_hour,False
132,JFK Airport,19,8788,39.54948224852071,41.45,41.45,55.62166666666667,0.1356395084205735,2026-02,avg_duration_by_zone_hour,False
132,JFK Airport,20,8955,36.07887958310069,38.31666666666667,38.31666666666667,51.61000000000001,0.13456169737576773,2026-02,avg_duration_by_zone_hour,False
45,Chinatown,5,45,16.30111111111111,16.133333333333333,16.133333333333333,23.020000000000003,0.13333333333333333,2026-02,avg_duration_by_zone_hour,False
220,Spuyten Duyvil/Kingsbridge,22,38,17.085087719298247,17.225,17.225,22.68000000000001,0.13157894736842105,2026-02,avg_duration_by_zone_hour,False
132,JFK Airport,16,8851,53.892432116898284,55.233333333333334,55.391666666666666,75.8,0.1289119873460626,2026-02,avg_duration_by_zone_hour,False
132,JFK Airport,17,7059,49.388452094253196,50.766666666666666,50.766666666666666,68.55,0.12792180195495112,2026-02,avg_duration_by_zone_hour,False
132,JFK Airport,21,7625,31.91593442622951,33.93333333333333,33.93333333333333,45.96666666666667,0.12511475409836065,2026-02,avg_duration_by_zone_hour,False
228,Sunset Park West,5,42,22.895634920634922,25.483333333333334,25.483333333333334,32.404999999999994,0.11904761904761904,2026-02,avg_duration_by_zone_hour,False
168,Mott Haven/Port Morris,3,33,13.711616161616162,14.65,14.65,18.06,0.09090909090909091,2026-02,avg_duration_by_zone_hour,False
40,Carroll Gardens,5,32,19.388020833333332,20.583333333333332,20.583333333333332,25.43166666666667,0.0625,2026-02,avg_duration_by_zone_hour,False
154,Marine Park/Floyd Bennett Field,8,2,121.94999999999999,121.94999999999999,29.55,130.47,1.0,2026-02,avg_duration_by_zone_hour,True
23,Bloomfield/Emerson Hill,16,1,100.6,100.6,15.233333333333333,100.6,1.0,2026-02,avg_duration_by_zone_hour,True
58,Country Club,13,2,92.83333333333334,92.83333333333334,32.1,105.54,1.0,2026-02,avg_duration_by_zone_hour,True
27,Breezy Point/Fort Tilden/Riis Beach,15,1,88.86666666666666,88.86666666666666,41.333333333333336,88.86666666666666,1.0,2026-02,avg_duration_by_zone_hour,True
117,Hammels/Arverne,3,4,88.625,82.36666666666667,16.966666666666665,103.35666666666667,1.0,2026-02,avg_duration_by_zone_hour,True
128,Inwood Hill Park,14,13,88.36666666666666,102.65,14.066666666666666,121.61,1.0,2026-02,avg_duration_by_zone_hour,True
46,City Island,16,3,87.14444444444445,87.9,30.883333333333333,124.03333333333333,1.0,2026-02,avg_duration_by_zone_hour,True
109,Great Kills,8,1,83.4,83.4,29.85,83.4,1.0,2026-02,avg_duration_by_zone_hour,True
2,Jamaica Bay,9,1,82.5,82.5,33.53333333333333,82.5,1.0,2026-02,avg_duration_by_zone_hour,True
27,Breezy Point/Fort Tilden/Riis Beach,9,1,82.15,82.15,33.53333333333333,82.15,1.0,2026-02,avg_duration_by_zone_hour,True
46,City Island,13,2,81.51666666666667,81.51666666666667,32.1,85.27666666666667,1.0,2026-02,avg_duration_by_zone_hour,True
109,Great Kills,5,1,74.75,74.75,13.666666666666666,74.75,1.0,2026-02,avg_duration_by_zone_hour,True
187,Port Richmond,7,1,71.88333333333334,71.88333333333334,29.058333333333334,71.88333333333334,1.0,2026-02,avg_duration_by_zone_hour,True
27,Breezy Point/Fort Tilden/Riis Beach,16,1,68.05,68.05,42.81666666666667,68.05,1.0,2026-02,avg_duration_by_zone_hour,True
101,Glen Oaks,10,4,68.0,65.69166666666666,33.733333333333334,85.99666666666667,1.0,2026-02,avg_duration_by_zone_hour,True
176,Oakwood,20,1,67.0,67.0,13.733333333333333,67.0,1.0,2026-02,avg_duration_by_zone_hour,True
8,Astoria Park,17,1,66.9,66.9,36.35,66.9,1.0,2026-02,avg_duration_by_zone_hour,True
96,Forest Park/Highland Park,11,3,66.22222222222223,62.483333333333334,33.56666666666667,72.00333333333334,1.0,2026-02,avg_duration_by_zone_hour,True
199,Rikers Island,8,1,65.05,65.05,32.141666666666666,65.05,1.0,2026-02,avg_duration_by_zone_hour,True
46,City Island,14,4,64.52916666666667,56.78333333333333,30.233333333333334,88.67166666666667,1.0,2026-02,avg_duration_by_zone_hour,True
117,Hammels/Arverne,4,25,63.248000000000005,65.01666666666667,17.4,90.88000000000001,1.0,2026-02,avg_duration_by_zone_hour,True
27,Breezy Point/Fort Tilden/Riis Beach,14,1,63.233333333333334,63.233333333333334,38.6,63.233333333333334,1.0,2026-02,avg_duration_by_zone_hour,True
210,Sheepshead Bay,4,14,61.9,62.650000000000006,19.583333333333332,82.79666666666668,1.0,2026-02,avg_duration_by_zone_hour,True
240,Van Cortlandt Park,13,3,61.611111111111114,59.45,32.1,72.29,1.0,2026-02,avg_duration_by_zone_hour,True
240,Van Cortlandt Park,19,1,61.11666666666667,61.11666666666667,20.7,61.11666666666667,1.0,2026-02,avg_duration_by_zone_hour,True
86,Far Rockaway,3,1,60.516666666666666,60.516666666666666,16.966666666666665,60.516666666666666,1.0,2026-02,avg_duration_by_zone_hour,True
46,City Island,3,1,60.36666666666667,60.36666666666667,16.46666666666667,60.36666666666667,1.0,2026-02,avg_duration_by_zone_hour,True
58,Country Club,17,2,59.90833333333333,59.90833333333333,27.008333333333333,72.40833333333333,1.0,2026-02,avg_duration_by_zone_hour,True
172,New Dorp/Midland Beach,9,1,58.833333333333336,58.833333333333336,14.783333333333333,58.833333333333336,1.0,2026-02,avg_duration_by_zone_hour,True
118,Heartland Village/Todt Hill,14,1,58.78333333333333,58.78333333333333,15.633333333333333,58.78333333333333,1.0,2026-02,avg_duration_by_zone_hour,True
109,Great Kills,18,1,58.75,58.75,14.1,58.75,1.0,2026-02,avg_duration_by_zone_hour,True
58,Country Club,4,3,57.79999999999999,52.78333333333333,19.833333333333332,67.42333333333333,1.0,2026-02,avg_duration_by_zone_hour,True
30,Broad Channel,8,1,55.733333333333334,55.733333333333334,33.65,55.733333333333334,1.0,2026-02,avg_duration_by_zone_hour,True
99,Freshkills Park,15,1,55.583333333333336,55.583333333333336,15.65,55.583333333333336,1.0,2026-02,avg_duration_by_zone_hour,True
150,Manhattan Beach,5,3,55.01111111111111,53.583333333333336,23.483333333333334,62.46333333333334,1.0,2026-02,avg_duration_by_zone_hour,True
46,City Island,5,1,52.78333333333333,52.78333333333333,27.383333333333333,52.78333333333333,1.0,2026-02,avg_duration_by_zone_hour,True
30,Broad Channel,12,1,52.483333333333334,52.483333333333334,33.38333333333333,52.483333333333334,1.0,2026-02,avg_duration_by_zone_hour,True
245,West Brighton,8,1,51.916666666666664,51.916666666666664,29.85,51.916666666666664,1.0,2026-02,avg_duration_by_zone_hour,True
23,Bloomfield/Emerson Hill,6,1,51.43333333333333,51.43333333333333,24.791666666666664,51.43333333333333,1.0,2026-02,avg_duration_by_zone_hour,True
1,Newark Airport,16,4,51.208333333333336,50.05,15.233333333333333,65.37,1.0,2026-02,avg_duration_by_zone_hour,True
245,West Brighton,10,1,51.1,51.1,14.733333333333333,51.1,1.0,2026-02,avg_duration_by_zone_hour,True
46,City Island,6,3,50.26111111111111,48.75,32.43333333333333,57.45666666666666,1.0,2026-02,avg_duration_by_zone_hour,True
156,Mariners Harbor,21,1,49.31666666666667,49.31666666666667,13.716666666666667,49.31666666666667,1.0,2026-02,avg_duration_by_zone_hour,True
206,Saint George/New Brighton,7,1,48.88333333333333,48.88333333333333,29.058333333333334,48.88333333333333,1.0,2026-02,avg_duration_by_zone_hour,True
222,Starrett City,3,5,48.44666666666667,48.28333333333333,18.966666666666665,60.25666666666667,1.0,2026-02,avg_duration_by_zone_hour,True
176,Oakwood,5,1,48.016666666666666,48.016666666666666,13.666666666666666,48.016666666666666,1.0,2026-02,avg_duration_by_zone_hour,True
150,Manhattan Beach,21,6,47.833333333333336,50.40833333333333,22.083333333333332,60.541666666666664,1.0,2026-02,avg_duration_by_zone_hour,True
206,Saint George/New Brighton,21,2,47.175,47.175,13.716666666666667,47.461666666666666,1.0,2026-02,avg_duration_by_zone_hour,True
46,City Island,20,3,46.15555555555556,34.36666666666667,20.783333333333335,64.64666666666668,1.0,2026-02,avg_duration_by_zone_hour,True
154,Marine Park/Floyd Bennett Field,7,1,46.1,46.1,29.641666666666666,46.1,1.0,2026-02,avg_duration_by_zone_hour,True
245,West Brighton,16,1,45.95,45.95,15.233333333333333,45.95,1.0,2026-02,avg_duration_by_zone_hour,True
184,Pelham Bay Park,14,1,45.833333333333336,45.833333333333336,30.233333333333334,45.833333333333336,1.0,2026-02,avg_duration_by_zone_hour,True
111,Green-Wood Cemetery,13,1,44.93333333333333,44.93333333333333,28.15,44.93333333333333,1.0,2026-02,avg_duration_by_zone_hour,True
1,Newark Airport,13,2,44.59166666666667,44.59166666666667,15.483333333333333,51.025,1.0,2026-02,avg_duration_by_zone_hour,True
23,Bloomfield/Emerson Hill,14,3,44.01111111111111,51.56666666666667,15.633333333333333,55.56666666666667,1.0,2026-02,avg_duration_by_zone_hour,True
84,Eltingville/Annadale/Prince's Bay,19,1,43.88333333333333,43.88333333333333,13.766666666666667,43.88333333333333,1.0,2026-02,avg_duration_by_zone_hour,True
200,Riverdale/North Riverdale/Fieldston,4,8,43.385416666666664,38.21666666666667,19.833333333333332,62.75666666666667,1.0,2026-02,avg_duration_by_zone_hour,True
206,Saint George/New Brighton,6,1,42.083333333333336,42.083333333333336,24.791666666666664,42.083333333333336,1.0,2026-02,avg_duration_by_zone_hour,True
172,New Dorp/Midland Beach,21,1,41.983333333333334,41.983333333333334,13.716666666666667,41.983333333333334,1.0,2026-02,avg_duration_by_zone_hour,True
59,Crotona Park,18,2,41.63333333333333,41.63333333333333,23.225,44.32666666666667,1.0,2026-02,avg_duration_by_zone_hour,True
120,Highbridge Park,19,1,41.53333333333333,41.53333333333333,12.633333333333333,41.53333333333333,1.0,2026-02,avg_duration_by_zone_hour,True
245,West Brighton,14,1,41.18333333333333,41.18333333333333,15.633333333333333,41.18333333333333,1.0,2026-02,avg_duration_by_zone_hour,True
153,Marble Hill,8,19,41.17280701754386,31.966666666666665,13.283333333333333,81.15666666666667,1.0,2026-02,avg_duration_by_zone_hour,True
128,Inwood Hill Park,5,4,41.1625,34.75833333333333,10.683333333333334,63.55166666666667,1.0,2026-02,avg_duration_by_zone_hour,True
153,Marble Hill,5,8,41.06875,39.75,10.683333333333334,61.50833333333333,1.0,2026-02,avg_duration_by_zone_hour,True
154,Marine Park/Floyd Bennett Field,12,1,41.05,41.05,29.283333333333335,41.05,1.0,2026-02,avg_duration_by_zone_hour,True
155,Marine Park/Mill Basin,4,3,40.36666666666667,46.61666666666667,19.583333333333332,47.43,1.0,2026-02,avg_duration_by_zone_hour,True
47,Claremont/Bathgate,1,1,40.18333333333333,40.18333333333333,14.941666666666666,40.18333333333333,1.0,2026-02,avg_duration_by_zone_hour,True
128,Inwood Hill Park,11,1,40.0,40.0,13.75,40.0,1.0,2026-02,avg_duration_by_zone_hour,True
156,Mariners Harbor,5,1,39.833333333333336,39.833333333333336,13.666666666666666,39.833333333333336,1.0,2026-02,avg_duration_by_zone_hour,True
214,South Beach/Dongan Hills,12,4,39.520833333333336,34.141666666666666,15.133333333333333,58.83000000000001,1.0,2026-02,avg_duration_by_zone_hour,True
86,Far Rockaway,2,2,39.416666666666664,39.416666666666664,17.541666666666668,49.81666666666666,1.0,2026-02,avg_duration_by_zone_hour,True
184,Pelham Bay Park,16,1,38.93333333333333,38.93333333333333,30.883333333333333,38.93333333333333,1.0,2026-02,avg_duration_by_zone_hour,True
206,Saint George/New Brighton,13,1,38.7,38.7,15.483333333333333,38.7,1.0,2026-02,avg_duration_by_zone_hour,True
58,Country Club,21,5,38.516666666666666,33.1,18.84166666666667,54.16666666666667,1.0,2026-02,avg_duration_by_zone_hour,True
109,Great Kills,10,1,37.85,37.85,14.733333333333333,37.85,1.0,2026-02,avg_duration_by_zone_hour,True
120,Highbridge Park,11,4,37.583333333333336,34.68333333333334,13.75,48.976666666666674,1.0,2026-02,avg_duration_by_zone_hour,True
23,Bloomfield/Emerson Hill,5,1,37.5,37.5,13.666666666666666,37.5,1.0,2026-02,avg_duration_by_zone_hour,True
117,Hammels/Arverne,2,1,37.416666666666664,37.416666666666664,17.541666666666668,37.416666666666664,1.0,2026-02,avg_duration_by_zone_hour,True
115,Grymes Hill/Clifton,3,1,36.733333333333334,36.733333333333334,11.883333333333333,36.733333333333334,1.0,2026-02,avg_duration_by_zone_hour,True
64,Douglaston,4,3,36.711111111111116,28.416666666666668,17.4,50.150000000000006,1.0,2026-02,avg_duration_by_zone_hour,True
118,Heartland Village/Todt Hill,21,2,36.625,36.625,13.716666666666667,48.83166666666666,1.0,2026-02,avg_duration_by_zone_hour,True
2,Jamaica Bay,21,1,36.516666666666666,36.516666666666666,24.983333333333334,36.516666666666666,1.0,2026-02,avg_duration_by_zone_hour,True
202,Roosevelt Island,11,23,35.65217391304348,39.15,13.75,47.37,1.0,2026-02,avg_duration_by_zone_hour,True
118,Heartland Village/Todt Hill,22,2,35.33333333333333,35.33333333333333,13.833333333333334,45.50666666666667,1.0,2026-02,avg_duration_by_zone_hour,True
221,Stapleton,21,1,35.31666666666667,35.31666666666667,13.716666666666667,35.31666666666667,1.0,2026-02,avg_duration_by_zone_hour,True
59,Crotona Park,20,2,35.30833333333334,35.30833333333334,20.783333333333335,36.62166666666667,1.0,2026-02,avg_duration_by_zone_hour,True
240,Van Cortlandt Park,3,2,35.21666666666667,35.21666666666667,16.46666666666667,41.230000000000004,1.0,2026-02,avg_duration_by_zone_hour,True
153,Marble Hill,13,6,35.18611111111111,28.883333333333333,14.066666666666666,55.858333333333334,1.0,2026-02,avg_duration_by_zone_hour,True
115,Grymes Hill/Clifton,13,2,35.108333333333334,35.108333333333334,15.483333333333333,47.195,1.0,2026-02,avg_duration_by_zone_hour,True
172,New Dorp/Midland Beach,15,1,34.96666666666667,34.96666666666667,15.65,34.96666666666667,1.0,2026-02,avg_duration_by_zone_hour,True
184,Pelham Bay Park,18,1,34.96666666666667,34.96666666666667,23.225,34.96666666666667,1.0,2026-02,avg_duration_by_zone_hour,True
240,Van Cortlandt Park,23,2,34.36666666666667,34.36666666666667,15.791666666666668,40.68666666666667,1.0,2026-02,avg_duration_by_zone_hour,True
31,Bronx Park,0,1,34.28333333333333,34.28333333333333,15.233333333333333,34.28333333333333,1.0,2026-02,avg_duration_by_zone_hour,True
139,Laurelton,1,3,34.19444444444445,31.666666666666668,19.966666666666665,38.733333333333334,1.0,2026-02,avg_duration_by_zone_hour,True
2,Jamaica Bay,22,1,34.166666666666664,34.166666666666664,24.516666666666666,34.166666666666664,1.0,2026-02,avg_duration_by_zone_hour,True
120,Highbridge Park,15,2,34.041666666666664,34.041666666666664,14.1,39.821666666666665,1.0,2026-02,avg_duration_by_zone_hour,True
2,Jamaica Bay,0,1,33.96666666666667,33.96666666666667,21.433333333333334,33.96666666666667,1.0,2026-02,avg_duration_by_zone_hour,True
156,Mariners Harbor,23,1,33.65,33.65,13.916666666666666,33.65,1.0,2026-02,avg_duration_by_zone_hour,True
59,Crotona Park,4,1,33.61666666666667,33.61666666666667,19.833333333333332,33.61666666666667,1.0,2026-02,avg_duration_by_zone_hour,True
253,Willets Point,21,1,33.583333333333336,33.583333333333336,24.983333333333334,33.583333333333336,1.0,2026-02,avg_duration_by_zone_hour,True
11,Bath Beach,23,1,33.4,33.4,20.8,33.4,1.0,2026-02,avg_duration_by_zone_hour,True
109,Great Kills,15,1,33.266666666666666,33.266666666666666,15.65,33.266666666666666,1.0,2026-02,avg_duration_by_zone_hour,True
206,Saint George/New Brighton,0,1,32.983333333333334,32.983333333333334,13.316666666666666,32.983333333333334,1.0,2026-02,avg_duration_by_zone_hour,True
31,Bronx Park,21,1,32.916666666666664,32.916666666666664,18.84166666666667,32.916666666666664,1.0,2026-02,avg_duration_by_zone_hour,True
27,Breezy Point/Fort Tilden/Riis Beach,22,1,32.71666666666667,32.71666666666667,24.516666666666666,32.71666666666667,1.0,2026-02,avg_duration_by_zone_hour,True
221,Stapleton,20,2,32.641666666666666,32.641666666666666,13.733333333333333,36.02166666666667,1.0,2026-02,avg_duration_by_zone_hour,True
154,Marine Park/Floyd Bennett Field,3,1,32.61666666666667,32.61666666666667,18.966666666666665,32.61666666666667,1.0,2026-02,avg_duration_by_zone_hour,True
214,South Beach/Dongan Hills,19,2,32.266666666666666,32.266666666666666,13.766666666666667,42.86666666666667,1.0,2026-02,avg_duration_by_zone_hour,True
153,Marble Hill,2,1,31.483333333333334,31.483333333333334,11.533333333333333,31.483333333333334,1.0,2026-02,avg_duration_by_zone_hour,True
118,Heartland Village/Todt Hill,4,1,31.183333333333334,31.183333333333334,13.2,31.183333333333334,1.0,2026-02,avg_duration_by_zone_hour,True
172,New Dorp/Midland Beach,6,1,31.05,31.05,24.791666666666664,31.05,1.0,2026-02,avg_duration_by_zone_hour,True
214,South Beach/Dongan Hills,9,2,30.975,30.975,14.783333333333333,39.755,1.0,2026-02,avg_duration_by_zone_hour,True
115,Grymes Hill/Clifton,19,3,30.71666666666667,34.516666666666666,13.766666666666667,36.97,1.0,2026-02,avg_duration_by_zone_hour,True
153,Marble Hill,4,3,30.527777777777782,28.116666666666667,11.4,44.39666666666667,1.0,2026-02,avg_duration_by_zone_hour,True
176,Oakwood,9,1,30.45,30.45,14.783333333333333,30.45,1.0,2026-02,avg_duration_by_zone_hour,True
23,Bloomfield/Emerson Hill,20,1,30.316666666666666,30.316666666666666,13.733333333333333,30.316666666666666,1.0,2026-02,avg_duration_by_zone_hour,True
153,Marble Hill,10,6,30.102777777777778,26.96666666666667,13.316666666666666,44.375,1.0,2026-02,avg_duration_by_zone_hour,True
195,Red Hook,3,2,29.983333333333334,29.983333333333334,18.966666666666665,33.53,1.0,2026-02,avg_duration_by_zone_hour,True
109,Great Kills,9,2,29.949999999999996,29.949999999999996,14.783333333333333,37.736666666666665,1.0,2026-02,avg_duration_by_zone_hour,True
221,Stapleton,12,2,29.866666666666667,29.866666666666667,15.133333333333333,34.666666666666664,1.0,2026-02,avg_duration_by_zone_hour,True
115,Grymes Hill/Clifton,23,1,29.783333333333335,29.783333333333335,13.916666666666666,29.783333333333335,1.0,2026-02,avg_duration_by_zone_hour,True
23,Bloomfield/Emerson Hill,9,1,29.666666666666668,29.666666666666668,14.783333333333333,29.666666666666668,1.0,2026-02,avg_duration_by_zone_hour,True
23,Bloomfield/Emerson Hill,3,2,29.416666666666664,29.416666666666664,11.883333333333333,34.57666666666667,1.0,2026-02,avg_duration_by_zone_hour,True
215,South Jamaica,1,5,29.369999999999997,28.666666666666668,19.966666666666665,31.996666666666666,1.0,2026-02,avg_duration_by_zone_hour,True
172,New Dorp/Midland Beach,12,1,29.216666666666665,29.216666666666665,15.133333333333333,29.216666666666665,1.0,2026-02,avg_duration_by_zone_hour,True
11,Bath Beach,4,1,29.133333333333333,29.133333333333333,19.583333333333332,29.133333333333333,1.0,2026-02,avg_duration_by_zone_hour,True
214,South Beach/Dongan Hills,20,1,28.7,28.7,13.733333333333333,28.7,1.0,2026-02,avg_duration_by_zone_hour,True
6,Arrochar/Fort Wadsworth,4,1,28.483333333333334,28.483333333333334,13.2,28.483333333333334,1.0,2026-02,avg_duration_by_zone_hour,True
176,Oakwood,11,1,28.483333333333334,28.483333333333334,14.983333333333333,28.483333333333334,1.0,2026-02,avg_duration_by_zone_hour,True
128,Inwood Hill Park,17,7,28.14761904761905,27.516666666666666,13.483333333333333,33.96666666666667,1.0,2026-02,avg_duration_by_zone_hour,True
240,Van Cortlandt Park,20,1,28.133333333333333,28.133333333333333,20.783333333333335,28.133333333333333,1.0,2026-02,avg_duration_by_zone_hour,True
221,Stapleton,0,2,27.883333333333333,27.883333333333333,13.316666666666666,29.523333333333333,1.0,2026-02,avg_duration_by_zone_hour,True
194,Randalls Island,0,2,27.433333333333334,27.433333333333334,12.233333333333333,30.566666666666666,1.0,2026-02,avg_duration_by_zone_hour,True
115,Grymes Hill/Clifton,16,1,27.316666666666666,27.316666666666666,15.233333333333333,27.316666666666666,1.0,2026-02,avg_duration_by_zone_hour,True
128,Inwood Hill Park,18,5,26.763333333333332,29.183333333333334,13.116666666666667,30.86,1.0,2026-02,avg_duration_by_zone_hour,True
60,Crotona Park East,2,5,26.45,27.166666666666668,14.05,33.53666666666667,1.0,2026-02,avg_duration_by_zone_hour,True
2,Jamaica Bay,4,1,26.283333333333335,26.283333333333335,17.4,26.283333333333335,1.0,2026-02,avg_duration_by_zone_hour,True
6,Arrochar/Fort Wadsworth,5,2,26.125,26.125,13.666666666666666,28.398333333333333,1.0,2026-02,avg_duration_by_zone_hour,True
23,Bloomfield/Emerson Hill,15,2,25.791666666666664,25.791666666666664,15.65,28.025,1.0,2026-02,avg_duration_by_zone_hour,True
251,Westerleigh,22,3,25.616666666666664,27.683333333333334,13.833333333333334,29.923333333333336,1.0,2026-02,avg_duration_by_zone_hour,True
251,Westerleigh,14,2,25.508333333333333,25.508333333333333,15.633333333333333,29.40833333333333,1.0,2026-02,avg_duration_by_zone_hour,True
57,Corona,1,1,25.383333333333333,25.383333333333333,19.966666666666665,25.383333333333333,1.0,2026-02,avg_duration_by_zone_hour,True
1,Newark Airport,1,1,25.366666666666667,25.366666666666667,12.666666666666666,25.366666666666667,1.0,2026-02,avg_duration_by_zone_hour,True
156,Mariners Harbor,14,1,25.15,25.15,15.633333333333333,25.15,1.0,2026-02,avg_duration_by_zone_hour,True
202,Roosevelt Island,3,7,24.99285714285714,25.183333333333334,11.0,31.85,1.0,2026-02,avg_duration_by_zone_hour,True
55,Coney Island,1,1,24.9,24.9,19.716666666666665,24.9,1.0,2026-02,avg_duration_by_zone_hour,True
251,Westerleigh,16,1,24.85,24.85,15.233333333333333,24.85,1.0,2026-02,avg_duration_by_zone_hour,True
128,Inwood Hill Park,3,1,24.45,24.45,11.0,24.45,1.0,2026-02,avg_duration_by_zone_hour,True
245,West Brighton,22,1,23.283333333333335,23.283333333333335,13.833333333333334,23.283333333333335,1.0,2026-02,avg_duration_by_zone_hour,True
245,West Brighton,23,1,23.183333333333334,23.183333333333334,13.916666666666666,23.183333333333334,1.0,2026-02,avg_duration_by_zone_hour,True
251,Westerleigh,1,1,23.0,23.0,12.666666666666666,23.0,1.0,2026-02,avg_duration_by_zone_hour,True
6,Arrochar/Fort Wadsworth,18,3,22.938888888888886,20.666666666666668,14.1,26.68,1.0,2026-02,avg_duration_by_zone_hour,True
23,Bloomfield/Emerson Hill,12,1,22.9,22.9,15.133333333333333,22.9,1.0,2026-02,avg_duration_by_zone_hour,True
5,Arden Heights,3,1,22.183333333333334,22.183333333333334,11.883333333333333,22.183333333333334,1.0,2026-02,avg_duration_by_zone_hour,True
23,Bloomfield/Emerson Hill,19,1,21.616666666666667,21.616666666666667,13.766666666666667,21.616666666666667,1.0,2026-02,avg_duration_by_zone_hour,True
176,Oakwood,2,1,21.35,21.35,12.133333333333333,21.35,1.0,2026-02,avg_duration_by_zone_hour,True
202,Roosevelt Island,1,6,21.33611111111111,19.19166666666667,11.95,27.15,1.0,2026-02,avg_duration_by_zone_hour,True
58,Country Club,0,1,21.116666666666667,21.116666666666667,15.233333333333333,21.116666666666667,1.0,2026-02,avg_duration_by_zone_hour,True
156,Mariners Harbor,10,1,20.8,20.8,14.733333333333333,20.8,1.0,2026-02,avg_duration_by_zone_hour,True
118,Heartland Village/Todt Hill,18,2,20.5,20.5,14.1,21.606666666666666,1.0,2026-02,avg_duration_by_zone_hour,True
176,Oakwood,1,1,19.983333333333334,19.983333333333334,12.666666666666666,19.983333333333334,1.0,2026-02,avg_duration_by_zone_hour,True
240,Van Cortlandt Park,1,1,19.8,19.8,14.941666666666666,19.8,1.0,2026-02,avg_duration_by_zone_hour,True
147,Longwood,2,1,19.783333333333335,19.783333333333335,14.05,19.783333333333335,1.0,2026-02,avg_duration_by_zone_hour,True
46,City Island,0,1,19.7,19.7,15.233333333333333,19.7,1.0,2026-02,avg_duration_by_zone_hour,True
115,Grymes Hill/Clifton,18,1,19.65,19.65,14.1,19.65,1.0,2026-02,avg_duration_by_zone_hour,True
23,Bloomfield/Emerson Hill,4,1,18.933333333333334,18.933333333333334,13.2,18.933333333333334,1.0,2026-02,avg_duration_by_zone_hour,True
176,Oakwood,3,1,18.783333333333335,18.783333333333335,11.883333333333333,18.783333333333335,1.0,2026-02,avg_duration_by_zone_hour,True
12,Battery Park,1,1,18.6,18.6,11.95,18.6,1.0,2026-02,avg_duration_by_zone_hour,True
118,Heartland Village/Todt Hill,23,1,18.533333333333335,18.533333333333335,13.916666666666666,18.533333333333335,1.0,2026-02,avg_duration_by_zone_hour,True
245,West Brighton,1,1,18.1,18.1,12.666666666666666,18.1,1.0,2026-02,avg_duration_by_zone_hour,True
128,Inwood Hill Park,0,1,17.966666666666665,17.966666666666665,12.233333333333333,17.966666666666665,1.0,2026-02,avg_duration_by_zone_hour,True
86,Far Rockaway,4,28,67.96428571428571,65.74166666666667,17.4,92.40666666666668,0.9642857142857143,2026-02,avg_duration_by_zone_hour,True
202,Roosevelt Island,13,27,39.096296296296295,35.45,14.066666666666666,52.78333333333335,0.9629629629629629,2026-02,avg_duration_by_zone_hour,True
202,Roosevelt Island,14,16,43.00416666666667,40.18333333333334,14.066666666666666,71.17500000000001,0.9375,2026-02,avg_duration_by_zone_hour,True
128,Inwood Hill Park,8,16,33.60520833333334,34.53333333333333,13.283333333333333,49.45833333333333,0.9375,2026-02,avg_duration_by_zone_hour,True
202,Roosevelt Island,5,15,28.466666666666665,24.216666666666665,10.683333333333334,50.666666666666664,0.9333333333333333,2026-02,avg_duration_by_zone_hour,True
153,Marble Hill,16,13,28.77948717948718,27.583333333333332,13.733333333333333,42.57666666666667,0.9230769230769231,2026-02,avg_duration_by_zone_hour,True
153,Marble Hill,7,22,58.04242424242425,58.525000000000006,11.833333333333334,105.81833333333334,0.9090909090909091,2026-02,avg_duration_by_zone_hour,True
153,Marble Hill,9,11,42.85454545454545,34.166666666666664,13.3,67.68333333333334,0.9090909090909091,2026-02,avg_duration_by_zone_hour,True
201,Rockaway Park,5,10,66.55833333333334,65.74166666666666,20.25,104.24833333333332,0.9,2026-02,avg_duration_by_zone_hour,True
128,Inwood Hill Park,19,10,30.555,23.625,12.633333333333333,46.30333333333331,0.9,2026-02,avg_duration_by_zone_hour,True
194,Randalls Island,19,10,26.856666666666666,21.858333333333334,12.633333333333333,40.99666666666666,0.9,2026-02,avg_duration_by_zone_hour,True
202,Roosevelt Island,16,19,45.62543859649123,39.96666666666667,13.733333333333333,88.44666666666664,0.8947368421052632,2026-02,avg_duration_by_zone_hour,True
128,Inwood Hill Park,16,9,45.36666666666667,25.316666666666666,13.733333333333333,114.95666666666668,0.8888888888888888,2026-02,avg_duration_by_zone_hour,True
86,Far Rockaway,0,9,44.1462962962963,40.31666666666667,21.433333333333334,59.586666666666666,0.8888888888888888,2026-02,avg_duration_by_zone_hour,True
210,Sheepshead Bay,3,9,42.074074074074076,40.43333333333333,18.966666666666665,60.63666666666666,0.8888888888888888,2026-02,avg_duration_by_zone_hour,True
202,Roosevelt Island,10,27,37.70185185185185,35.43333333333333,13.316666666666666,62.61666666666668,0.8888888888888888,2026-02,avg_duration_by_zone_hour,True
128,Inwood Hill Park,20,18,22.612037037037037,21.725,12.683333333333334,27.59166666666667,0.8888888888888888,2026-02,avg_duration_by_zone_hour,True
202,Roosevelt Island,23,17,27.92450980392157,27.033333333333335,12.7,41.36333333333334,0.8823529411764706,2026-02,avg_duration_by_zone_hour,True
218,Springfield Gardens North,4,16,50.342708333333334,52.825,17.4,71.16666666666666,0.875,2026-02,avg_duration_by_zone_hour,True
202,Roosevelt Island,17,24,39.12569444444444,33.65833333333333,13.483333333333333,66.29666666666667,0.875,2026-02,avg_duration_by_zone_hour,True
12,Battery Park,18,15,26.27111111111111,21.716666666666665,13.116666666666667,41.60333333333334,0.8666666666666667,2026-02,avg_duration_by_zone_hour,True
11,Bath Beach,5,21,48.32460317460317,40.86666666666667,23.483333333333334,74.1,0.8571428571428571,2026-02,avg_duration_by_zone_hour,True
128,Inwood Hill Park,13,7,29.761904761904763,32.03333333333333,14.066666666666666,46.12666666666667,0.8571428571428571,2026-02,avg_duration_by_zone_hour,True
202,Roosevelt Island,2,7,22.60238095238095,19.833333333333332,11.533333333333333,36.24333333333334,0.8571428571428571,2026-02,avg_duration_by_zone_hour,True
202,Roosevelt Island,0,7,22.554761904761904,24.933333333333334,12.233333333333333,31.230000000000004,0.8571428571428571,2026-02,avg_duration_by_zone_hour,True
219,Springfield Gardens South,3,27,36.21296296296296,33.916666666666664,16.966666666666665,50.6066666666667,0.8518518518518519,2026-02,avg_duration_by_zone_hour,True
184,Pelham Bay Park,7,6,71.88055555555555,72.76666666666667,32.833333333333336,102.76666666666667,0.8333333333333334,2026-02,avg_duration_by_zone_hour,True
46,City Island,12,6,48.75833333333333,50.5,33.625,56.400000000000006,0.8333333333333334,2026-02,avg_duration_by_zone_hour,True
38,Cambria Heights,4,18,39.24537037037037,42.05833333333334,17.4,64.28333333333333,0.8333333333333334,2026-02,avg_duration_by_zone_hour,True
202,Roosevelt Island,21,18,28.732407407407404,31.133333333333333,12.8,41.31666666666667,0.8333333333333334,2026-02,avg_duration_by_zone_hour,True
120,Highbridge Park,9,6,23.541666666666668,24.291666666666668,13.3,31.725,0.8333333333333334,2026-02,avg_duration_by_zone_hour,True
194,Randalls Island,21,6,23.180555555555554,26.5,12.8,30.766666666666666,0.8333333333333334,2026-02,avg_duration_by_zone_hour,True
210,Sheepshead Bay,5,27,59.543209876543216,59.9,23.483333333333334,100.64333333333333,0.8148148148148148,2026-02,avg_duration_by_zone_hour,True
202,Roosevelt Island,15,27,43.925925925925924,46.78333333333333,14.1,60.20333333333334,0.8148148148148148,2026-02,avg_duration_by_zone_hour,True
201,Rockaway Park,13,10,83.245,92.29166666666666,35.86666666666667,109.56666666666666,0.8,2026-02,avg_duration_by_zone_hour,True
128,Inwood Hill Park,15,15,60.30777777777778,32.766666666666666,14.1,115.44,0.8,2026-02,avg_duration_by_zone_hour,True
150,Manhattan Beach,6,10,47.83,45.891666666666666,28.933333333333334,72.80333333333333,0.8,2026-02,avg_duration_by_zone_hour,True
46,City Island,19,5,47.7,37.86666666666667,20.7,75.91,0.8,2026-02,avg_duration_by_zone_hour,True
136,Kingsbridge Heights,3,5,40.89,37.53333333333333,16.46666666666667,67.23666666666668,0.8,2026-02,avg_duration_by_zone_hour,True
194,Randalls Island,9,5,39.760000000000005,45.56666666666667,13.3,62.093333333333334,0.8,2026-02,avg_duration_by_zone_hour,True
265,Outside of NYC,3,10,30.380000000000003,30.325000000000003,9.516666666666666,48.86166666666665,0.8,2026-02,avg_duration_by_zone_hour,True
85,Erasmus,2,5,30.2,30.85,19.025,39.99,0.8,2026-02,avg_duration_by_zone_hour,True
32,Bronxdale,3,5,29.94666666666667,24.483333333333334,16.46666666666667,46.550000000000004,0.8,2026-02,avg_duration_by_zone_hour,True
120,Highbridge Park,5,5,23.446666666666665,15.616666666666667,10.683333333333334,40.58333333333334,0.8,2026-02,avg_duration_by_zone_hour,True
115,Grymes Hill/Clifton,5,5,23.37333333333333,22.65,13.666666666666666,30.856666666666666,0.8,2026-02,avg_duration_by_zone_hour,True
128,Inwood Hill Park,7,5,22.596666666666668,21.15,11.833333333333334,30.043333333333333,0.8,2026-02,avg_duration_by_zone_hour,True
201,Rockaway Park,8,24,76.60833333333333,72.5,33.65,126.30499999999999,0.7916666666666666,2026-02,avg_duration_by_zone_hour,True
123,Homecrest,5,14,48.102380952380955,39.49166666666667,23.483333333333334,81.35166666666669,0.7857142857142857,2026-02,avg_duration_by_zone_hour,True
29,Brighton Beach,5,14,43.68690476190476,39.45,23.483333333333334,71.74166666666667,0.7857142857142857,2026-02,avg_duration_by_zone_hour,True
201,Rockaway Park,14,9,75.17222222222222,73.58333333333333,38.6,110.94333333333334,0.7777777777777778,2026-02,avg_duration_by_zone_hour,True
153,Marble Hill,6,9,39.3537037037037,27.566666666666666,10.666666666666666,76.64666666666666,0.7777777777777778,2026-02,avg_duration_by_zone_hour,True
259,Woodlawn/Wakefield,4,27,39.08271604938272,38.35,19.833333333333332,61.36666666666668,0.7777777777777778,2026-02,avg_duration_by_zone_hour,True
205,Saint Albans,4,27,38.49814814814815,34.86666666666667,17.4,69.94333333333334,0.7777777777777778,2026-02,avg_duration_by_zone_hour,True
153,Marble Hill,14,9,38.166666666666664,25.633333333333333,14.066666666666666,80.20666666666668,0.7777777777777778,2026-02,avg_duration_by_zone_hour,True
194,Randalls Island,15,9,27.92962962962963,21.4,14.1,52.5,0.7777777777777778,2026-02,avg_duration_by_zone_hour,True
120,Highbridge Park,7,9,27.58888888888889,31.016666666666666,11.833333333333334,40.66666666666667,0.7777777777777778,2026-02,avg_duration_by_zone_hour,True
128,Inwood Hill Park,21,9,21.144444444444446,17.65,12.8,34.27,0.7777777777777778,2026-02,avg_duration_by_zone_hour,True
12,Battery Park,21,9,20.631481481481483,17.133333333333333,12.8,30.14,0.7777777777777778,2026-02,avg_duration_by_zone_hour,True
201,Rockaway Park,7,22,75.5409090909091,79.6,30.4,122.8066666666667,0.7727272727272727,2026-02,avg_duration_by_zone_hour,True
22,Bensonhurst West,5,22,46.575,42.09166666666667,23.483333333333334,69.22833333333334,0.7727272727272727,2026-02,avg_duration_by_zone_hour,True
180,Ozone Park,5,22,39.37651515151515,37.474999999999994,20.25,73.81666666666669,0.7727272727272727,2026-02,avg_duration_by_zone_hour,True
81,Eastchester,21,13,40.35000000000001,40.916666666666664,18.84166666666667,70.43666666666667,0.7692307692307693,2026-02,avg_duration_by_zone_hour,True
101,Glen Oaks,4,13,37.88846153846154,34.03333333333333,17.4,73.73333333333336,0.7692307692307693,2026-02,avg_duration_by_zone_hour,True
29,Brighton Beach,6,17,58.508823529411764,49.833333333333336,28.933333333333334,101.13333333333334,0.7647058823529411,2026-02,avg_duration_by_zone_hour,True
201,Rockaway Park,12,17,53.925490196078435,49.38333333333333,33.38333333333333,84.57000000000001,0.7647058823529411,2026-02,avg_duration_by_zone_hour,True
16,Bayside,6,21,53.38571428571428,57.31666666666667,26.34166666666667,90.91666666666667,0.7619047619047619,2026-02,avg_duration_by_zone_hour,True
57,Corona,17,4,67.59166666666667,76.00833333333333,36.35,101.53,0.75,2026-02,avg_duration_by_zone_hour,True
73,East Flushing,9,4,66.65,73.53333333333333,33.53333333333333,90.13833333333334,0.75,2026-02,avg_duration_by_zone_hour,True
123,Homecrest,6,24,61.77361111111111,58.708333333333336,28.933333333333334,106.39999999999999,0.75,2026-02,avg_duration_by_zone_hour,True
150,Manhattan Beach,7,8,51.49166666666667,54.458333333333336,29.641666666666666,81.17999999999999,0.75,2026-02,avg_duration_by_zone_hour,True
96,Forest Park/Highland Park,12,4,50.59583333333333,49.15833333333333,33.38333333333333,63.60333333333334,0.75,2026-02,avg_duration_by_zone_hour,True
118,Heartland Village/Todt Hill,7,4,48.84166666666667,54.358333333333334,29.058333333333334,64.315,0.75,2026-02,avg_duration_by_zone_hour,True
120,Highbridge Park,16,4,45.824999999999996,47.324999999999996,13.733333333333333,72.58166666666666,0.75,2026-02,avg_duration_by_zone_hour,True
9,Auburndale,4,4,39.30833333333334,42.80833333333334,17.4,52.80500000000001,0.75,2026-02,avg_duration_by_zone_hour,True
31,Bronx Park,18,4,35.50833333333333,30.825000000000003,23.225,60.28166666666667,0.75,2026-02,avg_duration_by_zone_hour,True
128,Inwood Hill Park,12,4,35.108333333333334,29.466666666666665,13.833333333333334,55.97166666666667,0.75,2026-02,avg_duration_by_zone_hour,True
252,Whitestone,5,16,33.609375,34.25,20.25,46.03333333333333,0.75,2026-02,avg_duration_by_zone_hour,True
38,Cambria Heights,1,4,32.087500000000006,33.35,19.966666666666665,36.68833333333333,0.75,2026-02,avg_duration_by_zone_hour,True
139,Laurelton,4,12,30.025000000000002,26.025,17.4,48.22833333333334,0.75,2026-02,avg_duration_by_zone_hour,True
131,Jamaica Estates,2,4,26.283333333333335,26.433333333333334,17.541666666666668,34.755,0.75,2026-02,avg_duration_by_zone_hour,True
73,East Flushing,2,4,24.8625,29.675,17.541666666666668,32.483333333333334,0.75,2026-02,avg_duration_by_zone_hour,True
128,Inwood Hill Park,10,4,23.475,20.691666666666666,13.316666666666666,33.57333333333334,0.75,2026-02,avg_duration_by_zone_hour,True
51,Co-Op City,2,4,22.945833333333333,18.958333333333336,14.05,34.15166666666667,0.75,2026-02,avg_duration_by_zone_hour,True
171,Murray Hill-Queens,3,8,22.06458333333333,25.558333333333334,16.966666666666665,27.23333333333333,0.75,2026-02,avg_duration_by_zone_hour,True
202,Roosevelt Island,20,16,21.953125,21.383333333333333,12.683333333333334,34.75833333333333,0.75,2026-02,avg_duration_by_zone_hour,True
175,Oakland Gardens,4,4,21.729166666666668,23.96666666666667,17.4,29.413333333333334,0.75,2026-02,avg_duration_by_zone_hour,True
221,Stapleton,18,4,21.1,19.21666666666667,14.1,29.28,0.75,2026-02,avg_duration_by_zone_hour,True
194,Randalls Island,14,4,20.47083333333333,25.799999999999997,14.066666666666666,26.601666666666667,0.75,2026-02,avg_duration_by_zone_hour,True
202,Roosevelt Island,4,12,19.648611111111112,19.916666666666664,11.4,26.893333333333334,0.75,2026-02,avg_duration_by_zone_hour,True
12,Battery Park,7,4,15.316666666666666,16.15,11.833333333333334,17.465,0.75,2026-02,avg_duration_by_zone_hour,True
101,Glen Oaks,6,23,53.094202898550726,50.666666666666664,26.34166666666667,91.40333333333334,0.7391304347826086,2026-02,avg_duration_by_zone_hour,True
220,Spuyten Duyvil/Kingsbridge,5,19,42.338596491228074,39.93333333333333,27.383333333333333,63.096666666666664,0.7368421052631579,2026-02,avg_duration_by_zone_hour,True
153,Marble Hill,18,19,19.667543859649122,19.316666666666666,13.116666666666667,28.749999999999996,0.7368421052631579,2026-02,avg_duration_by_zone_hour,True
60,Crotona Park East,4,15,38.16555555555556,37.666666666666664,19.833333333333332,62.92666666666667,0.7333333333333333,2026-02,avg_duration_by_zone_hour,True
16,Bayside,15,11,68.2969696969697,74.63333333333334,41.333333333333336,112.11666666666666,0.7272727272727273,2026-02,avg_duration_by_zone_hour,True
189,Prospect Heights,2,18,27.537962962962965,30.358333333333334,19.025,38.22,0.7222222222222222,2026-02,avg_duration_by_zone_hour,True
149,Madison,5,25,49.714,51.31666666666667,23.483333333333334,85.93333333333334,0.72,2026-02,avg_duration_by_zone_hour,True
38,Cambria Heights,11,21,59.11190476190476,54.233333333333334,33.56666666666667,89.95,0.7142857142857143,2026-02,avg_duration_by_zone_hour,True
11,Bath Beach,6,14,48.37261904761905,54.93333333333334,28.933333333333334,68.26666666666668,0.7142857142857143,2026-02,avg_duration_by_zone_hour,True
222,Starrett City,4,21,37.6484126984127,33.766666666666666,19.583333333333332,66.71666666666667,0.7142857142857143,2026-02,avg_duration_by_zone_hour,True
21,Bensonhurst East,4,7,33.64523809523809,27.783333333333335,19.583333333333332,52.04666666666667,0.7142857142857143,2026-02,avg_duration_by_zone_hour,True
174,Norwood,3,7,28.34047619047619,29.833333333333332,16.46666666666667,42.24333333333333,0.7142857142857143,2026-02,avg_duration_by_zone_hour,True
153,Marble Hill,20,14,26.33095238095238,18.225,12.683333333333334,49.38666666666669,0.7142857142857143,2026-02,avg_duration_by_zone_hour,True
12,Battery Park,22,7,18.952380952380953,19.383333333333333,12.866666666666667,23.126666666666665,0.7142857142857143,2026-02,avg_duration_by_zone_hour,True
20,Belmont,15,24,68.07916666666667,49.95833333333333,30.266666666666666,137.92499999999998,0.7083333333333334,2026-02,avg_duration_by_zone_hour,True
11,Bath Beach,10,17,41.75,44.483333333333334,28.716666666666665,62.96000000000001,0.7058823529411765,2026-02,avg_duration_by_zone_hour,True
12,Battery Park,19,17,19.76666666666667,18.666666666666668,12.633333333333333,31.163333333333334,0.7058823529411765,2026-02,avg_duration_by_zone_hour,True
32,Bronxdale,21,27,42.669135802469135,37.86666666666667,18.84166666666667,88.7366666666667,0.7037037037037037,2026-02,avg_duration_by_zone_hour,True
55,Coney Island,3,10,38.531666666666666,34.300000000000004,18.966666666666665,61.434999999999995,0.7,2026-02,avg_duration_by_zone_hour,True
120,Highbridge Park,10,10,33.62833333333333,24.291666666666664,13.316666666666666,58.17833333333331,0.7,2026-02,avg_duration_by_zone_hour,True
32,Bronxdale,18,23,41.119565217391305,38.766666666666666,23.225,65.26,0.6956521739130435,2026-02,avg_duration_by_zone_hour,True
91,Flatlands,3,13,35.702564102564104,27.55,18.966666666666665,65.18,0.6923076923076923,2026-02,avg_duration_by_zone_hour,True
153,Marble Hill,21,13,17.334615384615383,17.883333333333333,12.8,20.360000000000003,0.6923076923076923,2026-02,avg_duration_by_zone_hour,True
108,Gravesend,15,29,63.28735632183908,54.983333333333334,28.233333333333334,107.53333333333332,0.6896551724137931,2026-02,avg_duration_by_zone_hour,True
35,Brownsville,1,16,34.79375,32.275,19.716666666666665,54.31666666666666,0.6875,2026-02,avg_duration_by_zone_hour,True
18,Bedford Park,4,22,35.49393939393939,29.933333333333334,19.833333333333332,60.66,0.6818181818181818,2026-02,avg_duration_by_zone_hour,True
259,Woodlawn/Wakefield,16,25,66.89133333333334,60.6,30.883333333333333,120.31333333333335,0.68,2026-02,avg_duration_by_zone_hour,True
201,Rockaway Park,15,9,72.57037037037037,73.46666666666667,41.333333333333336,114.85000000000001,0.6666666666666666,2026-02,avg_duration_by_zone_hour,True
31,Bronx Park,17,6,51.230555555555554,54.11666666666667,27.008333333333333,75.325,0.6666666666666666,2026-02,avg_duration_by_zone_hour,True
27,Breezy Point/Fort Tilden/Riis Beach,17,3,50.861111111111114,47.71666666666667,36.35,70.11666666666667,0.6666666666666666,2026-02,avg_duration_by_zone_hour,True
101,Glen Oaks,9,6,50.51388888888889,44.53333333333333,33.53333333333333,74.725,0.6666666666666666,2026-02,avg_duration_by_zone_hour,True
59,Crotona Park,6,3,47.138888888888886,45.38333333333333,32.43333333333333,57.35666666666667,0.6666666666666666,2026-02,avg_duration_by_zone_hour,True
154,Marine Park/Floyd Bennett Field,17,3,44.15,39.1,25.575,58.22,0.6666666666666666,2026-02,avg_duration_by_zone_hour,True
165,Midwood,5,15,43.68111111111111,40.416666666666664,23.483333333333334,74.44666666666666,0.6666666666666666,2026-02,avg_duration_by_zone_hour,True
94,Fordham South,5,18,42.73425925925926,41.93333333333334,27.383333333333333,65.50833333333334,0.6666666666666666,2026-02,avg_duration_by_zone_hour,True
3,Allerton/Pelham Gardens,5,24,40.91111111111111,45.275000000000006,27.383333333333333,63.875,0.6666666666666666,2026-02,avg_duration_by_zone_hour,True
201,Rockaway Park,6,9,40.8537037037037,42.13333333333333,26.34166666666667,59.873333333333335,0.6666666666666666,2026-02,avg_duration_by_zone_hour,True
64,Douglaston,6,9,40.58703703703704,34.35,26.34166666666667,68.28,0.6666666666666666,2026-02,avg_duration_by_zone_hour,True
153,Marble Hill,12,9,39.11666666666667,36.766666666666666,13.833333333333334,73.47666666666667,0.6666666666666666,2026-02,avg_duration_by_zone_hour,True
115,Grymes Hill/Clifton,6,6,38.96944444444444,39.36666666666667,24.791666666666664,53.325,0.6666666666666666,2026-02,avg_duration_by_zone_hour,True
156,Mariners Harbor,7,3,35.61666666666667,39.666666666666664,29.058333333333334,50.17333333333333,0.6666666666666666,2026-02,avg_duration_by_zone_hour,True
251,Westerleigh,7,3,35.48888888888889,38.666666666666664,29.058333333333334,40.946666666666665,0.6666666666666666,2026-02,avg_duration_by_zone_hour,True
154,Marine Park/Floyd Bennett Field,18,3,35.36111111111111,45.05,23.816666666666666,45.29,0.6666666666666666,2026-02,avg_duration_by_zone_hour,True
3,Allerton/Pelham Gardens,21,15,34.92666666666666,28.583333333333332,18.84166666666667,57.89666666666666,0.6666666666666666,2026-02,avg_duration_by_zone_hour,True
117,Hammels/Arverne,0,6,33.81666666666667,37.233333333333334,21.433333333333334,52.71666666666667,0.6666666666666666,2026-02,avg_duration_by_zone_hour,True
205,Saint Albans,3,27,33.382716049382715,31.116666666666667,16.966666666666665,64.33666666666667,0.6666666666666666,2026-02,avg_duration_by_zone_hour,True
194,Randalls Island,17,6,32.22777777777778,29.675000000000004,13.483333333333333,55.99166666666667,0.6666666666666666,2026-02,avg_duration_by_zone_hour,True
31,Bronx Park,20,3,32.05555555555555,35.516666666666666,20.783333333333335,41.129999999999995,0.6666666666666666,2026-02,avg_duration_by_zone_hour,True
251,Westerleigh,17,3,31.733333333333334,33.31666666666667,21.200000000000003,39.89,0.6666666666666666,2026-02,avg_duration_by_zone_hour,True
70,East Elmhurst,5,12,31.53611111111111,31.175,20.25,48.375,0.6666666666666666,2026-02,avg_duration_by_zone_hour,True
57,Corona,5,6,28.96111111111111,29.166666666666664,20.25,41.45,0.6666666666666666,2026-02,avg_duration_by_zone_hour,True
222,Starrett City,1,3,28.71666666666667,29.5,19.716666666666665,39.233333333333334,0.6666666666666666,2026-02,avg_duration_by_zone_hour,True
194,Randalls Island,7,6,28.41111111111111,29.891666666666666,11.833333333333334,49.208333333333336,0.6666666666666666,2026-02,avg_duration_by_zone_hour,True
194,Randalls Island,20,6,27.558333333333334,30.21666666666667,12.683333333333334,38.075,0.6666666666666666,2026-02,avg_duration_by_zone_hour,True
15,Bay Terrace/Fort Totten,5,6,26.875,27.916666666666668,20.25,37.141666666666666,0.6666666666666666,2026-02,avg_duration_by_zone_hour,True
123,Homecrest,3,3,26.066666666666666,29.6,18.966666666666665,30.773333333333333,0.6666666666666666,2026-02,avg_duration_by_zone_hour,True
139,Laurelton,2,3,25.777777777777775,30.033333333333335,17.541666666666668,35.04666666666667,0.6666666666666666,2026-02,avg_duration_by_zone_hour,True
54,Columbia Street,1,3,25.055555555555557,25.45,19.716666666666665,27.236666666666668,0.6666666666666666,2026-02,avg_duration_by_zone_hour,True
120,Highbridge Park,18,3,24.900000000000002,26.083333333333332,13.116666666666667,31.310000000000002,0.6666666666666666,2026-02,avg_duration_by_zone_hour,True
128,Inwood Hill Park,9,9,24.757407407407406,19.6,13.3,33.2,0.6666666666666666,2026-02,avg_duration_by_zone_hour,True
117,Hammels/Arverne,1,6,24.522222222222222,28.71666666666667,19.966666666666665,38.625,0.6666666666666666,2026-02,avg_duration_by_zone_hour,True
23,Bloomfield/Emerson Hill,23,3,24.099999999999998,21.083333333333332,13.916666666666666,37.39,0.6666666666666666,2026-02,avg_duration_by_zone_hour,True
133,Kensington,4,6,24.002777777777776,25.041666666666664,19.583333333333332,29.083333333333336,0.6666666666666666,2026-02,avg_duration_by_zone_hour,True
81,Eastchester,1,3,23.76111111111111,21.366666666666667,14.941666666666666,34.07333333333334,0.6666666666666666,2026-02,avg_duration_by_zone_hour,True
120,Highbridge Park,14,6,23.03333333333333,21.450000000000003,14.066666666666666,37.358333333333334,0.6666666666666666,2026-02,avg_duration_by_zone_hour,True
153,Marble Hill,15,6,22.594444444444445,25.425,14.1,34.375,0.6666666666666666,2026-02,avg_duration_by_zone_hour,True
120,Highbridge Park,6,3,22.505555555555556,18.116666666666667,10.666666666666666,38.75666666666667,0.6666666666666666,2026-02,avg_duration_by_zone_hour,True
81,Eastchester,2,6,20.944444444444446,19.025,14.05,30.950000000000003,0.6666666666666666,2026-02,avg_duration_by_zone_hour,True
12,Battery Park,20,9,19.200000000000003,18.15,12.683333333333334,29.786666666666665,0.6666666666666666,2026-02,avg_duration_by_zone_hour,True
20,Belmont,2,3,15.333333333333334,18.2,14.05,18.85333333333333,0.6666666666666666,2026-02,avg_duration_by_zone_hour,True
147,Longwood,10,23,49.85,51.86666666666667,35.916666666666664,66.07666666666667,0.6521739130434783,2026-02,avg_duration_by_zone_hour,True
127,Inwood,2,23,17.42391304347826,16.333333333333332,11.533333333333333,25.393333333333334,0.6521739130434783,2026-02,avg_duration_by_zone_hour,True
174,Norwood,0,20,23.215833333333332,26.03333333333333,15.233333333333333,38.263333333333335,0.65,2026-02,avg_duration_by_zone_hour,True
124,Howard Beach,5,17,41.32843137254902,39.38333333333333,20.25,67.69666666666667,0.6470588235294118,2026-02,avg_duration_by_zone_hour,True
124,Howard Beach,4,17,29.55,25.7,17.4,52.57666666666667,0.6470588235294118,2026-02,avg_duration_by_zone_hour,True
139,Laurelton,11,14,47.24285714285714,52.099999999999994,33.56666666666667,69.11500000000001,0.6428571428571429,2026-02,avg_duration_by_zone_hour,True
139,Laurelton,12,14,42.39761904761905,43.725,33.38333333333333,59.67,0.6428571428571429,2026-02,avg_duration_by_zone_hour,True
222,Starrett City,20,28,41.727380952380955,32.66666666666667,22.833333333333332,78.31333333333335,0.6428571428571429,2026-02,avg_duration_by_zone_hour,True
117,Hammels/Arverne,21,14,41.60476190476191,43.849999999999994,24.983333333333334,66.55833333333334,0.6428571428571429,2026-02,avg_duration_by_zone_hour,True
259,Woodlawn/Wakefield,0,14,22.014285714285712,22.21666666666667,15.233333333333333,35.33666666666667,0.6428571428571429,2026-02,avg_duration_by_zone_hour,True
219,Springfield Gardens South,12,25,48.53933333333333,45.416666666666664,33.38333333333333,84.21000000000001,0.64,2026-02,avg_duration_by_zone_hour,True
21,Bensonhurst East,6,22,52.93863636363637,53.849999999999994,28.933333333333334,96.69333333333336,0.6363636363636364,2026-02,avg_duration_by_zone_hour,True
101,Glen Oaks,8,22,49.929545454545455,58.46666666666667,33.65,79.62,0.6363636363636364,2026-02,avg_duration_by_zone_hour,True
183,Pelham Bay,15,11,47.16969696969697,42.63333333333333,30.266666666666666,83.38333333333334,0.6363636363636364,2026-02,avg_duration_by_zone_hour,True
81,Eastchester,18,22,41.02878787878788,34.5,23.225,84.67333333333335,0.6363636363636364,2026-02,avg_duration_by_zone_hour,True
160,Middle Village,3,11,27.562121212121212,33.06666666666667,16.966666666666665,36.75,0.6363636363636364,2026-02,avg_duration_by_zone_hour,True
254,Williamsbridge/Olinville,0,11,21.013636363636365,20.15,15.233333333333333,30.816666666666666,0.6363636363636364,2026-02,avg_duration_by_zone_hour,True
201,Rockaway Park,9,16,66.19895833333334,57.358333333333334,33.53333333333333,121.38333333333333,0.625,2026-02,avg_duration_by_zone_hour,True
184,Pelham Bay Park,6,8,55.68333333333333,60.80833333333334,32.43333333333333,97.03,0.625,2026-02,avg_duration_by_zone_hour,True
38,Cambria Heights,12,16,44.59375,47.16666666666667,33.38333333333333,73.69166666666666,0.625,2026-02,avg_duration_by_zone_hour,True
31,Bronx Park,14,8,40.010416666666664,42.858333333333334,30.233333333333334,56.83,0.625,2026-02,avg_duration_by_zone_hour,True
242,Van Nest/Morris Park,4,16,39.251041666666666,37.391666666666666,19.833333333333332,62.55,0.625,2026-02,avg_duration_by_zone_hour,True
117,Hammels/Arverne,23,8,36.145833333333336,35.65,22.466666666666665,60.64,0.625,2026-02,avg_duration_by_zone_hour,True
220,Spuyten Duyvil/Kingsbridge,4,8,31.579166666666666,28.975,19.833333333333332,50.65,0.625,2026-02,avg_duration_by_zone_hour,True
259,Woodlawn/Wakefield,22,16,29.245833333333334,32.825,17.366666666666667,50.391666666666666,0.625,2026-02,avg_duration_by_zone_hour,True
250,Westchester Village/Unionport,3,8,27.914583333333333,27.775,16.46666666666667,55.15,0.625,2026-02,avg_duration_by_zone_hour,True
265,Outside of NYC,7,16,21.217708333333334,18.633333333333333,11.116666666666667,30.366666666666667,0.625,2026-02,avg_duration_by_zone_hour,True
250,Westchester Village/Unionport,15,29,44.09827586206896,41.11666666666667,30.266666666666666,67.01666666666665,0.6206896551724138,2026-02,avg_duration_by_zone_hour,True
81,Eastchester,22,29,27.785057471264366,25.55,17.366666666666667,45.023333333333326,0.6206896551724138,2026-02,avg_duration_by_zone_hour,True
12,Battery Park,10,21,25.015079365079362,21.0,13.316666666666666,40.666666666666664,0.6190476190476191,2026-02,avg_duration_by_zone_hour,True
108,Gravesend,5,13,46.33589743589744,34.3,23.483333333333334,88.26666666666667,0.6153846153846154,2026-02,avg_duration_by_zone_hour,True
67,Dyker Heights,5,13,40.74871794871795,38.483333333333334,23.483333333333334,68.23000000000002,0.6153846153846154,2026-02,avg_duration_by_zone_hour,True
165,Midwood,0,13,29.441025641025643,32.13333333333333,20.2,43.05333333333334,0.6153846153846154,2026-02,avg_duration_by_zone_hour,True
122,Hollis,12,18,49.63148148148148,50.25833333333333,33.38333333333333,79.03333333333335,0.6111111111111112,2026-02,avg_duration_by_zone_hour,True
47,Claremont/Bathgate,4,18,32.61388888888889,30.825,19.833333333333332,59.86333333333334,0.6111111111111112,2026-02,avg_duration_by_zone_hour,True
81,Eastchester,23,18,23.553703703703704,21.766666666666666,15.791666666666668,43.64666666666667,0.6111111111111112,2026-02,avg_duration_by_zone_hour,True
89,Flatbush/Ditmas Park,3,23,29.73478260869565,27.4,18.966666666666665,51.519999999999996,0.6086956521739131,2026-02,avg_duration_by_zone_hour,True
121,Hillcrest/Pomonok,4,23,25.708695652173912,27.733333333333334,17.4,39.6,0.6086956521739131,2026-02,avg_duration_by_zone_hour,True
183,Pelham Bay,11,5,66.08666666666667,81.63333333333334,36.05,90.9,0.6,2026-02,avg_duration_by_zone_hour,True
203,Rosedale,11,15,55.54888888888889,59.78333333333333,33.56666666666667,92.35333333333334,0.6,2026-02,avg_duration_by_zone_hour,True
185,Pelham Parkway,13,25,55.43866666666667,42.93333333333333,32.1,80.39666666666668,0.6,2026-02,avg_duration_by_zone_hour,True
240,Van Cortlandt Park,7,20,44.263333333333335,43.18333333333334,32.833333333333336,73.0083333333334,0.6,2026-02,avg_duration_by_zone_hour,True
58,Country Club,6,5,41.519999999999996,47.083333333333336,32.43333333333333,54.81,0.6,2026-02,avg_duration_by_zone_hour,True
96,Forest Park/Highland Park,10,5,41.06,43.6,33.733333333333334,71.02,0.6,2026-02,avg_duration_by_zone_hour,True
219,Springfield Gardens South,2,5,38.43333333333333,38.233333333333334,17.541666666666668,67.34333333333333,0.6,2026-02,avg_duration_by_zone_hour,True
21,Bensonhurst East,5,10,37.96333333333333,39.983333333333334,23.483333333333334,56.249999999999986,0.6,2026-02,avg_duration_by_zone_hour,True
133,Kensington,5,15,34.94888888888889,31.4,23.483333333333334,59.25333333333333,0.6,2026-02,avg_duration_by_zone_hour,True
71,East Flatbush/Farragut,2,5,34.7,27.966666666666665,19.025,56.59333333333334,0.6,2026-02,avg_duration_by_zone_hour,True
218,Springfield Gardens North,1,10,33.95333333333333,25.799999999999997,19.966666666666665,66.27499999999999,0.6,2026-02,avg_duration_by_zone_hour,True
1,Newark Airport,17,5,29.74,28.533333333333335,14.616666666666667,58.82666666666666,0.6,2026-02,avg_duration_by_zone_hour,True
72,East Flatbush/Remsen Village,1,5,29.606666666666666,28.333333333333332,19.716666666666665,46.77,0.6,2026-02,avg_duration_by_zone_hour,True
101,Glen Oaks,5,5,29.10333333333333,27.2,20.25,45.723333333333336,0.6,2026-02,avg_duration_by_zone_hour,True
265,Outside of NYC,6,15,25.403333333333332,17.016666666666666,12.483333333333333,52.88999999999999,0.6,2026-02,avg_duration_by_zone_hour,True
175,Oakland Gardens,3,5,21.4,22.033333333333335,16.966666666666665,24.69333333333333,0.6,2026-02,avg_duration_by_zone_hour,True
136,Kingsbridge Heights,0,5,20.87333333333333,19.833333333333332,15.233333333333333,34.03333333333333,0.6,2026-02,avg_duration_by_zone_hour,True
128,Inwood Hill Park,22,5,19.393333333333334,16.716666666666665,12.866666666666667,34.79333333333334,0.6,2026-02,avg_duration_by_zone_hour,True
120,Highbridge Park,17,5,18.223333333333336,18.95,13.483333333333333,29.53666666666667,0.6,2026-02,avg_duration_by_zone_hour,True
153,Marble Hill,0,5,14.363333333333333,16.016666666666666,12.233333333333333,21.376666666666665,0.6,2026-02,avg_duration_by_zone_hour,True
153,Marble Hill,1,5,12.273333333333333,15.816666666666666,11.95,18.226666666666667,0.6,2026-02,avg_duration_by_zone_hour,True
117,Hammels/Arverne,19,22,50.19166666666667,42.958333333333336,30.15,83.10333333333334,0.5909090909090909,2026-02,avg_duration_by_zone_hour,True
203,Rosedale,12,17,52.92254901960785,45.85,33.38333333333333,96.48,0.5882352941176471,2026-02,avg_duration_by_zone_hour,True
240,Van Cortlandt Park,6,17,50.71078431372549,53.516666666666666,32.43333333333333,81.38333333333334,0.5882352941176471,2026-02,avg_duration_by_zone_hour,True
149,Madison,6,17,49.515686274509804,47.233333333333334,28.933333333333334,93.09,0.5882352941176471,2026-02,avg_duration_by_zone_hour,True
67,Dyker Heights,16,17,44.1764705882353,37.31666666666667,27.583333333333332,76.78333333333333,0.5882352941176471,2026-02,avg_duration_by_zone_hour,True
189,Prospect Heights,3,17,25.109803921568627,25.15,18.966666666666665,35.28,0.5882352941176471,2026-02,avg_duration_by_zone_hour,True
178,Ocean Parkway South,6,12,54.94027777777777,56.56666666666666,28.933333333333334,99.45666666666668,0.5833333333333334,2026-02,avg_duration_by_zone_hour,True
92,Flushing,11,24,46.17847222222222,44.99166666666667,33.56666666666667,77.36666666666666,0.5833333333333334,2026-02,avg_duration_by_zone_hour,True
201,Rockaway Park,19,12,43.61527777777778,43.425,30.15,79.45,0.5833333333333334,2026-02,avg_duration_by_zone_hour,True
21,Bensonhurst East,23,12,25.23472222222222,28.116666666666667,20.8,32.410000000000004,0.5833333333333334,2026-02,avg_duration_by_zone_hour,True
194,Randalls Island,18,12,22.631944444444443,19.116666666666667,13.116666666666667,43.550000000000004,0.5833333333333334,2026-02,avg_duration_by_zone_hour,True
200,Riverdale/North Riverdale/Fieldston,0,12,21.570833333333336,20.983333333333334,15.233333333333333,39.44833333333334,0.5833333333333334,2026-02,avg_duration_by_zone_hour,True
150,Manhattan Beach,11,19,57.16842105263158,60.0,28.85,110.76666666666664,0.5789473684210527,2026-02,avg_duration_by_zone_hour,True
81,Eastchester,19,19,34.62456140350877,33.21666666666667,20.7,59.55999999999999,0.5789473684210527,2026-02,avg_duration_by_zone_hour,True
32,Bronxdale,9,26,50.330128205128204,47.041666666666664,33.8,86.53333333333333,0.5769230769230769,2026-02,avg_duration_by_zone_hour,True
117,Hammels/Arverne,18,26,49.17307692307692,49.06666666666666,31.483333333333334,90.58333333333333,0.5769230769230769,2026-02,avg_duration_by_zone_hour,True
155,Marine Park/Mill Basin,5,26,40.97628205128205,35.825,23.483333333333334,93.21666666666667,0.5769230769230769,2026-02,avg_duration_by_zone_hour,True
46,City Island,11,7,48.80714285714286,47.266666666666666,36.05,72.21333333333334,0.5714285714285714,2026-02,avg_duration_by_zone_hour,True
139,Laurelton,20,7,47.300000000000004,52.28333333333333,27.883333333333333,83.27000000000001,0.5714285714285714,2026-02,avg_duration_by_zone_hour,True
64,Douglaston,10,7,46.57142857142857,44.46666666666667,33.733333333333334,79.69666666666669,0.5714285714285714,2026-02,avg_duration_by_zone_hour,True
3,Allerton/Pelham Gardens,12,14,46.12857142857143,44.79166666666667,33.625,71.29,0.5714285714285714,2026-02,avg_duration_by_zone_hour,True
257,Windsor Terrace,15,21,35.361111111111114,37.95,28.233333333333334,52.95,0.5714285714285714,2026-02,avg_duration_by_zone_hour,True
240,Van Cortlandt Park,5,7,33.46190476190476,34.733333333333334,27.383333333333333,43.43000000000001,0.5714285714285714,2026-02,avg_duration_by_zone_hour,True
254,Williamsbridge/Olinville,4,28,30.466666666666665,25.733333333333334,19.833333333333332,54.223333333333336,0.5714285714285714,2026-02,avg_duration_by_zone_hour,True
235,University Heights/Morris Heights,23,21,28.608730158730157,21.85,15.791666666666668,54.016666666666666,0.5714285714285714,2026-02,avg_duration_by_zone_hour,True
213,Soundview/Castle Hill,21,28,27.43095238095238,26.775,18.84166666666667,51.09,0.5714285714285714,2026-02,avg_duration_by_zone_hour,True
200,Riverdale/North Riverdale/Fieldston,23,7,24.78809523809524,25.85,15.791666666666668,33.723333333333336,0.5714285714285714,2026-02,avg_duration_by_zone_hour,True
265,Outside of NYC,10,14,23.822619047619046,21.683333333333334,13.208333333333332,50.213333333333345,0.5714285714285714,2026-02,avg_duration_by_zone_hour,True
265,Outside of NYC,20,21,23.366666666666667,21.15,11.75,56.15,0.5714285714285714,2026-02,avg_duration_by_zone_hour,True
159,Melrose South,2,7,22.914285714285715,18.283333333333335,14.05,38.34333333333335,0.5714285714285714,2026-02,avg_duration_by_zone_hour,True
194,Randalls Island,16,7,22.238095238095237,18.2,13.733333333333333,39.77,0.5714285714285714,2026-02,avg_duration_by_zone_hour,True
153,Marble Hill,19,14,21.311904761904763,17.425,12.633333333333333,34.995,0.5714285714285714,2026-02,avg_duration_by_zone_hour,True
265,Outside of NYC,22,21,20.019841269841272,17.05,13.216666666666667,44.28333333333333,0.5714285714285714,2026-02,avg_duration_by_zone_hour,True
12,Battery Park,0,7,17.904761904761905,22.65,12.233333333333333,27.58666666666667,0.5714285714285714,2026-02,avg_duration_by_zone_hour,True
190,Prospect Park,21,16,29.370833333333334,32.45,22.083333333333332,41.675,0.5625,2026-02,avg_duration_by_zone_hour,True
252,Whitestone,4,16,27.816666666666666,28.791666666666664,17.4,42.8,0.5625,2026-02,avg_duration_by_zone_hour,True
189,Prospect Heights,4,16,25.457291666666666,26.341666666666665,19.583333333333332,37.7,0.5625,2026-02,avg_duration_by_zone_hour,True
201,Rockaway Park,20,9,49.90185185185185,53.86666666666667,27.883333333333333,84.44333333333334,0.5555555555555556,2026-02,avg_duration_by_zone_hour,True
31,Bronx Park,9,9,47.44814814814814,51.78333333333333,33.8,78.82000000000001,0.5555555555555556,2026-02,avg_duration_by_zone_hour,True
150,Manhattan Beach,16,18,44.63055555555556,39.075,27.583333333333332,76.68,0.5555555555555556,2026-02,avg_duration_by_zone_hour,True
20,Belmont,13,27,43.838888888888896,44.96666666666667,32.1,81.53333333333336,0.5555555555555556,2026-02,avg_duration_by_zone_hour,True
3,Allerton/Pelham Gardens,10,18,43.1462962962963,48.375,35.916666666666664,59.4,0.5555555555555556,2026-02,avg_duration_by_zone_hour,True
81,Eastchester,20,27,42.074074074074076,28.383333333333333,20.783333333333335,88.61000000000003,0.5555555555555556,2026-02,avg_duration_by_zone_hour,True
19,Bellerose,6,27,38.59197530864198,43.45,26.34166666666667,69.26,0.5555555555555556,2026-02,avg_duration_by_zone_hour,True
55,Coney Island,0,18,27.907407407407405,27.95,20.2,44.46666666666667,0.5555555555555556,2026-02,avg_duration_by_zone_hour,True
265,Outside of NYC,9,18,25.842592592592595,20.258333333333333,14.491666666666667,55.055000000000014,0.5555555555555556,2026-02,avg_duration_by_zone_hour,True
242,Van Nest/Morris Park,0,18,24.355555555555554,22.700000000000003,15.233333333333333,42.318333333333335,0.5555555555555556,2026-02,avg_duration_by_zone_hour,True
254,Williamsbridge/Olinville,1,9,21.566666666666666,19.466666666666665,14.941666666666666,31.703333333333337,0.5555555555555556,2026-02,avg_duration_by_zone_hour,True
20,Belmont,0,9,21.164814814814818,21.25,15.233333333333333,30.79,0.5555555555555556,2026-02,avg_duration_by_zone_hour,True
153,Marble Hill,22,9,20.824074074074076,16.35,12.866666666666667,31.80666666666667,0.5555555555555556,2026-02,avg_duration_by_zone_hour,True
12,Battery Park,11,27,19.01543209876543,20.35,13.75,32.75,0.5555555555555556,2026-02,avg_duration_by_zone_hour,True
194,Randalls Island,10,9,17.935185185185183,17.0,13.316666666666666,30.843333333333334,0.5555555555555556,2026-02,avg_duration_by_zone_hour,True
81,Eastchester,16,29,48.55402298850574,40.8,30.883333333333333,104.82,0.5517241379310345,2026-02,avg_duration_by_zone_hour,True
94,Fordham South,15,20,54.381666666666675,38.8,30.266666666666666,112.9466666666667,0.55,2026-02,avg_duration_by_zone_hour,True
108,Gravesend,18,20,36.524166666666666,31.058333333333334,23.816666666666666,72.84500000000001,0.55,2026-02,avg_duration_by_zone_hour,True
19,Bellerose,11,11,58.47121212121212,60.75,33.56666666666667,111.86666666666666,0.5454545454545454,2026-02,avg_duration_by_zone_hour,True
6,Arrochar/Fort Wadsworth,8,11,52.57878787878788,46.75,29.85,78.63333333333334,0.5454545454545454,2026-02,avg_duration_by_zone_hour,True
259,Woodlawn/Wakefield,5,22,41.74166666666667,38.425,27.383333333333333,65.86333333333334,0.5454545454545454,2026-02,avg_duration_by_zone_hour,True
219,Springfield Gardens South,4,11,32.048484848484854,26.633333333333333,17.4,71.26666666666667,0.5454545454545454,2026-02,avg_duration_by_zone_hour,True
120,Highbridge Park,8,11,22.216666666666665,17.633333333333333,13.283333333333333,36.13333333333333,0.5454545454545454,2026-02,avg_duration_by_zone_hour,True
265,Outside of NYC,21,22,21.108333333333334,15.933333333333334,12.216666666666667,41.105,0.5454545454545454,2026-02,avg_duration_by_zone_hour,True
12,Battery Park,8,11,20.21060606060606,17.033333333333335,13.283333333333333,37.68333333333333,0.5454545454545454,2026-02,avg_duration_by_zone_hour,True
215,South Jamaica,3,11,19.256060606060604,22.166666666666668,16.966666666666665,34.516666666666666,0.5454545454545454,2026-02,avg_duration_by_zone_hour,True
265,Outside of NYC,1,11,18.721212121212123,16.866666666666667,11.825,28.983333333333334,0.5454545454545454,2026-02,avg_duration_by_zone_hour,True
122,Hollis,10,24,49.40694444444444,43.825,33.733333333333334,97.32166666666666,0.5416666666666666,2026-02,avg_duration_by_zone_hour,True
20,Belmont,16,24,48.31597222222222,43.05833333333334,30.883333333333333,96.91333333333331,0.5416666666666666,2026-02,avg_duration_by_zone_hour,True
136,Kingsbridge Heights,14,24,42.668055555555554,41.25,30.233333333333334,80.75833333333333,0.5416666666666666,2026-02,avg_duration_by_zone_hour,True
182,Parkchester,22,24,22.569444444444443,22.575000000000003,17.366666666666667,32.265,0.5416666666666666,2026-02,avg_duration_by_zone_hour,True
265,Outside of NYC,18,24,22.147916666666664,17.291666666666664,12.708333333333332,52.62166666666666,0.5416666666666666,2026-02,avg_duration_by_zone_hour,True
102,Glendale,4,24,21.53402777777778,22.316666666666666,17.4,30.168333333333333,0.5416666666666666,2026-02,avg_duration_by_zone_hour,True
3,Allerton/Pelham Gardens,16,13,47.7448717948718,47.083333333333336,30.883333333333333,101.71333333333335,0.5384615384615384,2026-02,avg_duration_by_zone_hour,True
98,Fresh Meadows,6,13,44.50384615384615,33.916666666666664,26.34166666666667,87.58000000000001,0.5384615384615384,2026-02,avg_duration_by_zone_hour,True
259,Woodlawn/Wakefield,17,26,38.84935897435898,36.983333333333334,27.008333333333333,70.36666666666667,0.5384615384615384,2026-02,avg_duration_by_zone_hour,True
147,Longwood,18,26,35.81666666666667,30.183333333333334,23.225,63.849999999999994,0.5384615384615384,2026-02,avg_duration_by_zone_hour,True
192,Queensboro Hill,5,13,23.94871794871795,25.45,20.25,34.75333333333334,0.5384615384615384,2026-02,avg_duration_by_zone_hour,True
62,Crown Heights South,2,13,21.189743589743593,24.15,19.025,31.753333333333334,0.5384615384615384,2026-02,avg_duration_by_zone_hour,True
127,Inwood,1,26,18.870512820512822,16.366666666666667,11.95,30.8,0.5384615384615384,2026-02,avg_duration_by_zone_hour,True
175,Oakland Gardens,8,28,49.36130952380953,45.375,33.65,86.625,0.5357142857142857,2026-02,avg_duration_by_zone_hour,True
182,Parkchester,15,28,46.41428571428571,42.30833333333334,30.266666666666666,83.56166666666668,0.5357142857142857,2026-02,avg_duration_by_zone_hour,True
16,Bayside,8,28,44.969047619047615,44.858333333333334,33.65,70.16,0.5357142857142857,2026-02,avg_duration_by_zone_hour,True
150,Manhattan Beach,14,28,41.80714285714286,36.325,28.866666666666667,63.575,0.5357142857142857,2026-02,avg_duration_by_zone_hour,True
3,Allerton/Pelham Gardens,17,15,40.04777777777778,39.61666666666667,27.008333333333333,62.75333333333334,0.5333333333333333,2026-02,avg_duration_by_zone_hour,True
98,Fresh Meadows,5,15,35.471111111111114,26.0,20.25,69.22,0.5333333333333333,2026-02,avg_duration_by_zone_hour,True
32,Bronxdale,15,19,48.280701754385966,38.38333333333333,30.266666666666666,88.70666666666666,0.5263157894736842,2026-02,avg_duration_by_zone_hour,True
259,Woodlawn/Wakefield,20,21,48.1484126984127,29.3,20.783333333333335,120.2,0.5238095238095238,2026-02,avg_duration_by_zone_hour,True
94,Fordham South,13,21,43.38412698412698,42.86666666666667,32.1,78.58333333333333,0.5238095238095238,2026-02,avg_duration_by_zone_hour,True
21,Bensonhurst East,19,21,31.763492063492063,28.783333333333335,22.833333333333332,53.61666666666667,0.5238095238095238,2026-02,avg_duration_by_zone_hour,True
182,Parkchester,21,21,30.820634920634923,23.583333333333332,18.84166666666667,56.733333333333334,0.5238095238095238,2026-02,avg_duration_by_zone_hour,True
124,Howard Beach,0,21,25.96825396825397,26.8,21.433333333333334,35.516666666666666,0.5238095238095238,2026-02,avg_duration_by_zone_hour,True
150,Manhattan Beach,15,23,49.02898550724638,35.86666666666667,28.233333333333334,105.23333333333333,0.5217391304347826,2026-02,avg_duration_by_zone_hour,True
160,Middle Village,11,23,40.43188405797101,42.916666666666664,33.56666666666667,63.85,0.5217391304347826,2026-02,avg_duration_by_zone_hour,True
248,West Farms/Bronx River,21,23,30.963043478260868,25.316666666666666,18.84166666666667,58.546666666666674,0.5217391304347826,2026-02,avg_duration_by_zone_hour,True
78,East Tremont,20,23,30.358695652173914,26.15,20.783333333333335,61.71333333333333,0.5217391304347826,2026-02,avg_duration_by_zone_hour,True
55,Coney Island,21,23,29.679710144927537,32.18333333333333,22.083333333333332,51.36666666666667,0.5217391304347826,2026-02,avg_duration_by_zone_hour,True
205,Saint Albans,23,23,26.217391304347824,28.75,22.466666666666665,42.870000000000005,0.5217391304347826,2026-02,avg_duration_by_zone_hour,True
178,Ocean Parkway South,12,25,46.07533333333334,39.666666666666664,29.283333333333335,97.97666666666672,0.52,2026-02,avg_duration_by_zone_hour,True
241,Van Cortlandt Village,16,25,42.044666666666664,40.766666666666666,30.883333333333333,88.43666666666667,0.52,2026-02,avg_duration_by_zone_hour,True
139,Laurelton,16,27,61.28333333333334,56.06666666666667,42.81666666666667,103.75333333333336,0.5185185185185185,2026-02,avg_duration_by_zone_hour,True
81,Eastchester,14,27,41.35617283950617,38.766666666666666,30.233333333333334,78.74333333333334,0.5185185185185185,2026-02,avg_duration_by_zone_hour,True
222,Starrett City,19,29,34.000574712643676,29.466666666666665,22.833333333333332,52.69666666666665,0.5172413793103449,2026-02,avg_duration_by_zone_hour,True
46,City Island,9,2,68.74166666666666,68.74166666666666,33.8,112.215,0.5,2026-02,avg_duration_by_zone_hour,True
176,Oakwood,8,2,65.1,65.1,29.85,91.23333333333333,0.5,2026-02,avg_duration_by_zone_hour,True
240,Van Cortlandt Park,15,2,63.05,63.05,30.266666666666666,96.67666666666666,0.5,2026-02,avg_duration_by_zone_hour,True
259,Woodlawn/Wakefield,15,16,56.678125,33.8,30.266666666666666,112.94999999999999,0.5,2026-02,avg_duration_by_zone_hour,True
147,Longwood,15,18,55.54444444444445,41.38333333333333,30.266666666666666,96.04666666666671,0.5,2026-02,avg_duration_by_zone_hour,True
73,East Flushing,10,6,55.38055555555555,51.391666666666666,33.733333333333334,81.85,0.5,2026-02,avg_duration_by_zone_hour,True
46,City Island,17,2,53.53333333333333,53.53333333333333,27.008333333333333,76.69333333333333,0.5,2026-02,avg_duration_by_zone_hour,True
175,Oakland Gardens,9,4,52.74166666666667,53.88333333333334,33.53333333333333,91.65,0.5,2026-02,avg_duration_by_zone_hour,True
64,Douglaston,8,6,52.53888888888889,51.300000000000004,33.65,93.38333333333333,0.5,2026-02,avg_duration_by_zone_hour,True
57,Corona,16,2,51.15833333333333,51.15833333333333,42.81666666666667,58.885000000000005,0.5,2026-02,avg_duration_by_zone_hour,True
20,Belmont,11,14,51.13333333333333,46.55,36.05,102.14500000000002,0.5,2026-02,avg_duration_by_zone_hour,True
101,Glen Oaks,12,10,50.22666666666667,43.71666666666667,33.38333333333333,86.48666666666665,0.5,2026-02,avg_duration_by_zone_hour,True
64,Douglaston,12,6,49.05555555555555,51.27499999999999,33.38333333333333,81.76666666666667,0.5,2026-02,avg_duration_by_zone_hour,True
31,Bronx Park,16,6,48.486111111111114,38.11666666666667,30.883333333333333,90.04166666666666,0.5,2026-02,avg_duration_by_zone_hour,True
183,Pelham Bay,12,10,47.19166666666667,36.03333333333333,33.625,84.17833333333333,0.5,2026-02,avg_duration_by_zone_hour,True
118,Heartland Village/Todt Hill,6,2,46.80833333333333,46.80833333333333,24.791666666666664,65.24166666666666,0.5,2026-02,avg_duration_by_zone_hour,True
252,Whitestone,13,8,46.77916666666667,44.65,35.86666666666667,59.79333333333333,0.5,2026-02,avg_duration_by_zone_hour,True
171,Murray Hill-Queens,11,16,44.809375,48.85,33.56666666666667,73.55000000000001,0.5,2026-02,avg_duration_by_zone_hour,True
15,Bay Terrace/Fort Totten,11,12,44.800000000000004,38.45,33.56666666666667,81.39500000000001,0.5,2026-02,avg_duration_by_zone_hour,True
57,Corona,9,2,44.791666666666664,44.791666666666664,33.53333333333333,68.825,0.5,2026-02,avg_duration_by_zone_hour,True
15,Bay Terrace/Fort Totten,17,6,44.6,42.233333333333334,36.35,72.15,0.5,2026-02,avg_duration_by_zone_hour,True
183,Pelham Bay,13,10,44.598333333333336,44.88333333333333,32.1,69.19833333333334,0.5,2026-02,avg_duration_by_zone_hour,True
30,Broad Channel,17,4,44.4125,45.30833333333334,36.35,60.37,0.5,2026-02,avg_duration_by_zone_hour,True
73,East Flushing,12,6,44.333333333333336,39.79166666666667,33.38333333333333,68.325,0.5,2026-02,avg_duration_by_zone_hour,True
64,Douglaston,9,8,43.65833333333333,37.225,33.53333333333333,75.63666666666666,0.5,2026-02,avg_duration_by_zone_hour,True
58,Country Club,14,2,43.225,43.225,30.233333333333334,71.67166666666667,0.5,2026-02,avg_duration_by_zone_hour,True
31,Bronx Park,5,4,42.925,43.90833333333333,27.383333333333333,56.461666666666666,0.5,2026-02,avg_duration_by_zone_hour,True
58,Country Club,7,10,42.18833333333333,44.53333333333333,32.833333333333336,69.82666666666665,0.5,2026-02,avg_duration_by_zone_hour,True
31,Bronx Park,13,8,41.91458333333333,37.5,32.1,73.85,0.5,2026-02,avg_duration_by_zone_hour,True
175,Oakland Gardens,10,12,41.859722222222224,39.233333333333334,33.733333333333334,89.10333333333334,0.5,2026-02,avg_duration_by_zone_hour,True
171,Murray Hill-Queens,12,12,41.49444444444445,36.975,33.38333333333333,78.14333333333333,0.5,2026-02,avg_duration_by_zone_hour,True
192,Queensboro Hill,10,8,41.24791666666667,41.7,33.733333333333334,69.80000000000001,0.5,2026-02,avg_duration_by_zone_hour,True
200,Riverdale/North Riverdale/Fieldston,14,20,41.2125,36.38333333333333,30.233333333333334,59.58500000000001,0.5,2026-02,avg_duration_by_zone_hour,True
240,Van Cortlandt Park,8,4,41.1875,40.56666666666667,32.141666666666666,51.67166666666667,0.5,2026-02,avg_duration_by_zone_hour,True
121,Hillcrest/Pomonok,10,24,40.91597222222222,42.983333333333334,33.733333333333334,65.89166666666667,0.5,2026-02,avg_duration_by_zone_hour,True
1,Newark Airport,14,2,40.88333333333333,40.88333333333333,15.633333333333333,61.75,0.5,2026-02,avg_duration_by_zone_hour,True
15,Bay Terrace/Fort Totten,9,8,40.606249999999996,46.525000000000006,33.53333333333333,64.03166666666667,0.5,2026-02,avg_duration_by_zone_hour,True
59,Crotona Park,12,2,40.575,40.575,33.625,52.435,0.5,2026-02,avg_duration_by_zone_hour,True
31,Bronx Park,7,10,40.34,43.95,32.833333333333336,75.74333333333333,0.5,2026-02,avg_duration_by_zone_hour,True
11,Bath Beach,9,28,40.333928571428565,33.358333333333334,28.0,83.005,0.5,2026-02,avg_duration_by_zone_hour,True
59,Crotona Park,22,2,39.824999999999996,39.824999999999996,17.366666666666667,63.205,0.5,2026-02,avg_duration_by_zone_hour,True
221,Stapleton,14,2,39.31666666666666,39.31666666666666,15.633333333333333,58.263333333333335,0.5,2026-02,avg_duration_by_zone_hour,True
96,Forest Park/Highland Park,7,8,39.302083333333336,35.16666666666667,30.4,65.89999999999999,0.5,2026-02,avg_duration_by_zone_hour,True
23,Bloomfield/Emerson Hill,7,4,39.1125,34.05,29.058333333333334,57.93000000000001,0.5,2026-02,avg_duration_by_zone_hour,True
185,Pelham Parkway,5,26,39.059615384615384,33.94166666666666,27.383333333333333,71.1,0.5,2026-02,avg_duration_by_zone_hour,True
122,Hollis,4,18,38.04907407407407,32.06666666666667,17.4,71.3,0.5,2026-02,avg_duration_by_zone_hour,True
118,Heartland Village/Todt Hill,8,4,37.625,36.94166666666666,29.85,60.22333333333334,0.5,2026-02,avg_duration_by_zone_hour,True
26,Borough Park,6,22,37.45454545454545,34.675,28.933333333333334,67.96333333333335,0.5,2026-02,avg_duration_by_zone_hour,True
96,Forest Park/Highland Park,8,4,37.30416666666667,36.075,33.65,63.058333333333344,0.5,2026-02,avg_duration_by_zone_hour,True
174,Norwood,4,6,37.294444444444444,27.56666666666667,19.833333333333332,68.94166666666666,0.5,2026-02,avg_duration_by_zone_hour,True
32,Bronxdale,5,26,37.128846153846155,33.45833333333333,27.383333333333333,77.08333333333334,0.5,2026-02,avg_duration_by_zone_hour,True
101,Glen Oaks,7,8,36.77916666666667,38.93333333333334,30.4,67.27833333333332,0.5,2026-02,avg_duration_by_zone_hour,True
20,Belmont,5,20,36.74166666666667,38.4,27.383333333333333,63.34,0.5,2026-02,avg_duration_by_zone_hour,True
120,Highbridge Park,12,2,36.49166666666667,36.49166666666667,13.833333333333334,55.858333333333334,0.5,2026-02,avg_duration_by_zone_hour,True
176,Oakwood,7,4,36.166666666666664,38.15,29.058333333333334,52.65166666666667,0.5,2026-02,avg_duration_by_zone_hour,True
174,Norwood,5,18,35.91481481481482,30.174999999999997,27.383333333333333,66.905,0.5,2026-02,avg_duration_by_zone_hour,True
6,Arrochar/Fort Wadsworth,14,2,35.41666666666667,35.41666666666667,15.633333333333333,54.150000000000006,0.5,2026-02,avg_duration_by_zone_hour,True
175,Oakland Gardens,6,16,35.38125,33.358333333333334,26.34166666666667,64.55,0.5,2026-02,avg_duration_by_zone_hour,True
96,Forest Park/Highland Park,9,2,34.95,34.95,33.53333333333333,51.550000000000004,0.5,2026-02,avg_duration_by_zone_hour,True
257,Windsor Terrace,14,20,34.8525,35.85,28.866666666666667,52.36833333333334,0.5,2026-02,avg_duration_by_zone_hour,True
73,East Flushing,6,8,34.8375,34.608333333333334,26.34166666666667,52.97,0.5,2026-02,avg_duration_by_zone_hour,True
73,East Flushing,11,6,34.76111111111111,38.025,33.56666666666667,55.041666666666664,0.5,2026-02,avg_duration_by_zone_hour,True
9,Auburndale,5,2,33.7,33.7,20.25,49.24666666666667,0.5,2026-02,avg_duration_by_zone_hour,True
190,Prospect Park,12,10,33.475,37.983333333333334,29.283333333333335,46.148333333333326,0.5,2026-02,avg_duration_by_zone_hour,True
64,Douglaston,5,6,33.09166666666667,23.575,20.25,60.96666666666667,0.5,2026-02,avg_duration_by_zone_hour,True
58,Country Club,22,4,32.7,29.683333333333334,17.366666666666667,47.89,0.5,2026-02,avg_duration_by_zone_hour,True
154,Marine Park/Floyd Bennett Field,11,4,32.670833333333334,30.241666666666667,28.85,59.49,0.5,2026-02,avg_duration_by_zone_hour,True
235,University Heights/Morris Heights,3,12,32.42916666666667,19.09166666666667,16.46666666666667,63.765,0.5,2026-02,avg_duration_by_zone_hour,True
251,Westerleigh,6,4,32.204166666666666,30.6,24.791666666666664,47.665,0.5,2026-02,avg_duration_by_zone_hour,True
115,Grymes Hill/Clifton,15,2,31.866666666666667,31.866666666666667,15.65,47.45333333333333,0.5,2026-02,avg_duration_by_zone_hour,True
190,Prospect Park,10,14,31.53095238095238,34.55833333333334,28.716666666666665,45.01666666666667,0.5,2026-02,avg_duration_by_zone_hour,True
200,Riverdale/North Riverdale/Fieldston,20,20,30.673333333333336,24.78333333333333,20.783333333333335,55.223333333333336,0.5,2026-02,avg_duration_by_zone_hour,True
78,East Tremont,4,16,30.166666666666668,22.016666666666666,19.833333333333332,70.40833333333333,0.5,2026-02,avg_duration_by_zone_hour,True
96,Forest Park/Highland Park,6,8,29.725,32.78333333333333,26.34166666666667,43.11,0.5,2026-02,avg_duration_by_zone_hour,True
214,South Beach/Dongan Hills,6,2,29.558333333333334,29.558333333333334,24.791666666666664,43.498333333333335,0.5,2026-02,avg_duration_by_zone_hour,True
101,Glen Oaks,21,14,29.539285714285715,29.59166666666667,24.983333333333334,46.90166666666668,0.5,2026-02,avg_duration_by_zone_hour,True
214,South Beach/Dongan Hills,5,2,29.325000000000003,29.325000000000003,13.666666666666666,47.825,0.5,2026-02,avg_duration_by_zone_hour,True
240,Van Cortlandt Park,18,4,29.1125,24.758333333333333,23.225,54.38666666666667,0.5,2026-02,avg_duration_by_zone_hour,True
16,Bayside,5,8,29.070833333333336,20.691666666666666,20.25,55.493333333333325,0.5,2026-02,avg_duration_by_zone_hour,True
139,Laurelton,3,10,28.94166666666667,19.991666666666667,16.966666666666665,73.85666666666667,0.5,2026-02,avg_duration_by_zone_hour,True
165,Midwood,4,6,28.902777777777782,23.875,19.583333333333332,49.11666666666667,0.5,2026-02,avg_duration_by_zone_hour,True
153,Marble Hill,11,12,28.847222222222225,18.65,13.75,66.38000000000001,0.5,2026-02,avg_duration_by_zone_hour,True
23,Bloomfield/Emerson Hill,17,4,28.445833333333333,28.4,21.200000000000003,43.156666666666666,0.5,2026-02,avg_duration_by_zone_hour,True
252,Whitestone,3,10,28.375,31.4,16.966666666666665,50.711666666666666,0.5,2026-02,avg_duration_by_zone_hour,True
11,Bath Beach,22,2,28.166666666666664,28.166666666666664,21.416666666666668,34.34,0.5,2026-02,avg_duration_by_zone_hour,True
227,Sunset Park East,22,16,27.911458333333332,27.858333333333334,21.416666666666668,43.675,0.5,2026-02,avg_duration_by_zone_hour,True
20,Belmont,20,20,27.475,24.325,20.783333333333335,51.790000000000006,0.5,2026-02,avg_duration_by_zone_hour,True
58,Country Club,19,2,27.475,27.475,20.7,41.108333333333334,0.5,2026-02,avg_duration_by_zone_hour,True
200,Riverdale/North Riverdale/Fieldston,21,16,27.397916666666667,22.59166666666667,18.84166666666667,39.56666666666666,0.5,2026-02,avg_duration_by_zone_hour,True
6,Arrochar/Fort Wadsworth,10,2,27.166666666666668,27.166666666666668,14.733333333333333,44.1,0.5,2026-02,avg_duration_by_zone_hour,True
194,Randalls Island,13,4,27.154166666666665,18.325,14.066666666666666,50.265,0.5,2026-02,avg_duration_by_zone_hour,True
85,Erasmus,1,14,27.07857142857143,25.424999999999997,19.716666666666665,46.86833333333334,0.5,2026-02,avg_duration_by_zone_hour,True
10,Baisley Park,4,16,27.078125,23.05,17.4,60.44166666666666,0.5,2026-02,avg_duration_by_zone_hour,True
203,Rosedale,2,6,26.38055555555556,19.825000000000003,17.541666666666668,56.81666666666667,0.5,2026-02,avg_duration_by_zone_hour,True
47,Claremont/Bathgate,21,26,26.297435897435896,22.575,18.84166666666667,50.925,0.5,2026-02,avg_duration_by_zone_hour,True
121,Hillcrest/Pomonok,3,6,26.180555555555557,20.766666666666666,16.966666666666665,44.83333333333333,0.5,2026-02,avg_duration_by_zone_hour,True
118,Heartland Village/Todt Hill,17,2,26.166666666666664,26.166666666666664,21.200000000000003,30.94,0.5,2026-02,avg_duration_by_zone_hour,True
251,Westerleigh,19,2,25.825,25.825,13.766666666666667,39.685,0.5,2026-02,avg_duration_by_zone_hour,True
201,Rockaway Park,21,4,25.583333333333332,24.80833333333333,24.983333333333334,48.06666666666666,0.5,2026-02,avg_duration_by_zone_hour,True
32,Bronxdale,22,28,25.473809523809525,21.725,17.366666666666667,44.91666666666667,0.5,2026-02,avg_duration_by_zone_hour,True
120,Highbridge Park,13,4,25.4125,23.28333333333333,14.066666666666666,39.071666666666665,0.5,2026-02,avg_duration_by_zone_hour,True
124,Howard Beach,1,8,25.00625,25.425,19.966666666666665,38.74166666666666,0.5,2026-02,avg_duration_by_zone_hour,True
115,Grymes Hill/Clifton,14,2,24.966666666666665,24.966666666666665,15.633333333333333,32.94,0.5,2026-02,avg_duration_by_zone_hour,True
206,Saint George/New Brighton,22,2,24.866666666666667,24.866666666666667,13.833333333333334,34.10666666666666,0.5,2026-02,avg_duration_by_zone_hour,True
67,Dyker Heights,20,18,24.75,27.924999999999997,22.833333333333332,38.11166666666667,0.5,2026-02,avg_duration_by_zone_hour,True
203,Rosedale,4,10,24.575,20.366666666666667,17.4,42.696666666666665,0.5,2026-02,avg_duration_by_zone_hour,True
147,Longwood,21,12,24.418055555555554,23.058333333333334,18.84166666666667,35.02333333333333,0.5,2026-02,avg_duration_by_zone_hour,True
178,Ocean Parkway South,20,6,24.299999999999997,24.2,22.833333333333332,38.80833333333333,0.5,2026-02,avg_duration_by_zone_hour,True
64,Douglaston,2,2,24.108333333333334,24.108333333333334,17.541666666666668,28.101666666666667,0.5,2026-02,avg_duration_by_zone_hour,True
29,Brighton Beach,4,2,24.075,24.075,19.583333333333332,33.50833333333333,0.5,2026-02,avg_duration_by_zone_hour,True
72,East Flatbush/Remsen Village,2,6,23.980555555555554,22.233333333333334,19.025,34.25,0.5,2026-02,avg_duration_by_zone_hour,True
201,Rockaway Park,22,4,23.920833333333334,28.325000000000003,24.516666666666666,34.32333333333333,0.5,2026-02,avg_duration_by_zone_hour,True
167,Morrisania/Melrose,22,24,23.81041666666667,22.558333333333334,17.366666666666667,39.3,0.5,2026-02,avg_duration_by_zone_hour,True
94,Fordham South,0,6,23.630555555555556,17.825,15.233333333333333,41.725,0.5,2026-02,avg_duration_by_zone_hour,True
40,Carroll Gardens,4,18,23.592592592592595,23.525,19.583333333333332,33.013333333333335,0.5,2026-02,avg_duration_by_zone_hour,True
73,East Flushing,5,2,22.71666666666667,22.71666666666667,20.25,25.85,0.5,2026-02,avg_duration_by_zone_hour,True
115,Grymes Hill/Clifton,1,2,22.708333333333332,22.708333333333332,12.666666666666666,30.168333333333333,0.5,2026-02,avg_duration_by_zone_hour,True
94,Fordham South,1,4,22.65833333333333,17.508333333333333,14.941666666666666,36.358333333333334,0.5,2026-02,avg_duration_by_zone_hour,True
20,Belmont,3,2,22.608333333333334,22.608333333333334,16.46666666666667,28.975,0.5,2026-02,avg_duration_by_zone_hour,True
183,Pelham Bay,21,6,22.48888888888889,21.35,18.84166666666667,37.775,0.5,2026-02,avg_duration_by_zone_hour,True
108,Gravesend,4,4,22.2375,25.266666666666666,19.583333333333332,33.17666666666667,0.5,2026-02,avg_duration_by_zone_hour,True
200,Riverdale/North Riverdale/Fieldston,3,2,22.1,22.1,16.46666666666667,26.22,0.5,2026-02,avg_duration_by_zone_hour,True
57,Corona,3,2,22.075,22.075,16.966666666666665,31.828333333333333,0.5,2026-02,avg_duration_by_zone_hour,True
60,Crotona Park East,3,2,22.05,22.05,16.46666666666667,33.47666666666667,0.5,2026-02,avg_duration_by_zone_hour,True
136,Kingsbridge Heights,22,22,22.043939393939397,21.791666666666668,17.366666666666667,34.79666666666667,0.5,2026-02,avg_duration_by_zone_hour,True
185,Pelham Parkway,3,10,21.806666666666665,20.85,16.46666666666667,30.67499999999999,0.5,2026-02,avg_duration_by_zone_hour,True
251,Westerleigh,4,2,21.666666666666668,21.666666666666668,13.2,29.46666666666667,0.5,2026-02,avg_duration_by_zone_hour,True
71,East Flatbush/Farragut,3,28,21.652380952380952,23.666666666666668,18.966666666666665,29.545,0.5,2026-02,avg_duration_by_zone_hour,True
124,Howard Beach,3,2,21.616666666666667,21.616666666666667,16.966666666666665,31.563333333333333,0.5,2026-02,avg_duration_by_zone_hour,True
108,Gravesend,1,6,21.616666666666664,22.625,19.716666666666665,29.06666666666667,0.5,2026-02,avg_duration_by_zone_hour,True
214,South Beach/Dongan Hills,15,2,21.55833333333333,21.55833333333333,15.65,23.231666666666666,0.5,2026-02,avg_duration_by_zone_hour,True
115,Grymes Hill/Clifton,17,2,21.391666666666666,21.391666666666666,21.200000000000003,37.705,0.5,2026-02,avg_duration_by_zone_hour,True
33,Brooklyn Heights,3,12,21.273611111111112,23.925,18.966666666666665,27.889999999999997,0.5,2026-02,avg_duration_by_zone_hour,True
195,Red Hook,2,4,21.1,22.200000000000003,19.025,26.745,0.5,2026-02,avg_duration_by_zone_hour,True
221,Stapleton,10,2,20.78333333333333,20.78333333333333,14.733333333333333,29.423333333333332,0.5,2026-02,avg_duration_by_zone_hour,True
180,Ozone Park,3,2,20.575,20.575,16.966666666666665,22.768333333333334,0.5,2026-02,avg_duration_by_zone_hour,True
52,Cobble Hill,2,4,20.508333333333333,23.84166666666667,19.025,25.648333333333333,0.5,2026-02,avg_duration_by_zone_hour,True
122,Hollis,2,4,20.325,22.358333333333334,17.541666666666668,28.743333333333336,0.5,2026-02,avg_duration_by_zone_hour,True
165,Midwood,2,4,19.9375,20.15833333333333,19.025,31.156666666666666,0.5,2026-02,avg_duration_by_zone_hour,True
213,Soundview/Castle Hill,1,2,19.85,19.85,14.941666666666666,22.263333333333335,0.5,2026-02,avg_duration_by_zone_hour,True
67,Dyker Heights,2,2,19.075,19.075,19.025,25.388333333333332,0.5,2026-02,avg_duration_by_zone_hour,True
167,Morrisania/Melrose,1,8,18.98125,18.5,14.941666666666666,30.639999999999997,0.5,2026-02,avg_duration_by_zone_hour,True
182,Parkchester,1,2,18.641666666666666,18.641666666666666,14.941666666666666,22.235,0.5,2026-02,avg_duration_by_zone_hour,True
9,Auburndale,2,2,18.616666666666667,18.616666666666667,17.541666666666668,21.883333333333333,0.5,2026-02,avg_duration_by_zone_hour,True
16,Bayside,3,8,18.575,19.866666666666667,16.966666666666665,26.343333333333334,0.5,2026-02,avg_duration_by_zone_hour,True
122,Hollis,1,2,18.375,18.375,19.966666666666665,23.66166666666667,0.5,2026-02,avg_duration_by_zone_hour,True
227,Sunset Park East,3,8,18.375,21.433333333333334,18.966666666666665,26.15,0.5,2026-02,avg_duration_by_zone_hour,True
183,Pelham Bay,0,4,18.104166666666668,18.833333333333332,15.233333333333333,30.475,0.5,2026-02,avg_duration_by_zone_hour,True
240,Van Cortlandt Park,0,2,17.933333333333334,17.933333333333334,15.233333333333333,20.813333333333336,0.5,2026-02,avg_duration_by_zone_hour,True
258,Woodhaven,2,8,17.7125,21.041666666666664,17.541666666666668,25.656666666666666,0.5,2026-02,avg_duration_by_zone_hour,True
184,Pelham Bay Park,0,2,17.508333333333333,17.508333333333333,15.233333333333333,22.501666666666665,0.5,2026-02,avg_duration_by_zone_hour,True
46,City Island,22,2,17.45,17.45,17.366666666666667,21.05,0.5,2026-02,avg_duration_by_zone_hour,True
251,Westerleigh,0,2,17.416666666666664,17.416666666666664,13.316666666666666,27.55,0.5,2026-02,avg_duration_by_zone_hour,True
194,Randalls Island,23,8,16.647916666666667,16.383333333333333,12.7,20.453333333333333,0.5,2026-02,avg_duration_by_zone_hour,True
18,Bedford Park,2,2,16.316666666666666,16.316666666666666,14.05,18.78333333333333,0.5,2026-02,avg_duration_by_zone_hour,True
69,East Concourse/Concourse Village,2,10,16.153333333333332,17.09166666666667,14.05,26.61,0.5,2026-02,avg_duration_by_zone_hour,True
6,Arrochar/Fort Wadsworth,0,4,16.020833333333332,11.408333333333333,13.316666666666666,30.726666666666667,0.5,2026-02,avg_duration_by_zone_hour,True
208,Schuylerville/Edgewater Park,1,2,15.858333333333334,15.858333333333334,14.941666666666666,18.718333333333334,0.5,2026-02,avg_duration_by_zone_hour,True
12,Battery Park,6,2,15.75,15.75,10.666666666666666,17.71,0.5,2026-02,avg_duration_by_zone_hour,True
12,Battery Park,9,6,15.719444444444443,15.958333333333334,13.3,23.65833333333333,0.5,2026-02,avg_duration_by_zone_hour,True
235,University Heights/Morris Heights,1,2,15.491666666666667,15.491666666666667,14.941666666666666,18.378333333333334,0.5,2026-02,avg_duration_by_zone_hour,True
6,Arrochar/Fort Wadsworth,13,4,14.291666666666668,14.15,15.483333333333333,24.158333333333335,0.5,2026-02,avg_duration_by_zone_hour,True
128,Inwood Hill Park,6,2,12.291666666666668,12.291666666666668,10.666666666666666,18.298333333333336,0.5,2026-02,avg_duration_by_zone_hour,True
19,Bellerose,8,29,48.2212643678161,35.416666666666664,33.65,94.96666666666665,0.4827586206896552,2026-02,avg_duration_by_zone_hour,True
248,West Farms/Bronx River,12,29,46.27528735632184,38.25,33.625,89.86666666666666,0.4827586206896552,2026-02,avg_duration_by_zone_hour,True
135,Kew Gardens Hills,15,27,55.5574074074074,51.05,41.333333333333336,115.96333333333337,0.48148148148148145,2026-02,avg_duration_by_zone_hour,True
11,Bath Beach,7,27,40.60123456790124,32.6,29.641666666666666,73.26000000000002,0.48148148148148145,2026-02,avg_duration_by_zone_hour,True
216,South Ozone Park,2,27,20.000617283950618,21.016666666666666,17.541666666666668,29.053333333333338,0.48148148148148145,2026-02,avg_duration_by_zone_hour,True
108,Gravesend,12,25,47.58133333333333,32.11666666666667,29.283333333333335,95.20666666666669,0.48,2026-02,avg_duration_by_zone_hour,True
208,Schuylerville/Edgewater Park,11,25,42.698,41.416666666666664,36.05,70.02000000000001,0.48,2026-02,avg_duration_by_zone_hour,True
3,Allerton/Pelham Gardens,9,25,40.349333333333334,38.666666666666664,33.8,78.77000000000001,0.48,2026-02,avg_duration_by_zone_hour,True
92,Flushing,5,23,33.24782608695652,23.55,20.25,73.69666666666667,0.4782608695652174,2026-02,avg_duration_by_zone_hour,True
47,Claremont/Bathgate,17,23,31.467391304347824,31.9,27.008333333333333,48.80333333333334,0.4782608695652174,2026-02,avg_duration_by_zone_hour,True
222,Starrett City,18,23,30.368115942028986,26.433333333333334,23.816666666666666,45.446666666666665,0.4782608695652174,2026-02,avg_duration_by_zone_hour,True
72,East Flatbush/Remsen Village,3,23,23.97608695652174,22.816666666666666,18.966666666666665,34.74333333333333,0.4782608695652174,2026-02,avg_duration_by_zone_hour,True
259,Woodlawn/Wakefield,14,21,57.86269841269841,35.0,30.233333333333334,124.56666666666666,0.47619047619047616,2026-02,avg_duration_by_zone_hour,True
94,Fordham South,11,21,47.14047619047619,40.53333333333333,36.05,73.9,0.47619047619047616,2026-02,avg_duration_by_zone_hour,True
259,Woodlawn/Wakefield,23,21,25.19285714285714,19.4,15.791666666666668,49.45,0.47619047619047616,2026-02,avg_duration_by_zone_hour,True
49,Clinton Hill,2,21,21.913492063492065,21.683333333333334,19.025,33.11666666666667,0.47619047619047616,2026-02,avg_duration_by_zone_hour,True
38,Cambria Heights,10,19,47.30614035087719,40.36666666666667,33.733333333333334,83.23666666666666,0.47368421052631576,2026-02,avg_duration_by_zone_hour,True
136,Kingsbridge Heights,5,19,41.94122807017544,30.8,27.383333333333333,75.33999999999999,0.47368421052631576,2026-02,avg_duration_by_zone_hour,True
259,Woodlawn/Wakefield,21,19,31.548245614035086,21.216666666666665,18.84166666666667,74.14333333333332,0.47368421052631576,2026-02,avg_duration_by_zone_hour,True
171,Murray Hill-Queens,14,17,50.57647058823529,41.7,38.6,89.02666666666667,0.47058823529411764,2026-02,avg_duration_by_zone_hour,True
38,Cambria Heights,17,17,45.99803921568627,43.3,36.35,77.5,0.47058823529411764,2026-02,avg_duration_by_zone_hour,True
252,Whitestone,12,17,42.59705882352941,31.25,33.38333333333333,78.39999999999999,0.47058823529411764,2026-02,avg_duration_by_zone_hour,True
117,Hammels/Arverne,20,17,40.4921568627451,33.016666666666666,27.883333333333333,82.33333333333334,0.47058823529411764,2026-02,avg_duration_by_zone_hour,True
190,Prospect Park,8,17,36.96764705882353,35.483333333333334,29.55,60.806666666666665,0.47058823529411764,2026-02,avg_duration_by_zone_hour,True
222,Starrett City,22,17,26.476470588235294,23.35,21.416666666666668,45.226666666666674,0.47058823529411764,2026-02,avg_duration_by_zone_hour,True
201,Rockaway Park,11,15,47.79222222222222,40.86666666666667,33.56666666666667,86.87666666666667,0.4666666666666667,2026-02,avg_duration_by_zone_hour,True
19,Bellerose,5,15,42.11666666666667,22.0,20.25,82.87333333333333,0.4666666666666667,2026-02,avg_duration_by_zone_hour,True
180,Ozone Park,11,15,39.65555555555556,31.683333333333334,33.56666666666667,60.63666666666667,0.4666666666666667,2026-02,avg_duration_by_zone_hour,True
38,Cambria Heights,19,15,38.471111111111114,36.233333333333334,30.15,66.20333333333333,0.4666666666666667,2026-02,avg_duration_by_zone_hour,True
3,Allerton/Pelham Gardens,4,15,29.30666666666667,23.0,19.833333333333332,57.93333333333333,0.4666666666666667,2026-02,avg_duration_by_zone_hour,True
60,Crotona Park East,13,28,43.010714285714286,36.15,32.1,78.44500000000001,0.4642857142857143,2026-02,avg_duration_by_zone_hour,True
108,Gravesend,16,28,42.264880952380956,32.391666666666666,27.583333333333332,77.41666666666667,0.4642857142857143,2026-02,avg_duration_by_zone_hour,True
47,Claremont/Bathgate,11,28,42.085119047619045,42.45833333333333,36.05,66.45833333333334,0.4642857142857143,2026-02,avg_duration_by_zone_hour,True
3,Allerton/Pelham Gardens,11,13,53.56025641025641,38.483333333333334,36.05,90.82333333333334,0.46153846153846156,2026-02,avg_duration_by_zone_hour,True
185,Pelham Parkway,10,26,44.77948717948718,35.525,35.916666666666664,76.94999999999999,0.46153846153846156,2026-02,avg_duration_by_zone_hour,True
147,Longwood,13,26,44.021153846153844,33.36666666666667,32.1,86.34166666666667,0.46153846153846156,2026-02,avg_duration_by_zone_hour,True
200,Riverdale/North Riverdale/Fieldston,10,26,41.48717948717949,41.65833333333333,35.916666666666664,65.54166666666666,0.46153846153846156,2026-02,avg_duration_by_zone_hour,True
98,Fresh Meadows,11,13,39.924358974358974,39.15,33.56666666666667,65.38,0.46153846153846156,2026-02,avg_duration_by_zone_hour,True
182,Parkchester,17,26,37.21923076923077,29.958333333333332,27.008333333333333,71.65833333333333,0.46153846153846156,2026-02,avg_duration_by_zone_hour,True
117,Hammels/Arverne,22,13,30.310256410256407,29.45,24.516666666666666,63.27666666666667,0.46153846153846156,2026-02,avg_duration_by_zone_hour,True
165,Midwood,22,13,25.36025641025641,25.166666666666668,21.416666666666668,37.46,0.46153846153846156,2026-02,avg_duration_by_zone_hour,True
51,Co-Op City,23,26,24.512179487179488,19.291666666666664,15.791666666666668,58.80833333333334,0.46153846153846156,2026-02,avg_duration_by_zone_hour,True
119,Highbridge,3,13,21.392307692307693,18.583333333333332,16.46666666666667,39.26666666666667,0.46153846153846156,2026-02,avg_duration_by_zone_hour,True
20,Belmont,23,13,17.157692307692308,15.933333333333334,15.791666666666668,25.880000000000003,0.46153846153846156,2026-02,avg_duration_by_zone_hour,True
150,Manhattan Beach,10,24,41.980555555555554,29.375,28.716666666666665,69.31,0.4583333333333333,2026-02,avg_duration_by_zone_hour,True
218,Springfield Gardens North,19,24,37.94722222222222,32.05833333333334,30.15,73.71666666666665,0.4583333333333333,2026-02,avg_duration_by_zone_hour,True
62,Crown Heights South,1,24,24.97986111111111,24.075000000000003,19.716666666666665,37.376666666666665,0.4583333333333333,2026-02,avg_duration_by_zone_hour,True
38,Cambria Heights,16,11,48.02121212121212,49.333333333333336,42.81666666666667,76.66666666666667,0.45454545454545453,2026-02,avg_duration_by_zone_hour,True
252,Whitestone,9,11,45.26060606060606,40.61666666666667,33.53333333333333,91.41666666666667,0.45454545454545453,2026-02,avg_duration_by_zone_hour,True
94,Fordham South,10,22,40.356818181818184,40.108333333333334,35.916666666666664,63.28833333333334,0.45454545454545453,2026-02,avg_duration_by_zone_hour,True
67,Dyker Heights,15,22,38.334848484848486,27.725,28.233333333333334,71.17833333333334,0.45454545454545453,2026-02,avg_duration_by_zone_hour,True
218,Springfield Gardens North,21,22,33.891666666666666,26.616666666666667,24.983333333333334,64.63000000000002,0.45454545454545453,2026-02,avg_duration_by_zone_hour,True
32,Bronxdale,19,22,32.19469696969697,24.4,20.7,69.24000000000005,0.45454545454545453,2026-02,avg_duration_by_zone_hour,True
11,Bath Beach,19,11,29.90606060606061,27.866666666666667,22.833333333333332,56.35,0.45454545454545453,2026-02,avg_duration_by_zone_hour,True
203,Rosedale,22,11,28.753030303030304,30.183333333333334,24.516666666666666,43.11666666666667,0.45454545454545453,2026-02,avg_duration_by_zone_hour,True
121,Hillcrest/Pomonok,5,22,27.490151515151513,21.133333333333333,20.25,54.50333333333333,0.45454545454545453,2026-02,avg_duration_by_zone_hour,True
139,Laurelton,21,11,25.819696969696967,26.866666666666667,24.983333333333334,37.96666666666667,0.45454545454545453,2026-02,avg_duration_by_zone_hour,True
73,East Flushing,23,11,25.565151515151513,25.483333333333334,22.466666666666665,37.71666666666667,0.45454545454545453,2026-02,avg_duration_by_zone_hour,True
178,Ocean Parkway South,19,22,24.577272727272728,21.991666666666667,22.833333333333332,41.503333333333345,0.45454545454545453,2026-02,avg_duration_by_zone_hour,True
62,Crown Heights South,3,11,23.875757575757575,21.4,18.966666666666665,39.38333333333333,0.45454545454545453,2026-02,avg_duration_by_zone_hour,True
138,LaGuardia Airport,4,22,23.41212121212121,21.175,17.4,31.503333333333334,0.45454545454545453,2026-02,avg_duration_by_zone_hour,True
185,Pelham Parkway,22,11,22.213636363636365,18.433333333333334,17.366666666666667,37.95,0.45454545454545453,2026-02,avg_duration_by_zone_hour,True
177,Ocean Hill,2,22,22.028030303030302,19.483333333333334,19.025,35.37666666666667,0.45454545454545453,2026-02,avg_duration_by_zone_hour,True
174,Norwood,22,22,20.68939393939394,21.041666666666664,17.366666666666667,30.505000000000003,0.45454545454545453,2026-02,avg_duration_by_zone_hour,True
94,Fordham South,17,20,42.18416666666667,30.4,27.008333333333333,90.51333333333335,0.45,2026-02,avg_duration_by_zone_hour,True
67,Dyker Heights,11,20,38.0775,30.325000000000003,28.85,61.46500000000005,0.45,2026-02,avg_duration_by_zone_hour,True
86,Far Rockaway,20,20,36.24166666666666,33.00833333333333,27.883333333333333,55.52333333333335,0.45,2026-02,avg_duration_by_zone_hour,True
210,Sheepshead Bay,20,20,30.151666666666664,24.316666666666666,22.833333333333332,55.51333333333335,0.45,2026-02,avg_duration_by_zone_hour,True
227,Sunset Park East,23,20,24.858333333333334,22.483333333333334,20.8,42.245000000000005,0.45,2026-02,avg_duration_by_zone_hour,True
227,Sunset Park East,0,20,21.359166666666667,22.333333333333336,20.2,35.31333333333333,0.45,2026-02,avg_duration_by_zone_hour,True
38,Cambria Heights,9,29,46.211494252873564,41.7,33.53333333333333,92.50333333333333,0.4482758620689655,2026-02,avg_duration_by_zone_hour,True
218,Springfield Gardens North,18,29,37.216091954022986,34.15,31.483333333333334,71.91666666666667,0.4482758620689655,2026-02,avg_duration_by_zone_hour,True
95,Forest Hills,5,29,27.26206896551724,24.1,20.25,42.26666666666666,0.4482758620689655,2026-02,avg_duration_by_zone_hour,True
72,East Flatbush/Remsen Village,23,29,24.70287356321839,21.783333333333335,20.8,37.223333333333336,0.4482758620689655,2026-02,avg_duration_by_zone_hour,True
76,East New York,1,29,24.33448275862069,23.2,19.716666666666665,40.666666666666664,0.4482758620689655,2026-02,avg_duration_by_zone_hour,True
188,Prospect-Lefferts Gardens,1,29,21.328735632183907,22.25,19.716666666666665,33.12,0.4482758620689655,2026-02,avg_duration_by_zone_hour,True
264,Unknown,2,29,13.45919540229885,9.95,9.266666666666667,23.23,0.4482758620689655,2026-02,avg_duration_by_zone_hour,True
203,Rosedale,10,18,45.3074074074074,34.38333333333333,33.733333333333334,88.64500000000004,0.4444444444444444,2026-02,avg_duration_by_zone_hour,True
265,Outside of NYC,11,9,44.303703703703704,18.183333333333334,14.558333333333334,106.18333333333335,0.4444444444444444,2026-02,avg_duration_by_zone_hour,True
171,Murray Hill-Queens,9,18,42.30833333333333,35.56666666666666,33.53333333333333,80.14000000000001,0.4444444444444444,2026-02,avg_duration_by_zone_hour,True
16,Bayside,9,9,42.19074074074074,37.56666666666667,33.53333333333333,74.61,0.4444444444444444,2026-02,avg_duration_by_zone_hour,True
208,Schuylerville/Edgewater Park,5,18,34.23888888888889,24.983333333333334,27.383333333333333,63.43666666666668,0.4444444444444444,2026-02,avg_duration_by_zone_hour,True
60,Crotona Park East,16,18,31.869444444444444,30.141666666666666,30.883333333333333,50.989999999999995,0.4444444444444444,2026-02,avg_duration_by_zone_hour,True
190,Prospect Park,9,9,31.39259259259259,28.65,28.0,50.7,0.4444444444444444,2026-02,avg_duration_by_zone_hour,True
254,Williamsbridge/Olinville,3,9,28.392592592592592,18.066666666666666,16.46666666666667,47.82,0.4444444444444444,2026-02,avg_duration_by_zone_hour,True
185,Pelham Parkway,20,27,26.387654320987654,25.466666666666665,20.783333333333335,43.31,0.4444444444444444,2026-02,avg_duration_by_zone_hour,True
47,Claremont/Bathgate,23,27,24.51049382716049,18.333333333333332,15.791666666666668,50.790000000000035,0.4444444444444444,2026-02,avg_duration_by_zone_hour,True
32,Bronxdale,0,9,23.26851851851852,18.183333333333334,15.233333333333333,37.830000000000005,0.4444444444444444,2026-02,avg_duration_by_zone_hour,True
258,Woodhaven,3,9,22.97407407407407,19.95,16.966666666666665,37.623333333333335,0.4444444444444444,2026-02,avg_duration_by_zone_hour,True
180,Ozone Park,4,9,22.383333333333333,17.883333333333333,17.4,35.89333333333334,0.4444444444444444,2026-02,avg_duration_by_zone_hour,True
85,Erasmus,3,18,20.367592592592594,20.608333333333334,18.966666666666665,30.970000000000006,0.4444444444444444,2026-02,avg_duration_by_zone_hour,True
182,Parkchester,3,9,17.87222222222222,19.966666666666665,16.46666666666667,25.983333333333334,0.4444444444444444,2026-02,avg_duration_by_zone_hour,True
220,Spuyten Duyvil/Kingsbridge,1,9,15.053703703703706,12.05,14.941666666666666,25.85,0.4444444444444444,2026-02,avg_duration_by_zone_hour,True
3,Allerton/Pelham Gardens,14,25,42.01466666666667,33.85,30.233333333333334,95.37666666666668,0.44,2026-02,avg_duration_by_zone_hour,True
182,Parkchester,19,25,26.86133333333333,22.583333333333332,20.7,48.136666666666684,0.44,2026-02,avg_duration_by_zone_hour,True
171,Murray Hill-Queens,6,16,38.34583333333333,28.541666666666664,26.34166666666667,84.71666666666667,0.4375,2026-02,avg_duration_by_zone_hour,True
15,Bay Terrace/Fort Totten,7,16,37.719791666666666,30.325000000000003,30.4,72.225,0.4375,2026-02,avg_duration_by_zone_hour,True
35,Brownsville,3,16,31.079166666666666,22.09166666666667,18.966666666666665,63.875,0.4375,2026-02,avg_duration_by_zone_hour,True
29,Brighton Beach,23,16,28.903125,22.483333333333334,20.8,37.333333333333336,0.4375,2026-02,avg_duration_by_zone_hour,True
54,Columbia Street,23,16,24.405208333333334,24.166666666666664,20.8,33.09166666666667,0.4375,2026-02,avg_duration_by_zone_hour,True
26,Borough Park,4,16,24.26354166666667,22.53333333333333,19.583333333333332,44.96666666666667,0.4375,2026-02,avg_duration_by_zone_hour,True
35,Brownsville,2,16,24.23645833333333,22.541666666666664,19.025,38.99166666666667,0.4375,2026-02,avg_duration_by_zone_hour,True
131,Jamaica Estates,4,16,21.453125,19.049999999999997,17.4,32.608333333333334,0.4375,2026-02,avg_duration_by_zone_hour,True
178,Ocean Parkway South,16,23,36.481159420289856,29.166666666666668,27.583333333333332,61.723333333333336,0.43478260869565216,2026-02,avg_duration_by_zone_hour,True
178,Ocean Parkway South,11,23,36.41231884057971,27.733333333333334,28.85,79.71000000000001,0.43478260869565216,2026-02,avg_duration_by_zone_hour,True
119,Highbridge,19,23,29.586231884057973,23.75,20.7,52.35666666666667,0.43478260869565216,2026-02,avg_duration_by_zone_hour,True
55,Coney Island,22,23,26.391304347826086,22.383333333333333,21.416666666666668,46.04333333333334,0.43478260869565216,2026-02,avg_duration_by_zone_hour,True
169,Mount Hope,4,23,26.115942028985504,21.583333333333332,19.833333333333332,43.83666666666667,0.43478260869565216,2026-02,avg_duration_by_zone_hour,True
250,Westchester Village/Unionport,19,23,25.280434782608697,20.183333333333334,20.7,43.95333333333333,0.43478260869565216,2026-02,avg_duration_by_zone_hour,True
85,Erasmus,0,23,22.570289855072463,24.15,20.2,38.79333333333334,0.43478260869565216,2026-02,avg_duration_by_zone_hour,True
265,Outside of NYC,12,23,22.428985507246377,17.683333333333334,15.316666666666666,43.196666666666665,0.43478260869565216,2026-02,avg_duration_by_zone_hour,True
59,Crotona Park,8,7,52.028571428571425,35.916666666666664,32.141666666666666,94.45,0.42857142857142855,2026-02,avg_duration_by_zone_hour,True
122,Hollis,17,14,48.53690476190476,32.34166666666667,36.35,95.515,0.42857142857142855,2026-02,avg_duration_by_zone_hour,True
124,Howard Beach,7,28,44.41845238095238,31.674999999999997,30.4,94.29666666666667,0.42857142857142855,2026-02,avg_duration_by_zone_hour,True
203,Rosedale,13,21,43.362698412698414,31.983333333333334,35.86666666666667,92.15,0.42857142857142855,2026-02,avg_duration_by_zone_hour,True
185,Pelham Parkway,14,28,42.345238095238095,35.88333333333333,30.233333333333334,80.59833333333334,0.42857142857142855,2026-02,avg_duration_by_zone_hour,True
147,Longwood,14,21,41.86190476190476,31.0,30.233333333333334,68.76666666666667,0.42857142857142855,2026-02,avg_duration_by_zone_hour,True
183,Pelham Bay,8,28,41.50238095238095,33.766666666666666,32.141666666666666,77.73333333333333,0.42857142857142855,2026-02,avg_duration_by_zone_hour,True
94,Fordham South,18,14,36.43333333333333,26.958333333333336,23.225,72.10833333333333,0.42857142857142855,2026-02,avg_duration_by_zone_hour,True
221,Stapleton,7,7,35.68095238095238,34.15,29.058333333333334,46.89666666666667,0.42857142857142855,2026-02,avg_duration_by_zone_hour,True
108,Gravesend,20,7,34.71904761904762,21.416666666666668,22.833333333333332,78.75333333333334,0.42857142857142855,2026-02,avg_duration_by_zone_hour,True
190,Prospect Park,6,7,34.45952380952381,27.45,28.933333333333334,52.03666666666667,0.42857142857142855,2026-02,avg_duration_by_zone_hour,True
108,Gravesend,0,7,34.08571428571428,24.983333333333334,20.2,64.56666666666666,0.42857142857142855,2026-02,avg_duration_by_zone_hour,True
58,Country Club,12,7,32.19761904761905,21.35,33.625,54.81333333333334,0.42857142857142855,2026-02,avg_duration_by_zone_hour,True
60,Crotona Park East,19,28,30.898214285714285,21.225,20.7,50.663333333333334,0.42857142857142855,2026-02,avg_duration_by_zone_hour,True
201,Rockaway Park,23,7,30.64761904761905,26.066666666666666,22.466666666666665,61.49333333333335,0.42857142857142855,2026-02,avg_duration_by_zone_hour,True
259,Woodlawn/Wakefield,19,14,25.940476190476193,20.975,20.7,47.213333333333345,0.42857142857142855,2026-02,avg_duration_by_zone_hour,True
218,Springfield Gardens North,23,14,25.890476190476193,20.15833333333333,22.466666666666665,36.589999999999996,0.42857142857142855,2026-02,avg_duration_by_zone_hour,True
218,Springfield Gardens North,0,14,24.841666666666665,22.96666666666667,21.433333333333334,35.528333333333336,0.42857142857142855,2026-02,avg_duration_by_zone_hour,True
20,Belmont,18,14,24.79642857142857,22.083333333333332,23.225,42.17333333333334,0.42857142857142855,2026-02,avg_duration_by_zone_hour,True
171,Murray Hill-Queens,23,14,23.33452380952381,23.59166666666667,22.466666666666665,33.99333333333333,0.42857142857142855,2026-02,avg_duration_by_zone_hour,True
195,Red Hook,0,21,22.164285714285715,24.75,20.2,31.0,0.42857142857142855,2026-02,avg_duration_by_zone_hour,True
190,Prospect Park,0,7,22.12142857142857,22.55,20.2,34.03,0.42857142857142855,2026-02,avg_duration_by_zone_hour,True
102,Glendale,3,7,21.945238095238096,19.783333333333335,16.966666666666665,35.873333333333335,0.42857142857142855,2026-02,avg_duration_by_zone_hour,True
205,Saint Albans,1,7,21.566666666666666,22.083333333333332,19.966666666666665,30.280000000000005,0.42857142857142855,2026-02,avg_duration_by_zone_hour,True
241,Van Cortlandt Village,0,14,20.904761904761905,18.558333333333334,15.233333333333333,35.35833333333334,0.42857142857142855,2026-02,avg_duration_by_zone_hour,True
169,Mount Hope,1,7,19.333333333333336,16.433333333333334,14.941666666666666,28.080000000000002,0.42857142857142855,2026-02,avg_duration_by_zone_hour,True
70,East Elmhurst,3,14,18.95357142857143,20.233333333333334,16.966666666666665,24.963333333333335,0.42857142857142855,2026-02,avg_duration_by_zone_hour,True
128,Inwood Hill Park,23,7,16.742857142857144,14.033333333333333,12.7,24.553333333333335,0.42857142857142855,2026-02,avg_duration_by_zone_hour,True
53,College Point,4,7,16.57857142857143,18.5,17.4,27.866666666666667,0.42857142857142855,2026-02,avg_duration_by_zone_hour,True
153,Marble Hill,17,7,15.747619047619049,14.766666666666667,13.483333333333333,25.28,0.42857142857142855,2026-02,avg_duration_by_zone_hour,True
264,Unknown,4,21,14.47142857142857,10.416666666666666,8.816666666666666,32.93333333333333,0.42857142857142855,2026-02,avg_duration_by_zone_hour,True
171,Murray Hill-Queens,7,26,41.06858974358974,32.391666666666666,30.4,75.30000000000001,0.4230769230769231,2026-02,avg_duration_by_zone_hour,True
252,Whitestone,8,26,40.3025641025641,32.95,33.65,77.475,0.4230769230769231,2026-02,avg_duration_by_zone_hour,True
134,Kew Gardens,10,26,36.24935897435898,23.816666666666666,33.733333333333334,59.58333333333333,0.4230769230769231,2026-02,avg_duration_by_zone_hour,True
94,Fordham South,14,26,32.21858974358974,31.775,30.233333333333334,58.0,0.4230769230769231,2026-02,avg_duration_by_zone_hour,True
94,Fordham South,21,19,29.899122807017545,22.333333333333332,18.84166666666667,52.73333333333332,0.42105263157894735,2026-02,avg_duration_by_zone_hour,True
250,Westchester Village/Unionport,4,19,24.678947368421053,17.783333333333335,19.833333333333332,53.53333333333332,0.42105263157894735,2026-02,avg_duration_by_zone_hour,True
19,Bellerose,10,12,45.713888888888896,39.475,33.733333333333334,81.97166666666666,0.4166666666666667,2026-02,avg_duration_by_zone_hour,True
178,Ocean Parkway South,7,24,44.49861111111111,31.90833333333333,29.641666666666666,96.19833333333334,0.4166666666666667,2026-02,avg_duration_by_zone_hour,True
11,Bath Beach,13,24,38.132638888888884,27.325,28.15,75.66,0.4166666666666667,2026-02,avg_duration_by_zone_hour,True
11,Bath Beach,15,12,37.047222222222224,30.025,28.233333333333334,61.78333333333334,0.4166666666666667,2026-02,avg_duration_by_zone_hour,True
205,Saint Albans,0,12,28.94027777777778,22.03333333333333,21.433333333333334,42.598333333333336,0.4166666666666667,2026-02,avg_duration_by_zone_hour,True
10,Baisley Park,1,24,20.813888888888886,22.141666666666666,19.966666666666665,32.60666666666666,0.4166666666666667,2026-02,avg_duration_by_zone_hour,True
70,East Elmhurst,4,12,19.441666666666666,16.991666666666667,17.4,34.00833333333333,0.4166666666666667,2026-02,avg_duration_by_zone_hour,True
51,Co-Op City,0,12,14.630555555555555,13.291666666666668,15.233333333333333,21.419999999999998,0.4166666666666667,2026-02,avg_duration_by_zone_hour,True
81,Eastchester,11,29,41.68448275862069,39.43333333333333,36.05,84.53333333333333,0.41379310344827586,2026-02,avg_duration_by_zone_hour,True
19,Bellerose,9,29,39.37413793103448,33.766666666666666,33.53333333333333,73.00666666666666,0.41379310344827586,2026-02,avg_duration_by_zone_hour,True
81,Eastchester,13,29,36.785057471264366,31.866666666666667,32.1,66.35666666666665,0.41379310344827586,2026-02,avg_duration_by_zone_hour,True
181,Park Slope,3,29,21.183908045977013,21.516666666666666,18.966666666666665,30.13,0.41379310344827586,2026-02,avg_duration_by_zone_hour,True
10,Baisley Park,3,17,25.059803921568626,17.3,16.966666666666665,53.50333333333334,0.4117647058823529,2026-02,avg_duration_by_zone_hour,True
32,Bronxdale,14,22,48.17424242424242,33.05,30.233333333333334,86.31666666666668,0.4090909090909091,2026-02,avg_duration_by_zone_hour,True
139,Laurelton,15,22,39.39393939393939,36.78333333333333,41.333333333333336,63.48500000000001,0.4090909090909091,2026-02,avg_duration_by_zone_hour,True
77,East New York/Pennsylvania Avenue,21,22,24.985606060606063,24.583333333333336,22.083333333333332,41.190000000000005,0.4090909090909091,2026-02,avg_duration_by_zone_hour,True
259,Woodlawn/Wakefield,18,27,32.61234567901234,24.2,23.225,58.853333333333346,0.4074074074074074,2026-02,avg_duration_by_zone_hour,True
227,Sunset Park East,21,27,25.769135802469137,23.666666666666668,22.083333333333332,38.97666666666668,0.4074074074074074,2026-02,avg_duration_by_zone_hour,True
203,Rosedale,14,25,48.653999999999996,36.416666666666664,38.6,98.45333333333333,0.4,2026-02,avg_duration_by_zone_hour,True
201,Rockaway Park,10,20,43.14833333333333,35.075,33.733333333333334,71.67166666666667,0.4,2026-02,avg_duration_by_zone_hour,True
135,Kew Gardens Hills,11,15,41.95222222222222,33.583333333333336,33.56666666666667,87.45,0.4,2026-02,avg_duration_by_zone_hour,True
16,Bayside,14,20,41.85166666666667,45.74166666666667,38.6,61.12333333333335,0.4,2026-02,avg_duration_by_zone_hour,True
192,Queensboro Hill,13,15,41.42444444444445,28.316666666666666,35.86666666666667,83.41,0.4,2026-02,avg_duration_by_zone_hour,True
9,Auburndale,9,10,39.845,38.65833333333333,33.53333333333333,63.376666666666665,0.4,2026-02,avg_duration_by_zone_hour,True
11,Bath Beach,11,15,39.580000000000005,25.5,28.85,76.26333333333334,0.4,2026-02,avg_duration_by_zone_hour,True
98,Fresh Meadows,9,15,37.65333333333333,24.8,33.53333333333333,71.11333333333333,0.4,2026-02,avg_duration_by_zone_hour,True
180,Ozone Park,12,10,37.401666666666664,33.65833333333333,33.38333333333333,84.25666666666666,0.4,2026-02,avg_duration_by_zone_hour,True
101,Glen Oaks,11,5,36.92,14.7,33.56666666666667,80.59333333333333,0.4,2026-02,avg_duration_by_zone_hour,True
15,Bay Terrace/Fort Totten,10,10,34.89333333333333,25.566666666666666,33.733333333333334,72.45833333333333,0.4,2026-02,avg_duration_by_zone_hour,True
58,Country Club,20,5,34.63,24.033333333333335,20.783333333333335,61.74666666666667,0.4,2026-02,avg_duration_by_zone_hour,True
9,Auburndale,19,5,32.943333333333335,24.283333333333335,30.15,60.35333333333334,0.4,2026-02,avg_duration_by_zone_hour,True
31,Bronx Park,12,5,31.923333333333336,38.88333333333333,33.625,45.153333333333336,0.4,2026-02,avg_duration_by_zone_hour,True
58,Country Club,8,10,31.753333333333337,15.55,32.141666666666666,68.07499999999999,0.4,2026-02,avg_duration_by_zone_hour,True
194,Randalls Island,11,5,31.446666666666665,14.3,13.75,66.90333333333334,0.4,2026-02,avg_duration_by_zone_hour,True
58,Country Club,10,5,30.613333333333333,12.65,35.916666666666664,63.50666666666667,0.4,2026-02,avg_duration_by_zone_hour,True
20,Belmont,17,15,30.324444444444445,24.116666666666667,27.008333333333333,57.11,0.4,2026-02,avg_duration_by_zone_hour,True
91,Flatlands,1,10,28.155,20.65833333333333,19.716666666666665,48.62833333333334,0.4,2026-02,avg_duration_by_zone_hour,True
108,Gravesend,23,10,27.528333333333336,23.083333333333336,20.8,40.95833333333332,0.4,2026-02,avg_duration_by_zone_hour,True
205,Saint Albans,21,25,26.823333333333334,21.816666666666666,24.983333333333334,53.36333333333334,0.4,2026-02,avg_duration_by_zone_hour,True
51,Co-Op City,3,10,26.248333333333335,17.675,16.46666666666667,53.56666666666666,0.4,2026-02,avg_duration_by_zone_hour,True
32,Bronxdale,1,5,22.506666666666668,17.183333333333334,14.941666666666666,34.77333333333333,0.4,2026-02,avg_duration_by_zone_hour,True
185,Pelham Parkway,21,15,22.316666666666666,20.45,18.84166666666667,39.21,0.4,2026-02,avg_duration_by_zone_hour,True
19,Bellerose,4,5,21.83,21.216666666666665,17.4,29.206666666666667,0.4,2026-02,avg_duration_by_zone_hour,True
22,Bensonhurst West,2,5,21.68,20.166666666666668,19.025,35.99,0.4,2026-02,avg_duration_by_zone_hour,True
133,Kensington,2,10,21.22833333333333,22.741666666666667,19.025,26.60333333333333,0.4,2026-02,avg_duration_by_zone_hour,True
124,Howard Beach,2,5,20.59,20.433333333333334,17.541666666666668,29.743333333333332,0.4,2026-02,avg_duration_by_zone_hour,True
63,Cypress Hills,2,15,20.404444444444444,14.666666666666666,19.025,42.39,0.4,2026-02,avg_duration_by_zone_hour,True
135,Kew Gardens Hills,2,5,20.316666666666666,20.883333333333333,17.541666666666668,26.686666666666664,0.4,2026-02,avg_duration_by_zone_hour,True
34,Brooklyn Navy Yard,0,5,19.81,17.266666666666666,20.2,29.086666666666666,0.4,2026-02,avg_duration_by_zone_hour,True
147,Longwood,1,5,19.78,17.283333333333335,14.941666666666666,28.37666666666667,0.4,2026-02,avg_duration_by_zone_hour,True
169,Mount Hope,0,15,19.702222222222225,17.1,15.233333333333333,35.88666666666666,0.4,2026-02,avg_duration_by_zone_hour,True
6,Arrochar/Fort Wadsworth,22,5,19.153333333333332,15.0,13.833333333333334,31.326666666666668,0.4,2026-02,avg_duration_by_zone_hour,True
6,Arrochar/Fort Wadsworth,15,10,18.78,16.35,15.65,23.34166666666666,0.4,2026-02,avg_duration_by_zone_hour,True
121,Hillcrest/Pomonok,2,5,18.113333333333333,17.733333333333334,17.541666666666668,25.003333333333334,0.4,2026-02,avg_duration_by_zone_hour,True
227,Sunset Park East,4,15,18.105555555555554,18.666666666666668,19.583333333333332,28.98,0.4,2026-02,avg_duration_by_zone_hour,True
153,Marble Hill,23,5,17.843333333333334,15.316666666666666,12.7,25.03,0.4,2026-02,avg_duration_by_zone_hour,True
259,Woodlawn/Wakefield,1,5,16.96,11.483333333333333,14.941666666666666,27.26666666666667,0.4,2026-02,avg_duration_by_zone_hour,True
3,Allerton/Pelham Gardens,0,5,16.943333333333335,14.983333333333333,15.233333333333333,24.22,0.4,2026-02,avg_duration_by_zone_hour,True
194,Randalls Island,22,10,16.666666666666664,15.358333333333334,12.866666666666667,27.355,0.4,2026-02,avg_duration_by_zone_hour,True
194,Randalls Island,8,5,15.943333333333333,15.733333333333333,13.283333333333333,22.939999999999998,0.4,2026-02,avg_duration_by_zone_hour,True
98,Fresh Meadows,4,5,15.780000000000001,10.783333333333333,17.4,24.436666666666667,0.4,2026-02,avg_duration_by_zone_hour,True
78,East Tremont,2,5,15.52,15.1,14.05,25.46,0.4,2026-02,avg_duration_by_zone_hour,True
194,Randalls Island,6,5,14.833333333333334,11.216666666666667,10.666666666666666,23.599999999999998,0.4,2026-02,avg_duration_by_zone_hour,True
167,Morrisania/Melrose,2,5,13.5,16.5,14.05,20.206666666666667,0.4,2026-02,avg_duration_by_zone_hour,True
174,Norwood,1,5,12.86,13.8,14.941666666666666,20.446666666666665,0.4,2026-02,avg_duration_by_zone_hour,True
259,Woodlawn/Wakefield,12,28,45.11904761904761,38.075,33.625,82.92833333333333,0.39285714285714285,2026-02,avg_duration_by_zone_hour,True
20,Belmont,9,28,40.601190476190474,35.06666666666666,33.8,69.55833333333334,0.39285714285714285,2026-02,avg_duration_by_zone_hour,True
136,Kingsbridge Heights,13,28,40.34166666666666,33.81666666666666,32.1,67.00666666666667,0.39285714285714285,2026-02,avg_duration_by_zone_hour,True
86,Far Rockaway,19,28,39.389880952380956,28.291666666666664,30.15,77.26166666666667,0.39285714285714285,2026-02,avg_duration_by_zone_hour,True
205,Saint Albans,22,28,30.180952380952384,25.85,24.516666666666666,51.41833333333334,0.39285714285714285,2026-02,avg_duration_by_zone_hour,True
235,University Heights/Morris Heights,4,28,28.860714285714288,19.275,19.833333333333332,52.6,0.39285714285714285,2026-02,avg_duration_by_zone_hour,True
150,Manhattan Beach,18,28,24.775000000000002,23.391666666666666,23.816666666666666,44.36833333333334,0.39285714285714285,2026-02,avg_duration_by_zone_hour,True
182,Parkchester,20,28,24.686309523809523,20.958333333333332,20.783333333333335,39.99666666666667,0.39285714285714285,2026-02,avg_duration_by_zone_hour,True
97,Fort Greene,3,28,20.01845238095238,19.475,18.966666666666665,28.750000000000004,0.39285714285714285,2026-02,avg_duration_by_zone_hour,True
178,Ocean Parkway South,9,23,39.1231884057971,28.3,28.0,80.78333333333335,0.391304347826087,2026-02,avg_duration_by_zone_hour,True
147,Longwood,20,23,25.730434782608693,22.666666666666668,20.783333333333335,44.88,0.391304347826087,2026-02,avg_duration_by_zone_hour,True
174,Norwood,21,23,22.305797101449276,18.516666666666666,18.84166666666667,36.580000000000005,0.391304347826087,2026-02,avg_duration_by_zone_hour,True
191,Queens Village,21,18,34.19166666666667,25.65,24.983333333333334,65.91000000000001,0.3888888888888889,2026-02,avg_duration_by_zone_hour,True
32,Bronxdale,20,18,26.65277777777778,22.15,20.783333333333335,48.936666666666675,0.3888888888888889,2026-02,avg_duration_by_zone_hour,True
215,South Jamaica,0,18,24.79351851851852,24.03333333333333,21.433333333333334,37.515,0.3888888888888889,2026-02,avg_duration_by_zone_hour,True
14,Bay Ridge,2,18,19.105555555555554,20.391666666666666,19.025,30.670000000000005,0.3888888888888889,2026-02,avg_duration_by_zone_hour,True
185,Pelham Parkway,15,26,41.61025641025641,32.94166666666666,30.266666666666666,74.36666666666667,0.38461538461538464,2026-02,avg_duration_by_zone_hour,True
171,Murray Hill-Queens,15,13,37.04871794871795,42.46666666666667,41.333333333333336,64.01333333333334,0.38461538461538464,2026-02,avg_duration_by_zone_hour,True
94,Fordham South,16,13,36.95128205128205,24.2,30.883333333333333,54.98000000000001,0.38461538461538464,2026-02,avg_duration_by_zone_hour,True
240,Van Cortlandt Park,9,13,35.385897435897434,28.733333333333334,33.8,62.68333333333334,0.38461538461538464,2026-02,avg_duration_by_zone_hour,True
53,College Point,11,13,35.10128205128205,30.883333333333333,33.56666666666667,71.01666666666667,0.38461538461538464,2026-02,avg_duration_by_zone_hour,True
53,College Point,6,13,30.355128205128207,26.233333333333334,26.34166666666667,58.360000000000014,0.38461538461538464,2026-02,avg_duration_by_zone_hour,True
3,Allerton/Pelham Gardens,19,26,29.068589743589744,20.516666666666666,20.7,67.53333333333333,0.38461538461538464,2026-02,avg_duration_by_zone_hour,True
180,Ozone Park,6,26,28.156410256410258,26.59166666666667,26.34166666666667,60.724999999999994,0.38461538461538464,2026-02,avg_duration_by_zone_hour,True
150,Manhattan Beach,20,13,28.120512820512822,26.3,22.833333333333332,42.800000000000004,0.38461538461538464,2026-02,avg_duration_by_zone_hour,True
195,Red Hook,4,13,27.26794871794872,22.383333333333333,19.583333333333332,46.87666666666668,0.38461538461538464,2026-02,avg_duration_by_zone_hour,True
34,Brooklyn Navy Yard,20,13,26.114102564102566,22.35,22.833333333333332,39.723333333333336,0.38461538461538464,2026-02,avg_duration_by_zone_hour,True
227,Sunset Park East,1,13,18.798717948717947,19.083333333333332,19.716666666666665,30.526666666666667,0.38461538461538464,2026-02,avg_duration_by_zone_hour,True
10,Baisley Park,2,13,17.298717948717947,16.183333333333334,17.541666666666668,24.426666666666666,0.38461538461538464,2026-02,avg_duration_by_zone_hour,True
136,Kingsbridge Heights,18,21,32.93095238095238,23.433333333333334,23.225,78.76666666666667,0.38095238095238093,2026-02,avg_duration_by_zone_hour,True
124,Howard Beach,12,21,30.87222222222222,30.266666666666666,33.38333333333333,53.25,0.38095238095238093,2026-02,avg_duration_by_zone_hour,True
73,East Flushing,7,21,29.575396825396826,30.233333333333334,30.4,56.016666666666666,0.38095238095238093,2026-02,avg_duration_by_zone_hour,True
67,Dyker Heights,18,21,29.123809523809523,23.566666666666666,23.816666666666666,55.43333333333333,0.38095238095238093,2026-02,avg_duration_by_zone_hour,True
257,Windsor Terrace,19,21,26.535714285714285,25.033333333333335,22.833333333333332,46.46666666666667,0.38095238095238093,2026-02,avg_duration_by_zone_hour,True
20,Belmont,19,21,25.138888888888886,17.433333333333334,20.7,52.25,0.38095238095238093,2026-02,avg_duration_by_zone_hour,True
18,Bedford Park,23,21,23.31746031746032,17.0,15.791666666666668,46.833333333333336,0.38095238095238093,2026-02,avg_duration_by_zone_hour,True
208,Schuylerville/Edgewater Park,0,21,18.676984126984127,16.016666666666666,15.233333333333333,29.3,0.38095238095238093,2026-02,avg_duration_by_zone_hour,True
135,Kew Gardens Hills,9,29,42.91609195402299,38.46666666666667,33.53333333333333,78.12333333333333,0.3793103448275862,2026-02,avg_duration_by_zone_hour,True
69,East Concourse/Concourse Village,22,29,18.94597701149425,17.316666666666666,17.366666666666667,32.72666666666667,0.3793103448275862,2026-02,avg_duration_by_zone_hour,True
64,Douglaston,16,8,41.68958333333333,29.43333333333333,42.81666666666667,79.14666666666666,0.375,2026-02,avg_duration_by_zone_hour,True
38,Cambria Heights,18,16,38.59375,30.258333333333333,31.483333333333334,81.55833333333334,0.375,2026-02,avg_duration_by_zone_hour,True
60,Crotona Park East,14,16,33.090625,28.6,30.233333333333334,55.44166666666666,0.375,2026-02,avg_duration_by_zone_hour,True
190,Prospect Park,17,16,31.176041666666666,28.266666666666666,25.575,48.8,0.375,2026-02,avg_duration_by_zone_hour,True
257,Windsor Terrace,20,24,29.345138888888886,23.75,22.833333333333332,41.345,0.375,2026-02,avg_duration_by_zone_hour,True
38,Cambria Heights,22,16,28.36145833333333,26.725,24.516666666666666,43.46666666666667,0.375,2026-02,avg_duration_by_zone_hour,True
86,Far Rockaway,22,16,26.381249999999998,21.983333333333334,24.516666666666666,59.64999999999999,0.375,2026-02,avg_duration_by_zone_hour,True
133,Kensington,23,24,23.92430555555556,20.925,20.8,35.82333333333333,0.375,2026-02,avg_duration_by_zone_hour,True
133,Kensington,22,16,23.529166666666665,19.6,21.416666666666668,38.63333333333333,0.375,2026-02,avg_duration_by_zone_hour,True
21,Bensonhurst East,20,16,23.315625,20.008333333333333,22.833333333333332,41.59166666666667,0.375,2026-02,avg_duration_by_zone_hour,True
78,East Tremont,23,24,19.568055555555556,14.983333333333334,15.791666666666668,42.525,0.375,2026-02,avg_duration_by_zone_hour,True
265,Outside of NYC,23,16,17.504166666666666,12.65,15.025,32.5,0.375,2026-02,avg_duration_by_zone_hour,True
248,West Farms/Bronx River,13,27,37.680864197530866,24.45,32.1,74.57000000000002,0.37037037037037035,2026-02,avg_duration_by_zone_hour,True
16,Bayside,7,27,35.87469135802469,31.266666666666666,30.4,68.57000000000002,0.37037037037037035,2026-02,avg_duration_by_zone_hour,True
11,Bath Beach,16,19,37.602631578947374,22.05,27.583333333333332,69.47666666666663,0.3684210526315789,2026-02,avg_duration_by_zone_hour,True
190,Prospect Park,13,19,35.28333333333333,23.433333333333334,28.15,83.58666666666666,0.3684210526315789,2026-02,avg_duration_by_zone_hour,True
81,Eastchester,17,19,32.77280701754386,26.483333333333334,27.008333333333333,64.94666666666666,0.3684210526315789,2026-02,avg_duration_by_zone_hour,True
257,Windsor Terrace,21,19,22.249122807017546,21.066666666666666,22.083333333333332,34.67999999999999,0.3684210526315789,2026-02,avg_duration_by_zone_hour,True
76,East New York,2,19,17.28333333333333,17.116666666666667,19.025,27.330000000000002,0.3684210526315789,2026-02,avg_duration_by_zone_hour,True
139,Laurelton,14,22,46.309090909090905,40.19166666666666,38.6,84.045,0.36363636363636365,2026-02,avg_duration_by_zone_hour,True
73,East Flushing,8,11,40.309090909090905,37.63333333333333,33.65,72.6,0.36363636363636365,2026-02,avg_duration_by_zone_hour,True
201,Rockaway Park,17,11,40.092424242424244,36.083333333333336,36.35,73.1,0.36363636363636365,2026-02,avg_duration_by_zone_hour,True
67,Dyker Heights,10,22,38.16969696969697,30.45,28.716666666666665,72.6866666666667,0.36363636363636365,2026-02,avg_duration_by_zone_hour,True
98,Fresh Meadows,7,22,36.516666666666666,22.416666666666664,30.4,87.95000000000007,0.36363636363636365,2026-02,avg_duration_by_zone_hour,True
192,Queensboro Hill,9,22,35.08939393939394,33.90833333333333,33.53333333333333,60.86333333333335,0.36363636363636365,2026-02,avg_duration_by_zone_hour,True
29,Brighton Beach,19,22,31.525757575757574,22.174999999999997,22.833333333333332,61.09166666666668,0.36363636363636365,2026-02,avg_duration_by_zone_hour,True
257,Windsor Terrace,11,22,28.935606060606062,24.608333333333334,28.85,59.80333333333335,0.36363636363636365,2026-02,avg_duration_by_zone_hour,True
67,Dyker Heights,22,11,28.215151515151515,26.5,21.416666666666668,42.68333333333333,0.36363636363636365,2026-02,avg_duration_by_zone_hour,True
94,Fordham South,4,11,27.889393939393937,19.95,19.833333333333332,63.36666666666667,0.36363636363636365,2026-02,avg_duration_by_zone_hour,True
190,Prospect Park,19,11,27.736363636363638,17.316666666666666,22.833333333333332,55.7,0.36363636363636365,2026-02,avg_duration_by_zone_hour,True
63,Cypress Hills,3,22,25.627272727272725,19.75,18.966666666666665,54.89333333333335,0.36363636363636365,2026-02,avg_duration_by_zone_hour,True
248,West Farms/Bronx River,19,22,23.23030303030303,16.233333333333334,20.7,44.558333333333344,0.36363636363636365,2026-02,avg_duration_by_zone_hour,True
212,Soundview/Bruckner,21,11,20.96818181818182,19.85,18.84166666666667,34.31666666666667,0.36363636363636365,2026-02,avg_duration_by_zone_hour,True
77,East New York/Pennsylvania Avenue,0,22,20.418939393939397,17.316666666666666,20.2,36.56666666666667,0.36363636363636365,2026-02,avg_duration_by_zone_hour,True
196,Rego Park,4,11,18.257575757575758,18.116666666666667,17.4,28.866666666666667,0.36363636363636365,2026-02,avg_duration_by_zone_hour,True
69,East Concourse/Concourse Village,3,11,17.206060606060603,14.883333333333333,16.46666666666667,22.933333333333334,0.36363636363636365,2026-02,avg_duration_by_zone_hour,True
19,Bellerose,15,25,43.7,28.7,41.333333333333336,87.76666666666667,0.36,2026-02,avg_duration_by_zone_hour,True
147,Longwood,5,25,32.88,26.566666666666666,27.383333333333333,66.25000000000001,0.36,2026-02,avg_duration_by_zone_hour,True
219,Springfield Gardens South,22,25,25.374666666666666,24.283333333333335,24.516666666666666,40.88666666666667,0.36,2026-02,avg_duration_by_zone_hour,True
33,Brooklyn Heights,2,25,21.226,20.1,19.025,30.460000000000004,0.36,2026-02,avg_duration_by_zone_hour,True
126,Hunts Point,23,25,19.095333333333333,15.666666666666666,15.791666666666668,31.42000000000001,0.36,2026-02,avg_duration_by_zone_hour,True
3,Allerton/Pelham Gardens,15,14,39.23809523809524,25.758333333333333,30.266666666666666,83.54333333333334,0.35714285714285715,2026-02,avg_duration_by_zone_hour,True
171,Murray Hill-Queens,10,14,35.535714285714285,14.3,33.733333333333334,87.29000000000002,0.35714285714285715,2026-02,avg_duration_by_zone_hour,True
53,College Point,9,14,33.06190476190476,31.991666666666667,33.53333333333333,54.448333333333345,0.35714285714285715,2026-02,avg_duration_by_zone_hour,True
165,Midwood,20,28,25.338690476190475,21.358333333333334,22.833333333333332,40.45666666666666,0.35714285714285715,2026-02,avg_duration_by_zone_hour,True
34,Brooklyn Navy Yard,23,14,25.22142857142857,21.183333333333334,20.8,40.583333333333336,0.35714285714285715,2026-02,avg_duration_by_zone_hour,True
180,Ozone Park,1,14,20.76309523809524,21.35,19.966666666666665,34.275000000000006,0.35714285714285715,2026-02,avg_duration_by_zone_hour,True
258,Woodhaven,1,14,18.917857142857144,19.066666666666666,19.966666666666665,30.105000000000004,0.35714285714285715,2026-02,avg_duration_by_zone_hour,True
190,Prospect Park,20,17,25.848039215686274,26.166666666666668,22.833333333333332,40.41333333333334,0.35294117647058826,2026-02,avg_duration_by_zone_hour,True
108,Gravesend,22,17,21.83137254901961,23.216666666666665,21.416666666666668,34.36333333333334,0.35294117647058826,2026-02,avg_duration_by_zone_hour,True
134,Kew Gardens,4,17,16.728431372549018,14.966666666666667,17.4,24.57,0.35294117647058826,2026-02,avg_duration_by_zone_hour,True
60,Crotona Park East,17,20,42.08166666666666,24.950000000000003,27.008333333333333,101.68333333333337,0.35,2026-02,avg_duration_by_zone_hour,True
219,Springfield Gardens South,10,20,39.36416666666666,37.2,33.733333333333334,56.24666666666667,0.35,2026-02,avg_duration_by_zone_hour,True
55,Coney Island,23,20,19.2875,16.083333333333332,20.8,39.155,0.35,2026-02,avg_duration_by_zone_hour,True
13,Battery Park City,3,20,15.0675,12.425,11.0,34.89333333333334,0.35,2026-02,avg_duration_by_zone_hour,True
13,Battery Park City,2,20,14.135,11.591666666666665,11.533333333333333,22.421666666666667,0.35,2026-02,avg_duration_by_zone_hour,True
38,Cambria Heights,14,23,41.642753623188405,38.81666666666667,38.6,82.67666666666668,0.34782608695652173,2026-02,avg_duration_by_zone_hour,True
136,Kingsbridge Heights,20,23,29.963768115942027,22.733333333333334,20.783333333333335,59.76666666666667,0.34782608695652173,2026-02,avg_duration_by_zone_hour,True
91,Flatlands,0,23,20.93550724637681,18.75,20.2,31.26,0.34782608695652173,2026-02,avg_duration_by_zone_hour,True
212,Soundview/Bruckner,20,23,20.744927536231884,15.05,20.783333333333335,42.519999999999996,0.34782608695652173,2026-02,avg_duration_by_zone_hour,True
174,Norwood,20,26,24.987820512820516,19.516666666666666,20.783333333333335,51.06666666666667,0.34615384615384615,2026-02,avg_duration_by_zone_hour,True
235,University Heights/Morris Heights,21,26,23.8025641025641,18.733333333333334,18.84166666666667,39.28333333333333,0.34615384615384615,2026-02,avg_duration_by_zone_hour,True
250,Westchester Village/Unionport,11,29,41.91954022988506,36.166666666666664,36.05,74.99999999999999,0.3448275862068966,2026-02,avg_duration_by_zone_hour,True
135,Kew Gardens Hills,13,29,36.748275862068965,28.75,35.86666666666667,64.61999999999999,0.3448275862068966,2026-02,avg_duration_by_zone_hour,True
20,Belmont,6,29,36.30862068965517,32.06666666666667,32.43333333333333,65.90666666666665,0.3448275862068966,2026-02,avg_duration_by_zone_hour,True
108,Gravesend,13,29,31.864367816091956,26.633333333333333,28.15,55.39666666666666,0.3448275862068966,2026-02,avg_duration_by_zone_hour,True
126,Hunts Point,5,29,27.913218390804598,23.116666666666667,27.383333333333333,47.99999999999999,0.3448275862068966,2026-02,avg_duration_by_zone_hour,True
185,Pelham Parkway,19,29,24.36551724137931,15.666666666666666,20.7,55.3,0.3448275862068966,2026-02,avg_duration_by_zone_hour,True
208,Schuylerville/Edgewater Park,22,29,17.967241379310344,14.533333333333333,17.366666666666667,30.356666666666666,0.3448275862068966,2026-02,avg_duration_by_zone_hour,True
240,Van Cortlandt Park,16,6,54.25,27.75,30.883333333333333,120.59166666666667,0.3333333333333333,2026-02,avg_duration_by_zone_hour,True
59,Crotona Park,7,3,53.65555555555556,37.38333333333333,32.833333333333336,90.75666666666666,0.3333333333333333,2026-02,avg_duration_by_zone_hour,True
248,West Farms/Bronx River,16,21,48.76111111111111,23.683333333333334,30.883333333333333,129.35,0.3333333333333333,2026-02,avg_duration_by_zone_hour,True
73,East Flushing,13,6,47.40555555555556,27.041666666666664,35.86666666666667,99.94166666666666,0.3333333333333333,2026-02,avg_duration_by_zone_hour,True
58,Country Club,5,3,46.93888888888889,31.616666666666667,27.383333333333333,70.16333333333333,0.3333333333333333,2026-02,avg_duration_by_zone_hour,True
171,Murray Hill-Queens,16,6,44.18333333333334,23.7,42.81666666666667,103.65,0.3333333333333333,2026-02,avg_duration_by_zone_hour,True
192,Queensboro Hill,16,18,43.474999999999994,30.275,42.81666666666667,78.74000000000001,0.3333333333333333,2026-02,avg_duration_by_zone_hour,True
154,Marine Park/Floyd Bennett Field,13,3,42.72777777777778,34.666666666666664,28.15,61.68000000000001,0.3333333333333333,2026-02,avg_duration_by_zone_hour,True
251,Westerleigh,8,3,42.22222222222222,28.816666666666666,29.85,61.77666666666667,0.3333333333333333,2026-02,avg_duration_by_zone_hour,True
9,Auburndale,14,9,41.8537037037037,15.6,38.6,86.11666666666667,0.3333333333333333,2026-02,avg_duration_by_zone_hour,True
240,Van Cortlandt Park,14,6,41.580555555555556,30.183333333333334,30.233333333333334,75.29166666666666,0.3333333333333333,2026-02,avg_duration_by_zone_hour,True
201,Rockaway Park,4,3,39.983333333333334,21.483333333333334,17.4,70.92333333333333,0.3333333333333333,2026-02,avg_duration_by_zone_hour,True
94,Fordham South,12,18,39.589814814814815,35.65,33.625,66.51666666666668,0.3333333333333333,2026-02,avg_duration_by_zone_hour,True
178,Ocean Parkway South,10,18,39.516666666666666,21.441666666666666,28.716666666666665,94.15000000000002,0.3333333333333333,2026-02,avg_duration_by_zone_hour,True
93,Flushing Meadows-Corona Park,17,27,38.73827160493828,36.15,36.35,59.38,0.3333333333333333,2026-02,avg_duration_by_zone_hour,True
32,Bronxdale,13,21,38.077777777777776,26.25,32.1,82.56666666666666,0.3333333333333333,2026-02,avg_duration_by_zone_hour,True
15,Bay Terrace/Fort Totten,6,3,35.75,30.8,26.34166666666667,60.54666666666667,0.3333333333333333,2026-02,avg_duration_by_zone_hour,True
183,Pelham Bay,5,15,35.08777777777778,17.766666666666666,27.383333333333333,81.17999999999999,0.3333333333333333,2026-02,avg_duration_by_zone_hour,True
120,Highbridge Park,21,3,34.96666666666667,9.033333333333333,12.8,72.96666666666667,0.3333333333333333,2026-02,avg_duration_by_zone_hour,True
259,Woodlawn/Wakefield,13,21,34.23492063492064,30.616666666666667,32.1,54.516666666666666,0.3333333333333333,2026-02,avg_duration_by_zone_hour,True
58,Country Club,11,3,34.18888888888889,42.75,36.05,50.656666666666666,0.3333333333333333,2026-02,avg_duration_by_zone_hour,True
53,College Point,8,27,33.99629629629629,25.133333333333333,33.65,61.966666666666676,0.3333333333333333,2026-02,avg_duration_by_zone_hour,True
11,Bath Beach,18,18,33.87222222222223,18.81666666666667,23.816666666666666,83.53000000000003,0.3333333333333333,2026-02,avg_duration_by_zone_hour,True
183,Pelham Bay,18,24,32.93263888888889,19.016666666666666,23.225,76.00333333333332,0.3333333333333333,2026-02,avg_duration_by_zone_hour,True
64,Douglaston,7,6,32.59444444444444,20.85,30.4,60.44166666666666,0.3333333333333333,2026-02,avg_duration_by_zone_hour,True
34,Brooklyn Navy Yard,11,3,32.416666666666664,33.583333333333336,28.85,43.43666666666667,0.3333333333333333,2026-02,avg_duration_by_zone_hour,True
190,Prospect Park,15,18,31.761111111111113,19.991666666666667,28.233333333333334,72.19166666666668,0.3333333333333333,2026-02,avg_duration_by_zone_hour,True
108,Gravesend,19,15,31.223333333333333,22.25,22.833333333333332,74.1,0.3333333333333333,2026-02,avg_duration_by_zone_hour,True
93,Flushing Meadows-Corona Park,7,15,31.03111111111111,28.333333333333332,30.4,49.986666666666665,0.3333333333333333,2026-02,avg_duration_by_zone_hour,True
240,Van Cortlandt Park,21,3,30.066666666666666,23.116666666666667,18.84166666666667,41.43666666666667,0.3333333333333333,2026-02,avg_duration_by_zone_hour,True
221,Stapleton,8,15,29.84,28.1,29.85,53.69333333333333,0.3333333333333333,2026-02,avg_duration_by_zone_hour,True
81,Eastchester,4,21,29.38015873015873,16.316666666666666,19.833333333333332,72.9,0.3333333333333333,2026-02,avg_duration_by_zone_hour,True
59,Crotona Park,14,3,28.594444444444445,27.5,30.233333333333334,36.24666666666666,0.3333333333333333,2026-02,avg_duration_by_zone_hour,True
34,Brooklyn Navy Yard,9,12,28.302777777777777,19.383333333333333,28.0,49.468333333333334,0.3333333333333333,2026-02,avg_duration_by_zone_hour,True
121,Hillcrest/Pomonok,20,12,27.91111111111111,22.816666666666666,27.883333333333333,42.528333333333336,0.3333333333333333,2026-02,avg_duration_by_zone_hour,True
203,Rosedale,19,12,27.870833333333334,27.808333333333334,30.15,44.67666666666667,0.3333333333333333,2026-02,avg_duration_by_zone_hour,True
21,Bensonhurst East,21,9,27.38703703703704,21.566666666666666,22.083333333333332,57.693333333333335,0.3333333333333333,2026-02,avg_duration_by_zone_hour,True
9,Auburndale,0,3,26.916666666666668,24.366666666666667,21.433333333333334,31.006666666666664,0.3333333333333333,2026-02,avg_duration_by_zone_hour,True
248,West Farms/Bronx River,20,18,26.9,21.225,20.783333333333335,51.75666666666667,0.3333333333333333,2026-02,avg_duration_by_zone_hour,True
252,Whitestone,10,9,26.344444444444445,11.35,33.733333333333334,62.21333333333334,0.3333333333333333,2026-02,avg_duration_by_zone_hour,True
29,Brighton Beach,21,18,25.15462962962963,18.991666666666667,22.083333333333332,39.83166666666667,0.3333333333333333,2026-02,avg_duration_by_zone_hour,True
26,Borough Park,5,12,25.07777777777778,24.65833333333333,23.483333333333334,37.95,0.3333333333333333,2026-02,avg_duration_by_zone_hour,True
38,Cambria Heights,21,6,24.311111111111114,24.508333333333333,24.983333333333334,38.325,0.3333333333333333,2026-02,avg_duration_by_zone_hour,True
18,Bedford Park,21,27,24.30493827160494,18.2,18.84166666666667,47.80666666666667,0.3333333333333333,2026-02,avg_duration_by_zone_hour,True
69,East Concourse/Concourse Village,4,27,24.16172839506173,18.6,19.833333333333332,46.89666666666668,0.3333333333333333,2026-02,avg_duration_by_zone_hour,True
203,Rosedale,3,6,24.052777777777777,15.933333333333334,16.966666666666665,50.724999999999994,0.3333333333333333,2026-02,avg_duration_by_zone_hour,True
235,University Heights/Morris Heights,2,3,24.022222222222222,14.5,14.05,42.846666666666664,0.3333333333333333,2026-02,avg_duration_by_zone_hour,True
81,Eastchester,3,3,23.04444444444444,19.133333333333333,16.46666666666667,32.42666666666667,0.3333333333333333,2026-02,avg_duration_by_zone_hour,True
190,Prospect Park,4,3,22.938888888888886,21.1,19.583333333333332,33.580000000000005,0.3333333333333333,2026-02,avg_duration_by_zone_hour,True
22,Bensonhurst West,3,6,22.205555555555552,22.424999999999997,18.966666666666665,27.708333333333332,0.3333333333333333,2026-02,avg_duration_by_zone_hour,True
191,Queens Village,4,18,22.157407407407405,15.233333333333334,17.4,47.775,0.3333333333333333,2026-02,avg_duration_by_zone_hour,True
214,South Beach/Dongan Hills,18,3,22.022222222222222,16.133333333333333,14.1,38.18666666666667,0.3333333333333333,2026-02,avg_duration_by_zone_hour,True
134,Kew Gardens,5,15,21.833333333333332,16.733333333333334,20.25,33.11333333333333,0.3333333333333333,2026-02,avg_duration_by_zone_hour,True
19,Bellerose,2,3,21.633333333333336,19.533333333333335,17.541666666666668,27.653333333333336,0.3333333333333333,2026-02,avg_duration_by_zone_hour,True
178,Ocean Parkway South,0,3,21.438888888888886,19.533333333333335,20.2,32.36000000000001,0.3333333333333333,2026-02,avg_duration_by_zone_hour,True
29,Brighton Beach,22,15,20.994444444444447,15.6,21.416666666666668,36.28,0.3333333333333333,2026-02,avg_duration_by_zone_hour,True
183,Pelham Bay,4,3,20.95,18.783333333333335,19.833333333333332,28.023333333333333,0.3333333333333333,2026-02,avg_duration_by_zone_hour,True
222,Starrett City,0,3,20.905555555555555,15.616666666666667,20.2,29.990000000000002,0.3333333333333333,2026-02,avg_duration_by_zone_hour,True
57,Corona,22,6,20.76111111111111,16.1,24.516666666666666,37.5,0.3333333333333333,2026-02,avg_duration_by_zone_hour,True
175,Oakland Gardens,18,3,20.733333333333334,11.033333333333333,31.483333333333334,35.980000000000004,0.3333333333333333,2026-02,avg_duration_by_zone_hour,True
195,Red Hook,1,12,20.581944444444446,20.833333333333336,19.716666666666665,29.186666666666667,0.3333333333333333,2026-02,avg_duration_by_zone_hour,True
3,Allerton/Pelham Gardens,2,3,20.516666666666666,16.766666666666666,14.05,25.78,0.3333333333333333,2026-02,avg_duration_by_zone_hour,True
96,Forest Park/Highland Park,20,3,20.494444444444444,15.9,27.883333333333333,34.96666666666667,0.3333333333333333,2026-02,avg_duration_by_zone_hour,True
133,Kensington,1,6,20.380555555555556,19.666666666666664,19.716666666666665,27.833333333333336,0.3333333333333333,2026-02,avg_duration_by_zone_hour,True
21,Bensonhurst East,1,6,19.994444444444444,17.983333333333334,19.716666666666665,34.325,0.3333333333333333,2026-02,avg_duration_by_zone_hour,True
248,West Farms/Bronx River,22,21,19.68015873015873,16.816666666666666,17.366666666666667,28.183333333333334,0.3333333333333333,2026-02,avg_duration_by_zone_hour,True
175,Oakland Gardens,1,3,19.655555555555555,19.166666666666668,19.966666666666665,28.34,0.3333333333333333,2026-02,avg_duration_by_zone_hour,True
207,Saint Michaels Cemetery/Woodside,8,6,19.572222222222223,6.074999999999999,33.65,50.36666666666667,0.3333333333333333,2026-02,avg_duration_by_zone_hour,True
227,Sunset Park East,2,9,19.244444444444444,17.483333333333334,19.025,33.25,0.3333333333333333,2026-02,avg_duration_by_zone_hour,True
16,Bayside,2,9,19.21851851851852,20.933333333333334,17.541666666666668,24.003333333333334,0.3333333333333333,2026-02,avg_duration_by_zone_hour,True
23,Bloomfield/Emerson Hill,18,3,19.205555555555556,16.733333333333334,14.1,30.026666666666667,0.3333333333333333,2026-02,avg_duration_by_zone_hour,True
22,Bensonhurst West,1,6,19.122222222222224,19.066666666666666,19.716666666666665,31.133333333333333,0.3333333333333333,2026-02,avg_duration_by_zone_hour,True
149,Madison,3,3,19.055555555555554,15.383333333333333,18.966666666666665,30.463333333333335,0.3333333333333333,2026-02,avg_duration_by_zone_hour,True
165,Midwood,23,12,19.033333333333335,16.566666666666666,20.8,32.00333333333333,0.3333333333333333,2026-02,avg_duration_by_zone_hour,True
259,Woodlawn/Wakefield,2,3,19.01666666666667,14.333333333333334,14.05,33.720000000000006,0.3333333333333333,2026-02,avg_duration_by_zone_hour,True
23,Bloomfield/Emerson Hill,21,3,19.0,16.133333333333333,13.716666666666667,31.42666666666667,0.3333333333333333,2026-02,avg_duration_by_zone_hour,True
63,Cypress Hills,1,9,18.264814814814812,18.033333333333335,19.716666666666665,28.416666666666668,0.3333333333333333,2026-02,avg_duration_by_zone_hour,True
77,East New York/Pennsylvania Avenue,2,6,18.133333333333333,13.625,19.025,29.133333333333333,0.3333333333333333,2026-02,avg_duration_by_zone_hour,True
185,Pelham Parkway,1,6,17.919444444444444,16.825,14.941666666666666,25.125,0.3333333333333333,2026-02,avg_duration_by_zone_hour,True
221,Stapleton,4,3,17.916666666666668,9.683333333333334,13.2,29.910000000000004,0.3333333333333333,2026-02,avg_duration_by_zone_hour,True
185,Pelham Parkway,2,3,17.6,17.483333333333334,14.05,20.976666666666667,0.3333333333333333,2026-02,avg_duration_by_zone_hour,True
21,Bensonhurst East,22,3,17.47222222222222,11.5,21.416666666666668,26.46,0.3333333333333333,2026-02,avg_duration_by_zone_hour,True
118,Heartland Village/Todt Hill,19,3,16.91111111111111,16.4,13.766666666666667,23.32,0.3333333333333333,2026-02,avg_duration_by_zone_hour,True
3,Allerton/Pelham Gardens,23,12,16.8625,15.366666666666667,15.791666666666668,23.753333333333337,0.3333333333333333,2026-02,avg_duration_by_zone_hour,True
16,Bayside,4,6,16.79722222222222,15.7,17.4,25.775,0.3333333333333333,2026-02,avg_duration_by_zone_hour,True
6,Arrochar/Fort Wadsworth,2,3,16.711111111111112,10.866666666666667,12.133333333333333,28.46666666666667,0.3333333333333333,2026-02,avg_duration_by_zone_hour,True
69,East Concourse/Concourse Village,1,9,16.548148148148147,15.066666666666666,14.941666666666666,24.706666666666667,0.3333333333333333,2026-02,avg_duration_by_zone_hour,True
167,Morrisania/Melrose,23,21,16.271428571428572,13.616666666666667,15.791666666666668,29.5,0.3333333333333333,2026-02,avg_duration_by_zone_hour,True
217,South Williamsburg,2,12,16.159722222222225,16.116666666666667,19.025,26.83666666666667,0.3333333333333333,2026-02,avg_duration_by_zone_hour,True
67,Dyker Heights,1,3,16.044444444444444,10.0,19.716666666666665,29.200000000000003,0.3333333333333333,2026-02,avg_duration_by_zone_hour,True
12,Battery Park,23,6,16.030555555555555,14.966666666666665,12.7,20.625,0.3333333333333333,2026-02,avg_duration_by_zone_hour,True
51,Co-Op City,1,3,15.53888888888889,14.666666666666666,14.941666666666666,20.253333333333334,0.3333333333333333,2026-02,avg_duration_by_zone_hour,True
6,Arrochar/Fort Wadsworth,12,3,15.444444444444443,18.183333333333334,15.133333333333333,24.343333333333334,0.3333333333333333,2026-02,avg_duration_by_zone_hour,True
208,Schuylerville/Edgewater Park,2,3,14.933333333333332,15.116666666666667,14.05,18.810000000000002,0.3333333333333333,2026-02,avg_duration_by_zone_hour,True
183,Pelham Bay,1,3,14.616666666666667,12.4,14.941666666666666,20.666666666666668,0.3333333333333333,2026-02,avg_duration_by_zone_hour,True
102,Glendale,2,3,14.372222222222222,10.833333333333334,17.541666666666668,20.366666666666667,0.3333333333333333,2026-02,avg_duration_by_zone_hour,True
182,Parkchester,2,3,14.261111111111111,13.016666666666667,14.05,17.923333333333332,0.3333333333333333,2026-02,avg_duration_by_zone_hour,True
73,East Flushing,4,3,14.183333333333332,6.766666666666667,17.4,25.553333333333335,0.3333333333333333,2026-02,avg_duration_by_zone_hour,True
183,Pelham Bay,2,3,13.62777777777778,11.6,14.05,17.14666666666667,0.3333333333333333,2026-02,avg_duration_by_zone_hour,True
136,Kingsbridge Heights,2,3,12.027777777777777,9.666666666666666,14.05,18.506666666666668,0.3333333333333333,2026-02,avg_duration_by_zone_hour,True
1,Newark Airport,20,3,10.405555555555555,4.483333333333333,13.733333333333333,20.816666666666666,0.3333333333333333,2026-02,avg_duration_by_zone_hour,True
265,Outside of NYC,4,12,7.893055555555556,4.8,8.816666666666666,17.441666666666666,0.3333333333333333,2026-02,avg_duration_by_zone_hour,True
3,Allerton/Pelham Gardens,13,28,36.57619047619048,27.75,32.1,66.37,0.32142857142857145,2026-02,avg_duration_by_zone_hour,True
126,Hunts Point,20,28,31.12738095238095,20.93333333333333,20.783333333333335,53.77333333333334,0.32142857142857145,2026-02,avg_duration_by_zone_hour,True
108,Gravesend,17,28,26.72559523809524,25.55,25.575,46.425000000000004,0.32142857142857145,2026-02,avg_duration_by_zone_hour,True
216,South Ozone Park,1,28,19.726785714285715,20.183333333333334,19.966666666666665,29.87,0.32142857142857145,2026-02,avg_duration_by_zone_hour,True
179,Old Astoria,3,28,15.863095238095239,18.258333333333333,16.966666666666665,27.743333333333336,0.32142857142857145,2026-02,avg_duration_by_zone_hour,True
264,Unknown,3,28,11.34702380952381,8.758333333333333,9.516666666666666,20.928333333333338,0.32142857142857145,2026-02,avg_duration_by_zone_hour,True
147,Longwood,4,25,24.484,18.766666666666666,19.833333333333332,53.05666666666667,0.32,2026-02,avg_duration_by_zone_hour,True
196,Rego Park,5,25,23.77733333333333,18.8,20.25,43.91000000000001,0.32,2026-02,avg_duration_by_zone_hour,True
123,Homecrest,19,25,23.756666666666664,17.266666666666666,22.833333333333332,40.37,0.32,2026-02,avg_duration_by_zone_hour,True
147,Longwood,16,22,37.16590909090909,29.80833333333333,30.883333333333333,71.91000000000003,0.3181818181818182,2026-02,avg_duration_by_zone_hour,True
139,Laurelton,18,22,33.70227272727273,33.05,31.483333333333334,69.34833333333336,0.3181818181818182,2026-02,avg_duration_by_zone_hour,True
257,Windsor Terrace,16,22,29.297727272727272,23.0,27.583333333333332,47.37,0.3181818181818182,2026-02,avg_duration_by_zone_hour,True
254,Williamsbridge/Olinville,21,22,28.056818181818183,19.375,18.84166666666667,64.7283333333334,0.3181818181818182,2026-02,avg_duration_by_zone_hour,True
89,Flatbush/Ditmas Park,1,22,20.378030303030304,19.858333333333334,19.716666666666665,32.085,0.3181818181818182,2026-02,avg_duration_by_zone_hour,True
200,Riverdale/North Riverdale/Fieldston,6,19,35.402631578947364,28.316666666666666,32.43333333333333,67.53999999999999,0.3157894736842105,2026-02,avg_duration_by_zone_hour,True
135,Kew Gardens Hills,10,19,33.51754385964912,24.366666666666667,33.733333333333334,66.93333333333334,0.3157894736842105,2026-02,avg_duration_by_zone_hour,True
32,Bronxdale,4,19,22.510526315789473,18.05,19.833333333333332,49.98,0.3157894736842105,2026-02,avg_duration_by_zone_hour,True
257,Windsor Terrace,0,19,21.781578947368423,21.75,20.2,29.93333333333333,0.3157894736842105,2026-02,avg_duration_by_zone_hour,True
180,Ozone Park,23,19,20.840350877192982,20.166666666666668,22.466666666666665,33.21333333333333,0.3157894736842105,2026-02,avg_duration_by_zone_hour,True
89,Flatbush/Ditmas Park,2,19,20.80263157894737,20.616666666666667,19.025,33.03333333333333,0.3157894736842105,2026-02,avg_duration_by_zone_hour,True
16,Bayside,10,16,38.15833333333333,27.208333333333336,33.733333333333334,80.20833333333333,0.3125,2026-02,avg_duration_by_zone_hour,True
139,Laurelton,13,16,33.8875,22.616666666666667,35.86666666666667,72.0,0.3125,2026-02,avg_duration_by_zone_hour,True
11,Bath Beach,17,16,31.229166666666664,20.333333333333332,25.575,68.94999999999999,0.3125,2026-02,avg_duration_by_zone_hour,True
98,Fresh Meadows,10,16,30.626041666666666,20.475,33.733333333333334,67.39166666666667,0.3125,2026-02,avg_duration_by_zone_hour,True
203,Rosedale,17,16,29.642708333333335,15.033333333333335,36.35,65.29166666666667,0.3125,2026-02,avg_duration_by_zone_hour,True
178,Ocean Parkway South,17,16,28.216666666666665,18.116666666666667,25.575,64.55833333333334,0.3125,2026-02,avg_duration_by_zone_hour,True
173,North Corona,1,16,19.009375,19.5,19.966666666666665,29.65,0.3125,2026-02,avg_duration_by_zone_hour,True
124,Howard Beach,9,29,38.59655172413793,31.166666666666668,33.53333333333333,73.26,0.3103448275862069,2026-02,avg_duration_by_zone_hour,True
10,Baisley Park,0,29,22.076436781609196,17.716666666666665,21.433333333333334,32.24999999999999,0.3103448275862069,2026-02,avg_duration_by_zone_hour,True
98,Fresh Meadows,8,13,38.42564102564103,22.816666666666666,33.65,83.17333333333335,0.3076923076923077,2026-02,avg_duration_by_zone_hour,True
200,Riverdale/North Riverdale/Fieldston,13,26,34.62948717948718,29.316666666666666,32.1,54.20833333333333,0.3076923076923077,2026-02,avg_duration_by_zone_hour,True
175,Oakland Gardens,12,13,34.426923076923075,24.866666666666667,33.38333333333333,67.59666666666668,0.3076923076923077,2026-02,avg_duration_by_zone_hour,True
16,Bayside,19,13,25.994871794871795,23.6,30.15,46.92333333333334,0.3076923076923077,2026-02,avg_duration_by_zone_hour,True
203,Rosedale,20,13,25.98205128205128,22.583333333333332,27.883333333333333,46.190000000000005,0.3076923076923077,2026-02,avg_duration_by_zone_hour,True
47,Claremont/Bathgate,22,13,24.21153846153846,16.3,17.366666666666667,53.086666666666666,0.3076923076923077,2026-02,avg_duration_by_zone_hour,True
171,Murray Hill-Queens,21,13,20.73076923076923,22.35,24.983333333333334,33.06666666666667,0.3076923076923077,2026-02,avg_duration_by_zone_hour,True
94,Fordham South,23,13,16.715384615384615,15.333333333333334,15.791666666666668,23.900000000000002,0.3076923076923077,2026-02,avg_duration_by_zone_hour,True
248,West Farms/Bronx River,23,13,15.289743589743589,15.183333333333334,15.791666666666668,25.24666666666667,0.3076923076923077,2026-02,avg_duration_by_zone_hour,True
136,Kingsbridge Heights,12,23,39.47028985507246,37.416666666666664,33.625,72.53,0.30434782608695654,2026-02,avg_duration_by_zone_hour,True
11,Bath Beach,12,23,30.25,22.8,29.283333333333335,48.2,0.30434782608695654,2026-02,avg_duration_by_zone_hour,True
66,DUMBO/Vinegar Hill,2,23,20.156521739130433,20.9,19.025,26.189999999999998,0.30434782608695654,2026-02,avg_duration_by_zone_hour,True
15,Bay Terrace/Fort Totten,16,10,45.361666666666665,37.63333333333333,42.81666666666667,81.58,0.3,2026-02,avg_duration_by_zone_hour,True
192,Queensboro Hill,11,10,40.068333333333335,29.058333333333334,33.56666666666667,73.17499999999998,0.3,2026-02,avg_duration_by_zone_hour,True
115,Grymes Hill/Clifton,8,10,33.986666666666665,24.833333333333336,29.85,67.76833333333332,0.3,2026-02,avg_duration_by_zone_hour,True
131,Jamaica Estates,10,20,33.332499999999996,26.575,33.733333333333334,73.17,0.3,2026-02,avg_duration_by_zone_hour,True
180,Ozone Park,10,20,29.30333333333333,25.958333333333332,33.733333333333334,52.370000000000005,0.3,2026-02,avg_duration_by_zone_hour,True
102,Glendale,12,20,28.465833333333336,23.05,33.38333333333333,53.710000000000015,0.3,2026-02,avg_duration_by_zone_hour,True
217,South Williamsburg,5,10,26.106666666666666,20.016666666666666,23.483333333333334,51.25166666666666,0.3,2026-02,avg_duration_by_zone_hour,True
222,Starrett City,21,10,25.083333333333332,18.65,22.083333333333332,47.44666666666666,0.3,2026-02,avg_duration_by_zone_hour,True
22,Bensonhurst West,4,10,24.836666666666666,18.308333333333334,19.583333333333332,47.769999999999996,0.3,2026-02,avg_duration_by_zone_hour,True
54,Columbia Street,11,10,22.568333333333335,16.041666666666664,28.85,44.08333333333333,0.3,2026-02,avg_duration_by_zone_hour,True
265,Outside of NYC,5,10,21.133333333333333,12.516666666666666,16.633333333333333,50.13499999999999,0.3,2026-02,avg_duration_by_zone_hour,True
60,Crotona Park East,21,20,21.093333333333334,18.125,18.84166666666667,39.61333333333334,0.3,2026-02,avg_duration_by_zone_hour,True
77,East New York/Pennsylvania Avenue,3,20,21.008333333333333,17.35,18.966666666666665,35.131666666666696,0.3,2026-02,avg_duration_by_zone_hour,True
40,Carroll Gardens,1,20,20.829166666666666,20.366666666666667,19.716666666666665,32.02166666666667,0.3,2026-02,avg_duration_by_zone_hour,True
185,Pelham Parkway,4,10,20.74833333333333,16.641666666666666,19.833333333333332,32.773333333333326,0.3,2026-02,avg_duration_by_zone_hour,True
188,Prospect-Lefferts Gardens,2,10,20.54,19.75,19.025,37.403333333333336,0.3,2026-02,avg_duration_by_zone_hour,True
20,Belmont,22,10,20.216666666666665,20.233333333333334,17.366666666666667,35.35666666666666,0.3,2026-02,avg_duration_by_zone_hour,True
257,Windsor Terrace,23,20,20.104166666666664,18.133333333333333,20.8,30.395000000000003,0.3,2026-02,avg_duration_by_zone_hour,True
160,Middle Village,4,10,19.54,19.174999999999997,17.4,30.524999999999995,0.3,2026-02,avg_duration_by_zone_hour,True
71,East Flatbush/Farragut,1,10,19.341666666666665,21.4,19.716666666666665,29.75333333333333,0.3,2026-02,avg_duration_by_zone_hour,True
155,Marine Park/Mill Basin,23,20,19.267500000000002,19.508333333333333,20.8,33.568333333333335,0.3,2026-02,avg_duration_by_zone_hour,True
185,Pelham Parkway,11,27,39.42407407407408,36.78333333333333,36.05,76.26,0.2962962962962963,2026-02,avg_duration_by_zone_hour,True
53,College Point,7,27,30.90432098765432,22.983333333333334,30.4,70.86333333333334,0.2962962962962963,2026-02,avg_duration_by_zone_hour,True
67,Dyker Heights,14,27,27.162345679012347,23.383333333333333,28.866666666666667,42.56333333333334,0.2962962962962963,2026-02,avg_duration_by_zone_hour,True
67,Dyker Heights,19,27,24.18148148148148,21.533333333333335,22.833333333333332,46.21000000000002,0.2962962962962963,2026-02,avg_duration_by_zone_hour,True
66,DUMBO/Vinegar Hill,5,27,24.16481481481481,15.883333333333333,23.483333333333334,39.216666666666676,0.2962962962962963,2026-02,avg_duration_by_zone_hour,True
119,Highbridge,4,27,20.644444444444442,15.783333333333333,19.833333333333332,39.48333333333335,0.2962962962962963,2026-02,avg_duration_by_zone_hour,True
218,Springfield Gardens North,20,17,30.53627450980392,20.65,27.883333333333333,67.48666666666668,0.29411764705882354,2026-02,avg_duration_by_zone_hour,True
207,Saint Michaels Cemetery/Woodside,10,17,27.224509803921567,26.266666666666666,33.733333333333334,63.23666666666667,0.29411764705882354,2026-02,avg_duration_by_zone_hour,True
265,Outside of NYC,8,17,25.728431372549018,21.316666666666666,18.791666666666664,42.40333333333334,0.29411764705882354,2026-02,avg_duration_by_zone_hour,True
193,Queensbridge/Ravenswood,2,17,17.072549019607845,16.533333333333335,17.541666666666668,25.21,0.29411764705882354,2026-02,avg_duration_by_zone_hour,True
213,Soundview/Castle Hill,22,17,17.04705882352941,15.366666666666667,17.366666666666667,27.623333333333335,0.29411764705882354,2026-02,avg_duration_by_zone_hour,True
67,Dyker Heights,13,24,30.370833333333334,22.683333333333334,28.15,62.46833333333331,0.2916666666666667,2026-02,avg_duration_by_zone_hour,True
67,Dyker Heights,12,24,29.824305555555554,21.208333333333332,29.283333333333335,57.00666666666666,0.2916666666666667,2026-02,avg_duration_by_zone_hour,True
28,Briarwood/Jamaica Hills,11,24,27.822222222222223,19.7,33.56666666666667,58.044999999999995,0.2916666666666667,2026-02,avg_duration_by_zone_hour,True
77,East New York/Pennsylvania Avenue,20,24,23.102083333333336,22.708333333333332,22.833333333333332,38.22833333333333,0.2916666666666667,2026-02,avg_duration_by_zone_hour,True
173,North Corona,5,24,19.643055555555556,18.558333333333334,20.25,28.711666666666666,0.2916666666666667,2026-02,avg_duration_by_zone_hour,True
46,City Island,10,7,47.62380952380953,41.43333333333333,35.916666666666664,92.37333333333336,0.2857142857142857,2026-02,avg_duration_by_zone_hour,True
207,Saint Michaels Cemetery/Woodside,16,7,45.56190476190476,29.283333333333335,42.81666666666667,92.86000000000001,0.2857142857142857,2026-02,avg_duration_by_zone_hour,True
20,Belmont,12,21,43.00555555555555,36.05,33.625,81.68333333333334,0.2857142857142857,2026-02,avg_duration_by_zone_hour,True
208,Schuylerville/Edgewater Park,12,21,42.476190476190474,35.36666666666667,33.625,92.78333333333333,0.2857142857142857,2026-02,avg_duration_by_zone_hour,True
31,Bronx Park,6,7,42.28809523809524,32.416666666666664,32.43333333333333,66.31666666666669,0.2857142857142857,2026-02,avg_duration_by_zone_hour,True
240,Van Cortlandt Park,11,7,40.740476190476194,32.583333333333336,36.05,64.94000000000001,0.2857142857142857,2026-02,avg_duration_by_zone_hour,True
122,Hollis,20,7,37.88809523809524,23.9,27.883333333333333,74.51,0.2857142857142857,2026-02,avg_duration_by_zone_hour,True
20,Belmont,14,14,36.94404761904762,17.225,30.233333333333334,95.9533333333334,0.2857142857142857,2026-02,avg_duration_by_zone_hour,True
16,Bayside,12,7,36.23095238095238,27.366666666666667,33.38333333333333,77.13666666666668,0.2857142857142857,2026-02,avg_duration_by_zone_hour,True
208,Schuylerville/Edgewater Park,14,14,35.06190476190476,25.291666666666664,30.233333333333334,74.38333333333335,0.2857142857142857,2026-02,avg_duration_by_zone_hour,True
178,Ocean Parkway South,13,21,34.30714285714286,26.55,28.15,62.81666666666667,0.2857142857142857,2026-02,avg_duration_by_zone_hour,True
122,Hollis,16,14,34.173809523809524,29.916666666666668,42.81666666666667,72.70666666666669,0.2857142857142857,2026-02,avg_duration_by_zone_hour,True
38,Cambria Heights,15,21,33.668253968253964,23.05,41.333333333333336,68.81666666666666,0.2857142857142857,2026-02,avg_duration_by_zone_hour,True
183,Pelham Bay,16,7,33.06190476190476,21.483333333333334,30.883333333333333,72.19333333333334,0.2857142857142857,2026-02,avg_duration_by_zone_hour,True
9,Auburndale,10,14,32.05714285714286,20.291666666666664,33.733333333333334,61.67833333333335,0.2857142857142857,2026-02,avg_duration_by_zone_hour,True
64,Douglaston,13,7,31.75,28.983333333333334,35.86666666666667,53.873333333333335,0.2857142857142857,2026-02,avg_duration_by_zone_hour,True
171,Murray Hill-Queens,17,7,30.92142857142857,28.183333333333334,36.35,60.10666666666667,0.2857142857142857,2026-02,avg_duration_by_zone_hour,True
86,Far Rockaway,21,14,28.698809523809526,25.35,24.983333333333334,43.04500000000001,0.2857142857142857,2026-02,avg_duration_by_zone_hour,True
106,Gowanus,7,28,27.96904761904762,24.891666666666666,29.641666666666666,47.04833333333333,0.2857142857142857,2026-02,avg_duration_by_zone_hour,True
122,Hollis,21,7,26.73333333333333,21.183333333333334,24.983333333333334,44.946666666666665,0.2857142857142857,2026-02,avg_duration_by_zone_hour,True
73,East Flushing,21,7,26.45952380952381,22.916666666666668,24.983333333333334,48.88,0.2857142857142857,2026-02,avg_duration_by_zone_hour,True
192,Queensboro Hill,6,7,26.349999999999998,22.116666666666667,26.34166666666667,40.300000000000004,0.2857142857142857,2026-02,avg_duration_by_zone_hour,True
34,Brooklyn Navy Yard,13,14,26.26547619047619,22.741666666666667,28.15,40.60833333333334,0.2857142857142857,2026-02,avg_duration_by_zone_hour,True
183,Pelham Bay,9,7,25.678571428571427,19.4,33.8,48.370000000000005,0.2857142857142857,2026-02,avg_duration_by_zone_hour,True
203,Rosedale,21,14,24.539285714285715,19.95,24.983333333333334,37.693333333333335,0.2857142857142857,2026-02,avg_duration_by_zone_hour,True
21,Bensonhurst East,0,7,22.84047619047619,18.65,20.2,36.61333333333334,0.2857142857142857,2026-02,avg_duration_by_zone_hour,True
98,Fresh Meadows,20,7,22.400000000000002,16.533333333333335,27.883333333333333,43.72,0.2857142857142857,2026-02,avg_duration_by_zone_hour,True
178,Ocean Parkway South,22,7,20.80238095238095,18.016666666666666,21.416666666666668,34.82333333333333,0.2857142857142857,2026-02,avg_duration_by_zone_hour,True
106,Gowanus,3,14,20.71309523809524,18.958333333333332,18.966666666666665,28.718333333333337,0.2857142857142857,2026-02,avg_duration_by_zone_hour,True
95,Forest Hills,3,14,19.795238095238094,19.058333333333334,16.966666666666665,29.546666666666674,0.2857142857142857,2026-02,avg_duration_by_zone_hour,True
149,Madison,20,7,19.51666666666667,11.05,22.833333333333332,40.24666666666667,0.2857142857142857,2026-02,avg_duration_by_zone_hour,True
3,Allerton/Pelham Gardens,20,7,18.428571428571427,10.0,20.783333333333335,40.51666666666667,0.2857142857142857,2026-02,avg_duration_by_zone_hour,True
182,Parkchester,23,21,16.61746031746032,13.716666666666667,15.791666666666668,26.533333333333335,0.2857142857142857,2026-02,avg_duration_by_zone_hour,True
220,Spuyten Duyvil/Kingsbridge,3,7,16.4,20.333333333333332,16.46666666666667,25.293333333333337,0.2857142857142857,2026-02,avg_duration_by_zone_hour,True
248,West Farms/Bronx River,2,7,16.14047619047619,15.516666666666667,14.05,29.713333333333335,0.2857142857142857,2026-02,avg_duration_by_zone_hour,True
215,South Jamaica,2,7,16.014285714285712,16.366666666666667,17.541666666666668,22.536666666666665,0.2857142857142857,2026-02,avg_duration_by_zone_hour,True
247,West Concourse,3,7,15.654761904761907,15.5,16.46666666666667,24.473333333333336,0.2857142857142857,2026-02,avg_duration_by_zone_hour,True
178,Ocean Parkway South,23,7,15.242857142857144,10.85,20.8,26.973333333333333,0.2857142857142857,2026-02,avg_duration_by_zone_hour,True
18,Bedford Park,22,14,15.019047619047617,14.266666666666666,17.366666666666667,24.830000000000002,0.2857142857142857,2026-02,avg_duration_by_zone_hour,True
167,Morrisania/Melrose,3,7,14.795238095238094,12.45,16.46666666666667,26.320000000000004,0.2857142857142857,2026-02,avg_duration_by_zone_hour,True
242,Van Nest/Morris Park,2,7,14.507142857142856,11.85,14.05,20.996666666666666,0.2857142857142857,2026-02,avg_duration_by_zone_hour,True
147,Longwood,0,7,13.473809523809523,13.0,15.233333333333333,19.77,0.2857142857142857,2026-02,avg_duration_by_zone_hour,True
18,Bedford Park,1,7,12.302380952380954,10.866666666666667,14.941666666666666,22.433333333333334,0.2857142857142857,2026-02,avg_duration_by_zone_hour,True
150,Manhattan Beach,13,25,37.407333333333334,29.483333333333334,28.15,72.67666666666666,0.28,2026-02,avg_duration_by_zone_hour,True
180,Ozone Park,14,25,33.669333333333334,28.483333333333334,38.6,51.13333333333333,0.28,2026-02,avg_duration_by_zone_hour,True
124,Howard Beach,19,25,28.654,29.5,30.15,44.120000000000005,0.28,2026-02,avg_duration_by_zone_hour,True
49,Clinton Hill,3,25,20.838,19.833333333333332,18.966666666666665,32.21,0.28,2026-02,avg_duration_by_zone_hour,True
108,Gravesend,14,18,37.65277777777778,16.65,28.866666666666667,96.06166666666671,0.2777777777777778,2026-02,avg_duration_by_zone_hour,True
22,Bensonhurst West,20,18,24.750925925925927,22.125,22.833333333333332,44.50000000000001,0.2777777777777778,2026-02,avg_duration_by_zone_hour,True
139,Laurelton,23,18,23.275,19.758333333333333,22.466666666666665,46.88666666666667,0.2777777777777778,2026-02,avg_duration_by_zone_hour,True
123,Homecrest,20,18,22.41111111111111,22.183333333333334,22.833333333333332,38.37,0.2777777777777778,2026-02,avg_duration_by_zone_hour,True
252,Whitestone,19,29,28.914367816091954,22.95,30.15,47.65333333333333,0.27586206896551724,2026-02,avg_duration_by_zone_hour,True
220,Spuyten Duyvil/Kingsbridge,20,29,22.084482758620688,19.633333333333333,20.783333333333335,32.9,0.27586206896551724,2026-02,avg_duration_by_zone_hour,True
265,Outside of NYC,16,29,16.71954022988506,10.616666666666667,15.983333333333334,41.15666666666666,0.27586206896551724,2026-02,avg_duration_by_zone_hour,True
203,Rosedale,15,11,48.877272727272725,36.833333333333336,41.333333333333336,104.38333333333334,0.2727272727272727,2026-02,avg_duration_by_zone_hour,True
101,Glen Oaks,16,22,42.358333333333334,30.475,42.81666666666667,97.08500000000005,0.2727272727272727,2026-02,avg_duration_by_zone_hour,True
248,West Farms/Bronx River,11,22,33.71212121212121,26.424999999999997,36.05,77.49499999999999,0.2727272727272727,2026-02,avg_duration_by_zone_hour,True
15,Bay Terrace/Fort Totten,13,11,32.10454545454545,39.516666666666666,35.86666666666667,52.61666666666667,0.2727272727272727,2026-02,avg_duration_by_zone_hour,True
201,Rockaway Park,18,11,31.077272727272728,26.133333333333333,31.483333333333334,51.85,0.2727272727272727,2026-02,avg_duration_by_zone_hour,True
54,Columbia Street,13,11,29.41969696969697,22.383333333333333,28.15,46.083333333333336,0.2727272727272727,2026-02,avg_duration_by_zone_hour,True
135,Kew Gardens Hills,4,11,27.01060606060606,16.3,17.4,65.25,0.2727272727272727,2026-02,avg_duration_by_zone_hour,True
108,Gravesend,21,11,21.975757575757576,18.7,22.083333333333332,40.733333333333334,0.2727272727272727,2026-02,avg_duration_by_zone_hour,True
60,Crotona Park East,0,11,21.046969696969697,16.7,15.233333333333333,26.733333333333334,0.2727272727272727,2026-02,avg_duration_by_zone_hour,True
188,Prospect-Lefferts Gardens,3,22,19.26590909090909,17.433333333333334,18.966666666666665,28.205000000000002,0.2727272727272727,2026-02,avg_duration_by_zone_hour,True
123,Homecrest,21,11,18.707575757575757,9.433333333333334,22.083333333333332,49.65,0.2727272727272727,2026-02,avg_duration_by_zone_hour,True
208,Schuylerville/Edgewater Park,20,22,18.290151515151514,16.666666666666664,20.783333333333335,31.041666666666668,0.2727272727272727,2026-02,avg_duration_by_zone_hour,True
78,East Tremont,21,11,18.01212121212121,12.883333333333333,18.84166666666667,38.86666666666667,0.2727272727272727,2026-02,avg_duration_by_zone_hour,True
250,Westchester Village/Unionport,23,22,17.704545454545453,15.8,15.791666666666668,23.61166666666667,0.2727272727272727,2026-02,avg_duration_by_zone_hour,True
126,Hunts Point,4,22,16.821969696969695,14.524999999999999,19.833333333333332,31.063333333333336,0.2727272727272727,2026-02,avg_duration_by_zone_hour,True
14,Bay Ridge,1,22,16.44090909090909,15.375,19.716666666666665,31.86500000000001,0.2727272727272727,2026-02,avg_duration_by_zone_hour,True
247,West Concourse,1,22,15.840151515151517,14.733333333333334,14.941666666666666,27.023333333333333,0.2727272727272727,2026-02,avg_duration_by_zone_hour,True
218,Springfield Gardens North,17,26,31.759615384615383,20.491666666666667,36.35,65.4,0.2692307692307692,2026-02,avg_duration_by_zone_hour,True
101,Glen Oaks,13,15,37.16444444444445,35.46666666666667,35.86666666666667,68.27666666666666,0.26666666666666666,2026-02,avg_duration_by_zone_hour,True
171,Murray Hill-Queens,13,15,35.58111111111111,31.366666666666667,35.86666666666667,68.97666666666666,0.26666666666666666,2026-02,avg_duration_by_zone_hour,True
160,Middle Village,12,15,34.864444444444445,28.616666666666667,33.38333333333333,66.50333333333333,0.26666666666666666,2026-02,avg_duration_by_zone_hour,True
192,Queensboro Hill,12,15,33.971111111111114,26.183333333333334,33.38333333333333,56.06666666666666,0.26666666666666666,2026-02,avg_duration_by_zone_hour,True
208,Schuylerville/Edgewater Park,16,15,32.60222222222222,26.85,30.883333333333333,59.336666666666666,0.26666666666666666,2026-02,avg_duration_by_zone_hour,True
22,Bensonhurst West,21,15,24.435555555555556,18.8,22.083333333333332,54.03666666666666,0.26666666666666666,2026-02,avg_duration_by_zone_hour,True
150,Manhattan Beach,17,15,23.032222222222224,18.933333333333334,25.575,39.32,0.26666666666666666,2026-02,avg_duration_by_zone_hour,True
86,Far Rockaway,23,15,22.846666666666668,19.35,22.466666666666665,40.92999999999999,0.26666666666666666,2026-02,avg_duration_by_zone_hour,True
191,Queens Village,0,15,21.6,19.95,21.433333333333334,35.903333333333336,0.26666666666666666,2026-02,avg_duration_by_zone_hour,True
136,Kingsbridge Heights,4,15,20.907777777777778,15.716666666666667,19.833333333333332,34.68,0.26666666666666666,2026-02,avg_duration_by_zone_hour,True
217,South Williamsburg,3,15,20.166666666666668,19.366666666666667,18.966666666666665,33.233333333333334,0.26666666666666666,2026-02,avg_duration_by_zone_hour,True
203,Rosedale,1,15,16.49222222222222,16.0,19.966666666666665,29.049999999999997,0.26666666666666666,2026-02,avg_duration_by_zone_hour,True
212,Soundview/Bruckner,0,15,13.433333333333334,13.3,15.233333333333333,24.369999999999997,0.26666666666666666,2026-02,avg_duration_by_zone_hour,True
60,Crotona Park East,11,19,37.10087719298245,24.033333333333335,36.05,84.07,0.2631578947368421,2026-02,avg_duration_by_zone_hour,True
150,Manhattan Beach,12,19,31.77894736842105,20.583333333333332,29.283333333333335,60.653333333333336,0.2631578947368421,2026-02,avg_duration_by_zone_hour,True
227,Sunset Park East,20,19,26.612280701754386,23.45,22.833333333333332,45.97666666666667,0.2631578947368421,2026-02,avg_duration_by_zone_hour,True
257,Windsor Terrace,22,19,21.307894736842105,19.383333333333333,21.416666666666668,31.293333333333333,0.2631578947368421,2026-02,avg_duration_by_zone_hour,True
250,Westchester Village/Unionport,21,19,20.70438596491228,16.416666666666668,18.84166666666667,34.51333333333332,0.2631578947368421,2026-02,avg_duration_by_zone_hour,True
220,Spuyten Duyvil/Kingsbridge,12,23,38.7268115942029,26.616666666666667,33.625,71.31333333333335,0.2608695652173913,2026-02,avg_duration_by_zone_hour,True
208,Schuylerville/Edgewater Park,17,23,34.8731884057971,24.316666666666666,27.008333333333333,68.85333333333334,0.2608695652173913,2026-02,avg_duration_by_zone_hour,True
178,Ocean Parkway South,14,23,33.88768115942029,27.383333333333333,28.866666666666667,65.36666666666667,0.2608695652173913,2026-02,avg_duration_by_zone_hour,True
147,Longwood,19,23,23.19782608695652,20.683333333333334,20.7,40.306666666666665,0.2608695652173913,2026-02,avg_duration_by_zone_hour,True
200,Riverdale/North Riverdale/Fieldston,19,23,21.897826086956524,19.083333333333332,20.7,31.6,0.2608695652173913,2026-02,avg_duration_by_zone_hour,True
173,North Corona,14,27,35.94567901234568,27.583333333333332,38.6,78.95333333333336,0.25925925925925924,2026-02,avg_duration_by_zone_hour,True
34,Brooklyn Navy Yard,14,27,30.96481481481481,24.0,28.866666666666667,57.106666666666676,0.25925925925925924,2026-02,avg_duration_by_zone_hour,True
258,Woodhaven,20,27,23.04074074074074,17.55,27.883333333333333,44.69666666666667,0.25925925925925924,2026-02,avg_duration_by_zone_hour,True
73,East Flushing,16,12,41.30972222222223,33.65833333333333,42.81666666666667,58.91833333333334,0.25,2026-02,avg_duration_by_zone_hour,True
16,Bayside,13,12,36.70138888888889,27.575000000000003,35.86666666666667,49.233333333333334,0.25,2026-02,avg_duration_by_zone_hour,True
58,Country Club,9,4,36.275,39.025,33.8,42.47,0.25,2026-02,avg_duration_by_zone_hour,True
47,Claremont/Bathgate,10,24,35.761805555555554,30.141666666666666,35.916666666666664,61.059999999999995,0.25,2026-02,avg_duration_by_zone_hour,True
173,North Corona,11,16,34.895833333333336,34.28333333333333,33.56666666666667,60.84166666666667,0.25,2026-02,avg_duration_by_zone_hour,True
175,Oakland Gardens,17,8,34.21458333333334,35.925,36.35,51.08833333333333,0.25,2026-02,avg_duration_by_zone_hour,True
190,Prospect Park,5,4,33.35,23.558333333333334,23.483333333333334,57.855000000000004,0.25,2026-02,avg_duration_by_zone_hour,True
15,Bay Terrace/Fort Totten,14,4,32.62083333333333,37.34166666666667,38.6,50.14666666666667,0.25,2026-02,avg_duration_by_zone_hour,True
19,Bellerose,13,12,32.297222222222224,22.65,35.86666666666667,63.626666666666665,0.25,2026-02,avg_duration_by_zone_hour,True
173,North Corona,10,20,32.156666666666666,26.433333333333334,33.733333333333334,72.42333333333335,0.25,2026-02,avg_duration_by_zone_hour,True
98,Fresh Meadows,18,12,31.58888888888889,28.541666666666668,31.483333333333334,61.010000000000005,0.25,2026-02,avg_duration_by_zone_hour,True
9,Auburndale,7,20,30.805833333333332,19.358333333333334,30.4,73.34666666666668,0.25,2026-02,avg_duration_by_zone_hour,True
73,East Flushing,19,4,30.7125,26.608333333333334,30.15,46.41666666666667,0.25,2026-02,avg_duration_by_zone_hour,True
122,Hollis,19,8,30.577083333333334,28.733333333333334,30.15,47.98499999999999,0.25,2026-02,avg_duration_by_zone_hour,True
252,Whitestone,11,8,30.245833333333334,17.825000000000003,33.56666666666667,67.94333333333333,0.25,2026-02,avg_duration_by_zone_hour,True
191,Queens Village,19,28,29.801190476190474,28.825,30.15,52.49333333333334,0.25,2026-02,avg_duration_by_zone_hour,True
31,Bronx Park,15,4,29.7375,28.083333333333336,30.266666666666666,42.443333333333335,0.25,2026-02,avg_duration_by_zone_hour,True
139,Laurelton,19,16,28.972916666666666,25.55,30.15,54.79166666666667,0.25,2026-02,avg_duration_by_zone_hour,True
200,Riverdale/North Riverdale/Fieldston,5,8,28.71875,28.950000000000003,27.383333333333333,43.175,0.25,2026-02,avg_duration_by_zone_hour,True
93,Flushing Meadows-Corona Park,9,8,28.433333333333334,22.758333333333333,33.53333333333333,56.266666666666666,0.25,2026-02,avg_duration_by_zone_hour,True
101,Glen Oaks,19,12,28.318055555555556,26.225,30.15,45.375,0.25,2026-02,avg_duration_by_zone_hour,True
122,Hollis,11,12,27.529166666666665,17.308333333333334,33.56666666666667,64.66833333333334,0.25,2026-02,avg_duration_by_zone_hour,True
115,Grymes Hill/Clifton,7,8,27.29375,26.35,29.058333333333334,38.50833333333333,0.25,2026-02,avg_duration_by_zone_hour,True
96,Forest Park/Highland Park,5,4,26.979166666666664,13.516666666666666,20.25,60.665000000000006,0.25,2026-02,avg_duration_by_zone_hour,True
180,Ozone Park,19,24,26.820138888888888,27.625,30.15,43.52166666666667,0.25,2026-02,avg_duration_by_zone_hour,True
219,Springfield Gardens South,1,8,26.085416666666667,21.016666666666666,19.966666666666665,40.411666666666655,0.25,2026-02,avg_duration_by_zone_hour,True
221,Stapleton,6,4,23.808333333333334,22.933333333333334,24.791666666666664,38.465,0.25,2026-02,avg_duration_by_zone_hour,True
60,Crotona Park East,20,16,23.379166666666666,19.85,20.783333333333335,39.50833333333333,0.25,2026-02,avg_duration_by_zone_hour,True
254,Williamsbridge/Olinville,20,24,23.052777777777777,21.799999999999997,20.783333333333335,38.72,0.25,2026-02,avg_duration_by_zone_hour,True
219,Springfield Gardens South,0,20,22.225,23.841666666666665,21.433333333333334,30.786666666666676,0.25,2026-02,avg_duration_by_zone_hour,True
52,Cobble Hill,5,12,21.936111111111114,18.508333333333333,23.483333333333334,35.611666666666665,0.25,2026-02,avg_duration_by_zone_hour,True
252,Whitestone,6,12,21.71666666666667,16.858333333333334,26.34166666666667,43.84,0.25,2026-02,avg_duration_by_zone_hour,True
172,New Dorp/Midland Beach,17,4,21.670833333333334,23.875,21.200000000000003,29.55,0.25,2026-02,avg_duration_by_zone_hour,True
175,Oakland Gardens,0,4,21.629166666666666,19.3,21.433333333333334,29.87,0.25,2026-02,avg_duration_by_zone_hour,True
96,Forest Park/Highland Park,23,4,21.5875,9.975,22.466666666666665,44.043333333333344,0.25,2026-02,avg_duration_by_zone_hour,True
177,Ocean Hill,3,24,21.459722222222222,21.175,18.966666666666665,34.068333333333335,0.25,2026-02,avg_duration_by_zone_hour,True
20,Belmont,21,12,21.240277777777777,16.53333333333333,18.84166666666667,38.18666666666667,0.25,2026-02,avg_duration_by_zone_hour,True
172,New Dorp/Midland Beach,7,8,21.147916666666667,19.466666666666665,29.058333333333334,39.986666666666665,0.25,2026-02,avg_duration_by_zone_hour,True
218,Springfield Gardens North,2,4,21.06666666666667,16.433333333333334,17.541666666666668,34.355000000000004,0.25,2026-02,avg_duration_by_zone_hour,True
101,Glen Oaks,23,16,20.752083333333335,18.925,22.466666666666665,31.1,0.25,2026-02,avg_duration_by_zone_hour,True
93,Flushing Meadows-Corona Park,6,8,20.745833333333334,19.09166666666667,26.34166666666667,34.45,0.25,2026-02,avg_duration_by_zone_hour,True
191,Queens Village,1,4,20.491666666666667,21.541666666666664,19.966666666666665,30.516666666666666,0.25,2026-02,avg_duration_by_zone_hour,True
180,Ozone Park,2,8,20.2625,15.258333333333333,17.541666666666668,39.59166666666667,0.25,2026-02,avg_duration_by_zone_hour,True
47,Claremont/Bathgate,19,20,20.074166666666667,16.075,20.7,41.063333333333354,0.25,2026-02,avg_duration_by_zone_hour,True
190,Prospect Park,23,12,19.929166666666667,16.59166666666667,20.8,33.095000000000006,0.25,2026-02,avg_duration_by_zone_hour,True
15,Bay Terrace/Fort Totten,23,4,19.6625,17.916666666666668,22.466666666666665,28.045,0.25,2026-02,avg_duration_by_zone_hour,True
121,Hillcrest/Pomonok,0,8,19.639583333333334,14.5,21.433333333333334,35.595,0.25,2026-02,avg_duration_by_zone_hour,True
46,City Island,21,4,19.166666666666664,18.925,18.84166666666667,25.53,0.25,2026-02,avg_duration_by_zone_hour,True
265,Outside of NYC,0,12,18.93888888888889,8.566666666666666,14.591666666666667,34.755,0.25,2026-02,avg_duration_by_zone_hour,True
122,Hollis,3,4,18.820833333333333,18.975,16.966666666666665,23.816666666666666,0.25,2026-02,avg_duration_by_zone_hour,True
136,Kingsbridge Heights,21,16,18.815625,14.083333333333332,18.84166666666667,35.9,0.25,2026-02,avg_duration_by_zone_hour,True
213,Soundview/Castle Hill,0,8,18.44375,15.55,15.233333333333333,34.76333333333333,0.25,2026-02,avg_duration_by_zone_hour,True
21,Bensonhurst East,3,8,18.30625,15.266666666666666,18.966666666666665,30.534999999999997,0.25,2026-02,avg_duration_by_zone_hour,True
69,East Concourse/Concourse Village,0,16,18.009375,14.55,15.233333333333333,34.025,0.25,2026-02,avg_duration_by_zone_hour,True
150,Manhattan Beach,1,4,17.775,15.591666666666667,19.716666666666665,27.205000000000002,0.25,2026-02,avg_duration_by_zone_hour,True
207,Saint Michaels Cemetery/Woodside,23,8,17.7125,13.591666666666667,22.466666666666665,34.428333333333335,0.25,2026-02,avg_duration_by_zone_hour,True
248,West Farms/Bronx River,0,8,17.5125,14.016666666666666,15.233333333333333,27.735,0.25,2026-02,avg_duration_by_zone_hour,True
242,Van Nest/Morris Park,1,4,17.295833333333334,17.675,14.941666666666666,23.745,0.25,2026-02,avg_duration_by_zone_hour,True
160,Middle Village,5,16,17.252083333333335,16.083333333333336,20.25,28.84166666666667,0.25,2026-02,avg_duration_by_zone_hour,True
200,Riverdale/North Riverdale/Fieldston,2,4,17.129166666666666,14.641666666666666,14.05,24.578333333333337,0.25,2026-02,avg_duration_by_zone_hour,True
101,Glen Oaks,2,4,16.6625,19.241666666666667,17.541666666666668,23.171666666666667,0.25,2026-02,avg_duration_by_zone_hour,True
136,Kingsbridge Heights,23,24,16.445833333333333,13.283333333333333,15.791666666666668,28.211666666666662,0.25,2026-02,avg_duration_by_zone_hour,True
121,Hillcrest/Pomonok,1,4,15.95,15.983333333333334,19.966666666666665,26.3,0.25,2026-02,avg_duration_by_zone_hour,True
205,Saint Albans,2,4,15.591666666666667,10.408333333333333,17.541666666666668,25.405000000000005,0.25,2026-02,avg_duration_by_zone_hour,True
218,Springfield Gardens North,3,8,15.510416666666666,13.875,16.966666666666665,26.6,0.25,2026-02,avg_duration_by_zone_hour,True
119,Highbridge,2,8,15.470833333333333,12.891666666666667,14.05,28.50333333333333,0.25,2026-02,avg_duration_by_zone_hour,True
120,Highbridge Park,20,4,15.4,13.85,12.683333333333334,22.868333333333336,0.25,2026-02,avg_duration_by_zone_hour,True
185,Pelham Parkway,23,24,15.276388888888889,14.408333333333333,15.791666666666668,23.431666666666665,0.25,2026-02,avg_duration_by_zone_hour,True
220,Spuyten Duyvil/Kingsbridge,2,4,14.941666666666666,15.566666666666666,14.05,17.658333333333335,0.25,2026-02,avg_duration_by_zone_hour,True
220,Spuyten Duyvil/Kingsbridge,23,28,14.75297619047619,12.216666666666667,15.791666666666668,29.09,0.25,2026-02,avg_duration_by_zone_hour,True
119,Highbridge,23,16,14.74375,13.858333333333334,15.791666666666668,22.85,0.25,2026-02,avg_duration_by_zone_hour,True
28,Briarwood/Jamaica Hills,3,8,14.572916666666666,11.6,16.966666666666665,26.718333333333334,0.25,2026-02,avg_duration_by_zone_hour,True
150,Manhattan Beach,2,4,14.183333333333334,12.166666666666666,19.025,24.77166666666667,0.25,2026-02,avg_duration_by_zone_hour,True
3,Allerton/Pelham Gardens,22,8,13.49375,12.125,17.366666666666667,23.026666666666667,0.25,2026-02,avg_duration_by_zone_hour,True
47,Claremont/Bathgate,2,4,13.016666666666667,12.5,14.05,16.450000000000003,0.25,2026-02,avg_duration_by_zone_hour,True
43,Central Park,3,20,12.205,9.225,11.0,22.023333333333337,0.25,2026-02,avg_duration_by_zone_hour,True
1,Newark Airport,18,4,11.675,3.125,14.1,28.081666666666674,0.25,2026-02,avg_duration_by_zone_hour,True
171,Murray Hill-Queens,2,4,11.345833333333333,9.433333333333334,17.541666666666668,21.243333333333336,0.25,2026-02,avg_duration_by_zone_hour,True
134,Kew Gardens,3,4,11.083333333333332,9.233333333333334,16.966666666666665,19.615000000000002,0.25,2026-02,avg_duration_by_zone_hour,True
126,Hunts Point,11,29,34.9,26.966666666666665,36.05,67.05,0.2413793103448276,2026-02,avg_duration_by_zone_hour,True
136,Kingsbridge Heights,17,29,30.47241379310345,24.216666666666665,27.008333333333333,51.61666666666666,0.2413793103448276,2026-02,avg_duration_by_zone_hour,True
192,Queensboro Hill,7,29,29.102298850574712,20.45,30.4,60.56333333333333,0.2413793103448276,2026-02,avg_duration_by_zone_hour,True
122,Hollis,14,25,37.87266666666667,26.116666666666667,38.6,81.14333333333333,0.24,2026-02,avg_duration_by_zone_hour,True
67,Dyker Heights,17,25,30.194666666666667,24.85,25.575,65.60333333333335,0.24,2026-02,avg_duration_by_zone_hour,True
192,Queensboro Hill,17,25,29.586666666666666,15.65,36.35,72.31666666666668,0.24,2026-02,avg_duration_by_zone_hour,True
34,Brooklyn Navy Yard,16,25,25.398000000000003,19.733333333333334,27.583333333333332,42.25,0.24,2026-02,avg_duration_by_zone_hour,True
54,Columbia Street,17,25,24.621333333333332,22.966666666666665,25.575,39.61,0.24,2026-02,avg_duration_by_zone_hour,True
208,Schuylerville/Edgewater Park,15,21,34.18730158730159,25.883333333333333,30.266666666666666,63.31666666666667,0.23809523809523808,2026-02,avg_duration_by_zone_hour,True
101,Glen Oaks,17,21,32.53333333333334,28.1,36.35,73.5,0.23809523809523808,2026-02,avg_duration_by_zone_hour,True
53,College Point,13,17,35.40882352941177,26.733333333333334,35.86666666666667,83.07000000000001,0.23529411764705882,2026-02,avg_duration_by_zone_hour,True
16,Bayside,17,17,28.457843137254905,21.733333333333334,36.35,61.85,0.23529411764705882,2026-02,avg_duration_by_zone_hour,True
126,Hunts Point,21,17,22.545098039215684,16.783333333333335,18.84166666666667,33.79333333333334,0.23529411764705882,2026-02,avg_duration_by_zone_hour,True
54,Columbia Street,21,17,22.498039215686273,24.616666666666667,22.083333333333332,28.96,0.23529411764705882,2026-02,avg_duration_by_zone_hour,True
241,Van Cortlandt Village,4,17,20.12450980392157,14.266666666666667,19.833333333333332,28.35,0.23529411764705882,2026-02,avg_duration_by_zone_hour,True
190,Prospect Park,7,13,33.28974358974359,35.333333333333336,29.641666666666666,45.33666666666667,0.23076923076923078,2026-02,avg_duration_by_zone_hour,True
217,South Williamsburg,6,26,28.389102564102565,24.950000000000003,28.933333333333334,39.516666666666666,0.23076923076923078,2026-02,avg_duration_by_zone_hour,True
131,Jamaica Estates,20,13,25.18846153846154,25.116666666666667,27.883333333333333,44.32333333333334,0.23076923076923078,2026-02,avg_duration_by_zone_hour,True
94,Fordham South,20,13,23.476923076923075,19.45,20.783333333333335,43.31666666666667,0.23076923076923078,2026-02,avg_duration_by_zone_hour,True
47,Claremont/Bathgate,20,13,21.226923076923075,21.733333333333334,20.783333333333335,27.16,0.23076923076923078,2026-02,avg_duration_by_zone_hour,True
250,Westchester Village/Unionport,20,13,18.891025641025642,13.233333333333333,20.783333333333335,40.44000000000001,0.23076923076923078,2026-02,avg_duration_by_zone_hour,True
200,Riverdale/North Riverdale/Fieldston,22,13,16.9474358974359,14.283333333333333,17.366666666666667,25.343333333333337,0.23076923076923078,2026-02,avg_duration_by_zone_hour,True
212,Soundview/Bruckner,12,22,31.73939393939394,22.733333333333334,33.625,51.475000000000016,0.22727272727272727,2026-02,avg_duration_by_zone_hour,True
98,Fresh Meadows,22,22,27.08712121212121,20.675,24.516666666666666,48.81333333333334,0.22727272727272727,2026-02,avg_duration_by_zone_hour,True
34,Brooklyn Navy Yard,15,22,26.57348484848485,25.425,28.233333333333334,46.04166666666668,0.22727272727272727,2026-02,avg_duration_by_zone_hour,True
124,Howard Beach,15,27,34.59506172839506,24.816666666666666,41.333333333333336,69.41666666666669,0.2222222222222222,2026-02,avg_duration_by_zone_hour,True
19,Bellerose,16,18,34.528703703703705,35.791666666666664,42.81666666666667,71.28166666666667,0.2222222222222222,2026-02,avg_duration_by_zone_hour,True
64,Douglaston,15,9,34.416666666666664,25.4,41.333333333333336,63.720000000000006,0.2222222222222222,2026-02,avg_duration_by_zone_hour,True
250,Westchester Village/Unionport,10,27,34.35061728395062,31.216666666666665,35.916666666666664,55.65666666666667,0.2222222222222222,2026-02,avg_duration_by_zone_hour,True
124,Howard Beach,17,27,32.10864197530864,24.65,36.35,64.56000000000002,0.2222222222222222,2026-02,avg_duration_by_zone_hour,True
9,Auburndale,8,9,30.825925925925926,15.483333333333333,33.65,77.4,0.2222222222222222,2026-02,avg_duration_by_zone_hour,True
240,Van Cortlandt Park,10,9,29.620370370370367,25.466666666666665,35.916666666666664,50.79666666666667,0.2222222222222222,2026-02,avg_duration_by_zone_hour,True
64,Douglaston,18,9,27.22407407407407,18.166666666666668,31.483333333333334,48.64000000000001,0.2222222222222222,2026-02,avg_duration_by_zone_hour,True
54,Columbia Street,6,9,26.181481481481484,23.666666666666668,28.933333333333334,46.233333333333334,0.2222222222222222,2026-02,avg_duration_by_zone_hour,True
203,Rosedale,18,18,25.489814814814814,22.6,31.483333333333334,51.075,0.2222222222222222,2026-02,avg_duration_by_zone_hour,True
98,Fresh Meadows,19,9,22.8462962962963,18.166666666666668,30.15,41.153333333333336,0.2222222222222222,2026-02,avg_duration_by_zone_hour,True
149,Madison,21,18,19.687037037037037,16.183333333333334,22.083333333333332,34.73666666666667,0.2222222222222222,2026-02,avg_duration_by_zone_hour,True
119,Highbridge,21,18,19.307407407407407,17.708333333333336,18.84166666666667,36.275,0.2222222222222222,2026-02,avg_duration_by_zone_hour,True
185,Pelham Parkway,0,9,19.275925925925925,17.25,15.233333333333333,27.020000000000003,0.2222222222222222,2026-02,avg_duration_by_zone_hour,True
258,Woodhaven,0,18,18.54074074074074,17.725,21.433333333333334,30.858333333333334,0.2222222222222222,2026-02,avg_duration_by_zone_hour,True
92,Flushing,3,27,15.785185185185185,16.616666666666667,16.966666666666665,22.866666666666674,0.2222222222222222,2026-02,avg_duration_by_zone_hour,True
6,Arrochar/Fort Wadsworth,16,9,14.712962962962962,15.2,15.233333333333333,20.6,0.2222222222222222,2026-02,avg_duration_by_zone_hour,True
149,Madison,0,9,14.514814814814814,13.65,20.2,26.44333333333333,0.2222222222222222,2026-02,avg_duration_by_zone_hour,True
182,Parkchester,0,9,14.472222222222221,13.733333333333333,15.233333333333333,21.756666666666668,0.2222222222222222,2026-02,avg_duration_by_zone_hour,True
212,Soundview/Bruckner,3,9,11.687037037037037,10.166666666666666,16.46666666666667,21.353333333333335,0.2222222222222222,2026-02,avg_duration_by_zone_hour,True
178,Ocean Parkway South,15,23,26.44782608695652,20.116666666666667,28.233333333333334,60.51333333333334,0.21739130434782608,2026-02,avg_duration_by_zone_hour,True
35,Brownsville,0,23,22.045652173913044,14.25,20.2,46.93333333333334,0.21739130434782608,2026-02,avg_duration_by_zone_hour,True
106,Gowanus,4,23,20.270289855072466,21.333333333333332,19.583333333333332,30.873333333333335,0.21739130434782608,2026-02,avg_duration_by_zone_hour,True
71,East Flatbush/Farragut,0,23,19.171739130434784,18.116666666666667,20.2,34.41666666666667,0.21739130434782608,2026-02,avg_duration_by_zone_hour,True
26,Borough Park,22,23,16.517391304347825,12.55,21.416666666666668,32.306666666666665,0.21739130434782608,2026-02,avg_duration_by_zone_hour,True
223,Steinway,2,23,16.244927536231884,15.2,17.541666666666668,24.663333333333334,0.21739130434782608,2026-02,avg_duration_by_zone_hour,True
175,Oakland Gardens,16,14,38.12619047619047,36.40833333333333,42.81666666666667,66.24166666666667,0.21428571428571427,2026-02,avg_duration_by_zone_hour,True
183,Pelham Bay,17,14,29.932142857142857,23.6,27.008333333333333,60.69833333333335,0.21428571428571427,2026-02,avg_duration_by_zone_hour,True
150,Manhattan Beach,19,14,27.37857142857143,21.025,22.833333333333332,33.175000000000004,0.21428571428571427,2026-02,avg_duration_by_zone_hour,True
219,Springfield Gardens South,18,28,26.59047619047619,25.15833333333333,31.483333333333334,45.05000000000001,0.21428571428571427,2026-02,avg_duration_by_zone_hour,True
169,Mount Hope,5,28,22.510119047619046,17.616666666666667,27.383333333333333,43.33166666666667,0.21428571428571427,2026-02,avg_duration_by_zone_hour,True
134,Kew Gardens,19,28,21.654761904761905,15.075,30.15,42.57166666666667,0.21428571428571427,2026-02,avg_duration_by_zone_hour,True
190,Prospect Park,22,14,19.527380952380952,18.558333333333334,21.416666666666668,33.02666666666667,0.21428571428571427,2026-02,avg_duration_by_zone_hour,True
252,Whitestone,23,14,19.42142857142857,18.03333333333333,22.466666666666665,35.595000000000006,0.21428571428571427,2026-02,avg_duration_by_zone_hour,True
217,South Williamsburg,0,28,18.699404761904763,20.725,20.2,28.678333333333335,0.21428571428571427,2026-02,avg_duration_by_zone_hour,True
119,Highbridge,22,14,16.40952380952381,17.31666666666667,17.366666666666667,25.836666666666666,0.21428571428571427,2026-02,avg_duration_by_zone_hour,True
193,Queensbridge/Ravenswood,3,14,15.163095238095238,17.93333333333333,16.966666666666665,21.86,0.21428571428571427,2026-02,avg_duration_by_zone_hour,True
135,Kew Gardens Hills,12,19,34.12017543859649,28.416666666666668,33.38333333333333,62.89666666666666,0.21052631578947367,2026-02,avg_duration_by_zone_hour,True
210,Sheepshead Bay,23,19,20.19561403508772,20.033333333333335,20.8,33.22,0.21052631578947367,2026-02,avg_duration_by_zone_hour,True
150,Manhattan Beach,23,19,19.303508771929824,14.7,20.8,35.673333333333325,0.21052631578947367,2026-02,avg_duration_by_zone_hour,True
173,North Corona,3,19,14.985964912280702,12.0,16.966666666666665,31.766666666666666,0.21052631578947367,2026-02,avg_duration_by_zone_hour,True
119,Highbridge,15,24,29.281944444444445,22.541666666666668,30.266666666666666,53.05499999999999,0.20833333333333334,2026-02,avg_duration_by_zone_hour,True
28,Briarwood/Jamaica Hills,20,24,24.027777777777775,19.558333333333334,27.883333333333333,44.044999999999995,0.20833333333333334,2026-02,avg_duration_by_zone_hour,True
133,Kensington,21,24,22.169444444444448,22.049999999999997,22.083333333333332,33.16,0.20833333333333334,2026-02,avg_duration_by_zone_hour,True
157,Maspeth,1,24,20.34236111111111,21.141666666666666,19.966666666666665,30.139999999999997,0.20833333333333334,2026-02,avg_duration_by_zone_hour,True
66,DUMBO/Vinegar Hill,4,24,20.228472222222223,17.925,19.583333333333332,25.91,0.20833333333333334,2026-02,avg_duration_by_zone_hour,True
95,Forest Hills,2,24,16.315277777777776,16.6,17.541666666666668,26.58333333333333,0.20833333333333334,2026-02,avg_duration_by_zone_hour,True
124,Howard Beach,23,29,20.209195402298853,20.283333333333335,22.466666666666665,30.706666666666663,0.20689655172413793,2026-02,avg_duration_by_zone_hour,True
235,University Heights/Morris Heights,22,29,16.606896551724137,16.716666666666665,17.366666666666667,23.786666666666665,0.20689655172413793,2026-02,avg_duration_by_zone_hour,True
64,Douglaston,17,5,35.60333333333334,40.583333333333336,36.35,53.836666666666666,0.2,2026-02,avg_duration_by_zone_hour,True
253,Willets Point,16,5,34.593333333333334,28.0,42.81666666666667,56.70333333333333,0.2,2026-02,avg_duration_by_zone_hour,True
183,Pelham Bay,10,10,33.78,33.358333333333334,35.916666666666664,76.96666666666667,0.2,2026-02,avg_duration_by_zone_hour,True
101,Glen Oaks,15,10,32.92666666666666,28.791666666666664,41.333333333333336,60.019999999999996,0.2,2026-02,avg_duration_by_zone_hour,True
252,Whitestone,16,15,31.796666666666667,18.2,42.81666666666667,56.973333333333336,0.2,2026-02,avg_duration_by_zone_hour,True
60,Crotona Park East,5,25,29.484666666666666,17.75,27.383333333333333,65.49333333333334,0.2,2026-02,avg_duration_by_zone_hour,True
98,Fresh Meadows,14,15,29.07777777777778,27.933333333333334,38.6,59.526666666666664,0.2,2026-02,avg_duration_by_zone_hour,True
53,College Point,17,10,28.68333333333333,27.7,36.35,49.843333333333334,0.2,2026-02,avg_duration_by_zone_hour,True
172,New Dorp/Midland Beach,8,5,27.75,26.55,29.85,40.20333333333333,0.2,2026-02,avg_duration_by_zone_hour,True
190,Prospect Park,11,15,27.263333333333332,23.133333333333333,28.85,44.919999999999995,0.2,2026-02,avg_duration_by_zone_hour,True
214,South Beach/Dongan Hills,7,5,27.023333333333333,32.0,29.058333333333334,37.346666666666664,0.2,2026-02,avg_duration_by_zone_hour,True
38,Cambria Heights,13,15,26.835555555555555,17.616666666666667,35.86666666666667,61.17,0.2,2026-02,avg_duration_by_zone_hour,True
34,Brooklyn Navy Yard,8,5,26.473333333333336,24.083333333333332,29.55,43.833333333333336,0.2,2026-02,avg_duration_by_zone_hour,True
3,Allerton/Pelham Gardens,18,15,24.545555555555556,20.133333333333333,23.225,45.653333333333336,0.2,2026-02,avg_duration_by_zone_hour,True
121,Hillcrest/Pomonok,22,20,24.432499999999997,18.958333333333336,24.516666666666666,47.15166666666667,0.2,2026-02,avg_duration_by_zone_hour,True
258,Woodhaven,21,20,24.1475,23.191666666666666,24.983333333333334,39.368333333333354,0.2,2026-02,avg_duration_by_zone_hour,True
149,Madison,22,10,24.083333333333336,21.90833333333333,21.416666666666668,48.41833333333333,0.2,2026-02,avg_duration_by_zone_hour,True
98,Fresh Meadows,12,10,23.72833333333333,18.116666666666667,33.38333333333333,45.23833333333333,0.2,2026-02,avg_duration_by_zone_hour,True
259,Woodlawn/Wakefield,3,5,23.130000000000003,18.0,16.46666666666667,41.25,0.2,2026-02,avg_duration_by_zone_hour,True
131,Jamaica Estates,21,15,22.77111111111111,16.55,24.983333333333334,43.00666666666667,0.2,2026-02,avg_duration_by_zone_hour,True
171,Murray Hill-Queens,20,15,22.50222222222222,22.8,27.883333333333333,37.20333333333333,0.2,2026-02,avg_duration_by_zone_hour,True
221,Stapleton,17,5,22.483333333333334,15.733333333333333,21.200000000000003,44.78333333333334,0.2,2026-02,avg_duration_by_zone_hour,True
213,Soundview/Castle Hill,3,5,22.113333333333333,12.85,16.46666666666667,43.13,0.2,2026-02,avg_duration_by_zone_hour,True
240,Van Cortlandt Park,17,5,22.080000000000002,20.916666666666668,27.008333333333333,31.80333333333333,0.2,2026-02,avg_duration_by_zone_hour,True
53,College Point,5,10,21.755000000000003,21.108333333333334,20.25,33.654999999999994,0.2,2026-02,avg_duration_by_zone_hour,True
29,Brighton Beach,20,15,21.67111111111111,19.283333333333335,22.833333333333332,40.91333333333333,0.2,2026-02,avg_duration_by_zone_hour,True
218,Springfield Gardens North,22,25,21.659333333333333,19.633333333333333,24.516666666666666,36.45666666666667,0.2,2026-02,avg_duration_by_zone_hour,True
178,Ocean Parkway South,18,20,21.075833333333332,18.608333333333334,23.816666666666666,36.576666666666675,0.2,2026-02,avg_duration_by_zone_hour,True
171,Murray Hill-Queens,1,5,20.96333333333333,16.083333333333332,19.966666666666665,31.890000000000004,0.2,2026-02,avg_duration_by_zone_hour,True
93,Flushing Meadows-Corona Park,0,15,20.793333333333333,18.616666666666667,21.433333333333334,32.18333333333333,0.2,2026-02,avg_duration_by_zone_hour,True
150,Manhattan Beach,22,10,20.689999999999998,14.741666666666667,21.416666666666668,44.79666666666665,0.2,2026-02,avg_duration_by_zone_hour,True
39,Canarsie,3,15,20.45111111111111,18.666666666666668,18.966666666666665,42.473333333333336,0.2,2026-02,avg_duration_by_zone_hour,True
54,Columbia Street,5,5,19.836666666666666,18.383333333333333,23.483333333333334,28.220000000000002,0.2,2026-02,avg_duration_by_zone_hour,True
242,Van Nest/Morris Park,21,15,19.767777777777777,16.533333333333335,18.84166666666667,30.0,0.2,2026-02,avg_duration_by_zone_hour,True
47,Claremont/Bathgate,3,5,19.380000000000003,13.116666666666667,16.46666666666667,32.43666666666667,0.2,2026-02,avg_duration_by_zone_hour,True
171,Murray Hill-Queens,0,10,19.311666666666667,16.683333333333334,21.433333333333334,30.14666666666667,0.2,2026-02,avg_duration_by_zone_hour,True
193,Queensbridge/Ravenswood,1,15,18.94222222222222,18.75,19.966666666666665,28.51,0.2,2026-02,avg_duration_by_zone_hour,True
240,Van Cortlandt Park,12,5,18.72,13.766666666666667,33.625,37.74666666666667,0.2,2026-02,avg_duration_by_zone_hour,True
19,Bellerose,20,10,18.543333333333333,16.075,27.883333333333333,36.278333333333336,0.2,2026-02,avg_duration_by_zone_hour,True
122,Hollis,23,10,18.438333333333333,19.09166666666667,22.466666666666665,28.56,0.2,2026-02,avg_duration_by_zone_hour,True
149,Madison,23,10,18.216666666666665,10.55,20.8,39.11,0.2,2026-02,avg_duration_by_zone_hour,True
175,Oakland Gardens,23,5,18.119999999999997,17.883333333333333,22.466666666666665,28.55,0.2,2026-02,avg_duration_by_zone_hour,True
64,Douglaston,23,10,17.65,16.358333333333334,22.466666666666665,32.165,0.2,2026-02,avg_duration_by_zone_hour,True
178,Ocean Parkway South,5,5,17.52,10.366666666666667,23.483333333333334,34.02333333333334,0.2,2026-02,avg_duration_by_zone_hour,True
217,South Williamsburg,1,15,17.316666666666666,18.65,19.716666666666665,26.67,0.2,2026-02,avg_duration_by_zone_hour,True
108,Gravesend,3,5,17.293333333333333,16.833333333333332,18.966666666666665,26.256666666666668,0.2,2026-02,avg_duration_by_zone_hour,True
11,Bath Beach,20,5,17.253333333333334,12.15,22.833333333333332,32.303333333333335,0.2,2026-02,avg_duration_by_zone_hour,True
203,Rosedale,0,10,17.119999999999997,13.108333333333333,21.433333333333334,29.45499999999999,0.2,2026-02,avg_duration_by_zone_hour,True
123,Homecrest,0,10,16.77,10.633333333333333,20.2,34.879999999999995,0.2,2026-02,avg_duration_by_zone_hour,True
138,LaGuardia Airport,5,15,16.365555555555556,14.516666666666667,20.25,27.553333333333335,0.2,2026-02,avg_duration_by_zone_hour,True
147,Longwood,3,5,16.236666666666668,14.683333333333334,16.46666666666667,24.256666666666668,0.2,2026-02,avg_duration_by_zone_hour,True
201,Rockaway Park,0,5,15.646666666666667,11.216666666666667,21.433333333333334,27.973333333333336,0.2,2026-02,avg_duration_by_zone_hour,True
34,Brooklyn Navy Yard,1,5,15.37,16.45,19.716666666666665,25.406666666666666,0.2,2026-02,avg_duration_by_zone_hour,True
196,Rego Park,3,15,15.252222222222223,13.533333333333333,16.966666666666665,21.736666666666665,0.2,2026-02,avg_duration_by_zone_hour,True
159,Melrose South,1,5,15.173333333333336,17.416666666666668,14.941666666666666,18.46,0.2,2026-02,avg_duration_by_zone_hour,True
118,Heartland Village/Todt Hill,15,5,15.156666666666666,15.8,15.65,21.830000000000002,0.2,2026-02,avg_duration_by_zone_hour,True
159,Melrose South,3,10,14.833333333333334,13.8,16.46666666666667,25.604999999999997,0.2,2026-02,avg_duration_by_zone_hour,True
58,Country Club,23,5,14.73333333333333,14.416666666666666,15.791666666666668,21.28333333333333,0.2,2026-02,avg_duration_by_zone_hour,True
67,Dyker Heights,23,10,14.173333333333332,13.2,20.8,26.983333333333334,0.2,2026-02,avg_duration_by_zone_hour,True
18,Bedford Park,0,10,14.128333333333334,12.216666666666667,15.233333333333333,22.47,0.2,2026-02,avg_duration_by_zone_hour,True
93,Flushing Meadows-Corona Park,4,5,14.046666666666667,12.916666666666666,17.4,20.43,0.2,2026-02,avg_duration_by_zone_hour,True
126,Hunts Point,2,5,12.4,15.1,14.05,17.946666666666665,0.2,2026-02,avg_duration_by_zone_hour,True
178,Ocean Parkway South,21,5,12.276666666666667,6.633333333333334,22.083333333333332,26.163333333333334,0.2,2026-02,avg_duration_by_zone_hour,True
160,Middle Village,2,5,12.126666666666665,7.616666666666666,17.541666666666668,24.286666666666665,0.2,2026-02,avg_duration_by_zone_hour,True
241,Van Cortlandt Village,3,5,12.0,10.366666666666667,16.46666666666667,22.650000000000002,0.2,2026-02,avg_duration_by_zone_hour,True
191,Queens Village,2,5,11.746666666666666,9.083333333333334,17.541666666666668,19.62,0.2,2026-02,avg_duration_by_zone_hour,True
190,Prospect Park,16,26,28.082692307692305,29.09166666666667,27.583333333333332,38.61666666666667,0.19230769230769232,2026-02,avg_duration_by_zone_hour,True
131,Jamaica Estates,19,26,23.08782051282051,18.15833333333333,30.15,42.99166666666666,0.19230769230769232,2026-02,avg_duration_by_zone_hour,True
191,Queens Village,20,21,24.227777777777778,18.216666666666665,27.883333333333333,48.56666666666667,0.19047619047619047,2026-02,avg_duration_by_zone_hour,True
190,Prospect Park,18,21,18.375396825396827,13.3,23.816666666666666,37.85,0.19047619047619047,2026-02,avg_duration_by_zone_hour,True
72,East Flatbush/Remsen Village,0,21,17.306349206349207,14.433333333333334,20.2,27.266666666666666,0.19047619047619047,2026-02,avg_duration_by_zone_hour,True
70,East Elmhurst,2,21,16.41190476190476,13.983333333333333,17.541666666666668,29.816666666666666,0.19047619047619047,2026-02,avg_duration_by_zone_hour,True
16,Bayside,16,16,36.427083333333336,17.183333333333334,42.81666666666667,83.65833333333333,0.1875,2026-02,avg_duration_by_zone_hour,True
190,Prospect Park,14,16,32.68958333333333,28.925,28.866666666666667,46.03333333333333,0.1875,2026-02,avg_duration_by_zone_hour,True
122,Hollis,15,16,31.283333333333335,24.40833333333333,41.333333333333336,65.475,0.1875,2026-02,avg_duration_by_zone_hour,True
173,North Corona,12,16,28.471875,22.833333333333332,33.38333333333333,53.41666666666667,0.1875,2026-02,avg_duration_by_zone_hour,True
150,Manhattan Beach,9,16,27.977083333333333,21.475,28.0,37.208333333333336,0.1875,2026-02,avg_duration_by_zone_hour,True
93,Flushing Meadows-Corona Park,19,16,23.40833333333333,21.625,30.15,38.291666666666664,0.1875,2026-02,avg_duration_by_zone_hour,True
78,East Tremont,0,16,14.085416666666667,12.716666666666667,15.233333333333333,21.09166666666667,0.1875,2026-02,avg_duration_by_zone_hour,True
102,Glendale,22,27,19.879012345679012,19.9,24.516666666666666,32.13,0.18518518518518517,2026-02,avg_duration_by_zone_hour,True
250,Westchester Village/Unionport,22,27,17.75493827160494,13.6,17.366666666666667,40.04333333333334,0.18518518518518517,2026-02,avg_duration_by_zone_hour,True
179,Old Astoria,2,27,15.082716049382716,16.616666666666667,17.541666666666668,25.456666666666667,0.18518518518518517,2026-02,avg_duration_by_zone_hour,True
93,Flushing Meadows-Corona Park,8,11,37.628787878787875,30.85,33.65,78.16666666666667,0.18181818181818182,2026-02,avg_duration_by_zone_hour,True
192,Queensboro Hill,8,22,27.687121212121212,26.991666666666667,33.65,44.428333333333335,0.18181818181818182,2026-02,avg_duration_by_zone_hour,True
122,Hollis,18,11,27.58030303030303,24.716666666666665,31.483333333333334,42.81666666666667,0.18181818181818182,2026-02,avg_duration_by_zone_hour,True
16,Bayside,11,11,25.87272727272727,24.133333333333333,33.56666666666667,49.38333333333333,0.18181818181818182,2026-02,avg_duration_by_zone_hour,True
135,Kew Gardens Hills,21,22,23.74318181818182,20.174999999999997,24.983333333333334,41.62666666666669,0.18181818181818182,2026-02,avg_duration_by_zone_hour,True
54,Columbia Street,16,22,22.53181818181818,18.333333333333332,27.583333333333332,35.836666666666666,0.18181818181818182,2026-02,avg_duration_by_zone_hour,True
98,Fresh Meadows,21,11,21.48030303030303,20.933333333333334,24.983333333333334,34.016666666666666,0.18181818181818182,2026-02,avg_duration_by_zone_hour,True
210,Sheepshead Bay,21,22,20.975757575757573,16.766666666666666,22.083333333333332,33.75333333333334,0.18181818181818182,2026-02,avg_duration_by_zone_hour,True
56,Corona,0,22,19.32348484848485,17.641666666666666,21.433333333333334,33.39333333333334,0.18181818181818182,2026-02,avg_duration_by_zone_hour,True
54,Columbia Street,22,22,18.825,18.741666666666667,21.416666666666668,28.950000000000006,0.18181818181818182,2026-02,avg_duration_by_zone_hour,True
131,Jamaica Estates,1,11,16.916666666666668,13.0,19.966666666666665,24.966666666666665,0.18181818181818182,2026-02,avg_duration_by_zone_hour,True
126,Hunts Point,22,11,15.393939393939393,10.35,17.366666666666667,30.533333333333335,0.18181818181818182,2026-02,avg_duration_by_zone_hour,True
126,Hunts Point,0,11,15.104545454545455,14.716666666666667,15.233333333333333,21.033333333333335,0.18181818181818182,2026-02,avg_duration_by_zone_hour,True
56,Corona,3,11,14.075757575757576,12.266666666666667,16.966666666666665,21.7,0.18181818181818182,2026-02,avg_duration_by_zone_hour,True
235,University Heights/Morris Heights,0,11,13.166666666666668,13.566666666666666,15.233333333333333,20.15,0.18181818181818182,2026-02,avg_duration_by_zone_hour,True
54,Columbia Street,18,28,23.442857142857143,24.141666666666666,23.816666666666666,32.82666666666667,0.17857142857142858,2026-02,avg_duration_by_zone_hour,True
121,Hillcrest/Pomonok,23,28,21.616666666666667,20.166666666666664,22.466666666666665,34.15833333333333,0.17857142857142858,2026-02,avg_duration_by_zone_hour,True
20,Belmont,10,17,32.1764705882353,25.866666666666667,35.916666666666664,54.14333333333334,0.17647058823529413,2026-02,avg_duration_by_zone_hour,True
19,Bellerose,17,17,31.02058823529412,23.433333333333334,36.35,61.50666666666668,0.17647058823529413,2026-02,avg_duration_by_zone_hour,True
16,Bayside,20,17,26.261764705882353,23.483333333333334,27.883333333333333,42.62,0.17647058823529413,2026-02,avg_duration_by_zone_hour,True
183,Pelham Bay,19,17,19.46078431372549,19.05,20.7,32.32,0.17647058823529413,2026-02,avg_duration_by_zone_hour,True
208,Schuylerville/Edgewater Park,21,17,16.101960784313725,15.7,18.84166666666667,24.466666666666665,0.17647058823529413,2026-02,avg_duration_by_zone_hour,True
119,Highbridge,0,17,15.165686274509804,12.916666666666666,15.233333333333333,25.450000000000003,0.17647058823529413,2026-02,avg_duration_by_zone_hour,True
93,Flushing Meadows-Corona Park,15,23,34.992753623188406,28.633333333333333,41.333333333333336,77.97666666666667,0.17391304347826086,2026-02,avg_duration_by_zone_hour,True
250,Westchester Village/Unionport,12,23,24.83695652173913,20.65,33.625,47.88,0.17391304347826086,2026-02,avg_duration_by_zone_hour,True
135,Kew Gardens Hills,19,23,23.45072463768116,19.433333333333334,30.15,46.256666666666675,0.17391304347826086,2026-02,avg_duration_by_zone_hour,True
247,West Concourse,4,23,18.497101449275362,15.666666666666666,19.833333333333332,36.70666666666667,0.17391304347826086,2026-02,avg_duration_by_zone_hour,True
192,Queensboro Hill,14,12,47.06111111111111,40.375,38.6,109.71833333333336,0.16666666666666666,2026-02,avg_duration_by_zone_hour,True
73,East Flushing,15,6,33.983333333333334,31.375,41.333333333333336,57.68333333333334,0.16666666666666666,2026-02,avg_duration_by_zone_hour,True
207,Saint Michaels Cemetery/Woodside,15,6,29.272222222222222,25.608333333333334,41.333333333333336,44.733333333333334,0.16666666666666666,2026-02,avg_duration_by_zone_hour,True
207,Saint Michaels Cemetery/Woodside,17,12,29.25277777777778,28.25,36.35,46.16666666666667,0.16666666666666666,2026-02,avg_duration_by_zone_hour,True
257,Windsor Terrace,5,18,27.772222222222222,21.45,23.483333333333334,67.39666666666668,0.16666666666666666,2026-02,avg_duration_by_zone_hour,True
19,Bellerose,12,12,27.704166666666666,21.625,33.38333333333333,50.025000000000006,0.16666666666666666,2026-02,avg_duration_by_zone_hour,True
38,Cambria Heights,20,6,27.26111111111111,18.45,27.883333333333333,48.291666666666664,0.16666666666666666,2026-02,avg_duration_by_zone_hour,True
252,Whitestone,18,12,26.758333333333336,24.958333333333336,31.483333333333334,43.968333333333334,0.16666666666666666,2026-02,avg_duration_by_zone_hour,True
165,Midwood,21,24,26.20763888888889,18.766666666666666,22.083333333333332,30.49833333333333,0.16666666666666666,2026-02,avg_duration_by_zone_hour,True
73,East Flushing,20,6,26.11111111111111,28.333333333333336,27.883333333333333,35.50833333333333,0.16666666666666666,2026-02,avg_duration_by_zone_hour,True
66,DUMBO/Vinegar Hill,3,18,25.96851851851852,18.416666666666664,18.966666666666665,25.153333333333336,0.16666666666666666,2026-02,avg_duration_by_zone_hour,True
9,Auburndale,17,6,25.936111111111114,19.625,36.35,52.45,0.16666666666666666,2026-02,avg_duration_by_zone_hour,True
93,Flushing Meadows-Corona Park,11,12,25.515277777777772,14.875,33.56666666666667,51.18000000000001,0.16666666666666666,2026-02,avg_duration_by_zone_hour,True
20,Belmont,4,6,24.20277777777778,19.241666666666667,19.833333333333332,40.041666666666664,0.16666666666666666,2026-02,avg_duration_by_zone_hour,True
136,Kingsbridge Heights,19,18,23.961111111111112,19.725,20.7,47.27,0.16666666666666666,2026-02,avg_duration_by_zone_hour,True
124,Howard Beach,18,24,23.51111111111111,19.291666666666668,31.483333333333334,46.41833333333333,0.16666666666666666,2026-02,avg_duration_by_zone_hour,True
93,Flushing Meadows-Corona Park,10,6,23.213888888888892,16.941666666666666,33.733333333333334,49.05833333333334,0.16666666666666666,2026-02,avg_duration_by_zone_hour,True
38,Cambria Heights,23,12,22.884722222222223,19.833333333333332,22.466666666666665,39.66666666666667,0.16666666666666666,2026-02,avg_duration_by_zone_hour,True
64,Douglaston,11,6,22.052777777777777,21.2,33.56666666666667,35.68333333333333,0.16666666666666666,2026-02,avg_duration_by_zone_hour,True
64,Douglaston,21,6,20.105555555555558,20.2,24.983333333333334,27.491666666666667,0.16666666666666666,2026-02,avg_duration_by_zone_hour,True
54,Columbia Street,4,6,19.983333333333334,18.35,19.583333333333332,27.875,0.16666666666666666,2026-02,avg_duration_by_zone_hour,True
54,Columbia Street,20,18,19.868518518518517,19.95,22.833333333333332,30.936666666666667,0.16666666666666666,2026-02,avg_duration_by_zone_hour,True
52,Cobble Hill,4,6,19.602777777777778,18.883333333333333,19.583333333333332,31.608333333333334,0.16666666666666666,2026-02,avg_duration_by_zone_hour,True
19,Bellerose,0,18,19.02314814814815,20.433333333333334,21.433333333333334,32.98833333333334,0.16666666666666666,2026-02,avg_duration_by_zone_hour,True
29,Brighton Beach,0,12,18.086111111111112,16.941666666666666,20.2,27.955000000000002,0.16666666666666666,2026-02,avg_duration_by_zone_hour,True
19,Bellerose,23,24,17.872916666666665,14.883333333333333,22.466666666666665,29.99833333333333,0.16666666666666666,2026-02,avg_duration_by_zone_hour,True
78,East Tremont,3,6,17.61111111111111,15.45,16.46666666666667,24.866666666666667,0.16666666666666666,2026-02,avg_duration_by_zone_hour,True
242,Van Nest/Morris Park,3,6,17.058333333333334,17.0,16.46666666666667,22.05,0.16666666666666666,2026-02,avg_duration_by_zone_hour,True
248,West Farms/Bronx River,3,12,16.416666666666668,14.866666666666667,16.46666666666667,27.07166666666667,0.16666666666666666,2026-02,avg_duration_by_zone_hour,True
154,Marine Park/Floyd Bennett Field,9,6,15.180555555555555,10.925,28.0,30.69166666666667,0.16666666666666666,2026-02,avg_duration_by_zone_hour,True
169,Mount Hope,3,12,15.120833333333332,13.658333333333335,16.46666666666667,23.385,0.16666666666666666,2026-02,avg_duration_by_zone_hour,True
136,Kingsbridge Heights,1,6,14.930555555555557,15.491666666666667,14.941666666666666,22.325000000000003,0.16666666666666666,2026-02,avg_duration_by_zone_hour,True
56,Corona,2,6,14.450000000000001,14.5,17.541666666666668,23.03333333333333,0.16666666666666666,2026-02,avg_duration_by_zone_hour,True
28,Briarwood/Jamaica Hills,1,6,13.777777777777779,11.933333333333334,19.966666666666665,23.15,0.16666666666666666,2026-02,avg_duration_by_zone_hour,True
248,West Farms/Bronx River,1,6,13.575000000000001,12.350000000000001,14.941666666666666,18.158333333333335,0.16666666666666666,2026-02,avg_duration_by_zone_hour,True
22,Bensonhurst West,0,12,13.429166666666667,10.533333333333333,20.2,26.166666666666668,0.16666666666666666,2026-02,avg_duration_by_zone_hour,True
6,Arrochar/Fort Wadsworth,23,6,9.46111111111111,10.616666666666667,13.916666666666666,15.675,0.16666666666666666,2026-02,avg_duration_by_zone_hour,True
265,Outside of NYC,2,6,4.591666666666667,3.0583333333333336,9.266666666666667,9.558333333333334,0.16666666666666666,2026-02,avg_duration_by_zone_hour,True
60,Crotona Park East,15,25,27.97266666666667,25.033333333333335,30.266666666666666,44.223333333333336,0.16,2026-02,avg_duration_by_zone_hour,True
248,West Farms/Bronx River,18,25,21.54133333333333,21.1,23.225,34.00000000000001,0.16,2026-02,avg_duration_by_zone_hour,True
179,Old Astoria,1,25,15.632,16.733333333333334,19.966666666666665,25.21666666666667,0.16,2026-02,avg_duration_by_zone_hour,True
19,Bellerose,18,19,31.25526315789474,27.816666666666666,31.483333333333334,58.00666666666667,0.15789473684210525,2026-02,avg_duration_by_zone_hour,True
135,Kew Gardens Hills,23,19,18.893859649122806,17.883333333333333,22.466666666666665,29.446666666666662,0.15789473684210525,2026-02,avg_duration_by_zone_hour,True
180,Ozone Park,21,19,17.600877192982455,15.883333333333333,24.983333333333334,33.98333333333333,0.15789473684210525,2026-02,avg_duration_by_zone_hour,True
192,Queensboro Hill,15,13,32.294871794871796,30.2,41.333333333333336,51.510000000000005,0.15384615384615385,2026-02,avg_duration_by_zone_hour,True
98,Fresh Meadows,17,13,29.392307692307693,21.316666666666666,36.35,51.496666666666684,0.15384615384615385,2026-02,avg_duration_by_zone_hour,True
192,Queensboro Hill,22,13,24.653846153846153,18.983333333333334,24.516666666666666,48.75666666666668,0.15384615384615385,2026-02,avg_duration_by_zone_hour,True
53,College Point,10,13,23.98717948717949,18.116666666666667,33.733333333333334,43.28333333333334,0.15384615384615385,2026-02,avg_duration_by_zone_hour,True
183,Pelham Bay,20,13,23.743589743589745,19.233333333333334,20.783333333333335,26.156666666666666,0.15384615384615385,2026-02,avg_duration_by_zone_hour,True
160,Middle Village,21,13,22.126923076923074,20.033333333333335,24.983333333333334,36.52666666666667,0.15384615384615385,2026-02,avg_duration_by_zone_hour,True
28,Briarwood/Jamaica Hills,0,26,19.297435897435896,19.483333333333334,21.433333333333334,29.141666666666666,0.15384615384615385,2026-02,avg_duration_by_zone_hour,True
39,Canarsie,1,13,18.42948717948718,14.383333333333333,19.716666666666665,41.52000000000002,0.15384615384615385,2026-02,avg_duration_by_zone_hour,True
102,Glendale,23,13,18.075641025641026,18.25,22.466666666666665,30.363333333333337,0.15384615384615385,2026-02,avg_duration_by_zone_hour,True
93,Flushing Meadows-Corona Park,5,13,17.99102564102564,17.2,20.25,27.590000000000003,0.15384615384615385,2026-02,avg_duration_by_zone_hour,True
92,Flushing,1,26,16.33653846153846,16.941666666666666,19.966666666666665,25.241666666666667,0.15384615384615385,2026-02,avg_duration_by_zone_hour,True
83,Elmhurst/Maspeth,2,13,15.774358974358973,13.366666666666667,17.541666666666668,24.410000000000004,0.15384615384615385,2026-02,avg_duration_by_zone_hour,True
98,Fresh Meadows,15,20,35.97416666666667,28.15,41.333333333333336,62.26000000000006,0.15,2026-02,avg_duration_by_zone_hour,True
219,Springfield Gardens South,13,20,32.098333333333336,30.191666666666666,35.86666666666667,59.756666666666675,0.15,2026-02,avg_duration_by_zone_hour,True
124,Howard Beach,11,20,26.461666666666666,17.558333333333334,33.56666666666667,62.705000000000034,0.15,2026-02,avg_duration_by_zone_hour,True
53,College Point,21,20,22.831666666666667,18.083333333333332,24.983333333333334,34.73333333333335,0.15,2026-02,avg_duration_by_zone_hour,True
171,Murray Hill-Queens,18,20,21.428333333333335,15.416666666666668,31.483333333333334,41.38166666666667,0.15,2026-02,avg_duration_by_zone_hour,True
258,Woodhaven,22,20,18.395,18.71666666666667,24.516666666666666,31.180000000000003,0.15,2026-02,avg_duration_by_zone_hour,True
92,Flushing,2,20,15.884166666666667,16.908333333333335,17.541666666666668,23.426666666666673,0.15,2026-02,avg_duration_by_zone_hour,True
26,Borough Park,0,20,15.651666666666667,15.3,20.2,26.448333333333338,0.15,2026-02,avg_duration_by_zone_hour,True
102,Glendale,10,27,25.562345679012342,19.4,33.733333333333334,54.01666666666669,0.14814814814814814,2026-02,avg_duration_by_zone_hour,True
134,Kew Gardens,0,27,16.19753086419753,16.583333333333332,21.433333333333334,31.763333333333343,0.14814814814814814,2026-02,avg_duration_by_zone_hour,True
203,Rosedale,16,14,34.660714285714285,26.950000000000003,42.81666666666667,63.695000000000014,0.14285714285714285,2026-02,avg_duration_by_zone_hour,True
258,Woodhaven,18,28,28.81011904761905,28.475,31.483333333333334,45.36166666666668,0.14285714285714285,2026-02,avg_duration_by_zone_hour,True
201,Rockaway Park,16,7,28.583333333333332,23.283333333333335,42.81666666666667,58.62333333333335,0.14285714285714285,2026-02,avg_duration_by_zone_hour,True
101,Glen Oaks,18,7,27.833333333333336,27.866666666666667,31.483333333333334,40.75000000000001,0.14285714285714285,2026-02,avg_duration_by_zone_hour,True
207,Saint Michaels Cemetery/Woodside,18,7,25.916666666666664,25.7,31.483333333333334,42.47000000000001,0.14285714285714285,2026-02,avg_duration_by_zone_hour,True
175,Oakland Gardens,13,7,23.297619047619047,21.733333333333334,35.86666666666667,35.06000000000001,0.14285714285714285,2026-02,avg_duration_by_zone_hour,True
34,Brooklyn Navy Yard,12,7,21.678571428571427,16.6,29.283333333333335,36.88000000000001,0.14285714285714285,2026-02,avg_duration_by_zone_hour,True
252,Whitestone,22,21,21.473809523809525,16.866666666666667,24.516666666666666,40.86666666666667,0.14285714285714285,2026-02,avg_duration_by_zone_hour,True
9,Auburndale,18,7,20.295238095238094,11.283333333333333,31.483333333333334,38.11,0.14285714285714285,2026-02,avg_duration_by_zone_hour,True
6,Arrochar/Fort Wadsworth,6,7,18.954761904761906,19.416666666666668,24.791666666666664,29.08333333333334,0.14285714285714285,2026-02,avg_duration_by_zone_hour,True
9,Auburndale,6,7,18.776190476190475,13.1,26.34166666666667,33.49666666666667,0.14285714285714285,2026-02,avg_duration_by_zone_hour,True
155,Marine Park/Mill Basin,0,14,18.385714285714283,18.958333333333336,20.2,30.80666666666668,0.14285714285714285,2026-02,avg_duration_by_zone_hour,True
106,Gowanus,2,14,17.45714285714286,16.674999999999997,19.025,23.328333333333333,0.14285714285714285,2026-02,avg_duration_by_zone_hour,True
183,Pelham Bay,14,7,16.016666666666666,12.983333333333333,30.233333333333334,30.13333333333334,0.14285714285714285,2026-02,avg_duration_by_zone_hour,True
119,Highbridge,1,7,14.838095238095239,10.883333333333333,14.941666666666666,23.790000000000013,0.14285714285714285,2026-02,avg_duration_by_zone_hour,True
241,Van Cortlandt Village,2,7,14.783333333333333,14.0,14.05,19.790000000000003,0.14285714285714285,2026-02,avg_duration_by_zone_hour,True
26,Borough Park,2,7,14.714285714285714,12.833333333333334,19.025,21.443333333333335,0.14285714285714285,2026-02,avg_duration_by_zone_hour,True
11,Bath Beach,0,7,14.554761904761905,12.483333333333333,20.2,24.243333333333336,0.14285714285714285,2026-02,avg_duration_by_zone_hour,True
34,Brooklyn Navy Yard,2,7,14.288095238095238,12.8,19.025,21.593333333333337,0.14285714285714285,2026-02,avg_duration_by_zone_hour,True
212,Soundview/Bruckner,23,21,13.495238095238093,13.366666666666667,15.791666666666668,21.333333333333332,0.14285714285714285,2026-02,avg_duration_by_zone_hour,True
139,Laurelton,0,14,13.298809523809524,10.883333333333333,21.433333333333334,26.395000000000003,0.14285714285714285,2026-02,avg_duration_by_zone_hour,True
220,Spuyten Duyvil/Kingsbridge,0,14,12.68452380952381,13.391666666666666,15.233333333333333,19.530000000000005,0.14285714285714285,2026-02,avg_duration_by_zone_hour,True
213,Soundview/Castle Hill,2,7,12.37142857142857,12.6,14.05,17.80666666666667,0.14285714285714285,2026-02,avg_duration_by_zone_hour,True
212,Soundview/Bruckner,1,7,12.25952380952381,10.316666666666666,14.941666666666666,19.763333333333335,0.14285714285714285,2026-02,avg_duration_by_zone_hour,True
173,North Corona,2,21,11.764285714285714,9.066666666666666,17.541666666666668,26.433333333333334,0.14285714285714285,2026-02,avg_duration_by_zone_hour,True
157,Maspeth,15,29,30.10977011494253,25.816666666666666,41.333333333333336,55.86666666666667,0.13793103448275862,2026-02,avg_duration_by_zone_hour,True
241,Van Cortlandt Village,21,29,19.188505747126438,16.666666666666668,18.84166666666667,38.319999999999986,0.13793103448275862,2026-02,avg_duration_by_zone_hour,True
122,Hollis,13,22,25.688636363636363,16.525,35.86666666666667,49.12000000000002,0.13636363636363635,2026-02,avg_duration_by_zone_hour,True
252,Whitestone,17,15,29.38222222222222,24.883333333333333,36.35,46.849999999999994,0.13333333333333333,2026-02,avg_duration_by_zone_hour,True
54,Columbia Street,10,15,20.69222222222222,18.9,28.716666666666665,35.29666666666667,0.13333333333333333,2026-02,avg_duration_by_zone_hour,True
22,Bensonhurst West,23,15,17.98,14.466666666666667,20.8,35.419999999999995,0.13333333333333333,2026-02,avg_duration_by_zone_hour,True
98,Fresh Meadows,23,15,17.314444444444447,13.0,22.466666666666665,32.39333333333333,0.13333333333333333,2026-02,avg_duration_by_zone_hour,True
191,Queens Village,3,15,17.09888888888889,13.466666666666667,16.966666666666665,26.17333333333333,0.13333333333333333,2026-02,avg_duration_by_zone_hour,True
212,Soundview/Bruckner,22,15,15.557777777777778,17.85,17.366666666666667,21.976666666666667,0.13333333333333333,2026-02,avg_duration_by_zone_hour,True
60,Crotona Park East,22,15,15.136666666666667,13.566666666666666,17.366666666666667,24.70333333333333,0.13333333333333333,2026-02,avg_duration_by_zone_hour,True
134,Kew Gardens,1,15,14.037777777777778,12.6,19.966666666666665,25.523333333333333,0.13333333333333333,2026-02,avg_duration_by_zone_hour,True
135,Kew Gardens Hills,16,23,28.38550724637681,28.183333333333334,42.81666666666667,54.44666666666667,0.13043478260869565,2026-02,avg_duration_by_zone_hour,True
124,Howard Beach,14,23,24.47391304347826,16.5,38.6,53.866666666666674,0.13043478260869565,2026-02,avg_duration_by_zone_hour,True
212,Soundview/Bruckner,17,23,23.53768115942029,22.7,27.008333333333333,42.15666666666668,0.13043478260869565,2026-02,avg_duration_by_zone_hour,True
252,Whitestone,7,23,21.381159420289855,13.8,30.4,44.180000000000014,0.13043478260869565,2026-02,avg_duration_by_zone_hour,True
102,Glendale,21,23,20.632608695652173,19.833333333333332,24.983333333333334,32.333333333333336,0.13043478260869565,2026-02,avg_duration_by_zone_hour,True
31,Bronx Park,8,8,33.172916666666666,18.516666666666666,32.141666666666666,66.08333333333331,0.125,2026-02,avg_duration_by_zone_hour,True
102,Glendale,11,24,29.605555555555554,26.766666666666666,33.56666666666667,51.79499999999998,0.125,2026-02,avg_duration_by_zone_hour,True
175,Oakland Gardens,11,8,28.87708333333333,25.833333333333336,33.56666666666667,47.29333333333333,0.125,2026-02,avg_duration_by_zone_hour,True
15,Bay Terrace/Fort Totten,15,8,26.025,17.508333333333333,41.333333333333336,51.29333333333333,0.125,2026-02,avg_duration_by_zone_hour,True
19,Bellerose,19,8,23.929166666666667,24.25,30.15,38.515,0.125,2026-02,avg_duration_by_zone_hour,True
15,Bay Terrace/Fort Totten,20,8,21.452083333333334,18.700000000000003,27.883333333333333,36.224999999999994,0.125,2026-02,avg_duration_by_zone_hour,True
131,Jamaica Estates,22,24,18.79375,18.266666666666666,24.516666666666666,32.28333333333333,0.125,2026-02,avg_duration_by_zone_hour,True
101,Glen Oaks,22,8,18.058333333333334,15.7,24.516666666666666,29.904999999999998,0.125,2026-02,avg_duration_by_zone_hour,True
196,Rego Park,1,8,17.964583333333334,12.575,19.966666666666665,33.455,0.125,2026-02,avg_duration_by_zone_hour,True
52,Cobble Hill,1,16,16.711458333333333,14.091666666666667,19.716666666666665,25.15833333333333,0.125,2026-02,avg_duration_by_zone_hour,True
133,Kensington,3,8,16.370833333333334,17.53333333333333,18.966666666666665,23.513333333333332,0.125,2026-02,avg_duration_by_zone_hour,True
147,Longwood,23,8,15.489583333333334,16.166666666666668,15.791666666666668,20.033333333333335,0.125,2026-02,avg_duration_by_zone_hour,True
210,Sheepshead Bay,1,8,15.2875,14.308333333333334,19.716666666666665,23.643333333333334,0.125,2026-02,avg_duration_by_zone_hour,True
126,Hunts Point,1,8,15.00625,16.241666666666667,14.941666666666666,18.638333333333332,0.125,2026-02,avg_duration_by_zone_hour,True
65,Downtown Brooklyn/MetroTech,3,24,14.968055555555557,14.875,18.966666666666665,23.46,0.125,2026-02,avg_duration_by_zone_hour,True
40,Carroll Gardens,2,8,14.320833333333333,14.433333333333334,19.025,22.64,0.125,2026-02,avg_duration_by_zone_hour,True
26,Borough Park,1,8,13.927083333333334,11.524999999999999,19.716666666666665,25.075,0.125,2026-02,avg_duration_by_zone_hour,True
53,College Point,1,8,13.777083333333334,12.941666666666666,19.966666666666665,20.188333333333333,0.125,2026-02,avg_duration_by_zone_hour,True
192,Queensboro Hill,3,8,12.45625,11.958333333333334,16.966666666666665,19.816666666666666,0.125,2026-02,avg_duration_by_zone_hour,True
212,Soundview/Bruckner,2,8,8.441666666666666,6.258333333333333,14.05,18.11,0.125,2026-02,avg_duration_by_zone_hour,True
14,Bay Ridge,0,25,15.792666666666667,17.016666666666666,20.2,26.540000000000003,0.12,2026-02,avg_duration_by_zone_hour,True
93,Flushing Meadows-Corona Park,12,17,26.01274509803922,22.466666666666665,33.38333333333333,47.576666666666675,0.11764705882352941,2026-02,avg_duration_by_zone_hour,True
16,Bayside,18,17,25.97549019607843,23.05,31.483333333333334,43.74000000000001,0.11764705882352941,2026-02,avg_duration_by_zone_hour,True
106,Gowanus,6,17,20.948039215686276,19.933333333333334,28.933333333333334,31.07666666666667,0.11764705882352941,2026-02,avg_duration_by_zone_hour,True
33,Brooklyn Heights,4,17,18.077450980392157,18.583333333333332,19.583333333333332,25.423333333333336,0.11764705882352941,2026-02,avg_duration_by_zone_hour,True
123,Homecrest,23,17,15.083333333333334,9.883333333333333,20.8,30.503333333333337,0.11764705882352941,2026-02,avg_duration_by_zone_hour,True
93,Flushing Meadows-Corona Park,22,26,21.039102564102564,20.03333333333333,24.516666666666666,30.483333333333334,0.11538461538461539,2026-02,avg_duration_by_zone_hour,True
83,Elmhurst/Maspeth,21,26,20.28717948717949,20.325,24.983333333333334,31.483333333333334,0.11538461538461539,2026-02,avg_duration_by_zone_hour,True
175,Oakland Gardens,15,9,39.077777777777776,25.683333333333334,41.333333333333336,63.390000000000015,0.1111111111111111,2026-02,avg_duration_by_zone_hour,True
53,College Point,15,27,29.32345679012346,26.8,41.333333333333336,47.39666666666668,0.1111111111111111,2026-02,avg_duration_by_zone_hour,True
53,College Point,12,9,28.798148148148147,33.28333333333333,33.38333333333333,40.836666666666666,0.1111111111111111,2026-02,avg_duration_by_zone_hour,True
173,North Corona,9,18,25.962037037037035,24.433333333333334,33.53333333333333,41.693333333333335,0.1111111111111111,2026-02,avg_duration_by_zone_hour,True
192,Queensboro Hill,18,18,22.253703703703703,19.525,31.483333333333334,34.44500000000001,0.1111111111111111,2026-02,avg_duration_by_zone_hour,True
102,Glendale,0,18,18.69537037037037,17.65833333333333,21.433333333333334,26.868333333333336,0.1111111111111111,2026-02,avg_duration_by_zone_hour,True
39,Canarsie,2,9,17.303703703703704,15.616666666666667,19.025,24.623333333333335,0.1111111111111111,2026-02,avg_duration_by_zone_hour,True
131,Jamaica Estates,0,9,16.142592592592592,13.566666666666666,21.433333333333334,23.736666666666668,0.1111111111111111,2026-02,avg_duration_by_zone_hour,True
257,Windsor Terrace,1,9,13.446296296296296,11.133333333333333,19.716666666666665,24.26,0.1111111111111111,2026-02,avg_duration_by_zone_hour,True
102,Glendale,16,28,26.58511904761905,22.03333333333333,42.81666666666667,50.76833333333334,0.10714285714285714,2026-02,avg_duration_by_zone_hour,True
52,Cobble Hill,0,28,18.104761904761904,18.28333333333333,20.2,24.506666666666668,0.10714285714285714,2026-02,avg_duration_by_zone_hour,True
197,Richmond Hill,1,28,16.085714285714285,14.45,19.966666666666665,25.16,0.10714285714285714,2026-02,avg_duration_by_zone_hour,True
180,Ozone Park,17,19,22.847368421052632,22.616666666666667,36.35,45.309999999999995,0.10526315789473684,2026-02,avg_duration_by_zone_hour,True
94,Fordham South,19,19,19.43859649122807,20.0,20.7,25.00333333333333,0.10526315789473684,2026-02,avg_duration_by_zone_hour,True
124,Howard Beach,16,20,30.241666666666667,22.275,42.81666666666667,54.99000000000002,0.1,2026-02,avg_duration_by_zone_hour,True
15,Bay Terrace/Fort Totten,8,10,29.03666666666667,27.416666666666668,33.65,42.66999999999999,0.1,2026-02,avg_duration_by_zone_hour,True
93,Flushing Meadows-Corona Park,13,20,27.3975,23.34166666666667,35.86666666666667,33.891666666666694,0.1,2026-02,avg_duration_by_zone_hour,True
28,Briarwood/Jamaica Hills,21,20,23.096666666666668,21.65,24.983333333333334,30.93666666666668,0.1,2026-02,avg_duration_by_zone_hour,True
54,Columbia Street,15,10,22.765,21.1,28.233333333333334,34.98833333333333,0.1,2026-02,avg_duration_by_zone_hour,True
180,Ozone Park,20,10,22.403333333333332,24.59166666666667,27.883333333333333,33.265,0.1,2026-02,avg_duration_by_zone_hour,True
135,Kew Gardens Hills,22,20,17.699166666666667,15.433333333333334,24.516666666666666,30.0,0.1,2026-02,avg_duration_by_zone_hour,True
98,Fresh Meadows,0,10,16.918333333333333,18.5,21.433333333333334,24.434999999999995,0.1,2026-02,avg_duration_by_zone_hour,True
60,Crotona Park East,23,10,14.290000000000001,15.866666666666667,15.791666666666668,19.676666666666662,0.1,2026-02,avg_duration_by_zone_hour,True
192,Queensboro Hill,4,10,14.251666666666669,13.516666666666666,17.4,17.89333333333333,0.1,2026-02,avg_duration_by_zone_hour,True
139,Laurelton,22,10,13.445000000000002,12.016666666666666,24.516666666666666,19.078333333333326,0.1,2026-02,avg_duration_by_zone_hour,True
19,Bellerose,22,11,17.527272727272727,16.616666666666667,24.516666666666666,21.366666666666667,0.09090909090909091,2026-02,avg_duration_by_zone_hour,True
196,Rego Park,0,22,16.151515151515152,15.666666666666668,21.433333333333334,24.143333333333338,0.09090909090909091,2026-02,avg_duration_by_zone_hour,True
147,Longwood,22,11,14.831818181818182,16.533333333333335,17.366666666666667,21.633333333333333,0.09090909090909091,2026-02,avg_duration_by_zone_hour,True
28,Briarwood/Jamaica Hills,2,11,12.433333333333332,12.983333333333333,17.541666666666668,19.383333333333333,0.09090909090909091,2026-02,avg_duration_by_zone_hour,True
167,Morrisania/Melrose,0,11,11.97272727272727,11.533333333333333,15.233333333333333,18.366666666666667,0.09090909090909091,2026-02,avg_duration_by_zone_hour,True
22,Bensonhurst West,22,23,15.940579710144927,14.483333333333333,21.416666666666668,24.160000000000004,0.08695652173913043,2026-02,avg_duration_by_zone_hour,True
83,Elmhurst/Maspeth,14,24,23.14375,18.525,38.6,46.49833333333333,0.08333333333333333,2026-02,avg_duration_by_zone_hour,True
16,Bayside,0,12,16.809722222222224,19.008333333333333,21.433333333333334,24.715,0.08333333333333333,2026-02,avg_duration_by_zone_hour,True
208,Schuylerville/Edgewater Park,4,12,16.180555555555554,15.6,19.833333333333332,23.6,0.08333333333333333,2026-02,avg_duration_by_zone_hour,True
192,Queensboro Hill,21,12,15.766666666666666,12.708333333333334,24.983333333333334,22.24,0.08333333333333333,2026-02,avg_duration_by_zone_hour,True
192,Queensboro Hill,0,12,14.365277777777777,16.116666666666667,21.433333333333334,21.41,0.08333333333333333,2026-02,avg_duration_by_zone_hour,True
150,Manhattan Beach,0,12,13.751388888888888,12.066666666666666,20.2,18.35,0.08333333333333333,2026-02,avg_duration_by_zone_hour,True
47,Claremont/Bathgate,0,12,12.556944444444445,12.658333333333333,15.233333333333333,17.133333333333333,0.08333333333333333,2026-02,avg_duration_by_zone_hour,True
32,Bronxdale,23,12,11.626388888888888,9.016666666666666,15.791666666666668,18.905,0.08333333333333333,2026-02,avg_duration_by_zone_hour,True
135,Kew Gardens Hills,14,26,25.59423076923077,24.833333333333332,38.6,46.19166666666666,0.07692307692307693,2026-02,avg_duration_by_zone_hour,True
135,Kew Gardens Hills,20,13,24.493589743589745,21.116666666666667,27.883333333333333,30.12666666666667,0.07692307692307693,2026-02,avg_duration_by_zone_hour,True
101,Glen Oaks,20,13,22.378205128205124,18.583333333333332,27.883333333333333,33.49,0.07692307692307693,2026-02,avg_duration_by_zone_hour,True
102,Glendale,14,26,21.639102564102565,18.458333333333336,38.6,35.65,0.07692307692307693,2026-02,avg_duration_by_zone_hour,True
180,Ozone Park,18,26,20.541025641025644,16.625,31.483333333333334,36.650000000000006,0.07692307692307693,2026-02,avg_duration_by_zone_hour,True
54,Columbia Street,14,13,19.784615384615385,17.45,28.866666666666667,30.736666666666668,0.07692307692307693,2026-02,avg_duration_by_zone_hour,True
175,Oakland Gardens,14,13,18.797435897435896,14.316666666666666,38.6,35.29333333333334,0.07692307692307693,2026-02,avg_duration_by_zone_hour,True
54,Columbia Street,19,26,17.63653846153846,15.633333333333333,22.833333333333332,26.09166666666667,0.07692307692307693,2026-02,avg_duration_by_zone_hour,True
16,Bayside,21,13,17.3025641025641,18.683333333333334,24.983333333333334,28.340000000000003,0.07692307692307693,2026-02,avg_duration_by_zone_hour,True
34,Brooklyn Navy Yard,21,13,17.23974358974359,17.033333333333335,22.083333333333332,26.303333333333335,0.07692307692307693,2026-02,avg_duration_by_zone_hour,True
197,Richmond Hill,2,26,15.151923076923076,14.733333333333334,17.541666666666668,21.733333333333334,0.07692307692307693,2026-02,avg_duration_by_zone_hour,True
160,Middle Village,20,27,20.990123456790123,22.516666666666666,27.883333333333333,33.263333333333335,0.07407407407407407,2026-02,avg_duration_by_zone_hour,True
93,Flushing Meadows-Corona Park,21,27,19.462962962962962,18.283333333333335,24.983333333333334,30.136666666666667,0.07407407407407407,2026-02,avg_duration_by_zone_hour,True
52,Cobble Hill,6,28,24.416071428571428,23.78333333333333,28.933333333333334,30.080000000000005,0.07142857142857142,2026-02,avg_duration_by_zone_hour,True
192,Queensboro Hill,19,14,20.00357142857143,17.233333333333334,30.15,26.640000000000004,0.07142857142857142,2026-02,avg_duration_by_zone_hour,True
101,Glen Oaks,0,14,19.398809523809522,19.35,21.433333333333334,26.356666666666666,0.07142857142857142,2026-02,avg_duration_by_zone_hour,True
106,Gowanus,5,14,18.39761904761905,18.141666666666666,23.483333333333334,26.188333333333333,0.07142857142857142,2026-02,avg_duration_by_zone_hour,True
83,Elmhurst/Maspeth,22,28,17.232738095238094,17.18333333333333,24.516666666666666,26.915000000000003,0.07142857142857142,2026-02,avg_duration_by_zone_hour,True
180,Ozone Park,0,14,16.217857142857145,16.416666666666668,21.433333333333334,25.72666666666667,0.07142857142857142,2026-02,avg_duration_by_zone_hour,True
131,Jamaica Estates,23,14,15.082142857142857,14.616666666666667,22.466666666666665,21.238333333333337,0.07142857142857142,2026-02,avg_duration_by_zone_hour,True
160,Middle Village,15,29,24.144827586206898,21.45,41.333333333333336,42.663333333333334,0.06896551724137931,2026-02,avg_duration_by_zone_hour,True
95,Forest Hills,1,29,13.377011494252873,12.8,19.966666666666665,20.97,0.06896551724137931,2026-02,avg_duration_by_zone_hour,True
53,College Point,16,15,30.823333333333334,21.683333333333334,42.81666666666667,52.66,0.06666666666666667,2026-02,avg_duration_by_zone_hour,True
210,Sheepshead Bay,0,15,15.974444444444446,16.0,20.2,24.78333333333333,0.06666666666666667,2026-02,avg_duration_by_zone_hour,True
171,Murray Hill-Queens,19,16,26.245833333333334,17.916666666666668,30.15,30.708333333333332,0.0625,2026-02,avg_duration_by_zone_hour,True
252,Whitestone,15,16,25.759375,24.433333333333334,41.333333333333336,33.04166666666667,0.0625,2026-02,avg_duration_by_zone_hour,True
195,Red Hook,5,16,17.621875,17.925,23.483333333333334,27.541666666666668,0.0625,2026-02,avg_duration_by_zone_hour,True
203,Rosedale,23,16,16.073958333333334,9.583333333333332,22.466666666666665,24.916666666666664,0.0625,2026-02,avg_duration_by_zone_hour,True
192,Queensboro Hill,20,17,20.423529411764704,17.416666666666668,27.883333333333333,30.496666666666666,0.058823529411764705,2026-02,avg_duration_by_zone_hour,True
171,Murray Hill-Queens,22,17,17.957843137254905,17.45,24.516666666666666,25.62,0.058823529411764705,2026-02,avg_duration_by_zone_hour,True
16,Bayside,23,17,16.856862745098038,17.983333333333334,22.466666666666665,23.91,0.058823529411764705,2026-02,avg_duration_by_zone_hour,True
123,Homecrest,22,17,10.75686274509804,9.583333333333334,21.416666666666668,20.626666666666665,0.058823529411764705,2026-02,avg_duration_by_zone_hour,True
180,Ozone Park,13,18,29.897222222222222,28.933333333333334,35.86666666666667,36.57333333333333,0.05555555555555555,2026-02,avg_duration_by_zone_hour,True
15,Bay Terrace/Fort Totten,12,18,10.437037037037037,2.7249999999999996,33.38333333333333,26.040000000000013,0.05555555555555555,2026-02,avg_duration_by_zone_hour,True
53,College Point,14,19,25.5859649122807,24.2,38.6,42.02666666666667,0.05263157894736842,2026-02,avg_duration_by_zone_hour,True
83,Elmhurst/Maspeth,1,19,14.06578947368421,13.033333333333333,19.966666666666665,20.433333333333334,0.05263157894736842,2026-02,avg_duration_by_zone_hour,True
160,Middle Village,13,20,25.455000000000002,26.316666666666666,35.86666666666667,35.70666666666668,0.05,2026-02,avg_duration_by_zone_hour,True
180,Ozone Park,15,20,21.09916666666667,17.508333333333333,41.333333333333336,36.14666666666668,0.05,2026-02,avg_duration_by_zone_hour,True
83,Elmhurst/Maspeth,5,21,13.892063492063492,14.7,20.25,22.3,0.047619047619047616,2026-02,avg_duration_by_zone_hour,True
173,North Corona,16,22,29.641666666666666,25.21666666666667,42.81666666666667,42.12666666666667,0.045454545454545456,2026-02,avg_duration_by_zone_hour,True
252,Whitestone,14,22,24.08409090909091,20.75,38.6,41.925000000000004,0.045454545454545456,2026-02,avg_duration_by_zone_hour,True
53,College Point,18,22,19.3530303030303,20.1,31.483333333333334,33.16666666666667,0.045454545454545456,2026-02,avg_duration_by_zone_hour,True
93,Flushing Meadows-Corona Park,14,23,25.28768115942029,22.15,38.6,38.74,0.043478260869565216,2026-02,avg_duration_by_zone_hour,True
53,College Point,19,23,24.655797101449277,24.65,30.15,34.63,0.043478260869565216,2026-02,avg_duration_by_zone_hour,True
124,Howard Beach,20,23,21.44782608695652,18.833333333333332,27.883333333333333,32.22666666666667,0.043478260869565216,2026-02,avg_duration_by_zone_hour,True
157,Maspeth,0,24,15.734027777777778,15.183333333333334,21.433333333333334,24.796666666666667,0.041666666666666664,2026-02,avg_duration_by_zone_hour,True
192,Queensboro Hill,23,24,14.459027777777777,14.0,22.466666666666665,23.656666666666666,0.041666666666666664,2026-02,avg_duration_by_zone_hour,True
9,Auburndale,11,24,14.033333333333333,4.683333333333334,33.56666666666667,25.83833333333333,0.041666666666666664,2026-02,avg_duration_by_zone_hour,True
207,Saint Michaels Cemetery/Woodside,9,24,6.311111111111111,1.1833333333333333,33.53333333333333,13.553333333333326,0.041666666666666664,2026-02,avg_duration_by_zone_hour,True
131,Jamaica Estates,16,27,25.09506172839506,20.5,42.81666666666667,42.696666666666694,0.037037037037037035,2026-02,avg_duration_by_zone_hour,True
56,Corona,13,29,25.408620689655173,20.966666666666665,35.86666666666667,37.20333333333333,0.034482758620689655,2026-02,avg_duration_by_zone_hour,True
160,Middle Village,14,29,23.05287356321839,18.916666666666668,38.6,33.88999999999999,0.034482758620689655,2026-02,avg_duration_by_zone_hour,True
253,Willets Point,17,1,42.53333333333333,42.53333333333333,36.35,42.53333333333333,0.0,2026-02,avg_duration_by_zone_hour,True
46,City Island,7,1,40.983333333333334,40.983333333333334,32.833333333333336,40.983333333333334,0.0,2026-02,avg_duration_by_zone_hour,True
57,Corona,18,1,34.45,34.45,31.483333333333334,34.45,0.0,2026-02,avg_duration_by_zone_hour,True
27,Breezy Point/Fort Tilden/Riis Beach,8,1,34.13333333333333,34.13333333333333,33.65,34.13333333333333,0.0,2026-02,avg_duration_by_zone_hour,True
2,Jamaica Bay,18,1,34.0,34.0,31.483333333333334,34.0,0.0,2026-02,avg_duration_by_zone_hour,True
31,Bronx Park,10,3,33.78888888888889,35.55,35.916666666666664,39.083333333333336,0.0,2026-02,avg_duration_by_zone_hour,True
184,Pelham Bay Park,13,1,33.3,33.3,32.1,33.3,0.0,2026-02,avg_duration_by_zone_hour,True
46,City Island,15,1,32.93333333333333,32.93333333333333,30.266666666666666,32.93333333333333,0.0,2026-02,avg_duration_by_zone_hour,True
27,Breezy Point/Fort Tilden/Riis Beach,19,1,32.86666666666667,32.86666666666667,30.15,32.86666666666667,0.0,2026-02,avg_duration_by_zone_hour,True
8,Astoria Park,11,2,32.40833333333333,32.40833333333333,33.56666666666667,36.214999999999996,0.0,2026-02,avg_duration_by_zone_hour,True
8,Astoria Park,12,1,32.15,32.15,33.38333333333333,32.15,0.0,2026-02,avg_duration_by_zone_hour,True
30,Broad Channel,13,1,31.966666666666665,31.966666666666665,35.86666666666667,31.966666666666665,0.0,2026-02,avg_duration_by_zone_hour,True
30,Broad Channel,9,1,29.7,29.7,33.53333333333333,29.7,0.0,2026-02,avg_duration_by_zone_hour,True
8,Astoria Park,18,2,29.566666666666666,29.566666666666666,31.483333333333334,30.419999999999998,0.0,2026-02,avg_duration_by_zone_hour,True
9,Auburndale,13,4,29.5125,29.325000000000003,35.86666666666667,41.795,0.0,2026-02,avg_duration_by_zone_hour,True
73,East Flushing,17,2,29.166666666666664,29.166666666666664,36.35,39.78,0.0,2026-02,avg_duration_by_zone_hour,True
8,Astoria Park,10,2,27.7,27.7,33.733333333333334,28.14,0.0,2026-02,avg_duration_by_zone_hour,True
184,Pelham Bay Park,9,2,27.141666666666666,27.141666666666666,33.8,28.74833333333333,0.0,2026-02,avg_duration_by_zone_hour,True
27,Breezy Point/Fort Tilden/Riis Beach,21,1,26.85,26.85,24.983333333333334,26.85,0.0,2026-02,avg_duration_by_zone_hour,True
30,Broad Channel,15,3,26.822222222222223,21.65,41.333333333333336,39.06333333333333,0.0,2026-02,avg_duration_by_zone_hour,True
58,Country Club,16,1,26.783333333333335,26.783333333333335,30.883333333333333,26.783333333333335,0.0,2026-02,avg_duration_by_zone_hour,True
154,Marine Park/Floyd Bennett Field,10,3,26.73888888888889,28.583333333333332,28.716666666666665,33.42333333333333,0.0,2026-02,avg_duration_by_zone_hour,True
8,Astoria Park,22,1,26.733333333333334,26.733333333333334,24.516666666666666,26.733333333333334,0.0,2026-02,avg_duration_by_zone_hour,True
109,Great Kills,7,3,26.427777777777777,26.2,29.058333333333334,32.10666666666667,0.0,2026-02,avg_duration_by_zone_hour,True
9,Auburndale,16,5,26.413333333333334,24.816666666666666,42.81666666666667,43.873333333333335,0.0,2026-02,avg_duration_by_zone_hour,True
96,Forest Park/Highland Park,22,1,26.1,26.1,24.516666666666666,26.1,0.0,2026-02,avg_duration_by_zone_hour,True
27,Breezy Point/Fort Tilden/Riis Beach,11,2,25.958333333333336,25.958333333333336,33.56666666666667,26.485,0.0,2026-02,avg_duration_by_zone_hour,True
57,Corona,8,4,25.870833333333334,28.225,33.65,36.96333333333333,0.0,2026-02,avg_duration_by_zone_hour,True
59,Crotona Park,13,1,25.8,25.8,32.1,25.8,0.0,2026-02,avg_duration_by_zone_hour,True
173,North Corona,13,10,25.438333333333333,23.875,35.86666666666667,37.68333333333334,0.0,2026-02,avg_duration_by_zone_hour,True
9,Auburndale,15,5,25.376666666666665,25.916666666666668,41.333333333333336,36.67,0.0,2026-02,avg_duration_by_zone_hour,True
73,East Flushing,14,8,25.320833333333333,25.53333333333333,38.6,35.681666666666665,0.0,2026-02,avg_duration_by_zone_hour,True
253,Willets Point,14,2,25.05,25.05,38.6,30.103333333333335,0.0,2026-02,avg_duration_by_zone_hour,True
154,Marine Park/Floyd Bennett Field,19,2,24.433333333333334,24.433333333333334,22.833333333333332,27.673333333333336,0.0,2026-02,avg_duration_by_zone_hour,True
96,Forest Park/Highland Park,17,6,24.26111111111111,22.766666666666666,36.35,35.18333333333334,0.0,2026-02,avg_duration_by_zone_hour,True
111,Green-Wood Cemetery,20,1,24.0,24.0,22.833333333333332,24.0,0.0,2026-02,avg_duration_by_zone_hour,True
8,Astoria Park,13,1,23.766666666666666,23.766666666666666,35.86666666666667,23.766666666666666,0.0,2026-02,avg_duration_by_zone_hour,True
111,Green-Wood Cemetery,14,3,23.672222222222228,26.05,28.866666666666667,34.06333333333334,0.0,2026-02,avg_duration_by_zone_hour,True
111,Green-Wood Cemetery,16,1,23.55,23.55,27.583333333333332,23.55,0.0,2026-02,avg_duration_by_zone_hour,True
53,College Point,20,22,23.30151515151515,22.674999999999997,27.883333333333333,31.403333333333336,0.0,2026-02,avg_duration_by_zone_hour,True
58,Country Club,18,2,23.25,23.25,23.225,23.503333333333334,0.0,2026-02,avg_duration_by_zone_hour,True
8,Astoria Park,14,1,23.05,23.05,38.6,23.05,0.0,2026-02,avg_duration_by_zone_hour,True
57,Corona,12,4,23.0125,23.1,33.38333333333333,24.048333333333332,0.0,2026-02,avg_duration_by_zone_hour,True
8,Astoria Park,20,2,22.741666666666667,22.741666666666667,27.883333333333333,26.335,0.0,2026-02,avg_duration_by_zone_hour,True
54,Columbia Street,12,8,22.672916666666666,26.025,29.283333333333335,35.03,0.0,2026-02,avg_duration_by_zone_hour,True
58,Country Club,15,1,22.183333333333334,22.183333333333334,30.266666666666666,22.183333333333334,0.0,2026-02,avg_duration_by_zone_hour,True
59,Crotona Park,15,1,22.183333333333334,22.183333333333334,30.266666666666666,22.183333333333334,0.0,2026-02,avg_duration_by_zone_hour,True
96,Forest Park/Highland Park,18,3,22.027777777777775,21.55,31.483333333333334,32.60333333333333,0.0,2026-02,avg_duration_by_zone_hour,True
6,Arrochar/Fort Wadsworth,7,5,22.003333333333334,23.0,29.058333333333334,27.763333333333335,0.0,2026-02,avg_duration_by_zone_hour,True
199,Rikers Island,20,1,22.0,22.0,20.783333333333335,22.0,0.0,2026-02,avg_duration_by_zone_hour,True
245,West Brighton,6,1,21.95,21.95,24.791666666666664,21.95,0.0,2026-02,avg_duration_by_zone_hour,True
31,Bronx Park,11,4,21.84583333333333,23.108333333333334,36.05,34.361666666666665,0.0,2026-02,avg_duration_by_zone_hour,True
30,Broad Channel,5,2,21.766666666666666,21.766666666666666,20.25,21.846666666666668,0.0,2026-02,avg_duration_by_zone_hour,True
46,City Island,8,2,21.758333333333333,21.758333333333333,32.141666666666666,31.271666666666665,0.0,2026-02,avg_duration_by_zone_hour,True
34,Brooklyn Navy Yard,7,5,21.75,23.433333333333334,29.641666666666666,24.443333333333335,0.0,2026-02,avg_duration_by_zone_hour,True
15,Bay Terrace/Fort Totten,18,1,21.516666666666666,21.516666666666666,31.483333333333334,21.516666666666666,0.0,2026-02,avg_duration_by_zone_hour,True
175,Oakland Gardens,20,2,21.325000000000003,21.325000000000003,27.883333333333333,24.705000000000002,0.0,2026-02,avg_duration_by_zone_hour,True
57,Corona,19,3,21.25,20.083333333333332,30.15,23.07,0.0,2026-02,avg_duration_by_zone_hour,True
253,Willets Point,7,1,21.25,21.25,30.4,21.25,0.0,2026-02,avg_duration_by_zone_hour,True
57,Corona,20,2,21.233333333333334,21.233333333333334,27.883333333333333,30.700000000000003,0.0,2026-02,avg_duration_by_zone_hour,True
98,Fresh Meadows,16,6,21.211111111111112,18.71666666666667,42.81666666666667,32.86666666666667,0.0,2026-02,avg_duration_by_zone_hour,True
173,North Corona,15,15,21.11444444444444,18.283333333333335,41.333333333333336,30.99333333333333,0.0,2026-02,avg_duration_by_zone_hour,True
214,South Beach/Dongan Hills,8,1,21.05,21.05,29.85,21.05,0.0,2026-02,avg_duration_by_zone_hour,True
253,Willets Point,18,2,20.9,20.9,31.483333333333334,28.526666666666667,0.0,2026-02,avg_duration_by_zone_hour,True
96,Forest Park/Highland Park,16,4,20.883333333333333,21.691666666666666,42.81666666666667,26.445,0.0,2026-02,avg_duration_by_zone_hour,True
207,Saint Michaels Cemetery/Woodside,22,5,20.883333333333333,22.316666666666666,24.516666666666666,28.040000000000003,0.0,2026-02,avg_duration_by_zone_hour,True
84,Eltingville/Annadale/Prince's Bay,6,1,20.833333333333332,20.833333333333332,24.791666666666664,20.833333333333332,0.0,2026-02,avg_duration_by_zone_hour,True
57,Corona,13,1,20.783333333333335,20.783333333333335,35.86666666666667,20.783333333333335,0.0,2026-02,avg_duration_by_zone_hour,True
154,Marine Park/Floyd Bennett Field,5,1,20.633333333333333,20.633333333333333,23.483333333333334,20.633333333333333,0.0,2026-02,avg_duration_by_zone_hour,True
59,Crotona Park,17,2,20.625,20.625,27.008333333333333,25.578333333333333,0.0,2026-02,avg_duration_by_zone_hour,True
34,Brooklyn Navy Yard,6,10,20.52166666666667,20.008333333333333,28.933333333333334,29.635,0.0,2026-02,avg_duration_by_zone_hour,True
57,Corona,11,1,20.516666666666666,20.516666666666666,33.56666666666667,20.516666666666666,0.0,2026-02,avg_duration_by_zone_hour,True
207,Saint Michaels Cemetery/Woodside,20,3,20.455555555555556,19.25,27.883333333333333,28.756666666666668,0.0,2026-02,avg_duration_by_zone_hour,True
155,Marine Park/Mill Basin,3,2,20.133333333333333,20.133333333333333,18.966666666666665,22.213333333333335,0.0,2026-02,avg_duration_by_zone_hour,True
59,Crotona Park,19,1,20.116666666666667,20.116666666666667,20.7,20.116666666666667,0.0,2026-02,avg_duration_by_zone_hour,True
64,Douglaston,22,9,20.024074074074075,18.683333333333334,24.516666666666666,27.12,0.0,2026-02,avg_duration_by_zone_hour,True
184,Pelham Bay Park,11,1,19.983333333333334,19.983333333333334,36.05,19.983333333333334,0.0,2026-02,avg_duration_by_zone_hour,True
73,East Flushing,1,4,19.979166666666664,20.28333333333333,19.966666666666665,22.331666666666667,0.0,2026-02,avg_duration_by_zone_hour,True
101,Glen Oaks,14,13,19.894871794871793,18.266666666666666,38.6,26.313333333333333,0.0,2026-02,avg_duration_by_zone_hour,True
11,Bath Beach,21,4,19.8375,19.675,22.083333333333332,25.731666666666666,0.0,2026-02,avg_duration_by_zone_hour,True
64,Douglaston,14,8,19.52916666666667,16.475,38.6,39.394999999999996,0.0,2026-02,avg_duration_by_zone_hour,True
57,Corona,21,2,19.416666666666668,19.416666666666668,24.983333333333334,27.270000000000003,0.0,2026-02,avg_duration_by_zone_hour,True
175,Oakland Gardens,19,1,19.383333333333333,19.383333333333333,30.15,19.383333333333333,0.0,2026-02,avg_duration_by_zone_hour,True
101,Glen Oaks,3,1,19.333333333333332,19.333333333333332,16.966666666666665,19.333333333333332,0.0,2026-02,avg_duration_by_zone_hour,True
46,City Island,18,2,19.258333333333333,19.258333333333333,23.225,22.385,0.0,2026-02,avg_duration_by_zone_hour,True
101,Glen Oaks,1,8,19.12291666666667,18.733333333333334,19.966666666666665,22.038333333333334,0.0,2026-02,avg_duration_by_zone_hour,True
6,Arrochar/Fort Wadsworth,17,4,18.833333333333332,18.175,21.200000000000003,24.56,0.0,2026-02,avg_duration_by_zone_hour,True
73,East Flushing,18,15,18.754444444444445,20.6,31.483333333333334,25.643333333333334,0.0,2026-02,avg_duration_by_zone_hour,True
73,East Flushing,22,5,18.75,16.683333333333334,24.516666666666666,26.086666666666666,0.0,2026-02,avg_duration_by_zone_hour,True
94,Fordham South,3,1,18.75,18.75,16.46666666666667,18.75,0.0,2026-02,avg_duration_by_zone_hour,True
175,Oakland Gardens,5,1,18.7,18.7,20.25,18.7,0.0,2026-02,avg_duration_by_zone_hour,True
207,Saint Michaels Cemetery/Woodside,19,6,18.594444444444445,17.775,30.15,30.941666666666663,0.0,2026-02,avg_duration_by_zone_hour,True
154,Marine Park/Floyd Bennett Field,21,2,18.433333333333334,18.433333333333334,22.083333333333332,23.66,0.0,2026-02,avg_duration_by_zone_hour,True
30,Broad Channel,14,2,18.383333333333333,18.383333333333333,38.6,21.623333333333335,0.0,2026-02,avg_duration_by_zone_hour,True
96,Forest Park/Highland Park,15,1,18.383333333333333,18.383333333333333,41.333333333333336,18.383333333333333,0.0,2026-02,avg_duration_by_zone_hour,True
64,Douglaston,19,8,18.35,22.016666666666666,30.15,26.46,0.0,2026-02,avg_duration_by_zone_hour,True
96,Forest Park/Highland Park,13,4,18.220833333333335,16.125,35.86666666666667,33.53,0.0,2026-02,avg_duration_by_zone_hour,True
15,Bay Terrace/Fort Totten,0,1,18.166666666666668,18.166666666666668,21.433333333333334,18.166666666666668,0.0,2026-02,avg_duration_by_zone_hour,True
93,Flushing Meadows-Corona Park,20,22,18.052272727272726,17.858333333333334,27.883333333333333,25.505000000000006,0.0,2026-02,avg_duration_by_zone_hour,True
15,Bay Terrace/Fort Totten,22,7,18.014285714285712,17.616666666666667,24.516666666666666,22.630000000000003,0.0,2026-02,avg_duration_by_zone_hour,True
214,South Beach/Dongan Hills,14,1,17.966666666666665,17.966666666666665,15.633333333333333,17.966666666666665,0.0,2026-02,avg_duration_by_zone_hour,True
86,Far Rockaway,1,4,17.8375,19.816666666666666,19.966666666666665,23.85,0.0,2026-02,avg_duration_by_zone_hour,True
111,Green-Wood Cemetery,0,1,17.733333333333334,17.733333333333334,20.2,17.733333333333334,0.0,2026-02,avg_duration_by_zone_hour,True
214,South Beach/Dongan Hills,11,1,17.733333333333334,17.733333333333334,14.983333333333333,17.733333333333334,0.0,2026-02,avg_duration_by_zone_hour,True
64,Douglaston,20,14,17.708333333333332,17.299999999999997,27.883333333333333,27.275,0.0,2026-02,avg_duration_by_zone_hour,True
96,Forest Park/Highland Park,1,1,17.7,17.7,19.966666666666665,17.7,0.0,2026-02,avg_duration_by_zone_hour,True
257,Windsor Terrace,4,3,17.505555555555556,19.85,19.583333333333332,20.316666666666666,0.0,2026-02,avg_duration_by_zone_hour,True
253,Willets Point,4,1,17.483333333333334,17.483333333333334,17.4,17.483333333333334,0.0,2026-02,avg_duration_by_zone_hour,True
154,Marine Park/Floyd Bennett Field,14,6,17.480555555555558,18.28333333333333,28.866666666666667,24.725,0.0,2026-02,avg_duration_by_zone_hour,True
15,Bay Terrace/Fort Totten,21,9,17.353703703703705,15.466666666666667,24.983333333333334,24.663333333333334,0.0,2026-02,avg_duration_by_zone_hour,True
214,South Beach/Dongan Hills,17,5,17.246666666666666,16.483333333333334,21.200000000000003,20.96,0.0,2026-02,avg_duration_by_zone_hour,True
2,Jamaica Bay,15,1,17.233333333333334,17.233333333333334,41.333333333333336,17.233333333333334,0.0,2026-02,avg_duration_by_zone_hour,True
251,Westerleigh,13,1,17.116666666666667,17.116666666666667,15.483333333333333,17.116666666666667,0.0,2026-02,avg_duration_by_zone_hour,True
96,Forest Park/Highland Park,4,1,17.016666666666666,17.016666666666666,17.4,17.016666666666666,0.0,2026-02,avg_duration_by_zone_hour,True
252,Whitestone,20,17,16.988235294117647,15.433333333333334,27.883333333333333,26.040000000000006,0.0,2026-02,avg_duration_by_zone_hour,True
207,Saint Michaels Cemetery/Woodside,7,2,16.891666666666666,16.891666666666666,30.4,24.151666666666664,0.0,2026-02,avg_duration_by_zone_hour,True
54,Columbia Street,0,15,16.875555555555554,17.933333333333334,20.2,22.043333333333333,0.0,2026-02,avg_duration_by_zone_hour,True
251,Westerleigh,18,1,16.733333333333334,16.733333333333334,14.1,16.733333333333334,0.0,2026-02,avg_duration_by_zone_hour,True
30,Broad Channel,10,1,16.683333333333334,16.683333333333334,33.733333333333334,16.683333333333334,0.0,2026-02,avg_duration_by_zone_hour,True
207,Saint Michaels Cemetery/Woodside,0,2,16.666666666666668,16.666666666666668,21.433333333333334,23.32,0.0,2026-02,avg_duration_by_zone_hour,True
102,Glendale,1,7,16.599999999999998,17.716666666666665,19.966666666666665,22.68,0.0,2026-02,avg_duration_by_zone_hour,True
133,Kensington,0,13,16.594871794871793,17.333333333333332,20.2,24.380000000000003,0.0,2026-02,avg_duration_by_zone_hour,True
192,Queensboro Hill,2,1,16.55,16.55,17.541666666666668,16.55,0.0,2026-02,avg_duration_by_zone_hour,True
54,Columbia Street,2,3,16.461111111111112,18.65,19.025,20.14333333333333,0.0,2026-02,avg_duration_by_zone_hour,True
98,Fresh Meadows,13,14,16.392857142857142,14.133333333333333,35.86666666666667,30.246666666666673,0.0,2026-02,avg_duration_by_zone_hour,True
254,Williamsbridge/Olinville,2,1,16.216666666666665,16.216666666666665,14.05,16.216666666666665,0.0,2026-02,avg_duration_by_zone_hour,True
175,Oakland Gardens,21,7,16.214285714285715,16.633333333333333,24.983333333333334,24.55,0.0,2026-02,avg_duration_by_zone_hour,True
31,Bronx Park,19,1,16.15,16.15,20.7,16.15,0.0,2026-02,avg_duration_by_zone_hour,True
8,Astoria Park,6,1,16.066666666666666,16.066666666666666,26.34166666666667,16.066666666666666,0.0,2026-02,avg_duration_by_zone_hour,True
15,Bay Terrace/Fort Totten,1,3,16.03333333333333,17.083333333333332,19.966666666666665,18.683333333333334,0.0,2026-02,avg_duration_by_zone_hour,True
34,Brooklyn Navy Yard,10,4,15.9375,14.45,28.716666666666665,22.683333333333337,0.0,2026-02,avg_duration_by_zone_hour,True
207,Saint Michaels Cemetery/Woodside,1,1,15.933333333333334,15.933333333333334,19.966666666666665,15.933333333333334,0.0,2026-02,avg_duration_by_zone_hour,True
187,Port Richmond,23,1,15.883333333333333,15.883333333333333,13.916666666666666,15.883333333333333,0.0,2026-02,avg_duration_by_zone_hour,True
16,Bayside,22,10,15.794999999999998,16.674999999999997,24.516666666666666,23.94,0.0,2026-02,avg_duration_by_zone_hour,True
184,Pelham Bay Park,5,1,15.766666666666667,15.766666666666667,27.383333333333333,15.766666666666667,0.0,2026-02,avg_duration_by_zone_hour,True
9,Auburndale,21,6,15.713888888888889,16.458333333333336,24.983333333333334,20.491666666666667,0.0,2026-02,avg_duration_by_zone_hour,True
155,Marine Park/Mill Basin,2,1,15.666666666666666,15.666666666666666,19.025,15.666666666666666,0.0,2026-02,avg_duration_by_zone_hour,True
30,Broad Channel,0,1,15.65,15.65,21.433333333333334,15.65,0.0,2026-02,avg_duration_by_zone_hour,True
156,Mariners Harbor,17,1,15.583333333333334,15.583333333333334,21.200000000000003,15.583333333333334,0.0,2026-02,avg_duration_by_zone_hour,True
175,Oakland Gardens,2,1,15.516666666666667,15.516666666666667,17.541666666666668,15.516666666666667,0.0,2026-02,avg_duration_by_zone_hour,True
96,Forest Park/Highland Park,19,3,15.427777777777777,15.083333333333334,30.15,22.189999999999998,0.0,2026-02,avg_duration_by_zone_hour,True
252,Whitestone,21,11,15.275757575757575,19.583333333333332,24.983333333333334,22.483333333333334,0.0,2026-02,avg_duration_by_zone_hour,True
67,Dyker Heights,0,3,15.222222222222221,15.666666666666666,20.2,19.386666666666667,0.0,2026-02,avg_duration_by_zone_hour,True
23,Bloomfield/Emerson Hill,22,1,15.2,15.2,13.833333333333334,15.2,0.0,2026-02,avg_duration_by_zone_hour,True
57,Corona,14,4,15.125,10.841666666666667,38.6,27.148333333333337,0.0,2026-02,avg_duration_by_zone_hour,True
9,Auburndale,1,1,15.083333333333334,15.083333333333334,19.966666666666665,15.083333333333334,0.0,2026-02,avg_duration_by_zone_hour,True
134,Kew Gardens,20,24,15.069444444444445,14.241666666666667,27.883333333333333,25.418333333333333,0.0,2026-02,avg_duration_by_zone_hour,True
111,Green-Wood Cemetery,6,1,14.983333333333333,14.983333333333333,28.933333333333334,14.983333333333333,0.0,2026-02,avg_duration_by_zone_hour,True
53,College Point,3,8,14.774999999999999,15.350000000000001,16.966666666666665,19.116666666666667,0.0,2026-02,avg_duration_by_zone_hour,True
253,Willets Point,15,1,14.766666666666667,14.766666666666667,41.333333333333336,14.766666666666667,0.0,2026-02,avg_duration_by_zone_hour,True
200,Riverdale/North Riverdale/Fieldston,1,3,14.694444444444443,17.583333333333332,14.941666666666666,17.889999999999997,0.0,2026-02,avg_duration_by_zone_hour,True
155,Marine Park/Mill Basin,1,3,14.677777777777777,12.15,19.716666666666665,20.310000000000002,0.0,2026-02,avg_duration_by_zone_hour,True
184,Pelham Bay Park,10,4,14.654166666666667,15.041666666666666,35.916666666666664,20.52166666666667,0.0,2026-02,avg_duration_by_zone_hour,True
122,Hollis,22,6,14.463888888888889,13.866666666666667,24.516666666666666,21.041666666666664,0.0,2026-02,avg_duration_by_zone_hour,True
30,Broad Channel,22,1,14.4,14.4,24.516666666666666,14.4,0.0,2026-02,avg_duration_by_zone_hour,True
15,Bay Terrace/Fort Totten,19,4,14.383333333333333,11.5,30.15,25.765000000000004,0.0,2026-02,avg_duration_by_zone_hour,True
8,Astoria Park,0,1,14.366666666666667,14.366666666666667,21.433333333333334,14.366666666666667,0.0,2026-02,avg_duration_by_zone_hour,True
135,Kew Gardens Hills,0,8,14.34375,13.8,21.433333333333334,19.833333333333332,0.0,2026-02,avg_duration_by_zone_hour,True
67,Dyker Heights,21,8,14.310416666666667,13.625,22.083333333333332,23.535,0.0,2026-02,avg_duration_by_zone_hour,True
221,Stapleton,15,1,14.3,14.3,15.65,14.3,0.0,2026-02,avg_duration_by_zone_hour,True
222,Starrett City,23,12,14.275,14.708333333333334,20.8,20.275000000000002,0.0,2026-02,avg_duration_by_zone_hour,True
2,Jamaica Bay,10,2,14.25,14.25,33.733333333333334,19.81,0.0,2026-02,avg_duration_by_zone_hour,True
46,City Island,23,1,14.25,14.25,15.791666666666668,14.25,0.0,2026-02,avg_duration_by_zone_hour,True
253,Willets Point,22,1,14.233333333333333,14.233333333333333,24.516666666666666,14.233333333333333,0.0,2026-02,avg_duration_by_zone_hour,True
135,Kew Gardens Hills,3,6,14.113888888888889,12.425,16.966666666666665,17.78333333333333,0.0,2026-02,avg_duration_by_zone_hour,True
81,Eastchester,0,2,14.108333333333334,14.108333333333334,15.233333333333333,14.861666666666668,0.0,2026-02,avg_duration_by_zone_hour,True
154,Marine Park/Floyd Bennett Field,16,3,14.066666666666668,13.133333333333333,27.583333333333332,20.52,0.0,2026-02,avg_duration_by_zone_hour,True
160,Middle Village,0,11,14.036363636363637,15.183333333333334,21.433333333333334,19.166666666666668,0.0,2026-02,avg_duration_by_zone_hour,True
251,Westerleigh,21,2,14.025,14.025,13.716666666666667,14.125,0.0,2026-02,avg_duration_by_zone_hour,True
221,Stapleton,13,2,14.0,14.0,15.483333333333333,15.08,0.0,2026-02,avg_duration_by_zone_hour,True
134,Kew Gardens,21,17,13.989215686274509,12.55,24.983333333333334,24.910000000000004,0.0,2026-02,avg_duration_by_zone_hour,True
126,Hunts Point,3,4,13.966666666666667,14.375,16.46666666666667,16.685,0.0,2026-02,avg_duration_by_zone_hour,True
64,Douglaston,0,4,13.945833333333333,11.483333333333334,21.433333333333334,19.64,0.0,2026-02,avg_duration_by_zone_hour,True
252,Whitestone,1,3,13.894444444444446,15.2,19.966666666666665,15.733333333333334,0.0,2026-02,avg_duration_by_zone_hour,True
122,Hollis,0,3,13.833333333333334,13.116666666666667,21.433333333333334,15.996666666666666,0.0,2026-02,avg_duration_by_zone_hour,True
18,Bedford Park,3,2,13.825000000000001,13.825000000000001,16.46666666666667,18.791666666666668,0.0,2026-02,avg_duration_by_zone_hour,True
165,Midwood,3,1,13.8,13.8,18.966666666666665,13.8,0.0,2026-02,avg_duration_by_zone_hour,True
46,City Island,4,1,13.716666666666667,13.716666666666667,19.833333333333332,13.716666666666667,0.0,2026-02,avg_duration_by_zone_hour,True
210,Sheepshead Bay,2,3,13.661111111111111,13.166666666666666,19.025,15.766666666666667,0.0,2026-02,avg_duration_by_zone_hour,True
8,Astoria Park,21,3,13.655555555555557,13.3,24.983333333333334,19.833333333333332,0.0,2026-02,avg_duration_by_zone_hour,True
150,Manhattan Beach,4,1,13.65,13.65,19.583333333333332,13.65,0.0,2026-02,avg_duration_by_zone_hour,True
12,Battery Park,3,1,13.616666666666667,13.616666666666667,11.0,13.616666666666667,0.0,2026-02,avg_duration_by_zone_hour,True
30,Broad Channel,2,1,13.616666666666667,13.616666666666667,17.541666666666668,13.616666666666667,0.0,2026-02,avg_duration_by_zone_hour,True
30,Broad Channel,1,3,13.611111111111109,13.25,19.966666666666665,18.316666666666666,0.0,2026-02,avg_duration_by_zone_hour,True
241,Van Cortlandt Village,1,6,13.588888888888889,14.649999999999999,14.941666666666666,16.958333333333332,0.0,2026-02,avg_duration_by_zone_hour,True
20,Belmont,1,3,13.577777777777778,14.733333333333333,14.941666666666666,14.866666666666667,0.0,2026-02,avg_duration_by_zone_hour,True
217,South Williamsburg,4,11,13.546969696969695,14.816666666666666,19.583333333333332,17.966666666666665,0.0,2026-02,avg_duration_by_zone_hour,True
23,Bloomfield/Emerson Hill,10,1,13.45,13.45,14.733333333333333,13.45,0.0,2026-02,avg_duration_by_zone_hour,True
52,Cobble Hill,3,4,13.45,13.091666666666667,18.966666666666665,17.028333333333336,0.0,2026-02,avg_duration_by_zone_hour,True
57,Corona,0,4,13.391666666666666,12.7,21.433333333333334,15.193333333333333,0.0,2026-02,avg_duration_by_zone_hour,True
19,Bellerose,1,5,13.36,16.5,19.966666666666665,19.913333333333334,0.0,2026-02,avg_duration_by_zone_hour,True
6,Arrochar/Fort Wadsworth,11,1,13.25,13.25,14.983333333333333,13.25,0.0,2026-02,avg_duration_by_zone_hour,True
194,Randalls Island,12,3,13.244444444444445,14.966666666666667,13.833333333333334,15.98,0.0,2026-02,avg_duration_by_zone_hour,True
210,Sheepshead Bay,22,24,13.143749999999999,11.933333333333334,21.416666666666668,22.955,0.0,2026-02,avg_duration_by_zone_hour,True
128,Inwood Hill Park,1,1,13.083333333333334,13.083333333333334,11.95,13.083333333333334,0.0,2026-02,avg_duration_by_zone_hour,True
120,Highbridge Park,22,2,13.033333333333333,13.033333333333333,12.866666666666667,13.366666666666665,0.0,2026-02,avg_duration_by_zone_hour,True
111,Green-Wood Cemetery,18,2,13.025,13.025,23.816666666666666,16.445,0.0,2026-02,avg_duration_by_zone_hour,True
192,Queensboro Hill,1,4,13.016666666666667,12.516666666666667,19.966666666666665,15.430000000000001,0.0,2026-02,avg_duration_by_zone_hour,True
31,Bronx Park,2,1,12.983333333333333,12.983333333333333,14.05,12.983333333333333,0.0,2026-02,avg_duration_by_zone_hour,True
40,Carroll Gardens,3,5,12.953333333333333,13.933333333333334,18.966666666666665,17.0,0.0,2026-02,avg_duration_by_zone_hour,True
154,Marine Park/Floyd Bennett Field,22,2,12.908333333333333,12.908333333333333,21.416666666666668,20.088333333333335,0.0,2026-02,avg_duration_by_zone_hour,True
73,East Flushing,0,3,12.75,15.283333333333333,21.433333333333334,15.683333333333334,0.0,2026-02,avg_duration_by_zone_hour,True
172,New Dorp/Midland Beach,11,1,12.75,12.75,14.983333333333333,12.75,0.0,2026-02,avg_duration_by_zone_hour,True
16,Bayside,1,5,12.733333333333334,14.216666666666667,19.966666666666665,16.603333333333335,0.0,2026-02,avg_duration_by_zone_hour,True
123,Homecrest,2,1,12.616666666666667,12.616666666666667,19.025,12.616666666666667,0.0,2026-02,avg_duration_by_zone_hour,True
208,Schuylerville/Edgewater Park,3,6,12.516666666666666,12.258333333333333,16.46666666666667,15.841666666666665,0.0,2026-02,avg_duration_by_zone_hour,True
55,Coney Island,2,3,12.488888888888889,11.383333333333333,19.025,17.276666666666667,0.0,2026-02,avg_duration_by_zone_hour,True
221,Stapleton,9,3,12.472222222222221,12.933333333333334,14.783333333333333,15.04,0.0,2026-02,avg_duration_by_zone_hour,True
240,Van Cortlandt Park,22,1,12.433333333333334,12.433333333333334,17.366666666666667,12.433333333333334,0.0,2026-02,avg_duration_by_zone_hour,True
118,Heartland Village/Todt Hill,11,1,12.383333333333333,12.383333333333333,14.983333333333333,12.383333333333333,0.0,2026-02,avg_duration_by_zone_hour,True
64,Douglaston,1,2,12.333333333333334,12.333333333333334,19.966666666666665,12.786666666666667,0.0,2026-02,avg_duration_by_zone_hour,True
183,Pelham Bay,22,7,12.166666666666668,12.0,17.366666666666667,15.403333333333336,0.0,2026-02,avg_duration_by_zone_hour,True
178,Ocean Parkway South,2,1,12.15,12.15,19.025,12.15,0.0,2026-02,avg_duration_by_zone_hour,True
91,Flatlands,2,4,12.070833333333333,10.566666666666666,19.025,17.355,0.0,2026-02,avg_duration_by_zone_hour,True
93,Flushing Meadows-Corona Park,1,5,12.053333333333333,11.933333333333334,19.966666666666665,17.436666666666667,0.0,2026-02,avg_duration_by_zone_hour,True
135,Kew Gardens Hills,1,9,12.012962962962964,11.616666666666667,19.966666666666665,14.456666666666667,0.0,2026-02,avg_duration_by_zone_hour,True
214,South Beach/Dongan Hills,16,1,12.0,12.0,15.233333333333333,12.0,0.0,2026-02,avg_duration_by_zone_hour,True
29,Brighton Beach,1,2,11.983333333333334,11.983333333333334,19.716666666666665,15.396666666666667,0.0,2026-02,avg_duration_by_zone_hour,True
27,Breezy Point/Fort Tilden/Riis Beach,0,1,11.966666666666667,11.966666666666667,21.433333333333334,11.966666666666667,0.0,2026-02,avg_duration_by_zone_hour,True
57,Corona,7,2,11.958333333333332,11.958333333333332,30.4,14.218333333333334,0.0,2026-02,avg_duration_by_zone_hour,True
30,Broad Channel,16,1,11.933333333333334,11.933333333333334,42.81666666666667,11.933333333333334,0.0,2026-02,avg_duration_by_zone_hour,True
57,Corona,4,7,11.916666666666666,8.9,17.4,19.436666666666667,0.0,2026-02,avg_duration_by_zone_hour,True
96,Forest Park/Highland Park,14,1,11.9,11.9,38.6,11.9,0.0,2026-02,avg_duration_by_zone_hour,True
214,South Beach/Dongan Hills,23,4,11.866666666666667,12.483333333333334,13.916666666666666,17.041666666666668,0.0,2026-02,avg_duration_by_zone_hour,True
160,Middle Village,1,6,11.819444444444445,13.758333333333333,19.966666666666665,17.475,0.0,2026-02,avg_duration_by_zone_hour,True
78,East Tremont,1,8,11.816666666666666,11.258333333333333,14.941666666666666,15.035,0.0,2026-02,avg_duration_by_zone_hour,True
169,Mount Hope,2,3,11.794444444444444,13.35,14.05,14.67,0.0,2026-02,avg_duration_by_zone_hour,True
131,Jamaica Estates,3,5,11.790000000000001,9.466666666666667,16.966666666666665,15.843333333333334,0.0,2026-02,avg_duration_by_zone_hour,True
183,Pelham Bay,23,6,11.780555555555557,12.416666666666666,15.791666666666668,16.666666666666668,0.0,2026-02,avg_duration_by_zone_hour,True
60,Crotona Park East,1,3,11.761111111111111,9.35,14.941666666666666,16.21666666666667,0.0,2026-02,avg_duration_by_zone_hour,True
54,Columbia Street,3,2,11.658333333333333,11.658333333333333,18.966666666666665,12.011666666666667,0.0,2026-02,avg_duration_by_zone_hour,True
94,Fordham South,22,8,11.560416666666667,12.350000000000001,17.366666666666667,16.53333333333333,0.0,2026-02,avg_duration_by_zone_hour,True
9,Auburndale,22,6,11.547222222222222,11.241666666666667,24.516666666666666,17.841666666666665,0.0,2026-02,avg_duration_by_zone_hour,True
57,Corona,23,4,11.541666666666668,8.266666666666667,22.466666666666665,19.825000000000003,0.0,2026-02,avg_duration_by_zone_hour,True
8,Astoria Park,7,1,11.533333333333333,11.533333333333333,30.4,11.533333333333333,0.0,2026-02,avg_duration_by_zone_hour,True
11,Bath Beach,1,1,11.533333333333333,11.533333333333333,19.716666666666665,11.533333333333333,0.0,2026-02,avg_duration_by_zone_hour,True
196,Rego Park,2,3,11.494444444444445,10.15,17.541666666666668,16.01666666666667,0.0,2026-02,avg_duration_by_zone_hour,True
21,Bensonhurst East,2,4,11.279166666666667,11.841666666666667,19.025,13.075,0.0,2026-02,avg_duration_by_zone_hour,True
3,Allerton/Pelham Gardens,1,2,11.258333333333333,11.258333333333333,14.941666666666666,12.625,0.0,2026-02,avg_duration_by_zone_hour,True
94,Fordham South,2,2,11.225,11.225,14.05,13.178333333333333,0.0,2026-02,avg_duration_by_zone_hour,True
252,Whitestone,0,6,11.205555555555556,10.991666666666667,21.433333333333334,17.650000000000002,0.0,2026-02,avg_duration_by_zone_hour,True
221,Stapleton,5,3,11.183333333333332,10.883333333333333,13.666666666666666,12.896666666666667,0.0,2026-02,avg_duration_by_zone_hour,True
96,Forest Park/Highland Park,3,2,11.133333333333333,11.133333333333333,16.966666666666665,11.879999999999999,0.0,2026-02,avg_duration_by_zone_hour,True
165,Midwood,1,6,11.108333333333333,11.325,19.716666666666665,18.983333333333334,0.0,2026-02,avg_duration_by_zone_hour,True
93,Flushing Meadows-Corona Park,3,3,11.016666666666666,10.466666666666667,16.966666666666665,12.426666666666666,0.0,2026-02,avg_duration_by_zone_hour,True
190,Prospect Park,2,1,11.0,11.0,19.025,11.0,0.0,2026-02,avg_duration_by_zone_hour,True
8,Astoria Park,15,2,10.941666666666666,10.941666666666666,41.333333333333336,12.575,0.0,2026-02,avg_duration_by_zone_hour,True
171,Murray Hill-Queens,4,2,10.883333333333333,10.883333333333333,17.4,18.07,0.0,2026-02,avg_duration_by_zone_hour,True
257,Windsor Terrace,3,4,10.825,10.475,18.966666666666665,14.473333333333334,0.0,2026-02,avg_duration_by_zone_hour,True
172,New Dorp/Midland Beach,1,2,10.75,10.75,12.666666666666666,13.003333333333334,0.0,2026-02,avg_duration_by_zone_hour,True
183,Pelham Bay,3,2,10.733333333333333,10.733333333333333,16.46666666666667,17.85333333333333,0.0,2026-02,avg_duration_by_zone_hour,True
201,Rockaway Park,3,1,10.7,10.7,16.966666666666665,10.7,0.0,2026-02,avg_duration_by_zone_hour,True
247,West Concourse,2,4,10.579166666666666,10.241666666666667,14.05,13.190000000000001,0.0,2026-02,avg_duration_by_zone_hour,True
111,Green-Wood Cemetery,9,1,10.516666666666667,10.516666666666667,28.0,10.516666666666667,0.0,2026-02,avg_duration_by_zone_hour,True
3,Allerton/Pelham Gardens,3,2,10.5,10.5,16.46666666666667,10.633333333333333,0.0,2026-02,avg_duration_by_zone_hour,True
26,Borough Park,3,4,10.4625,11.100000000000001,18.966666666666665,13.521666666666668,0.0,2026-02,avg_duration_by_zone_hour,True
221,Stapleton,22,1,10.166666666666666,10.166666666666666,13.833333333333334,10.166666666666666,0.0,2026-02,avg_duration_by_zone_hour,True
6,Arrochar/Fort Wadsworth,9,1,10.15,10.15,14.783333333333333,10.15,0.0,2026-02,avg_duration_by_zone_hour,True
207,Saint Michaels Cemetery/Woodside,12,10,10.131666666666666,2.3666666666666667,33.38333333333333,36.27166666666667,0.0,2026-02,avg_duration_by_zone_hour,True
207,Saint Michaels Cemetery/Woodside,21,3,10.077777777777778,6.983333333333333,24.983333333333334,14.690000000000001,0.0,2026-02,avg_duration_by_zone_hour,True
8,Astoria Park,23,2,10.016666666666666,10.016666666666666,22.466666666666665,10.443333333333333,0.0,2026-02,avg_duration_by_zone_hour,True
154,Marine Park/Floyd Bennett Field,23,4,10.008333333333335,7.791666666666666,20.8,15.538333333333338,0.0,2026-02,avg_duration_by_zone_hour,True
184,Pelham Bay Park,12,1,9.966666666666667,9.966666666666667,33.625,9.966666666666667,0.0,2026-02,avg_duration_by_zone_hour,True
123,Homecrest,1,4,9.925,9.391666666666666,19.716666666666665,11.663333333333334,0.0,2026-02,avg_duration_by_zone_hour,True
207,Saint Michaels Cemetery/Woodside,14,13,9.79102564102564,4.416666666666667,38.6,26.35,0.0,2026-02,avg_duration_by_zone_hour,True
174,Norwood,2,2,9.725,9.725,14.05,14.665000000000001,0.0,2026-02,avg_duration_by_zone_hour,True
134,Kew Gardens,2,7,9.528571428571428,8.65,17.541666666666668,15.75,0.0,2026-02,avg_duration_by_zone_hour,True
31,Bronx Park,1,1,9.5,9.5,14.941666666666666,9.5,0.0,2026-02,avg_duration_by_zone_hour,True
154,Marine Park/Floyd Bennett Field,20,4,9.408333333333335,7.325000000000001,22.833333333333332,17.111666666666668,0.0,2026-02,avg_duration_by_zone_hour,True
93,Flushing Meadows-Corona Park,2,2,9.4,9.4,17.541666666666668,10.08,0.0,2026-02,avg_duration_by_zone_hour,True
19,Bellerose,21,4,9.383333333333333,7.175,24.983333333333334,17.045,0.0,2026-02,avg_duration_by_zone_hour,True
153,Marble Hill,3,1,9.366666666666667,9.366666666666667,11.0,9.366666666666667,0.0,2026-02,avg_duration_by_zone_hour,True
207,Saint Michaels Cemetery/Woodside,4,1,9.316666666666666,9.316666666666666,17.4,9.316666666666666,0.0,2026-02,avg_duration_by_zone_hour,True
250,Westchester Village/Unionport,2,6,9.275,9.775,14.05,13.166666666666666,0.0,2026-02,avg_duration_by_zone_hour,True
207,Saint Michaels Cemetery/Woodside,3,2,9.266666666666666,9.266666666666666,16.966666666666665,12.213333333333333,0.0,2026-02,avg_duration_by_zone_hour,True
250,Westchester Village/Unionport,1,6,9.227777777777778,6.925,14.941666666666666,15.966666666666667,0.0,2026-02,avg_duration_by_zone_hour,True
9,Auburndale,23,1,9.183333333333334,9.183333333333334,22.466666666666665,9.183333333333334,0.0,2026-02,avg_duration_by_zone_hour,True
77,East New York/Pennsylvania Avenue,1,2,9.141666666666666,9.141666666666666,19.716666666666665,12.201666666666666,0.0,2026-02,avg_duration_by_zone_hour,True
120,Highbridge Park,2,2,9.125,9.125,11.533333333333333,11.891666666666667,0.0,2026-02,avg_duration_by_zone_hour,True
8,Astoria Park,16,2,8.933333333333334,8.933333333333334,42.81666666666667,11.56,0.0,2026-02,avg_duration_by_zone_hour,True
73,East Flushing,3,3,8.844444444444445,8.8,16.966666666666665,12.453333333333333,0.0,2026-02,avg_duration_by_zone_hour,True
175,Oakland Gardens,22,1,8.783333333333333,8.783333333333333,24.516666666666666,8.783333333333333,0.0,2026-02,avg_duration_by_zone_hour,True
250,Westchester Village/Unionport,0,9,8.757407407407406,9.45,15.233333333333333,13.113333333333333,0.0,2026-02,avg_duration_by_zone_hour,True
6,Arrochar/Fort Wadsworth,3,1,8.466666666666667,8.466666666666667,11.883333333333333,8.466666666666667,0.0,2026-02,avg_duration_by_zone_hour,True
108,Gravesend,2,2,8.399999999999999,8.399999999999999,19.025,10.866666666666665,0.0,2026-02,avg_duration_by_zone_hour,True
30,Broad Channel,20,1,8.15,8.15,27.883333333333333,8.15,0.0,2026-02,avg_duration_by_zone_hour,True
221,Stapleton,1,1,8.15,8.15,12.666666666666666,8.15,0.0,2026-02,avg_duration_by_zone_hour,True
98,Fresh Meadows,2,2,8.091666666666667,8.091666666666667,17.541666666666668,11.698333333333334,0.0,2026-02,avg_duration_by_zone_hour,True
194,Randalls Island,2,1,8.033333333333333,8.033333333333333,11.533333333333333,8.033333333333333,0.0,2026-02,avg_duration_by_zone_hour,True
6,Arrochar/Fort Wadsworth,21,2,7.783333333333333,7.783333333333333,13.716666666666667,7.970000000000001,0.0,2026-02,avg_duration_by_zone_hour,True
172,New Dorp/Midland Beach,5,1,7.766666666666667,7.766666666666667,13.666666666666666,7.766666666666667,0.0,2026-02,avg_duration_by_zone_hour,True
207,Saint Michaels Cemetery/Woodside,13,16,7.742708333333334,1.2666666666666666,35.86666666666667,21.708333333333336,0.0,2026-02,avg_duration_by_zone_hour,True
1,Newark Airport,4,1,7.666666666666667,7.666666666666667,13.2,7.666666666666667,0.0,2026-02,avg_duration_by_zone_hour,True
84,Eltingville/Annadale/Prince's Bay,18,1,7.533333333333333,7.533333333333333,14.1,7.533333333333333,0.0,2026-02,avg_duration_by_zone_hour,True
6,Arrochar/Fort Wadsworth,19,2,7.516666666666666,7.516666666666666,13.766666666666667,8.063333333333333,0.0,2026-02,avg_duration_by_zone_hour,True
149,Madison,2,3,7.433333333333334,7.866666666666666,19.025,8.746666666666666,0.0,2026-02,avg_duration_by_zone_hour,True
194,Randalls Island,4,1,7.433333333333334,7.433333333333334,11.4,7.433333333333334,0.0,2026-02,avg_duration_by_zone_hour,True
32,Bronxdale,2,1,7.333333333333333,7.333333333333333,14.05,7.333333333333333,0.0,2026-02,avg_duration_by_zone_hour,True
12,Battery Park,2,2,7.316666666666666,7.316666666666666,11.533333333333333,10.61,0.0,2026-02,avg_duration_by_zone_hour,True
123,Homecrest,4,3,7.1499999999999995,7.366666666666666,19.583333333333332,7.66,0.0,2026-02,avg_duration_by_zone_hour,True
111,Green-Wood Cemetery,1,1,7.033333333333333,7.033333333333333,19.716666666666665,7.033333333333333,0.0,2026-02,avg_duration_by_zone_hour,True
38,Cambria Heights,3,1,6.95,6.95,16.966666666666665,6.95,0.0,2026-02,avg_duration_by_zone_hour,True
2,Jamaica Bay,19,1,6.916666666666667,6.916666666666667,30.15,6.916666666666667,0.0,2026-02,avg_duration_by_zone_hour,True
8,Astoria Park,19,2,6.883333333333333,6.883333333333333,30.15,9.163333333333332,0.0,2026-02,avg_duration_by_zone_hour,True
253,Willets Point,19,1,6.75,6.75,30.15,6.75,0.0,2026-02,avg_duration_by_zone_hour,True
257,Windsor Terrace,2,3,6.655555555555555,6.6,19.025,8.653333333333332,0.0,2026-02,avg_duration_by_zone_hour,True
2,Jamaica Bay,1,1,6.583333333333333,6.583333333333333,19.966666666666665,6.583333333333333,0.0,2026-02,avg_duration_by_zone_hour,True
184,Pelham Bay Park,2,1,6.55,6.55,14.05,6.55,0.0,2026-02,avg_duration_by_zone_hour,True
176,Oakwood,13,1,6.5,6.5,15.483333333333333,6.5,0.0,2026-02,avg_duration_by_zone_hour,True
64,Douglaston,3,2,6.183333333333334,6.183333333333334,16.966666666666665,9.556666666666667,0.0,2026-02,avg_duration_by_zone_hour,True
171,Murray Hill-Queens,5,4,6.020833333333334,5.625,20.25,9.816666666666666,0.0,2026-02,avg_duration_by_zone_hour,True
27,Breezy Point/Fort Tilden/Riis Beach,20,1,5.816666666666666,5.816666666666666,27.883333333333333,5.816666666666666,0.0,2026-02,avg_duration_by_zone_hour,True
149,Madison,1,2,5.699999999999999,5.699999999999999,19.716666666666665,6.3933333333333335,0.0,2026-02,avg_duration_by_zone_hour,True
201,Rockaway Park,2,3,5.366666666666667,4.733333333333333,17.541666666666668,7.813333333333334,0.0,2026-02,avg_duration_by_zone_hour,True
57,Corona,15,1,5.366666666666666,5.366666666666666,41.333333333333336,5.366666666666666,0.0,2026-02,avg_duration_by_zone_hour,True
207,Saint Michaels Cemetery/Woodside,11,13,5.175641025641026,1.25,33.56666666666667,14.57000000000001,0.0,2026-02,avg_duration_by_zone_hour,True
8,Astoria Park,8,2,5.083333333333333,5.083333333333333,33.65,7.603333333333333,0.0,2026-02,avg_duration_by_zone_hour,True
15,Bay Terrace/Fort Totten,4,3,5.033333333333333,4.8,17.4,5.573333333333333,0.0,2026-02,avg_duration_by_zone_hour,True
120,Highbridge Park,0,1,4.9,4.9,12.233333333333333,4.9,0.0,2026-02,avg_duration_by_zone_hour,True
31,Bronx Park,23,2,4.866666666666667,4.866666666666667,15.791666666666668,7.8933333333333335,0.0,2026-02,avg_duration_by_zone_hour,True
120,Highbridge Park,23,2,4.841666666666667,4.841666666666667,12.7,7.341666666666667,0.0,2026-02,avg_duration_by_zone_hour,True
59,Crotona Park,2,1,4.833333333333333,4.833333333333333,14.05,4.833333333333333,0.0,2026-02,avg_duration_by_zone_hour,True
207,Saint Michaels Cemetery/Woodside,6,2,4.675,4.675,26.34166666666667,5.335,0.0,2026-02,avg_duration_by_zone_hour,True
120,Highbridge Park,1,1,4.65,4.65,11.95,4.65,0.0,2026-02,avg_duration_by_zone_hour,True
240,Van Cortlandt Park,2,1,4.5,4.5,14.05,4.5,0.0,2026-02,avg_duration_by_zone_hour,True
9,Auburndale,12,1,4.433333333333334,4.433333333333334,33.38333333333333,4.433333333333334,0.0,2026-02,avg_duration_by_zone_hour,True
67,Dyker Heights,4,2,4.25,4.25,19.583333333333332,6.6899999999999995,0.0,2026-02,avg_duration_by_zone_hour,True
38,Cambria Heights,0,3,4.194444444444444,4.983333333333333,21.433333333333334,5.4366666666666665,0.0,2026-02,avg_duration_by_zone_hour,True
1,Newark Airport,15,2,4.033333333333333,4.033333333333333,15.65,4.5,0.0,2026-02,avg_duration_by_zone_hour,True
201,Rockaway Park,1,3,3.9333333333333336,4.3,19.966666666666665,4.593333333333334,0.0,2026-02,avg_duration_by_zone_hour,True
1,Newark Airport,9,1,3.1333333333333333,3.1333333333333333,14.783333333333333,3.1333333333333333,0.0,2026-02,avg_duration_by_zone_hour,True
207,Saint Michaels Cemetery/Woodside,5,3,2.85,3.216666666666667,20.25,3.6966666666666668,0.0,2026-02,avg_duration_by_zone_hour,True
187,Port Richmond,15,1,2.7666666666666666,2.7666666666666666,15.65,2.7666666666666666,0.0,2026-02,avg_duration_by_zone_hour,True
1,Newark Airport,5,3,1.8444444444444443,1.4833333333333334,13.666666666666666,2.4299999999999997,0.0,2026-02,avg_duration_by_zone_hour,True
1,Newark Airport,12,1,1.5666666666666667,1.5666666666666667,15.133333333333333,1.5666666666666667,0.0,2026-02,avg_duration_by_zone_hour,True
253,Willets Point,3,1,1.2333333333333334,1.2333333333333334,16.966666666666665,1.2333333333333334,0.0,2026-02,avg_duration_by_zone_hour,True
1,Newark Airport,11,1,1.15,1.15,14.983333333333333,1.15,0.0,2026-02,avg_duration_by_zone_hour,True
