PULocationID,pickup_zone,pickup_hour,trips,unreliable_trips,avg_duration_min,expected_duration_min,delay_rate,month,metric,benchmark_share_citywide_hour,benchmark_share_pickup_borough_hour,benchmark_share_pickup_zone_hour,benchmark_share_zone_pair_hour,low_sample
216,South Ozone Park,16,91,54,33.35,19.816666666666666,0.5934065934065934,2026-03,unreliable_trip_rate,0.0,0.0,0.6373626373626373,0.3626373626373626,False
129,Jackson Heights,15,120,67,23.587777777777777,18.90833333333333,0.5583333333333333,2026-03,unreliable_trip_rate,0.0,0.0,0.6833333333333333,0.31666666666666665,False
216,South Ozone Park,15,99,55,30.214309764309764,17.416666666666668,0.5555555555555556,2026-03,unreliable_trip_rate,0.0,0.0,0.6363636363636364,0.36363636363636365,False
129,Jackson Heights,12,161,86,24.659627329192546,21.033333333333335,0.5341614906832298,2026-03,unreliable_trip_rate,0.0,0.0,0.7639751552795031,0.2360248447204969,False
216,South Ozone Park,14,118,63,24.57175141242938,11.366666666666667,0.5338983050847458,2026-03,unreliable_trip_rate,0.0,0.0,0.652542372881356,0.3474576271186441,False
41,Central Harlem,14,1073,556,20.752795899347625,15.783333333333333,0.5181733457595527,2026-03,unreliable_trip_rate,0.0,0.0,0.5694315004659832,0.43056849953401677,False
41,Central Harlem,17,1279,649,20.510529059160802,14.783333333333333,0.5074276778733385,2026-03,unreliable_trip_rate,0.0,0.0,0.49335418295543393,0.506645817044566,False
41,Central Harlem,15,1031,521,22.427077271257676,16.6,0.5053346265761397,2026-03,unreliable_trip_rate,0.0,0.0,0.5829291949563531,0.41707080504364696,False
75,East Harlem South,20,1347,673,14.46620885919327,12.0,0.49962880475129917,2026-03,unreliable_trip_rate,0.0,0.0,0.5308092056421678,0.46919079435783223,False
75,East Harlem South,19,1776,885,14.639714714714716,11.641666666666666,0.4983108108108108,2026-03,unreliable_trip_rate,0.0,0.0,0.3963963963963964,0.6036036036036037,False
75,East Harlem South,14,2015,1000,19.859636062861867,13.916666666666666,0.49627791563275436,2026-03,unreliable_trip_rate,0.0,0.0,0.36774193548387096,0.632258064516129,False
75,East Harlem South,11,1910,939,20.37541884816754,13.75,0.49162303664921464,2026-03,unreliable_trip_rate,0.0,0.0,0.387434554973822,0.612565445026178,False
50,Clinton West,16,1371,673,16.83796498905908,12.2,0.4908825674690007,2026-03,unreliable_trip_rate,0.0,0.0,0.4646243617797228,0.5353756382202771,False
41,Central Harlem,19,1215,595,15.725034293552813,11.6,0.4897119341563786,2026-03,unreliable_trip_rate,0.0,0.0,0.460082304526749,0.5399176954732511,False
75,East Harlem South,18,2036,995,16.40503438113949,10.908333333333333,0.48870333988212183,2026-03,unreliable_trip_rate,0.0,0.0,0.4032416502946955,0.5967583497053045,False
228,Sunset Park West,21,43,21,25.23759689922481,20.966666666666665,0.4883720930232558,2026-03,unreliable_trip_rate,0.0,0.0,1.0,0.0,False
24,Bloomingdale,16,571,278,15.330793928779919,11.733333333333333,0.4868651488616462,2026-03,unreliable_trip_rate,0.0,0.0,0.6392294220665499,0.3607705779334501,False
83,Elmhurst/Maspeth,11,37,18,20.035135135135135,16.833333333333332,0.4864864864864865,2026-03,unreliable_trip_rate,0.0,0.0,1.0,0.0,False
75,East Harlem South,12,1879,914,19.145893205605816,14.033333333333333,0.48642895156998406,2026-03,unreliable_trip_rate,0.0,0.0,0.3927621075039915,0.6072378924960086,False
178,Ocean Parkway South,8,35,17,49.19666666666667,39.3,0.4857142857142857,2026-03,unreliable_trip_rate,0.0,0.0,1.0,0.0,False
75,East Harlem South,21,1093,530,14.043168648978346,11.883333333333333,0.484903934126258,2026-03,unreliable_trip_rate,0.0,0.0,0.5910338517840805,0.4089661482159195,False
131,Jamaica Estates,15,33,16,35.41161616161616,22.016666666666666,0.48484848484848486,2026-03,unreliable_trip_rate,0.0,0.0,1.0,0.0,False
11,Bath Beach,14,31,15,48.63978494623657,25.133333333333333,0.4838709677419355,2026-03,unreliable_trip_rate,0.0,0.0,1.0,0.0,False
131,Jamaica Estates,9,31,15,47.5768817204301,36.1,0.4838709677419355,2026-03,unreliable_trip_rate,0.0,0.0,1.0,0.0,False
42,Central Harlem North,17,795,384,24.543752620545074,18.933333333333334,0.4830188679245283,2026-03,unreliable_trip_rate,0.0,0.0,0.6968553459119496,0.3031446540880503,False
41,Central Harlem,11,793,383,20.923581336696092,17.2,0.48297604035308955,2026-03,unreliable_trip_rate,0.0,0.0,0.7011349306431274,0.2988650693568726,False
75,East Harlem South,15,2292,1101,20.274570971495056,13.350000000000001,0.4803664921465969,2026-03,unreliable_trip_rate,0.0,0.0,0.3206806282722513,0.6793193717277487,False
41,Central Harlem,9,1034,496,19.32151837524178,16.041666666666668,0.4796905222437137,2026-03,unreliable_trip_rate,0.0,0.0,0.5996131528046421,0.40038684719535783,False
41,Central Harlem,21,884,424,16.623567119155354,13.466666666666667,0.4796380090497738,2026-03,unreliable_trip_rate,0.0,0.0,0.6233031674208145,0.3766968325791855,False
41,Central Harlem,12,907,435,20.571811833884603,15.8,0.4796030871003308,2026-03,unreliable_trip_rate,0.0,0.0,0.7188533627342889,0.28114663726571115,False
75,East Harlem South,16,2261,1084,20.46815568332596,12.558333333333334,0.47943387881468374,2026-03,unreliable_trip_rate,0.0,0.0,0.34940291906236176,0.6505970809376382,False
41,Central Harlem,16,1177,564,23.053511753044464,13.7,0.4791843670348343,2026-03,unreliable_trip_rate,0.0,0.0,0.43840271877655057,0.5615972812234494,False
246,West Chelsea/Hudson Yards,2,1025,491,11.904764227642277,9.9,0.4790243902439024,2026-03,unreliable_trip_rate,0.0,0.0,0.6429268292682927,0.3570731707317073,False
75,East Harlem South,10,1684,806,17.951712193190815,13.575,0.47862232779097386,2026-03,unreliable_trip_rate,0.0,0.0,0.41211401425178146,0.5878859857482185,False
263,Yorkville West,2,527,252,10.112745098039216,8.216666666666667,0.4781783681214421,2026-03,unreliable_trip_rate,0.0,0.0,0.8368121442125237,0.16318785578747627,False
74,East Harlem North,12,786,375,20.277714164546225,16.958333333333336,0.4770992366412214,2026-03,unreliable_trip_rate,0.0,0.0,0.6628498727735369,0.3371501272264631,False
264,Unknown,7,170,81,20.200588235294116,12.875,0.4764705882352941,2026-03,unreliable_trip_rate,0.0,0.0,0.7470588235294118,0.2529411764705882,False
141,Lenox Hill West,1,734,349,10.467211625794732,8.666666666666666,0.47547683923705725,2026-03,unreliable_trip_rate,0.0,0.0,0.7370572207084468,0.26294277929155313,False
108,Gravesend,7,61,29,45.757923497267754,28.333333333333332,0.47540983606557374,2026-03,unreliable_trip_rate,0.0,0.0,1.0,0.0,False
75,East Harlem South,17,2373,1127,17.997050147492626,11.2,0.4749262536873156,2026-03,unreliable_trip_rate,0.0,0.0,0.33459755583649387,0.6654024441635061,False
41,Central Harlem,10,755,358,20.782494481236203,17.366666666666667,0.4741721854304636,2026-03,unreliable_trip_rate,0.0,0.0,0.7483443708609272,0.25165562913907286,False
210,Sheepshead Bay,15,57,27,46.559649122807016,33.733333333333334,0.47368421052631576,2026-03,unreliable_trip_rate,0.0,0.0,1.0,0.0,False
50,Clinton West,10,1252,593,15.565375399361022,12.766666666666667,0.4736421725239617,2026-03,unreliable_trip_rate,0.0,0.0,0.48322683706070285,0.5167731629392971,False
74,East Harlem North,9,943,446,21.82120890774125,17.816666666666666,0.47295864262990456,2026-03,unreliable_trip_rate,0.0,0.0,0.6033934252386002,0.39660657476139977,False
125,Hudson Sq,16,971,458,19.964126330243737,13.366666666666667,0.47167868177136973,2026-03,unreliable_trip_rate,0.0,0.0,0.5746652935118435,0.4253347064881565,False
130,Jamaica,7,193,91,45.545941278065634,36.2,0.47150259067357514,2026-03,unreliable_trip_rate,0.0,0.0,1.0,0.0,False
41,Central Harlem,18,1331,627,18.11978462309041,14.1,0.47107438016528924,2026-03,unreliable_trip_rate,0.0,0.0,0.42674680691209615,0.5732531930879038,False
41,Central Harlem,20,1057,497,15.521680857773575,12.516666666666667,0.47019867549668876,2026-03,unreliable_trip_rate,0.0,0.0,0.48628192999053926,0.5137180700094608,False
76,East New York,7,619,291,42.441545503500265,31.0,0.4701130856219709,2026-03,unreliable_trip_rate,0.0,0.0,0.8546042003231018,0.14539579967689822,False
83,Elmhurst/Maspeth,16,32,15,30.423958333333335,21.175,0.46875,2026-03,unreliable_trip_rate,0.0,0.0,1.0,0.0,False
74,East Harlem North,15,933,437,22.36132547338335,17.916666666666668,0.4683815648445874,2026-03,unreliable_trip_rate,0.0,0.0,0.6280814576634512,0.37191854233654875,False
131,Jamaica Estates,8,77,36,49.49242424242424,41.21666666666667,0.4675324675324675,2026-03,unreliable_trip_rate,0.0,0.0,1.0,0.0,False
246,West Chelsea/Hudson Yards,3,1292,603,11.487525799793602,9.608333333333334,0.46671826625387,2026-03,unreliable_trip_rate,0.0,0.0,0.608359133126935,0.39164086687306504,False
136,Kingsbridge Heights,17,30,14,44.45,32.06666666666667,0.4666666666666667,2026-03,unreliable_trip_rate,0.0,0.0,1.0,0.0,False
123,Homecrest,8,73,34,51.115753424657534,46.61666666666667,0.4657534246575342,2026-03,unreliable_trip_rate,0.0,0.0,1.0,0.0,False
74,East Harlem North,16,955,444,24.449179755671903,17.716666666666665,0.4649214659685864,2026-03,unreliable_trip_rate,0.0,0.0,0.6471204188481675,0.35287958115183243,False
74,East Harlem North,11,740,344,20.872702702702703,16.683333333333334,0.4648648648648649,2026-03,unreliable_trip_rate,0.0,0.0,0.672972972972973,0.327027027027027,False
216,South Ozone Park,4,125,58,22.4952,16.15,0.464,2026-03,unreliable_trip_rate,0.0,0.0,1.0,0.0,False
216,South Ozone Park,12,97,45,33.51752577319588,23.183333333333334,0.4639175257731959,2026-03,unreliable_trip_rate,0.0,0.0,1.0,0.0,False
50,Clinton West,13,1186,550,15.96544406970208,12.725,0.463743676222597,2026-03,unreliable_trip_rate,0.0,0.0,0.5143338954468802,0.4856661045531197,False
220,Spuyten Duyvil/Kingsbridge,16,41,19,29.950000000000003,21.783333333333335,0.4634146341463415,2026-03,unreliable_trip_rate,0.0,0.0,1.0,0.0,False
265,Outside of NYC,14,41,19,18.90487804878049,11.2,0.4634146341463415,2026-03,unreliable_trip_rate,0.0,0.0,1.0,0.0,False
41,Central Harlem,0,408,189,13.758578431372548,11.216666666666665,0.4632352941176471,2026-03,unreliable_trip_rate,0.0,0.0,0.7132352941176471,0.2867647058823529,False
50,Clinton West,14,1317,610,15.898405466970388,13.033333333333333,0.4631738800303721,2026-03,unreliable_trip_rate,0.0,0.0,0.45026575550493547,0.5497342444950646,False
74,East Harlem North,17,937,433,21.087584489505513,17.15,0.4621131270010672,2026-03,unreliable_trip_rate,0.0,0.0,0.5901814300960512,0.40981856990394877,False
236,Upper East Side North,23,1491,689,11.978549072211043,9.65,0.46210596914822266,2026-03,unreliable_trip_rate,0.0,0.0,0.4460093896713615,0.5539906103286385,False
75,East Harlem South,13,1897,875,18.36855561412757,13.258333333333333,0.4612546125461255,2026-03,unreliable_trip_rate,0.0,0.0,0.33473906167633105,0.665260938323669,False
123,Homecrest,16,50,23,42.163000000000004,29.775,0.46,2026-03,unreliable_trip_rate,0.0,0.0,1.0,0.0,False
125,Hudson Sq,14,865,397,18.544778420038536,13.583333333333334,0.45895953757225433,2026-03,unreliable_trip_rate,0.0,0.0,0.6346820809248555,0.3653179190751445,False
24,Bloomingdale,10,700,321,15.491047619047619,13.091666666666667,0.4585714285714286,2026-03,unreliable_trip_rate,0.0,0.0,0.6428571428571429,0.35714285714285715,False
263,Yorkville West,3,470,215,9.944007092198582,7.758333333333333,0.4574468085106383,2026-03,unreliable_trip_rate,0.0,0.0,0.8382978723404255,0.16170212765957448,False
82,Elmhurst,8,105,48,32.55095238095238,27.633333333333333,0.45714285714285713,2026-03,unreliable_trip_rate,0.0,0.0,1.0,0.0,False
91,Flatlands,4,35,16,35.60476190476191,22.683333333333334,0.45714285714285713,2026-03,unreliable_trip_rate,0.0,0.0,1.0,0.0,False
250,Westchester Village/Unionport,18,35,16,31.826666666666668,23.866666666666667,0.45714285714285713,2026-03,unreliable_trip_rate,0.0,0.0,1.0,0.0,False
24,Bloomingdale,9,766,350,15.753220191470845,12.541666666666668,0.45691906005221933,2026-03,unreliable_trip_rate,0.0,0.0,0.5221932114882507,0.47780678851174935,False
235,University Heights/Morris Heights,11,81,37,44.01460905349794,35.766666666666666,0.4567901234567901,2026-03,unreliable_trip_rate,0.0,0.0,1.0,0.0,False
24,Bloomingdale,14,675,308,14.935283950617285,12.933333333333334,0.4562962962962963,2026-03,unreliable_trip_rate,0.0,0.0,0.5585185185185185,0.4414814814814815,False
24,Bloomingdale,17,719,328,14.553871117292536,11.766666666666667,0.4561891515994437,2026-03,unreliable_trip_rate,0.0,0.0,0.48261474269819193,0.5173852573018081,False
218,Springfield Gardens North,13,57,26,41.720467836257306,31.366666666666667,0.45614035087719296,2026-03,unreliable_trip_rate,0.0,0.0,1.0,0.0,False
22,Bensonhurst West,8,79,36,45.290084388185655,31.9,0.45569620253164556,2026-03,unreliable_trip_rate,0.0,0.0,1.0,0.0,False
41,Central Harlem,13,926,421,20.655813534917208,16.441666666666666,0.45464362850971923,2026-03,unreliable_trip_rate,0.0,0.0,0.6285097192224622,0.3714902807775378,False
22,Bensonhurst West,10,55,25,40.944242424242425,33.68333333333333,0.45454545454545453,2026-03,unreliable_trip_rate,0.0,0.0,1.0,0.0,False
71,East Flatbush/Farragut,21,33,15,31.543434343434345,22.866666666666667,0.45454545454545453,2026-03,unreliable_trip_rate,0.0,0.0,1.0,0.0,False
135,Kew Gardens Hills,17,33,15,36.79848484848485,24.916666666666668,0.45454545454545453,2026-03,unreliable_trip_rate,0.0,0.0,1.0,0.0,False
169,Mount Hope,11,55,25,40.67272727272727,29.283333333333335,0.45454545454545453,2026-03,unreliable_trip_rate,0.0,0.0,1.0,0.0,False
195,Red Hook,11,44,20,42.576136363636365,33.5,0.45454545454545453,2026-03,unreliable_trip_rate,0.0,0.0,1.0,0.0,False
210,Sheepshead Bay,6,44,20,54.592424242424244,45.85,0.45454545454545453,2026-03,unreliable_trip_rate,0.0,0.0,1.0,0.0,False
216,South Ozone Park,18,99,45,32.92239057239057,30.433333333333334,0.45454545454545453,2026-03,unreliable_trip_rate,0.0,0.0,1.0,0.0,False
216,South Ozone Park,20,55,25,28.682121212121213,23.983333333333334,0.45454545454545453,2026-03,unreliable_trip_rate,0.0,0.0,1.0,0.0,False
219,Springfield Gardens South,7,88,40,54.17026515151515,39.06666666666666,0.45454545454545453,2026-03,unreliable_trip_rate,0.0,0.0,1.0,0.0,False
263,Yorkville West,0,1594,723,11.298598912588876,9.958333333333332,0.4535759096612296,2026-03,unreliable_trip_rate,0.0,0.0,0.3795483061480552,0.6204516938519448,False
42,Central Harlem North,20,642,291,17.53011422637591,15.383333333333333,0.4532710280373832,2026-03,unreliable_trip_rate,0.0,0.0,0.7102803738317757,0.2897196261682243,False
193,Queensbridge/Ravenswood,0,42,19,15.553571428571429,13.875,0.4523809523809524,2026-03,unreliable_trip_rate,0.0,0.0,1.0,0.0,False
197,Richmond Hill,20,42,19,20.706349206349206,17.5,0.4523809523809524,2026-03,unreliable_trip_rate,0.0,0.0,1.0,0.0,False
177,Ocean Hill,5,135,61,29.18395061728395,20.7,0.45185185185185184,2026-03,unreliable_trip_rate,0.0,0.0,1.0,0.0,False
24,Bloomingdale,15,642,290,15.736630321910695,13.258333333333333,0.4517133956386293,2026-03,unreliable_trip_rate,0.0,0.0,0.4501557632398754,0.5498442367601246,False
125,Hudson Sq,21,1251,565,14.269144684252598,12.583333333333334,0.451638689048761,2026-03,unreliable_trip_rate,0.0,0.0,0.5227817745803357,0.47721822541966424,False
178,Ocean Parkway South,9,31,14,41.06666666666666,29.3,0.45161290322580644,2026-03,unreliable_trip_rate,0.0,0.0,1.0,0.0,False
183,Pelham Bay,6,31,14,59.8263440860215,54.05,0.45161290322580644,2026-03,unreliable_trip_rate,0.0,0.0,1.0,0.0,False
191,Queens Village,13,31,14,35.18118279569892,29.1,0.45161290322580644,2026-03,unreliable_trip_rate,0.0,0.0,1.0,0.0,False
218,Springfield Gardens North,17,31,14,47.81612903225806,44.7,0.45161290322580644,2026-03,unreliable_trip_rate,0.0,0.0,1.0,0.0,False
222,Starrett City,17,31,14,42.73440860215054,34.45,0.45161290322580644,2026-03,unreliable_trip_rate,0.0,0.0,1.0,0.0,False
211,SoHo,11,753,340,17.928242585214697,13.783333333333333,0.45152722443559096,2026-03,unreliable_trip_rate,0.0,0.0,0.6799468791500664,0.3200531208499336,False
24,Bloomingdale,13,614,277,15.159419109663409,13.083333333333332,0.4511400651465798,2026-03,unreliable_trip_rate,0.0,0.0,0.5732899022801303,0.42671009771986973,False
114,Greenwich Village South,11,918,414,14.837400145243283,11.483333333333334,0.45098039215686275,2026-03,unreliable_trip_rate,0.0,0.0,0.528322440087146,0.47167755991285404,False
123,Homecrest,9,71,32,43.74530516431925,29.6,0.4507042253521127,2026-03,unreliable_trip_rate,0.0,0.0,1.0,0.0,False
135,Kew Gardens Hills,7,71,32,34.04530516431925,22.116666666666667,0.4507042253521127,2026-03,unreliable_trip_rate,0.0,0.0,1.0,0.0,False
210,Sheepshead Bay,10,71,32,52.77957746478873,42.86666666666667,0.4507042253521127,2026-03,unreliable_trip_rate,0.0,0.0,1.0,0.0,False
210,Sheepshead Bay,14,60,27,53.301388888888894,38.625,0.45,2026-03,unreliable_trip_rate,0.0,0.0,1.0,0.0,False
125,Hudson Sq,13,839,377,18.158919348430672,13.916666666666666,0.44934445768772346,2026-03,unreliable_trip_rate,0.0,0.0,0.5852205005959475,0.41477949940405245,False
155,Marine Park/Mill Basin,10,69,31,39.37584541062802,26.416666666666668,0.4492753623188406,2026-03,unreliable_trip_rate,0.0,0.0,1.0,0.0,False
215,South Jamaica,5,69,31,39.47777777777778,35.93333333333333,0.4492753623188406,2026-03,unreliable_trip_rate,0.0,0.0,1.0,0.0,False
14,Bay Ridge,20,49,22,22.991496598639454,18.783333333333335,0.4489795918367347,2026-03,unreliable_trip_rate,0.0,0.0,1.0,0.0,False
227,Sunset Park East,8,49,22,33.57721088435374,29.25,0.4489795918367347,2026-03,unreliable_trip_rate,0.0,0.0,1.0,0.0,False
75,East Harlem South,9,1800,807,17.384916666666665,13.883333333333333,0.4483333333333333,2026-03,unreliable_trip_rate,0.0,0.0,0.36,0.64,False
72,East Flatbush/Remsen Village,8,290,130,33.1501724137931,20.933333333333334,0.4482758620689655,2026-03,unreliable_trip_rate,0.0,0.0,0.8827586206896552,0.11724137931034483,False
82,Elmhurst,9,67,30,38.941044776119405,28.816666666666666,0.44776119402985076,2026-03,unreliable_trip_rate,0.0,0.0,1.0,0.0,False
140,Lenox Hill East,0,744,333,12.106675627240143,10.508333333333333,0.4475806451612903,2026-03,unreliable_trip_rate,0.0,0.0,0.6774193548387096,0.3225806451612903,False
28,Briarwood/Jamaica Hills,22,38,17,20.366666666666664,17.4,0.4473684210526316,2026-03,unreliable_trip_rate,0.0,0.0,1.0,0.0,False
29,Brighton Beach,7,47,21,58.381560283687946,49.516666666666666,0.44680851063829785,2026-03,unreliable_trip_rate,0.0,0.0,1.0,0.0,False
169,Mount Hope,5,47,21,31.413120567375888,22.783333333333335,0.44680851063829785,2026-03,unreliable_trip_rate,0.0,0.0,1.0,0.0,False
200,Riverdale/North Riverdale/Fieldston,12,47,21,35.871985815602834,30.633333333333333,0.44680851063829785,2026-03,unreliable_trip_rate,0.0,0.0,1.0,0.0,False
22,Bensonhurst West,12,56,25,40.910714285714285,29.833333333333336,0.44642857142857145,2026-03,unreliable_trip_rate,0.0,0.0,1.0,0.0,False
42,Central Harlem North,9,876,391,25.748858447488583,21.06666666666667,0.4463470319634703,2026-03,unreliable_trip_rate,0.0,0.0,0.7648401826484018,0.23515981735159816,False
149,Madison,7,65,29,45.62564102564102,31.65,0.4461538461538462,2026-03,unreliable_trip_rate,0.0,0.0,1.0,0.0,False
174,Norwood,7,74,33,35.5527027027027,24.71666666666667,0.44594594594594594,2026-03,unreliable_trip_rate,0.0,0.0,1.0,0.0,False
43,Central Park,22,1199,534,12.030497636919655,9.166666666666668,0.445371142618849,2026-03,unreliable_trip_rate,0.0,0.0,0.4303586321934946,0.5696413678065054,False
77,East New York/Pennsylvania Avenue,8,164,73,39.47682926829268,25.391666666666666,0.4451219512195122,2026-03,unreliable_trip_rate,0.0,0.0,1.0,0.0,False
39,Canarsie,21,63,28,29.151851851851852,23.366666666666667,0.4444444444444444,2026-03,unreliable_trip_rate,0.0,0.0,1.0,0.0,False
216,South Ozone Park,1,36,16,17.50787037037037,15.816666666666666,0.4444444444444444,2026-03,unreliable_trip_rate,0.0,0.0,1.0,0.0,False
254,Williamsbridge/Olinville,21,36,16,31.902314814814815,25.508333333333333,0.4444444444444444,2026-03,unreliable_trip_rate,0.0,0.0,1.0,0.0,False
42,Central Harlem North,8,1288,572,25.25254917184265,21.0,0.4440993788819876,2026-03,unreliable_trip_rate,0.0,0.0,0.609472049689441,0.390527950310559,False
68,East Chelsea,6,944,418,13.231744350282485,9.591666666666667,0.4427966101694915,2026-03,unreliable_trip_rate,0.0,0.0,0.586864406779661,0.413135593220339,False
102,Glendale,8,61,27,30.384972677595627,22.5,0.4426229508196721,2026-03,unreliable_trip_rate,0.0,0.0,1.0,0.0,False
227,Sunset Park East,7,61,27,41.810109289617486,33.96666666666667,0.4426229508196721,2026-03,unreliable_trip_rate,0.0,0.0,1.0,0.0,False
254,Williamsbridge/Olinville,14,61,27,44.56584699453552,36.31666666666667,0.4426229508196721,2026-03,unreliable_trip_rate,0.0,0.0,1.0,0.0,False
74,East Harlem North,14,931,412,22.2906731113498,17.55,0.44253490870032225,2026-03,unreliable_trip_rate,0.0,0.0,0.611170784103115,0.38882921589688507,False
20,Belmont,8,52,23,35.63044871794872,25.291666666666664,0.4423076923076923,2026-03,unreliable_trip_rate,0.0,0.0,1.0,0.0,False
169,Mount Hope,10,52,23,43.80064102564102,35.3,0.4423076923076923,2026-03,unreliable_trip_rate,0.0,0.0,1.0,0.0,False
254,Williamsbridge/Olinville,11,52,23,46.035256410256416,41.85,0.4423076923076923,2026-03,unreliable_trip_rate,0.0,0.0,1.0,0.0,False
71,East Flatbush/Farragut,12,147,65,37.13582766439909,26.7,0.4421768707482993,2026-03,unreliable_trip_rate,0.0,0.0,1.0,0.0,False
158,Meatpacking/West Village West,11,828,366,16.278019323671497,13.266666666666667,0.4420289855072464,2026-03,unreliable_trip_rate,0.0,0.0,0.5929951690821256,0.40700483091787437,False
263,Yorkville West,23,2104,930,11.798526615969582,10.216666666666665,0.44201520912547526,2026-03,unreliable_trip_rate,0.0,0.0,0.3293726235741445,0.6706273764258555,False
50,Clinton West,15,1360,601,16.80872549019608,13.041666666666668,0.44191176470588234,2026-03,unreliable_trip_rate,0.0,0.0,0.45441176470588235,0.5455882352941176,False
24,Bloomingdale,12,688,304,15.461506782945737,12.791666666666668,0.4418604651162791,2026-03,unreliable_trip_rate,0.0,0.0,0.5290697674418605,0.47093023255813954,False
146,Long Island City/Queens Plaza,2,43,19,12.568992248062017,9.45,0.4418604651162791,2026-03,unreliable_trip_rate,0.0,0.0,1.0,0.0,False
123,Homecrest,10,68,30,43.41960784313726,33.858333333333334,0.4411764705882353,2026-03,unreliable_trip_rate,0.0,0.0,1.0,0.0,False
165,Midwood,9,102,45,38.02205882352941,27.475,0.4411764705882353,2026-03,unreliable_trip_rate,0.0,0.0,1.0,0.0,False
39,Canarsie,6,288,127,48.305671296296296,40.775000000000006,0.4409722222222222,2026-03,unreliable_trip_rate,0.0,0.0,1.0,0.0,False
41,Central Harlem,22,778,343,14.958419023136246,12.908333333333333,0.44087403598971725,2026-03,unreliable_trip_rate,0.0,0.0,0.6915167095115681,0.30848329048843187,False
91,Flatlands,19,59,26,26.25677966101695,20.183333333333334,0.4406779661016949,2026-03,unreliable_trip_rate,0.0,0.0,1.0,0.0,False
264,Unknown,15,261,115,22.54131545338442,15.866666666666667,0.44061302681992337,2026-03,unreliable_trip_rate,0.0,0.0,0.5938697318007663,0.4061302681992337,False
42,Central Harlem North,19,695,306,18.069328537170264,15.783333333333333,0.44028776978417267,2026-03,unreliable_trip_rate,0.0,0.0,0.6589928057553956,0.3410071942446043,False
149,Madison,9,50,22,37.90633333333333,29.05833333333333,0.44,2026-03,unreliable_trip_rate,0.0,0.0,1.0,0.0,False
223,Steinway,15,91,40,29.1007326007326,23.933333333333334,0.43956043956043955,2026-03,unreliable_trip_rate,0.0,0.0,1.0,0.0,False
236,Upper East Side North,0,703,309,10.953342816500712,8.816666666666666,0.4395448079658606,2026-03,unreliable_trip_rate,0.0,0.0,0.701280227596017,0.29871977240398295,False
50,Clinton West,12,1197,526,15.812280701754386,13.75,0.4394319131161236,2026-03,unreliable_trip_rate,0.0,0.0,0.529657477025898,0.4703425229741019,False
26,Borough Park,11,66,29,42.21085858585858,32.6,0.4393939393939394,2026-03,unreliable_trip_rate,0.0,0.0,1.0,0.0,False
102,Glendale,6,66,29,22.822222222222223,20.108333333333334,0.4393939393939394,2026-03,unreliable_trip_rate,0.0,0.0,1.0,0.0,False
43,Central Park,2,41,18,10.55569105691057,7.9,0.43902439024390244,2026-03,unreliable_trip_rate,0.0,0.0,1.0,0.0,False
126,Hunts Point,11,41,18,38.206910569105695,29.583333333333332,0.43902439024390244,2026-03,unreliable_trip_rate,0.0,0.0,1.0,0.0,False
131,Jamaica Estates,13,41,18,32.322357723577234,23.15,0.43902439024390244,2026-03,unreliable_trip_rate,0.0,0.0,1.0,0.0,False
227,Sunset Park East,16,41,18,41.40894308943089,29.35,0.43902439024390244,2026-03,unreliable_trip_rate,0.0,0.0,1.0,0.0,False
141,Lenox Hill West,23,2051,900,11.825954818787583,10.233333333333333,0.43881033642125794,2026-03,unreliable_trip_rate,0.0,0.0,0.3349585568015602,0.6650414431984398,False
210,Sheepshead Bay,8,98,43,50.97074829931972,38.34166666666667,0.4387755102040816,2026-03,unreliable_trip_rate,0.0,0.0,1.0,0.0,False
141,Lenox Hill West,3,406,178,10.157676518883415,8.858333333333334,0.43842364532019706,2026-03,unreliable_trip_rate,0.0,0.0,0.916256157635468,0.08374384236453201,False
125,Hudson Sq,18,1520,666,15.606326754385965,12.458333333333334,0.4381578947368421,2026-03,unreliable_trip_rate,0.0,0.0,0.3618421052631579,0.6381578947368421,False
168,Mott Haven/Port Morris,15,137,60,34.554987834549884,25.9,0.43795620437956206,2026-03,unreliable_trip_rate,0.0,0.0,1.0,0.0,False
24,Bloomingdale,18,763,334,15.47346002621232,13.083333333333334,0.43774574049803405,2026-03,unreliable_trip_rate,0.0,0.0,0.4888597640891219,0.5111402359108781,False
263,Yorkville West,1,1035,453,12.055652173913044,9.883333333333333,0.43768115942028984,2026-03,unreliable_trip_rate,0.0,0.0,0.5516908212560386,0.44830917874396137,False
262,Yorkville East,21,1266,554,12.860413375460768,11.608333333333334,0.43759873617693523,2026-03,unreliable_trip_rate,0.0,0.0,0.5007898894154819,0.49921011058451814,False
22,Bensonhurst West,15,48,21,41.109027777777776,37.34166666666667,0.4375,2026-03,unreliable_trip_rate,0.0,0.0,1.0,0.0,False
157,Maspeth,8,96,42,27.160590277777775,22.0,0.4375,2026-03,unreliable_trip_rate,0.0,0.0,1.0,0.0,False
185,Pelham Parkway,13,32,14,58.24947916666667,46.18333333333334,0.4375,2026-03,unreliable_trip_rate,0.0,0.0,1.0,0.0,False
216,South Ozone Park,21,64,28,26.19609375,20.416666666666668,0.4375,2026-03,unreliable_trip_rate,0.0,0.0,1.0,0.0,False
164,Midtown South,7,1157,506,11.466450590607893,8.216666666666667,0.4373379429559205,2026-03,unreliable_trip_rate,0.0,0.0,0.43301642178046673,0.5669835782195333,False
264,Unknown,14,295,129,19.445310734463277,13.4,0.43728813559322033,2026-03,unreliable_trip_rate,0.0,0.0,0.6677966101694915,0.33220338983050846,False
169,Mount Hope,8,103,45,35.998705501618126,24.35,0.4368932038834951,2026-03,unreliable_trip_rate,0.0,0.0,1.0,0.0,False
42,Central Harlem North,14,758,331,25.695338610378187,20.8,0.4366754617414248,2026-03,unreliable_trip_rate,0.0,0.0,0.6939313984168866,0.30606860158311344,False
81,Eastchester,9,55,24,46.40878787878788,36.35,0.43636363636363634,2026-03,unreliable_trip_rate,0.0,0.0,1.0,0.0,False
140,Lenox Hill East,23,1158,505,13.285780080598732,11.808333333333334,0.43609671848013815,2026-03,unreliable_trip_rate,0.0,0.0,0.575993091537133,0.42400690846286704,False
18,Bedford Park,12,39,17,44.24316239316239,35.06666666666667,0.4358974358974359,2026-03,unreliable_trip_rate,0.0,0.0,1.0,0.0,False
21,Bensonhurst East,17,39,17,53.041880341880336,46.5,0.4358974358974359,2026-03,unreliable_trip_rate,0.0,0.0,1.0,0.0,False
135,Kew Gardens Hills,12,39,17,42.726068376068376,32.733333333333334,0.4358974358974359,2026-03,unreliable_trip_rate,0.0,0.0,1.0,0.0,False
213,Soundview/Castle Hill,20,39,17,28.031623931623933,17.816666666666666,0.4358974358974359,2026-03,unreliable_trip_rate,0.0,0.0,1.0,0.0,False
217,South Williamsburg,14,39,17,30.283760683760683,22.4,0.4358974358974359,2026-03,unreliable_trip_rate,0.0,0.0,1.0,0.0,False
219,Springfield Gardens South,8,78,34,50.758760683760684,41.516666666666666,0.4358974358974359,2026-03,unreliable_trip_rate,0.0,0.0,1.0,0.0,False
41,Central Harlem,8,1411,615,20.608847153319157,17.85,0.4358610914245216,2026-03,unreliable_trip_rate,0.0,0.0,0.4592487597448618,0.5407512402551382,False
74,East Harlem North,13,824,359,21.295894012944984,17.125,0.4356796116504854,2026-03,unreliable_trip_rate,0.0,0.0,0.6796116504854369,0.32038834951456313,False
119,Highbridge,14,62,27,42.92311827956989,27.35,0.43548387096774194,2026-03,unreliable_trip_rate,0.0,0.0,1.0,0.0,False
203,Rosedale,7,62,27,61.104569892473116,55.875,0.43548387096774194,2026-03,unreliable_trip_rate,0.0,0.0,1.0,0.0,False
216,South Ozone Park,7,186,81,32.377956989247316,22.316666666666666,0.43548387096774194,2026-03,unreliable_trip_rate,0.0,0.0,1.0,0.0,False
246,West Chelsea/Hudson Yards,4,588,256,11.994132653061225,9.899999999999999,0.43537414965986393,2026-03,unreliable_trip_rate,0.0,0.0,0.8180272108843537,0.18197278911564627,False
166,Morningside Heights,9,1121,488,17.446803449301218,15.2,0.43532560214094557,2026-03,unreliable_trip_rate,0.0,0.0,0.4567350579839429,0.5432649420160571,False
218,Springfield Gardens North,8,108,47,42.25231481481482,35.81666666666666,0.4351851851851852,2026-03,unreliable_trip_rate,0.0,0.0,1.0,0.0,False
186,Penn Station/Madison Sq West,4,531,231,11.895951035781545,8.683333333333334,0.4350282485875706,2026-03,unreliable_trip_rate,0.0,0.0,0.9340866290018832,0.06591337099811675,False
140,Lenox Hill East,22,1591,692,13.240477686989314,11.366666666666667,0.4349465744814582,2026-03,unreliable_trip_rate,0.0,0.0,0.4594594594594595,0.5405405405405406,False
61,Crown Heights North,17,269,117,37.92465923172243,30.05,0.4349442379182156,2026-03,unreliable_trip_rate,0.0,0.0,1.0,0.0,False
125,Hudson Sq,15,837,364,18.402270011947433,13.683333333333334,0.4348864994026284,2026-03,unreliable_trip_rate,0.0,0.0,0.5722819593787336,0.42771804062126645,False
26,Borough Park,17,69,30,28.8,21.083333333333332,0.43478260869565216,2026-03,unreliable_trip_rate,0.0,0.0,1.0,0.0,False
106,Gowanus,8,46,20,34.05833333333334,28.93333333333333,0.43478260869565216,2026-03,unreliable_trip_rate,0.0,0.0,1.0,0.0,False
126,Hunts Point,12,46,20,39.61123188405797,34.025,0.43478260869565216,2026-03,unreliable_trip_rate,0.0,0.0,1.0,0.0,False
134,Kew Gardens,8,46,20,39.06159420289855,33.03333333333333,0.43478260869565216,2026-03,unreliable_trip_rate,0.0,0.0,1.0,0.0,False
191,Queens Village,9,69,30,49.03405797101449,42.233333333333334,0.43478260869565216,2026-03,unreliable_trip_rate,0.0,0.0,1.0,0.0,False
216,South Ozone Park,6,138,60,32.28828502415459,26.575,0.43478260869565216,2026-03,unreliable_trip_rate,0.0,0.0,1.0,0.0,False
264,Unknown,11,205,89,17.590650406504064,13.4,0.43414634146341463,2026-03,unreliable_trip_rate,0.0,0.0,0.5414634146341464,0.4585365853658537,False
227,Sunset Park East,12,53,23,40.57672955974843,32.75,0.4339622641509434,2026-03,unreliable_trip_rate,0.0,0.0,1.0,0.0,False
241,Van Cortlandt Village,9,53,23,51.13270440251572,44.016666666666666,0.4339622641509434,2026-03,unreliable_trip_rate,0.0,0.0,1.0,0.0,False
151,Manhattan Valley,11,1720,746,14.276831395348838,11.266666666666667,0.43372093023255814,2026-03,unreliable_trip_rate,0.0,0.0,0.3133720930232558,0.6866279069767441,False
249,West Village,11,1834,795,15.156924754634678,9.191666666666666,0.4334787350054526,2026-03,unreliable_trip_rate,0.0,0.0,0.23936750272628135,0.7606324972737186,False
35,Brownsville,22,60,26,25.49138888888889,22.058333333333334,0.43333333333333335,2026-03,unreliable_trip_rate,0.0,0.0,1.0,0.0,False
129,Jackson Heights,5,150,65,15.929333333333334,13.358333333333334,0.43333333333333335,2026-03,unreliable_trip_rate,0.0,0.0,1.0,0.0,False
134,Kew Gardens,21,30,13,16.73888888888889,11.5,0.43333333333333335,2026-03,unreliable_trip_rate,0.0,0.0,1.0,0.0,False
136,Kingsbridge Heights,7,90,39,49.31685185185185,42.96666666666667,0.43333333333333335,2026-03,unreliable_trip_rate,0.0,0.0,1.0,0.0,False
173,North Corona,8,30,13,31.482222222222223,27.291666666666664,0.43333333333333335,2026-03,unreliable_trip_rate,0.0,0.0,1.0,0.0,False
180,Ozone Park,18,30,13,27.65888888888889,17.208333333333336,0.43333333333333335,2026-03,unreliable_trip_rate,0.0,0.0,1.0,0.0,False
217,South Williamsburg,12,30,13,31.725,25.258333333333333,0.43333333333333335,2026-03,unreliable_trip_rate,0.0,0.0,1.0,0.0,False
242,Van Nest/Morris Park,20,30,13,27.16,19.191666666666666,0.43333333333333335,2026-03,unreliable_trip_rate,0.0,0.0,1.0,0.0,False
125,Hudson Sq,17,1344,582,17.338541666666668,12.483333333333333,0.4330357142857143,2026-03,unreliable_trip_rate,0.0,0.0,0.3943452380952381,0.6056547619047619,False
132,JFK Airport,5,1455,630,24.560927835051547,20.633333333333333,0.4329896907216495,2026-03,unreliable_trip_rate,0.0,0.0,0.6769759450171822,0.3230240549828179,False
134,Kew Gardens,16,67,29,35.04402985074626,22.066666666666666,0.43283582089552236,2026-03,unreliable_trip_rate,0.0,0.0,1.0,0.0,False
215,South Jamaica,4,67,29,32.191542288557216,25.183333333333334,0.43283582089552236,2026-03,unreliable_trip_rate,0.0,0.0,1.0,0.0,False
247,West Concourse,21,67,29,27.676616915422883,16.716666666666665,0.43283582089552236,2026-03,unreliable_trip_rate,0.0,0.0,1.0,0.0,False
74,East Harlem North,19,878,380,16.979138192862564,14.666666666666666,0.4328018223234624,2026-03,unreliable_trip_rate,0.0,0.0,0.5683371298405467,0.4316628701594533,False
151,Manhattan Valley,21,1153,499,13.60586874819312,11.75,0.4327840416305291,2026-03,unreliable_trip_rate,0.0,0.0,0.47181266261925414,0.5281873373807459,False
125,Hudson Sq,20,1234,534,14.772811993517019,12.683333333333334,0.4327390599675851,2026-03,unreliable_trip_rate,0.0,0.0,0.5048622366288493,0.49513776337115073,False
121,Hillcrest/Pomonok,12,37,16,37.08153153153153,31.233333333333334,0.43243243243243246,2026-03,unreliable_trip_rate,0.0,0.0,1.0,0.0,False
131,Jamaica Estates,17,37,16,25.407657657657655,17.083333333333332,0.43243243243243246,2026-03,unreliable_trip_rate,0.0,0.0,1.0,0.0,False
254,Williamsbridge/Olinville,4,37,16,33.214864864864865,26.183333333333334,0.43243243243243246,2026-03,unreliable_trip_rate,0.0,0.0,1.0,0.0,False
10,Baisley Park,8,192,83,39.25868055555556,30.508333333333333,0.4322916666666667,2026-03,unreliable_trip_rate,0.0,0.0,1.0,0.0,False
237,Upper East Side South,1,773,334,10.722466580422596,8.383333333333333,0.4320827943078913,2026-03,unreliable_trip_rate,0.0,0.0,0.7011642949547219,0.2988357050452781,False
141,Lenox Hill West,0,1273,550,11.185676878764074,9.766666666666667,0.43205027494108406,2026-03,unreliable_trip_rate,0.0,0.0,0.5058915946582875,0.49410840534171246,False
72,East Flatbush/Remsen Village,7,250,108,37.998533333333334,29.125,0.432,2026-03,unreliable_trip_rate,0.0,0.0,1.0,0.0,False
71,East Flatbush/Farragut,20,44,19,28.552272727272726,19.475,0.4318181818181818,2026-03,unreliable_trip_rate,0.0,0.0,1.0,0.0,False
108,Gravesend,12,44,19,36.14659090909091,26.375,0.4318181818181818,2026-03,unreliable_trip_rate,0.0,0.0,1.0,0.0,False
211,SoHo,1,1240,535,14.419825268817203,11.208333333333332,0.4314516129032258,2026-03,unreliable_trip_rate,0.0,0.0,0.567741935483871,0.432258064516129,False
76,East New York,3,51,22,27.109150326797383,21.733333333333334,0.43137254901960786,2026-03,unreliable_trip_rate,0.0,0.0,1.0,0.0,False
191,Queens Village,7,102,44,52.37418300653595,44.2,0.43137254901960786,2026-03,unreliable_trip_rate,0.0,0.0,1.0,0.0,False
230,Times Sq/Theatre District,1,1635,705,13.661702344546383,11.55,0.43119266055045874,2026-03,unreliable_trip_rate,0.0,0.0,0.5296636085626911,0.4703363914373089,False
237,Upper East Side South,0,1793,773,10.985750139431122,8.541666666666668,0.43112102621305076,2026-03,unreliable_trip_rate,0.0,0.0,0.3608477412158394,0.6391522587841606,False
212,Soundview/Bruckner,9,58,25,37.432758620689654,27.84166666666667,0.43103448275862066,2026-03,unreliable_trip_rate,0.0,0.0,1.0,0.0,False
26,Borough Park,10,72,31,43.00092592592593,34.54166666666667,0.4305555555555556,2026-03,unreliable_trip_rate,0.0,0.0,1.0,0.0,False
85,Erasmus,20,72,31,32.81365740740741,27.841666666666665,0.4305555555555556,2026-03,unreliable_trip_rate,0.0,0.0,1.0,0.0,False
216,South Ozone Park,5,144,62,32.58738425925926,25.375,0.4305555555555556,2026-03,unreliable_trip_rate,0.0,0.0,1.0,0.0,False
210,Sheepshead Bay,7,79,34,51.076793248945144,39.983333333333334,0.43037974683544306,2026-03,unreliable_trip_rate,0.0,0.0,1.0,0.0,False
123,Homecrest,11,86,37,51.70387596899225,43.00833333333333,0.43023255813953487,2026-03,unreliable_trip_rate,0.0,0.0,1.0,0.0,False
76,East New York,11,358,154,37.46061452513966,29.8,0.4301675977653631,2026-03,unreliable_trip_rate,0.0,0.0,0.9022346368715084,0.09776536312849161,False
229,Sutton Place/Turtle Bay North,23,1840,791,12.18893115942029,10.566666666666666,0.4298913043478261,2026-03,unreliable_trip_rate,0.0,0.0,0.4043478260869565,0.5956521739130435,False
216,South Ozone Park,13,114,49,32.25833333333333,27.525,0.4298245614035088,2026-03,unreliable_trip_rate,0.0,0.0,1.0,0.0,False
91,Flatlands,11,156,67,38.07638888888889,30.375,0.42948717948717946,2026-03,unreliable_trip_rate,0.0,0.0,1.0,0.0,False
264,Unknown,20,233,100,14.74821173104435,11.183333333333334,0.4291845493562232,2026-03,unreliable_trip_rate,0.0,0.0,0.6094420600858369,0.3905579399141631,False
14,Bay Ridge,17,91,39,37.157326007326006,31.833333333333332,0.42857142857142855,2026-03,unreliable_trip_rate,0.0,0.0,1.0,0.0,False
22,Bensonhurst West,11,56,24,41.21041666666667,32.275,0.42857142857142855,2026-03,unreliable_trip_rate,0.0,0.0,1.0,0.0,False
29,Brighton Beach,12,70,30,52.89142857142857,44.80833333333334,0.42857142857142855,2026-03,unreliable_trip_rate,0.0,0.0,1.0,0.0,False
35,Brownsville,8,385,165,39.695757575757575,30.566666666666666,0.42857142857142855,2026-03,unreliable_trip_rate,0.0,0.0,1.0,0.0,False
77,East New York/Pennsylvania Avenue,5,77,33,30.981168831168834,24.233333333333334,0.42857142857142855,2026-03,unreliable_trip_rate,0.0,0.0,1.0,0.0,False
106,Gowanus,11,35,15,33.01047619047619,27.05,0.42857142857142855,2026-03,unreliable_trip_rate,0.0,0.0,1.0,0.0,False
135,Kew Gardens Hills,11,35,15,32.48761904761905,27.5,0.42857142857142855,2026-03,unreliable_trip_rate,0.0,0.0,1.0,0.0,False
136,Kingsbridge Heights,12,35,15,46.789523809523814,33.75,0.42857142857142855,2026-03,unreliable_trip_rate,0.0,0.0,1.0,0.0,False
149,Madison,8,49,21,41.93911564625851,35.18333333333333,0.42857142857142855,2026-03,unreliable_trip_rate,0.0,0.0,1.0,0.0,False
165,Midwood,10,84,36,42.3688492063492,33.63333333333333,0.42857142857142855,2026-03,unreliable_trip_rate,0.0,0.0,1.0,0.0,False
205,Saint Albans,4,35,15,38.08,30.7,0.42857142857142855,2026-03,unreliable_trip_rate,0.0,0.0,1.0,0.0,False
222,Starrett City,5,56,24,48.81041666666666,44.75,0.42857142857142855,2026-03,unreliable_trip_rate,0.0,0.0,1.0,0.0,False
264,Unknown,21,224,96,16.15922619047619,12.533333333333333,0.42857142857142855,2026-03,unreliable_trip_rate,0.0,0.0,0.6741071428571429,0.32589285714285715,False
264,Unknown,17,292,125,17.553881278538814,12.0,0.4280821917808219,2026-03,unreliable_trip_rate,0.0,0.0,0.5958904109589042,0.4041095890410959,False
24,Bloomingdale,11,577,247,16.301068746389372,13.733333333333333,0.42807625649913345,2026-03,unreliable_trip_rate,0.0,0.0,0.6239168110918544,0.37608318890814557,False
68,East Chelsea,4,764,327,13.666950261780103,10.649999999999999,0.4280104712041885,2026-03,unreliable_trip_rate,0.0,0.0,0.8599476439790575,0.1400523560209424,False
76,East New York,10,458,196,37.87103347889374,31.78333333333333,0.4279475982532751,2026-03,unreliable_trip_rate,0.0,0.0,0.8951965065502183,0.10480349344978165,False
24,Bloomingdale,19,659,282,14.022660596863934,12.016666666666667,0.4279210925644917,2026-03,unreliable_trip_rate,0.0,0.0,0.575113808801214,0.424886191198786,False
39,Canarsie,7,381,163,40.38272090988627,31.4,0.42782152230971127,2026-03,unreliable_trip_rate,0.0,0.0,0.889763779527559,0.11023622047244094,False
215,South Jamaica,7,173,74,41.21666666666667,27.916666666666668,0.4277456647398844,2026-03,unreliable_trip_rate,0.0,0.0,1.0,0.0,False
75,East Harlem South,7,1762,753,15.706110480514567,12.641666666666666,0.42735527809307605,2026-03,unreliable_trip_rate,0.0,0.0,0.32690124858115777,0.6730987514188422,False
100,Garment District,4,419,179,12.472354813046937,9.716666666666667,0.42720763723150357,2026-03,unreliable_trip_rate,0.0,0.0,1.0,0.0,False
151,Manhattan Valley,22,850,363,14.00686274509804,12.55,0.42705882352941177,2026-03,unreliable_trip_rate,0.0,0.0,0.5976470588235294,0.4023529411764706,False
264,Unknown,9,178,76,17.83792134831461,14.141666666666666,0.42696629213483145,2026-03,unreliable_trip_rate,0.0,0.0,0.6797752808988764,0.3202247191011236,False
137,Kips Bay,11,2245,958,18.400193021529326,14.266666666666667,0.4267260579064588,2026-03,unreliable_trip_rate,0.0,0.0,0.34253897550111356,0.6574610244988864,False
42,Central Harlem North,16,846,361,27.959377462568956,21.825000000000003,0.42671394799054374,2026-03,unreliable_trip_rate,0.0,0.0,0.7730496453900709,0.22695035460992907,False
77,East New York/Pennsylvania Avenue,7,143,61,42.34871794871795,31.483333333333334,0.42657342657342656,2026-03,unreliable_trip_rate,0.0,0.0,1.0,0.0,False
250,Westchester Village/Unionport,8,68,29,39.99656862745098,28.616666666666667,0.4264705882352941,2026-03,unreliable_trip_rate,0.0,0.0,1.0,0.0,False
144,Little Italy/NoLiTa,11,877,374,17.456461421512735,14.583333333333334,0.4264538198403649,2026-03,unreliable_trip_rate,0.0,0.0,0.766248574686431,0.233751425313569,False
22,Bensonhurst West,14,61,26,44.13961748633879,31.166666666666668,0.4262295081967213,2026-03,unreliable_trip_rate,0.0,0.0,1.0,0.0,False
159,Melrose South,16,115,49,46.59362318840579,30.816666666666666,0.4260869565217391,2026-03,unreliable_trip_rate,0.0,0.0,1.0,0.0,False
29,Brighton Beach,8,54,23,54.736111111111114,44.3,0.42592592592592593,2026-03,unreliable_trip_rate,0.0,0.0,1.0,0.0,False
210,Sheepshead Bay,16,54,23,39.838271604938264,25.575,0.42592592592592593,2026-03,unreliable_trip_rate,0.0,0.0,1.0,0.0,False
242,Van Nest/Morris Park,8,54,23,42.7462962962963,35.31666666666666,0.42592592592592593,2026-03,unreliable_trip_rate,0.0,0.0,1.0,0.0,False
50,Clinton West,22,954,406,14.139395527603074,12.391666666666666,0.42557651991614254,2026-03,unreliable_trip_rate,0.0,0.0,0.70020964360587,0.29979035639413,False
14,Bay Ridge,22,47,20,22.695390070921988,20.366666666666667,0.425531914893617,2026-03,unreliable_trip_rate,0.0,0.0,1.0,0.0,False
28,Briarwood/Jamaica Hills,15,47,20,30.77021276595745,25.816666666666666,0.425531914893617,2026-03,unreliable_trip_rate,0.0,0.0,1.0,0.0,False
212,Soundview/Bruckner,8,141,60,40.511702127659575,31.916666666666668,0.425531914893617,2026-03,unreliable_trip_rate,0.0,0.0,1.0,0.0,False
35,Brownsville,7,268,114,40.37101990049751,31.71666666666667,0.4253731343283582,2026-03,unreliable_trip_rate,0.0,0.0,1.0,0.0,False
42,Central Harlem North,23,388,165,15.9481529209622,13.258333333333333,0.4252577319587629,2026-03,unreliable_trip_rate,0.0,0.0,0.8273195876288659,0.17268041237113402,False
26,Borough Park,9,80,34,42.154375,31.075,0.425,2026-03,unreliable_trip_rate,0.0,0.0,1.0,0.0,False
121,Hillcrest/Pomonok,7,80,34,42.803958333333334,34.28333333333333,0.425,2026-03,unreliable_trip_rate,0.0,0.0,1.0,0.0,False
60,Crotona Park East,8,73,31,36.310273972602744,27.816666666666666,0.4246575342465753,2026-03,unreliable_trip_rate,0.0,0.0,1.0,0.0,False
136,Kingsbridge Heights,8,73,31,37.222831050228315,32.016666666666666,0.4246575342465753,2026-03,unreliable_trip_rate,0.0,0.0,1.0,0.0,False
39,Canarsie,5,252,107,42.76183862433862,40.775,0.4246031746031746,2026-03,unreliable_trip_rate,0.0,0.0,0.8690476190476191,0.13095238095238096,False
137,Kips Bay,7,1557,661,13.542988653393278,10.516666666666667,0.4245343609505459,2026-03,unreliable_trip_rate,0.0,0.0,0.5118818240205524,0.4881181759794477,False
217,South Williamsburg,16,33,14,33.21515151515151,26.8,0.42424242424242425,2026-03,unreliable_trip_rate,0.0,0.0,1.0,0.0,False
229,Sutton Place/Turtle Bay North,0,1188,504,11.624017957351292,10.158333333333333,0.42424242424242425,2026-03,unreliable_trip_rate,0.0,0.0,0.5378787878787878,0.4621212121212121,False
39,Canarsie,8,394,167,37.82618443316413,27.799999999999997,0.42385786802030456,2026-03,unreliable_trip_rate,0.0,0.0,0.9010152284263959,0.09898477157360407,False
75,East Harlem South,0,394,167,13.947038917089678,12.358333333333333,0.42385786802030456,2026-03,unreliable_trip_rate,0.0,0.0,0.8274111675126904,0.17258883248730963,False
77,East New York/Pennsylvania Avenue,16,59,25,40.25536723163842,31.883333333333333,0.423728813559322,2026-03,unreliable_trip_rate,0.0,0.0,1.0,0.0,False
126,Hunts Point,9,59,25,40.19491525423729,32.75,0.423728813559322,2026-03,unreliable_trip_rate,0.0,0.0,1.0,0.0,False
259,Woodlawn/Wakefield,8,111,47,39.800450450450455,30.633333333333333,0.42342342342342343,2026-03,unreliable_trip_rate,0.0,0.0,1.0,0.0,False
39,Canarsie,13,215,91,39.951007751937986,30.316666666666666,0.4232558139534884,2026-03,unreliable_trip_rate,0.0,0.0,1.0,0.0,False
143,Lincoln Square West,20,1594,674,13.016206608113759,11.341666666666667,0.4228356336260979,2026-03,unreliable_trip_rate,0.0,0.0,0.4071518193224592,0.5928481806775407,False
91,Flatlands,15,123,52,34.87086720867209,24.016666666666666,0.42276422764227645,2026-03,unreliable_trip_rate,0.0,0.0,1.0,0.0,False
218,Springfield Gardens North,7,123,52,54.574796747967476,47.38333333333333,0.42276422764227645,2026-03,unreliable_trip_rate,0.0,0.0,1.0,0.0,False
177,Ocean Hill,15,97,41,41.87010309278351,35.11666666666667,0.422680412371134,2026-03,unreliable_trip_rate,0.0,0.0,1.0,0.0,False
193,Queensbridge/Ravenswood,17,97,41,20.66615120274914,16.266666666666666,0.422680412371134,2026-03,unreliable_trip_rate,0.0,0.0,1.0,0.0,False
205,Saint Albans,14,71,30,38.90023474178403,38.95,0.4225352112676056,2026-03,unreliable_trip_rate,0.0,0.0,1.0,0.0,False
248,West Farms/Bronx River,9,71,30,38.796244131455396,28.983333333333334,0.4225352112676056,2026-03,unreliable_trip_rate,0.0,0.0,1.0,0.0,False
166,Morningside Heights,21,1563,660,14.888835572616763,12.516666666666667,0.42226487523992323,2026-03,unreliable_trip_rate,0.0,0.0,0.37875879718490085,0.6212412028150992,False
39,Canarsie,22,45,19,17.892222222222223,12.516666666666667,0.4222222222222222,2026-03,unreliable_trip_rate,0.0,0.0,1.0,0.0,False
134,Kew Gardens,11,45,19,40.69814814814815,34.0,0.4222222222222222,2026-03,unreliable_trip_rate,0.0,0.0,1.0,0.0,False
155,Marine Park/Mill Basin,8,90,38,41.73814814814815,31.1,0.4222222222222222,2026-03,unreliable_trip_rate,0.0,0.0,1.0,0.0,False
205,Saint Albans,6,180,76,56.76833333333333,53.400000000000006,0.4222222222222222,2026-03,unreliable_trip_rate,0.0,0.0,1.0,0.0,False
35,Brownsville,17,154,65,32.17965367965368,22.883333333333333,0.42207792207792205,2026-03,unreliable_trip_rate,0.0,0.0,1.0,0.0,False
14,Bay Ridge,14,109,46,48.2585626911315,38.45,0.42201834862385323,2026-03,unreliable_trip_rate,0.0,0.0,1.0,0.0,False
10,Baisley Park,7,192,81,45.45008680555555,34.94166666666666,0.421875,2026-03,unreliable_trip_rate,0.0,0.0,1.0,0.0,False
22,Bensonhurst West,13,64,27,48.692708333333336,38.2,0.421875,2026-03,unreliable_trip_rate,0.0,0.0,1.0,0.0,False
76,East New York,6,427,180,46.712412177985954,38.9,0.4215456674473068,2026-03,unreliable_trip_rate,0.0,0.0,0.9227166276346604,0.07728337236533958,False
262,Yorkville East,20,1787,753,12.72566685319903,11.316666666666666,0.421376608841634,2026-03,unreliable_trip_rate,0.0,0.0,0.38668158925573587,0.6133184107442641,False
61,Crown Heights North,9,641,270,32.16094643785752,27.166666666666668,0.42121684867394693,2026-03,unreliable_trip_rate,0.0,0.0,0.8892355694227769,0.11076443057722309,False
18,Bedford Park,8,114,48,38.094298245614034,31.933333333333334,0.42105263157894735,2026-03,unreliable_trip_rate,0.0,0.0,1.0,0.0,False
28,Briarwood/Jamaica Hills,8,57,24,34.56608187134503,24.633333333333333,0.42105263157894735,2026-03,unreliable_trip_rate,0.0,0.0,1.0,0.0,False
43,Central Park,5,114,48,16.932602339181287,11.55,0.42105263157894735,2026-03,unreliable_trip_rate,0.0,0.0,1.0,0.0,False
72,East Flatbush/Remsen Village,4,57,24,30.939473684210526,22.666666666666668,0.42105263157894735,2026-03,unreliable_trip_rate,0.0,0.0,1.0,0.0,False
78,East Tremont,22,38,16,28.44736842105263,21.65,0.42105263157894735,2026-03,unreliable_trip_rate,0.0,0.0,1.0,0.0,False
157,Maspeth,23,38,16,18.08377192982456,15.775,0.42105263157894735,2026-03,unreliable_trip_rate,0.0,0.0,1.0,0.0,False
197,Richmond Hill,3,57,24,14.90643274853801,12.05,0.42105263157894735,2026-03,unreliable_trip_rate,0.0,0.0,1.0,0.0,False
215,South Jamaica,12,57,24,44.9140350877193,39.38333333333333,0.42105263157894735,2026-03,unreliable_trip_rate,0.0,0.0,1.0,0.0,False
217,South Williamsburg,23,38,16,18.576315789473682,15.649999999999999,0.42105263157894735,2026-03,unreliable_trip_rate,0.0,0.0,1.0,0.0,False
241,Van Cortlandt Village,10,57,24,42.4859649122807,35.06666666666667,0.42105263157894735,2026-03,unreliable_trip_rate,0.0,0.0,1.0,0.0,False
74,East Harlem North,10,708,298,22.246539548022596,18.691666666666666,0.4209039548022599,2026-03,unreliable_trip_rate,0.0,0.0,0.8220338983050848,0.17796610169491525,False
75,East Harlem South,6,889,374,16.476471691038622,13.116666666666667,0.42069741282339707,2026-03,unreliable_trip_rate,0.0,0.0,0.6355455568053994,0.3644544431946007,False
68,East Chelsea,5,730,307,13.1937899543379,9.783333333333335,0.42054794520547945,2026-03,unreliable_trip_rate,0.0,0.0,0.6616438356164384,0.33835616438356164,False
151,Manhattan Valley,15,1843,775,13.789202387411828,10.55,0.42051003798155184,2026-03,unreliable_trip_rate,0.0,0.0,0.26478567552902876,0.7352143244709712,False
258,Woodhaven,7,157,66,32.14203821656051,25.7,0.42038216560509556,2026-03,unreliable_trip_rate,0.0,0.0,1.0,0.0,False
43,Central Park,7,833,350,11.577891156462584,9.5,0.42016806722689076,2026-03,unreliable_trip_rate,0.0,0.0,0.595438175270108,0.40456182472989194,False
74,East Harlem North,20,788,331,16.185194585448393,13.575,0.4200507614213198,2026-03,unreliable_trip_rate,0.0,0.0,0.682741116751269,0.31725888324873097,False
113,Greenwich Village North,1,1557,654,13.011860415328623,10.316666666666666,0.42003853564547206,2026-03,unreliable_trip_rate,0.0,0.0,0.4463712267180475,0.5536287732819525,False
76,East New York,8,619,260,42.095611200861605,36.11666666666667,0.420032310177706,2026-03,unreliable_trip_rate,0.0,0.0,0.8949919224555735,0.1050080775444265,False
69,East Concourse/Concourse Village,9,150,63,40.62433333333333,35.06666666666666,0.42,2026-03,unreliable_trip_rate,0.0,0.0,1.0,0.0,False
122,Hollis,8,50,21,44.10933333333333,38.11666666666667,0.42,2026-03,unreliable_trip_rate,0.0,0.0,1.0,0.0,False
195,Red Hook,12,50,21,29.768,25.133333333333333,0.42,2026-03,unreliable_trip_rate,0.0,0.0,1.0,0.0,False
248,West Farms/Bronx River,10,50,21,39.71333333333334,33.858333333333334,0.42,2026-03,unreliable_trip_rate,0.0,0.0,1.0,0.0,False
85,Erasmus,16,81,34,47.42407407407407,38.31666666666667,0.41975308641975306,2026-03,unreliable_trip_rate,0.0,0.0,1.0,0.0,False
260,Woodside,15,81,34,28.661728395061726,20.5,0.41975308641975306,2026-03,unreliable_trip_rate,0.0,0.0,1.0,0.0,False
125,Hudson Sq,12,822,345,18.085563665855638,13.733333333333334,0.4197080291970803,2026-03,unreliable_trip_rate,0.0,0.0,0.5985401459854015,0.40145985401459855,False
76,East New York,17,224,94,31.884598214285713,27.458333333333336,0.41964285714285715,2026-03,unreliable_trip_rate,0.0,0.0,0.8392857142857143,0.16071428571428573,False
50,Clinton West,18,1764,740,15.1203231292517,13.116666666666667,0.41950113378684806,2026-03,unreliable_trip_rate,0.0,0.0,0.3373015873015873,0.6626984126984127,False
262,Yorkville East,23,608,255,12.380317982456141,10.725,0.4194078947368421,2026-03,unreliable_trip_rate,0.0,0.0,0.8207236842105263,0.17927631578947367,False
13,Battery Park City,3,31,13,18.105913978494623,14.366666666666667,0.41935483870967744,2026-03,unreliable_trip_rate,0.0,0.0,1.0,0.0,False
14,Bay Ridge,13,124,52,46.086962365591404,37.8,0.41935483870967744,2026-03,unreliable_trip_rate,0.0,0.0,1.0,0.0,False
26,Borough Park,23,31,13,16.70430107526882,13.516666666666667,0.41935483870967744,2026-03,unreliable_trip_rate,0.0,0.0,1.0,0.0,False
81,Eastchester,17,31,13,44.11612903225806,33.016666666666666,0.41935483870967744,2026-03,unreliable_trip_rate,0.0,0.0,1.0,0.0,False
122,Hollis,4,31,13,34.64086021505377,22.116666666666667,0.41935483870967744,2026-03,unreliable_trip_rate,0.0,0.0,1.0,0.0,False
126,Hunts Point,5,31,13,31.247311827956988,23.3,0.41935483870967744,2026-03,unreliable_trip_rate,0.0,0.0,1.0,0.0,False
265,Outside of NYC,17,31,13,22.190322580645162,18.383333333333333,0.41935483870967744,2026-03,unreliable_trip_rate,0.0,0.0,1.0,0.0,False
264,Unknown,22,136,57,16.814215686274512,15.075,0.41911764705882354,2026-03,unreliable_trip_rate,0.0,0.0,0.625,0.375,False
191,Queens Village,8,105,44,35.86412698412698,22.916666666666668,0.41904761904761906,2026-03,unreliable_trip_rate,0.0,0.0,1.0,0.0,False
197,Richmond Hill,10,74,31,29.904279279279276,23.166666666666664,0.4189189189189189,2026-03,unreliable_trip_rate,0.0,0.0,1.0,0.0,False
130,Jamaica,15,191,80,36.01902268760907,24.733333333333334,0.418848167539267,2026-03,unreliable_trip_rate,0.0,0.0,1.0,0.0,False
264,Unknown,13,234,98,19.38240740740741,14.05,0.4188034188034188,2026-03,unreliable_trip_rate,0.0,0.0,0.6196581196581197,0.3803418803418803,False
21,Bensonhurst East,10,43,18,40.98100775193799,32.2,0.4186046511627907,2026-03,unreliable_trip_rate,0.0,0.0,1.0,0.0,False
26,Borough Park,8,86,36,43.276744186046514,35.675,0.4186046511627907,2026-03,unreliable_trip_rate,0.0,0.0,1.0,0.0,False
29,Brighton Beach,9,43,18,55.231395348837204,40.9,0.4186046511627907,2026-03,unreliable_trip_rate,0.0,0.0,1.0,0.0,False
56,Corona,19,43,18,28.599612403100775,23.516666666666666,0.4186046511627907,2026-03,unreliable_trip_rate,0.0,0.0,1.0,0.0,False
63,Cypress Hills,17,43,18,28.42751937984496,21.916666666666668,0.4186046511627907,2026-03,unreliable_trip_rate,0.0,0.0,1.0,0.0,False
147,Longwood,13,43,18,41.46860465116279,28.383333333333333,0.4186046511627907,2026-03,unreliable_trip_rate,0.0,0.0,1.0,0.0,False
159,Melrose South,9,86,36,34.60968992248062,29.391666666666666,0.4186046511627907,2026-03,unreliable_trip_rate,0.0,0.0,1.0,0.0,False
208,Schuylerville/Edgewater Park,9,43,18,43.781007751937985,35.31666666666667,0.4186046511627907,2026-03,unreliable_trip_rate,0.0,0.0,1.0,0.0,False
219,Springfield Gardens South,6,43,18,57.70348837209303,45.3,0.4186046511627907,2026-03,unreliable_trip_rate,0.0,0.0,1.0,0.0,False
265,Outside of NYC,16,43,18,21.066279069767443,13.766666666666667,0.4186046511627907,2026-03,unreliable_trip_rate,0.0,0.0,1.0,0.0,False
42,Central Harlem North,13,724,303,26.6582182320442,20.375,0.4185082872928177,2026-03,unreliable_trip_rate,0.0,0.0,0.8107734806629834,0.18922651933701656,False
158,Meatpacking/West Village West,12,1097,459,17.581783652385294,14.65,0.41841385597082953,2026-03,unreliable_trip_rate,0.0,0.0,0.5050136736554239,0.4949863263445761,False
162,Midtown East,0,1545,646,12.078349514563106,10.35,0.4181229773462783,2026-03,unreliable_trip_rate,0.0,0.0,0.5067961165048543,0.49320388349514566,False
238,Upper West Side North,23,1203,503,12.719201995012469,11.1,0.41812136325852034,2026-03,unreliable_trip_rate,0.0,0.0,0.40399002493765584,0.5960099750623441,False
166,Morningside Heights,8,1168,488,18.29168093607306,15.933333333333334,0.4178082191780822,2026-03,unreliable_trip_rate,0.0,0.0,0.4700342465753425,0.5299657534246576,False
35,Brownsville,12,225,94,36.0302962962963,29.233333333333334,0.4177777777777778,2026-03,unreliable_trip_rate,0.0,0.0,1.0,0.0,False
125,Hudson Sq,9,601,251,15.472601220188574,12.316666666666666,0.4176372712146423,2026-03,unreliable_trip_rate,0.0,0.0,0.7487520798668885,0.2512479201331115,False
125,Hudson Sq,19,1334,557,14.275824587706147,12.191666666666666,0.41754122938530736,2026-03,unreliable_trip_rate,0.0,0.0,0.43778110944527737,0.5622188905547226,False
137,Kips Bay,15,2765,1154,20.15145268233876,14.2,0.4173598553345389,2026-03,unreliable_trip_rate,0.0,0.0,0.30886075949367087,0.6911392405063291,False
119,Highbridge,7,139,58,33.15383693045563,23.133333333333333,0.4172661870503597,2026-03,unreliable_trip_rate,0.0,0.0,1.0,0.0,False
137,Kips Bay,12,2304,961,18.21802662037037,14.05,0.4171006944444444,2026-03,unreliable_trip_rate,0.0,0.0,0.33984375,0.66015625,False
43,Central Park,21,1718,716,11.688678696158325,9.0,0.4167636786961583,2026-03,unreliable_trip_rate,0.0,0.0,0.29743888242142025,0.7025611175785798,False
43,Central Park,3,36,15,17.637962962962963,12.933333333333334,0.4166666666666667,2026-03,unreliable_trip_rate,0.0,0.0,1.0,0.0,False
72,East Flatbush/Remsen Village,23,36,15,20.0,17.025,0.4166666666666667,2026-03,unreliable_trip_rate,0.0,0.0,1.0,0.0,False
89,Flatbush/Ditmas Park,11,216,90,39.899845679012344,28.758333333333333,0.4166666666666667,2026-03,unreliable_trip_rate,0.0,0.0,1.0,0.0,False
92,Flushing,18,48,20,27.175,22.94166666666667,0.4166666666666667,2026-03,unreliable_trip_rate,0.0,0.0,1.0,0.0,False
108,Gravesend,10,72,30,48.68449074074074,38.41666666666667,0.4166666666666667,2026-03,unreliable_trip_rate,0.0,0.0,1.0,0.0,False
117,Hammels/Arverne,12,72,30,64.16226851851852,56.95833333333333,0.4166666666666667,2026-03,unreliable_trip_rate,0.0,0.0,1.0,0.0,False
134,Kew Gardens,7,84,35,39.58134920634921,34.54166666666667,0.4166666666666667,2026-03,unreliable_trip_rate,0.0,0.0,1.0,0.0,False
157,Maspeth,20,36,15,23.861574074074074,16.691666666666666,0.4166666666666667,2026-03,unreliable_trip_rate,0.0,0.0,1.0,0.0,False
260,Woodside,4,96,40,14.177777777777777,11.775,0.4166666666666667,2026-03,unreliable_trip_rate,0.0,0.0,1.0,0.0,False
90,Flatiron,11,2286,952,15.009332166812483,11.725,0.41644794400699914,2026-03,unreliable_trip_rate,0.0,0.0,0.20559930008748906,0.7944006999125109,False
65,Downtown Brooklyn/MetroTech,16,317,132,37.61277602523659,27.166666666666668,0.416403785488959,2026-03,unreliable_trip_rate,0.0,0.0,1.0,0.0,False
114,Greenwich Village South,12,1112,463,15.925584532374101,12.441666666666666,0.41636690647482016,2026-03,unreliable_trip_rate,0.0,0.0,0.447841726618705,0.552158273381295,False
143,Lincoln Square West,21,1449,603,12.956751782838738,11.1,0.4161490683229814,2026-03,unreliable_trip_rate,0.0,0.0,0.44030365769496205,0.559696342305038,False
166,Morningside Heights,22,1166,485,15.279259576901085,13.25,0.4159519725557461,2026-03,unreliable_trip_rate,0.0,0.0,0.47855917667238423,0.5214408233276158,False
18,Bedford Park,7,113,47,38.1929203539823,26.85,0.415929203539823,2026-03,unreliable_trip_rate,0.0,0.0,1.0,0.0,False
55,Coney Island,8,178,74,57.32303370786517,48.58333333333333,0.4157303370786517,2026-03,unreliable_trip_rate,0.0,0.0,1.0,0.0,False
223,Steinway,17,130,54,26.984230769230766,23.40833333333333,0.4153846153846154,2026-03,unreliable_trip_rate,0.0,0.0,1.0,0.0,False
21,Bensonhurst East,14,53,22,58.649371069182386,50.95,0.41509433962264153,2026-03,unreliable_trip_rate,0.0,0.0,1.0,0.0,False
38,Cambria Heights,8,53,22,53.93867924528302,52.46666666666667,0.41509433962264153,2026-03,unreliable_trip_rate,0.0,0.0,1.0,0.0,False
83,Elmhurst/Maspeth,18,53,22,21.836477987421382,18.4,0.41509433962264153,2026-03,unreliable_trip_rate,0.0,0.0,1.0,0.0,False
210,Sheepshead Bay,9,106,44,41.79245283018868,31.391666666666666,0.41509433962264153,2026-03,unreliable_trip_rate,0.0,0.0,1.0,0.0,False
130,Jamaica,9,94,39,41.37287234042553,35.25833333333333,0.4148936170212766,2026-03,unreliable_trip_rate,0.0,0.0,1.0,0.0,False
264,Unknown,18,270,112,16.344382716049385,12.458333333333332,0.4148148148148148,2026-03,unreliable_trip_rate,0.0,0.0,0.4740740740740741,0.5259259259259259,False
42,Central Harlem North,18,757,314,20.707331571994718,18.866666666666667,0.4147952443857332,2026-03,unreliable_trip_rate,0.0,0.0,0.7014531043593131,0.2985468956406869,False
95,Forest Hills,1,41,17,15.143089430894308,13.1,0.4146341463414634,2026-03,unreliable_trip_rate,0.0,0.0,1.0,0.0,False
134,Kew Gardens,13,41,17,31.054878048780488,22.366666666666667,0.4146341463414634,2026-03,unreliable_trip_rate,0.0,0.0,1.0,0.0,False
180,Ozone Park,8,41,17,33.75325203252033,24.566666666666666,0.4146341463414634,2026-03,unreliable_trip_rate,0.0,0.0,1.0,0.0,False
219,Springfield Gardens South,22,41,17,26.091463414634145,23.75,0.4146341463414634,2026-03,unreliable_trip_rate,0.0,0.0,1.0,0.0,False
39,Canarsie,14,193,80,36.795336787564764,25.666666666666668,0.41450777202072536,2026-03,unreliable_trip_rate,0.0,0.0,1.0,0.0,False
74,East Harlem North,18,1052,436,18.625031685678074,15.933333333333334,0.4144486692015209,2026-03,unreliable_trip_rate,0.0,0.0,0.5807984790874525,0.41920152091254753,False
143,Lincoln Square West,22,1320,547,13.48844696969697,12.291666666666668,0.41439393939393937,2026-03,unreliable_trip_rate,0.0,0.0,0.48333333333333334,0.5166666666666667,False
106,Gowanus,17,70,29,28.402619047619048,22.40833333333333,0.4142857142857143,2026-03,unreliable_trip_rate,0.0,0.0,1.0,0.0,False
191,Queens Village,5,70,29,44.68785714285715,39.29166666666667,0.4142857142857143,2026-03,unreliable_trip_rate,0.0,0.0,1.0,0.0,False
114,Greenwich Village South,13,1362,564,15.72180616740088,13.016666666666666,0.41409691629955947,2026-03,unreliable_trip_rate,0.0,0.0,0.3472834067547724,0.6527165932452276,False
130,Jamaica,16,256,106,42.567057291666664,35.05,0.4140625,2026-03,unreliable_trip_rate,0.0,0.0,1.0,0.0,False
50,Clinton West,17,1691,700,15.257293514685589,13.116666666666667,0.41395623891188643,2026-03,unreliable_trip_rate,0.0,0.0,0.33885274985215846,0.6611472501478415,False
91,Flatlands,8,273,113,40.74102564102564,26.8,0.4139194139194139,2026-03,unreliable_trip_rate,0.0,0.0,1.0,0.0,False
119,Highbridge,13,58,24,34.632471264367815,26.358333333333334,0.41379310344827586,2026-03,unreliable_trip_rate,0.0,0.0,1.0,0.0,False
215,South Jamaica,13,58,24,32.603735632183906,31.674999999999997,0.41379310344827586,2026-03,unreliable_trip_rate,0.0,0.0,1.0,0.0,False
242,Van Nest/Morris Park,13,58,24,38.189942528735635,27.116666666666667,0.41379310344827586,2026-03,unreliable_trip_rate,0.0,0.0,1.0,0.0,False
24,Bloomingdale,20,568,235,14.448415492957748,12.066666666666666,0.4137323943661972,2026-03,unreliable_trip_rate,0.0,0.0,0.7535211267605634,0.24647887323943662,False
42,Central Harlem North,15,718,297,26.33980965645311,21.200000000000003,0.4136490250696379,2026-03,unreliable_trip_rate,0.0,0.0,0.7966573816155988,0.20334261838440112,False
89,Flatbush/Ditmas Park,16,133,55,41.841353383458646,32.93333333333333,0.41353383458646614,2026-03,unreliable_trip_rate,0.0,0.0,1.0,0.0,False
43,Central Park,10,1908,789,12.969584206848358,10.533333333333333,0.41352201257861637,2026-03,unreliable_trip_rate,0.0,0.0,0.2348008385744235,0.7651991614255765,False
168,Mott Haven/Port Morris,9,179,74,32.62895716945996,26.333333333333332,0.4134078212290503,2026-03,unreliable_trip_rate,0.0,0.0,1.0,0.0,False
39,Canarsie,20,75,31,32.686888888888895,27.783333333333335,0.41333333333333333,2026-03,unreliable_trip_rate,0.0,0.0,1.0,0.0,False
147,Longwood,7,75,31,36.71422222222222,27.583333333333332,0.41333333333333333,2026-03,unreliable_trip_rate,0.0,0.0,1.0,0.0,False
198,Ridgewood,19,75,31,21.506444444444444,19.45,0.41333333333333333,2026-03,unreliable_trip_rate,0.0,0.0,1.0,0.0,False
51,Co-Op City,16,46,19,60.67391304347826,52.55833333333334,0.41304347826086957,2026-03,unreliable_trip_rate,0.0,0.0,1.0,0.0,False
63,Cypress Hills,4,46,19,17.88804347826087,14.733333333333334,0.41304347826086957,2026-03,unreliable_trip_rate,0.0,0.0,1.0,0.0,False
92,Flushing,16,46,19,53.434420289855076,44.3,0.41304347826086957,2026-03,unreliable_trip_rate,0.0,0.0,1.0,0.0,False
126,Hunts Point,6,46,19,32.13985507246377,27.43333333333333,0.41304347826086957,2026-03,unreliable_trip_rate,0.0,0.0,1.0,0.0,False
127,Inwood,14,92,38,35.73242753623188,26.166666666666664,0.41304347826086957,2026-03,unreliable_trip_rate,0.0,0.0,1.0,0.0,False
182,Parkchester,17,46,19,43.14565217391304,36.724999999999994,0.41304347826086957,2026-03,unreliable_trip_rate,0.0,0.0,1.0,0.0,False
218,Springfield Gardens North,14,46,19,46.414130434782614,33.09166666666667,0.41304347826086957,2026-03,unreliable_trip_rate,0.0,0.0,1.0,0.0,False
260,Woodside,16,92,38,27.645108695652173,24.833333333333336,0.41304347826086957,2026-03,unreliable_trip_rate,0.0,0.0,1.0,0.0,False
92,Flushing,19,63,26,24.606084656084658,20.333333333333332,0.4126984126984127,2026-03,unreliable_trip_rate,0.0,0.0,1.0,0.0,False
166,Morningside Heights,12,1277,527,18.434207778647874,15.433333333333334,0.41268598277212215,2026-03,unreliable_trip_rate,0.0,0.0,0.4573218480814409,0.5426781519185592,False
164,Midtown South,2,1144,472,12.169711538461538,10.958333333333332,0.4125874125874126,2026-03,unreliable_trip_rate,0.0,0.0,0.7797202797202797,0.2202797202797203,False
100,Garment District,13,2189,903,18.31663621135983,12.483333333333333,0.4125171311100959,2026-03,unreliable_trip_rate,0.0,0.0,0.2718136135221562,0.7281863864778437,False
35,Brownsville,16,160,66,36.8896875,26.0,0.4125,2026-03,unreliable_trip_rate,0.0,0.0,1.0,0.0,False
215,South Jamaica,8,177,73,36.28427495291902,25.45,0.4124293785310734,2026-03,unreliable_trip_rate,0.0,0.0,1.0,0.0,False
166,Morningside Heights,20,1724,711,15.69447022428461,13.441666666666666,0.4124129930394432,2026-03,unreliable_trip_rate,0.0,0.0,0.3839907192575406,0.6160092807424594,False
42,Central Harlem North,0,325,134,15.255179487179488,13.316666666666666,0.4123076923076923,2026-03,unreliable_trip_rate,0.0,0.0,0.8953846153846153,0.10461538461538461,False
50,Clinton West,11,1179,486,15.93183488832344,13.75,0.4122137404580153,2026-03,unreliable_trip_rate,0.0,0.0,0.4342663273960984,0.5657336726039016,False
50,Clinton West,5,279,115,14.412903225806451,10.516666666666667,0.4121863799283154,2026-03,unreliable_trip_rate,0.0,0.0,1.0,0.0,False
45,Chinatown,13,347,143,23.94817483189241,18.216666666666665,0.41210374639769454,2026-03,unreliable_trip_rate,0.0,0.0,1.0,0.0,False
77,East New York/Pennsylvania Avenue,11,85,35,36.11686274509804,27.316666666666666,0.4117647058823529,2026-03,unreliable_trip_rate,0.0,0.0,1.0,0.0,False
123,Homecrest,19,34,14,22.82843137254902,17.05,0.4117647058823529,2026-03,unreliable_trip_rate,0.0,0.0,1.0,0.0,False
157,Maspeth,18,34,14,20.226470588235294,17.525,0.4117647058823529,2026-03,unreliable_trip_rate,0.0,0.0,1.0,0.0,False
174,Norwood,10,51,21,49.751960784313724,39.25,0.4117647058823529,2026-03,unreliable_trip_rate,0.0,0.0,1.0,0.0,False
233,UN/Turtle Bay South,23,952,392,12.489110644257703,10.891666666666666,0.4117647058823529,2026-03,unreliable_trip_rate,0.0,0.0,0.6869747899159664,0.3130252100840336,False
50,Clinton West,9,1535,632,15.79517915309446,14.366666666666667,0.41172638436482084,2026-03,unreliable_trip_rate,0.0,0.0,0.3817589576547231,0.6182410423452769,False
264,Unknown,12,226,93,16.671238938053097,13.083333333333332,0.41150442477876104,2026-03,unreliable_trip_rate,0.0,0.0,0.5088495575221239,0.4911504424778761,False
49,Clinton Hill,15,158,65,37.243143459915615,28.25,0.41139240506329117,2026-03,unreliable_trip_rate,0.0,0.0,1.0,0.0,False
211,SoHo,2,739,304,11.95002255299955,10.483333333333333,0.41136671177266576,2026-03,unreliable_trip_rate,0.0,0.0,0.7307171853856563,0.2692828146143437,False
113,Greenwich Village North,11,2042,840,14.815899444988572,11.483333333333333,0.41136141038197843,2026-03,unreliable_trip_rate,0.0,0.0,0.2414299706170421,0.7585700293829579,False
222,Starrett City,8,124,51,46.66290322580645,40.65833333333333,0.4112903225806452,2026-03,unreliable_trip_rate,0.0,0.0,1.0,0.0,False
39,Canarsie,9,377,155,36.85720601237843,28.983333333333334,0.41114058355437666,2026-03,unreliable_trip_rate,0.0,0.0,0.9204244031830239,0.07957559681697612,False
39,Canarsie,15,146,60,38.28527397260274,23.333333333333332,0.410958904109589,2026-03,unreliable_trip_rate,0.0,0.0,1.0,0.0,False
56,Corona,9,73,30,34.78698630136986,26.066666666666666,0.410958904109589,2026-03,unreliable_trip_rate,0.0,0.0,1.0,0.0,False
249,West Village,10,1898,780,13.395758693361433,9.158333333333333,0.410958904109589,2026-03,unreliable_trip_rate,0.0,0.0,0.21812434141201265,0.7818756585879874,False
137,Kips Bay,14,2441,1003,19.14875051208521,14.166666666666668,0.4108971732896354,2026-03,unreliable_trip_rate,0.0,0.0,0.32117984432609586,0.6788201556739042,False
71,East Flatbush/Farragut,14,129,53,33.112273901808784,19.533333333333335,0.4108527131782946,2026-03,unreliable_trip_rate,0.0,0.0,1.0,0.0,False
129,Jackson Heights,14,129,53,25.122222222222224,24.033333333333335,0.4108527131782946,2026-03,unreliable_trip_rate,0.0,0.0,1.0,0.0,False
28,Briarwood/Jamaica Hills,13,56,23,27.24404761904762,19.96666666666667,0.4107142857142857,2026-03,unreliable_trip_rate,0.0,0.0,1.0,0.0,False
134,Kew Gardens,12,56,23,34.57946428571429,31.166666666666668,0.4107142857142857,2026-03,unreliable_trip_rate,0.0,0.0,1.0,0.0,False
188,Prospect-Lefferts Gardens,21,95,39,31.210701754385962,24.283333333333335,0.4105263157894737,2026-03,unreliable_trip_rate,0.0,0.0,1.0,0.0,False
113,Greenwich Village North,12,2190,899,15.802960426179602,12.183333333333334,0.41050228310502285,2026-03,unreliable_trip_rate,0.0,0.0,0.25616438356164384,0.7438356164383562,False
63,Cypress Hills,11,78,32,35.973290598290596,28.84166666666667,0.41025641025641024,2026-03,unreliable_trip_rate,0.0,0.0,1.0,0.0,False
119,Highbridge,5,39,16,36.47264957264957,27.316666666666666,0.41025641025641024,2026-03,unreliable_trip_rate,0.0,0.0,1.0,0.0,False
218,Springfield Gardens North,15,39,16,48.09316239316239,38.583333333333336,0.41025641025641024,2026-03,unreliable_trip_rate,0.0,0.0,1.0,0.0,False
42,Central Harlem North,12,729,299,25.816117969821676,21.733333333333334,0.4101508916323731,2026-03,unreliable_trip_rate,0.0,0.0,0.821673525377229,0.17832647462277093,False
166,Morningside Heights,14,1402,575,18.81148359486448,16.066666666666666,0.41012838801711843,2026-03,unreliable_trip_rate,0.0,0.0,0.3958630527817404,0.6041369472182596,False
76,East New York,14,300,123,38.94327777777778,33.375,0.41,2026-03,unreliable_trip_rate,0.0,0.0,0.89,0.11,False
260,Woodside,17,100,41,20.748833333333334,16.008333333333333,0.41,2026-03,unreliable_trip_rate,0.0,0.0,1.0,0.0,False
49,Clinton Hill,12,205,84,30.942764227642275,25.75,0.4097560975609756,2026-03,unreliable_trip_rate,0.0,0.0,1.0,0.0,False
74,East Harlem North,8,1174,481,22.44869392390687,19.583333333333332,0.4097103918228279,2026-03,unreliable_trip_rate,0.0,0.0,0.5851788756388415,0.4148211243611584,False
125,Hudson Sq,23,784,321,14.684141156462585,12.358333333333334,0.4094387755102041,2026-03,unreliable_trip_rate,0.0,0.0,0.8380102040816326,0.16198979591836735,False
205,Saint Albans,7,193,79,49.68082901554404,41.25,0.40932642487046633,2026-03,unreliable_trip_rate,0.0,0.0,1.0,0.0,False
75,East Harlem South,8,1977,809,18.19989883662114,15.733333333333333,0.4092058674759737,2026-03,unreliable_trip_rate,0.0,0.0,0.35407182599898834,0.6459281740010117,False
41,Central Harlem,23,616,252,14.06228354978355,11.933333333333334,0.4090909090909091,2026-03,unreliable_trip_rate,0.0,0.0,0.689935064935065,0.31006493506493504,False
52,Cobble Hill,20,66,27,19.564646464646465,17.366666666666667,0.4090909090909091,2026-03,unreliable_trip_rate,0.0,0.0,1.0,0.0,False
72,East Flatbush/Remsen Village,19,88,36,34.21969696969697,28.766666666666666,0.4090909090909091,2026-03,unreliable_trip_rate,0.0,0.0,1.0,0.0,False
81,Eastchester,7,110,45,53.516666666666666,48.358333333333334,0.4090909090909091,2026-03,unreliable_trip_rate,0.0,0.0,1.0,0.0,False
83,Elmhurst/Maspeth,13,44,18,26.329545454545453,23.049999999999997,0.4090909090909091,2026-03,unreliable_trip_rate,0.0,0.0,1.0,0.0,False
119,Highbridge,8,110,45,35.18727272727273,29.758333333333333,0.4090909090909091,2026-03,unreliable_trip_rate,0.0,0.0,1.0,0.0,False
124,Howard Beach,7,44,18,55.79772727272727,41.875,0.4090909090909091,2026-03,unreliable_trip_rate,0.0,0.0,1.0,0.0,False
160,Middle Village,6,44,18,36.58522727272727,32.09166666666667,0.4090909090909091,2026-03,unreliable_trip_rate,0.0,0.0,1.0,0.0,False
234,Union Sq,5,352,144,12.542376893939394,8.991666666666667,0.4090909090909091,2026-03,unreliable_trip_rate,0.0,0.0,1.0,0.0,False
141,Lenox Hill West,2,467,191,10.279693076374018,8.833333333333334,0.4089935760171306,2026-03,unreliable_trip_rate,0.0,0.0,0.8950749464668094,0.10492505353319058,False
211,SoHo,10,575,235,15.925739130434781,13.033333333333333,0.40869565217391307,2026-03,unreliable_trip_rate,0.0,0.0,0.7286956521739131,0.271304347826087,False
238,Upper West Side North,22,1934,790,13.021785591175458,11.016666666666667,0.40847983453981385,2026-03,unreliable_trip_rate,0.0,0.0,0.328335056876939,0.671664943123061,False
10,Baisley Park,13,71,29,38.72370892018779,35.516666666666666,0.4084507042253521,2026-03,unreliable_trip_rate,0.0,0.0,1.0,0.0,False
50,Clinton West,0,568,232,13.451173708920187,12.033333333333335,0.4084507042253521,2026-03,unreliable_trip_rate,0.0,0.0,0.8820422535211268,0.11795774647887323,False
77,East New York/Pennsylvania Avenue,6,142,58,47.47676056338028,43.28333333333333,0.4084507042253521,2026-03,unreliable_trip_rate,0.0,0.0,1.0,0.0,False
247,West Concourse,13,71,29,31.58568075117371,22.216666666666665,0.4084507042253521,2026-03,unreliable_trip_rate,0.0,0.0,1.0,0.0,False
132,JFK Airport,3,617,252,21.013506212857916,18.4,0.40842787682333875,2026-03,unreliable_trip_rate,0.0,0.0,0.873581847649919,0.12641815235008103,False
165,Midwood,12,120,49,43.64805555555555,34.141666666666666,0.4083333333333333,2026-03,unreliable_trip_rate,0.0,0.0,1.0,0.0,False
140,Lenox Hill East,2,169,69,11.13560157790927,10.133333333333333,0.40828402366863903,2026-03,unreliable_trip_rate,0.0,0.0,1.0,0.0,False
125,Hudson Sq,22,1095,447,15.096073059360732,13.1,0.40821917808219177,2026-03,unreliable_trip_rate,0.0,0.0,0.6684931506849315,0.3315068493150685,False
51,Co-Op City,17,49,20,49.47482993197279,46.28333333333333,0.40816326530612246,2026-03,unreliable_trip_rate,0.0,0.0,1.0,0.0,False
78,East Tremont,16,49,20,44.10884353741497,36.93333333333333,0.40816326530612246,2026-03,unreliable_trip_rate,0.0,0.0,1.0,0.0,False
75,East Harlem South,23,603,246,14.03902708678828,12.566666666666666,0.4079601990049751,2026-03,unreliable_trip_rate,0.0,0.0,0.7827529021558872,0.21724709784411278,False
165,Midwood,15,76,31,39.44298245614035,34.79166666666667,0.40789473684210525,2026-03,unreliable_trip_rate,0.0,0.0,1.0,0.0,False
242,Van Nest/Morris Park,17,76,31,37.23157894736842,27.5,0.40789473684210525,2026-03,unreliable_trip_rate,0.0,0.0,1.0,0.0,False
264,Unknown,6,103,42,14.776051779935276,9.816666666666666,0.4077669902912621,2026-03,unreliable_trip_rate,0.0,0.0,0.6601941747572816,0.33980582524271846,False
113,Greenwich Village North,2,1035,422,11.506360708534622,9.766666666666667,0.4077294685990338,2026-03,unreliable_trip_rate,0.0,0.0,0.6328502415458938,0.3671497584541063,False
235,University Heights/Morris Heights,8,157,64,40.88142250530785,33.083333333333336,0.40764331210191085,2026-03,unreliable_trip_rate,0.0,0.0,1.0,0.0,False
125,Hudson Sq,10,655,267,16.566539440203563,12.183333333333334,0.4076335877862595,2026-03,unreliable_trip_rate,0.0,0.0,0.8656488549618321,0.13435114503816795,False
264,Unknown,0,108,44,16.398611111111112,14.325,0.4074074074074074,2026-03,unreliable_trip_rate,0.0,0.0,0.6018518518518519,0.39814814814814814,False
68,East Chelsea,2,1142,465,12.520213076474024,11.133333333333333,0.4071803852889667,2026-03,unreliable_trip_rate,0.0,0.0,0.6672504378283712,0.3327495621716287,False
125,Hudson Sq,11,673,274,18.01525507677068,13.283333333333333,0.40713224368499257,2026-03,unreliable_trip_rate,0.0,0.0,0.687964338781575,0.31203566121842496,False
213,Soundview/Castle Hill,8,226,92,40.91002949852507,35.025,0.40707964601769914,2026-03,unreliable_trip_rate,0.0,0.0,1.0,0.0,False
68,East Chelsea,1,1715,698,13.619086491739553,11.616666666666667,0.40699708454810496,2026-03,unreliable_trip_rate,0.0,0.0,0.4903790087463557,0.5096209912536444,False
193,Queensbridge/Ravenswood,15,86,35,30.35193798449612,24.616666666666667,0.4069767441860465,2026-03,unreliable_trip_rate,0.0,0.0,1.0,0.0,False
72,East Flatbush/Remsen Village,5,145,59,35.04793103448276,31.4,0.4068965517241379,2026-03,unreliable_trip_rate,0.0,0.0,1.0,0.0,False
108,Gravesend,8,59,24,45.22937853107344,35.6,0.4067796610169492,2026-03,unreliable_trip_rate,0.0,0.0,1.0,0.0,False
189,Prospect Heights,12,59,24,41.26751412429378,35.06666666666667,0.4067796610169492,2026-03,unreliable_trip_rate,0.0,0.0,1.0,0.0,False
259,Woodlawn/Wakefield,7,91,37,46.36007326007326,40.13333333333333,0.4065934065934066,2026-03,unreliable_trip_rate,0.0,0.0,1.0,0.0,False
50,Clinton West,21,1110,451,13.972702702702703,12.341666666666667,0.4063063063063063,2026-03,unreliable_trip_rate,0.0,0.0,0.5630630630630631,0.4369369369369369,False
14,Bay Ridge,0,32,13,14.272916666666667,11.8,0.40625,2026-03,unreliable_trip_rate,0.0,0.0,1.0,0.0,False
61,Crown Heights North,16,256,104,39.13196614583333,30.075000000000003,0.40625,2026-03,unreliable_trip_rate,0.0,0.0,1.0,0.0,False
94,Fordham South,7,64,26,40.79505208333333,30.775,0.40625,2026-03,unreliable_trip_rate,0.0,0.0,1.0,0.0,False
124,Howard Beach,0,32,13,17.131770833333334,14.3,0.40625,2026-03,unreliable_trip_rate,0.0,0.0,1.0,0.0,False
202,Roosevelt Island,16,32,13,35.71458333333333,30.191666666666666,0.40625,2026-03,unreliable_trip_rate,0.0,0.0,1.0,0.0,False
211,SoHo,0,1524,619,13.247517497812774,11.583333333333334,0.4061679790026247,2026-03,unreliable_trip_rate,0.0,0.0,0.4061679790026247,0.5938320209973753,False
24,Bloomingdale,21,522,212,14.202107279693486,12.216666666666667,0.4061302681992337,2026-03,unreliable_trip_rate,0.0,0.0,0.7413793103448276,0.25862068965517243,False
43,Central Park,23,687,279,11.27064531780689,9.433333333333334,0.40611353711790393,2026-03,unreliable_trip_rate,0.0,0.0,0.7874818049490538,0.21251819505094613,False
185,Pelham Parkway,8,69,28,43.57053140096618,42.4,0.4057971014492754,2026-03,unreliable_trip_rate,0.0,0.0,1.0,0.0,False
76,East New York,18,175,71,31.39266666666667,25.1,0.4057142857142857,2026-03,unreliable_trip_rate,0.0,0.0,1.0,0.0,False
89,Flatbush/Ditmas Park,18,212,86,29.05424528301887,23.508333333333333,0.4056603773584906,2026-03,unreliable_trip_rate,0.0,0.0,1.0,0.0,False
18,Bedford Park,16,37,15,56.60900900900901,48.75,0.40540540540540543,2026-03,unreliable_trip_rate,0.0,0.0,1.0,0.0,False
39,Canarsie,17,111,45,38.47957957957958,27.65,0.40540540540540543,2026-03,unreliable_trip_rate,0.0,0.0,1.0,0.0,False
160,Middle Village,9,37,15,34.322072072072075,27.15,0.40540540540540543,2026-03,unreliable_trip_rate,0.0,0.0,1.0,0.0,False
165,Midwood,19,37,15,29.89504504504504,19.916666666666668,0.40540540540540543,2026-03,unreliable_trip_rate,0.0,0.0,1.0,0.0,False
169,Mount Hope,17,37,15,34.12882882882883,22.866666666666667,0.40540540540540543,2026-03,unreliable_trip_rate,0.0,0.0,1.0,0.0,False
195,Red Hook,6,37,15,28.572522522522526,23.883333333333333,0.40540540540540543,2026-03,unreliable_trip_rate,0.0,0.0,1.0,0.0,False
227,Sunset Park East,18,37,15,33.46621621621622,27.866666666666667,0.40540540540540543,2026-03,unreliable_trip_rate,0.0,0.0,1.0,0.0,False
254,Williamsbridge/Olinville,13,74,30,47.66373873873874,40.93333333333334,0.40540540540540543,2026-03,unreliable_trip_rate,0.0,0.0,1.0,0.0,False
186,Penn Station/Madison Sq West,2,824,334,12.665796925566344,11.208333333333332,0.4053398058252427,2026-03,unreliable_trip_rate,0.0,0.0,0.8677184466019418,0.13228155339805825,False
100,Garment District,0,1414,573,13.530351249410657,11.8,0.40523338048090524,2026-03,unreliable_trip_rate,0.0,0.0,0.5162659123055162,0.4837340876944837,False
166,Morningside Heights,19,1765,715,16.485703493862133,14.066666666666666,0.40509915014164305,2026-03,unreliable_trip_rate,0.0,0.0,0.3348441926345609,0.6651558073654391,False
90,Flatiron,12,2523,1022,15.923265953230281,11.649999999999999,0.4050733254062624,2026-03,unreliable_trip_rate,0.0,0.0,0.20134760206103844,0.7986523979389616,False
72,East Flatbush/Remsen Village,12,158,64,33.682805907173,25.40833333333333,0.4050632911392405,2026-03,unreliable_trip_rate,0.0,0.0,1.0,0.0,False
100,Garment District,9,1837,744,15.459344946470694,11.241666666666667,0.4050081654872074,2026-03,unreliable_trip_rate,0.0,0.0,0.2700054436581383,0.7299945563418617,False
14,Bay Ridge,23,42,17,16.098412698412698,13.966666666666667,0.40476190476190477,2026-03,unreliable_trip_rate,0.0,0.0,1.0,0.0,False
28,Briarwood/Jamaica Hills,18,42,17,26.787301587301585,19.75,0.40476190476190477,2026-03,unreliable_trip_rate,0.0,0.0,1.0,0.0,False
39,Canarsie,16,126,51,31.780158730158732,21.491666666666667,0.40476190476190477,2026-03,unreliable_trip_rate,0.0,0.0,1.0,0.0,False
124,Howard Beach,8,42,17,35.858333333333334,28.225,0.40476190476190477,2026-03,unreliable_trip_rate,0.0,0.0,1.0,0.0,False
195,Red Hook,13,42,17,34.50119047619047,29.549999999999997,0.40476190476190477,2026-03,unreliable_trip_rate,0.0,0.0,1.0,0.0,False
197,Richmond Hill,17,84,34,26.469047619047622,20.541666666666664,0.40476190476190477,2026-03,unreliable_trip_rate,0.0,0.0,1.0,0.0,False
114,Greenwich Village South,4,702,284,12.876377018043685,10.883333333333333,0.4045584045584046,2026-03,unreliable_trip_rate,0.0,0.0,0.9344729344729344,0.06552706552706553,False
264,Unknown,10,220,89,16.888560606060608,11.941666666666666,0.40454545454545454,2026-03,unreliable_trip_rate,0.0,0.0,0.5590909090909091,0.4409090909090909,False
76,East New York,13,309,125,38.14190938511327,31.766666666666666,0.4045307443365696,2026-03,unreliable_trip_rate,0.0,0.0,0.8932038834951457,0.10679611650485436,False
166,Morningside Heights,16,1634,661,19.123541411668704,15.233333333333333,0.40452876376988983,2026-03,unreliable_trip_rate,0.0,0.0,0.3268053855569155,0.6731946144430845,False
229,Sutton Place/Turtle Bay North,15,2794,1130,15.423377475542829,10.7,0.4044380816034359,2026-03,unreliable_trip_rate,0.0,0.0,0.22297780959198282,0.7770221904080172,False
86,Far Rockaway,9,136,55,67.93688725490196,60.56666666666666,0.40441176470588236,2026-03,unreliable_trip_rate,0.0,0.0,1.0,0.0,False
129,Jackson Heights,3,136,55,15.448039215686276,14.025,0.40441176470588236,2026-03,unreliable_trip_rate,0.0,0.0,1.0,0.0,False
19,Bellerose,6,47,19,46.27482269503546,36.733333333333334,0.40425531914893614,2026-03,unreliable_trip_rate,0.0,0.0,1.0,0.0,False
95,Forest Hills,20,141,57,22.62174940898345,17.85,0.40425531914893614,2026-03,unreliable_trip_rate,0.0,0.0,1.0,0.0,False
126,Hunts Point,14,47,19,36.05354609929078,26.633333333333333,0.40425531914893614,2026-03,unreliable_trip_rate,0.0,0.0,1.0,0.0,False
136,Kingsbridge Heights,9,47,19,45.44822695035461,40.38333333333333,0.40425531914893614,2026-03,unreliable_trip_rate,0.0,0.0,1.0,0.0,False
257,Windsor Terrace,18,47,19,29.109574468085107,26.4,0.40425531914893614,2026-03,unreliable_trip_rate,0.0,0.0,1.0,0.0,False
258,Woodhaven,10,47,19,26.41985815602837,18.816666666666666,0.40425531914893614,2026-03,unreliable_trip_rate,0.0,0.0,1.0,0.0,False
119,Highbridge,6,99,40,36.63754208754209,27.466666666666665,0.40404040404040403,2026-03,unreliable_trip_rate,0.0,0.0,1.0,0.0,False
28,Briarwood/Jamaica Hills,12,52,21,33.66826923076923,26.5,0.40384615384615385,2026-03,unreliable_trip_rate,0.0,0.0,1.0,0.0,False
121,Hillcrest/Pomonok,8,52,21,45.82884615384615,42.61666666666667,0.40384615384615385,2026-03,unreliable_trip_rate,0.0,0.0,1.0,0.0,False
147,Longwood,6,52,21,43.099679487179486,34.40833333333333,0.40384615384615385,2026-03,unreliable_trip_rate,0.0,0.0,1.0,0.0,False
242,Van Nest/Morris Park,14,52,21,43.10897435897436,38.88333333333333,0.40384615384615385,2026-03,unreliable_trip_rate,0.0,0.0,1.0,0.0,False
260,Woodside,14,104,42,23.71746794871795,19.09166666666667,0.40384615384615385,2026-03,unreliable_trip_rate,0.0,0.0,1.0,0.0,False
125,Hudson Sq,0,634,256,13.453838065194532,11.175,0.4037854889589905,2026-03,unreliable_trip_rate,0.0,0.0,0.8217665615141956,0.17823343848580442,False
63,Cypress Hills,6,161,65,35.529813664596276,27.883333333333333,0.40372670807453415,2026-03,unreliable_trip_rate,0.0,0.0,1.0,0.0,False
186,Penn Station/Madison Sq West,3,654,264,11.538022426095822,9.475,0.4036697247706422,2026-03,unreliable_trip_rate,0.0,0.0,0.8715596330275229,0.12844036697247707,False
238,Upper West Side North,0,654,264,12.484454638124362,10.816666666666666,0.4036697247706422,2026-03,unreliable_trip_rate,0.0,0.0,0.735474006116208,0.26452599388379205,False
107,Gramercy,3,820,331,11.143475609756097,9.758333333333333,0.4036585365853659,2026-03,unreliable_trip_rate,0.0,0.0,0.7524390243902439,0.2475609756097561,False
72,East Flatbush/Remsen Village,11,166,67,35.29949799196787,24.916666666666664,0.4036144578313253,2026-03,unreliable_trip_rate,0.0,0.0,1.0,0.0,False
213,Soundview/Castle Hill,18,57,23,32.421052631578945,26.1,0.40350877192982454,2026-03,unreliable_trip_rate,0.0,0.0,1.0,0.0,False
242,Van Nest/Morris Park,7,57,23,48.56461988304093,46.38333333333333,0.40350877192982454,2026-03,unreliable_trip_rate,0.0,0.0,1.0,0.0,False
61,Crown Heights North,21,176,71,30.174810606060603,25.358333333333334,0.4034090909090909,2026-03,unreliable_trip_rate,0.0,0.0,1.0,0.0,False
166,Morningside Heights,11,1118,451,18.137596899224807,15.708333333333332,0.4033989266547406,2026-03,unreliable_trip_rate,0.0,0.0,0.5697674418604651,0.43023255813953487,False
41,Central Harlem,7,1185,478,20.297707454289732,17.016666666666666,0.40337552742616034,2026-03,unreliable_trip_rate,0.0,0.0,0.5991561181434599,0.4008438818565401,False
78,East Tremont,9,119,48,40.73375350140056,32.55,0.40336134453781514,2026-03,unreliable_trip_rate,0.0,0.0,1.0,0.0,False
56,Corona,5,62,25,32.083333333333336,29.741666666666667,0.4032258064516129,2026-03,unreliable_trip_rate,0.0,0.0,1.0,0.0,False
71,East Flatbush/Farragut,11,124,50,39.66155913978495,31.733333333333334,0.4032258064516129,2026-03,unreliable_trip_rate,0.0,0.0,1.0,0.0,False
260,Woodside,8,124,50,29.75,23.958333333333332,0.4032258064516129,2026-03,unreliable_trip_rate,0.0,0.0,1.0,0.0,False
90,Flatiron,10,2002,807,13.513969363969364,9.775,0.4030969030969031,2026-03,unreliable_trip_rate,0.0,0.0,0.1893106893106893,0.8106893106893107,False
137,Kips Bay,10,1908,769,17.016168763102726,13.3,0.4030398322851153,2026-03,unreliable_trip_rate,0.0,0.0,0.39622641509433965,0.6037735849056604,False
259,Woodlawn/Wakefield,9,67,27,50.6497512437811,46.95,0.40298507462686567,2026-03,unreliable_trip_rate,0.0,0.0,1.0,0.0,False
144,Little Italy/NoLiTa,10,685,276,16.2907299270073,13.55,0.4029197080291971,2026-03,unreliable_trip_rate,0.0,0.0,0.8817518248175182,0.11824817518248175,False
226,Sunnyside,18,412,166,24.017961165048543,21.025,0.4029126213592233,2026-03,unreliable_trip_rate,0.0,0.0,0.9247572815533981,0.07524271844660194,False
222,Starrett City,14,72,29,41.23981481481482,35.3,0.4027777777777778,2026-03,unreliable_trip_rate,0.0,0.0,1.0,0.0,False
211,SoHo,9,514,207,16.530544747081713,13.75,0.4027237354085603,2026-03,unreliable_trip_rate,0.0,0.0,0.8385214007782101,0.1614785992217899,False
82,Elmhurst,13,77,31,34.875541125541126,26.116666666666667,0.4025974025974026,2026-03,unreliable_trip_rate,0.0,0.0,1.0,0.0,False
139,Laurelton,7,77,31,62.13333333333333,62.65,0.4025974025974026,2026-03,unreliable_trip_rate,0.0,0.0,1.0,0.0,False
191,Queens Village,6,154,62,44.07943722943723,35.84166666666667,0.4025974025974026,2026-03,unreliable_trip_rate,0.0,0.0,1.0,0.0,False
114,Greenwich Village South,3,1923,774,11.694609117698041,9.933333333333334,0.40249609984399376,2026-03,unreliable_trip_rate,0.0,0.0,0.4154966198647946,0.5845033801352054,False
137,Kips Bay,13,2296,924,17.61093931475029,13.925,0.4024390243902439,2026-03,unreliable_trip_rate,0.0,0.0,0.29442508710801396,0.705574912891986,False
126,Hunts Point,7,87,35,31.977969348659006,22.316666666666666,0.40229885057471265,2026-03,unreliable_trip_rate,0.0,0.0,1.0,0.0,False
213,Soundview/Castle Hill,9,174,70,38.367528735632185,32.71666666666667,0.40229885057471265,2026-03,unreliable_trip_rate,0.0,0.0,1.0,0.0,False
47,Claremont/Bathgate,8,92,37,39.07065217391305,29.09166666666667,0.40217391304347827,2026-03,unreliable_trip_rate,0.0,0.0,1.0,0.0,False
72,East Flatbush/Remsen Village,9,276,111,32.528260869565216,25.358333333333334,0.40217391304347827,2026-03,unreliable_trip_rate,0.0,0.0,1.0,0.0,False
231,TriBeCa/Civic Center,2,828,333,12.438989533011272,10.758333333333333,0.40217391304347827,2026-03,unreliable_trip_rate,0.0,0.0,0.8309178743961353,0.16908212560386474,False
166,Morningside Heights,17,1985,798,17.86744752308984,14.65,0.40201511335012596,2026-03,unreliable_trip_rate,0.0,0.0,0.29269521410579347,0.7073047858942065,False
235,University Heights/Morris Heights,5,102,41,39.05735294117647,31.666666666666664,0.4019607843137255,2026-03,unreliable_trip_rate,0.0,0.0,1.0,0.0,False
76,East New York,21,107,43,30.628816199376946,23.95,0.40186915887850466,2026-03,unreliable_trip_rate,0.0,0.0,1.0,0.0,False
35,Brownsville,11,224,90,38.953199404761904,31.166666666666664,0.4017857142857143,2026-03,unreliable_trip_rate,0.0,0.0,1.0,0.0,False
158,Meatpacking/West Village West,5,112,45,16.502232142857142,9.95,0.4017857142857143,2026-03,unreliable_trip_rate,0.0,0.0,1.0,0.0,False
151,Manhattan Valley,14,1954,785,14.33770044353463,10.95,0.4017400204708291,2026-03,unreliable_trip_rate,0.0,0.0,0.23541453428863868,0.7645854657113613,False
226,Sunnyside,17,351,141,28.301044634377966,22.633333333333333,0.4017094017094017,2026-03,unreliable_trip_rate,0.0,0.0,1.0,0.0,False
90,Flatiron,13,2719,1092,16.39184749295084,12.2,0.40161824200073554,2026-03,unreliable_trip_rate,0.0,0.0,0.20080912100036777,0.7991908789996323,False
62,Crown Heights South,10,132,53,36.36957070707071,29.825,0.4015151515151515,2026-03,unreliable_trip_rate,0.0,0.0,1.0,0.0,False
114,Greenwich Village South,14,1647,661,15.838939485934022,12.816666666666666,0.4013357619914997,2026-03,unreliable_trip_rate,0.0,0.0,0.32665452337583484,0.6733454766241651,False
42,Central Harlem North,3,157,63,12.235774946921444,10.833333333333334,0.4012738853503185,2026-03,unreliable_trip_rate,0.0,0.0,1.0,0.0,False
17,Bedford,17,167,67,32.17734530938124,25.016666666666666,0.40119760479041916,2026-03,unreliable_trip_rate,0.0,0.0,1.0,0.0,False
247,West Concourse,7,172,69,34.62238372093023,27.2,0.4011627906976744,2026-03,unreliable_trip_rate,0.0,0.0,1.0,0.0,False
233,UN/Turtle Bay South,9,1912,767,15.438485006973501,13.566666666666666,0.40115062761506276,2026-03,unreliable_trip_rate,0.0,0.0,0.3331589958158996,0.6668410041841004,False
50,Clinton West,7,1082,434,14.02564695009242,12.7,0.4011090573012939,2026-03,unreliable_trip_rate,0.0,0.0,0.6062846580406654,0.39371534195933455,False
166,Morningside Heights,15,1516,608,18.538137642919963,15.508333333333333,0.40105540897097625,2026-03,unreliable_trip_rate,0.0,0.0,0.39643799472295516,0.6035620052770448,False
125,Hudson Sq,1,489,196,14.685310156782549,11.333333333333334,0.40081799591002043,2026-03,unreliable_trip_rate,0.0,0.0,0.8670756646216768,0.1329243353783231,False
114,Greenwich Village South,9,751,301,14.23508655126498,11.733333333333333,0.4007989347536618,2026-03,unreliable_trip_rate,0.0,0.0,0.7323568575233023,0.26764314247669774,False
33,Brooklyn Heights,16,272,109,37.598774509803924,27.0,0.4007352941176471,2026-03,unreliable_trip_rate,0.0,0.0,1.0,0.0,False
230,Times Sq/Theatre District,2,866,347,13.169880677444189,11.375,0.4006928406466513,2026-03,unreliable_trip_rate,0.0,0.0,0.9618937644341802,0.03810623556581986,False
229,Sutton Place/Turtle Bay North,1,629,252,11.478722840487547,9.216666666666667,0.40063593004769477,2026-03,unreliable_trip_rate,0.0,0.0,0.8362480127186009,0.16375198728139906,False
61,Crown Heights North,12,407,163,35.62125307125307,29.533333333333335,0.4004914004914005,2026-03,unreliable_trip_rate,0.0,0.0,0.9213759213759214,0.07862407862407862,False
26,Borough Park,7,70,28,43.940714285714286,36.974999999999994,0.4,2026-03,unreliable_trip_rate,0.0,0.0,1.0,0.0,False
47,Claremont/Bathgate,4,30,12,27.39333333333333,22.708333333333336,0.4,2026-03,unreliable_trip_rate,0.0,0.0,1.0,0.0,False
47,Claremont/Bathgate,13,35,14,35.45904761904762,28.883333333333333,0.4,2026-03,unreliable_trip_rate,0.0,0.0,1.0,0.0,False
51,Co-Op City,14,55,22,51.57939393939394,40.233333333333334,0.4,2026-03,unreliable_trip_rate,0.0,0.0,1.0,0.0,False
67,Dyker Heights,15,30,12,46.28722222222222,31.041666666666664,0.4,2026-03,unreliable_trip_rate,0.0,0.0,1.0,0.0,False
72,East Flatbush/Remsen Village,18,90,36,26.355185185185185,21.53333333333333,0.4,2026-03,unreliable_trip_rate,0.0,0.0,1.0,0.0,False
77,East New York/Pennsylvania Avenue,10,100,40,40.504666666666665,29.84166666666667,0.4,2026-03,unreliable_trip_rate,0.0,0.0,1.0,0.0,False
77,East New York/Pennsylvania Avenue,14,75,30,41.808,32.21666666666667,0.4,2026-03,unreliable_trip_rate,0.0,0.0,1.0,0.0,False
78,East Tremont,19,30,12,33.589444444444446,26.983333333333334,0.4,2026-03,unreliable_trip_rate,0.0,0.0,1.0,0.0,False
81,Eastchester,4,35,14,45.9247619047619,43.666666666666664,0.4,2026-03,unreliable_trip_rate,0.0,0.0,1.0,0.0,False
81,Eastchester,10,50,20,48.14933333333333,42.075,0.4,2026-03,unreliable_trip_rate,0.0,0.0,1.0,0.0,False
91,Flatlands,9,250,100,39.9244,31.208333333333336,0.4,2026-03,unreliable_trip_rate,0.0,0.0,1.0,0.0,False
92,Flushing,17,65,26,38.98076923076923,34.53333333333333,0.4,2026-03,unreliable_trip_rate,0.0,0.0,1.0,0.0,False
94,Fordham South,10,35,14,53.537619047619046,46.25,0.4,2026-03,unreliable_trip_rate,0.0,0.0,1.0,0.0,False
119,Highbridge,19,30,12,27.83111111111111,18.875,0.4,2026-03,unreliable_trip_rate,0.0,0.0,1.0,0.0,False
129,Jackson Heights,9,135,54,28.349135802469135,24.866666666666667,0.4,2026-03,unreliable_trip_rate,0.0,0.0,1.0,0.0,False
131,Jamaica Estates,14,30,12,30.353333333333335,20.200000000000003,0.4,2026-03,unreliable_trip_rate,0.0,0.0,1.0,0.0,False
133,Kensington,15,40,16,30.256666666666668,21.741666666666667,0.4,2026-03,unreliable_trip_rate,0.0,0.0,1.0,0.0,False
136,Kingsbridge Heights,16,50,20,43.78466666666666,41.13333333333333,0.4,2026-03,unreliable_trip_rate,0.0,0.0,1.0,0.0,False
145,Long Island City/Hunters Point,9,245,98,20.313333333333333,16.533333333333335,0.4,2026-03,unreliable_trip_rate,0.0,0.0,1.0,0.0,False
149,Madison,12,40,16,35.935,27.15833333333333,0.4,2026-03,unreliable_trip_rate,0.0,0.0,1.0,0.0,False
149,Madison,13,35,14,31.072857142857142,22.616666666666667,0.4,2026-03,unreliable_trip_rate,0.0,0.0,1.0,0.0,False
155,Marine Park/Mill Basin,7,110,44,46.37181818181818,39.54166666666667,0.4,2026-03,unreliable_trip_rate,0.0,0.0,1.0,0.0,False
155,Marine Park/Mill Basin,14,80,32,36.404375,28.96666666666667,0.4,2026-03,unreliable_trip_rate,0.0,0.0,1.0,0.0,False
159,Melrose South,13,80,32,32.138125,24.083333333333336,0.4,2026-03,unreliable_trip_rate,0.0,0.0,1.0,0.0,False
166,Morningside Heights,3,140,56,12.62892857142857,11.5,0.4,2026-03,unreliable_trip_rate,0.0,0.0,1.0,0.0,False
167,Morrisania/Melrose,11,60,24,43.39694444444444,35.791666666666664,0.4,2026-03,unreliable_trip_rate,0.0,0.0,1.0,0.0,False
167,Morrisania/Melrose,22,30,12,24.43722222222222,20.375,0.4,2026-03,unreliable_trip_rate,0.0,0.0,1.0,0.0,False
197,Richmond Hill,7,185,74,31.246576576576576,24.0,0.4,2026-03,unreliable_trip_rate,0.0,0.0,1.0,0.0,False
213,Soundview/Castle Hill,19,45,18,28.735555555555553,25.033333333333335,0.4,2026-03,unreliable_trip_rate,0.0,0.0,1.0,0.0,False
222,Starrett City,7,120,48,52.71680555555555,42.06666666666666,0.4,2026-03,unreliable_trip_rate,0.0,0.0,1.0,0.0,False
246,West Chelsea/Hudson Yards,1,1165,466,14.693590844062946,11.6,0.4,2026-03,unreliable_trip_rate,0.0,0.0,0.6643776824034334,0.3356223175965665,False
264,Unknown,8,170,68,20.282941176470587,14.116666666666667,0.4,2026-03,unreliable_trip_rate,0.0,0.0,0.7,0.3,False
229,Sutton Place/Turtle Bay North,11,3345,1337,15.971320378674639,12.75,0.3997010463378176,2026-03,unreliable_trip_rate,0.0,0.0,0.17458893871449926,0.8254110612855008,False
158,Meatpacking/West Village West,10,801,320,15.90341240116521,12.75,0.3995006242197253,2026-03,unreliable_trip_rate,0.0,0.0,0.6079900124843945,0.3920099875156055,False
137,Kips Bay,23,2000,799,13.192575000000001,11.375,0.3995,2026-03,unreliable_trip_rate,0.0,0.0,0.3815,0.6185,False
237,Upper East Side South,2,323,129,11.323632610939113,8.2,0.3993808049535604,2026-03,unreliable_trip_rate,0.0,0.0,1.0,0.0,False
39,Canarsie,10,303,121,36.865511551155116,25.716666666666665,0.39933993399339934,2026-03,unreliable_trip_rate,0.0,0.0,1.0,0.0,False
236,Upper East Side North,1,283,113,11.838633686690224,9.85,0.3992932862190813,2026-03,unreliable_trip_rate,0.0,0.0,1.0,0.0,False
177,Ocean Hill,7,268,107,35.55404228855721,30.71666666666667,0.39925373134328357,2026-03,unreliable_trip_rate,0.0,0.0,1.0,0.0,False
152,Manhattanville,12,213,85,21.383724569640062,17.133333333333333,0.39906103286384975,2026-03,unreliable_trip_rate,0.0,0.0,1.0,0.0,False
71,East Flatbush/Farragut,7,296,118,40.99864864864865,34.85,0.39864864864864863,2026-03,unreliable_trip_rate,0.0,0.0,1.0,0.0,False
218,Springfield Gardens North,6,138,55,54.89987922705314,51.09166666666667,0.39855072463768115,2026-03,unreliable_trip_rate,0.0,0.0,1.0,0.0,False
48,Clinton East,15,3192,1272,16.481218671679198,11.2,0.39849624060150374,2026-03,unreliable_trip_rate,0.0,0.0,0.19454887218045114,0.8054511278195489,False
130,Jamaica,8,133,53,43.04523809523809,39.8,0.39849624060150374,2026-03,unreliable_trip_rate,0.0,0.0,1.0,0.0,False
71,East Flatbush/Farragut,15,123,49,38.24146341463415,26.0,0.3983739837398374,2026-03,unreliable_trip_rate,0.0,0.0,1.0,0.0,False
48,Clinton East,5,1452,578,10.993859044995409,8.058333333333334,0.39807162534435264,2026-03,unreliable_trip_rate,0.0,0.0,0.4345730027548209,0.5654269972451791,False
188,Prospect-Lefferts Gardens,10,279,111,34.50304659498208,28.983333333333334,0.3978494623655914,2026-03,unreliable_trip_rate,0.0,0.0,1.0,0.0,False
49,Clinton Hill,14,181,72,38.68305709023941,30.166666666666668,0.39779005524861877,2026-03,unreliable_trip_rate,0.0,0.0,1.0,0.0,False
151,Manhattan Valley,20,1305,519,12.883869731800766,11.0,0.39770114942528734,2026-03,unreliable_trip_rate,0.0,0.0,0.3708812260536398,0.6291187739463602,False
24,Bloomingdale,8,762,303,16.263538932633423,14.833333333333334,0.39763779527559057,2026-03,unreliable_trip_rate,0.0,0.0,0.5603674540682415,0.43963254593175854,False
169,Mount Hope,9,83,33,39.245582329317266,30.5,0.39759036144578314,2026-03,unreliable_trip_rate,0.0,0.0,1.0,0.0,False
216,South Ozone Park,19,83,33,26.465261044176707,23.816666666666666,0.39759036144578314,2026-03,unreliable_trip_rate,0.0,0.0,1.0,0.0,False
249,West Village,4,1162,462,13.236775674125072,11.0,0.39759036144578314,2026-03,unreliable_trip_rate,0.0,0.0,0.7220309810671256,0.27796901893287435,False
42,Central Harlem North,11,576,229,27.496846064814815,22.441666666666666,0.3975694444444444,2026-03,unreliable_trip_rate,0.0,0.0,0.8871527777777778,0.11284722222222222,False
68,East Chelsea,3,976,388,12.772267759562842,10.766666666666667,0.3975409836065574,2026-03,unreliable_trip_rate,0.0,0.0,0.8319672131147541,0.1680327868852459,False
72,East Flatbush/Remsen Village,10,234,93,32.13603988603988,24.950000000000003,0.3974358974358974,2026-03,unreliable_trip_rate,0.0,0.0,1.0,0.0,False
97,Fort Greene,16,234,93,34.549786324786325,27.025,0.3974358974358974,2026-03,unreliable_trip_rate,0.0,0.0,1.0,0.0,False
247,West Concourse,11,78,31,39.220512820512816,34.09166666666667,0.3974358974358974,2026-03,unreliable_trip_rate,0.0,0.0,1.0,0.0,False
143,Lincoln Square West,16,2768,1100,14.253155105973024,10.966666666666667,0.39739884393063585,2026-03,unreliable_trip_rate,0.0,0.0,0.21820809248554912,0.7817919075144508,False
76,East New York,9,526,209,36.18200253485425,30.958333333333336,0.3973384030418251,2026-03,unreliable_trip_rate,0.0,0.0,0.8745247148288974,0.12547528517110265,False
49,Clinton Hill,17,219,87,35.09482496194825,26.483333333333334,0.3972602739726027,2026-03,unreliable_trip_rate,0.0,0.0,1.0,0.0,False
85,Erasmus,11,73,29,44.44885844748859,35.0,0.3972602739726027,2026-03,unreliable_trip_rate,0.0,0.0,1.0,0.0,False
62,Crown Heights South,20,68,27,30.538970588235294,25.458333333333332,0.39705882352941174,2026-03,unreliable_trip_rate,0.0,0.0,1.0,0.0,False
166,Morningside Heights,10,995,395,18.08130653266332,15.533333333333333,0.3969849246231156,2026-03,unreliable_trip_rate,0.0,0.0,0.4964824120603015,0.5035175879396985,False
71,East Flatbush/Farragut,16,131,52,39.302671755725186,28.0,0.3969465648854962,2026-03,unreliable_trip_rate,0.0,0.0,1.0,0.0,False
186,Penn Station/Madison Sq West,1,1557,618,13.83675872404196,11.966666666666667,0.3969171483622351,2026-03,unreliable_trip_rate,0.0,0.0,0.5831727681438664,0.4168272318561336,False
63,Cypress Hills,12,63,25,32.963227513227515,26.05,0.3968253968253968,2026-03,unreliable_trip_rate,0.0,0.0,1.0,0.0,False
166,Morningside Heights,13,1313,521,19.307298806803757,16.133333333333333,0.3968012185833968,2026-03,unreliable_trip_rate,0.0,0.0,0.5003808073115004,0.49961919268849964,False
233,UN/Turtle Bay South,22,1434,569,12.495327754532775,11.133333333333333,0.396792189679219,2026-03,unreliable_trip_rate,0.0,0.0,0.49511854951185497,0.504881450488145,False
55,Coney Island,12,121,48,51.28677685950413,39.93333333333333,0.39669421487603307,2026-03,unreliable_trip_rate,0.0,0.0,1.0,0.0,False
90,Flatiron,2,1243,493,11.877178868329311,10.45,0.39662107803700725,2026-03,unreliable_trip_rate,0.0,0.0,0.7079646017699115,0.2920353982300885,False
200,Riverdale/North Riverdale/Fieldston,8,58,23,40.87586206896552,34.858333333333334,0.39655172413793105,2026-03,unreliable_trip_rate,0.0,0.0,1.0,0.0,False
247,West Concourse,9,111,44,34.76756756756757,27.383333333333333,0.3963963963963964,2026-03,unreliable_trip_rate,0.0,0.0,1.0,0.0,False
50,Clinton West,23,825,327,13.696545454545454,12.0,0.39636363636363636,2026-03,unreliable_trip_rate,0.0,0.0,0.7381818181818182,0.26181818181818184,False
229,Sutton Place/Turtle Bay North,16,2831,1122,15.612940068291532,10.916666666666666,0.39632638643588836,2026-03,unreliable_trip_rate,0.0,0.0,0.21123277993641823,0.7887672200635818,False
146,Long Island City/Queens Plaza,17,270,107,25.21956790123457,20.458333333333336,0.3962962962962963,2026-03,unreliable_trip_rate,0.0,0.0,1.0,0.0,False
47,Claremont/Bathgate,14,53,21,45.00062893081761,33.93333333333333,0.39622641509433965,2026-03,unreliable_trip_rate,0.0,0.0,1.0,0.0,False
146,Long Island City/Queens Plaza,15,159,63,22.69119496855346,18.916666666666668,0.39622641509433965,2026-03,unreliable_trip_rate,0.0,0.0,1.0,0.0,False
149,Madison,11,53,21,44.81383647798742,34.03333333333333,0.39622641509433965,2026-03,unreliable_trip_rate,0.0,0.0,1.0,0.0,False
169,Mount Hope,18,53,21,33.241509433962264,25.433333333333334,0.39622641509433965,2026-03,unreliable_trip_rate,0.0,0.0,1.0,0.0,False
219,Springfield Gardens South,9,53,21,53.47767295597484,47.31666666666667,0.39622641509433965,2026-03,unreliable_trip_rate,0.0,0.0,1.0,0.0,False
241,Van Cortlandt Village,14,53,21,41.54748427672956,37.68333333333333,0.39622641509433965,2026-03,unreliable_trip_rate,0.0,0.0,1.0,0.0,False
140,Lenox Hill East,21,2486,985,12.464507910968088,11.183333333333334,0.39621882542236525,2026-03,unreliable_trip_rate,0.0,0.0,0.3145615446500402,0.6854384553499597,False
143,Lincoln Square West,23,1045,414,14.110031897926635,12.516666666666667,0.39617224880382773,2026-03,unreliable_trip_rate,0.0,0.0,0.6679425837320574,0.3320574162679426,False
151,Manhattan Valley,16,1873,742,14.012929346858872,10.533333333333333,0.396155899626268,2026-03,unreliable_trip_rate,0.0,0.0,0.27229044313934864,0.7277095568606513,False
129,Jackson Heights,17,154,61,25.07694805194805,20.791666666666664,0.3961038961038961,2026-03,unreliable_trip_rate,0.0,0.0,1.0,0.0,False
260,Woodside,0,101,40,14.698514851485148,12.0,0.39603960396039606,2026-03,unreliable_trip_rate,0.0,0.0,1.0,0.0,False
100,Garment District,2,553,219,13.403586497890295,11.733333333333333,0.3960216998191682,2026-03,unreliable_trip_rate,0.0,0.0,0.945750452079566,0.054249547920433995,False
137,Kips Bay,9,1869,740,15.212698412698412,12.516666666666667,0.39593365436062067,2026-03,unreliable_trip_rate,0.0,0.0,0.33868378812199035,0.6613162118780096,False
50,Clinton West,20,1326,525,13.877073906485672,12.341666666666667,0.39592760180995473,2026-03,unreliable_trip_rate,0.0,0.0,0.5369532428355958,0.46304675716440424,False
35,Brownsville,9,293,116,38.50893060295791,31.4,0.39590443686006827,2026-03,unreliable_trip_rate,0.0,0.0,1.0,0.0,False
25,Boerum Hill,10,144,57,32.3855324074074,26.03333333333333,0.3958333333333333,2026-03,unreliable_trip_rate,0.0,0.0,1.0,0.0,False
77,East New York/Pennsylvania Avenue,18,48,19,28.62951388888889,23.725,0.3958333333333333,2026-03,unreliable_trip_rate,0.0,0.0,1.0,0.0,False
148,Lower East Side,14,1206,477,19.276533996683252,15.333333333333332,0.39552238805970147,2026-03,unreliable_trip_rate,0.0,0.0,0.6169154228855721,0.38308457711442784,False
152,Manhattanville,17,402,159,21.693822553897178,17.0,0.39552238805970147,2026-03,unreliable_trip_rate,0.0,0.0,0.9079601990049752,0.09203980099502487,False
91,Flatlands,21,43,17,33.51395348837209,26.466666666666665,0.3953488372093023,2026-03,unreliable_trip_rate,0.0,0.0,1.0,0.0,False
108,Gravesend,11,43,17,42.83720930232558,35.96666666666667,0.3953488372093023,2026-03,unreliable_trip_rate,0.0,0.0,1.0,0.0,False
123,Homecrest,17,43,17,32.16860465116279,24.3,0.3953488372093023,2026-03,unreliable_trip_rate,0.0,0.0,1.0,0.0,False
168,Mott Haven/Port Morris,16,172,68,36.525193798449614,28.549999999999997,0.3953488372093023,2026-03,unreliable_trip_rate,0.0,0.0,1.0,0.0,False
189,Prospect Heights,4,43,17,18.37286821705426,16.916666666666668,0.3953488372093023,2026-03,unreliable_trip_rate,0.0,0.0,1.0,0.0,False
217,South Williamsburg,10,43,17,32.34147286821705,29.95,0.3953488372093023,2026-03,unreliable_trip_rate,0.0,0.0,1.0,0.0,False
137,Kips Bay,16,2985,1180,19.12821887213847,13.541666666666668,0.3953098827470687,2026-03,unreliable_trip_rate,0.0,0.0,0.24757118927973198,0.752428810720268,False
50,Clinton West,19,1541,609,13.538568029418128,11.966666666666667,0.3951979234263465,2026-03,unreliable_trip_rate,0.0,0.0,0.39390006489292667,0.6060999351070734,False
197,Richmond Hill,13,81,32,33.541152263374485,29.85,0.3950617283950617,2026-03,unreliable_trip_rate,0.0,0.0,1.0,0.0,False
234,Union Sq,2,1000,395,12.298333333333334,10.7,0.395,2026-03,unreliable_trip_rate,0.0,0.0,0.729,0.271,False
89,Flatbush/Ditmas Park,10,314,124,37.414915074309974,29.441666666666666,0.39490445859872614,2026-03,unreliable_trip_rate,0.0,0.0,1.0,0.0,False
143,Lincoln Square West,19,2358,931,12.915139949109415,10.583333333333334,0.3948261238337574,2026-03,unreliable_trip_rate,0.0,0.0,0.273960983884648,0.726039016115352,False
40,Carroll Gardens,7,114,45,21.158333333333335,20.03333333333333,0.39473684210526316,2026-03,unreliable_trip_rate,0.0,0.0,1.0,0.0,False
174,Norwood,8,76,30,38.95197368421052,30.424999999999997,0.39473684210526316,2026-03,unreliable_trip_rate,0.0,0.0,1.0,0.0,False
233,UN/Turtle Bay South,2,152,60,11.503179824561403,9.933333333333334,0.39473684210526316,2026-03,unreliable_trip_rate,0.0,0.0,1.0,0.0,False
248,West Farms/Bronx River,11,38,15,36.39868421052632,31.225,0.39473684210526316,2026-03,unreliable_trip_rate,0.0,0.0,1.0,0.0,False
229,Sutton Place/Turtle Bay North,10,3350,1322,15.021074626865671,11.175,0.3946268656716418,2026-03,unreliable_trip_rate,0.0,0.0,0.16895522388059703,0.831044776119403,False
129,Jackson Heights,8,185,73,31.07927927927928,27.8,0.3945945945945946,2026-03,unreliable_trip_rate,0.0,0.0,1.0,0.0,False
35,Brownsville,14,218,86,39.20603975535168,30.55833333333333,0.3944954128440367,2026-03,unreliable_trip_rate,0.0,0.0,1.0,0.0,False
65,Downtown Brooklyn/MetroTech,11,180,71,29.77453703703704,23.40833333333333,0.39444444444444443,2026-03,unreliable_trip_rate,0.0,0.0,1.0,0.0,False
234,Union Sq,1,1851,730,13.35663605258419,10.966666666666667,0.3943814154511075,2026-03,unreliable_trip_rate,0.0,0.0,0.42679632631010267,0.5732036736898973,False
45,Chinatown,4,71,28,15.943427230046948,12.783333333333333,0.39436619718309857,2026-03,unreliable_trip_rate,0.0,0.0,1.0,0.0,False
71,East Flatbush/Farragut,8,284,112,36.97288732394366,29.2,0.39436619718309857,2026-03,unreliable_trip_rate,0.0,0.0,1.0,0.0,False
197,Richmond Hill,6,142,56,40.69518779342723,34.11666666666666,0.39436619718309857,2026-03,unreliable_trip_rate,0.0,0.0,1.0,0.0,False
90,Flatiron,15,2655,1047,16.17450721908349,12.433333333333334,0.3943502824858757,2026-03,unreliable_trip_rate,0.0,0.0,0.19811676082862523,0.8018832391713747,False
90,Flatiron,4,746,294,13.031411974977658,10.908333333333333,0.3941018766756032,2026-03,unreliable_trip_rate,0.0,0.0,0.9584450402144772,0.04155495978552279,False
11,Bath Beach,7,33,13,52.70151515151515,50.0,0.3939393939393939,2026-03,unreliable_trip_rate,0.0,0.0,1.0,0.0,False
56,Corona,11,33,13,42.16767676767677,36.1,0.3939393939393939,2026-03,unreliable_trip_rate,0.0,0.0,1.0,0.0,False
182,Parkchester,15,33,13,64.01919191919191,49.05,0.3939393939393939,2026-03,unreliable_trip_rate,0.0,0.0,1.0,0.0,False
222,Starrett City,16,33,13,33.714646464646464,21.383333333333333,0.3939393939393939,2026-03,unreliable_trip_rate,0.0,0.0,1.0,0.0,False
248,West Farms/Bronx River,17,33,13,36.358585858585855,28.933333333333334,0.3939393939393939,2026-03,unreliable_trip_rate,0.0,0.0,1.0,0.0,False
254,Williamsbridge/Olinville,19,33,13,35.419696969696965,22.533333333333335,0.3939393939393939,2026-03,unreliable_trip_rate,0.0,0.0,1.0,0.0,False
233,UN/Turtle Bay South,6,630,248,11.863650793650795,9.408333333333333,0.39365079365079364,2026-03,unreliable_trip_rate,0.0,0.0,0.773015873015873,0.22698412698412698,False
262,Yorkville East,16,2879,1133,14.291258538844506,10.35,0.3935394234109066,2026-03,unreliable_trip_rate,0.0,0.0,0.22473080930878778,0.7752691906912123,False
198,Ridgewood,13,61,24,30.236065573770492,27.183333333333334,0.39344262295081966,2026-03,unreliable_trip_rate,0.0,0.0,1.0,0.0,False
259,Woodlawn/Wakefield,10,61,24,47.75491803278689,41.96666666666667,0.39344262295081966,2026-03,unreliable_trip_rate,0.0,0.0,1.0,0.0,False
72,East Flatbush/Remsen Village,13,150,59,40.03377777777778,26.666666666666664,0.3933333333333333,2026-03,unreliable_trip_rate,0.0,0.0,1.0,0.0,False
85,Erasmus,13,89,35,35.85823970037453,28.85,0.39325842696629215,2026-03,unreliable_trip_rate,0.0,0.0,1.0,0.0,False
197,Richmond Hill,4,89,35,21.97003745318352,17.966666666666665,0.39325842696629215,2026-03,unreliable_trip_rate,0.0,0.0,1.0,0.0,False
90,Flatiron,1,1770,696,13.271676082862523,10.891666666666666,0.39322033898305087,2026-03,unreliable_trip_rate,0.0,0.0,0.4175141242937853,0.5824858757062147,False
148,Lower East Side,17,1488,585,17.151366487455196,14.441666666666666,0.39314516129032256,2026-03,unreliable_trip_rate,0.0,0.0,0.48588709677419356,0.5141129032258065,False
146,Long Island City/Queens Plaza,10,173,68,18.497687861271675,16.133333333333333,0.3930635838150289,2026-03,unreliable_trip_rate,0.0,0.0,1.0,0.0,False
79,East Village,4,2408,946,11.975837486157253,10.533333333333333,0.39285714285714285,2026-03,unreliable_trip_rate,0.0,0.0,0.3945182724252492,0.6054817275747508,False
121,Hillcrest/Pomonok,16,56,22,43.49821428571429,38.44166666666666,0.39285714285714285,2026-03,unreliable_trip_rate,0.0,0.0,1.0,0.0,False
122,Hollis,7,56,22,53.07351190476191,47.525000000000006,0.39285714285714285,2026-03,unreliable_trip_rate,0.0,0.0,1.0,0.0,False
155,Marine Park/Mill Basin,11,84,33,38.67142857142857,31.041666666666664,0.39285714285714285,2026-03,unreliable_trip_rate,0.0,0.0,1.0,0.0,False
197,Richmond Hill,23,56,22,15.797321428571427,14.15,0.39285714285714285,2026-03,unreliable_trip_rate,0.0,0.0,1.0,0.0,False
100,Garment District,3,387,152,13.70495262704565,11.8,0.39276485788113696,2026-03,unreliable_trip_rate,0.0,0.0,1.0,0.0,False
74,East Harlem North,7,1207,474,20.60745650372825,17.233333333333334,0.39270919635459817,2026-03,unreliable_trip_rate,0.0,0.0,0.6230323115161558,0.37696768848384427,False
45,Chinatown,14,405,159,23.400576131687245,18.9,0.3925925925925926,2026-03,unreliable_trip_rate,0.0,0.0,1.0,0.0,False
159,Melrose South,10,79,31,40.427004219409284,32.266666666666666,0.3924050632911392,2026-03,unreliable_trip_rate,0.0,0.0,1.0,0.0,False
74,East Harlem North,21,627,246,15.072993088782562,13.65,0.3923444976076555,2026-03,unreliable_trip_rate,0.0,0.0,0.7192982456140351,0.2807017543859649,False
216,South Ozone Park,8,232,91,28.576436781609196,21.333333333333332,0.3922413793103448,2026-03,unreliable_trip_rate,0.0,0.0,1.0,0.0,False
100,Garment District,23,2009,788,14.306728057076489,12.533333333333333,0.39223494275759085,2026-03,unreliable_trip_rate,0.0,0.0,0.3349925335988054,0.6650074664011946,False
72,East Flatbush/Remsen Village,22,51,20,31.158169934640522,27.516666666666666,0.39215686274509803,2026-03,unreliable_trip_rate,0.0,0.0,1.0,0.0,False
155,Marine Park/Mill Basin,19,51,20,26.031699346405226,23.4,0.39215686274509803,2026-03,unreliable_trip_rate,0.0,0.0,1.0,0.0,False
174,Norwood,16,51,20,46.55653594771242,36.3,0.39215686274509803,2026-03,unreliable_trip_rate,0.0,0.0,1.0,0.0,False
217,South Williamsburg,9,51,20,29.771895424836604,26.183333333333334,0.39215686274509803,2026-03,unreliable_trip_rate,0.0,0.0,1.0,0.0,False
264,Unknown,1,51,20,13.468954248366012,10.85,0.39215686274509803,2026-03,unreliable_trip_rate,0.0,0.0,1.0,0.0,False
100,Garment District,5,1112,436,9.243330335731416,6.816666666666666,0.3920863309352518,2026-03,unreliable_trip_rate,0.0,0.0,0.46402877697841727,0.5359712230215827,False
167,Morrisania/Melrose,7,176,69,37.040151515151514,32.016666666666666,0.39204545454545453,2026-03,unreliable_trip_rate,0.0,0.0,1.0,0.0,False
211,SoHo,23,1763,691,13.37916430327094,11.416666666666666,0.39194554736245035,2026-03,unreliable_trip_rate,0.0,0.0,0.41123085649461144,0.5887691435053886,False
181,Park Slope,2,74,29,18.06463963963964,16.633333333333333,0.3918918918918919,2026-03,unreliable_trip_rate,0.0,0.0,1.0,0.0,False
100,Garment District,12,2223,871,19.379554655870447,15.066666666666666,0.391812865497076,2026-03,unreliable_trip_rate,0.0,0.0,0.22042285200179937,0.7795771479982007,False
55,Coney Island,13,97,38,51.302061855670104,47.233333333333334,0.3917525773195876,2026-03,unreliable_trip_rate,0.0,0.0,1.0,0.0,False
51,Co-Op City,7,143,56,55.812354312354316,54.13333333333333,0.3916083916083916,2026-03,unreliable_trip_rate,0.0,0.0,1.0,0.0,False
249,West Village,12,2041,799,15.091205291523764,11.508333333333333,0.3914747672709456,2026-03,unreliable_trip_rate,0.0,0.0,0.20284174424301812,0.7971582557569818,False
45,Chinatown,12,396,155,21.714436026936024,17.883333333333333,0.39141414141414144,2026-03,unreliable_trip_rate,0.0,0.0,1.0,0.0,False
90,Flatiron,3,976,382,12.053261612021858,10.0,0.39139344262295084,2026-03,unreliable_trip_rate,0.0,0.0,0.7899590163934426,0.21004098360655737,False
164,Midtown South,8,1937,758,12.964145585957667,10.6,0.3913267940113578,2026-03,unreliable_trip_rate,0.0,0.0,0.2870418172431595,0.7129581827568404,False
94,Fordham South,8,46,18,48.1445652173913,44.78333333333333,0.391304347826087,2026-03,unreliable_trip_rate,0.0,0.0,1.0,0.0,False
165,Midwood,16,69,27,39.345652173913045,29.133333333333333,0.391304347826087,2026-03,unreliable_trip_rate,0.0,0.0,1.0,0.0,False
182,Parkchester,9,115,45,42.87913043478261,37.083333333333336,0.391304347826087,2026-03,unreliable_trip_rate,0.0,0.0,1.0,0.0,False
260,Woodside,1,69,27,13.592995169082124,10.166666666666666,0.391304347826087,2026-03,unreliable_trip_rate,0.0,0.0,1.0,0.0,False
75,East Harlem South,22,818,320,14.734718826405867,13.133333333333333,0.39119804400978,2026-03,unreliable_trip_rate,0.0,0.0,0.7359413202933985,0.26405867970660146,False
205,Saint Albans,8,156,61,45.29615384615384,43.608333333333334,0.391025641025641,2026-03,unreliable_trip_rate,0.0,0.0,1.0,0.0,False
48,Clinton East,10,3146,1230,15.60689764780674,12.133333333333333,0.39097266369993644,2026-03,unreliable_trip_rate,0.0,0.0,0.15734265734265734,0.8426573426573427,False
216,South Ozone Park,9,110,43,30.81378787878788,22.125,0.39090909090909093,2026-03,unreliable_trip_rate,0.0,0.0,1.0,0.0,False
100,Garment District,10,1937,757,17.17427293064877,11.908333333333333,0.3908105317501291,2026-03,unreliable_trip_rate,0.0,0.0,0.2503871966959215,0.7496128033040784,False
91,Flatlands,17,87,34,37.691954022988504,27.283333333333335,0.39080459770114945,2026-03,unreliable_trip_rate,0.0,0.0,1.0,0.0,False
25,Boerum Hill,14,215,84,36.48139534883721,30.683333333333334,0.39069767441860465,2026-03,unreliable_trip_rate,0.0,0.0,1.0,0.0,False
69,East Concourse/Concourse Village,7,192,75,37.909114583333334,34.56666666666666,0.390625,2026-03,unreliable_trip_rate,0.0,0.0,1.0,0.0,False
119,Highbridge,11,64,25,36.41770833333333,32.00833333333333,0.390625,2026-03,unreliable_trip_rate,0.0,0.0,1.0,0.0,False
130,Jamaica,18,192,75,27.97769097222222,23.116666666666667,0.390625,2026-03,unreliable_trip_rate,0.0,0.0,1.0,0.0,False
213,Soundview/Castle Hill,15,64,25,49.740885416666664,41.766666666666666,0.390625,2026-03,unreliable_trip_rate,0.0,0.0,1.0,0.0,False
91,Flatlands,13,146,57,36.368721461187214,27.508333333333333,0.3904109589041096,2026-03,unreliable_trip_rate,0.0,0.0,1.0,0.0,False
56,Corona,23,41,16,20.020325203252032,15.466666666666667,0.3902439024390244,2026-03,unreliable_trip_rate,0.0,0.0,1.0,0.0,False
108,Gravesend,14,41,16,61.27967479674797,57.7,0.3902439024390244,2026-03,unreliable_trip_rate,0.0,0.0,1.0,0.0,False
113,Greenwich Village North,4,492,192,12.377811653116531,9.833333333333332,0.3902439024390244,2026-03,unreliable_trip_rate,0.0,0.0,1.0,0.0,False
134,Kew Gardens,14,41,16,28.123983739837396,19.6,0.3902439024390244,2026-03,unreliable_trip_rate,0.0,0.0,1.0,0.0,False
181,Park Slope,5,41,16,30.291056910569107,23.366666666666667,0.3902439024390244,2026-03,unreliable_trip_rate,0.0,0.0,1.0,0.0,False
210,Sheepshead Bay,17,41,16,38.40650406504065,29.483333333333334,0.3902439024390244,2026-03,unreliable_trip_rate,0.0,0.0,1.0,0.0,False
227,Sunset Park East,11,41,16,44.9150406504065,39.31666666666667,0.3902439024390244,2026-03,unreliable_trip_rate,0.0,0.0,1.0,0.0,False
228,Sunset Park West,18,141,55,28.190661938534276,26.016666666666666,0.3900709219858156,2026-03,unreliable_trip_rate,0.0,0.0,1.0,0.0,False
61,Crown Heights North,14,341,133,34.21955034213099,26.466666666666665,0.39002932551319647,2026-03,unreliable_trip_rate,0.0,0.0,1.0,0.0,False
133,Kensington,10,59,23,34.628531073446325,28.633333333333333,0.3898305084745763,2026-03,unreliable_trip_rate,0.0,0.0,1.0,0.0,False
147,Longwood,9,59,23,42.396610169491524,35.21666666666667,0.3898305084745763,2026-03,unreliable_trip_rate,0.0,0.0,1.0,0.0,False
228,Sunset Park West,17,118,46,32.008050847457625,29.141666666666666,0.3898305084745763,2026-03,unreliable_trip_rate,0.0,0.0,1.0,0.0,False
264,Unknown,23,118,46,17.088841807909606,12.858333333333334,0.3898305084745763,2026-03,unreliable_trip_rate,0.0,0.0,0.5254237288135594,0.4745762711864407,False
89,Flatbush/Ditmas Park,12,254,99,37.524212598425194,31.458333333333332,0.38976377952755903,2026-03,unreliable_trip_rate,0.0,0.0,1.0,0.0,False
4,Alphabet City,15,408,159,24.677614379084968,17.808333333333334,0.3897058823529412,2026-03,unreliable_trip_rate,0.0,0.0,1.0,0.0,False
260,Woodside,18,136,53,21.344607843137254,19.59166666666667,0.3897058823529412,2026-03,unreliable_trip_rate,0.0,0.0,1.0,0.0,False
261,World Trade Center,10,544,212,19.24950980392157,16.641666666666666,0.3897058823529412,2026-03,unreliable_trip_rate,0.0,0.0,0.9227941176470589,0.07720588235294118,False
181,Park Slope,12,172,67,35.730620155038764,30.041666666666664,0.38953488372093026,2026-03,unreliable_trip_rate,0.0,0.0,1.0,0.0,False
123,Homecrest,12,95,37,45.93070175438597,34.61666666666667,0.3894736842105263,2026-03,unreliable_trip_rate,0.0,0.0,1.0,0.0,False
158,Meatpacking/West Village West,13,1230,479,17.148712737127372,13.991666666666667,0.38943089430894307,2026-03,unreliable_trip_rate,0.0,0.0,0.4349593495934959,0.5650406504065041,False
164,Midtown South,9,2445,952,14.222951601908658,11.291666666666668,0.38936605316973416,2026-03,unreliable_trip_rate,0.0,0.0,0.2098159509202454,0.7901840490797546,False
35,Brownsville,10,262,102,37.148982188295165,29.7,0.3893129770992366,2026-03,unreliable_trip_rate,0.0,0.0,1.0,0.0,False
76,East New York,5,262,102,37.729262086514,32.175,0.3893129770992366,2026-03,unreliable_trip_rate,0.0,0.0,1.0,0.0,False
61,Crown Heights North,13,406,158,35.83074712643678,28.141666666666666,0.3891625615763547,2026-03,unreliable_trip_rate,0.0,0.0,1.0,0.0,False
76,East New York,12,329,128,38.04123606889564,32.833333333333336,0.3890577507598784,2026-03,unreliable_trip_rate,0.0,0.0,0.9027355623100304,0.0972644376899696,False
163,Midtown North,0,1833,713,12.675377341334789,10.5,0.3889798145117294,2026-03,unreliable_trip_rate,0.0,0.0,0.33606110201854883,0.6639388979814512,False
12,Battery Park,18,36,14,16.37777777777778,14.358333333333334,0.3888888888888889,2026-03,unreliable_trip_rate,0.0,0.0,1.0,0.0,False
55,Coney Island,17,72,28,59.79884259259259,58.88333333333333,0.3888888888888889,2026-03,unreliable_trip_rate,0.0,0.0,1.0,0.0,False
63,Cypress Hills,8,144,56,34.47847222222222,27.208333333333332,0.3888888888888889,2026-03,unreliable_trip_rate,0.0,0.0,1.0,0.0,False
69,East Concourse/Concourse Village,13,108,42,33.771759259259255,25.558333333333334,0.3888888888888889,2026-03,unreliable_trip_rate,0.0,0.0,1.0,0.0,False
71,East Flatbush/Farragut,5,126,49,37.08293650793651,31.491666666666667,0.3888888888888889,2026-03,unreliable_trip_rate,0.0,0.0,1.0,0.0,False
72,East Flatbush/Remsen Village,20,72,28,34.88981481481481,28.525,0.3888888888888889,2026-03,unreliable_trip_rate,0.0,0.0,1.0,0.0,False
91,Flatlands,12,162,63,41.60082304526749,31.583333333333336,0.3888888888888889,2026-03,unreliable_trip_rate,0.0,0.0,1.0,0.0,False
122,Hollis,5,54,21,29.733024691358022,23.233333333333334,0.3888888888888889,2026-03,unreliable_trip_rate,0.0,0.0,1.0,0.0,False
126,Hunts Point,15,54,21,40.592901234567904,35.925,0.3888888888888889,2026-03,unreliable_trip_rate,0.0,0.0,1.0,0.0,False
130,Jamaica,17,234,91,32.815954415954415,26.4,0.3888888888888889,2026-03,unreliable_trip_rate,0.0,0.0,1.0,0.0,False
132,JFK Airport,4,432,168,20.944675925925928,17.791666666666664,0.3888888888888889,2026-03,unreliable_trip_rate,0.0,0.0,0.9074074074074074,0.09259259259259259,False
135,Kew Gardens Hills,15,36,14,43.798611111111114,34.3,0.3888888888888889,2026-03,unreliable_trip_rate,0.0,0.0,1.0,0.0,False
212,Soundview/Bruckner,11,36,14,42.12083333333333,35.79166666666667,0.3888888888888889,2026-03,unreliable_trip_rate,0.0,0.0,1.0,0.0,False
228,Sunset Park West,10,54,21,34.81697530864198,31.133333333333333,0.3888888888888889,2026-03,unreliable_trip_rate,0.0,0.0,1.0,0.0,False
143,Lincoln Square West,4,139,54,17.354076738609113,12.533333333333333,0.38848920863309355,2026-03,unreliable_trip_rate,0.0,0.0,1.0,0.0,False
100,Garment District,11,2098,815,18.494423260247856,15.266666666666666,0.388465204957102,2026-03,unreliable_trip_rate,0.0,0.0,0.24261201143946615,0.7573879885605338,False
145,Long Island City/Hunters Point,10,224,87,22.119642857142857,18.6,0.38839285714285715,2026-03,unreliable_trip_rate,0.0,0.0,1.0,0.0,False
159,Melrose South,17,103,40,43.306634304207115,31.666666666666668,0.3883495145631068,2026-03,unreliable_trip_rate,0.0,0.0,1.0,0.0,False
193,Queensbridge/Ravenswood,14,103,40,32.12038834951456,27.266666666666666,0.3883495145631068,2026-03,unreliable_trip_rate,0.0,0.0,1.0,0.0,False
262,Yorkville East,22,824,320,12.7064927184466,11.908333333333333,0.3883495145631068,2026-03,unreliable_trip_rate,0.0,0.0,0.7257281553398058,0.27427184466019416,False
63,Cypress Hills,5,85,33,28.6578431372549,23.533333333333335,0.38823529411764707,2026-03,unreliable_trip_rate,0.0,0.0,1.0,0.0,False
224,Stuy Town/Peter Cooper Village,10,510,198,15.887320261437909,13.441666666666666,0.38823529411764707,2026-03,unreliable_trip_rate,0.0,0.0,0.8647058823529412,0.13529411764705881,False
35,Brownsville,21,67,26,42.561442786069655,39.65,0.3880597014925373,2026-03,unreliable_trip_rate,0.0,0.0,1.0,0.0,False
119,Highbridge,12,67,26,37.311442786069655,32.53333333333333,0.3880597014925373,2026-03,unreliable_trip_rate,0.0,0.0,1.0,0.0,False
216,South Ozone Park,11,67,26,32.51965174129353,26.266666666666666,0.3880597014925373,2026-03,unreliable_trip_rate,0.0,0.0,1.0,0.0,False
212,Soundview/Bruckner,7,116,45,37.005603448275856,26.725,0.3879310344827586,2026-03,unreliable_trip_rate,0.0,0.0,1.0,0.0,False
241,Van Cortlandt Village,8,116,45,38.713074712643675,30.65,0.3879310344827586,2026-03,unreliable_trip_rate,0.0,0.0,1.0,0.0,False
137,Kips Bay,22,2068,802,12.813773372018053,11.275,0.38781431334622823,2026-03,unreliable_trip_rate,0.0,0.0,0.34864603481624756,0.6513539651837524,False
22,Bensonhurst West,9,49,19,42.082312925170065,34.15,0.3877551020408163,2026-03,unreliable_trip_rate,0.0,0.0,1.0,0.0,False
39,Canarsie,12,245,95,38.218639455782316,28.616666666666667,0.3877551020408163,2026-03,unreliable_trip_rate,0.0,0.0,1.0,0.0,False
197,Richmond Hill,19,49,19,19.45374149659864,16.266666666666666,0.3877551020408163,2026-03,unreliable_trip_rate,0.0,0.0,1.0,0.0,False
265,Outside of NYC,15,49,19,25.779931972789115,18.183333333333334,0.3877551020408163,2026-03,unreliable_trip_rate,0.0,0.0,1.0,0.0,False
177,Ocean Hill,12,178,69,36.282490636704125,30.633333333333333,0.38764044943820225,2026-03,unreliable_trip_rate,0.0,0.0,1.0,0.0,False
174,Norwood,15,80,31,58.87229166666667,45.28333333333333,0.3875,2026-03,unreliable_trip_rate,0.0,0.0,1.0,0.0,False
114,Greenwich Village South,15,1812,702,16.624540103016926,13.416666666666666,0.38741721854304634,2026-03,unreliable_trip_rate,0.0,0.0,0.33774834437086093,0.6622516556291391,False
254,Williamsbridge/Olinville,9,142,55,42.60328638497653,33.00833333333333,0.3873239436619718,2026-03,unreliable_trip_rate,0.0,0.0,1.0,0.0,False
28,Briarwood/Jamaica Hills,10,31,12,43.7494623655914,41.06666666666667,0.3870967741935484,2026-03,unreliable_trip_rate,0.0,0.0,1.0,0.0,False
28,Briarwood/Jamaica Hills,14,62,24,36.16155913978495,27.35,0.3870967741935484,2026-03,unreliable_trip_rate,0.0,0.0,1.0,0.0,False
33,Brooklyn Heights,12,217,84,33.58648233486943,26.7,0.3870967741935484,2026-03,unreliable_trip_rate,0.0,0.0,1.0,0.0,False
39,Canarsie,11,217,84,38.52757296466974,30.6,0.3870967741935484,2026-03,unreliable_trip_rate,0.0,0.0,1.0,0.0,False
131,Jamaica Estates,16,31,12,33.0510752688172,24.45,0.3870967741935484,2026-03,unreliable_trip_rate,0.0,0.0,1.0,0.0,False
134,Kew Gardens,23,31,12,19.56935483870968,17.75,0.3870967741935484,2026-03,unreliable_trip_rate,0.0,0.0,1.0,0.0,False
139,Laurelton,16,31,12,50.35645161290322,45.31666666666667,0.3870967741935484,2026-03,unreliable_trip_rate,0.0,0.0,1.0,0.0,False
153,Marble Hill,7,31,12,40.58763440860215,31.183333333333334,0.3870967741935484,2026-03,unreliable_trip_rate,0.0,0.0,1.0,0.0,False
185,Pelham Parkway,16,31,12,35.96236559139785,33.6,0.3870967741935484,2026-03,unreliable_trip_rate,0.0,0.0,1.0,0.0,False
208,Schuylerville/Edgewater Park,16,31,12,36.07204301075269,35.666666666666664,0.3870967741935484,2026-03,unreliable_trip_rate,0.0,0.0,1.0,0.0,False
208,Schuylerville/Edgewater Park,19,31,12,22.291935483870965,20.033333333333335,0.3870967741935484,2026-03,unreliable_trip_rate,0.0,0.0,1.0,0.0,False
219,Springfield Gardens South,19,31,12,32.16666666666667,29.0,0.3870967741935484,2026-03,unreliable_trip_rate,0.0,0.0,1.0,0.0,False
247,West Concourse,22,31,12,22.523118279569893,18.316666666666666,0.3870967741935484,2026-03,unreliable_trip_rate,0.0,0.0,1.0,0.0,False
250,Westchester Village/Unionport,11,31,12,44.511827956989244,38.583333333333336,0.3870967741935484,2026-03,unreliable_trip_rate,0.0,0.0,1.0,0.0,False
209,Seaport,15,385,149,30.17121212121212,19.966666666666665,0.38701298701298703,2026-03,unreliable_trip_rate,0.0,0.0,1.0,0.0,False
81,Eastchester,6,75,29,51.03688888888889,43.4,0.38666666666666666,2026-03,unreliable_trip_rate,0.0,0.0,1.0,0.0,False
197,Richmond Hill,14,75,29,31.00422222222222,22.3,0.38666666666666666,2026-03,unreliable_trip_rate,0.0,0.0,1.0,0.0,False
260,Woodside,2,75,29,11.976444444444445,10.266666666666667,0.38666666666666666,2026-03,unreliable_trip_rate,0.0,0.0,1.0,0.0,False
76,East New York,4,194,75,30.77920962199313,24.916666666666668,0.3865979381443299,2026-03,unreliable_trip_rate,0.0,0.0,1.0,0.0,False
188,Prospect-Lefferts Gardens,19,194,75,25.639003436426115,20.975,0.3865979381443299,2026-03,unreliable_trip_rate,0.0,0.0,1.0,0.0,False
43,Central Park,9,1876,725,12.98382196162047,10.583333333333334,0.38646055437100213,2026-03,unreliable_trip_rate,0.0,0.0,0.21695095948827292,0.7830490405117271,False
4,Alphabet City,16,308,119,20.753841991341993,15.658333333333333,0.38636363636363635,2026-03,unreliable_trip_rate,0.0,0.0,1.0,0.0,False
28,Briarwood/Jamaica Hills,23,44,17,17.186742424242425,15.983333333333334,0.38636363636363635,2026-03,unreliable_trip_rate,0.0,0.0,1.0,0.0,False
177,Ocean Hill,14,132,51,36.170707070707074,30.891666666666666,0.38636363636363635,2026-03,unreliable_trip_rate,0.0,0.0,1.0,0.0,False
213,Soundview/Castle Hill,16,44,17,33.41401515151515,27.883333333333333,0.38636363636363635,2026-03,unreliable_trip_rate,0.0,0.0,1.0,0.0,False
227,Sunset Park East,15,44,17,50.77916666666667,40.225,0.38636363636363635,2026-03,unreliable_trip_rate,0.0,0.0,1.0,0.0,False
228,Sunset Park West,12,88,34,36.29356060606061,31.816666666666666,0.38636363636363635,2026-03,unreliable_trip_rate,0.0,0.0,1.0,0.0,False
242,Van Nest/Morris Park,6,44,17,37.21590909090909,30.84166666666667,0.38636363636363635,2026-03,unreliable_trip_rate,0.0,0.0,1.0,0.0,False
43,Central Park,8,1421,549,12.649261083743841,10.55,0.386347642505278,2026-03,unreliable_trip_rate,0.0,0.0,0.2800844475721323,0.7199155524278676,False
63,Cypress Hills,7,233,90,33.362589413447786,25.733333333333334,0.38626609442060084,2026-03,unreliable_trip_rate,0.0,0.0,1.0,0.0,False
249,West Village,13,2286,883,15.496165062700495,10.8,0.3862642169728784,2026-03,unreliable_trip_rate,0.0,0.0,0.2283464566929134,0.7716535433070866,False
113,Greenwich Village North,3,844,326,12.035189573459716,10.075,0.3862559241706161,2026-03,unreliable_trip_rate,0.0,0.0,0.7713270142180095,0.22867298578199052,False
117,Hammels/Arverne,8,145,56,53.21781609195402,47.916666666666664,0.38620689655172413,2026-03,unreliable_trip_rate,0.0,0.0,1.0,0.0,False
170,Murray Hill,2,536,207,11.53047263681592,10.0,0.38619402985074625,2026-03,unreliable_trip_rate,0.0,0.0,0.9402985074626866,0.05970149253731343,False
127,Inwood,15,101,39,34.688778877887785,26.233333333333334,0.38613861386138615,2026-03,unreliable_trip_rate,0.0,0.0,1.0,0.0,False
261,World Trade Center,7,202,78,19.516584158415842,16.458333333333336,0.38613861386138615,2026-03,unreliable_trip_rate,0.0,0.0,1.0,0.0,False
89,Flatbush/Ditmas Park,6,259,100,46.13043758043758,38.166666666666664,0.3861003861003861,2026-03,unreliable_trip_rate,0.0,0.0,1.0,0.0,False
148,Lower East Side,15,1194,461,20.263721384701284,16.541666666666668,0.3860971524288107,2026-03,unreliable_trip_rate,0.0,0.0,0.6608040201005025,0.3391959798994975,False
142,Lincoln Square East,1,658,254,12.397492401215805,10.85,0.3860182370820669,2026-03,unreliable_trip_rate,0.0,0.0,0.8601823708206687,0.1398176291793313,False
47,Claremont/Bathgate,15,57,22,47.911403508771926,41.78333333333333,0.38596491228070173,2026-03,unreliable_trip_rate,0.0,0.0,1.0,0.0,False
169,Mount Hope,13,57,22,46.45204678362573,39.46666666666667,0.38596491228070173,2026-03,unreliable_trip_rate,0.0,0.0,1.0,0.0,False
236,Upper East Side North,2,114,44,10.349122807017544,8.783333333333333,0.38596491228070173,2026-03,unreliable_trip_rate,0.0,0.0,1.0,0.0,False
144,Little Italy/NoLiTa,12,1130,436,18.297669616519173,14.783333333333335,0.3858407079646018,2026-03,unreliable_trip_rate,0.0,0.0,0.5424778761061947,0.4575221238938053,False
222,Starrett City,9,127,49,45.36141732283464,36.88333333333333,0.3858267716535433,2026-03,unreliable_trip_rate,0.0,0.0,1.0,0.0,False
18,Bedford Park,9,70,27,43.12452380952381,34.891666666666666,0.38571428571428573,2026-03,unreliable_trip_rate,0.0,0.0,1.0,0.0,False
129,Jackson Heights,16,140,54,31.576785714285716,26.475,0.38571428571428573,2026-03,unreliable_trip_rate,0.0,0.0,1.0,0.0,False
160,Middle Village,8,70,27,31.094761904761903,27.2,0.38571428571428573,2026-03,unreliable_trip_rate,0.0,0.0,1.0,0.0,False
45,Chinatown,23,472,182,16.146822033898307,13.775,0.3855932203389831,2026-03,unreliable_trip_rate,0.0,0.0,0.934322033898305,0.06567796610169492,False
226,Sunnyside,19,415,160,21.58140562248996,18.783333333333335,0.3855421686746988,2026-03,unreliable_trip_rate,0.0,0.0,0.9253012048192771,0.0746987951807229,False
137,Kips Bay,6,864,333,12.85198688271605,10.091666666666667,0.3854166666666667,2026-03,unreliable_trip_rate,0.0,0.0,0.6770833333333334,0.3229166666666667,False
234,Union Sq,7,1243,479,11.596419951729686,8.983333333333333,0.38535800482703136,2026-03,unreliable_trip_rate,0.0,0.0,0.45132743362831856,0.5486725663716814,False
35,Brownsville,13,218,84,37.87155963302752,29.75,0.3853211009174312,2026-03,unreliable_trip_rate,0.0,0.0,1.0,0.0,False
224,Stuy Town/Peter Cooper Village,3,109,42,12.401223241590214,10.45,0.3853211009174312,2026-03,unreliable_trip_rate,0.0,0.0,1.0,0.0,False
48,Clinton East,12,3094,1192,15.92457444516268,12.399999999999999,0.38526179702650293,2026-03,unreliable_trip_rate,0.0,0.0,0.17323852617970265,0.8267614738202973,False
43,Central Park,11,2632,1014,14.436037234042553,10.65,0.385258358662614,2026-03,unreliable_trip_rate,0.0,0.0,0.1580547112462006,0.8419452887537994,False
140,Lenox Hill East,3,148,57,11.50777027027027,10.141666666666666,0.38513513513513514,2026-03,unreliable_trip_rate,0.0,0.0,1.0,0.0,False
42,Central Harlem North,7,1232,474,22.884172077922077,19.65,0.3847402597402597,2026-03,unreliable_trip_rate,0.0,0.0,0.5576298701298701,0.44237012987012986,False
48,Clinton East,14,3247,1249,16.63689559593471,11.866666666666667,0.3846627656298121,2026-03,unreliable_trip_rate,0.0,0.0,0.17616261164151525,0.8238373883584847,False
18,Bedford Park,10,52,20,49.48173076923077,44.516666666666666,0.38461538461538464,2026-03,unreliable_trip_rate,0.0,0.0,1.0,0.0,False
26,Borough Park,14,78,30,42.67094017094017,36.0,0.38461538461538464,2026-03,unreliable_trip_rate,0.0,0.0,1.0,0.0,False
28,Briarwood/Jamaica Hills,19,52,20,24.51826923076923,20.15,0.38461538461538464,2026-03,unreliable_trip_rate,0.0,0.0,1.0,0.0,False
43,Central Park,4,39,15,17.964957264957263,15.766666666666667,0.38461538461538464,2026-03,unreliable_trip_rate,0.0,0.0,1.0,0.0,False
47,Claremont/Bathgate,17,39,15,38.54615384615384,22.35,0.38461538461538464,2026-03,unreliable_trip_rate,0.0,0.0,1.0,0.0,False
60,Crotona Park East,10,39,15,40.585470085470085,37.53333333333333,0.38461538461538464,2026-03,unreliable_trip_rate,0.0,0.0,1.0,0.0,False
85,Erasmus,15,65,25,41.139743589743595,29.416666666666668,0.38461538461538464,2026-03,unreliable_trip_rate,0.0,0.0,1.0,0.0,False
91,Flatlands,22,39,15,30.735470085470087,25.133333333333333,0.38461538461538464,2026-03,unreliable_trip_rate,0.0,0.0,1.0,0.0,False
117,Hammels/Arverne,15,52,20,51.6900641025641,47.575,0.38461538461538464,2026-03,unreliable_trip_rate,0.0,0.0,1.0,0.0,False
121,Hillcrest/Pomonok,13,39,15,45.55683760683761,34.38333333333333,0.38461538461538464,2026-03,unreliable_trip_rate,0.0,0.0,1.0,0.0,False
121,Hillcrest/Pomonok,19,39,15,30.985470085470087,28.766666666666666,0.38461538461538464,2026-03,unreliable_trip_rate,0.0,0.0,1.0,0.0,False
125,Hudson Sq,5,78,30,13.57948717948718,10.275,0.38461538461538464,2026-03,unreliable_trip_rate,0.0,0.0,1.0,0.0,False
126,Hunts Point,16,39,15,43.440598290598295,38.63333333333333,0.38461538461538464,2026-03,unreliable_trip_rate,0.0,0.0,1.0,0.0,False
147,Longwood,15,39,15,38.04230769230769,29.65,0.38461538461538464,2026-03,unreliable_trip_rate,0.0,0.0,1.0,0.0,False
165,Midwood,18,39,15,27.712393162393163,21.8,0.38461538461538464,2026-03,unreliable_trip_rate,0.0,0.0,1.0,0.0,False
177,Ocean Hill,22,65,25,29.325641025641026,25.0,0.38461538461538464,2026-03,unreliable_trip_rate,0.0,0.0,1.0,0.0,False
192,Queensboro Hill,7,39,15,32.445299145299145,27.483333333333334,0.38461538461538464,2026-03,unreliable_trip_rate,0.0,0.0,1.0,0.0,False
197,Richmond Hill,16,130,50,44.20820512820513,40.016666666666666,0.38461538461538464,2026-03,unreliable_trip_rate,0.0,0.0,1.0,0.0,False
215,South Jamaica,14,78,30,36.364102564102566,30.641666666666666,0.38461538461538464,2026-03,unreliable_trip_rate,0.0,0.0,1.0,0.0,False
225,Stuyvesant Heights,16,156,60,44.485149572649576,37.78333333333333,0.38461538461538464,2026-03,unreliable_trip_rate,0.0,0.0,1.0,0.0,False
233,UN/Turtle Bay South,4,195,75,14.068547008547009,11.316666666666666,0.38461538461538464,2026-03,unreliable_trip_rate,0.0,0.0,1.0,0.0,False
241,Van Cortlandt Village,6,78,30,41.49273504273504,36.83333333333333,0.38461538461538464,2026-03,unreliable_trip_rate,0.0,0.0,1.0,0.0,False
170,Murray Hill,3,424,163,11.797130503144654,9.966666666666667,0.38443396226415094,2026-03,unreliable_trip_rate,0.0,0.0,1.0,0.0,False
164,Midtown South,6,536,206,12.136473880597014,9.033333333333333,0.3843283582089552,2026-03,unreliable_trip_rate,0.0,0.0,0.7873134328358209,0.2126865671641791,False
97,Fort Greene,14,229,88,32.71098981077147,25.416666666666668,0.38427947598253276,2026-03,unreliable_trip_rate,0.0,0.0,1.0,0.0,False
62,Crown Heights South,9,216,83,34.57561728395061,29.775,0.38425925925925924,2026-03,unreliable_trip_rate,0.0,0.0,1.0,0.0,False
43,Central Park,1,138,53,12.311111111111112,10.125,0.38405797101449274,2026-03,unreliable_trip_rate,0.0,0.0,1.0,0.0,False
45,Chinatown,10,237,91,24.883052039381155,20.166666666666668,0.38396624472573837,2026-03,unreliable_trip_rate,0.0,0.0,1.0,0.0,False
48,Clinton East,13,3321,1275,15.767489711934157,10.816666666666666,0.3839205058717254,2026-03,unreliable_trip_rate,0.0,0.0,0.16531165311653118,0.8346883468834688,False
14,Bay Ridge,6,86,33,41.894379844961236,34.825,0.38372093023255816,2026-03,unreliable_trip_rate,0.0,0.0,1.0,0.0,False
165,Midwood,7,86,33,42.623062015503876,39.00833333333333,0.38372093023255816,2026-03,unreliable_trip_rate,0.0,0.0,1.0,0.0,False
61,Crown Heights North,10,477,183,35.63798043326345,29.4,0.3836477987421384,2026-03,unreliable_trip_rate,0.0,0.0,1.0,0.0,False
198,Ridgewood,8,146,56,31.420205479452058,26.683333333333334,0.3835616438356164,2026-03,unreliable_trip_rate,0.0,0.0,1.0,0.0,False
43,Central Park,19,2391,917,12.004586644360797,8.916666666666666,0.383521539104977,2026-03,unreliable_trip_rate,0.0,0.0,0.20911752404851527,0.7908824759514848,False
148,Lower East Side,13,1030,395,18.84202265372168,15.625,0.38349514563106796,2026-03,unreliable_trip_rate,0.0,0.0,0.6893203883495146,0.3106796116504854,False
246,West Chelsea/Hudson Yards,0,1333,511,13.910102525631409,12.65,0.3833458364591148,2026-03,unreliable_trip_rate,0.0,0.0,0.5213803450862715,0.47861965491372843,False
220,Spuyten Duyvil/Kingsbridge,10,60,23,36.12166666666667,31.008333333333333,0.38333333333333336,2026-03,unreliable_trip_rate,0.0,0.0,1.0,0.0,False
233,UN/Turtle Bay South,10,2267,869,15.51871783561241,13.933333333333334,0.38332598147331276,2026-03,unreliable_trip_rate,0.0,0.0,0.2620202911336568,0.7379797088663432,False
95,Forest Hills,12,107,41,38.12990654205608,33.88333333333333,0.38317757009345793,2026-03,unreliable_trip_rate,0.0,0.0,1.0,0.0,False
225,Stuyvesant Heights,18,154,59,29.999783549783555,23.558333333333334,0.38311688311688313,2026-03,unreliable_trip_rate,0.0,0.0,1.0,0.0,False
17,Bedford,15,201,77,37.836733001658374,31.266666666666666,0.38308457711442784,2026-03,unreliable_trip_rate,0.0,0.0,1.0,0.0,False
65,Downtown Brooklyn/MetroTech,15,248,95,36.11095430107527,25.950000000000003,0.38306451612903225,2026-03,unreliable_trip_rate,0.0,0.0,1.0,0.0,False
24,Bloomingdale,22,423,162,15.48490937746257,13.75,0.3829787234042553,2026-03,unreliable_trip_rate,0.0,0.0,0.8936170212765957,0.10638297872340426,False
60,Crotona Park East,5,47,18,46.07163120567376,37.65,0.3829787234042553,2026-03,unreliable_trip_rate,0.0,0.0,1.0,0.0,False
60,Crotona Park East,11,47,18,41.53262411347518,36.25,0.3829787234042553,2026-03,unreliable_trip_rate,0.0,0.0,1.0,0.0,False
262,Yorkville East,19,2614,1001,13.188089773017087,11.316666666666666,0.38293802601377197,2026-03,unreliable_trip_rate,0.0,0.0,0.24942616679418517,0.7505738332058148,False
237,Upper East Side South,6,1089,417,9.925573921028468,7.083333333333333,0.38292011019283745,2026-03,unreliable_trip_rate,0.0,0.0,0.3544536271808999,0.6455463728191001,False
232,Two Bridges/Seward Park,17,478,183,22.373152022315203,18.21666666666667,0.38284518828451886,2026-03,unreliable_trip_rate,0.0,0.0,0.9372384937238494,0.06276150627615062,False
90,Flatiron,9,2223,851,12.899220272904484,8.975,0.38281601439496177,2026-03,unreliable_trip_rate,0.0,0.0,0.1623931623931624,0.8376068376068376,False
116,Hamilton Heights,19,418,160,18.957575757575757,16.491666666666667,0.3827751196172249,2026-03,unreliable_trip_rate,0.0,0.0,0.8397129186602871,0.16028708133971292,False
210,Sheepshead Bay,12,81,31,50.330864197530865,43.05,0.38271604938271603,2026-03,unreliable_trip_rate,0.0,0.0,1.0,0.0,False
262,Yorkville East,0,298,114,12.338422818791946,10.691666666666666,0.3825503355704698,2026-03,unreliable_trip_rate,0.0,0.0,1.0,0.0,False
91,Flatlands,14,183,70,36.951275045537336,29.283333333333335,0.3825136612021858,2026-03,unreliable_trip_rate,0.0,0.0,1.0,0.0,False
43,Central Park,0,353,135,11.823796033994334,9.15,0.38243626062322944,2026-03,unreliable_trip_rate,0.0,0.0,1.0,0.0,False
100,Garment District,15,2390,914,18.26179218967922,12.416666666666666,0.38242677824267785,2026-03,unreliable_trip_rate,0.0,0.0,0.21338912133891214,0.7866108786610879,False
151,Manhattan Valley,23,523,200,14.65044614404079,12.516666666666667,0.3824091778202677,2026-03,unreliable_trip_rate,0.0,0.0,0.9158699808795411,0.0841300191204589,False
83,Elmhurst/Maspeth,12,34,13,25.08480392156863,21.558333333333334,0.38235294117647056,2026-03,unreliable_trip_rate,0.0,0.0,1.0,0.0,False
102,Glendale,19,34,13,20.545098039215684,19.31666666666667,0.38235294117647056,2026-03,unreliable_trip_rate,0.0,0.0,1.0,0.0,False
169,Mount Hope,20,34,13,31.003431372549016,20.241666666666667,0.38235294117647056,2026-03,unreliable_trip_rate,0.0,0.0,1.0,0.0,False
198,Ridgewood,17,68,26,28.429656862745098,25.683333333333334,0.38235294117647056,2026-03,unreliable_trip_rate,0.0,0.0,1.0,0.0,False
212,Soundview/Bruckner,16,34,13,36.293627450980395,25.791666666666668,0.38235294117647056,2026-03,unreliable_trip_rate,0.0,0.0,1.0,0.0,False
48,Clinton East,16,3667,1402,16.56877102081629,11.716666666666667,0.3823288791928007,2026-03,unreliable_trip_rate,0.0,0.0,0.16307608399236434,0.8369239160076357,False
100,Garment District,14,2294,877,19.271476315024703,11.983333333333333,0.38230165649520487,2026-03,unreliable_trip_rate,0.0,0.0,0.22013949433304272,0.7798605056669573,False
100,Garment District,22,2688,1027,14.935745287698413,12.149999999999999,0.3820684523809524,2026-03,unreliable_trip_rate,0.0,0.0,0.2693452380952381,0.7306547619047619,False
177,Ocean Hill,18,89,34,29.666853932584267,24.25,0.38202247191011235,2026-03,unreliable_trip_rate,0.0,0.0,1.0,0.0,False
35,Brownsville,15,144,55,37.16099537037037,25.683333333333334,0.3819444444444444,2026-03,unreliable_trip_rate,0.0,0.0,1.0,0.0,False
87,Financial District North,15,974,372,27.458658453114307,20.475,0.38193018480492813,2026-03,unreliable_trip_rate,0.0,0.0,0.8480492813141683,0.15195071868583163,False
260,Woodside,12,55,21,22.643333333333334,19.066666666666666,0.38181818181818183,2026-03,unreliable_trip_rate,0.0,0.0,1.0,0.0,False
76,East New York,16,207,79,39.791304347826085,32.0,0.38164251207729466,2026-03,unreliable_trip_rate,0.0,0.0,1.0,0.0,False
45,Chinatown,20,684,261,16.92461013645224,15.458333333333332,0.3815789473684211,2026-03,unreliable_trip_rate,0.0,0.0,0.945906432748538,0.054093567251461985,False
262,Yorkville East,15,3287,1254,14.714035087719298,11.5,0.3815028901734104,2026-03,unreliable_trip_rate,0.0,0.0,0.18101612412534226,0.8189838758746577,False
193,Queensbridge/Ravenswood,16,97,37,24.650000000000002,21.0,0.38144329896907214,2026-03,unreliable_trip_rate,0.0,0.0,1.0,0.0,False
48,Clinton East,11,3175,1211,16.330792650918635,12.983333333333333,0.3814173228346457,2026-03,unreliable_trip_rate,0.0,0.0,0.16850393700787403,0.831496062992126,False
168,Mott Haven/Port Morris,10,118,45,28.557344632768363,23.40833333333333,0.3813559322033898,2026-03,unreliable_trip_rate,0.0,0.0,1.0,0.0,False
97,Fort Greene,15,257,98,37.76141374837873,28.4,0.38132295719844356,2026-03,unreliable_trip_rate,0.0,0.0,1.0,0.0,False
129,Jackson Heights,11,139,53,26.976378896882494,24.583333333333332,0.381294964028777,2026-03,unreliable_trip_rate,0.0,0.0,1.0,0.0,False
211,SoHo,12,1031,393,17.649644358228258,14.45,0.38118331716779824,2026-03,unreliable_trip_rate,0.0,0.0,0.550921435499515,0.44907856450048494,False
237,Upper East Side South,3,244,93,10.512500000000001,7.95,0.38114754098360654,2026-03,unreliable_trip_rate,0.0,0.0,1.0,0.0,False
17,Bedford,2,42,16,18.038492063492065,16.891666666666666,0.38095238095238093,2026-03,unreliable_trip_rate,0.0,0.0,1.0,0.0,False
32,Bronxdale,5,42,16,36.721825396825395,25.858333333333334,0.38095238095238093,2026-03,unreliable_trip_rate,0.0,0.0,1.0,0.0,False
62,Crown Heights South,6,126,48,36.58835978835979,31.641666666666666,0.38095238095238093,2026-03,unreliable_trip_rate,0.0,0.0,1.0,0.0,False
77,East New York/Pennsylvania Avenue,19,42,16,26.725,21.6,0.38095238095238093,2026-03,unreliable_trip_rate,0.0,0.0,1.0,0.0,False
134,Kew Gardens,6,42,16,35.47857142857143,33.56666666666666,0.38095238095238093,2026-03,unreliable_trip_rate,0.0,0.0,1.0,0.0,False
165,Midwood,8,84,32,35.84206349206349,27.725,0.38095238095238093,2026-03,unreliable_trip_rate,0.0,0.0,1.0,0.0,False
168,Mott Haven/Port Morris,5,105,40,20.784761904761904,17.266666666666666,0.38095238095238093,2026-03,unreliable_trip_rate,0.0,0.0,1.0,0.0,False
219,Springfield Gardens South,5,42,16,55.17857142857143,54.24166666666667,0.38095238095238093,2026-03,unreliable_trip_rate,0.0,0.0,1.0,0.0,False
262,Yorkville East,14,2896,1103,14.011803637200737,10.925,0.38087016574585636,2026-03,unreliable_trip_rate,0.0,0.0,0.2033839779005525,0.7966160220994475,False
188,Prospect-Lefferts Gardens,8,386,147,35.155699481865284,27.875,0.38082901554404147,2026-03,unreliable_trip_rate,0.0,0.0,1.0,0.0,False
72,East Flatbush/Remsen Village,6,239,91,35.1186889818689,30.416666666666668,0.3807531380753138,2026-03,unreliable_trip_rate,0.0,0.0,1.0,0.0,False
246,West Chelsea/Hudson Yards,9,1660,632,16.475150602409638,14.483333333333334,0.38072289156626504,2026-03,unreliable_trip_rate,0.0,0.0,0.25180722891566265,0.7481927710843373,False
181,Park Slope,9,155,59,34.33698924731183,28.616666666666667,0.38064516129032255,2026-03,unreliable_trip_rate,0.0,0.0,1.0,0.0,False
223,Steinway,8,155,59,30.112903225806452,28.116666666666667,0.38064516129032255,2026-03,unreliable_trip_rate,0.0,0.0,1.0,0.0,False
116,Hamilton Heights,8,833,317,24.26640656262505,21.766666666666666,0.38055222088835533,2026-03,unreliable_trip_rate,0.0,0.0,0.8379351740696278,0.16206482593037214,False
69,East Concourse/Concourse Village,11,113,43,35.294837758112095,31.566666666666666,0.3805309734513274,2026-03,unreliable_trip_rate,0.0,0.0,1.0,0.0,False
167,Morrisania/Melrose,9,92,35,41.34909420289855,34.2,0.3804347826086957,2026-03,unreliable_trip_rate,0.0,0.0,1.0,0.0,False
209,Seaport,10,184,70,22.257971014492753,17.0,0.3804347826086957,2026-03,unreliable_trip_rate,0.0,0.0,1.0,0.0,False
210,Sheepshead Bay,13,92,35,45.78858695652174,34.13333333333333,0.3804347826086957,2026-03,unreliable_trip_rate,0.0,0.0,1.0,0.0,False
113,Greenwich Village North,14,2474,941,16.071510374562113,12.266666666666667,0.3803556992724333,2026-03,unreliable_trip_rate,0.0,0.0,0.22029102667744543,0.7797089733225546,False
55,Coney Island,16,71,27,57.10868544600939,50.36666666666667,0.38028169014084506,2026-03,unreliable_trip_rate,0.0,0.0,1.0,0.0,False
261,World Trade Center,2,71,27,16.851643192488265,15.283333333333333,0.38028169014084506,2026-03,unreliable_trip_rate,0.0,0.0,1.0,0.0,False
137,Kips Bay,21,2312,879,12.82692474048443,11.683333333333334,0.38019031141868515,2026-03,unreliable_trip_rate,0.0,0.0,0.2975778546712803,0.7024221453287197,False
49,Clinton Hill,11,171,65,37.53586744639376,29.55,0.38011695906432746,2026-03,unreliable_trip_rate,0.0,0.0,1.0,0.0,False
151,Manhattan Valley,12,2031,772,14.11746266207123,11.075,0.38010832102412606,2026-03,unreliable_trip_rate,0.0,0.0,0.23879862136878385,0.7612013786312162,False
52,Cobble Hill,15,50,19,27.309,23.741666666666667,0.38,2026-03,unreliable_trip_rate,0.0,0.0,1.0,0.0,False
127,Inwood,0,50,19,16.651333333333334,14.925,0.38,2026-03,unreliable_trip_rate,0.0,0.0,1.0,0.0,False
165,Midwood,17,50,19,35.72366666666667,26.875,0.38,2026-03,unreliable_trip_rate,0.0,0.0,1.0,0.0,False
264,Unknown,19,279,106,15.557885304659496,12.3,0.37992831541218636,2026-03,unreliable_trip_rate,0.0,0.0,0.5734767025089605,0.4265232974910394,False
249,West Village,5,458,174,12.083078602620088,8.975,0.3799126637554585,2026-03,unreliable_trip_rate,0.0,0.0,0.9344978165938864,0.06550218340611354,False
233,UN/Turtle Bay South,1,287,109,11.16637630662021,9.116666666666667,0.3797909407665505,2026-03,unreliable_trip_rate,0.0,0.0,1.0,0.0,False
55,Coney Island,9,158,60,53.94356540084389,51.05,0.379746835443038,2026-03,unreliable_trip_rate,0.0,0.0,1.0,0.0,False
71,East Flatbush/Farragut,17,79,30,35.47362869198312,29.516666666666666,0.379746835443038,2026-03,unreliable_trip_rate,0.0,0.0,1.0,0.0,False
247,West Concourse,14,79,30,30.422151898734175,23.183333333333334,0.379746835443038,2026-03,unreliable_trip_rate,0.0,0.0,1.0,0.0,False
35,Brownsville,18,108,41,31.183333333333334,27.083333333333336,0.37962962962962965,2026-03,unreliable_trip_rate,0.0,0.0,1.0,0.0,False
130,Jamaica,20,137,52,22.08734793187348,21.1,0.3795620437956204,2026-03,unreliable_trip_rate,0.0,0.0,1.0,0.0,False
130,Jamaica,21,137,52,25.2029197080292,22.016666666666666,0.3795620437956204,2026-03,unreliable_trip_rate,0.0,0.0,1.0,0.0,False
116,Hamilton Heights,3,58,22,13.280459770114943,11.991666666666667,0.3793103448275862,2026-03,unreliable_trip_rate,0.0,0.0,1.0,0.0,False
147,Longwood,8,58,22,42.80402298850574,34.78333333333333,0.3793103448275862,2026-03,unreliable_trip_rate,0.0,0.0,1.0,0.0,False
168,Mott Haven/Port Morris,8,232,88,35.90926724137931,30.53333333333333,0.3793103448275862,2026-03,unreliable_trip_rate,0.0,0.0,1.0,0.0,False
181,Park Slope,6,58,22,34.65919540229885,26.541666666666668,0.3793103448275862,2026-03,unreliable_trip_rate,0.0,0.0,1.0,0.0,False
196,Rego Park,11,58,22,37.824137931034485,32.25,0.3793103448275862,2026-03,unreliable_trip_rate,0.0,0.0,1.0,0.0,False
166,Morningside Heights,23,799,303,15.909908218606592,14.333333333333334,0.37922403003754696,2026-03,unreliable_trip_rate,0.0,0.0,0.7559449311639549,0.24405506883604505,False
116,Hamilton Heights,15,385,146,25.7634632034632,20.25,0.37922077922077924,2026-03,unreliable_trip_rate,0.0,0.0,0.9194805194805195,0.08051948051948052,False
177,Ocean Hill,11,153,58,35.11601307189542,28.833333333333332,0.3790849673202614,2026-03,unreliable_trip_rate,0.0,0.0,1.0,0.0,False
151,Manhattan Valley,10,1902,721,14.295741324921135,11.3,0.37907465825446895,2026-03,unreliable_trip_rate,0.0,0.0,0.2665615141955836,0.7334384858044164,False
90,Flatiron,14,2702,1024,16.90607574636072,12.525,0.3789785344189489,2026-03,unreliable_trip_rate,0.0,0.0,0.20947446336047373,0.7905255366395263,False
90,Flatiron,16,3040,1152,15.538645833333332,12.066666666666666,0.37894736842105264,2026-03,unreliable_trip_rate,0.0,0.0,0.1930921052631579,0.8069078947368421,False
167,Morrisania/Melrose,8,132,50,32.09621212121212,27.4,0.3787878787878788,2026-03,unreliable_trip_rate,0.0,0.0,1.0,0.0,False
261,World Trade Center,8,338,128,17.794132149901383,16.35,0.378698224852071,2026-03,unreliable_trip_rate,0.0,0.0,0.8905325443786982,0.10946745562130178,False
14,Bay Ridge,10,103,39,52.51957928802589,47.55,0.3786407766990291,2026-03,unreliable_trip_rate,0.0,0.0,1.0,0.0,False
236,Upper East Side North,3,103,39,12.171035598705501,9.75,0.3786407766990291,2026-03,unreliable_trip_rate,0.0,0.0,1.0,0.0,False
188,Prospect-Lefferts Gardens,15,243,92,37.96803840877915,31.0,0.3786008230452675,2026-03,unreliable_trip_rate,0.0,0.0,1.0,0.0,False
61,Crown Heights North,8,663,251,34.70158371040724,30.3,0.37858220211161386,2026-03,unreliable_trip_rate,0.0,0.0,0.8838612368024132,0.11613876319758673,False
107,Gramercy,1,1688,639,12.101471169036335,10.45,0.37855450236966826,2026-03,unreliable_trip_rate,0.0,0.0,0.403436018957346,0.5965639810426541,False
159,Melrose South,7,177,67,32.307721280602635,26.2,0.3785310734463277,2026-03,unreliable_trip_rate,0.0,0.0,1.0,0.0,False
225,Stuyvesant Heights,12,251,95,36.65571049136786,30.966666666666665,0.3784860557768924,2026-03,unreliable_trip_rate,0.0,0.0,1.0,0.0,False
148,Lower East Side,10,687,260,17.2709121785541,14.883333333333333,0.3784570596797671,2026-03,unreliable_trip_rate,0.0,0.0,0.9475982532751092,0.05240174672489083,False
229,Sutton Place/Turtle Bay North,12,3618,1369,15.525433020084762,12.316666666666666,0.37838584853510226,2026-03,unreliable_trip_rate,0.0,0.0,0.13681592039800994,0.8631840796019901,False
4,Alphabet City,12,407,154,19.896928746928747,16.016666666666666,0.3783783783783784,2026-03,unreliable_trip_rate,0.0,0.0,1.0,0.0,False
17,Bedford,16,148,56,29.836036036036038,25.450000000000003,0.3783783783783784,2026-03,unreliable_trip_rate,0.0,0.0,1.0,0.0,False
56,Corona,21,37,14,20.018468468468466,16.85,0.3783783783783784,2026-03,unreliable_trip_rate,0.0,0.0,1.0,0.0,False
91,Flatlands,5,148,56,44.30123873873874,41.13333333333333,0.3783783783783784,2026-03,unreliable_trip_rate,0.0,0.0,1.0,0.0,False
123,Homecrest,15,74,28,35.58153153153153,28.03333333333333,0.3783783783783784,2026-03,unreliable_trip_rate,0.0,0.0,1.0,0.0,False
131,Jamaica Estates,7,74,28,41.58333333333333,36.68333333333334,0.3783783783783784,2026-03,unreliable_trip_rate,0.0,0.0,1.0,0.0,False
212,Soundview/Bruckner,5,37,14,23.50855855855856,18.083333333333332,0.3783783783783784,2026-03,unreliable_trip_rate,0.0,0.0,1.0,0.0,False
216,South Ozone Park,2,37,14,15.086486486486487,12.333333333333334,0.3783783783783784,2026-03,unreliable_trip_rate,0.0,0.0,1.0,0.0,False
234,Union Sq,3,740,280,12.332927927927928,10.6,0.3783783783783784,2026-03,unreliable_trip_rate,0.0,0.0,0.9108108108108108,0.0891891891891892,False
254,Williamsbridge/Olinville,12,37,14,41.574774774774774,35.06666666666667,0.3783783783783784,2026-03,unreliable_trip_rate,0.0,0.0,1.0,0.0,False
259,Woodlawn/Wakefield,16,37,14,71.9981981981982,66.31666666666666,0.3783783783783784,2026-03,unreliable_trip_rate,0.0,0.0,1.0,0.0,False
137,Kips Bay,8,2123,803,14.330043962945517,12.366666666666667,0.37823834196891193,2026-03,unreliable_trip_rate,0.0,0.0,0.28214790390956196,0.7178520960904381,False
233,UN/Turtle Bay South,21,2049,775,11.962445095168375,10.566666666666666,0.37823328452903854,2026-03,unreliable_trip_rate,0.0,0.0,0.31429965836993656,0.6857003416300634,False
132,JFK Airport,2,1383,523,22.95477223427332,22.033333333333335,0.3781634128705712,2026-03,unreliable_trip_rate,0.0,0.0,0.794649313087491,0.20535068691250905,False
56,Corona,7,119,45,37.766806722689076,32.416666666666664,0.37815126050420167,2026-03,unreliable_trip_rate,0.0,0.0,1.0,0.0,False
71,East Flatbush/Farragut,9,238,90,33.43515406162465,26.25,0.37815126050420167,2026-03,unreliable_trip_rate,0.0,0.0,1.0,0.0,False
45,Chinatown,19,582,220,17.07906643757159,14.966666666666667,0.37800687285223367,2026-03,unreliable_trip_rate,0.0,0.0,0.9192439862542955,0.08075601374570447,False
114,Greenwich Village South,10,791,299,14.375368731563421,11.583333333333334,0.3780025284450063,2026-03,unreliable_trip_rate,0.0,0.0,0.5056890012642224,0.4943109987357775,False
86,Far Rockaway,7,127,48,67.64501312335958,64.0,0.3779527559055118,2026-03,unreliable_trip_rate,0.0,0.0,1.0,0.0,False
56,Corona,8,90,34,36.983333333333334,34.65,0.37777777777777777,2026-03,unreliable_trip_rate,0.0,0.0,1.0,0.0,False
191,Queens Village,14,45,17,42.07259259259259,38.86666666666667,0.37777777777777777,2026-03,unreliable_trip_rate,0.0,0.0,1.0,0.0,False
213,Soundview/Castle Hill,4,45,17,26.011111111111113,18.916666666666668,0.37777777777777777,2026-03,unreliable_trip_rate,0.0,0.0,1.0,0.0,False
246,West Chelsea/Hudson Yards,5,225,85,14.367185185185186,11.033333333333333,0.37777777777777777,2026-03,unreliable_trip_rate,0.0,0.0,1.0,0.0,False
55,Coney Island,7,143,54,62.30839160839161,59.53333333333333,0.3776223776223776,2026-03,unreliable_trip_rate,0.0,0.0,1.0,0.0,False
62,Crown Heights South,11,98,37,38.75289115646258,30.65,0.37755102040816324,2026-03,unreliable_trip_rate,0.0,0.0,1.0,0.0,False
193,Queensbridge/Ravenswood,8,196,74,26.729931972789114,22.85,0.37755102040816324,2026-03,unreliable_trip_rate,0.0,0.0,1.0,0.0,False
254,Williamsbridge/Olinville,10,98,37,46.896258503401356,41.40833333333333,0.37755102040816324,2026-03,unreliable_trip_rate,0.0,0.0,1.0,0.0,False
144,Little Italy/NoLiTa,3,1661,627,11.79115994380895,10.333333333333334,0.37748344370860926,2026-03,unreliable_trip_rate,0.0,0.0,0.4202287778446719,0.5797712221553282,False
158,Meatpacking/West Village West,14,1476,557,17.377947154471542,14.5,0.37737127371273715,2026-03,unreliable_trip_rate,0.0,0.0,0.31910569105691056,0.6808943089430894,False
4,Alphabet City,22,803,303,15.565587380655874,14.316666666666666,0.37733499377334995,2026-03,unreliable_trip_rate,0.0,0.0,0.8107098381070984,0.18929016189290163,False
90,Flatiron,8,2062,778,12.515793727772389,10.333333333333334,0.3773035887487876,2026-03,unreliable_trip_rate,0.0,0.0,0.22017458777885549,0.7798254122211445,False
113,Greenwich Village North,10,1742,657,14.263251052430157,11.625,0.37715269804822044,2026-03,unreliable_trip_rate,0.0,0.0,0.2508610792192882,0.7491389207807119,False
40,Carroll Gardens,17,61,23,24.15191256830601,21.55,0.3770491803278688,2026-03,unreliable_trip_rate,0.0,0.0,1.0,0.0,False
62,Crown Heights South,16,61,23,40.31065573770491,36.766666666666666,0.3770491803278688,2026-03,unreliable_trip_rate,0.0,0.0,1.0,0.0,False
232,Two Bridges/Seward Park,16,382,144,26.332460732984295,18.700000000000003,0.3769633507853403,2026-03,unreliable_trip_rate,0.0,0.0,1.0,0.0,False
148,Lower East Side,4,1796,677,13.304556421677802,12.0,0.3769487750556793,2026-03,unreliable_trip_rate,0.0,0.0,0.5695991091314031,0.4304008908685969,False
148,Lower East Side,11,788,297,18.56169627749577,15.649999999999999,0.3769035532994924,2026-03,unreliable_trip_rate,0.0,0.0,0.7868020304568528,0.2131979695431472,False
87,Financial District North,10,735,277,20.493650793650794,17.416666666666668,0.3768707482993197,2026-03,unreliable_trip_rate,0.0,0.0,0.8870748299319728,0.11292517006802721,False
260,Woodside,10,69,26,25.30144927536232,23.366666666666667,0.37681159420289856,2026-03,unreliable_trip_rate,0.0,0.0,1.0,0.0,False
143,Lincoln Square West,17,3157,1189,13.436812374617254,10.133333333333333,0.37662337662337664,2026-03,unreliable_trip_rate,0.0,0.0,0.19132087424770353,0.8086791257522965,False
148,Lower East Side,12,924,348,18.196194083694085,15.575,0.37662337662337664,2026-03,unreliable_trip_rate,0.0,0.0,0.7564935064935064,0.2435064935064935,False
169,Mount Hope,15,77,29,47.77748917748918,35.583333333333336,0.37662337662337664,2026-03,unreliable_trip_rate,0.0,0.0,1.0,0.0,False
37,Bushwick South,9,324,122,31.175,27.275,0.3765432098765432,2026-03,unreliable_trip_rate,0.0,0.0,1.0,0.0,False
228,Sunset Park West,7,85,32,38.93156862745098,35.583333333333336,0.3764705882352941,2026-03,unreliable_trip_rate,0.0,0.0,1.0,0.0,False
163,Midtown North,3,271,102,15.165313653136533,13.133333333333333,0.3763837638376384,2026-03,unreliable_trip_rate,0.0,0.0,1.0,0.0,False
4,Alphabet City,23,999,376,14.559225892559226,13.283333333333333,0.3763763763763764,2026-03,unreliable_trip_rate,0.0,0.0,0.6606606606606606,0.33933933933933935,False
69,East Concourse/Concourse Village,17,93,35,45.52831541218638,34.96666666666667,0.3763440860215054,2026-03,unreliable_trip_rate,0.0,0.0,1.0,0.0,False
189,Prospect Heights,17,93,35,30.09516129032258,25.45,0.3763440860215054,2026-03,unreliable_trip_rate,0.0,0.0,1.0,0.0,False
182,Parkchester,6,194,73,41.16314432989691,36.54166666666667,0.37628865979381443,2026-03,unreliable_trip_rate,0.0,0.0,1.0,0.0,False
130,Jamaica,11,109,41,39.46498470948012,36.1,0.3761467889908257,2026-03,unreliable_trip_rate,0.0,0.0,1.0,0.0,False
228,Sunset Park West,16,109,41,43.27874617737003,35.35,0.3761467889908257,2026-03,unreliable_trip_rate,0.0,0.0,1.0,0.0,False
137,Kips Bay,4,585,220,11.003190883190884,9.3,0.37606837606837606,2026-03,unreliable_trip_rate,0.0,0.0,0.9435897435897436,0.05641025641025641,False
161,Midtown Center,0,2227,837,12.820685526118845,10.733333333333333,0.37584193982936687,2026-03,unreliable_trip_rate,0.0,0.0,0.305792546026044,0.694207453973956,False
65,Downtown Brooklyn/MetroTech,10,149,56,25.702460850111855,21.4,0.37583892617449666,2026-03,unreliable_trip_rate,0.0,0.0,1.0,0.0,False
87,Financial District North,16,1373,516,26.222687545520756,19.2,0.3758193736343773,2026-03,unreliable_trip_rate,0.0,0.0,0.619810633648944,0.3801893663510561,False
188,Prospect-Lefferts Gardens,9,338,127,33.462968441814596,26.15,0.3757396449704142,2026-03,unreliable_trip_rate,0.0,0.0,1.0,0.0,False
74,East Harlem North,22,511,192,16.548303979125894,14.766666666666667,0.37573385518590996,2026-03,unreliable_trip_rate,0.0,0.0,0.8512720156555773,0.1487279843444227,False
129,Jackson Heights,18,173,65,21.892870905587667,20.066666666666666,0.37572254335260113,2026-03,unreliable_trip_rate,0.0,0.0,1.0,0.0,False
229,Sutton Place/Turtle Bay North,4,346,130,12.508044315992294,10.391666666666666,0.37572254335260113,2026-03,unreliable_trip_rate,0.0,0.0,1.0,0.0,False
181,Park Slope,14,189,71,38.72072310405643,32.28333333333333,0.37566137566137564,2026-03,unreliable_trip_rate,0.0,0.0,1.0,0.0,False
91,Flatlands,10,213,80,41.20829420970266,33.766666666666666,0.3755868544600939,2026-03,unreliable_trip_rate,0.0,0.0,1.0,0.0,False
65,Downtown Brooklyn/MetroTech,14,237,89,33.802883263009846,28.0,0.3755274261603376,2026-03,unreliable_trip_rate,0.0,0.0,1.0,0.0,False
113,Greenwich Village North,5,245,92,12.613673469387754,9.166666666666666,0.37551020408163266,2026-03,unreliable_trip_rate,0.0,0.0,1.0,0.0,False
152,Manhattanville,9,317,119,21.212618296529968,18.266666666666666,0.3753943217665615,2026-03,unreliable_trip_rate,0.0,0.0,1.0,0.0,False
233,UN/Turtle Bay South,15,2235,839,17.820529455630126,14.316666666666666,0.37539149888143175,2026-03,unreliable_trip_rate,0.0,0.0,0.258165548098434,0.741834451901566,False
42,Central Harlem North,10,650,244,25.981794871794875,23.608333333333334,0.37538461538461537,2026-03,unreliable_trip_rate,0.0,0.0,0.8615384615384616,0.13846153846153847,False
144,Little Italy/NoLiTa,2,1940,728,12.249656357388316,10.45,0.3752577319587629,2026-03,unreliable_trip_rate,0.0,0.0,0.3979381443298969,0.6020618556701031,False
7,Astoria,15,264,99,27.338131313131314,23.6,0.375,2026-03,unreliable_trip_rate,0.0,0.0,1.0,0.0,False
14,Bay Ridge,16,72,27,48.62314814814815,46.775,0.375,2026-03,unreliable_trip_rate,0.0,0.0,1.0,0.0,False
29,Brighton Beach,10,64,24,58.42369791666667,57.766666666666666,0.375,2026-03,unreliable_trip_rate,0.0,0.0,1.0,0.0,False
38,Cambria Heights,5,32,12,62.233333333333334,58.54166666666667,0.375,2026-03,unreliable_trip_rate,0.0,0.0,1.0,0.0,False
51,Co-Op City,19,72,27,36.266666666666666,26.275,0.375,2026-03,unreliable_trip_rate,0.0,0.0,1.0,0.0,False
67,Dyker Heights,7,48,18,39.106249999999996,32.225,0.375,2026-03,unreliable_trip_rate,0.0,0.0,1.0,0.0,False
77,East New York/Pennsylvania Avenue,21,32,12,31.132291666666667,28.416666666666664,0.375,2026-03,unreliable_trip_rate,0.0,0.0,1.0,0.0,False
80,East Williamsburg,12,104,39,31.97051282051282,27.725,0.375,2026-03,unreliable_trip_rate,0.0,0.0,1.0,0.0,False
92,Flushing,8,56,21,49.06934523809524,46.3,0.375,2026-03,unreliable_trip_rate,0.0,0.0,1.0,0.0,False
94,Fordham South,5,32,12,45.342708333333334,43.18333333333334,0.375,2026-03,unreliable_trip_rate,0.0,0.0,1.0,0.0,False
107,Gramercy,2,920,345,10.944184782608696,9.766666666666666,0.375,2026-03,unreliable_trip_rate,0.0,0.0,0.7706521739130435,0.22934782608695653,False
121,Hillcrest/Pomonok,11,32,12,46.59166666666667,44.41666666666667,0.375,2026-03,unreliable_trip_rate,0.0,0.0,1.0,0.0,False
122,Hollis,9,48,18,46.18854166666667,46.608333333333334,0.375,2026-03,unreliable_trip_rate,0.0,0.0,1.0,0.0,False
133,Kensington,14,32,12,39.20729166666666,30.55,0.375,2026-03,unreliable_trip_rate,0.0,0.0,1.0,0.0,False
149,Madison,10,40,15,36.1325,27.775,0.375,2026-03,unreliable_trip_rate,0.0,0.0,1.0,0.0,False
152,Manhattanville,2,32,12,12.061458333333334,11.725,0.375,2026-03,unreliable_trip_rate,0.0,0.0,1.0,0.0,False
157,Maspeth,16,32,12,26.644270833333334,24.55,0.375,2026-03,unreliable_trip_rate,0.0,0.0,1.0,0.0,False
157,Maspeth,21,48,18,23.318055555555556,17.633333333333333,0.375,2026-03,unreliable_trip_rate,0.0,0.0,1.0,0.0,False
169,Mount Hope,12,48,18,45.614583333333336,43.09166666666667,0.375,2026-03,unreliable_trip_rate,0.0,0.0,1.0,0.0,False
177,Ocean Hill,20,72,27,24.33240740740741,20.96666666666667,0.375,2026-03,unreliable_trip_rate,0.0,0.0,1.0,0.0,False
188,Prospect-Lefferts Gardens,16,232,87,41.76400862068966,34.725,0.375,2026-03,unreliable_trip_rate,0.0,0.0,1.0,0.0,False
189,Prospect Heights,16,64,24,32.315364583333334,27.625,0.375,2026-03,unreliable_trip_rate,0.0,0.0,1.0,0.0,False
196,Rego Park,14,56,21,43.10982142857143,32.43333333333333,0.375,2026-03,unreliable_trip_rate,0.0,0.0,1.0,0.0,False
198,Ridgewood,9,112,42,30.651636904761904,27.616666666666667,0.375,2026-03,unreliable_trip_rate,0.0,0.0,1.0,0.0,False
198,Ridgewood,14,64,24,29.0796875,24.3,0.375,2026-03,unreliable_trip_rate,0.0,0.0,1.0,0.0,False
202,Roosevelt Island,22,32,12,33.131770833333334,26.266666666666666,0.375,2026-03,unreliable_trip_rate,0.0,0.0,1.0,0.0,False
215,South Jamaica,9,88,33,41.92462121212122,38.43333333333334,0.375,2026-03,unreliable_trip_rate,0.0,0.0,1.0,0.0,False
215,South Jamaica,17,40,15,42.00791666666667,35.86666666666667,0.375,2026-03,unreliable_trip_rate,0.0,0.0,1.0,0.0,False
219,Springfield Gardens South,12,32,12,47.270833333333336,43.958333333333336,0.375,2026-03,unreliable_trip_rate,0.0,0.0,1.0,0.0,False
229,Sutton Place/Turtle Bay North,9,3360,1260,15.514608134920636,12.65,0.375,2026-03,unreliable_trip_rate,0.0,0.0,0.14791666666666667,0.8520833333333333,False
242,Van Nest/Morris Park,19,40,15,23.074583333333333,17.633333333333333,0.375,2026-03,unreliable_trip_rate,0.0,0.0,1.0,0.0,False
247,West Concourse,16,112,42,37.842708333333334,26.69166666666667,0.375,2026-03,unreliable_trip_rate,0.0,0.0,1.0,0.0,False
170,Murray Hill,1,1134,425,12.185435038212816,10.0,0.3747795414462081,2026-03,unreliable_trip_rate,0.0,0.0,0.6675485008818343,0.3324514991181658,False
151,Manhattan Valley,17,2098,786,13.483905306641246,10.458333333333332,0.3746425166825548,2026-03,unreliable_trip_rate,0.0,0.0,0.224976167778837,0.775023832221163,False
188,Prospect-Lefferts Gardens,14,291,109,34.82823596792669,27.333333333333332,0.3745704467353952,2026-03,unreliable_trip_rate,0.0,0.0,1.0,0.0,False
65,Downtown Brooklyn/MetroTech,9,195,73,25.251623931623932,21.183333333333334,0.37435897435897436,2026-03,unreliable_trip_rate,0.0,0.0,1.0,0.0,False
117,Hammels/Arverne,7,155,58,61.50010752688172,57.28333333333333,0.3741935483870968,2026-03,unreliable_trip_rate,0.0,0.0,1.0,0.0,False
166,Morningside Heights,2,147,55,12.9734693877551,11.366666666666667,0.3741496598639456,2026-03,unreliable_trip_rate,0.0,0.0,1.0,0.0,False
231,TriBeCa/Civic Center,1,1267,474,15.215574848724021,12.866666666666667,0.3741120757695343,2026-03,unreliable_trip_rate,0.0,0.0,0.6069455406471981,0.3930544593528019,False
239,Upper West Side South,1,631,236,12.76148969889065,11.0,0.37400950871632327,2026-03,unreliable_trip_rate,0.0,0.0,0.9445324881141046,0.0554675118858954,False
146,Long Island City/Queens Plaza,19,238,89,21.235364145658263,18.766666666666666,0.3739495798319328,2026-03,unreliable_trip_rate,0.0,0.0,1.0,0.0,False
17,Bedford,14,222,83,34.48618618618619,26.166666666666664,0.3738738738738739,2026-03,unreliable_trip_rate,0.0,0.0,1.0,0.0,False
226,Sunnyside,9,313,117,25.191586794462193,23.116666666666667,0.3738019169329074,2026-03,unreliable_trip_rate,0.0,0.0,1.0,0.0,False
181,Park Slope,16,206,77,39.857847896440134,33.141666666666666,0.3737864077669903,2026-03,unreliable_trip_rate,0.0,0.0,1.0,0.0,False
141,Lenox Hill West,16,4883,1825,13.936231142057478,7.574999999999999,0.37374564816711037,2026-03,unreliable_trip_rate,0.0,0.0,0.1331148883882859,0.8668851116117141,False
177,Ocean Hill,16,99,37,40.54494949494949,33.266666666666666,0.37373737373737376,2026-03,unreliable_trip_rate,0.0,0.0,1.0,0.0,False
75,East Harlem South,1,190,71,13.08842105263158,10.633333333333333,0.3736842105263158,2026-03,unreliable_trip_rate,0.0,0.0,1.0,0.0,False
72,East Flatbush/Remsen Village,16,91,34,33.01227106227106,24.116666666666667,0.37362637362637363,2026-03,unreliable_trip_rate,0.0,0.0,1.0,0.0,False
125,Hudson Sq,8,680,254,14.700343137254903,11.791666666666668,0.3735294117647059,2026-03,unreliable_trip_rate,0.0,0.0,0.5926470588235294,0.4073529411764706,False
155,Marine Park/Mill Basin,13,83,31,33.02309236947791,29.666666666666668,0.37349397590361444,2026-03,unreliable_trip_rate,0.0,0.0,1.0,0.0,False
164,Midtown South,3,897,335,12.383481976960239,11.033333333333333,0.3734671125975474,2026-03,unreliable_trip_rate,0.0,0.0,0.9186176142697882,0.08138238573021182,False
35,Brownsville,20,75,28,26.025555555555556,20.65,0.37333333333333335,2026-03,unreliable_trip_rate,0.0,0.0,1.0,0.0,False
234,Union Sq,4,568,212,12.856220657276994,11.091666666666667,0.3732394366197183,2026-03,unreliable_trip_rate,0.0,0.0,1.0,0.0,False
213,Soundview/Castle Hill,7,209,78,37.466347687400315,35.016666666666666,0.37320574162679426,2026-03,unreliable_trip_rate,0.0,0.0,1.0,0.0,False
196,Rego Park,17,67,25,29.82587064676617,24.333333333333332,0.373134328358209,2026-03,unreliable_trip_rate,0.0,0.0,1.0,0.0,False
198,Ridgewood,11,67,25,28.246268656716417,26.033333333333335,0.373134328358209,2026-03,unreliable_trip_rate,0.0,0.0,1.0,0.0,False
242,Van Nest/Morris Park,11,67,25,44.95398009950249,41.7,0.373134328358209,2026-03,unreliable_trip_rate,0.0,0.0,1.0,0.0,False
158,Meatpacking/West Village West,9,863,322,16.126207029741213,13.133333333333333,0.373117033603708,2026-03,unreliable_trip_rate,0.0,0.0,0.5480880648899189,0.4519119351100811,False
169,Mount Hope,7,126,47,34.712169312169316,22.791666666666664,0.373015873015873,2026-03,unreliable_trip_rate,0.0,0.0,1.0,0.0,False
26,Borough Park,18,59,22,25.31271186440678,23.283333333333335,0.3728813559322034,2026-03,unreliable_trip_rate,0.0,0.0,1.0,0.0,False
248,West Farms/Bronx River,8,110,41,30.104393939393937,23.241666666666667,0.37272727272727274,2026-03,unreliable_trip_rate,0.0,0.0,1.0,0.0,False
233,UN/Turtle Bay South,7,1261,470,12.71461802802009,10.25,0.37272006344171293,2026-03,unreliable_trip_rate,0.0,0.0,0.4337827121332276,0.5662172878667724,False
116,Hamilton Heights,17,381,142,23.468766404199474,19.083333333333332,0.37270341207349084,2026-03,unreliable_trip_rate,0.0,0.0,1.0,0.0,False
7,Astoria,14,263,98,23.948162230671738,20.783333333333335,0.3726235741444867,2026-03,unreliable_trip_rate,0.0,0.0,1.0,0.0,False
89,Flatbush/Ditmas Park,9,365,136,36.063744292237445,29.966666666666665,0.3726027397260274,2026-03,unreliable_trip_rate,0.0,0.0,1.0,0.0,False
28,Briarwood/Jamaica Hills,5,51,19,32.79183006535948,29.783333333333335,0.37254901960784315,2026-03,unreliable_trip_rate,0.0,0.0,1.0,0.0,False
95,Forest Hills,15,102,38,37.19281045751634,31.28333333333333,0.37254901960784315,2026-03,unreliable_trip_rate,0.0,0.0,1.0,0.0,False
108,Gravesend,9,51,19,45.01601307189542,37.483333333333334,0.37254901960784315,2026-03,unreliable_trip_rate,0.0,0.0,1.0,0.0,False
133,Kensington,17,51,19,37.58627450980392,31.083333333333332,0.37254901960784315,2026-03,unreliable_trip_rate,0.0,0.0,1.0,0.0,False
181,Park Slope,15,153,57,37.65544662309369,30.9,0.37254901960784315,2026-03,unreliable_trip_rate,0.0,0.0,1.0,0.0,False
218,Springfield Gardens North,4,51,19,43.4562091503268,41.13333333333333,0.37254901960784315,2026-03,unreliable_trip_rate,0.0,0.0,1.0,0.0,False
220,Spuyten Duyvil/Kingsbridge,11,51,19,39.5140522875817,32.71666666666667,0.37254901960784315,2026-03,unreliable_trip_rate,0.0,0.0,1.0,0.0,False
220,Spuyten Duyvil/Kingsbridge,13,51,19,44.203267973856214,39.05,0.37254901960784315,2026-03,unreliable_trip_rate,0.0,0.0,1.0,0.0,False
116,Hamilton Heights,22,349,130,16.552578796561605,15.083333333333334,0.37249283667621774,2026-03,unreliable_trip_rate,0.0,0.0,0.9025787965616046,0.09742120343839542,False
100,Garment District,1,929,346,14.487154646573376,12.65,0.37244348762109797,2026-03,unreliable_trip_rate,0.0,0.0,0.7825618945102261,0.21743810548977396,False
33,Brooklyn Heights,11,188,70,34.53927304964539,27.625,0.3723404255319149,2026-03,unreliable_trip_rate,0.0,0.0,1.0,0.0,False
168,Mott Haven/Port Morris,17,188,70,32.878812056737594,26.275,0.3723404255319149,2026-03,unreliable_trip_rate,0.0,0.0,1.0,0.0,False
231,TriBeCa/Civic Center,10,1773,660,18.02654634329761,14.366666666666667,0.37225042301184436,2026-03,unreliable_trip_rate,0.0,0.0,0.3124647490129724,0.6875352509870276,False
17,Bedford,11,180,67,33.70055555555556,26.25,0.37222222222222223,2026-03,unreliable_trip_rate,0.0,0.0,1.0,0.0,False
65,Downtown Brooklyn/MetroTech,1,86,32,18.753294573643412,16.641666666666666,0.37209302325581395,2026-03,unreliable_trip_rate,0.0,0.0,1.0,0.0,False
121,Hillcrest/Pomonok,10,43,16,38.122093023255815,33.06666666666667,0.37209302325581395,2026-03,unreliable_trip_rate,0.0,0.0,1.0,0.0,False
258,Woodhaven,12,43,16,43.688372093023254,38.083333333333336,0.37209302325581395,2026-03,unreliable_trip_rate,0.0,0.0,1.0,0.0,False
261,World Trade Center,4,86,32,18.419767441860465,14.858333333333334,0.37209302325581395,2026-03,unreliable_trip_rate,0.0,0.0,1.0,0.0,False
151,Manhattan Valley,13,2075,772,13.641116465863453,10.566666666666666,0.37204819277108436,2026-03,unreliable_trip_rate,0.0,0.0,0.20337349397590362,0.7966265060240963,False
130,Jamaica,14,164,61,37.20538617886179,30.766666666666666,0.3719512195121951,2026-03,unreliable_trip_rate,0.0,0.0,1.0,0.0,False
82,Elmhurst,17,121,45,25.317906336088154,21.083333333333332,0.371900826446281,2026-03,unreliable_trip_rate,0.0,0.0,1.0,0.0,False
92,Flushing,22,121,45,17.33457300275482,15.783333333333333,0.371900826446281,2026-03,unreliable_trip_rate,0.0,0.0,1.0,0.0,False
246,West Chelsea/Hudson Yards,10,1985,738,17.128824517212426,15.0,0.3717884130982368,2026-03,unreliable_trip_rate,0.0,0.0,0.22065491183879093,0.7793450881612091,False
65,Downtown Brooklyn/MetroTech,13,226,84,33.93163716814159,24.725,0.37168141592920356,2026-03,unreliable_trip_rate,0.0,0.0,1.0,0.0,False
158,Meatpacking/West Village West,4,261,97,15.033205619412515,11.816666666666666,0.3716475095785441,2026-03,unreliable_trip_rate,0.0,0.0,1.0,0.0,False
62,Crown Heights South,17,105,39,34.99761904761905,29.416666666666668,0.37142857142857144,2026-03,unreliable_trip_rate,0.0,0.0,1.0,0.0,False
78,East Tremont,17,35,13,39.593333333333334,31.95,0.37142857142857144,2026-03,unreliable_trip_rate,0.0,0.0,1.0,0.0,False
123,Homecrest,13,105,39,38.291269841269845,31.416666666666668,0.37142857142857144,2026-03,unreliable_trip_rate,0.0,0.0,1.0,0.0,False
219,Springfield Gardens South,14,35,13,40.070952380952384,37.03333333333333,0.37142857142857144,2026-03,unreliable_trip_rate,0.0,0.0,1.0,0.0,False
227,Sunset Park East,17,35,13,32.25857142857143,26.016666666666666,0.37142857142857144,2026-03,unreliable_trip_rate,0.0,0.0,1.0,0.0,False
228,Sunset Park West,9,70,26,41.794761904761906,35.650000000000006,0.37142857142857144,2026-03,unreliable_trip_rate,0.0,0.0,1.0,0.0,False
45,Chinatown,8,167,62,17.654990019960078,14.683333333333334,0.3712574850299401,2026-03,unreliable_trip_rate,0.0,0.0,1.0,0.0,False
66,DUMBO/Vinegar Hill,13,167,62,23.900000000000002,20.0,0.3712574850299401,2026-03,unreliable_trip_rate,0.0,0.0,1.0,0.0,False
229,Sutton Place/Turtle Bay North,6,889,330,11.44596925384327,8.533333333333333,0.3712035995500562,2026-03,unreliable_trip_rate,0.0,0.0,0.4881889763779528,0.5118110236220472,False
229,Sutton Place/Turtle Bay North,14,3144,1167,15.447582697201018,11.366666666666667,0.3711832061068702,2026-03,unreliable_trip_rate,0.0,0.0,0.16984732824427481,0.8301526717557252,False
82,Elmhurst,14,97,36,35.63762886597938,29.966666666666665,0.3711340206185567,2026-03,unreliable_trip_rate,0.0,0.0,1.0,0.0,False
260,Woodside,9,97,36,26.08384879725086,22.7,0.3711340206185567,2026-03,unreliable_trip_rate,0.0,0.0,1.0,0.0,False
151,Manhattan Valley,19,1808,671,12.362656710914456,10.158333333333333,0.3711283185840708,2026-03,unreliable_trip_rate,0.0,0.0,0.23949115044247787,0.7605088495575221,False
164,Midtown South,1,1870,694,13.18826203208556,11.216666666666667,0.3711229946524064,2026-03,unreliable_trip_rate,0.0,0.0,0.4117647058823529,0.5882352941176471,False
170,Murray Hill,0,2062,765,12.194317814419657,10.833333333333332,0.37099903006789525,2026-03,unreliable_trip_rate,0.0,0.0,0.3472356935014549,0.6527643064985451,False
26,Borough Park,16,62,23,39.858333333333334,26.2,0.3709677419354839,2026-03,unreliable_trip_rate,0.0,0.0,1.0,0.0,False
89,Flatbush/Ditmas Park,15,186,69,39.06155913978495,35.83333333333333,0.3709677419354839,2026-03,unreliable_trip_rate,0.0,0.0,1.0,0.0,False
250,Westchester Village/Unionport,16,62,23,52.52231182795699,43.80833333333334,0.3709677419354839,2026-03,unreliable_trip_rate,0.0,0.0,1.0,0.0,False
161,Midtown Center,1,933,346,12.97695605573419,10.35,0.3708467309753483,2026-03,unreliable_trip_rate,0.0,0.0,0.8553054662379421,0.14469453376205788,False
78,East Tremont,6,89,33,38.72659176029963,35.483333333333334,0.3707865168539326,2026-03,unreliable_trip_rate,0.0,0.0,1.0,0.0,False
168,Mott Haven/Port Morris,7,286,106,29.822843822843826,23.825000000000003,0.3706293706293706,2026-03,unreliable_trip_rate,0.0,0.0,1.0,0.0,False
188,Prospect-Lefferts Gardens,13,286,106,37.61631701631701,31.025,0.3706293706293706,2026-03,unreliable_trip_rate,0.0,0.0,1.0,0.0,False
90,Flatiron,7,1217,451,12.121035332785537,9.45,0.3705834018077239,2026-03,unreliable_trip_rate,0.0,0.0,0.39276910435497125,0.6072308956450287,False
85,Erasmus,9,108,40,34.90956790123457,29.174999999999997,0.37037037037037035,2026-03,unreliable_trip_rate,0.0,0.0,1.0,0.0,False
121,Hillcrest/Pomonok,14,54,20,45.401234567901234,35.63333333333333,0.37037037037037035,2026-03,unreliable_trip_rate,0.0,0.0,1.0,0.0,False
205,Saint Albans,5,108,40,50.98873456790124,50.475,0.37037037037037035,2026-03,unreliable_trip_rate,0.0,0.0,1.0,0.0,False
152,Manhattanville,14,262,97,21.31857506361323,16.391666666666666,0.3702290076335878,2026-03,unreliable_trip_rate,0.0,0.0,1.0,0.0,False
61,Crown Heights North,11,389,144,34.63140531276778,28.633333333333333,0.37017994858611825,2026-03,unreliable_trip_rate,0.0,0.0,1.0,0.0,False
247,West Concourse,8,154,57,31.065692640692642,25.383333333333333,0.37012987012987014,2026-03,unreliable_trip_rate,0.0,0.0,1.0,0.0,False
140,Lenox Hill East,1,300,111,10.847722222222222,9.483333333333334,0.37,2026-03,unreliable_trip_rate,0.0,0.0,1.0,0.0,False
145,Long Island City/Hunters Point,12,300,111,23.578833333333332,21.46666666666667,0.37,2026-03,unreliable_trip_rate,0.0,0.0,0.9,0.1,False
129,Jackson Heights,4,273,101,14.42197802197802,14.1,0.36996336996337,2026-03,unreliable_trip_rate,0.0,0.0,0.8864468864468864,0.11355311355311355,False
141,Lenox Hill West,10,4582,1695,12.56965662738251,9.333333333333334,0.3699257965953732,2026-03,unreliable_trip_rate,0.0,0.0,0.10955914447839371,0.8904408555216062,False
74,East Harlem North,0,319,118,14.692842215256007,13.0,0.36990595611285265,2026-03,unreliable_trip_rate,0.0,0.0,1.0,0.0,False
41,Central Harlem,1,219,81,15.20220700152207,12.066666666666666,0.3698630136986301,2026-03,unreliable_trip_rate,0.0,0.0,1.0,0.0,False
211,SoHo,20,2166,801,14.406548168667282,12.558333333333334,0.3698060941828255,2026-03,unreliable_trip_rate,0.0,0.0,0.3208679593721145,0.6791320406278855,False
254,Williamsbridge/Olinville,7,165,61,48.032525252525254,42.63333333333333,0.3696969696969697,2026-03,unreliable_trip_rate,0.0,0.0,1.0,0.0,False
97,Fort Greene,11,211,78,34.67187993680884,29.9,0.3696682464454976,2026-03,unreliable_trip_rate,0.0,0.0,1.0,0.0,False
177,Ocean Hill,10,211,78,35.90608214849921,29.533333333333335,0.3696682464454976,2026-03,unreliable_trip_rate,0.0,0.0,1.0,0.0,False
4,Alphabet City,20,652,241,15.627709611451943,14.3,0.3696319018404908,2026-03,unreliable_trip_rate,0.0,0.0,0.808282208588957,0.19171779141104295,False
10,Baisley Park,10,92,34,38.57173913043478,32.175,0.3695652173913043,2026-03,unreliable_trip_rate,0.0,0.0,1.0,0.0,False
28,Briarwood/Jamaica Hills,9,46,17,45.52391304347826,43.20833333333333,0.3695652173913043,2026-03,unreliable_trip_rate,0.0,0.0,1.0,0.0,False
52,Cobble Hill,16,46,17,32.084782608695654,25.758333333333333,0.3695652173913043,2026-03,unreliable_trip_rate,0.0,0.0,1.0,0.0,False
83,Elmhurst/Maspeth,20,46,17,24.365942028985504,22.34166666666667,0.3695652173913043,2026-03,unreliable_trip_rate,0.0,0.0,1.0,0.0,False
177,Ocean Hill,8,322,119,35.625207039337475,29.95,0.3695652173913043,2026-03,unreliable_trip_rate,0.0,0.0,1.0,0.0,False
216,South Ozone Park,3,46,17,20.168115942028987,17.316666666666666,0.3695652173913043,2026-03,unreliable_trip_rate,0.0,0.0,1.0,0.0,False
220,Spuyten Duyvil/Kingsbridge,12,46,17,39.20289855072463,32.141666666666666,0.3695652173913043,2026-03,unreliable_trip_rate,0.0,0.0,1.0,0.0,False
235,University Heights/Morris Heights,10,92,34,40.36195652173913,32.233333333333334,0.3695652173913043,2026-03,unreliable_trip_rate,0.0,0.0,1.0,0.0,False
146,Long Island City/Queens Plaza,16,203,75,23.65213464696223,20.833333333333332,0.3694581280788177,2026-03,unreliable_trip_rate,0.0,0.0,1.0,0.0,False
79,East Village,11,2128,786,15.463627819548872,12.708333333333332,0.3693609022556391,2026-03,unreliable_trip_rate,0.0,0.0,0.28524436090225563,0.7147556390977443,False
90,Flatiron,6,704,260,12.619507575757575,9.266666666666667,0.3693181818181818,2026-03,unreliable_trip_rate,0.0,0.0,0.65625,0.34375,False
188,Prospect-Lefferts Gardens,12,241,89,37.48526970954357,31.35,0.36929460580912865,2026-03,unreliable_trip_rate,0.0,0.0,1.0,0.0,False
4,Alphabet City,17,455,168,19.458315018315016,16.183333333333334,0.36923076923076925,2026-03,unreliable_trip_rate,0.0,0.0,1.0,0.0,False
18,Bedford Park,13,65,24,48.68333333333333,43.1,0.36923076923076925,2026-03,unreliable_trip_rate,0.0,0.0,1.0,0.0,False
146,Long Island City/Queens Plaza,0,130,48,16.166666666666664,15.041666666666668,0.36923076923076925,2026-03,unreliable_trip_rate,0.0,0.0,1.0,0.0,False
225,Stuyvesant Heights,17,195,72,39.28017094017094,31.983333333333334,0.36923076923076925,2026-03,unreliable_trip_rate,0.0,0.0,1.0,0.0,False
241,Van Cortlandt Village,15,65,24,48.1074358974359,43.666666666666664,0.36923076923076925,2026-03,unreliable_trip_rate,0.0,0.0,1.0,0.0,False
78,East Tremont,8,149,55,40.40357941834452,36.2,0.3691275167785235,2026-03,unreliable_trip_rate,0.0,0.0,1.0,0.0,False
142,Lincoln Square East,0,1891,698,12.43607438744932,11.016666666666667,0.36911686938127974,2026-03,unreliable_trip_rate,0.0,0.0,0.36277102062400846,0.6372289793759915,False
107,Gramercy,15,3319,1225,17.470904891031434,12.791666666666668,0.36908707442000604,2026-03,unreliable_trip_rate,0.0,0.0,0.20849653510093402,0.791503464899066,False
43,Central Park,12,2956,1091,15.037646594497067,11.75,0.36907983761840324,2026-03,unreliable_trip_rate,0.0,0.0,0.12618403247631935,0.8738159675236806,False
197,Richmond Hill,11,84,31,33.22638888888889,28.96666666666667,0.36904761904761907,2026-03,unreliable_trip_rate,0.0,0.0,1.0,0.0,False
233,UN/Turtle Bay South,11,2260,834,16.41579646017699,14.25,0.36902654867256635,2026-03,unreliable_trip_rate,0.0,0.0,0.2849557522123894,0.7150442477876107,False
137,Kips Bay,0,1632,602,12.6312193627451,10.916666666666666,0.36887254901960786,2026-03,unreliable_trip_rate,0.0,0.0,0.47794117647058826,0.5220588235294118,False
247,West Concourse,6,122,45,34.26420765027323,28.858333333333334,0.36885245901639346,2026-03,unreliable_trip_rate,0.0,0.0,1.0,0.0,False
45,Chinatown,9,263,97,20.470722433460075,15.966666666666667,0.3688212927756654,2026-03,unreliable_trip_rate,0.0,0.0,1.0,0.0,False
249,West Village,14,2584,953,15.51219040247678,11.075,0.3688080495356037,2026-03,unreliable_trip_rate,0.0,0.0,0.18111455108359134,0.8188854489164087,False
222,Starrett City,10,141,52,43.5968085106383,37.88333333333333,0.36879432624113473,2026-03,unreliable_trip_rate,0.0,0.0,1.0,0.0,False
61,Crown Heights North,18,301,111,30.48637873754153,25.316666666666666,0.3687707641196013,2026-03,unreliable_trip_rate,0.0,0.0,1.0,0.0,False
49,Clinton Hill,16,179,66,38.9145251396648,30.633333333333333,0.3687150837988827,2026-03,unreliable_trip_rate,0.0,0.0,1.0,0.0,False
113,Greenwich Village North,13,2333,860,15.197878268324047,12.166666666666666,0.36862408915559364,2026-03,unreliable_trip_rate,0.0,0.0,0.23403343334762108,0.7659665666523789,False
225,Stuyvesant Heights,10,312,115,35.238675213675215,29.416666666666664,0.3685897435897436,2026-03,unreliable_trip_rate,0.0,0.0,1.0,0.0,False
18,Bedford Park,19,38,14,25.914912280701753,21.725,0.3684210526315789,2026-03,unreliable_trip_rate,0.0,0.0,1.0,0.0,False
36,Bushwick North,7,133,49,27.98609022556391,24.65,0.3684210526315789,2026-03,unreliable_trip_rate,0.0,0.0,1.0,0.0,False
40,Carroll Gardens,11,38,14,30.491228070175442,25.858333333333334,0.3684210526315789,2026-03,unreliable_trip_rate,0.0,0.0,1.0,0.0,False
62,Crown Heights South,12,152,56,38.549780701754386,32.85,0.3684210526315789,2026-03,unreliable_trip_rate,0.0,0.0,1.0,0.0,False
121,Hillcrest/Pomonok,6,57,21,38.50087719298246,34.81666666666667,0.3684210526315789,2026-03,unreliable_trip_rate,0.0,0.0,1.0,0.0,False
124,Howard Beach,9,38,14,35.36666666666667,32.13333333333333,0.3684210526315789,2026-03,unreliable_trip_rate,0.0,0.0,1.0,0.0,False
125,Hudson Sq,3,304,112,11.816228070175438,9.775,0.3684210526315789,2026-03,unreliable_trip_rate,0.0,0.0,1.0,0.0,False
136,Kingsbridge Heights,6,38,14,38.386403508771934,31.78333333333333,0.3684210526315789,2026-03,unreliable_trip_rate,0.0,0.0,1.0,0.0,False
159,Melrose South,11,76,28,36.56820175438597,28.525,0.3684210526315789,2026-03,unreliable_trip_rate,0.0,0.0,1.0,0.0,False
173,North Corona,7,38,14,31.72105263157895,26.15,0.3684210526315789,2026-03,unreliable_trip_rate,0.0,0.0,1.0,0.0,False
241,Van Cortlandt Village,7,114,42,42.706871345029235,33.391666666666666,0.3684210526315789,2026-03,unreliable_trip_rate,0.0,0.0,1.0,0.0,False
258,Woodhaven,15,38,14,30.71798245614035,23.775,0.3684210526315789,2026-03,unreliable_trip_rate,0.0,0.0,1.0,0.0,False
48,Clinton East,9,3529,1300,14.77386417304241,10.916666666666666,0.36837631056956643,2026-03,unreliable_trip_rate,0.0,0.0,0.16208557665060924,0.8379144233493908,False
61,Crown Heights North,7,606,223,33.762238723872386,29.96666666666667,0.367986798679868,2026-03,unreliable_trip_rate,0.0,0.0,0.9471947194719472,0.052805280528052806,False
113,Greenwich Village North,15,2753,1013,15.544648262501513,11.55,0.36796222302942244,2026-03,unreliable_trip_rate,0.0,0.0,0.16527424627678897,0.834725753723211,False
91,Flatlands,16,87,32,39.99310344827586,34.38333333333333,0.367816091954023,2026-03,unreliable_trip_rate,0.0,0.0,1.0,0.0,False
196,Rego Park,18,87,32,27.13869731800766,21.316666666666666,0.367816091954023,2026-03,unreliable_trip_rate,0.0,0.0,1.0,0.0,False
229,Sutton Place/Turtle Bay North,13,3345,1230,15.746596910812158,12.833333333333334,0.36771300448430494,2026-03,unreliable_trip_rate,0.0,0.0,0.15336322869955157,0.8466367713004485,False
35,Brownsville,6,204,75,43.40294117647059,37.266666666666666,0.36764705882352944,2026-03,unreliable_trip_rate,0.0,0.0,1.0,0.0,False
71,East Flatbush/Farragut,10,204,75,36.01691176470588,29.641666666666666,0.36764705882352944,2026-03,unreliable_trip_rate,0.0,0.0,1.0,0.0,False
91,Flatlands,7,302,111,42.22058498896247,33.74166666666667,0.3675496688741722,2026-03,unreliable_trip_rate,0.0,0.0,1.0,0.0,False
36,Bushwick North,18,117,43,28.95612535612536,25.616666666666667,0.36752136752136755,2026-03,unreliable_trip_rate,0.0,0.0,1.0,0.0,False
117,Hammels/Arverne,9,117,43,57.786182336182335,56.3,0.36752136752136755,2026-03,unreliable_trip_rate,0.0,0.0,1.0,0.0,False
198,Ridgewood,5,117,43,20.811680911680913,18.4,0.36752136752136755,2026-03,unreliable_trip_rate,0.0,0.0,1.0,0.0,False
114,Greenwich Village South,5,215,79,12.137286821705427,9.7,0.3674418604651163,2026-03,unreliable_trip_rate,0.0,0.0,1.0,0.0,False
145,Long Island City/Hunters Point,17,430,158,29.31422480620155,24.9,0.3674418604651163,2026-03,unreliable_trip_rate,0.0,0.0,1.0,0.0,False
116,Hamilton Heights,18,479,176,20.993284620737647,18.833333333333332,0.3674321503131524,2026-03,unreliable_trip_rate,0.0,0.0,0.9269311064718163,0.07306889352818371,False
3,Allerton/Pelham Gardens,6,49,18,49.894557823129254,49.88333333333333,0.3673469387755102,2026-03,unreliable_trip_rate,0.0,0.0,1.0,0.0,False
21,Bensonhurst East,8,49,18,46.88401360544218,42.96666666666667,0.3673469387755102,2026-03,unreliable_trip_rate,0.0,0.0,1.0,0.0,False
52,Cobble Hill,11,49,18,31.331972789115646,27.3,0.3673469387755102,2026-03,unreliable_trip_rate,0.0,0.0,1.0,0.0,False
62,Crown Heights South,19,98,36,29.322448979591837,23.175,0.3673469387755102,2026-03,unreliable_trip_rate,0.0,0.0,1.0,0.0,False
97,Fort Greene,12,245,90,31.66047619047619,24.35,0.3673469387755102,2026-03,unreliable_trip_rate,0.0,0.0,1.0,0.0,False
130,Jamaica,13,147,54,42.51213151927438,34.88333333333333,0.3673469387755102,2026-03,unreliable_trip_rate,0.0,0.0,1.0,0.0,False
133,Kensington,11,49,18,44.77619047619048,37.2,0.3673469387755102,2026-03,unreliable_trip_rate,0.0,0.0,1.0,0.0,False
155,Marine Park/Mill Basin,16,49,18,36.124149659863946,26.466666666666665,0.3673469387755102,2026-03,unreliable_trip_rate,0.0,0.0,1.0,0.0,False
137,Kips Bay,1,814,299,12.208128583128582,10.166666666666666,0.36732186732186733,2026-03,unreliable_trip_rate,0.0,0.0,0.7800982800982801,0.2199017199017199,False
17,Bedford,21,128,47,26.579166666666666,20.608333333333334,0.3671875,2026-03,unreliable_trip_rate,0.0,0.0,1.0,0.0,False
125,Hudson Sq,6,139,51,12.480815347721823,9.75,0.3669064748201439,2026-03,unreliable_trip_rate,0.0,0.0,1.0,0.0,False
223,Steinway,9,139,51,28.722062350119906,27.133333333333333,0.3669064748201439,2026-03,unreliable_trip_rate,0.0,0.0,1.0,0.0,False
243,Washington Heights North,21,139,51,19.392086330935253,16.733333333333334,0.3669064748201439,2026-03,unreliable_trip_rate,0.0,0.0,1.0,0.0,False
43,Central Park,6,308,113,12.626244588744589,9.941666666666666,0.36688311688311687,2026-03,unreliable_trip_rate,0.0,0.0,0.8896103896103896,0.11038961038961038,False
76,East New York,19,169,62,31.30670611439842,25.166666666666668,0.3668639053254438,2026-03,unreliable_trip_rate,0.0,0.0,1.0,0.0,False
97,Fort Greene,17,289,106,30.441349480968857,23.983333333333334,0.36678200692041524,2026-03,unreliable_trip_rate,0.0,0.0,1.0,0.0,False
14,Bay Ridge,5,30,11,31.837222222222223,24.316666666666666,0.36666666666666664,2026-03,unreliable_trip_rate,0.0,0.0,1.0,0.0,False
24,Bloomingdale,1,120,44,16.721944444444446,13.191666666666666,0.36666666666666664,2026-03,unreliable_trip_rate,0.0,0.0,1.0,0.0,False
62,Crown Heights South,18,90,33,30.612037037037037,26.208333333333336,0.36666666666666664,2026-03,unreliable_trip_rate,0.0,0.0,1.0,0.0,False
81,Eastchester,14,30,11,41.06444444444445,38.575,0.36666666666666664,2026-03,unreliable_trip_rate,0.0,0.0,1.0,0.0,False
91,Flatlands,20,60,22,28.89638888888889,19.3,0.36666666666666664,2026-03,unreliable_trip_rate,0.0,0.0,1.0,0.0,False
119,Highbridge,17,30,11,35.95166666666667,23.174999999999997,0.36666666666666664,2026-03,unreliable_trip_rate,0.0,0.0,1.0,0.0,False
134,Kew Gardens,10,30,11,36.083333333333336,30.258333333333333,0.36666666666666664,2026-03,unreliable_trip_rate,0.0,0.0,1.0,0.0,False
157,Maspeth,12,30,11,25.61444444444444,19.208333333333332,0.36666666666666664,2026-03,unreliable_trip_rate,0.0,0.0,1.0,0.0,False
173,North Corona,5,30,11,19.869444444444447,15.508333333333333,0.36666666666666664,2026-03,unreliable_trip_rate,0.0,0.0,1.0,0.0,False
173,North Corona,13,30,11,34.06388888888889,30.941666666666666,0.36666666666666664,2026-03,unreliable_trip_rate,0.0,0.0,1.0,0.0,False
213,Soundview/Castle Hill,12,60,22,43.57944444444444,36.18333333333334,0.36666666666666664,2026-03,unreliable_trip_rate,0.0,0.0,1.0,0.0,False
227,Sunset Park East,9,60,22,43.68888888888889,35.31666666666666,0.36666666666666664,2026-03,unreliable_trip_rate,0.0,0.0,1.0,0.0,False
250,Westchester Village/Unionport,5,30,11,31.77888888888889,23.866666666666667,0.36666666666666664,2026-03,unreliable_trip_rate,0.0,0.0,1.0,0.0,False
209,Seaport,14,281,103,25.562692763938315,18.65,0.3665480427046263,2026-03,unreliable_trip_rate,0.0,0.0,1.0,0.0,False
91,Flatlands,6,191,70,55.156457242582896,55.46666666666667,0.36649214659685864,2026-03,unreliable_trip_rate,0.0,0.0,1.0,0.0,False
50,Clinton West,1,363,133,14.393755739210285,12.833333333333334,0.36639118457300274,2026-03,unreliable_trip_rate,0.0,0.0,1.0,0.0,False
36,Bushwick North,14,101,37,33.56056105610561,30.133333333333333,0.36633663366336633,2026-03,unreliable_trip_rate,0.0,0.0,1.0,0.0,False
50,Clinton West,8,1720,630,14.898527131782947,13.658333333333333,0.36627906976744184,2026-03,unreliable_trip_rate,0.0,0.0,0.3412790697674419,0.6587209302325582,False
234,Union Sq,9,2725,998,13.008379204892968,9.816666666666666,0.3662385321100917,2026-03,unreliable_trip_rate,0.0,0.0,0.15302752293577981,0.8469724770642202,False
163,Midtown North,1,691,253,12.915846599131694,10.466666666666667,0.3661360347322721,2026-03,unreliable_trip_rate,0.0,0.0,0.9551374819102749,0.04486251808972504,False
76,East New York,15,295,108,42.98248587570622,34.86666666666667,0.36610169491525424,2026-03,unreliable_trip_rate,0.0,0.0,1.0,0.0,False
141,Lenox Hill West,11,4879,1786,13.243014278882285,10.666666666666666,0.366058618569379,2026-03,unreliable_trip_rate,0.0,0.0,0.11108833777413404,0.8889116622258659,False
17,Bedford,20,153,56,25.068954248366015,22.416666666666668,0.3660130718954248,2026-03,unreliable_trip_rate,0.0,0.0,1.0,0.0,False
177,Ocean Hill,13,153,56,36.65686274509804,29.766666666666666,0.3660130718954248,2026-03,unreliable_trip_rate,0.0,0.0,1.0,0.0,False
26,Borough Park,12,82,30,42.486178861788616,34.391666666666666,0.36585365853658536,2026-03,unreliable_trip_rate,0.0,0.0,1.0,0.0,False
208,Schuylerville/Edgewater Park,20,41,15,22.976829268292686,18.416666666666668,0.36585365853658536,2026-03,unreliable_trip_rate,0.0,0.0,1.0,0.0,False
254,Williamsbridge/Olinville,17,41,15,42.31016260162602,40.25,0.36585365853658536,2026-03,unreliable_trip_rate,0.0,0.0,1.0,0.0,False
89,Flatbush/Ditmas Park,8,380,139,41.43482456140351,35.475,0.36578947368421055,2026-03,unreliable_trip_rate,0.0,0.0,1.0,0.0,False
249,West Village,9,2037,745,13.63681885125184,9.95,0.36573392243495334,2026-03,unreliable_trip_rate,0.0,0.0,0.16789396170839468,0.8321060382916053,False
17,Bedford,13,227,83,31.794640234948606,25.433333333333334,0.3656387665198238,2026-03,unreliable_trip_rate,0.0,0.0,1.0,0.0,False
198,Ridgewood,3,93,34,19.76541218637993,19.316666666666666,0.3655913978494624,2026-03,unreliable_trip_rate,0.0,0.0,1.0,0.0,False
78,East Tremont,7,145,53,48.20275862068965,42.9,0.36551724137931035,2026-03,unreliable_trip_rate,0.0,0.0,1.0,0.0,False
261,World Trade Center,9,446,163,18.672982062780267,16.558333333333334,0.3654708520179372,2026-03,unreliable_trip_rate,0.0,0.0,0.9013452914798207,0.09865470852017937,False
164,Midtown South,10,2750,1005,15.250939393939396,12.916666666666666,0.3654545454545455,2026-03,unreliable_trip_rate,0.0,0.0,0.14727272727272728,0.8527272727272728,False
17,Bedford,18,208,76,28.48405448717949,24.0,0.36538461538461536,2026-03,unreliable_trip_rate,0.0,0.0,1.0,0.0,False
34,Brooklyn Navy Yard,17,52,19,23.229166666666668,22.208333333333336,0.36538461538461536,2026-03,unreliable_trip_rate,0.0,0.0,1.0,0.0,False
77,East New York/Pennsylvania Avenue,9,156,57,36.51891025641026,30.941666666666666,0.36538461538461536,2026-03,unreliable_trip_rate,0.0,0.0,1.0,0.0,False
241,Van Cortlandt Village,13,52,19,38.45705128205128,34.55833333333334,0.36538461538461536,2026-03,unreliable_trip_rate,0.0,0.0,1.0,0.0,False
232,Two Bridges/Seward Park,11,408,149,25.465931372549022,19.566666666666666,0.36519607843137253,2026-03,unreliable_trip_rate,0.0,0.0,1.0,0.0,False
42,Central Harlem North,21,482,176,18.820020746887966,17.275,0.3651452282157676,2026-03,unreliable_trip_rate,0.0,0.0,0.9232365145228216,0.07676348547717843,False
182,Parkchester,7,241,88,42.67607192254495,34.61666666666667,0.3651452282157676,2026-03,unreliable_trip_rate,0.0,0.0,1.0,0.0,False
26,Borough Park,19,63,23,27.166931216931218,21.166666666666668,0.36507936507936506,2026-03,unreliable_trip_rate,0.0,0.0,1.0,0.0,False
71,East Flatbush/Farragut,13,126,46,36.25833333333333,27.741666666666667,0.36507936507936506,2026-03,unreliable_trip_rate,0.0,0.0,1.0,0.0,False
159,Melrose South,5,63,23,29.96058201058201,21.233333333333334,0.36507936507936506,2026-03,unreliable_trip_rate,0.0,0.0,1.0,0.0,False
254,Williamsbridge/Olinville,5,126,46,45.87222222222222,42.59166666666667,0.36507936507936506,2026-03,unreliable_trip_rate,0.0,0.0,1.0,0.0,False
43,Central Park,20,2238,817,12.42225945784927,9.333333333333334,0.3650580875781948,2026-03,unreliable_trip_rate,0.0,0.0,0.22609472743521,0.77390527256479,False
107,Gramercy,11,3060,1117,15.778954248366013,12.533333333333333,0.36503267973856207,2026-03,unreliable_trip_rate,0.0,0.0,0.18888888888888888,0.8111111111111111,False
161,Midtown Center,2,337,123,13.031058358061324,11.25,0.3649851632047478,2026-03,unreliable_trip_rate,0.0,0.0,1.0,0.0,False
129,Jackson Heights,7,274,100,27.868552311435526,24.71666666666667,0.36496350364963503,2026-03,unreliable_trip_rate,0.0,0.0,1.0,0.0,False
229,Sutton Place/Turtle Bay North,2,359,131,10.81606313834726,9.283333333333333,0.3649025069637883,2026-03,unreliable_trip_rate,0.0,0.0,1.0,0.0,False
189,Prospect Heights,13,74,27,39.84977477477477,30.666666666666668,0.36486486486486486,2026-03,unreliable_trip_rate,0.0,0.0,1.0,0.0,False
225,Stuyvesant Heights,8,444,162,34.101463963963965,30.375,0.36486486486486486,2026-03,unreliable_trip_rate,0.0,0.0,1.0,0.0,False
263,Yorkville West,10,3912,1427,12.571114519427402,9.175,0.3647750511247444,2026-03,unreliable_trip_rate,0.0,0.0,0.15107361963190183,0.8489263803680982,False
233,UN/Turtle Bay South,16,2440,890,18.172766393442625,14.208333333333332,0.36475409836065575,2026-03,unreliable_trip_rate,0.0,0.0,0.22581967213114754,0.7741803278688525,False
69,East Concourse/Concourse Village,16,85,31,44.23352941176471,34.56666666666667,0.36470588235294116,2026-03,unreliable_trip_rate,0.0,0.0,1.0,0.0,False
82,Elmhurst,2,85,31,13.726470588235294,12.116666666666667,0.36470588235294116,2026-03,unreliable_trip_rate,0.0,0.0,1.0,0.0,False
152,Manhattanville,5,85,31,14.76313725490196,13.2,0.36470588235294116,2026-03,unreliable_trip_rate,0.0,0.0,1.0,0.0,False
196,Rego Park,8,85,31,40.32686274509804,39.06666666666667,0.36470588235294116,2026-03,unreliable_trip_rate,0.0,0.0,1.0,0.0,False
231,TriBeCa/Civic Center,15,2553,931,22.60765112939026,16.666666666666668,0.3646690168429299,2026-03,unreliable_trip_rate,0.0,0.0,0.24990207598903252,0.7500979240109675,False
49,Clinton Hill,10,181,66,33.232872928176796,28.45,0.36464088397790057,2026-03,unreliable_trip_rate,0.0,0.0,1.0,0.0,False
146,Long Island City/Queens Plaza,11,203,74,18.489983579638753,16.916666666666668,0.3645320197044335,2026-03,unreliable_trip_rate,0.0,0.0,1.0,0.0,False
141,Lenox Hill West,15,4993,1820,14.103611723078977,8.0,0.3645103144402163,2026-03,unreliable_trip_rate,0.0,0.0,0.12297216102543561,0.8770278389745644,False
137,Kips Bay,5,535,195,10.872242990654206,8.383333333333333,0.3644859813084112,2026-03,unreliable_trip_rate,0.0,0.0,0.8785046728971962,0.12149532710280374,False
229,Sutton Place/Turtle Bay North,7,2239,816,12.736370403453924,11.0,0.3644484144707459,2026-03,unreliable_trip_rate,0.0,0.0,0.20321572130415363,0.7967842786958463,False
13,Battery Park City,5,118,43,19.864265536723163,16.433333333333334,0.3644067796610169,2026-03,unreliable_trip_rate,0.0,0.0,1.0,0.0,False
129,Jackson Heights,13,118,43,27.520762711864407,25.458333333333332,0.3644067796610169,2026-03,unreliable_trip_rate,0.0,0.0,1.0,0.0,False
68,East Chelsea,7,1658,604,14.778940490550864,11.975,0.36429433051869725,2026-03,unreliable_trip_rate,0.0,0.0,0.40048250904704463,0.5995174909529554,False
231,TriBeCa/Civic Center,16,3094,1127,23.324746821805643,17.05,0.36425339366515835,2026-03,unreliable_trip_rate,0.0,0.0,0.2524240465416936,0.7475759534583064,False
211,SoHo,13,1296,472,16.89701646090535,14.316666666666666,0.36419753086419754,2026-03,unreliable_trip_rate,0.0,0.0,0.4251543209876543,0.5748456790123457,False
144,Little Italy/NoLiTa,4,876,319,12.04178082191781,10.533333333333333,0.3641552511415525,2026-03,unreliable_trip_rate,0.0,0.0,0.9189497716894978,0.08105022831050228,False
143,Lincoln Square West,14,2738,997,14.538805697589481,11.225000000000001,0.36413440467494523,2026-03,unreliable_trip_rate,0.0,0.0,0.19247626004382762,0.8075237399561724,False
17,Bedford,12,217,79,29.576728110599078,24.083333333333332,0.3640552995391705,2026-03,unreliable_trip_rate,0.0,0.0,1.0,0.0,False
100,Garment District,20,2854,1039,14.31120065405279,11.016666666666666,0.36405045550105114,2026-03,unreliable_trip_rate,0.0,0.0,0.208479327259986,0.791520672740014,False
231,TriBeCa/Civic Center,14,2531,921,20.23093638877914,15.933333333333334,0.36388779138680366,2026-03,unreliable_trip_rate,0.0,0.0,0.27143421572500986,0.7285657842749901,False
11,Bath Beach,5,33,12,46.074747474747475,37.9,0.36363636363636365,2026-03,unreliable_trip_rate,0.0,0.0,1.0,0.0,False
21,Bensonhurst East,7,55,20,52.90909090909091,49.56666666666667,0.36363636363636365,2026-03,unreliable_trip_rate,0.0,0.0,1.0,0.0,False
32,Bronxdale,11,44,16,48.03030303030303,43.28333333333333,0.36363636363636365,2026-03,unreliable_trip_rate,0.0,0.0,1.0,0.0,False
38,Cambria Heights,7,44,16,55.13712121212121,51.38333333333333,0.36363636363636365,2026-03,unreliable_trip_rate,0.0,0.0,1.0,0.0,False
39,Canarsie,19,88,32,28.47215909090909,24.058333333333334,0.36363636363636365,2026-03,unreliable_trip_rate,0.0,0.0,1.0,0.0,False
71,East Flatbush/Farragut,4,66,24,33.11616161616161,26.458333333333336,0.36363636363636365,2026-03,unreliable_trip_rate,0.0,0.0,1.0,0.0,False
81,Eastchester,12,33,12,46.48737373737374,47.63333333333333,0.36363636363636365,2026-03,unreliable_trip_rate,0.0,0.0,1.0,0.0,False
82,Elmhurst,21,176,64,17.53617424242424,16.35,0.36363636363636365,2026-03,unreliable_trip_rate,0.0,0.0,1.0,0.0,False
134,Kew Gardens,9,33,12,39.4459595959596,37.016666666666666,0.36363636363636365,2026-03,unreliable_trip_rate,0.0,0.0,1.0,0.0,False
134,Kew Gardens,15,55,20,28.23181818181818,19.966666666666665,0.36363636363636365,2026-03,unreliable_trip_rate,0.0,0.0,1.0,0.0,False
157,Maspeth,9,55,20,23.87969696969697,18.683333333333334,0.36363636363636365,2026-03,unreliable_trip_rate,0.0,0.0,1.0,0.0,False
169,Mount Hope,16,44,16,46.72765151515151,31.183333333333334,0.36363636363636365,2026-03,unreliable_trip_rate,0.0,0.0,1.0,0.0,False
189,Prospect Heights,15,66,24,33.39520202020202,24.083333333333336,0.36363636363636365,2026-03,unreliable_trip_rate,0.0,0.0,1.0,0.0,False
195,Red Hook,22,88,32,24.737310606060603,22.375,0.36363636363636365,2026-03,unreliable_trip_rate,0.0,0.0,1.0,0.0,False
200,Riverdale/North Riverdale/Fieldston,11,33,12,39.025757575757574,27.833333333333332,0.36363636363636365,2026-03,unreliable_trip_rate,0.0,0.0,1.0,0.0,False
217,South Williamsburg,18,44,16,21.507954545454545,20.866666666666667,0.36363636363636365,2026-03,unreliable_trip_rate,0.0,0.0,1.0,0.0,False
232,Two Bridges/Seward Park,15,429,156,21.97094017094017,17.983333333333334,0.36363636363636365,2026-03,unreliable_trip_rate,0.0,0.0,1.0,0.0,False
242,Van Nest/Morris Park,12,66,24,42.83257575757575,35.391666666666666,0.36363636363636365,2026-03,unreliable_trip_rate,0.0,0.0,1.0,0.0,False
247,West Concourse,12,88,32,30.416666666666664,26.366666666666667,0.36363636363636365,2026-03,unreliable_trip_rate,0.0,0.0,1.0,0.0,False
107,Gramercy,12,3265,1187,16.635931597753956,13.4,0.36355283307810105,2026-03,unreliable_trip_rate,0.0,0.0,0.17396630934150076,0.8260336906584992,False
233,UN/Turtle Bay South,0,600,218,11.977694444444445,10.091666666666667,0.36333333333333334,2026-03,unreliable_trip_rate,0.0,0.0,0.8883333333333333,0.11166666666666666,False
246,West Chelsea/Hudson Yards,23,1919,697,14.664434601354872,13.283333333333333,0.3632100052110474,2026-03,unreliable_trip_rate,0.0,0.0,0.3705054715997916,0.6294945284002085,False
72,East Flatbush/Remsen Village,14,190,69,33.2990350877193,26.041666666666668,0.3631578947368421,2026-03,unreliable_trip_rate,0.0,0.0,1.0,0.0,False
244,Washington Heights South,17,526,191,23.424556400506972,19.516666666666666,0.36311787072243346,2026-03,unreliable_trip_rate,0.0,0.0,0.9429657794676806,0.057034220532319393,False
263,Yorkville West,12,3850,1398,13.040285714285714,9.416666666666666,0.3631168831168831,2026-03,unreliable_trip_rate,0.0,0.0,0.14545454545454545,0.8545454545454545,False
188,Prospect-Lefferts Gardens,7,347,126,36.40038424591739,32.166666666666664,0.3631123919308357,2026-03,unreliable_trip_rate,0.0,0.0,1.0,0.0,False
263,Yorkville West,11,3696,1342,13.191824494949493,9.6,0.3630952380952381,2026-03,unreliable_trip_rate,0.0,0.0,0.13555194805194806,0.864448051948052,False
61,Crown Heights North,15,314,114,34.880626326963906,28.383333333333333,0.3630573248407643,2026-03,unreliable_trip_rate,0.0,0.0,1.0,0.0,False
61,Crown Heights North,22,237,86,25.496554149085796,22.55,0.3628691983122363,2026-03,unreliable_trip_rate,0.0,0.0,1.0,0.0,False
51,Co-Op City,5,113,41,53.09321533923303,47.8,0.36283185840707965,2026-03,unreliable_trip_rate,0.0,0.0,1.0,0.0,False
228,Sunset Park West,14,113,41,40.651179941002944,35.18333333333333,0.36283185840707965,2026-03,unreliable_trip_rate,0.0,0.0,1.0,0.0,False
211,SoHo,3,419,152,11.78154335719968,10.0,0.3627684964200477,2026-03,unreliable_trip_rate,0.0,0.0,1.0,0.0,False
36,Bushwick North,9,102,37,29.95408496732026,25.833333333333336,0.3627450980392157,2026-03,unreliable_trip_rate,0.0,0.0,1.0,0.0,False
43,Central Park,18,2985,1082,13.176873255164713,10.016666666666667,0.3624790619765494,2026-03,unreliable_trip_rate,0.0,0.0,0.15209380234505862,0.8479061976549414,False
170,Murray Hill,7,2412,874,11.415692371475954,9.6,0.3623548922056385,2026-03,unreliable_trip_rate,0.0,0.0,0.2234660033167496,0.7765339966832504,False
113,Greenwich Village North,16,2895,1049,15.342147380541164,11.95,0.3623488773747841,2026-03,unreliable_trip_rate,0.0,0.0,0.17823834196891192,0.8217616580310881,False
177,Ocean Hill,4,69,25,22.69589371980676,19.45,0.36231884057971014,2026-03,unreliable_trip_rate,0.0,0.0,1.0,0.0,False
35,Brownsville,5,127,46,32.84081364829397,26.383333333333333,0.36220472440944884,2026-03,unreliable_trip_rate,0.0,0.0,1.0,0.0,False
263,Yorkville West,15,4057,1469,13.79530852025306,8.416666666666668,0.36209021444417056,2026-03,unreliable_trip_rate,0.0,0.0,0.1259551392654671,0.8740448607345329,False
51,Co-Op City,15,58,21,50.85402298850575,43.625,0.3620689655172414,2026-03,unreliable_trip_rate,0.0,0.0,1.0,0.0,False
86,Far Rockaway,10,116,42,69.85043103448275,68.6,0.3620689655172414,2026-03,unreliable_trip_rate,0.0,0.0,1.0,0.0,False
159,Melrose South,15,105,38,35.54396825396825,27.566666666666666,0.3619047619047619,2026-03,unreliable_trip_rate,0.0,0.0,1.0,0.0,False
244,Washington Heights South,8,735,266,26.16784580498866,24.0,0.3619047619047619,2026-03,unreliable_trip_rate,0.0,0.0,0.891156462585034,0.10884353741496598,False
244,Washington Heights South,20,492,178,18.148272357723577,15.641666666666666,0.3617886178861789,2026-03,unreliable_trip_rate,0.0,0.0,0.8658536585365854,0.13414634146341464,False
60,Crotona Park East,6,94,34,42.8813829787234,33.55833333333334,0.3617021276595745,2026-03,unreliable_trip_rate,0.0,0.0,1.0,0.0,False
117,Hammels/Arverne,16,47,17,53.74113475177305,55.0,0.3617021276595745,2026-03,unreliable_trip_rate,0.0,0.0,1.0,0.0,False
130,Jamaica,6,141,51,45.95685579196218,43.15,0.3617021276595745,2026-03,unreliable_trip_rate,0.0,0.0,1.0,0.0,False
157,Maspeth,14,47,17,35.180851063829785,29.4,0.3617021276595745,2026-03,unreliable_trip_rate,0.0,0.0,1.0,0.0,False
191,Queens Village,15,47,17,45.340425531914896,40.266666666666666,0.3617021276595745,2026-03,unreliable_trip_rate,0.0,0.0,1.0,0.0,False
238,Upper West Side North,3,141,51,14.606264775413713,11.3,0.3617021276595745,2026-03,unreliable_trip_rate,0.0,0.0,1.0,0.0,False
225,Stuyvesant Heights,11,271,98,34.20455104551045,29.75,0.36162361623616235,2026-03,unreliable_trip_rate,0.0,0.0,1.0,0.0,False
33,Brooklyn Heights,9,224,81,27.571205357142855,24.125,0.36160714285714285,2026-03,unreliable_trip_rate,0.0,0.0,1.0,0.0,False
76,East New York,22,130,47,22.998846153846152,18.46666666666667,0.36153846153846153,2026-03,unreliable_trip_rate,0.0,0.0,1.0,0.0,False
211,SoHo,5,83,30,13.676305220883533,11.6,0.3614457831325301,2026-03,unreliable_trip_rate,0.0,0.0,1.0,0.0,False
233,UN/Turtle Bay South,12,2562,926,17.043130366900858,14.366666666666667,0.36143637782982047,2026-03,unreliable_trip_rate,0.0,0.0,0.19789227166276346,0.8021077283372365,False
166,Morningside Heights,18,1973,713,16.97125359013347,14.4,0.3613786112519007,2026-03,unreliable_trip_rate,0.0,0.0,0.2858590978205778,0.7141409021794222,False
10,Baisley Park,9,119,43,47.76134453781513,44.833333333333336,0.36134453781512604,2026-03,unreliable_trip_rate,0.0,0.0,1.0,0.0,False
89,Flatbush/Ditmas Park,13,238,86,35.48088235294118,28.866666666666667,0.36134453781512604,2026-03,unreliable_trip_rate,0.0,0.0,1.0,0.0,False
211,SoHo,4,238,86,13.753501400560225,11.625,0.36134453781512604,2026-03,unreliable_trip_rate,0.0,0.0,1.0,0.0,False
223,Steinway,14,119,43,28.195798319327732,25.916666666666668,0.36134453781512604,2026-03,unreliable_trip_rate,0.0,0.0,1.0,0.0,False
100,Garment District,16,2879,1040,19.02664698390645,11.933333333333334,0.3612365404654394,2026-03,unreliable_trip_rate,0.0,0.0,0.16220910038207711,0.8377908996179229,False
244,Washington Heights South,18,526,190,21.606717363751585,18.891666666666666,0.3612167300380228,2026-03,unreliable_trip_rate,0.0,0.0,0.9391634980988594,0.060836501901140684,False
249,West Village,3,2439,881,12.530162634959682,10.883333333333333,0.36121361213612135,2026-03,unreliable_trip_rate,0.0,0.0,0.3628536285362854,0.6371463714637147,False
152,Manhattanville,15,299,108,22.841192865105906,17.416666666666668,0.3612040133779264,2026-03,unreliable_trip_rate,0.0,0.0,1.0,0.0,False
145,Long Island City/Hunters Point,19,634,229,20.48254468980021,19.1,0.361198738170347,2026-03,unreliable_trip_rate,0.0,0.0,0.8785488958990536,0.12145110410094637,False
14,Bay Ridge,21,36,13,28.053703703703704,26.391666666666666,0.3611111111111111,2026-03,unreliable_trip_rate,0.0,0.0,1.0,0.0,False
17,Bedford,10,252,91,30.127380952380953,24.46666666666667,0.3611111111111111,2026-03,unreliable_trip_rate,0.0,0.0,1.0,0.0,False
53,College Point,23,36,13,22.356944444444444,15.066666666666666,0.3611111111111111,2026-03,unreliable_trip_rate,0.0,0.0,1.0,0.0,False
127,Inwood,22,72,26,18.22037037037037,15.483333333333334,0.3611111111111111,2026-03,unreliable_trip_rate,0.0,0.0,1.0,0.0,False
169,Mount Hope,6,72,26,29.175231481481482,25.96666666666667,0.3611111111111111,2026-03,unreliable_trip_rate,0.0,0.0,1.0,0.0,False
189,Prospect Heights,14,72,26,34.14560185185185,30.383333333333333,0.3611111111111111,2026-03,unreliable_trip_rate,0.0,0.0,1.0,0.0,False
219,Springfield Gardens South,10,36,13,50.6412037037037,45.66666666666667,0.3611111111111111,2026-03,unreliable_trip_rate,0.0,0.0,1.0,0.0,False
45,Chinatown,11,302,109,23.130849889624724,19.816666666666666,0.3609271523178808,2026-03,unreliable_trip_rate,0.0,0.0,1.0,0.0,False
239,Upper West Side South,0,1535,554,12.598371335504886,11.016666666666667,0.36091205211726385,2026-03,unreliable_trip_rate,0.0,0.0,0.4208469055374593,0.5791530944625407,False
129,Jackson Heights,2,97,35,14.511855670103094,14.083333333333334,0.36082474226804123,2026-03,unreliable_trip_rate,0.0,0.0,1.0,0.0,False
141,Lenox Hill West,14,5349,1930,13.895444631395277,10.183333333333334,0.36081510562722,2026-03,unreliable_trip_rate,0.0,0.0,0.11796597494858851,0.8820340250514115,False
231,TriBeCa/Civic Center,0,1963,708,14.875403294277467,13.516666666666667,0.36067244014263883,2026-03,unreliable_trip_rate,0.0,0.0,0.39327559857361183,0.6067244014263882,False
35,Brownsville,19,122,44,28.709562841530055,23.46666666666667,0.36065573770491804,2026-03,unreliable_trip_rate,0.0,0.0,1.0,0.0,False
116,Hamilton Heights,21,305,110,18.063661202185795,15.383333333333333,0.36065573770491804,2026-03,unreliable_trip_rate,0.0,0.0,1.0,0.0,False
193,Queensbridge/Ravenswood,12,122,44,24.819535519125683,21.608333333333334,0.36065573770491804,2026-03,unreliable_trip_rate,0.0,0.0,1.0,0.0,False
235,University Heights/Morris Heights,9,122,44,37.98428961748634,32.95,0.36065573770491804,2026-03,unreliable_trip_rate,0.0,0.0,1.0,0.0,False
243,Washington Heights North,4,61,22,13.489344262295083,12.383333333333333,0.36065573770491804,2026-03,unreliable_trip_rate,0.0,0.0,1.0,0.0,False
258,Woodhaven,9,61,22,33.43524590163934,26.816666666666666,0.36065573770491804,2026-03,unreliable_trip_rate,0.0,0.0,1.0,0.0,False
45,Chinatown,17,502,181,24.763778220451528,20.1,0.3605577689243028,2026-03,unreliable_trip_rate,0.0,0.0,1.0,0.0,False
163,Midtown North,9,3101,1118,15.29899494786628,12.583333333333334,0.36052886165752984,2026-03,unreliable_trip_rate,0.0,0.0,0.15156401160915833,0.8484359883908417,False
89,Flatbush/Ditmas Park,14,233,84,35.12167381974249,29.116666666666667,0.3605150214592275,2026-03,unreliable_trip_rate,0.0,0.0,1.0,0.0,False
26,Borough Park,13,86,31,39.044767441860465,36.34166666666667,0.36046511627906974,2026-03,unreliable_trip_rate,0.0,0.0,1.0,0.0,False
43,Central Park,13,3460,1247,15.178044315992294,12.858333333333334,0.3604046242774566,2026-03,unreliable_trip_rate,0.0,0.0,0.15173410404624277,0.8482658959537572,False
244,Washington Heights South,15,530,191,28.28141509433962,22.458333333333332,0.360377358490566,2026-03,unreliable_trip_rate,0.0,0.0,0.930188679245283,0.06981132075471698,False
39,Canarsie,18,111,40,32.64144144144144,26.866666666666667,0.36036036036036034,2026-03,unreliable_trip_rate,0.0,0.0,1.0,0.0,False
146,Long Island City/Queens Plaza,14,161,58,26.03209109730849,21.083333333333332,0.36024844720496896,2026-03,unreliable_trip_rate,0.0,0.0,1.0,0.0,False
13,Battery Park City,11,980,353,20.050085034013605,17.6,0.36020408163265305,2026-03,unreliable_trip_rate,0.0,0.0,0.6571428571428571,0.34285714285714286,False
232,Two Bridges/Seward Park,9,633,228,21.680568720379146,18.433333333333334,0.36018957345971564,2026-03,unreliable_trip_rate,0.0,0.0,0.8562401263823065,0.14375987361769352,False
37,Bushwick South,10,250,90,30.363733333333332,26.424999999999997,0.36,2026-03,unreliable_trip_rate,0.0,0.0,1.0,0.0,False
62,Crown Heights South,5,75,27,30.733555555555558,26.7,0.36,2026-03,unreliable_trip_rate,0.0,0.0,1.0,0.0,False
112,Greenpoint,12,100,36,26.179166666666664,21.65,0.36,2026-03,unreliable_trip_rate,0.0,0.0,1.0,0.0,False
196,Rego Park,16,50,18,29.995,28.241666666666667,0.36,2026-03,unreliable_trip_rate,0.0,0.0,1.0,0.0,False
220,Spuyten Duyvil/Kingsbridge,15,50,18,40.25966666666667,26.066666666666666,0.36,2026-03,unreliable_trip_rate,0.0,0.0,1.0,0.0,False
227,Sunset Park East,10,50,18,40.102333333333334,31.875,0.36,2026-03,unreliable_trip_rate,0.0,0.0,1.0,0.0,False
235,University Heights/Morris Heights,7,125,45,38.4704,30.466666666666665,0.36,2026-03,unreliable_trip_rate,0.0,0.0,1.0,0.0,False
37,Bushwick South,18,214,77,29.720404984423677,25.375,0.3598130841121495,2026-03,unreliable_trip_rate,0.0,0.0,1.0,0.0,False
254,Williamsbridge/Olinville,8,164,59,44.171951219512195,38.31666666666666,0.3597560975609756,2026-03,unreliable_trip_rate,0.0,0.0,1.0,0.0,False
233,UN/Turtle Bay South,14,2274,818,18.525483729111695,15.2,0.3597185576077397,2026-03,unreliable_trip_rate,0.0,0.0,0.24538258575197888,0.7546174142480211,False
7,Astoria,12,253,91,25.305797101449276,23.05,0.35968379446640314,2026-03,unreliable_trip_rate,0.0,0.0,1.0,0.0,False
186,Penn Station/Madison Sq West,5,1493,537,9.327249386023666,7.2,0.3596784996651038,2026-03,unreliable_trip_rate,0.0,0.0,0.36168787675820496,0.6383121232417951,False
182,Parkchester,5,114,41,47.89868421052631,43.18333333333333,0.35964912280701755,2026-03,unreliable_trip_rate,0.0,0.0,1.0,0.0,False
236,Upper East Side North,22,3067,1103,12.016818824040866,9.366666666666667,0.35963482230192373,2026-03,unreliable_trip_rate,0.0,0.0,0.19465275513531138,0.8053472448646887,False
141,Lenox Hill West,12,5442,1957,13.338135489403406,10.616666666666667,0.35961043733921355,2026-03,unreliable_trip_rate,0.0,0.0,0.10547592796765895,0.8945240720323411,False
129,Jackson Heights,6,203,73,25.24679802955665,22.966666666666665,0.35960591133004927,2026-03,unreliable_trip_rate,0.0,0.0,1.0,0.0,False
232,Two Bridges/Seward Park,1,381,137,16.9167104111986,14.05,0.35958005249343833,2026-03,unreliable_trip_rate,0.0,0.0,0.910761154855643,0.08923884514435695,False
143,Lincoln Square West,15,2834,1019,14.362155963302751,11.274999999999999,0.3595624558927311,2026-03,unreliable_trip_rate,0.0,0.0,0.1838390966831334,0.8161609033168666,False
95,Forest Hills,16,89,32,32.3310861423221,29.3,0.3595505617977528,2026-03,unreliable_trip_rate,0.0,0.0,1.0,0.0,False
165,Midwood,14,89,32,38.64138576779026,32.983333333333334,0.3595505617977528,2026-03,unreliable_trip_rate,0.0,0.0,1.0,0.0,False
225,Stuyvesant Heights,9,420,151,31.76281746031746,27.825000000000003,0.3595238095238095,2026-03,unreliable_trip_rate,0.0,0.0,1.0,0.0,False
68,East Chelsea,9,3289,1182,16.24555589338198,14.05,0.3593797506840985,2026-03,unreliable_trip_rate,0.0,0.0,0.1523259349346306,0.8476740650653695,False
235,University Heights/Morris Heights,16,64,23,45.419010416666666,35.86666666666667,0.359375,2026-03,unreliable_trip_rate,0.0,0.0,1.0,0.0,False
166,Morningside Heights,7,952,342,16.640108543417366,15.258333333333333,0.3592436974789916,2026-03,unreliable_trip_rate,0.0,0.0,0.5042016806722689,0.4957983193277311,False
61,Crown Heights North,1,103,37,21.94433656957929,19.75,0.3592233009708738,2026-03,unreliable_trip_rate,0.0,0.0,1.0,0.0,False
72,East Flatbush/Remsen Village,17,103,37,28.509870550161814,22.266666666666666,0.3592233009708738,2026-03,unreliable_trip_rate,0.0,0.0,1.0,0.0,False
213,Soundview/Castle Hill,11,103,37,41.43284789644013,36.583333333333336,0.3592233009708738,2026-03,unreliable_trip_rate,0.0,0.0,1.0,0.0,False
113,Greenwich Village North,0,2180,783,12.606498470948013,9.95,0.3591743119266055,2026-03,unreliable_trip_rate,0.0,0.0,0.2798165137614679,0.7201834862385321,False
146,Long Island City/Queens Plaza,13,142,51,20.25551643192488,18.7,0.3591549295774648,2026-03,unreliable_trip_rate,0.0,0.0,1.0,0.0,False
152,Manhattanville,11,220,79,20.5,18.541666666666668,0.35909090909090907,2026-03,unreliable_trip_rate,0.0,0.0,1.0,0.0,False
45,Chinatown,6,78,28,24.267735042735044,18.925,0.358974358974359,2026-03,unreliable_trip_rate,0.0,0.0,1.0,0.0,False
62,Crown Heights South,13,117,42,38.072507122507126,30.066666666666666,0.358974358974359,2026-03,unreliable_trip_rate,0.0,0.0,1.0,0.0,False
92,Flushing,6,39,14,45.65940170940171,43.266666666666666,0.358974358974359,2026-03,unreliable_trip_rate,0.0,0.0,1.0,0.0,False
102,Glendale,7,78,28,28.594017094017097,23.608333333333334,0.358974358974359,2026-03,unreliable_trip_rate,0.0,0.0,1.0,0.0,False
123,Homecrest,18,39,14,29.275641025641026,24.65,0.358974358974359,2026-03,unreliable_trip_rate,0.0,0.0,1.0,0.0,False
231,TriBeCa/Civic Center,5,195,70,14.997692307692308,12.0,0.358974358974359,2026-03,unreliable_trip_rate,0.0,0.0,1.0,0.0,False
235,University Heights/Morris Heights,18,39,14,33.736324786324786,23.9,0.358974358974359,2026-03,unreliable_trip_rate,0.0,0.0,1.0,0.0,False
259,Woodlawn/Wakefield,11,39,14,51.95470085470085,47.3,0.358974358974359,2026-03,unreliable_trip_rate,0.0,0.0,1.0,0.0,False
263,Yorkville West,14,3864,1387,12.960791925465838,8.733333333333333,0.3589544513457557,2026-03,unreliable_trip_rate,0.0,0.0,0.14026915113871635,0.8597308488612836,False
166,Morningside Heights,0,485,174,15.654089347079038,14.066666666666666,0.35876288659793815,2026-03,unreliable_trip_rate,0.0,0.0,0.9237113402061856,0.07628865979381444,False
24,Bloomingdale,23,315,113,17.21899470899471,14.783333333333333,0.35873015873015873,2026-03,unreliable_trip_rate,0.0,0.0,1.0,0.0,False
143,Lincoln Square West,12,2679,961,14.111764339927833,11.033333333333333,0.358715938783128,2026-03,unreliable_trip_rate,0.0,0.0,0.18850317282568121,0.8114968271743188,False
258,Woodhaven,5,92,33,27.81413043478261,24.59166666666667,0.358695652173913,2026-03,unreliable_trip_rate,0.0,0.0,1.0,0.0,False
95,Forest Hills,14,106,38,39.376729559748426,37.2,0.3584905660377358,2026-03,unreliable_trip_rate,0.0,0.0,1.0,0.0,False
116,Hamilton Heights,16,318,114,25.230922431865828,18.799999999999997,0.3584905660377358,2026-03,unreliable_trip_rate,0.0,0.0,1.0,0.0,False
174,Norwood,12,53,19,48.92232704402515,46.0,0.3584905660377358,2026-03,unreliable_trip_rate,0.0,0.0,1.0,0.0,False
220,Spuyten Duyvil/Kingsbridge,9,53,19,38.02924528301887,32.78333333333333,0.3584905660377358,2026-03,unreliable_trip_rate,0.0,0.0,1.0,0.0,False
225,Stuyvesant Heights,19,159,57,26.066457023060796,22.683333333333334,0.3584905660377358,2026-03,unreliable_trip_rate,0.0,0.0,1.0,0.0,False
262,Yorkville East,12,3671,1316,13.17759920094434,11.466666666666667,0.35848542631435576,2026-03,unreliable_trip_rate,0.0,0.0,0.16344320348678834,0.8365567965132117,False
97,Fort Greene,10,187,67,27.991711229946524,22.9,0.3582887700534759,2026-03,unreliable_trip_rate,0.0,0.0,1.0,0.0,False
254,Williamsbridge/Olinville,6,187,67,49.70445632798574,48.666666666666664,0.3582887700534759,2026-03,unreliable_trip_rate,0.0,0.0,1.0,0.0,False
231,TriBeCa/Civic Center,12,2166,776,19.605978762696214,15.116666666666667,0.358264081255771,2026-03,unreliable_trip_rate,0.0,0.0,0.2590027700831025,0.7409972299168975,False
63,Cypress Hills,13,67,24,30.50870646766169,27.366666666666667,0.3582089552238806,2026-03,unreliable_trip_rate,0.0,0.0,1.0,0.0,False
242,Van Nest/Morris Park,15,67,24,53.8773631840796,46.95,0.3582089552238806,2026-03,unreliable_trip_rate,0.0,0.0,1.0,0.0,False
209,Seaport,16,416,149,28.53866185897436,19.375,0.3581730769230769,2026-03,unreliable_trip_rate,0.0,0.0,1.0,0.0,False
234,Union Sq,10,3144,1126,13.912266751484308,10.55,0.35814249363867684,2026-03,unreliable_trip_rate,0.0,0.0,0.13486005089058525,0.8651399491094147,False
4,Alphabet City,2,1008,361,12.9005291005291,12.100000000000001,0.35813492063492064,2026-03,unreliable_trip_rate,0.0,0.0,0.6121031746031746,0.3878968253968254,False
14,Bay Ridge,7,148,53,41.163963963963965,35.55833333333333,0.3581081081081081,2026-03,unreliable_trip_rate,0.0,0.0,1.0,0.0,False
25,Boerum Hill,12,176,63,35.90416666666667,32.11666666666667,0.35795454545454547,2026-03,unreliable_trip_rate,0.0,0.0,1.0,0.0,False
162,Midtown East,1,732,262,12.102390710382515,9.866666666666667,0.35792349726775957,2026-03,unreliable_trip_rate,0.0,0.0,0.8565573770491803,0.14344262295081966,False
141,Lenox Hill West,13,5088,1821,13.473470256813416,9.8,0.3579009433962264,2026-03,unreliable_trip_rate,0.0,0.0,0.11301100628930817,0.8869889937106918,False
32,Bronxdale,6,95,34,47.884385964912276,41.86666666666667,0.35789473684210527,2026-03,unreliable_trip_rate,0.0,0.0,1.0,0.0,False
82,Elmhurst,3,95,34,13.680175438596493,12.866666666666667,0.35789473684210527,2026-03,unreliable_trip_rate,0.0,0.0,1.0,0.0,False
212,Soundview/Bruckner,6,95,34,26.6640350877193,20.733333333333334,0.35789473684210527,2026-03,unreliable_trip_rate,0.0,0.0,1.0,0.0,False
168,Mott Haven/Port Morris,12,109,39,36.310856269113145,28.566666666666666,0.3577981651376147,2026-03,unreliable_trip_rate,0.0,0.0,1.0,0.0,False
69,East Concourse/Concourse Village,8,179,64,36.825325884543766,33.6,0.3575418994413408,2026-03,unreliable_trip_rate,0.0,0.0,1.0,0.0,False
25,Boerum Hill,15,207,74,38.93260869565218,32.28333333333333,0.357487922705314,2026-03,unreliable_trip_rate,0.0,0.0,1.0,0.0,False
209,Seaport,11,235,84,25.2386524822695,19.833333333333332,0.3574468085106383,2026-03,unreliable_trip_rate,0.0,0.0,1.0,0.0,False
209,Seaport,17,484,173,23.923174931129477,17.933333333333334,0.3574380165289256,2026-03,unreliable_trip_rate,0.0,0.0,0.9338842975206612,0.06611570247933884,False
25,Boerum Hill,17,249,89,29.59558232931727,24.0,0.357429718875502,2026-03,unreliable_trip_rate,0.0,0.0,1.0,0.0,False
164,Midtown South,4,789,282,13.100570342205323,11.35,0.3574144486692015,2026-03,unreliable_trip_rate,0.0,0.0,0.9138149556400507,0.08618504435994931,False
249,West Village,15,2737,978,15.38858238947753,11.95,0.35732553891121666,2026-03,unreliable_trip_rate,0.0,0.0,0.16770186335403728,0.8322981366459627,False
234,Union Sq,8,2192,783,11.900448600973236,9.366666666666667,0.3572080291970803,2026-03,unreliable_trip_rate,0.0,0.0,0.16697080291970803,0.833029197080292,False
17,Bedford,9,308,110,30.651893939393936,26.833333333333332,0.35714285714285715,2026-03,unreliable_trip_rate,0.0,0.0,1.0,0.0,False
35,Brownsville,4,42,15,30.054761904761904,26.9,0.35714285714285715,2026-03,unreliable_trip_rate,0.0,0.0,1.0,0.0,False
62,Crown Heights South,14,98,35,35.60442176870748,32.81666666666666,0.35714285714285715,2026-03,unreliable_trip_rate,0.0,0.0,1.0,0.0,False
69,East Concourse/Concourse Village,15,84,30,43.044246031746034,33.083333333333336,0.35714285714285715,2026-03,unreliable_trip_rate,0.0,0.0,1.0,0.0,False
77,East New York/Pennsylvania Avenue,4,56,20,28.175892857142856,24.858333333333334,0.35714285714285715,2026-03,unreliable_trip_rate,0.0,0.0,1.0,0.0,False
117,Hammels/Arverne,11,70,25,60.48428571428571,57.233333333333334,0.35714285714285715,2026-03,unreliable_trip_rate,0.0,0.0,1.0,0.0,False
133,Kensington,18,56,20,28.017559523809524,26.175,0.35714285714285715,2026-03,unreliable_trip_rate,0.0,0.0,1.0,0.0,False
146,Long Island City/Queens Plaza,22,224,80,16.79248511904762,15.558333333333334,0.35714285714285715,2026-03,unreliable_trip_rate,0.0,0.0,1.0,0.0,False
162,Midtown East,3,252,90,13.03313492063492,11.466666666666667,0.35714285714285715,2026-03,unreliable_trip_rate,0.0,0.0,1.0,0.0,False
196,Rego Park,20,42,15,19.362698412698414,17.575,0.35714285714285715,2026-03,unreliable_trip_rate,0.0,0.0,1.0,0.0,False
205,Saint Albans,15,70,25,55.610952380952384,56.69166666666666,0.35714285714285715,2026-03,unreliable_trip_rate,0.0,0.0,1.0,0.0,False
232,Two Bridges/Seward Park,14,448,160,22.135825892857145,16.791666666666668,0.35714285714285715,2026-03,unreliable_trip_rate,0.0,0.0,1.0,0.0,False
250,Westchester Village/Unionport,14,42,15,50.82142857142857,40.275,0.35714285714285715,2026-03,unreliable_trip_rate,0.0,0.0,1.0,0.0,False
45,Chinatown,18,521,186,19.634357005758158,17.016666666666666,0.3570057581573896,2026-03,unreliable_trip_rate,0.0,0.0,1.0,0.0,False
140,Lenox Hill East,11,5014,1790,16.149494748038823,13.583333333333334,0.35700039888312723,2026-03,unreliable_trip_rate,0.0,0.0,0.15257279617072197,0.847427203829278,False
244,Washington Heights South,7,835,298,22.36840319361277,20.883333333333333,0.3568862275449102,2026-03,unreliable_trip_rate,0.0,0.0,0.8263473053892215,0.17365269461077845,False
232,Two Bridges/Seward Park,12,401,143,24.286325852036576,19.683333333333334,0.3566084788029925,2026-03,unreliable_trip_rate,0.0,0.0,1.0,0.0,False
234,Union Sq,11,3747,1336,15.523263054888355,11.441666666666666,0.35655190819322125,2026-03,unreliable_trip_rate,0.0,0.0,0.11048839071257005,0.8895116092874299,False
137,Kips Bay,17,3133,1117,17.41891158633897,13.233333333333333,0.35652729013724865,2026-03,unreliable_trip_rate,0.0,0.0,0.21991701244813278,0.7800829875518672,False
42,Central Harlem North,22,477,170,17.047099930118797,15.666666666666666,0.35639412997903563,2026-03,unreliable_trip_rate,0.0,0.0,0.9245283018867925,0.07547169811320754,False
164,Midtown South,12,3362,1198,16.460683125123936,13.233333333333333,0.35633551457465795,2026-03,unreliable_trip_rate,0.0,0.0,0.1264128494943486,0.8735871505056514,False
166,Morningside Heights,1,261,93,15.819540229885057,12.883333333333333,0.3563218390804598,2026-03,unreliable_trip_rate,0.0,0.0,1.0,0.0,False
48,Clinton East,17,4657,1659,15.365353231694224,11.625,0.35623792140863214,2026-03,unreliable_trip_rate,0.0,0.0,0.12647627227829075,0.8735237277217093,False
79,East Village,16,2726,971,16.348080215211542,13.183333333333334,0.3561995597945708,2026-03,unreliable_trip_rate,0.0,0.0,0.22267057960381512,0.7773294203961849,False
143,Lincoln Square West,13,2642,941,14.368086045924803,11.366666666666667,0.3561695685087055,2026-03,unreliable_trip_rate,0.0,0.0,0.186222558667676,0.813777441332324,False
144,Little Italy/NoLiTa,8,556,198,15.036480815347721,13.275,0.35611510791366907,2026-03,unreliable_trip_rate,0.0,0.0,0.8057553956834532,0.19424460431654678,False
7,Astoria,18,455,162,22.760073260073263,21.883333333333333,0.35604395604395606,2026-03,unreliable_trip_rate,0.0,0.0,0.9054945054945055,0.0945054945054945,False
263,Yorkville West,13,3714,1322,12.88678423981332,9.208333333333334,0.3559504577275175,2026-03,unreliable_trip_rate,0.0,0.0,0.13274098007539042,0.8672590199246096,False
28,Briarwood/Jamaica Hills,17,59,21,26.164689265536722,19.566666666666666,0.3559322033898305,2026-03,unreliable_trip_rate,0.0,0.0,1.0,0.0,False
69,East Concourse/Concourse Village,19,59,21,25.86045197740113,19.916666666666668,0.3559322033898305,2026-03,unreliable_trip_rate,0.0,0.0,1.0,0.0,False
167,Morrisania/Melrose,17,59,21,41.036723163841806,33.0,0.3559322033898305,2026-03,unreliable_trip_rate,0.0,0.0,1.0,0.0,False
188,Prospect-Lefferts Gardens,18,177,63,26.63521657250471,23.383333333333333,0.3559322033898305,2026-03,unreliable_trip_rate,0.0,0.0,1.0,0.0,False
225,Stuyvesant Heights,2,59,21,23.38728813559322,22.35,0.3559322033898305,2026-03,unreliable_trip_rate,0.0,0.0,1.0,0.0,False
232,Two Bridges/Seward Park,10,472,168,22.28047316384181,17.708333333333332,0.3559322033898305,2026-03,unreliable_trip_rate,0.0,0.0,1.0,0.0,False
235,University Heights/Morris Heights,14,59,21,36.11610169491525,27.166666666666668,0.3559322033898305,2026-03,unreliable_trip_rate,0.0,0.0,1.0,0.0,False
224,Stuy Town/Peter Cooper Village,9,725,258,15.707793103448275,13.8,0.35586206896551725,2026-03,unreliable_trip_rate,0.0,0.0,0.7544827586206897,0.24551724137931036,False
234,Union Sq,6,669,238,11.20428500249128,9.15,0.35575485799701045,2026-03,unreliable_trip_rate,0.0,0.0,0.6382660687593423,0.3617339312406577,False
78,East Tremont,10,90,32,45.114629629629626,38.96666666666667,0.35555555555555557,2026-03,unreliable_trip_rate,0.0,0.0,1.0,0.0,False
78,East Tremont,12,45,16,44.39,38.31666666666667,0.35555555555555557,2026-03,unreliable_trip_rate,0.0,0.0,1.0,0.0,False
93,Flushing Meadows-Corona Park,19,45,16,27.767777777777777,24.016666666666666,0.35555555555555557,2026-03,unreliable_trip_rate,0.0,0.0,1.0,0.0,False
195,Red Hook,15,45,16,45.72666666666666,32.88333333333333,0.35555555555555557,2026-03,unreliable_trip_rate,0.0,0.0,1.0,0.0,False
223,Steinway,11,90,32,26.50111111111111,23.775,0.35555555555555557,2026-03,unreliable_trip_rate,0.0,0.0,1.0,0.0,False
248,West Farms/Bronx River,12,45,16,39.23851851851852,34.233333333333334,0.35555555555555557,2026-03,unreliable_trip_rate,0.0,0.0,1.0,0.0,False
145,Long Island City/Hunters Point,18,636,226,23.31606394129979,21.05,0.3553459119496855,2026-03,unreliable_trip_rate,0.0,0.0,0.9009433962264151,0.09905660377358491,False
131,Jamaica Estates,6,76,27,43.834649122807015,38.63333333333333,0.35526315789473684,2026-03,unreliable_trip_rate,0.0,0.0,1.0,0.0,False
225,Stuyvesant Heights,3,76,27,22.227412280701753,20.483333333333334,0.35526315789473684,2026-03,unreliable_trip_rate,0.0,0.0,1.0,0.0,False
79,East Village,15,2655,943,16.855392341494035,13.533333333333333,0.3551789077212806,2026-03,unreliable_trip_rate,0.0,0.0,0.224105461393597,0.775894538606403,False
224,Stuy Town/Peter Cooper Village,16,321,114,18.802855659397714,15.233333333333333,0.35514018691588783,2026-03,unreliable_trip_rate,0.0,0.0,1.0,0.0,False
14,Bay Ridge,11,138,49,54.51932367149759,48.28333333333333,0.35507246376811596,2026-03,unreliable_trip_rate,0.0,0.0,1.0,0.0,False
181,Park Slope,0,307,109,22.647665580890337,20.883333333333333,0.3550488599348534,2026-03,unreliable_trip_rate,0.0,0.0,1.0,0.0,False
263,Yorkville West,16,3832,1360,13.728379436325678,8.091666666666667,0.35490605427974947,2026-03,unreliable_trip_rate,0.0,0.0,0.12317327766179541,0.8768267223382046,False
140,Lenox Hill East,12,5444,1932,16.363798065148174,13.5,0.35488611315209406,2026-03,unreliable_trip_rate,0.0,0.0,0.159808963997061,0.840191036002939,False
21,Bensonhurst East,12,31,11,54.751612903225805,53.5,0.3548387096774194,2026-03,unreliable_trip_rate,0.0,0.0,1.0,0.0,False
49,Clinton Hill,20,155,55,24.57559139784946,20.283333333333335,0.3548387096774194,2026-03,unreliable_trip_rate,0.0,0.0,1.0,0.0,False
60,Crotona Park East,13,31,11,39.62419354838709,33.61666666666667,0.3548387096774194,2026-03,unreliable_trip_rate,0.0,0.0,1.0,0.0,False
235,University Heights/Morris Heights,12,62,22,39.950806451612905,37.458333333333336,0.3548387096774194,2026-03,unreliable_trip_rate,0.0,0.0,1.0,0.0,False
235,University Heights/Morris Heights,19,31,11,21.2505376344086,17.016666666666666,0.3548387096774194,2026-03,unreliable_trip_rate,0.0,0.0,1.0,0.0,False
247,West Concourse,15,93,33,33.098028673835124,23.716666666666665,0.3548387096774194,2026-03,unreliable_trip_rate,0.0,0.0,1.0,0.0,False
247,West Concourse,18,62,22,23.42768817204301,18.433333333333334,0.3548387096774194,2026-03,unreliable_trip_rate,0.0,0.0,1.0,0.0,False
257,Windsor Terrace,12,31,11,39.41182795698925,32.666666666666664,0.3548387096774194,2026-03,unreliable_trip_rate,0.0,0.0,1.0,0.0,False
231,TriBeCa/Civic Center,9,1613,572,17.739997933457325,14.683333333333334,0.3546187228766274,2026-03,unreliable_trip_rate,0.0,0.0,0.3465592064476131,0.6534407935523868,False
145,Long Island City/Hunters Point,15,268,95,27.022574626865673,23.15,0.35447761194029853,2026-03,unreliable_trip_rate,0.0,0.0,0.8880597014925373,0.11194029850746269,False
88,Financial District South,11,426,151,22.532042253521126,19.03333333333333,0.3544600938967136,2026-03,unreliable_trip_rate,0.0,0.0,1.0,0.0,False
143,Lincoln Square West,5,395,140,15.109240506329114,11.416666666666666,0.35443037974683544,2026-03,unreliable_trip_rate,0.0,0.0,0.8202531645569621,0.17974683544303796,False
155,Marine Park/Mill Basin,15,79,28,34.09008438818566,28.0,0.35443037974683544,2026-03,unreliable_trip_rate,0.0,0.0,1.0,0.0,False
198,Ridgewood,22,79,28,21.90928270042194,20.116666666666667,0.35443037974683544,2026-03,unreliable_trip_rate,0.0,0.0,1.0,0.0,False
4,Alphabet City,14,443,157,22.31978931527464,16.966666666666665,0.3544018058690745,2026-03,unreliable_trip_rate,0.0,0.0,1.0,0.0,False
24,Bloomingdale,0,206,73,15.456553398058253,13.266666666666666,0.35436893203883496,2026-03,unreliable_trip_rate,0.0,0.0,1.0,0.0,False
45,Chinatown,15,460,163,26.792173913043477,21.46666666666667,0.35434782608695653,2026-03,unreliable_trip_rate,0.0,0.0,1.0,0.0,False
42,Central Harlem North,1,175,62,15.140761904761904,12.583333333333334,0.35428571428571426,2026-03,unreliable_trip_rate,0.0,0.0,1.0,0.0,False
4,Alphabet City,11,446,158,19.249364723467863,15.841666666666667,0.3542600896860987,2026-03,unreliable_trip_rate,0.0,0.0,1.0,0.0,False
4,Alphabet City,18,607,215,16.88610653487095,15.1,0.3542009884678748,2026-03,unreliable_trip_rate,0.0,0.0,0.8204283360790774,0.17957166392092258,False
17,Bedford,23,144,51,20.196643518518517,19.358333333333334,0.3541666666666667,2026-03,unreliable_trip_rate,0.0,0.0,1.0,0.0,False
28,Briarwood/Jamaica Hills,16,48,17,31.755208333333332,27.241666666666667,0.3541666666666667,2026-03,unreliable_trip_rate,0.0,0.0,1.0,0.0,False
33,Brooklyn Heights,15,240,85,37.549930555555555,29.325000000000003,0.3541666666666667,2026-03,unreliable_trip_rate,0.0,0.0,1.0,0.0,False
37,Bushwick South,15,192,68,34.07934027777778,29.96666666666667,0.3541666666666667,2026-03,unreliable_trip_rate,0.0,0.0,1.0,0.0,False
56,Corona,16,48,17,44.744791666666664,38.983333333333334,0.3541666666666667,2026-03,unreliable_trip_rate,0.0,0.0,1.0,0.0,False
82,Elmhurst,10,48,17,32.21215277777778,23.65833333333333,0.3541666666666667,2026-03,unreliable_trip_rate,0.0,0.0,1.0,0.0,False
145,Long Island City/Hunters Point,5,240,85,17.443819444444443,15.75,0.3541666666666667,2026-03,unreliable_trip_rate,0.0,0.0,1.0,0.0,False
189,Prospect Heights,11,48,17,38.02847222222222,33.61666666666666,0.3541666666666667,2026-03,unreliable_trip_rate,0.0,0.0,1.0,0.0,False
191,Queens Village,10,48,17,45.76284722222223,41.79166666666667,0.3541666666666667,2026-03,unreliable_trip_rate,0.0,0.0,1.0,0.0,False
193,Queensbridge/Ravenswood,11,144,51,22.33449074074074,20.03333333333333,0.3541666666666667,2026-03,unreliable_trip_rate,0.0,0.0,1.0,0.0,False
195,Red Hook,16,48,17,38.84027777777778,34.849999999999994,0.3541666666666667,2026-03,unreliable_trip_rate,0.0,0.0,1.0,0.0,False
213,Soundview/Castle Hill,5,96,34,36.710590277777776,32.68333333333334,0.3541666666666667,2026-03,unreliable_trip_rate,0.0,0.0,1.0,0.0,False
227,Sunset Park East,14,48,17,38.64756944444444,30.691666666666666,0.3541666666666667,2026-03,unreliable_trip_rate,0.0,0.0,1.0,0.0,False
233,UN/Turtle Bay South,13,2361,836,17.57363405336722,14.758333333333333,0.3540872511647607,2026-03,unreliable_trip_rate,0.0,0.0,0.20330368487928843,0.7966963151207116,False
55,Coney Island,11,113,40,55.905309734513274,51.2,0.35398230088495575,2026-03,unreliable_trip_rate,0.0,0.0,1.0,0.0,False
193,Queensbridge/Ravenswood,13,113,40,25.375958702064896,22.75,0.35398230088495575,2026-03,unreliable_trip_rate,0.0,0.0,1.0,0.0,False
37,Bushwick South,11,243,86,32.2559670781893,28.566666666666666,0.35390946502057613,2026-03,unreliable_trip_rate,0.0,0.0,1.0,0.0,False
85,Erasmus,17,65,23,36.7374358974359,32.483333333333334,0.35384615384615387,2026-03,unreliable_trip_rate,0.0,0.0,1.0,0.0,False
177,Ocean Hill,23,65,23,20.855384615384615,18.816666666666666,0.35384615384615387,2026-03,unreliable_trip_rate,0.0,0.0,1.0,0.0,False
242,Van Nest/Morris Park,16,65,23,48.7125641025641,38.55,0.35384615384615387,2026-03,unreliable_trip_rate,0.0,0.0,1.0,0.0,False
159,Melrose South,8,147,52,35.62675736961451,30.516666666666666,0.35374149659863946,2026-03,unreliable_trip_rate,0.0,0.0,1.0,0.0,False
168,Mott Haven/Port Morris,6,147,52,25.5749433106576,19.966666666666665,0.35374149659863946,2026-03,unreliable_trip_rate,0.0,0.0,1.0,0.0,False
231,TriBeCa/Civic Center,11,1945,688,20.128928877463583,16.15,0.3537275064267352,2026-03,unreliable_trip_rate,0.0,0.0,0.30231362467866324,0.6976863753213368,False
10,Baisley Park,6,164,58,57.112703252032524,53.516666666666666,0.35365853658536583,2026-03,unreliable_trip_rate,0.0,0.0,1.0,0.0,False
47,Claremont/Bathgate,6,82,29,42.240243902439026,41.21666666666667,0.35365853658536583,2026-03,unreliable_trip_rate,0.0,0.0,1.0,0.0,False
151,Manhattan Valley,2,82,29,12.679674796747967,11.758333333333333,0.35365853658536583,2026-03,unreliable_trip_rate,0.0,0.0,1.0,0.0,False
238,Upper West Side North,21,2497,883,12.185168869309837,9.266666666666667,0.3536243492190629,2026-03,unreliable_trip_rate,0.0,0.0,0.21265518622346816,0.7873448137765319,False
132,JFK Airport,6,3238,1144,39.71469528515544,38.016666666666666,0.3533045089561458,2026-03,unreliable_trip_rate,0.0,0.0,0.5105003088326128,0.4894996911673873,False
100,Garment District,19,3007,1062,14.688138787274138,11.016666666666667,0.3531759228466911,2026-03,unreliable_trip_rate,0.0,0.0,0.1676089125374127,0.8323910874625873,False
231,TriBeCa/Civic Center,3,657,232,12.567503805175038,11.333333333333334,0.3531202435312024,2026-03,unreliable_trip_rate,0.0,0.0,0.923896499238965,0.076103500761035,False
263,Yorkville West,22,3141,1109,12.097803247373447,10.2,0.3530722699777141,2026-03,unreliable_trip_rate,0.0,0.0,0.2142629735752945,0.7857370264247056,False
3,Allerton/Pelham Gardens,8,34,12,51.2421568627451,52.33333333333333,0.35294117647058826,2026-03,unreliable_trip_rate,0.0,0.0,1.0,0.0,False
10,Baisley Park,11,68,24,40.11740196078431,34.96666666666667,0.35294117647058826,2026-03,unreliable_trip_rate,0.0,0.0,1.0,0.0,False
54,Columbia Street,9,34,12,25.915686274509802,22.816666666666666,0.35294117647058826,2026-03,unreliable_trip_rate,0.0,0.0,1.0,0.0,False
63,Cypress Hills,15,51,18,46.614379084967325,42.166666666666664,0.35294117647058826,2026-03,unreliable_trip_rate,0.0,0.0,1.0,0.0,False
78,East Tremont,20,34,12,27.423529411764704,23.008333333333333,0.35294117647058826,2026-03,unreliable_trip_rate,0.0,0.0,1.0,0.0,False
94,Fordham South,6,51,18,44.828758169934645,40.95,0.35294117647058826,2026-03,unreliable_trip_rate,0.0,0.0,1.0,0.0,False
106,Gowanus,15,34,12,30.563235294117643,28.316666666666666,0.35294117647058826,2026-03,unreliable_trip_rate,0.0,0.0,1.0,0.0,False
136,Kingsbridge Heights,15,34,12,54.45049019607843,50.99166666666666,0.35294117647058826,2026-03,unreliable_trip_rate,0.0,0.0,1.0,0.0,False
152,Manhattanville,23,153,54,14.301742919389977,12.516666666666667,0.35294117647058826,2026-03,unreliable_trip_rate,0.0,0.0,1.0,0.0,False
157,Maspeth,22,34,12,23.934313725490195,22.6,0.35294117647058826,2026-03,unreliable_trip_rate,0.0,0.0,1.0,0.0,False
159,Melrose South,18,68,24,26.660049019607843,20.28333333333333,0.35294117647058826,2026-03,unreliable_trip_rate,0.0,0.0,1.0,0.0,False
169,Mount Hope,19,34,12,23.473039215686274,16.433333333333334,0.35294117647058826,2026-03,unreliable_trip_rate,0.0,0.0,1.0,0.0,False
189,Prospect Heights,8,136,48,33.51752450980392,30.433333333333334,0.35294117647058826,2026-03,unreliable_trip_rate,0.0,0.0,1.0,0.0,False
195,Red Hook,20,51,18,23.230718954248367,21.466666666666665,0.35294117647058826,2026-03,unreliable_trip_rate,0.0,0.0,1.0,0.0,False
208,Schuylerville/Edgewater Park,18,34,12,20.895098039215686,20.6,0.35294117647058826,2026-03,unreliable_trip_rate,0.0,0.0,1.0,0.0,False
212,Soundview/Bruckner,19,34,12,25.038235294117644,20.15833333333333,0.35294117647058826,2026-03,unreliable_trip_rate,0.0,0.0,1.0,0.0,False
219,Springfield Gardens South,11,51,18,47.338235294117645,39.28333333333333,0.35294117647058826,2026-03,unreliable_trip_rate,0.0,0.0,1.0,0.0,False
223,Steinway,3,34,12,14.935294117647059,13.675,0.35294117647058826,2026-03,unreliable_trip_rate,0.0,0.0,1.0,0.0,False
228,Sunset Park West,15,85,30,48.79431372549019,43.416666666666664,0.35294117647058826,2026-03,unreliable_trip_rate,0.0,0.0,1.0,0.0,False
235,University Heights/Morris Heights,17,51,18,39.6983660130719,27.5,0.35294117647058826,2026-03,unreliable_trip_rate,0.0,0.0,1.0,0.0,False
242,Van Nest/Morris Park,18,34,12,39.148039215686275,28.191666666666666,0.35294117647058826,2026-03,unreliable_trip_rate,0.0,0.0,1.0,0.0,False
164,Midtown South,0,2919,1030,12.959164097293595,11.6,0.35286056868790683,2026-03,unreliable_trip_rate,0.0,0.0,0.24323398424117848,0.7567660157588215,False
88,Financial District South,9,309,109,20.38764832793959,18.183333333333334,0.35275080906148865,2026-03,unreliable_trip_rate,0.0,0.0,1.0,0.0,False
65,Downtown Brooklyn/MetroTech,12,224,79,30.83154761904762,26.59166666666667,0.35267857142857145,2026-03,unreliable_trip_rate,0.0,0.0,1.0,0.0,False
158,Meatpacking/West Village West,15,1557,549,18.008863198458574,14.933333333333334,0.35260115606936415,2026-03,unreliable_trip_rate,0.0,0.0,0.3249839434810533,0.6750160565189467,False
14,Bay Ridge,15,105,37,51.745873015873016,44.78333333333333,0.3523809523809524,2026-03,unreliable_trip_rate,0.0,0.0,1.0,0.0,False
182,Parkchester,8,176,62,39.50331439393939,33.983333333333334,0.3522727272727273,2026-03,unreliable_trip_rate,0.0,0.0,1.0,0.0,False
107,Gramercy,13,3319,1169,17.39087074420006,13.583333333333334,0.35221452244652,2026-03,unreliable_trip_rate,0.0,0.0,0.15727628803856583,0.8427237119614341,False
231,TriBeCa/Civic Center,4,548,193,12.566697080291972,10.508333333333333,0.3521897810218978,2026-03,unreliable_trip_rate,0.0,0.0,0.9379562043795621,0.06204379562043796,False
198,Ridgewood,12,71,25,32.30704225352113,26.633333333333333,0.352112676056338,2026-03,unreliable_trip_rate,0.0,0.0,1.0,0.0,False
261,World Trade Center,3,71,25,15.465727699530516,14.733333333333333,0.352112676056338,2026-03,unreliable_trip_rate,0.0,0.0,1.0,0.0,False
82,Elmhurst,4,179,63,14.87271880819367,14.3,0.35195530726256985,2026-03,unreliable_trip_rate,0.0,0.0,1.0,0.0,False
246,West Chelsea/Hudson Yards,8,1560,549,15.509198717948717,13.95,0.35192307692307695,2026-03,unreliable_trip_rate,0.0,0.0,0.31858974358974357,0.6814102564102564,False
85,Erasmus,10,108,38,38.11296296296296,31.28333333333333,0.35185185185185186,2026-03,unreliable_trip_rate,0.0,0.0,1.0,0.0,False
155,Marine Park/Mill Basin,20,54,19,21.27253086419753,16.825000000000003,0.35185185185185186,2026-03,unreliable_trip_rate,0.0,0.0,1.0,0.0,False
250,Westchester Village/Unionport,7,108,38,39.9537037037037,37.233333333333334,0.35185185185185186,2026-03,unreliable_trip_rate,0.0,0.0,1.0,0.0,False
259,Woodlawn/Wakefield,6,162,57,49.0974279835391,46.63333333333333,0.35185185185185186,2026-03,unreliable_trip_rate,0.0,0.0,1.0,0.0,False
262,Yorkville East,11,3846,1353,13.646992546368523,11.691666666666666,0.35179407176287053,2026-03,unreliable_trip_rate,0.0,0.0,0.1515860634425377,0.8484139365574623,False
181,Park Slope,8,236,83,33.54103107344633,30.69166666666667,0.3516949152542373,2026-03,unreliable_trip_rate,0.0,0.0,1.0,0.0,False
68,East Chelsea,10,3553,1249,18.34645839196923,16.066666666666666,0.35153391500140724,2026-03,unreliable_trip_rate,0.0,0.0,0.13228257810301153,0.8677174218969884,False
152,Manhattanville,10,202,71,21.098597359735976,18.383333333333333,0.35148514851485146,2026-03,unreliable_trip_rate,0.0,0.0,1.0,0.0,False
144,Little Italy/NoLiTa,23,2461,865,13.524549641067315,11.683333333333334,0.3514831369362048,2026-03,unreliable_trip_rate,0.0,0.0,0.29093864282811865,0.7090613571718813,False
148,Lower East Side,16,1201,422,19.98547044129892,16.683333333333334,0.3513738551207327,2026-03,unreliable_trip_rate,0.0,0.0,0.6169858451290591,0.38301415487094087,False
32,Bronxdale,10,37,13,48.87792792792793,39.233333333333334,0.35135135135135137,2026-03,unreliable_trip_rate,0.0,0.0,1.0,0.0,False
40,Carroll Gardens,14,37,13,31.529729729729727,27.683333333333334,0.35135135135135137,2026-03,unreliable_trip_rate,0.0,0.0,1.0,0.0,False
69,East Concourse/Concourse Village,18,74,26,33.51148648648648,23.041666666666668,0.35135135135135137,2026-03,unreliable_trip_rate,0.0,0.0,1.0,0.0,False
82,Elmhurst,12,74,26,33.60382882882883,31.808333333333334,0.35135135135135137,2026-03,unreliable_trip_rate,0.0,0.0,1.0,0.0,False
92,Flushing,4,37,13,14.46891891891892,14.066666666666666,0.35135135135135137,2026-03,unreliable_trip_rate,0.0,0.0,1.0,0.0,False
102,Glendale,10,37,13,39.11486486486486,35.38333333333333,0.35135135135135137,2026-03,unreliable_trip_rate,0.0,0.0,1.0,0.0,False
108,Gravesend,13,37,13,45.72207207207207,40.11666666666667,0.35135135135135137,2026-03,unreliable_trip_rate,0.0,0.0,1.0,0.0,False
119,Highbridge,9,74,26,34.457882882882885,33.983333333333334,0.35135135135135137,2026-03,unreliable_trip_rate,0.0,0.0,1.0,0.0,False
130,Jamaica,5,74,26,45.31981981981982,42.55,0.35135135135135137,2026-03,unreliable_trip_rate,0.0,0.0,1.0,0.0,False
167,Morrisania/Melrose,18,37,13,30.532432432432433,27.983333333333334,0.35135135135135137,2026-03,unreliable_trip_rate,0.0,0.0,1.0,0.0,False
185,Pelham Parkway,12,37,13,47.12522522522522,43.083333333333336,0.35135135135135137,2026-03,unreliable_trip_rate,0.0,0.0,1.0,0.0,False
189,Prospect Heights,6,74,26,30.428378378378376,27.025,0.35135135135135137,2026-03,unreliable_trip_rate,0.0,0.0,1.0,0.0,False
198,Ridgewood,21,74,26,19.039864864864864,17.391666666666666,0.35135135135135137,2026-03,unreliable_trip_rate,0.0,0.0,1.0,0.0,False
193,Queensbridge/Ravenswood,18,131,46,18.69834605597964,17.566666666666666,0.3511450381679389,2026-03,unreliable_trip_rate,0.0,0.0,1.0,0.0,False
4,Alphabet City,10,581,204,17.70579460699943,14.833333333333334,0.35111876075731496,2026-03,unreliable_trip_rate,0.0,0.0,0.8898450946643718,0.11015490533562823,False
229,Sutton Place/Turtle Bay North,22,2803,984,12.020787251754074,10.1,0.35105244381020334,2026-03,unreliable_trip_rate,0.0,0.0,0.22190510167677488,0.7780948983232251,False
209,Seaport,12,245,86,21.71857142857143,18.733333333333334,0.3510204081632653,2026-03,unreliable_trip_rate,0.0,0.0,1.0,0.0,False
78,East Tremont,11,57,20,41.27368421052631,36.88333333333333,0.3508771929824561,2026-03,unreliable_trip_rate,0.0,0.0,1.0,0.0,False
136,Kingsbridge Heights,10,57,20,47.164619883040935,39.06666666666667,0.3508771929824561,2026-03,unreliable_trip_rate,0.0,0.0,1.0,0.0,False
139,Laurelton,9,57,20,58.14824561403508,56.46666666666667,0.3508771929824561,2026-03,unreliable_trip_rate,0.0,0.0,1.0,0.0,False
79,East Village,10,2198,771,14.490870488322718,12.166666666666666,0.3507734303912648,2026-03,unreliable_trip_rate,0.0,0.0,0.27434030937215653,0.7256596906278435,False
43,Central Park,17,3521,1235,14.70614882135757,11.641666666666666,0.3507526270945754,2026-03,unreliable_trip_rate,0.0,0.0,0.13774495881851748,0.8622550411814826,False
89,Flatbush/Ditmas Park,7,422,148,41.346484992101104,35.516666666666666,0.35071090047393366,2026-03,unreliable_trip_rate,0.0,0.0,1.0,0.0,False
140,Lenox Hill East,13,5079,1781,16.634993765176873,13.016666666666666,0.350659578657216,2026-03,unreliable_trip_rate,0.0,0.0,0.16066154754873008,0.8393384524512699,False
77,East New York/Pennsylvania Avenue,13,77,27,39.40649350649351,37.21666666666667,0.35064935064935066,2026-03,unreliable_trip_rate,0.0,0.0,1.0,0.0,False
133,Kensington,9,77,27,30.348701298701297,23.5,0.35064935064935066,2026-03,unreliable_trip_rate,0.0,0.0,1.0,0.0,False
116,Hamilton Heights,14,405,142,25.835967078189302,22.066666666666666,0.3506172839506173,2026-03,unreliable_trip_rate,0.0,0.0,1.0,0.0,False
114,Greenwich Village South,18,2878,1009,14.197706740792217,11.783333333333333,0.3505906879777623,2026-03,unreliable_trip_rate,0.0,0.0,0.18102849200833912,0.8189715079916609,False
42,Central Harlem North,2,97,34,13.649312714776633,12.116666666666667,0.35051546391752575,2026-03,unreliable_trip_rate,0.0,0.0,1.0,0.0,False
129,Jackson Heights,21,194,68,19.558419243986254,18.583333333333336,0.35051546391752575,2026-03,unreliable_trip_rate,0.0,0.0,1.0,0.0,False
216,South Ozone Park,17,97,34,35.228350515463916,36.9,0.35051546391752575,2026-03,unreliable_trip_rate,0.0,0.0,1.0,0.0,False
231,TriBeCa/Civic Center,23,2504,877,15.402362886048989,13.691666666666666,0.3502396166134185,2026-03,unreliable_trip_rate,0.0,0.0,0.2915335463258786,0.7084664536741214,False
4,Alphabet City,1,1271,445,15.159834775767113,13.05,0.35011801730920533,2026-03,unreliable_trip_rate,0.0,0.0,0.6073957513768686,0.39260424862313137,False
263,Yorkville West,17,4296,1504,13.066930477963997,9.533333333333333,0.3500931098696462,2026-03,unreliable_trip_rate,0.0,0.0,0.13594040968342644,0.8640595903165735,False
14,Bay Ridge,9,100,35,44.8,40.78333333333333,0.35,2026-03,unreliable_trip_rate,0.0,0.0,1.0,0.0,False
28,Briarwood/Jamaica Hills,11,40,14,30.549583333333334,29.008333333333333,0.35,2026-03,unreliable_trip_rate,0.0,0.0,1.0,0.0,False
40,Carroll Gardens,16,40,14,23.596666666666668,18.358333333333334,0.35,2026-03,unreliable_trip_rate,0.0,0.0,1.0,0.0,False
71,East Flatbush/Farragut,18,60,21,28.305,26.075000000000003,0.35,2026-03,unreliable_trip_rate,0.0,0.0,1.0,0.0,False
151,Manhattan Valley,3,80,28,11.04125,9.425,0.35,2026-03,unreliable_trip_rate,0.0,0.0,1.0,0.0,False
155,Marine Park/Mill Basin,18,40,14,27.64375,23.441666666666666,0.35,2026-03,unreliable_trip_rate,0.0,0.0,1.0,0.0,False
168,Mott Haven/Port Morris,3,40,14,15.89,11.258333333333333,0.35,2026-03,unreliable_trip_rate,0.0,0.0,1.0,0.0,False
197,Richmond Hill,8,180,63,33.56296296296296,25.71666666666667,0.35,2026-03,unreliable_trip_rate,0.0,0.0,1.0,0.0,False
247,West Concourse,5,40,14,27.937083333333334,23.366666666666667,0.35,2026-03,unreliable_trip_rate,0.0,0.0,1.0,0.0,False
259,Woodlawn/Wakefield,12,60,21,50.80805555555556,48.59166666666667,0.35,2026-03,unreliable_trip_rate,0.0,0.0,1.0,0.0,False
143,Lincoln Square West,11,2598,909,14.206428021555043,12.025,0.34988452655889146,2026-03,unreliable_trip_rate,0.0,0.0,0.197459584295612,0.8025404157043879,False
163,Midtown North,2,363,127,13.701652892561983,12.05,0.349862258953168,2026-03,unreliable_trip_rate,0.0,0.0,1.0,0.0,False
127,Inwood,8,163,57,31.698261758691206,27.033333333333335,0.3496932515337423,2026-03,unreliable_trip_rate,0.0,0.0,1.0,0.0,False
213,Soundview/Castle Hill,10,143,50,43.614102564102566,37.916666666666664,0.34965034965034963,2026-03,unreliable_trip_rate,0.0,0.0,1.0,0.0,False
248,West Farms/Bronx River,6,123,43,33.482520325203254,26.25,0.34959349593495936,2026-03,unreliable_trip_rate,0.0,0.0,1.0,0.0,False
62,Crown Heights South,8,206,72,37.72912621359223,35.55833333333334,0.34951456310679613,2026-03,unreliable_trip_rate,0.0,0.0,1.0,0.0,False
223,Steinway,10,103,36,25.787055016181228,23.783333333333335,0.34951456310679613,2026-03,unreliable_trip_rate,0.0,0.0,1.0,0.0,False
125,Hudson Sq,4,186,65,13.381720430107526,11.316666666666666,0.34946236559139787,2026-03,unreliable_trip_rate,0.0,0.0,1.0,0.0,False
49,Clinton Hill,9,269,94,32.92744733581165,28.416666666666668,0.34944237918215615,2026-03,unreliable_trip_rate,0.0,0.0,1.0,0.0,False
233,UN/Turtle Bay South,8,1989,695,14.037724149488856,11.95,0.3494218200100553,2026-03,unreliable_trip_rate,0.0,0.0,0.27450980392156865,0.7254901960784313,False
86,Far Rockaway,11,83,29,68.44337349397591,62.016666666666666,0.3493975903614458,2026-03,unreliable_trip_rate,0.0,0.0,1.0,0.0,False
92,Flushing,23,83,29,17.53433734939759,16.833333333333332,0.3493975903614458,2026-03,unreliable_trip_rate,0.0,0.0,1.0,0.0,False
142,Lincoln Square East,3,166,58,12.112550200803213,10.241666666666667,0.3493975903614458,2026-03,unreliable_trip_rate,0.0,0.0,1.0,0.0,False
169,Mount Hope,14,83,29,41.30261044176707,34.03333333333333,0.3493975903614458,2026-03,unreliable_trip_rate,0.0,0.0,1.0,0.0,False
232,Two Bridges/Seward Park,6,415,145,18.81120481927711,14.55,0.3493975903614458,2026-03,unreliable_trip_rate,0.0,0.0,0.8650602409638555,0.13493975903614458,False
247,West Concourse,10,83,29,32.766666666666666,27.15,0.3493975903614458,2026-03,unreliable_trip_rate,0.0,0.0,1.0,0.0,False
141,Lenox Hill West,9,4660,1628,12.967367668097282,10.791666666666668,0.34935622317596565,2026-03,unreliable_trip_rate,0.0,0.0,0.10686695278969957,0.8931330472103004,False
137,Kips Bay,20,2768,967,13.346989402697496,11.816666666666666,0.34934971098265893,2026-03,unreliable_trip_rate,0.0,0.0,0.2221820809248555,0.7778179190751445,False
143,Lincoln Square West,0,375,131,13.77751111111111,11.516666666666667,0.34933333333333333,2026-03,unreliable_trip_rate,0.0,0.0,1.0,0.0,False
113,Greenwich Village North,9,1890,660,13.401790123456792,11.133333333333333,0.3492063492063492,2026-03,unreliable_trip_rate,0.0,0.0,0.19153439153439153,0.8084656084656084,False
195,Red Hook,17,63,22,29.616402116402114,26.683333333333334,0.3492063492063492,2026-03,unreliable_trip_rate,0.0,0.0,1.0,0.0,False
225,Stuyvesant Heights,15,189,66,35.99074074074074,30.683333333333334,0.3492063492063492,2026-03,unreliable_trip_rate,0.0,0.0,1.0,0.0,False
225,Stuyvesant Heights,7,381,133,33.554549431321085,29.75,0.34908136482939633,2026-03,unreliable_trip_rate,0.0,0.0,1.0,0.0,False
82,Elmhurst,7,106,37,34.03962264150943,30.441666666666666,0.3490566037735849,2026-03,unreliable_trip_rate,0.0,0.0,1.0,0.0,False
193,Queensbridge/Ravenswood,19,106,37,21.127830188679248,18.924999999999997,0.3490566037735849,2026-03,unreliable_trip_rate,0.0,0.0,1.0,0.0,False
107,Gramercy,4,659,230,11.91201315123925,9.75,0.3490136570561457,2026-03,unreliable_trip_rate,0.0,0.0,0.8998482549317147,0.10015174506828528,False
65,Downtown Brooklyn/MetroTech,17,404,141,28.1595297029703,23.041666666666664,0.349009900990099,2026-03,unreliable_trip_rate,0.0,0.0,1.0,0.0,False
258,Woodhaven,4,43,15,18.842248062015504,18.216666666666665,0.3488372093023256,2026-03,unreliable_trip_rate,0.0,0.0,1.0,0.0,False
48,Clinton East,4,1379,481,12.841600193376843,11.55,0.3488034807831762,2026-03,unreliable_trip_rate,0.0,0.0,0.6678752719361857,0.3321247280638144,False
82,Elmhurst,16,109,38,36.18807339449541,33.96666666666667,0.3486238532110092,2026-03,unreliable_trip_rate,0.0,0.0,1.0,0.0,False
13,Battery Park City,0,175,61,17.32952380952381,15.766666666666667,0.3485714285714286,2026-03,unreliable_trip_rate,0.0,0.0,1.0,0.0,False
114,Greenwich Village South,17,2275,793,14.969531135531136,12.45,0.3485714285714286,2026-03,unreliable_trip_rate,0.0,0.0,0.2342857142857143,0.7657142857142857,False
225,Stuyvesant Heights,14,241,84,34.4737897648686,29.316666666666666,0.34854771784232363,2026-03,unreliable_trip_rate,0.0,0.0,1.0,0.0,False
77,East New York/Pennsylvania Avenue,15,66,23,42.63636363636363,34.483333333333334,0.3484848484848485,2026-03,unreliable_trip_rate,0.0,0.0,1.0,0.0,False
92,Flushing,13,66,23,45.788636363636364,40.141666666666666,0.3484848484848485,2026-03,unreliable_trip_rate,0.0,0.0,1.0,0.0,False
87,Financial District North,12,861,300,21.880507162214478,18.2,0.34843205574912894,2026-03,unreliable_trip_rate,0.0,0.0,0.8768873403019745,0.12311265969802555,False
97,Fort Greene,20,287,100,21.995296167247385,20.183333333333334,0.34843205574912894,2026-03,unreliable_trip_rate,0.0,0.0,1.0,0.0,False
130,Jamaica,1,155,54,20.133333333333333,17.083333333333332,0.34838709677419355,2026-03,unreliable_trip_rate,0.0,0.0,1.0,0.0,False
163,Midtown North,7,1507,525,13.744204821942049,9.8,0.3483742534837425,2026-03,unreliable_trip_rate,0.0,0.0,0.30590577305905775,0.6940942269409422,False
28,Briarwood/Jamaica Hills,7,89,31,36.952434456928835,33.25,0.34831460674157305,2026-03,unreliable_trip_rate,0.0,0.0,1.0,0.0,False
143,Lincoln Square West,3,89,31,12.74438202247191,9.466666666666667,0.34831460674157305,2026-03,unreliable_trip_rate,0.0,0.0,1.0,0.0,False
161,Midtown Center,8,3464,1206,13.706225943033102,9.983333333333333,0.3481524249422633,2026-03,unreliable_trip_rate,0.0,0.0,0.13221709006928406,0.8677829099307159,False
164,Midtown South,11,3137,1092,15.882871108277547,13.008333333333333,0.3481032833917756,2026-03,unreliable_trip_rate,0.0,0.0,0.12655403251514186,0.8734459674848581,False
61,Crown Heights North,20,227,79,28.62936857562408,26.433333333333334,0.34801762114537443,2026-03,unreliable_trip_rate,0.0,0.0,1.0,0.0,False
151,Manhattan Valley,18,2319,807,13.304463130659768,10.9,0.34799482535575677,2026-03,unreliable_trip_rate,0.0,0.0,0.21000431220353602,0.789995687796464,False
62,Crown Heights South,21,46,16,25.15978260869565,23.258333333333333,0.34782608695652173,2026-03,unreliable_trip_rate,0.0,0.0,1.0,0.0,False
80,East Williamsburg,13,115,40,27.982753623188408,26.5,0.34782608695652173,2026-03,unreliable_trip_rate,0.0,0.0,1.0,0.0,False
136,Kingsbridge Heights,11,46,16,46.902898550724636,41.875,0.34782608695652173,2026-03,unreliable_trip_rate,0.0,0.0,1.0,0.0,False
177,Ocean Hill,9,299,104,34.79102564102564,31.1,0.34782608695652173,2026-03,unreliable_trip_rate,0.0,0.0,1.0,0.0,False
179,Old Astoria,11,138,48,27.0975845410628,24.53333333333333,0.34782608695652173,2026-03,unreliable_trip_rate,0.0,0.0,1.0,0.0,False
213,Soundview/Castle Hill,13,92,32,39.40525362318841,35.54166666666667,0.34782608695652173,2026-03,unreliable_trip_rate,0.0,0.0,1.0,0.0,False
216,South Ozone Park,23,92,32,23.030253623188404,22.53333333333333,0.34782608695652173,2026-03,unreliable_trip_rate,0.0,0.0,1.0,0.0,False
222,Starrett City,11,92,32,46.36268115942029,38.225,0.34782608695652173,2026-03,unreliable_trip_rate,0.0,0.0,1.0,0.0,False
79,East Village,14,2551,887,16.027152750555338,13.35,0.3477067816542532,2026-03,unreliable_trip_rate,0.0,0.0,0.21716973735789885,0.7828302626421011,False
79,East Village,12,2359,820,15.534039847392965,12.483333333333333,0.34760491733785503,2026-03,unreliable_trip_rate,0.0,0.0,0.228486646884273,0.771513353115727,False
140,Lenox Hill East,14,5481,1905,17.17726692209451,13.399999999999999,0.34756431308155444,2026-03,unreliable_trip_rate,0.0,0.0,0.1578179164386061,0.8421820835613939,False
114,Greenwich Village South,8,711,247,14.312775433661509,12.166666666666666,0.34739803094233473,2026-03,unreliable_trip_rate,0.0,0.0,0.7468354430379747,0.25316455696202533,False
163,Midtown North,23,3437,1194,13.491082339249346,11.45,0.34739598487052664,2026-03,unreliable_trip_rate,0.0,0.0,0.20104742508001164,0.7989525749199884,False
100,Garment District,8,1851,643,13.326931388438682,9.775,0.34737979470556457,2026-03,unreliable_trip_rate,0.0,0.0,0.2593192868719611,0.7406807131280388,False
24,Bloomingdale,7,645,224,16.770723514211888,14.383333333333333,0.34728682170542635,2026-03,unreliable_trip_rate,0.0,0.0,0.7224806201550388,0.2775193798449612,False
14,Bay Ridge,18,72,25,25.756712962962965,22.516666666666666,0.3472222222222222,2026-03,unreliable_trip_rate,0.0,0.0,1.0,0.0,False
188,Prospect-Lefferts Gardens,6,360,125,37.42689814814815,33.45,0.3472222222222222,2026-03,unreliable_trip_rate,0.0,0.0,1.0,0.0,False
37,Bushwick South,17,193,67,34.7727115716753,30.183333333333334,0.3471502590673575,2026-03,unreliable_trip_rate,0.0,0.0,1.0,0.0,False
107,Gramercy,14,3352,1163,17.1773369132856,12.433333333333334,0.34695704057279236,2026-03,unreliable_trip_rate,0.0,0.0,0.16437947494033414,0.8356205250596659,False
21,Bensonhurst East,9,49,17,47.6391156462585,46.15,0.3469387755102041,2026-03,unreliable_trip_rate,0.0,0.0,1.0,0.0,False
60,Crotona Park East,9,49,17,40.539795918367346,34.65,0.3469387755102041,2026-03,unreliable_trip_rate,0.0,0.0,1.0,0.0,False
83,Elmhurst/Maspeth,4,49,17,18.083333333333336,17.483333333333334,0.3469387755102041,2026-03,unreliable_trip_rate,0.0,0.0,1.0,0.0,False
232,Two Bridges/Seward Park,0,490,170,15.81969387755102,14.524999999999999,0.3469387755102041,2026-03,unreliable_trip_rate,0.0,0.0,0.9122448979591836,0.08775510204081632,False
100,Garment District,21,3122,1083,14.550806107196243,11.683333333333334,0.34689301729660477,2026-03,unreliable_trip_rate,0.0,0.0,0.20916079436258808,0.790839205637412,False
229,Sutton Place/Turtle Bay North,17,3744,1298,15.222057514245014,11.516666666666667,0.3466880341880342,2026-03,unreliable_trip_rate,0.0,0.0,0.1450320512820513,0.8549679487179487,False
45,Chinatown,22,600,208,17.09822222222222,15.825,0.3466666666666667,2026-03,unreliable_trip_rate,0.0,0.0,0.925,0.075,False
86,Far Rockaway,15,75,26,68.83533333333332,71.75,0.3466666666666667,2026-03,unreliable_trip_rate,0.0,0.0,1.0,0.0,False
152,Manhattanville,13,251,87,22.08937583001328,19.033333333333335,0.3466135458167331,2026-03,unreliable_trip_rate,0.0,0.0,1.0,0.0,False
181,Park Slope,17,251,87,31.306308100929613,29.0,0.3466135458167331,2026-03,unreliable_trip_rate,0.0,0.0,1.0,0.0,False
37,Bushwick South,16,176,61,34.476988636363636,29.858333333333334,0.3465909090909091,2026-03,unreliable_trip_rate,0.0,0.0,1.0,0.0,False
224,Stuy Town/Peter Cooper Village,21,378,131,13.691181657848324,12.633333333333333,0.34656084656084657,2026-03,unreliable_trip_rate,0.0,0.0,1.0,0.0,False
222,Starrett City,13,101,35,49.27310231023102,39.56666666666667,0.3465346534653465,2026-03,unreliable_trip_rate,0.0,0.0,1.0,0.0,False
260,Woodside,6,127,44,21.800393700787403,18.8,0.3464566929133858,2026-03,unreliable_trip_rate,0.0,0.0,1.0,0.0,False
262,Yorkville East,13,3103,1075,13.165382962724246,10.75,0.34643893006767645,2026-03,unreliable_trip_rate,0.0,0.0,0.1720915243312923,0.8279084756687077,False
232,Two Bridges/Seward Park,23,612,212,16.398611111111112,14.975,0.3464052287581699,2026-03,unreliable_trip_rate,0.0,0.0,0.9362745098039216,0.06372549019607843,False
129,Jackson Heights,23,179,62,17.56173184357542,16.55,0.3463687150837989,2026-03,unreliable_trip_rate,0.0,0.0,1.0,0.0,False
25,Boerum Hill,16,208,72,38.71802884615385,33.25,0.34615384615384615,2026-03,unreliable_trip_rate,0.0,0.0,1.0,0.0,False
47,Claremont/Bathgate,9,52,18,41.84839743589744,35.40833333333333,0.34615384615384615,2026-03,unreliable_trip_rate,0.0,0.0,1.0,0.0,False
56,Corona,22,52,18,24.055128205128202,18.925,0.34615384615384615,2026-03,unreliable_trip_rate,0.0,0.0,1.0,0.0,False
61,Crown Heights North,3,78,27,22.416239316239317,18.5,0.34615384615384615,2026-03,unreliable_trip_rate,0.0,0.0,1.0,0.0,False
62,Crown Heights South,15,78,27,39.61709401709402,33.041666666666664,0.34615384615384615,2026-03,unreliable_trip_rate,0.0,0.0,1.0,0.0,False
127,Inwood,16,78,27,28.89252136752137,23.34166666666667,0.34615384615384615,2026-03,unreliable_trip_rate,0.0,0.0,1.0,0.0,False
182,Parkchester,10,78,27,48.950641025641026,44.96666666666667,0.34615384615384615,2026-03,unreliable_trip_rate,0.0,0.0,1.0,0.0,False
223,Steinway,6,78,27,22.598504273504275,21.3,0.34615384615384615,2026-03,unreliable_trip_rate,0.0,0.0,1.0,0.0,False
116,Hamilton Heights,20,367,127,18.335513169845594,15.75,0.3460490463215259,2026-03,unreliable_trip_rate,0.0,0.0,1.0,0.0,False
68,East Chelsea,8,3043,1053,15.169016321612444,13.05,0.3460400920144594,2026-03,unreliable_trip_rate,0.0,0.0,0.17384160368057838,0.8261583963194217,False
209,Seaport,9,185,64,22.37072072072072,19.183333333333334,0.34594594594594597,2026-03,unreliable_trip_rate,0.0,0.0,1.0,0.0,False
177,Ocean Hill,19,107,37,29.837383177570093,25.666666666666668,0.34579439252336447,2026-03,unreliable_trip_rate,0.0,0.0,1.0,0.0,False
4,Alphabet City,3,723,250,13.086376210235132,11.933333333333334,0.3457814661134163,2026-03,unreliable_trip_rate,0.0,0.0,0.8354080221300139,0.16459197786998617,False
213,Soundview/Castle Hill,6,188,65,41.199202127659575,36.0,0.34574468085106386,2026-03,unreliable_trip_rate,0.0,0.0,1.0,0.0,False
21,Bensonhurst East,13,55,19,48.17939393939394,40.983333333333334,0.34545454545454546,2026-03,unreliable_trip_rate,0.0,0.0,1.0,0.0,False
174,Norwood,17,55,19,41.27424242424242,37.88333333333333,0.34545454545454546,2026-03,unreliable_trip_rate,0.0,0.0,1.0,0.0,False
182,Parkchester,14,55,19,50.60818181818181,46.483333333333334,0.34545454545454546,2026-03,unreliable_trip_rate,0.0,0.0,1.0,0.0,False
7,Astoria,16,249,86,28.244511378848728,25.066666666666666,0.3453815261044177,2026-03,unreliable_trip_rate,0.0,0.0,1.0,0.0,False
114,Greenwich Village South,16,1984,685,16.123160282258063,13.566666666666666,0.34526209677419356,2026-03,unreliable_trip_rate,0.0,0.0,0.2686491935483871,0.7313508064516129,False
82,Elmhurst,15,84,29,36.015079365079366,32.95833333333333,0.34523809523809523,2026-03,unreliable_trip_rate,0.0,0.0,1.0,0.0,False
85,Erasmus,8,168,58,36.605853174603176,32.15833333333333,0.34523809523809523,2026-03,unreliable_trip_rate,0.0,0.0,1.0,0.0,False
95,Forest Hills,8,168,58,36.64335317460317,34.3,0.34523809523809523,2026-03,unreliable_trip_rate,0.0,0.0,1.0,0.0,False
130,Jamaica,4,84,29,16.227777777777778,14.008333333333333,0.34523809523809523,2026-03,unreliable_trip_rate,0.0,0.0,1.0,0.0,False
155,Marine Park/Mill Basin,9,84,29,33.95357142857143,27.241666666666667,0.34523809523809523,2026-03,unreliable_trip_rate,0.0,0.0,1.0,0.0,False
89,Flatbush/Ditmas Park,19,171,59,28.432748538011698,25.983333333333334,0.34502923976608185,2026-03,unreliable_trip_rate,0.0,0.0,1.0,0.0,False
181,Park Slope,13,171,59,34.941228070175434,29.283333333333335,0.34502923976608185,2026-03,unreliable_trip_rate,0.0,0.0,1.0,0.0,False
162,Midtown East,2,371,128,11.666262353998203,9.066666666666666,0.3450134770889488,2026-03,unreliable_trip_rate,0.0,0.0,1.0,0.0,False
45,Chinatown,1,258,89,16.697868217054264,14.541666666666668,0.3449612403100775,2026-03,unreliable_trip_rate,0.0,0.0,1.0,0.0,False
37,Bushwick South,14,203,70,36.80197044334975,30.666666666666668,0.3448275862068966,2026-03,unreliable_trip_rate,0.0,0.0,1.0,0.0,False
39,Canarsie,23,58,20,15.533045977011493,12.433333333333334,0.3448275862068966,2026-03,unreliable_trip_rate,0.0,0.0,1.0,0.0,False
74,East Harlem North,3,87,30,14.529693486590038,12.616666666666667,0.3448275862068966,2026-03,unreliable_trip_rate,0.0,0.0,1.0,0.0,False
208,Schuylerville/Edgewater Park,8,58,20,40.164655172413795,38.5,0.3448275862068966,2026-03,unreliable_trip_rate,0.0,0.0,1.0,0.0,False
217,South Williamsburg,8,58,20,34.29224137931035,29.425,0.3448275862068966,2026-03,unreliable_trip_rate,0.0,0.0,1.0,0.0,False
65,Downtown Brooklyn/MetroTech,18,380,131,21.792850877192983,19.066666666666666,0.3447368421052632,2026-03,unreliable_trip_rate,0.0,0.0,1.0,0.0,False
237,Upper East Side South,4,238,82,12.46624649859944,9.766666666666667,0.3445378151260504,2026-03,unreliable_trip_rate,0.0,0.0,1.0,0.0,False
107,Gramercy,0,2845,980,11.821054481546573,10.483333333333333,0.3444639718804921,2026-03,unreliable_trip_rate,0.0,0.0,0.22565905096660807,0.7743409490333919,False
36,Bushwick North,17,90,31,35.78981481481482,33.93333333333334,0.34444444444444444,2026-03,unreliable_trip_rate,0.0,0.0,1.0,0.0,False
155,Marine Park/Mill Basin,12,90,31,35.45722222222222,29.333333333333332,0.34444444444444444,2026-03,unreliable_trip_rate,0.0,0.0,1.0,0.0,False
246,West Chelsea/Hudson Yards,6,302,104,13.886368653421634,11.3,0.3443708609271523,2026-03,unreliable_trip_rate,0.0,0.0,1.0,0.0,False
144,Little Italy/NoLiTa,9,546,188,15.571062271062269,13.825,0.3443223443223443,2026-03,unreliable_trip_rate,0.0,0.0,1.0,0.0,False
49,Clinton Hill,21,122,42,23.63292349726776,20.566666666666666,0.3442622950819672,2026-03,unreliable_trip_rate,0.0,0.0,1.0,0.0,False
63,Cypress Hills,16,61,21,41.477322404371584,39.016666666666666,0.3442622950819672,2026-03,unreliable_trip_rate,0.0,0.0,1.0,0.0,False
83,Elmhurst/Maspeth,19,61,21,21.2172131147541,20.566666666666666,0.3442622950819672,2026-03,unreliable_trip_rate,0.0,0.0,1.0,0.0,False
133,Kensington,12,61,21,40.06748633879781,38.43333333333333,0.3442622950819672,2026-03,unreliable_trip_rate,0.0,0.0,1.0,0.0,False
177,Ocean Hill,0,61,21,20.85737704918033,19.2,0.3442622950819672,2026-03,unreliable_trip_rate,0.0,0.0,1.0,0.0,False
205,Saint Albans,12,61,21,53.28633879781421,51.333333333333336,0.3442622950819672,2026-03,unreliable_trip_rate,0.0,0.0,1.0,0.0,False
163,Midtown North,10,3926,1351,16.00047546272712,13.466666666666667,0.3441161487519103,2026-03,unreliable_trip_rate,0.0,0.0,0.11767702496179318,0.8823229750382068,False
37,Bushwick South,13,218,75,32.60894495412844,28.316666666666666,0.3440366972477064,2026-03,unreliable_trip_rate,0.0,0.0,1.0,0.0,False
232,Two Bridges/Seward Park,3,218,75,14.096712538226301,13.591666666666667,0.3440366972477064,2026-03,unreliable_trip_rate,0.0,0.0,1.0,0.0,False
163,Midtown North,8,2382,819,13.822914917436329,10.775,0.3438287153652393,2026-03,unreliable_trip_rate,0.0,0.0,0.15659109991603695,0.8434089000839631,False
18,Bedford Park,6,64,22,46.98098958333333,43.80833333333333,0.34375,2026-03,unreliable_trip_rate,0.0,0.0,1.0,0.0,False
60,Crotona Park East,7,96,33,32.94409722222222,28.058333333333334,0.34375,2026-03,unreliable_trip_rate,0.0,0.0,1.0,0.0,False
60,Crotona Park East,17,32,11,53.510416666666664,46.43333333333333,0.34375,2026-03,unreliable_trip_rate,0.0,0.0,1.0,0.0,False
81,Eastchester,8,96,33,40.255381944444444,35.78333333333333,0.34375,2026-03,unreliable_trip_rate,0.0,0.0,1.0,0.0,False
81,Eastchester,13,32,11,49.25208333333333,45.33333333333333,0.34375,2026-03,unreliable_trip_rate,0.0,0.0,1.0,0.0,False
102,Glendale,12,32,11,28.654166666666665,25.808333333333334,0.34375,2026-03,unreliable_trip_rate,0.0,0.0,1.0,0.0,False
121,Hillcrest/Pomonok,18,32,11,40.13854166666667,36.25,0.34375,2026-03,unreliable_trip_rate,0.0,0.0,1.0,0.0,False
152,Manhattanville,16,320,110,22.500572916666666,18.041666666666664,0.34375,2026-03,unreliable_trip_rate,0.0,0.0,1.0,0.0,False
181,Park Slope,7,128,44,32.731119791666664,29.433333333333334,0.34375,2026-03,unreliable_trip_rate,0.0,0.0,1.0,0.0,False
191,Queens Village,12,32,11,64.95520833333333,60.78333333333333,0.34375,2026-03,unreliable_trip_rate,0.0,0.0,1.0,0.0,False
197,Richmond Hill,21,32,11,15.931770833333333,14.541666666666666,0.34375,2026-03,unreliable_trip_rate,0.0,0.0,1.0,0.0,False
212,Soundview/Bruckner,13,32,11,29.480729166666666,25.366666666666667,0.34375,2026-03,unreliable_trip_rate,0.0,0.0,1.0,0.0,False
216,South Ozone Park,10,96,33,35.92881944444444,32.90833333333333,0.34375,2026-03,unreliable_trip_rate,0.0,0.0,1.0,0.0,False
217,South Williamsburg,19,32,11,25.734375,23.816666666666666,0.34375,2026-03,unreliable_trip_rate,0.0,0.0,1.0,0.0,False
218,Springfield Gardens North,18,32,11,48.58177083333334,46.68333333333334,0.34375,2026-03,unreliable_trip_rate,0.0,0.0,1.0,0.0,False
223,Steinway,7,160,55,25.016666666666666,24.416666666666664,0.34375,2026-03,unreliable_trip_rate,0.0,0.0,1.0,0.0,False
259,Woodlawn/Wakefield,5,64,22,40.46041666666667,36.724999999999994,0.34375,2026-03,unreliable_trip_rate,0.0,0.0,1.0,0.0,False
163,Midtown North,13,5125,1761,16.249453658536584,13.033333333333333,0.343609756097561,2026-03,unreliable_trip_rate,0.0,0.0,0.10107317073170732,0.8989268292682927,False
25,Boerum Hill,13,195,67,34.24179487179487,29.9,0.3435897435897436,2026-03,unreliable_trip_rate,0.0,0.0,1.0,0.0,False
49,Clinton Hill,7,294,101,32.56309523809524,27.266666666666666,0.3435374149659864,2026-03,unreliable_trip_rate,0.0,0.0,1.0,0.0,False
113,Greenwich Village North,17,3316,1139,14.659770808202655,10.883333333333333,0.34348612786489746,2026-03,unreliable_trip_rate,0.0,0.0,0.15349819059107359,0.8465018094089264,False
148,Lower East Side,6,329,113,15.393768996960487,12.6,0.3434650455927052,2026-03,unreliable_trip_rate,0.0,0.0,1.0,0.0,False
61,Crown Heights North,19,332,114,28.550602409638554,23.891666666666666,0.3433734939759036,2026-03,unreliable_trip_rate,0.0,0.0,1.0,0.0,False
107,Gramercy,10,2837,974,14.85417107272941,12.066666666666666,0.3433204088826225,2026-03,unreliable_trip_rate,0.0,0.0,0.18646457525555163,0.8135354247444484,False
86,Far Rockaway,14,67,23,60.187562189054724,63.416666666666664,0.34328358208955223,2026-03,unreliable_trip_rate,0.0,0.0,1.0,0.0,False
195,Red Hook,19,67,23,25.638059701492537,22.616666666666667,0.34328358208955223,2026-03,unreliable_trip_rate,0.0,0.0,1.0,0.0,False
255,Williamsburg (North Side),10,67,23,22.987810945273633,22.366666666666667,0.34328358208955223,2026-03,unreliable_trip_rate,0.0,0.0,1.0,0.0,False
231,TriBeCa/Civic Center,13,2269,778,20.0823343616865,15.933333333333334,0.3428823270163067,2026-03,unreliable_trip_rate,0.0,0.0,0.24195680916703394,0.7580431908329661,False
49,Clinton Hill,6,140,48,24.661190476190477,21.941666666666666,0.34285714285714286,2026-03,unreliable_trip_rate,0.0,0.0,1.0,0.0,False
56,Corona,13,35,12,35.413809523809526,37.083333333333336,0.34285714285714286,2026-03,unreliable_trip_rate,0.0,0.0,1.0,0.0,False
56,Corona,17,35,12,44.27857142857143,40.733333333333334,0.34285714285714286,2026-03,unreliable_trip_rate,0.0,0.0,1.0,0.0,False
95,Forest Hills,6,140,48,34.113571428571426,29.416666666666668,0.34285714285714286,2026-03,unreliable_trip_rate,0.0,0.0,1.0,0.0,False
127,Inwood,20,70,24,19.80952380952381,16.308333333333334,0.34285714285714286,2026-03,unreliable_trip_rate,0.0,0.0,1.0,0.0,False
139,Laurelton,10,35,12,62.07047619047619,52.55,0.34285714285714286,2026-03,unreliable_trip_rate,0.0,0.0,1.0,0.0,False
209,Seaport,7,105,36,22.395396825396826,20.083333333333332,0.34285714285714286,2026-03,unreliable_trip_rate,0.0,0.0,1.0,0.0,False
248,West Farms/Bronx River,14,35,12,35.99904761904762,28.116666666666667,0.34285714285714286,2026-03,unreliable_trip_rate,0.0,0.0,1.0,0.0,False
140,Lenox Hill East,6,1161,398,11.483218489807637,9.608333333333334,0.34280792420327305,2026-03,unreliable_trip_rate,0.0,0.0,0.35917312661498707,0.6408268733850129,False
148,Lower East Side,5,423,145,14.321867612293143,12.616666666666667,0.34278959810874704,2026-03,unreliable_trip_rate,0.0,0.0,1.0,0.0,False
4,Alphabet City,0,1243,426,14.10339233038348,12.95,0.34271922767497986,2026-03,unreliable_trip_rate,0.0,0.0,0.5366049879324215,0.46339501206757844,False
141,Lenox Hill West,22,3245,1112,11.606764252696456,10.133333333333333,0.34268104776579356,2026-03,unreliable_trip_rate,0.0,0.0,0.19445300462249615,0.8055469953775038,False
151,Manhattan Valley,8,2119,726,16.037549158408055,14.0,0.34261444077395,2026-03,unreliable_trip_rate,0.0,0.0,0.2378480415290231,0.7621519584709768,False
87,Financial District North,9,683,234,20.277501220107368,18.333333333333332,0.34260614934114203,2026-03,unreliable_trip_rate,0.0,0.0,0.9004392386530015,0.09956076134699854,False
49,Clinton Hill,18,254,87,27.2505905511811,22.725,0.3425196850393701,2026-03,unreliable_trip_rate,0.0,0.0,1.0,0.0,False
177,Ocean Hill,6,254,87,36.18333333333334,32.74166666666667,0.3425196850393701,2026-03,unreliable_trip_rate,0.0,0.0,1.0,0.0,False
36,Bushwick North,12,73,25,27.807077625570777,25.166666666666668,0.3424657534246575,2026-03,unreliable_trip_rate,0.0,0.0,1.0,0.0,False
50,Clinton West,4,257,88,13.982295719844357,12.383333333333333,0.3424124513618677,2026-03,unreliable_trip_rate,0.0,0.0,1.0,0.0,False
4,Alphabet City,13,368,126,20.010552536231884,16.558333333333334,0.3423913043478261,2026-03,unreliable_trip_rate,0.0,0.0,1.0,0.0,False
51,Co-Op City,10,111,38,53.736336336336336,53.25,0.34234234234234234,2026-03,unreliable_trip_rate,0.0,0.0,1.0,0.0,False
95,Forest Hills,10,111,38,40.04684684684685,38.083333333333336,0.34234234234234234,2026-03,unreliable_trip_rate,0.0,0.0,1.0,0.0,False
25,Boerum Hill,11,187,64,35.000267379679144,31.6,0.3422459893048128,2026-03,unreliable_trip_rate,0.0,0.0,1.0,0.0,False
33,Brooklyn Heights,10,187,64,30.516221033868096,26.65,0.3422459893048128,2026-03,unreliable_trip_rate,0.0,0.0,1.0,0.0,False
12,Battery Park,14,114,39,20.945321637426897,20.55833333333333,0.34210526315789475,2026-03,unreliable_trip_rate,0.0,0.0,1.0,0.0,False
35,Brownsville,0,38,13,23.92763157894737,24.066666666666666,0.34210526315789475,2026-03,unreliable_trip_rate,0.0,0.0,1.0,0.0,False
51,Co-Op City,20,38,13,26.212280701754388,20.791666666666664,0.34210526315789475,2026-03,unreliable_trip_rate,0.0,0.0,1.0,0.0,False
61,Crown Heights North,23,228,78,20.913742690058477,18.983333333333334,0.34210526315789475,2026-03,unreliable_trip_rate,0.0,0.0,1.0,0.0,False
82,Elmhurst,0,76,26,14.478947368421053,12.716666666666667,0.34210526315789475,2026-03,unreliable_trip_rate,0.0,0.0,1.0,0.0,False
102,Glendale,9,38,13,34.603508771929825,34.61666666666667,0.34210526315789475,2026-03,unreliable_trip_rate,0.0,0.0,1.0,0.0,False
124,Howard Beach,23,38,13,20.907894736842106,18.758333333333333,0.34210526315789475,2026-03,unreliable_trip_rate,0.0,0.0,1.0,0.0,False
193,Queensbridge/Ravenswood,5,76,26,25.843201754385962,18.975,0.34210526315789475,2026-03,unreliable_trip_rate,0.0,0.0,1.0,0.0,False
196,Rego Park,9,38,13,43.86184210526316,40.13333333333333,0.34210526315789475,2026-03,unreliable_trip_rate,0.0,0.0,1.0,0.0,False
222,Starrett City,15,38,13,42.21666666666667,33.891666666666666,0.34210526315789475,2026-03,unreliable_trip_rate,0.0,0.0,1.0,0.0,False
256,Williamsburg (South Side),15,114,39,27.81652046783626,23.825,0.34210526315789475,2026-03,unreliable_trip_rate,0.0,0.0,1.0,0.0,False
162,Midtown East,23,2901,992,12.15981270826152,9.958333333333332,0.3419510513615994,2026-03,unreliable_trip_rate,0.0,0.0,0.20544639779386417,0.7945536022061358,False
256,Williamsburg (South Side),5,155,53,19.939139784946235,16.116666666666667,0.3419354838709677,2026-03,unreliable_trip_rate,0.0,0.0,1.0,0.0,False
87,Financial District North,14,936,320,22.907175925925923,18.166666666666664,0.3418803418803419,2026-03,unreliable_trip_rate,0.0,0.0,0.7061965811965812,0.2938034188034188,False
45,Chinatown,16,550,188,28.780121212121212,22.566666666666666,0.3418181818181818,2026-03,unreliable_trip_rate,0.0,0.0,1.0,0.0,False
88,Financial District South,10,316,108,20.542510548523207,17.208333333333332,0.34177215189873417,2026-03,unreliable_trip_rate,0.0,0.0,1.0,0.0,False
238,Upper West Side North,20,2976,1017,11.969483646953405,9.808333333333334,0.34173387096774194,2026-03,unreliable_trip_rate,0.0,0.0,0.1851478494623656,0.8148521505376344,False
246,West Chelsea/Hudson Yards,11,2477,846,17.6918651594671,15.8,0.3415421881308034,2026-03,unreliable_trip_rate,0.0,0.0,0.20952765442067017,0.7904723455793299,False
4,Alphabet City,19,612,209,15.716857298474947,14.358333333333334,0.3415032679738562,2026-03,unreliable_trip_rate,0.0,0.0,0.826797385620915,0.17320261437908496,False
66,DUMBO/Vinegar Hill,16,205,70,23.44317073170732,20.833333333333332,0.34146341463414637,2026-03,unreliable_trip_rate,0.0,0.0,1.0,0.0,False
196,Rego Park,21,41,14,20.3130081300813,18.366666666666667,0.34146341463414637,2026-03,unreliable_trip_rate,0.0,0.0,1.0,0.0,False
141,Lenox Hill West,6,1479,505,11.21027721433401,9.85,0.341446923597025,2026-03,unreliable_trip_rate,0.0,0.0,0.3265720081135903,0.6734279918864098,False
88,Financial District South,23,756,258,17.641225749559084,15.991666666666667,0.3412698412698413,2026-03,unreliable_trip_rate,0.0,0.0,0.8835978835978836,0.1164021164021164,False
129,Jackson Heights,10,126,43,29.86494708994709,27.258333333333333,0.3412698412698413,2026-03,unreliable_trip_rate,0.0,0.0,1.0,0.0,False
130,Jamaica,3,85,29,14.785098039215686,14.083333333333334,0.3411764705882353,2026-03,unreliable_trip_rate,0.0,0.0,1.0,0.0,False
159,Melrose South,12,85,29,37.081568627450984,30.15,0.3411764705882353,2026-03,unreliable_trip_rate,0.0,0.0,1.0,0.0,False
249,West Village,16,2833,966,15.135704200494175,11.4,0.34098129191669607,2026-03,unreliable_trip_rate,0.0,0.0,0.1415460642428521,0.8584539357571479,False
32,Bronxdale,9,44,15,46.0,46.075,0.3409090909090909,2026-03,unreliable_trip_rate,0.0,0.0,1.0,0.0,False
121,Hillcrest/Pomonok,15,44,15,39.24659090909091,37.40833333333333,0.3409090909090909,2026-03,unreliable_trip_rate,0.0,0.0,1.0,0.0,False
135,Kew Gardens Hills,6,44,15,33.47689393939394,33.25833333333333,0.3409090909090909,2026-03,unreliable_trip_rate,0.0,0.0,1.0,0.0,False
196,Rego Park,13,44,15,36.63333333333333,32.96666666666667,0.3409090909090909,2026-03,unreliable_trip_rate,0.0,0.0,1.0,0.0,False
248,West Farms/Bronx River,5,44,15,22.848484848484848,20.433333333333334,0.3409090909090909,2026-03,unreliable_trip_rate,0.0,0.0,1.0,0.0,False
17,Bedford,7,267,91,28.485642946317103,25.483333333333334,0.3408239700374532,2026-03,unreliable_trip_rate,0.0,0.0,1.0,0.0,False
226,Sunnyside,11,223,76,22.976083707025413,19.816666666666666,0.34080717488789236,2026-03,unreliable_trip_rate,0.0,0.0,1.0,0.0,False
140,Lenox Hill East,10,4675,1593,14.979768270944742,12.716666666666667,0.3407486631016043,2026-03,unreliable_trip_rate,0.0,0.0,0.13133689839572193,0.8686631016042781,False
90,Flatiron,5,458,156,14.976637554585153,10.241666666666667,0.3406113537117904,2026-03,unreliable_trip_rate,0.0,0.0,0.9279475982532751,0.07205240174672489,False
100,Garment District,7,1841,627,11.648008328806808,9.175,0.3405757740358501,2026-03,unreliable_trip_rate,0.0,0.0,0.25692558392178166,0.7430744160782183,False
66,DUMBO/Vinegar Hill,14,185,63,23.165945945945946,19.566666666666666,0.34054054054054056,2026-03,unreliable_trip_rate,0.0,0.0,1.0,0.0,False
108,Gravesend,15,47,16,64.9113475177305,67.9,0.3404255319148936,2026-03,unreliable_trip_rate,0.0,0.0,1.0,0.0,False
126,Hunts Point,13,47,16,34.06524822695035,31.466666666666665,0.3404255319148936,2026-03,unreliable_trip_rate,0.0,0.0,1.0,0.0,False
37,Bushwick South,8,332,113,29.890110441767067,27.491666666666667,0.34036144578313254,2026-03,unreliable_trip_rate,0.0,0.0,1.0,0.0,False
97,Fort Greene,9,241,82,28.397441217150764,24.116666666666667,0.34024896265560167,2026-03,unreliable_trip_rate,0.0,0.0,1.0,0.0,False
122,Hollis,6,97,33,47.39553264604811,45.7,0.3402061855670103,2026-03,unreliable_trip_rate,0.0,0.0,1.0,0.0,False
237,Upper East Side South,23,3602,1225,11.626762909494724,9.208333333333332,0.3400888395335924,2026-03,unreliable_trip_rate,0.0,0.0,0.17268184342032206,0.827318156579678,False
161,Midtown Center,7,1932,657,12.58616287094548,9.2,0.34006211180124224,2026-03,unreliable_trip_rate,0.0,0.0,0.19254658385093168,0.8074534161490683,False
12,Battery Park,12,100,34,22.308166666666665,20.40833333333333,0.34,2026-03,unreliable_trip_rate,0.0,0.0,1.0,0.0,False
89,Flatbush/Ditmas Park,0,50,17,21.334333333333333,19.541666666666664,0.34,2026-03,unreliable_trip_rate,0.0,0.0,1.0,0.0,False
93,Flushing Meadows-Corona Park,17,50,17,28.985,26.691666666666666,0.34,2026-03,unreliable_trip_rate,0.0,0.0,1.0,0.0,False
139,Laurelton,8,50,17,54.838,54.20833333333333,0.34,2026-03,unreliable_trip_rate,0.0,0.0,1.0,0.0,False
149,Madison,14,50,17,40.739666666666665,39.141666666666666,0.34,2026-03,unreliable_trip_rate,0.0,0.0,1.0,0.0,False
149,Madison,15,50,17,49.67433333333334,42.44166666666666,0.34,2026-03,unreliable_trip_rate,0.0,0.0,1.0,0.0,False
152,Manhattanville,19,350,119,15.858285714285714,14.208333333333332,0.34,2026-03,unreliable_trip_rate,0.0,0.0,1.0,0.0,False
182,Parkchester,4,50,17,41.60166666666667,42.150000000000006,0.34,2026-03,unreliable_trip_rate,0.0,0.0,1.0,0.0,False
205,Saint Albans,9,103,35,48.94563106796116,48.95,0.33980582524271846,2026-03,unreliable_trip_rate,0.0,0.0,1.0,0.0,False
158,Meatpacking/West Village West,17,2125,722,16.305560784313727,14.35,0.33976470588235297,2026-03,unreliable_trip_rate,0.0,0.0,0.20941176470588235,0.7905882352941176,False
85,Erasmus,7,159,54,36.3314465408805,30.25,0.33962264150943394,2026-03,unreliable_trip_rate,0.0,0.0,1.0,0.0,False
198,Ridgewood,15,53,18,29.213522012578615,26.033333333333335,0.33962264150943394,2026-03,unreliable_trip_rate,0.0,0.0,1.0,0.0,False
224,Stuy Town/Peter Cooper Village,11,424,144,16.289819182389937,14.241666666666667,0.33962264150943394,2026-03,unreliable_trip_rate,0.0,0.0,1.0,0.0,False
137,Kips Bay,3,427,145,10.023536299765809,8.766666666666667,0.3395784543325527,2026-03,unreliable_trip_rate,0.0,0.0,0.9180327868852459,0.08196721311475409,False
244,Washington Heights South,14,536,182,28.79490049751244,22.266666666666666,0.33955223880597013,2026-03,unreliable_trip_rate,0.0,0.0,1.0,0.0,False
48,Clinton East,8,3225,1095,13.772072351421189,10.866666666666667,0.3395348837209302,2026-03,unreliable_trip_rate,0.0,0.0,0.15441860465116278,0.8455813953488373,False
246,West Chelsea/Hudson Yards,12,2798,950,17.355527757922328,14.516666666666666,0.33952823445318087,2026-03,unreliable_trip_rate,0.0,0.0,0.2008577555396712,0.7991422444603288,False
37,Bushwick South,7,377,128,29.53664898320071,25.466666666666665,0.3395225464190981,2026-03,unreliable_trip_rate,0.0,0.0,1.0,0.0,False
238,Upper West Side North,11,4495,1526,13.789914720059326,8.7,0.33948832035595106,2026-03,unreliable_trip_rate,0.0,0.0,0.1167964404894327,0.8832035595105673,False
224,Stuy Town/Peter Cooper Village,2,109,37,12.020948012232415,10.666666666666666,0.3394495412844037,2026-03,unreliable_trip_rate,0.0,0.0,1.0,0.0,False
188,Prospect-Lefferts Gardens,17,221,75,36.03325791855204,29.6,0.3393665158371041,2026-03,unreliable_trip_rate,0.0,0.0,1.0,0.0,False
13,Battery Park City,4,56,19,18.338988095238097,16.958333333333332,0.3392857142857143,2026-03,unreliable_trip_rate,0.0,0.0,1.0,0.0,False
47,Claremont/Bathgate,16,56,19,50.76101190476191,41.6,0.3392857142857143,2026-03,unreliable_trip_rate,0.0,0.0,1.0,0.0,False
60,Crotona Park East,12,56,19,41.56904761904762,36.891666666666666,0.3392857142857143,2026-03,unreliable_trip_rate,0.0,0.0,1.0,0.0,False
130,Jamaica,19,171,58,24.4093567251462,20.8,0.3391812865497076,2026-03,unreliable_trip_rate,0.0,0.0,1.0,0.0,False
151,Manhattan Valley,0,286,97,13.891258741258742,12.916666666666666,0.33916083916083917,2026-03,unreliable_trip_rate,0.0,0.0,1.0,0.0,False
114,Greenwich Village South,7,410,139,13.753780487804878,11.4,0.33902439024390246,2026-03,unreliable_trip_rate,0.0,0.0,0.9024390243902439,0.0975609756097561,False
89,Flatbush/Ditmas Park,17,236,80,38.06652542372882,32.125,0.3389830508474576,2026-03,unreliable_trip_rate,0.0,0.0,1.0,0.0,False
232,Two Bridges/Seward Park,8,655,222,21.236259541984733,17.45,0.33893129770992364,2026-03,unreliable_trip_rate,0.0,0.0,0.9511450381679389,0.04885496183206107,False
238,Upper West Side North,1,301,102,13.046345514950165,10.65,0.3388704318936877,2026-03,unreliable_trip_rate,0.0,0.0,1.0,0.0,False
232,Two Bridges/Seward Park,19,664,225,17.47038152610442,15.616666666666667,0.338855421686747,2026-03,unreliable_trip_rate,0.0,0.0,0.927710843373494,0.07228915662650602,False
144,Little Italy/NoLiTa,0,2621,888,13.1762368052906,11.75,0.33880198397558187,2026-03,unreliable_trip_rate,0.0,0.0,0.2502861503243037,0.7497138496756963,False
232,Two Bridges/Seward Park,18,673,228,19.26188707280832,17.316666666666666,0.3387815750371471,2026-03,unreliable_trip_rate,0.0,0.0,0.937592867756315,0.06240713224368499,False
127,Inwood,6,62,21,27.25752688172043,23.025,0.3387096774193548,2026-03,unreliable_trip_rate,0.0,0.0,1.0,0.0,False
193,Queensbridge/Ravenswood,10,124,42,23.576209677419353,21.46666666666667,0.3387096774193548,2026-03,unreliable_trip_rate,0.0,0.0,1.0,0.0,False
107,Gramercy,17,4069,1378,16.486765790120423,12.183333333333334,0.33865814696485624,2026-03,unreliable_trip_rate,0.0,0.0,0.1410666011304989,0.8589333988695012,False
211,SoHo,6,127,43,14.223884514435696,12.25,0.33858267716535434,2026-03,unreliable_trip_rate,0.0,0.0,1.0,0.0,False
244,Washington Heights South,16,517,175,26.26995486782721,21.716666666666665,0.33849129593810445,2026-03,unreliable_trip_rate,0.0,0.0,1.0,0.0,False
127,Inwood,21,65,22,16.325128205128205,14.45,0.3384615384615385,2026-03,unreliable_trip_rate,0.0,0.0,1.0,0.0,False
134,Kew Gardens,18,65,22,22.766410256410257,17.883333333333333,0.3384615384615385,2026-03,unreliable_trip_rate,0.0,0.0,1.0,0.0,False
254,Williamsbridge/Olinville,15,65,22,45.292307692307695,39.46666666666667,0.3384615384615385,2026-03,unreliable_trip_rate,0.0,0.0,1.0,0.0,False
45,Chinatown,21,656,222,16.695096544715447,15.633333333333333,0.3384146341463415,2026-03,unreliable_trip_rate,0.0,0.0,0.9222560975609756,0.07774390243902439,False
166,Morningside Heights,4,198,67,16.10875420875421,13.258333333333333,0.3383838383838384,2026-03,unreliable_trip_rate,0.0,0.0,1.0,0.0,False
174,Norwood,14,68,23,56.34044117647059,52.766666666666666,0.3382352941176471,2026-03,unreliable_trip_rate,0.0,0.0,1.0,0.0,False
216,South Ozone Park,0,68,23,17.519117647058824,17.625,0.3382352941176471,2026-03,unreliable_trip_rate,0.0,0.0,1.0,0.0,False
48,Clinton East,18,5260,1779,13.968482256020277,10.725000000000001,0.338212927756654,2026-03,unreliable_trip_rate,0.0,0.0,0.1070342205323194,0.8929657794676806,False
100,Garment District,18,3669,1240,15.626178795312073,11.116666666666667,0.3379667484328155,2026-03,unreliable_trip_rate,0.0,0.0,0.15208503679476695,0.8479149632052331,False
89,Flatbush/Ditmas Park,20,145,49,27.248045977011493,23.733333333333334,0.33793103448275863,2026-03,unreliable_trip_rate,0.0,0.0,1.0,0.0,False
170,Murray Hill,10,4984,1684,16.140593231674693,13.625,0.3378812199036918,2026-03,unreliable_trip_rate,0.0,0.0,0.11015248796147672,0.8898475120385233,False
189,Prospect Heights,10,74,25,35.3981981981982,31.725,0.33783783783783783,2026-03,unreliable_trip_rate,0.0,0.0,1.0,0.0,False
208,Schuylerville/Edgewater Park,6,74,25,40.47162162162162,35.575,0.33783783783783783,2026-03,unreliable_trip_rate,0.0,0.0,1.0,0.0,False
218,Springfield Gardens North,10,74,25,52.84864864864865,48.28333333333333,0.33783783783783783,2026-03,unreliable_trip_rate,0.0,0.0,1.0,0.0,False
233,UN/Turtle Bay South,3,148,50,12.875675675675675,10.775,0.33783783783783783,2026-03,unreliable_trip_rate,0.0,0.0,1.0,0.0,False
263,Yorkville West,21,3671,1240,11.463733769181877,9.766666666666667,0.3377826205393626,2026-03,unreliable_trip_rate,0.0,0.0,0.1694361209479706,0.8305638790520294,False
97,Fort Greene,23,453,153,19.486423841059604,17.4,0.33774834437086093,2026-03,unreliable_trip_rate,0.0,0.0,1.0,0.0,False
65,Downtown Brooklyn/MetroTech,8,231,78,22.13297258297258,19.5,0.33766233766233766,2026-03,unreliable_trip_rate,0.0,0.0,1.0,0.0,False
127,Inwood,19,77,26,24.0008658008658,17.433333333333334,0.33766233766233766,2026-03,unreliable_trip_rate,0.0,0.0,1.0,0.0,False
197,Richmond Hill,9,77,26,32.30238095238095,30.633333333333333,0.33766233766233766,2026-03,unreliable_trip_rate,0.0,0.0,1.0,0.0,False
90,Flatiron,0,2429,820,13.027267737066008,11.716666666666667,0.33758748456154797,2026-03,unreliable_trip_rate,0.0,0.0,0.26759983532317827,0.7324001646768218,False
85,Erasmus,12,83,28,38.751204819277106,31.833333333333332,0.3373493975903614,2026-03,unreliable_trip_rate,0.0,0.0,1.0,0.0,False
49,Clinton Hill,13,169,57,32.13185404339251,28.333333333333332,0.33727810650887574,2026-03,unreliable_trip_rate,0.0,0.0,1.0,0.0,False
52,Cobble Hill,9,86,29,25.9265503875969,22.183333333333334,0.3372093023255814,2026-03,unreliable_trip_rate,0.0,0.0,1.0,0.0,False
91,Flatlands,18,86,29,35.134689922480625,29.799999999999997,0.3372093023255814,2026-03,unreliable_trip_rate,0.0,0.0,1.0,0.0,False
264,Unknown,16,264,89,20.104040404040404,14.816666666666666,0.3371212121212121,2026-03,unreliable_trip_rate,0.0,0.0,0.6212121212121212,0.3787878787878788,False
77,East New York/Pennsylvania Avenue,12,89,30,42.41910112359551,40.416666666666664,0.33707865168539325,2026-03,unreliable_trip_rate,0.0,0.0,1.0,0.0,False
220,Spuyten Duyvil/Kingsbridge,7,89,30,37.06348314606742,32.3,0.33707865168539325,2026-03,unreliable_trip_rate,0.0,0.0,1.0,0.0,False
223,Steinway,0,89,30,18.442696629213483,16.65,0.33707865168539325,2026-03,unreliable_trip_rate,0.0,0.0,1.0,0.0,False
148,Lower East Side,18,2059,694,16.48934757973126,14.6,0.3370568237008256,2026-03,unreliable_trip_rate,0.0,0.0,0.34628460417678486,0.6537153958232151,False
224,Stuy Town/Peter Cooper Village,7,635,214,14.98787401574803,12.65,0.33700787401574805,2026-03,unreliable_trip_rate,0.0,0.0,0.8582677165354331,0.14173228346456693,False
48,Clinton East,2,1763,594,12.356797126110795,11.116666666666667,0.3369256948383437,2026-03,unreliable_trip_rate,0.0,0.0,0.420873511060692,0.579126488939308,False
152,Manhattanville,22,187,63,14.799732620320857,13.383333333333333,0.33689839572192515,2026-03,unreliable_trip_rate,0.0,0.0,1.0,0.0,False
146,Long Island City/Queens Plaza,18,282,95,21.87594562647754,19.666666666666664,0.33687943262411346,2026-03,unreliable_trip_rate,0.0,0.0,1.0,0.0,False
87,Financial District North,17,1891,637,22.491512427287148,18.033333333333335,0.33685880486515074,2026-03,unreliable_trip_rate,0.0,0.0,0.4230565838180857,0.5769434161819144,False
36,Bushwick North,16,98,33,35.17057823129252,29.46666666666667,0.336734693877551,2026-03,unreliable_trip_rate,0.0,0.0,1.0,0.0,False
85,Erasmus,14,98,33,41.04931972789116,35.224999999999994,0.336734693877551,2026-03,unreliable_trip_rate,0.0,0.0,1.0,0.0,False
247,West Concourse,17,98,33,27.358503401360544,22.299999999999997,0.336734693877551,2026-03,unreliable_trip_rate,0.0,0.0,1.0,0.0,False
116,Hamilton Heights,9,517,174,25.351128304319793,21.716666666666665,0.3365570599613153,2026-03,unreliable_trip_rate,0.0,0.0,0.941972920696325,0.058027079303675046,False
188,Prospect-Lefferts Gardens,23,104,35,22.06570512820513,19.525,0.33653846153846156,2026-03,unreliable_trip_rate,0.0,0.0,1.0,0.0,False
222,Starrett City,12,104,35,40.87019230769231,34.04166666666667,0.33653846153846156,2026-03,unreliable_trip_rate,0.0,0.0,1.0,0.0,False
244,Washington Heights South,19,526,177,19.00776299112801,17.15833333333333,0.3365019011406844,2026-03,unreliable_trip_rate,0.0,0.0,0.8098859315589354,0.19011406844106463,False
177,Ocean Hill,17,107,36,43.714174454828665,39.11666666666667,0.3364485981308411,2026-03,unreliable_trip_rate,0.0,0.0,1.0,0.0,False
189,Prospect Heights,21,107,36,25.92538940809969,22.116666666666667,0.3364485981308411,2026-03,unreliable_trip_rate,0.0,0.0,1.0,0.0,False
226,Sunnyside,3,107,36,13.903115264797506,13.116666666666667,0.3364485981308411,2026-03,unreliable_trip_rate,0.0,0.0,1.0,0.0,False
244,Washington Heights South,21,321,108,17.21858774662513,16.2,0.3364485981308411,2026-03,unreliable_trip_rate,0.0,0.0,1.0,0.0,False
133,Kensington,8,113,38,35.78952802359882,34.833333333333336,0.336283185840708,2026-03,unreliable_trip_rate,0.0,0.0,1.0,0.0,False
47,Claremont/Bathgate,7,119,40,39.80196078431373,32.766666666666666,0.33613445378151263,2026-03,unreliable_trip_rate,0.0,0.0,1.0,0.0,False
72,East Flatbush/Remsen Village,15,119,40,29.97310924369748,23.716666666666665,0.33613445378151263,2026-03,unreliable_trip_rate,0.0,0.0,1.0,0.0,False
137,Kips Bay,2,494,166,10.949460188933873,9.666666666666666,0.3360323886639676,2026-03,unreliable_trip_rate,0.0,0.0,0.8582995951417004,0.1417004048582996,False
112,Greenpoint,10,125,42,25.5088,21.633333333333333,0.336,2026-03,unreliable_trip_rate,0.0,0.0,1.0,0.0,False
209,Seaport,0,509,171,15.458906352324819,14.466666666666667,0.33595284872298625,2026-03,unreliable_trip_rate,0.0,0.0,0.8585461689587426,0.14145383104125736,False
113,Greenwich Village North,18,3995,1342,13.85828535669587,11.083333333333334,0.33591989987484355,2026-03,unreliable_trip_rate,0.0,0.0,0.14793491864831038,0.8520650813516896,False
226,Sunnyside,21,262,88,18.60324427480916,17.291666666666664,0.33587786259541985,2026-03,unreliable_trip_rate,0.0,0.0,1.0,0.0,False
211,SoHo,21,2141,719,14.33612797758057,12.383333333333333,0.33582438113031293,2026-03,unreliable_trip_rate,0.0,0.0,0.27603923400280245,0.7239607659971976,False
226,Sunnyside,8,408,137,25.12124183006536,24.116666666666667,0.33578431372549017,2026-03,unreliable_trip_rate,0.0,0.0,1.0,0.0,False
246,West Chelsea/Hudson Yards,7,819,275,15.61965811965812,13.183333333333334,0.33577533577533575,2026-03,unreliable_trip_rate,0.0,0.0,0.6117216117216118,0.3882783882783883,False
80,East Williamsburg,10,137,46,28.607785888077856,25.883333333333333,0.3357664233576642,2026-03,unreliable_trip_rate,0.0,0.0,1.0,0.0,False
4,Alphabet City,7,694,233,17.426272814601347,14.483333333333333,0.3357348703170029,2026-03,unreliable_trip_rate,0.0,0.0,0.9495677233429395,0.05043227665706052,False
225,Stuyvesant Heights,4,140,47,21.24833333333333,19.875,0.3357142857142857,2026-03,unreliable_trip_rate,0.0,0.0,1.0,0.0,False
229,Sutton Place/Turtle Bay North,3,286,96,11.477564102564104,10.491666666666667,0.3356643356643357,2026-03,unreliable_trip_rate,0.0,0.0,1.0,0.0,False
211,SoHo,22,2005,673,14.096591853699087,12.233333333333333,0.33566084788029926,2026-03,unreliable_trip_rate,0.0,0.0,0.3057356608478803,0.6942643391521197,False
224,Stuy Town/Peter Cooper Village,12,438,147,16.95726788432268,14.225,0.3356164383561644,2026-03,unreliable_trip_rate,0.0,0.0,1.0,0.0,False
224,Stuy Town/Peter Cooper Village,20,450,151,14.227666666666666,13.225,0.33555555555555555,2026-03,unreliable_trip_rate,0.0,0.0,0.9022222222222223,0.09777777777777778,False
7,Astoria,8,608,204,26.417132675438598,25.40833333333333,0.3355263157894737,2026-03,unreliable_trip_rate,0.0,0.0,1.0,0.0,False
162,Midtown East,9,4900,1644,14.904836734693877,12.25,0.3355102040816327,2026-03,unreliable_trip_rate,0.0,0.0,0.08877551020408163,0.9112244897959184,False
107,Gramercy,23,3640,1221,12.34065476190476,10.858333333333334,0.3354395604395604,2026-03,unreliable_trip_rate,0.0,0.0,0.16703296703296702,0.832967032967033,False
170,Murray Hill,15,5608,1881,17.579796718972897,12.975,0.335413694721826,2026-03,unreliable_trip_rate,0.0,0.0,0.1242867332382311,0.8757132667617689,False
243,Washington Heights North,20,170,57,18.069313725490197,16.858333333333334,0.3352941176470588,2026-03,unreliable_trip_rate,0.0,0.0,1.0,0.0,False
262,Yorkville East,10,4119,1381,13.076377761592619,11.6,0.3352755523185239,2026-03,unreliable_trip_rate,0.0,0.0,0.13498421947074532,0.8650157805292547,False
243,Washington Heights North,15,182,61,27.663553113553114,22.316666666666666,0.33516483516483514,2026-03,unreliable_trip_rate,0.0,0.0,1.0,0.0,False
37,Bushwick South,3,430,144,18.4653488372093,17.441666666666666,0.33488372093023255,2026-03,unreliable_trip_rate,0.0,0.0,1.0,0.0,False
232,Two Bridges/Seward Park,4,221,74,14.388612368024132,13.033333333333333,0.334841628959276,2026-03,unreliable_trip_rate,0.0,0.0,1.0,0.0,False
181,Park Slope,20,230,77,23.248115942028985,23.05,0.3347826086956522,2026-03,unreliable_trip_rate,0.0,0.0,1.0,0.0,False
107,Gramercy,9,3235,1083,13.403549716640907,11.6,0.3347758887171561,2026-03,unreliable_trip_rate,0.0,0.0,0.16754250386398764,0.8324574961360124,False
151,Manhattan Valley,9,2002,670,14.806160506160507,12.441666666666666,0.33466533466533466,2026-03,unreliable_trip_rate,0.0,0.0,0.1958041958041958,0.8041958041958042,False
88,Financial District South,12,565,189,22.48156342182891,19.366666666666667,0.3345132743362832,2026-03,unreliable_trip_rate,0.0,0.0,1.0,0.0,False
87,Financial District North,13,897,300,21.59459308807135,18.35,0.33444816053511706,2026-03,unreliable_trip_rate,0.0,0.0,0.8405797101449275,0.15942028985507245,False
43,Central Park,16,3965,1326,16.087839428331232,13.383333333333333,0.3344262295081967,2026-03,unreliable_trip_rate,0.0,0.0,0.1167717528373266,0.8832282471626733,False
36,Bushwick North,4,320,107,17.22125,16.7,0.334375,2026-03,unreliable_trip_rate,0.0,0.0,1.0,0.0,False
224,Stuy Town/Peter Cooper Village,18,658,220,15.863601823708207,14.816666666666666,0.3343465045592705,2026-03,unreliable_trip_rate,0.0,0.0,0.8009118541033434,0.19908814589665655,False
230,Times Sq/Theatre District,7,1663,556,16.819933854479856,11.566666666666666,0.3343355381840048,2026-03,unreliable_trip_rate,0.0,0.0,0.2880336740829826,0.7119663259170175,False
164,Midtown South,23,4056,1356,13.577140861275476,11.991666666666667,0.3343195266272189,2026-03,unreliable_trip_rate,0.0,0.0,0.1809664694280079,0.8190335305719921,False
140,Lenox Hill East,15,6081,2032,18.543068574247656,13.066666666666666,0.3341555665186647,2026-03,unreliable_trip_rate,0.0,0.0,0.1427396809735241,0.8572603190264759,False
48,Clinton East,6,2273,759,11.066659334213227,8.383333333333333,0.33391992960844696,2026-03,unreliable_trip_rate,0.0,0.0,0.22217333919929608,0.777826660800704,False
100,Garment District,17,3474,1160,17.06134139320668,12.166666666666666,0.333909038572251,2026-03,unreliable_trip_rate,0.0,0.0,0.14651698330454807,0.8534830166954519,False
261,World Trade Center,19,1363,455,16.8342504279775,15.916666666666666,0.3338224504768892,2026-03,unreliable_trip_rate,0.0,0.0,0.615553925165077,0.384446074834923,False
41,Central Harlem,6,788,263,18.4164551607445,15.966666666666667,0.33375634517766495,2026-03,unreliable_trip_rate,0.0,0.0,0.7563451776649747,0.2436548223350254,False
141,Lenox Hill West,17,5549,1851,13.03737910734667,9.516666666666666,0.3335736168679041,2026-03,unreliable_trip_rate,0.0,0.0,0.09208866462425662,0.9079113353757434,False
14,Bay Ridge,4,36,12,25.2162037037037,21.5,0.3333333333333333,2026-03,unreliable_trip_rate,0.0,0.0,1.0,0.0,False
18,Bedford Park,5,63,21,47.11957671957672,41.666666666666664,0.3333333333333333,2026-03,unreliable_trip_rate,0.0,0.0,1.0,0.0,False
18,Bedford Park,14,72,24,52.9900462962963,52.05833333333334,0.3333333333333333,2026-03,unreliable_trip_rate,0.0,0.0,1.0,0.0,False
21,Bensonhurst East,11,36,12,33.805092592592594,26.85,0.3333333333333333,2026-03,unreliable_trip_rate,0.0,0.0,1.0,0.0,False
22,Bensonhurst West,7,57,19,44.872514619883034,41.25,0.3333333333333333,2026-03,unreliable_trip_rate,0.0,0.0,1.0,0.0,False
22,Bensonhurst West,18,39,13,26.550427350427352,21.016666666666666,0.3333333333333333,2026-03,unreliable_trip_rate,0.0,0.0,1.0,0.0,False
25,Boerum Hill,7,186,62,26.57912186379928,22.958333333333332,0.3333333333333333,2026-03,unreliable_trip_rate,0.0,0.0,1.0,0.0,False
26,Borough Park,15,99,33,40.57710437710438,35.9,0.3333333333333333,2026-03,unreliable_trip_rate,0.0,0.0,1.0,0.0,False
29,Brighton Beach,11,66,22,51.37525252525253,41.59166666666667,0.3333333333333333,2026-03,unreliable_trip_rate,0.0,0.0,1.0,0.0,False
29,Brighton Beach,14,60,20,46.62861111111111,41.516666666666666,0.3333333333333333,2026-03,unreliable_trip_rate,0.0,0.0,1.0,0.0,False
32,Bronxdale,8,66,22,38.604292929292924,31.858333333333334,0.3333333333333333,2026-03,unreliable_trip_rate,0.0,0.0,1.0,0.0,False
33,Brooklyn Heights,14,201,67,35.16252072968491,29.433333333333334,0.3333333333333333,2026-03,unreliable_trip_rate,0.0,0.0,1.0,0.0,False
34,Brooklyn Navy Yard,16,30,10,20.234444444444442,20.383333333333333,0.3333333333333333,2026-03,unreliable_trip_rate,0.0,0.0,1.0,0.0,False
36,Bushwick North,13,93,31,31.3747311827957,28.3,0.3333333333333333,2026-03,unreliable_trip_rate,0.0,0.0,1.0,0.0,False
36,Bushwick North,20,99,33,24.42407407407407,23.0,0.3333333333333333,2026-03,unreliable_trip_rate,0.0,0.0,1.0,0.0,False
45,Chinatown,7,132,44,23.323737373737373,19.858333333333334,0.3333333333333333,2026-03,unreliable_trip_rate,0.0,0.0,1.0,0.0,False
47,Claremont/Bathgate,10,51,17,46.222875816993465,41.983333333333334,0.3333333333333333,2026-03,unreliable_trip_rate,0.0,0.0,1.0,0.0,False
51,Co-Op City,13,42,14,53.76984126984127,51.44166666666666,0.3333333333333333,2026-03,unreliable_trip_rate,0.0,0.0,1.0,0.0,False
52,Cobble Hill,12,54,18,25.51635802469136,22.108333333333334,0.3333333333333333,2026-03,unreliable_trip_rate,0.0,0.0,1.0,0.0,False
67,Dyker Heights,8,30,10,33.92277777777778,28.4,0.3333333333333333,2026-03,unreliable_trip_rate,0.0,0.0,1.0,0.0,False
69,East Concourse/Concourse Village,5,57,19,32.761403508771934,29.383333333333333,0.3333333333333333,2026-03,unreliable_trip_rate,0.0,0.0,1.0,0.0,False
70,East Elmhurst,3,39,13,16.278632478632478,15.383333333333333,0.3333333333333333,2026-03,unreliable_trip_rate,0.0,0.0,1.0,0.0,False
71,East Flatbush/Farragut,6,216,72,40.64182098765432,36.233333333333334,0.3333333333333333,2026-03,unreliable_trip_rate,0.0,0.0,1.0,0.0,False
80,East Williamsburg,16,105,35,34.848571428571425,30.716666666666665,0.3333333333333333,2026-03,unreliable_trip_rate,0.0,0.0,1.0,0.0,False
81,Eastchester,11,39,13,54.493162393162386,50.266666666666666,0.3333333333333333,2026-03,unreliable_trip_rate,0.0,0.0,1.0,0.0,False
83,Elmhurst/Maspeth,8,54,18,26.480555555555558,26.450000000000003,0.3333333333333333,2026-03,unreliable_trip_rate,0.0,0.0,1.0,0.0,False
83,Elmhurst/Maspeth,22,45,15,17.22074074074074,15.066666666666666,0.3333333333333333,2026-03,unreliable_trip_rate,0.0,0.0,1.0,0.0,False
87,Financial District North,3,246,82,15.13360433604336,13.8,0.3333333333333333,2026-03,unreliable_trip_rate,0.0,0.0,1.0,0.0,False
91,Flatlands,23,33,11,19.34242424242424,18.033333333333335,0.3333333333333333,2026-03,unreliable_trip_rate,0.0,0.0,1.0,0.0,False
92,Flushing,21,102,34,18.624183006535947,17.733333333333334,0.3333333333333333,2026-03,unreliable_trip_rate,0.0,0.0,1.0,0.0,False
97,Fort Greene,8,267,89,27.04943820224719,23.816666666666666,0.3333333333333333,2026-03,unreliable_trip_rate,0.0,0.0,1.0,0.0,False
106,Gowanus,1,45,15,21.16777777777778,20.416666666666668,0.3333333333333333,2026-03,unreliable_trip_rate,0.0,0.0,1.0,0.0,False
106,Gowanus,9,48,16,37.121180555555554,34.325,0.3333333333333333,2026-03,unreliable_trip_rate,0.0,0.0,1.0,0.0,False
116,Hamilton Heights,4,135,45,14.11641975308642,12.666666666666666,0.3333333333333333,2026-03,unreliable_trip_rate,0.0,0.0,1.0,0.0,False
116,Hamilton Heights,11,357,119,24.405648926237163,21.166666666666668,0.3333333333333333,2026-03,unreliable_trip_rate,0.0,0.0,1.0,0.0,False
119,Highbridge,10,63,21,33.08835978835979,31.75,0.3333333333333333,2026-03,unreliable_trip_rate,0.0,0.0,1.0,0.0,False
126,Hunts Point,17,36,12,38.56712962962963,29.066666666666666,0.3333333333333333,2026-03,unreliable_trip_rate,0.0,0.0,1.0,0.0,False
126,Hunts Point,19,33,11,22.990909090909092,19.0,0.3333333333333333,2026-03,unreliable_trip_rate,0.0,0.0,1.0,0.0,False
133,Kensington,16,33,11,31.540404040404038,23.366666666666667,0.3333333333333333,2026-03,unreliable_trip_rate,0.0,0.0,1.0,0.0,False
133,Kensington,19,45,15,22.12037037037037,21.733333333333334,0.3333333333333333,2026-03,unreliable_trip_rate,0.0,0.0,1.0,0.0,False
134,Kew Gardens,17,63,21,24.86005291005291,22.0,0.3333333333333333,2026-03,unreliable_trip_rate,0.0,0.0,1.0,0.0,False
135,Kew Gardens Hills,5,36,12,32.099999999999994,30.275,0.3333333333333333,2026-03,unreliable_trip_rate,0.0,0.0,1.0,0.0,False
136,Kingsbridge Heights,13,36,12,59.10092592592592,54.425,0.3333333333333333,2026-03,unreliable_trip_rate,0.0,0.0,1.0,0.0,False
136,Kingsbridge Heights,14,39,13,41.740598290598285,36.416666666666664,0.3333333333333333,2026-03,unreliable_trip_rate,0.0,0.0,1.0,0.0,False
146,Long Island City/Queens Plaza,5,114,38,15.712719298245615,14.5,0.3333333333333333,2026-03,unreliable_trip_rate,0.0,0.0,1.0,0.0,False
146,Long Island City/Queens Plaza,23,168,56,14.759920634920634,13.466666666666667,0.3333333333333333,2026-03,unreliable_trip_rate,0.0,0.0,1.0,0.0,False
160,Middle Village,10,48,16,38.190625000000004,35.675,0.3333333333333333,2026-03,unreliable_trip_rate,0.0,0.0,1.0,0.0,False
160,Middle Village,14,30,10,29.064444444444447,28.725,0.3333333333333333,2026-03,unreliable_trip_rate,0.0,0.0,1.0,0.0,False
160,Middle Village,19,42,14,18.561507936507937,17.625,0.3333333333333333,2026-03,unreliable_trip_rate,0.0,0.0,1.0,0.0,False
165,Midwood,20,30,10,22.385555555555552,16.958333333333336,0.3333333333333333,2026-03,unreliable_trip_rate,0.0,0.0,1.0,0.0,False
167,Morrisania/Melrose,13,72,24,38.91087962962963,33.7,0.3333333333333333,2026-03,unreliable_trip_rate,0.0,0.0,1.0,0.0,False
167,Morrisania/Melrose,14,66,22,44.145707070707076,34.625,0.3333333333333333,2026-03,unreliable_trip_rate,0.0,0.0,1.0,0.0,False
173,North Corona,23,36,12,14.794907407407408,14.691666666666666,0.3333333333333333,2026-03,unreliable_trip_rate,0.0,0.0,1.0,0.0,False
179,Old Astoria,15,111,37,33.960210210210214,30.466666666666665,0.3333333333333333,2026-03,unreliable_trip_rate,0.0,0.0,1.0,0.0,False
189,Prospect Heights,5,42,14,29.218650793650795,22.791666666666664,0.3333333333333333,2026-03,unreliable_trip_rate,0.0,0.0,1.0,0.0,False
191,Queens Village,11,45,15,52.70703703703703,50.583333333333336,0.3333333333333333,2026-03,unreliable_trip_rate,0.0,0.0,1.0,0.0,False
191,Queens Village,16,45,15,51.1462962962963,48.016666666666666,0.3333333333333333,2026-03,unreliable_trip_rate,0.0,0.0,1.0,0.0,False
197,Richmond Hill,18,48,16,27.040277777777778,24.066666666666666,0.3333333333333333,2026-03,unreliable_trip_rate,0.0,0.0,1.0,0.0,False
198,Ridgewood,18,69,23,23.572946859903382,23.4,0.3333333333333333,2026-03,unreliable_trip_rate,0.0,0.0,1.0,0.0,False
202,Roosevelt Island,6,42,14,37.830555555555556,36.016666666666666,0.3333333333333333,2026-03,unreliable_trip_rate,0.0,0.0,1.0,0.0,False
217,South Williamsburg,11,33,11,34.26868686868686,30.883333333333333,0.3333333333333333,2026-03,unreliable_trip_rate,0.0,0.0,1.0,0.0,False
217,South Williamsburg,20,45,15,22.495925925925924,20.766666666666666,0.3333333333333333,2026-03,unreliable_trip_rate,0.0,0.0,1.0,0.0,False
219,Springfield Gardens South,13,45,15,52.421851851851855,43.71666666666667,0.3333333333333333,2026-03,unreliable_trip_rate,0.0,0.0,1.0,0.0,False
220,Spuyten Duyvil/Kingsbridge,8,63,21,44.35026455026455,43.7,0.3333333333333333,2026-03,unreliable_trip_rate,0.0,0.0,1.0,0.0,False
220,Spuyten Duyvil/Kingsbridge,21,42,14,24.918253968253968,23.15,0.3333333333333333,2026-03,unreliable_trip_rate,0.0,0.0,1.0,0.0,False
223,Steinway,2,39,13,17.335470085470085,16.316666666666666,0.3333333333333333,2026-03,unreliable_trip_rate,0.0,0.0,1.0,0.0,False
224,Stuy Town/Peter Cooper Village,1,174,58,13.828065134099617,12.0,0.3333333333333333,2026-03,unreliable_trip_rate,0.0,0.0,1.0,0.0,False
241,Van Cortlandt Village,18,30,10,39.085,29.741666666666667,0.3333333333333333,2026-03,unreliable_trip_rate,0.0,0.0,1.0,0.0,False
241,Van Cortlandt Village,19,36,12,25.05138888888889,20.525,0.3333333333333333,2026-03,unreliable_trip_rate,0.0,0.0,1.0,0.0,False
248,West Farms/Bronx River,4,45,15,21.554444444444446,18.483333333333334,0.3333333333333333,2026-03,unreliable_trip_rate,0.0,0.0,1.0,0.0,False
250,Westchester Village/Unionport,15,39,13,47.71837606837607,41.483333333333334,0.3333333333333333,2026-03,unreliable_trip_rate,0.0,0.0,1.0,0.0,False
254,Williamsbridge/Olinville,20,42,14,27.651190476190475,24.675,0.3333333333333333,2026-03,unreliable_trip_rate,0.0,0.0,1.0,0.0,False
258,Woodhaven,8,141,47,29.76595744680851,25.7,0.3333333333333333,2026-03,unreliable_trip_rate,0.0,0.0,1.0,0.0,False
260,Woodside,13,75,25,25.07422222222222,23.383333333333333,0.3333333333333333,2026-03,unreliable_trip_rate,0.0,0.0,1.0,0.0,False
264,Unknown,5,33,11,17.411111111111108,12.55,0.3333333333333333,2026-03,unreliable_trip_rate,0.0,0.0,1.0,0.0,False
90,Flatiron,17,3719,1239,14.735390337904454,11.583333333333334,0.33315407367571925,2026-03,unreliable_trip_rate,0.0,0.0,0.13041140091422426,0.8695885990857758,False
143,Lincoln Square West,18,3312,1103,12.99283917069243,10.908333333333333,0.33303140096618356,2026-03,unreliable_trip_rate,0.0,0.0,0.161231884057971,0.8387681159420289,False
237,Upper East Side South,9,7630,2541,11.60422236784622,8.141666666666666,0.3330275229357798,2026-03,unreliable_trip_rate,0.0,0.0,0.06762778505897772,0.9323722149410223,False
163,Midtown North,12,4817,1604,16.437640993702857,13.083333333333334,0.33298733651650403,2026-03,unreliable_trip_rate,0.0,0.0,0.08303923603902844,0.9169607639609716,False
142,Lincoln Square East,10,5160,1717,13.732600129198966,10.833333333333332,0.33275193798449615,2026-03,unreliable_trip_rate,0.0,0.0,0.09089147286821705,0.9091085271317829,False
244,Washington Heights South,10,466,155,25.11545064377682,20.983333333333334,0.33261802575107297,2026-03,unreliable_trip_rate,0.0,0.0,1.0,0.0,False
164,Midtown South,13,3539,1177,16.92672129603466,14.033333333333333,0.3325798248092682,2026-03,unreliable_trip_rate,0.0,0.0,0.11867759254026561,0.8813224074597343,False
170,Murray Hill,23,3023,1005,12.609918403352077,11.083333333333334,0.33245120740985773,2026-03,unreliable_trip_rate,0.0,0.0,0.1925239827985445,0.8074760172014555,False
158,Meatpacking/West Village West,16,1772,589,17.21828442437923,14.8,0.332392776523702,2026-03,unreliable_trip_rate,0.0,0.0,0.2562076749435666,0.7437923250564334,False
224,Stuy Town/Peter Cooper Village,23,301,100,13.344462901439647,12.283333333333333,0.33222591362126247,2026-03,unreliable_trip_rate,0.0,0.0,1.0,0.0,False
88,Financial District South,13,584,194,24.565125570776257,20.316666666666666,0.3321917808219178,2026-03,unreliable_trip_rate,0.0,0.0,1.0,0.0,False
162,Midtown East,8,4564,1516,13.224127227578148,9.525,0.33216476774758985,2026-03,unreliable_trip_rate,0.0,0.0,0.09947414548641542,0.9005258545135846,False
50,Clinton West,2,256,85,12.7171875,11.916666666666668,0.33203125,2026-03,unreliable_trip_rate,0.0,0.0,1.0,0.0,False
48,Clinton East,19,4885,1621,12.858440805185943,10.016666666666667,0.3318321392016377,2026-03,unreliable_trip_rate,0.0,0.0,0.11975435005117707,0.8802456499488229,False
116,Hamilton Heights,13,398,132,25.175963149078726,22.333333333333336,0.3316582914572864,2026-03,unreliable_trip_rate,0.0,0.0,1.0,0.0,False
226,Sunnyside,16,392,130,33.74238945578231,26.833333333333336,0.33163265306122447,2026-03,unreliable_trip_rate,0.0,0.0,0.9158163265306123,0.08418367346938775,False
82,Elmhurst,22,190,63,17.14359649122807,16.291666666666668,0.33157894736842103,2026-03,unreliable_trip_rate,0.0,0.0,1.0,0.0,False
143,Lincoln Square West,10,2745,910,14.29672131147541,12.083333333333334,0.331511839708561,2026-03,unreliable_trip_rate,0.0,0.0,0.16320582877959927,0.8367941712204007,False
146,Long Island City/Queens Plaza,9,169,56,19.321499013806708,18.3,0.33136094674556216,2026-03,unreliable_trip_rate,0.0,0.0,1.0,0.0,False
125,Hudson Sq,2,323,107,11.699071207430341,10.05,0.33126934984520123,2026-03,unreliable_trip_rate,0.0,0.0,1.0,0.0,False
49,Clinton Hill,8,320,106,33.905625,29.425,0.33125,2026-03,unreliable_trip_rate,0.0,0.0,1.0,0.0,False
68,East Chelsea,12,4248,1407,18.57057046453233,15.833333333333334,0.3312146892655367,2026-03,unreliable_trip_rate,0.0,0.0,0.10569679849340867,0.8943032015065914,False
87,Financial District North,23,1383,458,16.58985297662087,15.2,0.33116413593637023,2026-03,unreliable_trip_rate,0.0,0.0,0.5357917570498916,0.4642082429501085,False
43,Central Park,14,4557,1509,15.551609245848878,13.016666666666666,0.33113890717577354,2026-03,unreliable_trip_rate,0.0,0.0,0.09611586570111916,0.9038841342988808,False
229,Sutton Place/Turtle Bay North,21,3428,1135,11.79092279268767,9.7,0.33109684947491247,2026-03,unreliable_trip_rate,0.0,0.0,0.19369894982497082,0.8063010501750292,False
170,Murray Hill,13,5610,1857,17.298033273915625,13.975,0.33101604278074864,2026-03,unreliable_trip_rate,0.0,0.0,0.10873440285204991,0.8912655971479501,False
65,Downtown Brooklyn/MetroTech,22,275,91,20.578060606060603,19.25,0.33090909090909093,2026-03,unreliable_trip_rate,0.0,0.0,1.0,0.0,False
152,Manhattanville,8,411,136,20.73941605839416,19.25,0.3309002433090024,2026-03,unreliable_trip_rate,0.0,0.0,1.0,0.0,False
167,Morrisania/Melrose,6,136,45,42.96458333333334,39.68333333333334,0.33088235294117646,2026-03,unreliable_trip_rate,0.0,0.0,1.0,0.0,False
233,UN/Turtle Bay South,18,3349,1108,14.744072857569424,13.149999999999999,0.3308450283666766,2026-03,unreliable_trip_rate,0.0,0.0,0.1815467303672738,0.8184532696327261,False
13,Battery Park City,9,1058,350,18.045778197857594,15.975,0.33081285444234404,2026-03,unreliable_trip_rate,0.0,0.0,0.5396975425330813,0.4603024574669187,False
95,Forest Hills,11,127,42,38.08464566929134,35.75,0.33070866141732286,2026-03,unreliable_trip_rate,0.0,0.0,1.0,0.0,False
69,East Concourse/Concourse Village,10,124,41,38.831720430107524,32.79166666666667,0.33064516129032256,2026-03,unreliable_trip_rate,0.0,0.0,1.0,0.0,False
211,SoHo,16,1845,610,18.275185185185187,15.616666666666667,0.33062330623306235,2026-03,unreliable_trip_rate,0.0,0.0,0.2693766937669377,0.7306233062330624,False
82,Elmhurst,5,121,40,19.432231404958678,16.883333333333333,0.3305785123966942,2026-03,unreliable_trip_rate,0.0,0.0,1.0,0.0,False
159,Melrose South,6,121,40,33.453719008264464,31.916666666666668,0.3305785123966942,2026-03,unreliable_trip_rate,0.0,0.0,1.0,0.0,False
48,Clinton East,7,2532,837,12.31992496050553,9.375,0.3305687203791469,2026-03,unreliable_trip_rate,0.0,0.0,0.19352290679304898,0.806477093206951,False
88,Financial District South,15,805,266,28.109813664596274,22.166666666666668,0.33043478260869563,2026-03,unreliable_trip_rate,0.0,0.0,0.8360248447204969,0.1639751552795031,False
95,Forest Hills,22,115,38,17.993188405797103,15.983333333333333,0.33043478260869563,2026-03,unreliable_trip_rate,0.0,0.0,1.0,0.0,False
152,Manhattanville,6,230,76,18.752101449275365,16.833333333333332,0.33043478260869563,2026-03,unreliable_trip_rate,0.0,0.0,1.0,0.0,False
234,Union Sq,12,4216,1393,15.856870651486402,11.2,0.33040796963946867,2026-03,unreliable_trip_rate,0.0,0.0,0.08704933586337761,0.9129506641366224,False
209,Seaport,19,563,186,16.379307282415628,15.166666666666666,0.33037300177619894,2026-03,unreliable_trip_rate,0.0,0.0,0.8685612788632326,0.13143872113676733,False
40,Carroll Gardens,9,112,37,27.826190476190476,25.391666666666666,0.33035714285714285,2026-03,unreliable_trip_rate,0.0,0.0,1.0,0.0,False
75,East Harlem South,3,112,37,11.062946428571427,10.575,0.33035714285714285,2026-03,unreliable_trip_rate,0.0,0.0,1.0,0.0,False
260,Woodside,21,109,36,17.436085626911314,16.783333333333335,0.3302752293577982,2026-03,unreliable_trip_rate,0.0,0.0,1.0,0.0,False
7,Astoria,17,321,106,26.474247144340602,23.616666666666667,0.3302180685358255,2026-03,unreliable_trip_rate,0.0,0.0,1.0,0.0,False
144,Little Italy/NoLiTa,5,212,70,12.462735849056603,10.933333333333334,0.330188679245283,2026-03,unreliable_trip_rate,0.0,0.0,1.0,0.0,False
170,Murray Hill,12,5812,1919,17.175091764166094,14.641666666666666,0.3301789401238816,2026-03,unreliable_trip_rate,0.0,0.0,0.114762560220234,0.885237439779766,False
144,Little Italy/NoLiTa,1,2514,830,14.27987934234951,11.316666666666666,0.33015115354017505,2026-03,unreliable_trip_rate,0.0,0.0,0.2764518695306285,0.7235481304693715,False
116,Hamilton Heights,0,206,68,14.652022653721682,13.3,0.3300970873786408,2026-03,unreliable_trip_rate,0.0,0.0,1.0,0.0,False
97,Fort Greene,1,100,33,21.941833333333335,18.958333333333336,0.33,2026-03,unreliable_trip_rate,0.0,0.0,1.0,0.0,False
210,Sheepshead Bay,11,100,33,55.359833333333334,51.90833333333333,0.33,2026-03,unreliable_trip_rate,0.0,0.0,1.0,0.0,False
74,East Harlem North,4,194,64,15.894243986254294,13.408333333333333,0.32989690721649484,2026-03,unreliable_trip_rate,0.0,0.0,1.0,0.0,False
243,Washington Heights North,19,188,62,20.541578014184395,18.299999999999997,0.32978723404255317,2026-03,unreliable_trip_rate,0.0,0.0,1.0,0.0,False
261,World Trade Center,5,94,31,17.501241134751773,15.1,0.32978723404255317,2026-03,unreliable_trip_rate,0.0,0.0,1.0,0.0,False
163,Midtown North,11,4504,1485,16.29565941385435,13.55,0.3297069271758437,2026-03,unreliable_trip_rate,0.0,0.0,0.09347246891651866,0.9065275310834814,False
69,East Concourse/Concourse Village,14,91,30,38.25787545787546,31.25,0.32967032967032966,2026-03,unreliable_trip_rate,0.0,0.0,1.0,0.0,False
74,East Harlem North,1,182,60,13.748534798534797,12.25,0.32967032967032966,2026-03,unreliable_trip_rate,0.0,0.0,1.0,0.0,False
89,Flatbush/Ditmas Park,21,91,30,27.645970695970696,25.3,0.32967032967032966,2026-03,unreliable_trip_rate,0.0,0.0,1.0,0.0,False
88,Financial District South,16,995,328,28.98574539363484,21.483333333333334,0.32964824120603015,2026-03,unreliable_trip_rate,0.0,0.0,0.7396984924623116,0.26030150753768844,False
261,World Trade Center,12,980,323,21.782040816326532,19.016666666666666,0.3295918367346939,2026-03,unreliable_trip_rate,0.0,0.0,0.6561224489795918,0.3438775510204082,False
40,Carroll Gardens,19,88,29,23.10587121212121,22.45,0.32954545454545453,2026-03,unreliable_trip_rate,0.0,0.0,1.0,0.0,False
216,South Ozone Park,22,88,29,24.35435606060606,24.191666666666666,0.32954545454545453,2026-03,unreliable_trip_rate,0.0,0.0,1.0,0.0,False
144,Little Italy/NoLiTa,13,1484,489,19.188218778077268,16.516666666666666,0.32951482479784366,2026-03,unreliable_trip_rate,0.0,0.0,0.3888140161725067,0.6111859838274932,False
170,Murray Hill,8,3967,1307,13.014263507268298,11.041666666666668,0.3294681119233678,2026-03,unreliable_trip_rate,0.0,0.0,0.11116712881270481,0.8888328711872951,False
225,Stuyvesant Heights,6,340,112,33.68921568627451,29.708333333333336,0.32941176470588235,2026-03,unreliable_trip_rate,0.0,0.0,1.0,0.0,False
48,Clinton East,1,2526,832,13.299736078120876,11.15,0.32937450514647665,2026-03,unreliable_trip_rate,0.0,0.0,0.28582739509105304,0.714172604908947,False
181,Park Slope,1,167,55,21.41107784431138,19.6,0.32934131736526945,2026-03,unreliable_trip_rate,0.0,0.0,1.0,0.0,False
146,Long Island City/Queens Plaza,12,164,54,22.214430894308943,21.05,0.32926829268292684,2026-03,unreliable_trip_rate,0.0,0.0,1.0,0.0,False
247,West Concourse,19,82,27,20.496138211382114,15.466666666666667,0.32926829268292684,2026-03,unreliable_trip_rate,0.0,0.0,1.0,0.0,False
170,Murray Hill,9,4718,1553,14.739109085770806,12.6,0.3291649003815176,2026-03,unreliable_trip_rate,0.0,0.0,0.09029249682068673,0.9097075031793133,False
179,Old Astoria,16,79,26,26.948312236286917,24.15,0.3291139240506329,2026-03,unreliable_trip_rate,0.0,0.0,1.0,0.0,False
7,Astoria,4,389,128,15.85407026563839,15.333333333333334,0.32904884318766064,2026-03,unreliable_trip_rate,0.0,0.0,0.8200514138817481,0.17994858611825193,False
97,Fort Greene,5,152,50,24.992105263157896,20.366666666666667,0.32894736842105265,2026-03,unreliable_trip_rate,0.0,0.0,1.0,0.0,False
198,Ridgewood,7,152,50,28.29484649122807,26.25,0.32894736842105265,2026-03,unreliable_trip_rate,0.0,0.0,1.0,0.0,False
211,SoHo,17,2204,725,17.5891333938294,15.125,0.32894736842105265,2026-03,unreliable_trip_rate,0.0,0.0,0.2441016333938294,0.7558983666061706,False
25,Boerum Hill,19,301,99,23.067774086378737,20.05,0.3289036544850498,2026-03,unreliable_trip_rate,0.0,0.0,1.0,0.0,False
117,Hammels/Arverne,10,73,24,57.898630136986306,53.18333333333333,0.3287671232876712,2026-03,unreliable_trip_rate,0.0,0.0,1.0,0.0,False
263,Yorkville West,8,4125,1356,13.811175757575757,11.983333333333333,0.3287272727272727,2026-03,unreliable_trip_rate,0.0,0.0,0.1263030303030303,0.8736969696969697,False
17,Bedford,19,210,69,26.28746031746032,22.46666666666667,0.32857142857142857,2026-03,unreliable_trip_rate,0.0,0.0,1.0,0.0,False
42,Central Harlem North,4,274,90,15.346593673965936,14.291666666666668,0.3284671532846715,2026-03,unreliable_trip_rate,0.0,0.0,1.0,0.0,False
45,Chinatown,2,134,44,14.100621890547265,14.058333333333334,0.3283582089552239,2026-03,unreliable_trip_rate,0.0,0.0,1.0,0.0,False
56,Corona,4,67,22,19.768905472636817,16.283333333333335,0.3283582089552239,2026-03,unreliable_trip_rate,0.0,0.0,1.0,0.0,False
157,Maspeth,7,134,44,25.550248756218906,22.475,0.3283582089552239,2026-03,unreliable_trip_rate,0.0,0.0,1.0,0.0,False
159,Melrose South,19,67,22,21.40721393034826,18.316666666666666,0.3283582089552239,2026-03,unreliable_trip_rate,0.0,0.0,1.0,0.0,False
97,Fort Greene,7,265,87,28.447484276729558,23.266666666666666,0.3283018867924528,2026-03,unreliable_trip_rate,0.0,0.0,1.0,0.0,False
80,East Williamsburg,11,131,43,28.232569974554707,24.2,0.3282442748091603,2026-03,unreliable_trip_rate,0.0,0.0,1.0,0.0,False
162,Midtown East,11,5817,1909,16.511280155864995,13.416666666666666,0.3281760357572632,2026-03,unreliable_trip_rate,0.0,0.0,0.06549767921609077,0.9345023207839093,False
83,Elmhurst/Maspeth,7,64,21,26.76953125,24.925,0.328125,2026-03,unreliable_trip_rate,0.0,0.0,1.0,0.0,False
152,Manhattanville,1,64,21,15.142447916666667,13.308333333333334,0.328125,2026-03,unreliable_trip_rate,0.0,0.0,1.0,0.0,False
195,Red Hook,10,64,21,39.21432291666667,35.49166666666667,0.328125,2026-03,unreliable_trip_rate,0.0,0.0,1.0,0.0,False
14,Bay Ridge,12,125,41,46.27746666666667,41.86666666666667,0.328,2026-03,unreliable_trip_rate,0.0,0.0,1.0,0.0,False
158,Meatpacking/West Village West,19,2311,758,14.949336506562814,13.85,0.32799653829511033,2026-03,unreliable_trip_rate,0.0,0.0,0.2332323669407183,0.7667676330592818,False
116,Hamilton Heights,10,372,122,23.715725806451612,20.883333333333333,0.3279569892473118,2026-03,unreliable_trip_rate,0.0,0.0,1.0,0.0,False
116,Hamilton Heights,12,372,122,24.35837813620072,20.84166666666667,0.3279569892473118,2026-03,unreliable_trip_rate,0.0,0.0,1.0,0.0,False
65,Downtown Brooklyn/MetroTech,7,183,60,21.992896174863386,20.433333333333334,0.32786885245901637,2026-03,unreliable_trip_rate,0.0,0.0,1.0,0.0,False
263,Yorkville West,9,3949,1294,13.083476829577108,11.35,0.3276778931375032,2026-03,unreliable_trip_rate,0.0,0.0,0.13117244872119524,0.8688275512788047,False
148,Lower East Side,3,3101,1016,13.134338385467055,11.916666666666666,0.327636246372138,2026-03,unreliable_trip_rate,0.0,0.0,0.3018381167365366,0.6981618832634634,False
79,East Village,13,2451,803,16.2390452876377,13.133333333333333,0.32762137902896776,2026-03,unreliable_trip_rate,0.0,0.0,0.1942064463484292,0.8057935536515708,False
18,Bedford Park,15,58,19,50.25316091954023,39.68333333333334,0.3275862068965517,2026-03,unreliable_trip_rate,0.0,0.0,1.0,0.0,False
217,South Williamsburg,22,58,19,20.837356321839078,20.75,0.3275862068965517,2026-03,unreliable_trip_rate,0.0,0.0,1.0,0.0,False
262,Yorkville East,17,3590,1176,13.87458217270195,10.383333333333333,0.3275766016713092,2026-03,unreliable_trip_rate,0.0,0.0,0.13537604456824512,0.8646239554317549,False
244,Washington Heights South,11,458,150,28.458442503639013,23.558333333333334,0.32751091703056767,2026-03,unreliable_trip_rate,0.0,0.0,1.0,0.0,False
61,Crown Heights North,4,171,56,25.763742690058482,23.766666666666666,0.32748538011695905,2026-03,unreliable_trip_rate,0.0,0.0,1.0,0.0,False
141,Lenox Hill West,8,4669,1529,13.109145427286357,10.5,0.3274791175840651,2026-03,unreliable_trip_rate,0.0,0.0,0.1013064896123367,0.8986935103876633,False
197,Richmond Hill,5,113,37,34.552359882005895,32.85,0.3274336283185841,2026-03,unreliable_trip_rate,0.0,0.0,1.0,0.0,False
162,Midtown East,7,3189,1044,11.223669906971882,8.916666666666666,0.3273753527751646,2026-03,unreliable_trip_rate,0.0,0.0,0.1458137347130762,0.8541862652869238,False
7,Astoria,9,388,127,24.70631443298969,23.21666666666667,0.327319587628866,2026-03,unreliable_trip_rate,0.0,0.0,1.0,0.0,False
164,Midtown South,15,3911,1280,16.64292593539589,12.991666666666667,0.32728202505753007,2026-03,unreliable_trip_rate,0.0,0.0,0.12017386857581182,0.8798261314241882,False
69,East Concourse/Concourse Village,6,165,54,41.025555555555556,40.18333333333333,0.32727272727272727,2026-03,unreliable_trip_rate,0.0,0.0,1.0,0.0,False
167,Morrisania/Melrose,16,55,18,38.09636363636364,29.1,0.32727272727272727,2026-03,unreliable_trip_rate,0.0,0.0,1.0,0.0,False
228,Sunset Park West,11,55,18,47.667272727272724,43.03333333333333,0.32727272727272727,2026-03,unreliable_trip_rate,0.0,0.0,1.0,0.0,False
170,Murray Hill,6,1253,410,11.545517424847034,8.533333333333333,0.3272146847565842,2026-03,unreliable_trip_rate,0.0,0.0,0.45411013567438147,0.5458898643256185,False
140,Lenox Hill East,20,3527,1154,12.56383612134959,11.05,0.32719024666855684,2026-03,unreliable_trip_rate,0.0,0.0,0.1760703147150553,0.8239296852849447,False
97,Fort Greene,13,217,71,31.75783410138249,26.266666666666666,0.3271889400921659,2026-03,unreliable_trip_rate,0.0,0.0,1.0,0.0,False
239,Upper West Side South,23,2831,926,13.330260214294125,10.95,0.3270929000353232,2026-03,unreliable_trip_rate,0.0,0.0,0.203108442246556,0.796891557753444,False
151,Manhattan Valley,1,159,52,14.226415094339623,12.483333333333333,0.3270440251572327,2026-03,unreliable_trip_rate,0.0,0.0,1.0,0.0,False
188,Prospect-Lefferts Gardens,11,263,86,36.084157160963244,31.0,0.3269961977186312,2026-03,unreliable_trip_rate,0.0,0.0,1.0,0.0,False
61,Crown Heights North,5,260,85,27.529551282051283,25.549999999999997,0.3269230769230769,2026-03,unreliable_trip_rate,0.0,0.0,1.0,0.0,False
62,Crown Heights South,22,52,17,23.714102564102568,22.541666666666668,0.3269230769230769,2026-03,unreliable_trip_rate,0.0,0.0,1.0,0.0,False
83,Elmhurst/Maspeth,6,52,17,22.16570512820513,20.391666666666666,0.3269230769230769,2026-03,unreliable_trip_rate,0.0,0.0,1.0,0.0,False
165,Midwood,13,104,34,36.371634615384615,31.916666666666668,0.3269230769230769,2026-03,unreliable_trip_rate,0.0,0.0,1.0,0.0,False
173,North Corona,4,52,17,14.828525641025642,13.358333333333334,0.3269230769230769,2026-03,unreliable_trip_rate,0.0,0.0,1.0,0.0,False
237,Upper East Side South,10,8689,2840,12.089810871983735,8.866666666666667,0.3268500402808148,2026-03,unreliable_trip_rate,0.0,0.0,0.048682241915065025,0.951317758084935,False
95,Forest Hills,7,248,81,39.74173387096774,36.733333333333334,0.32661290322580644,2026-03,unreliable_trip_rate,0.0,0.0,1.0,0.0,False
170,Murray Hill,11,5254,1716,16.09707207207207,13.666666666666666,0.32660829843928435,2026-03,unreliable_trip_rate,0.0,0.0,0.09611724400456795,0.903882755995432,False
7,Astoria,13,297,97,26.4817620650954,24.216666666666665,0.3265993265993266,2026-03,unreliable_trip_rate,0.0,0.0,1.0,0.0,False
238,Upper West Side North,2,144,47,11.43738425925926,9.758333333333333,0.3263888888888889,2026-03,unreliable_trip_rate,0.0,0.0,1.0,0.0,False
127,Inwood,9,95,31,29.260701754385963,24.633333333333333,0.3263157894736842,2026-03,unreliable_trip_rate,0.0,0.0,1.0,0.0,False
142,Lincoln Square East,12,5850,1908,14.119330484330483,11.283333333333333,0.3261538461538461,2026-03,unreliable_trip_rate,0.0,0.0,0.08222222222222222,0.9177777777777778,False
142,Lincoln Square East,11,5378,1754,14.124277922399902,11.45,0.3261435477872815,2026-03,unreliable_trip_rate,0.0,0.0,0.09241353663071773,0.9075864633692823,False
261,World Trade Center,11,785,256,21.82099787685775,19.083333333333332,0.32611464968152865,2026-03,unreliable_trip_rate,0.0,0.0,0.6853503184713375,0.3146496815286624,False
51,Co-Op City,11,92,30,56.024275362318846,50.06666666666666,0.32608695652173914,2026-03,unreliable_trip_rate,0.0,0.0,1.0,0.0,False
54,Columbia Street,8,46,15,28.89746376811594,25.7,0.32608695652173914,2026-03,unreliable_trip_rate,0.0,0.0,1.0,0.0,False
70,East Elmhurst,6,46,15,36.266666666666666,32.733333333333334,0.32608695652173914,2026-03,unreliable_trip_rate,0.0,0.0,1.0,0.0,False
202,Roosevelt Island,8,46,15,35.1822463768116,31.358333333333334,0.32608695652173914,2026-03,unreliable_trip_rate,0.0,0.0,1.0,0.0,False
226,Sunnyside,20,322,105,20.381521739130434,18.6,0.32608695652173914,2026-03,unreliable_trip_rate,0.0,0.0,1.0,0.0,False
7,Astoria,22,448,146,19.340066964285715,18.891666666666666,0.32589285714285715,2026-03,unreliable_trip_rate,0.0,0.0,0.9151785714285714,0.08482142857142858,False
33,Brooklyn Heights,13,221,72,30.549622926093512,26.466666666666665,0.3257918552036199,2026-03,unreliable_trip_rate,0.0,0.0,1.0,0.0,False
223,Steinway,20,132,43,19.257954545454545,19.1,0.32575757575757575,2026-03,unreliable_trip_rate,0.0,0.0,1.0,0.0,False
88,Financial District South,17,1182,385,22.860744500846025,18.758333333333333,0.3257191201353638,2026-03,unreliable_trip_rate,0.0,0.0,0.7140439932318104,0.2859560067681895,False
181,Park Slope,23,347,113,24.481075888568682,23.066666666666666,0.3256484149855908,2026-03,unreliable_trip_rate,0.0,0.0,1.0,0.0,False
90,Flatiron,23,2859,931,13.495464614667133,11.158333333333333,0.3256383350821966,2026-03,unreliable_trip_rate,0.0,0.0,0.18328086743616648,0.8167191325638335,False
95,Forest Hills,17,129,42,26.047416020671836,23.916666666666668,0.32558139534883723,2026-03,unreliable_trip_rate,0.0,0.0,1.0,0.0,False
123,Homecrest,14,86,28,34.68430232558139,26.916666666666668,0.32558139534883723,2026-03,unreliable_trip_rate,0.0,0.0,1.0,0.0,False
147,Longwood,12,43,14,38.337596899224806,33.1,0.32558139534883723,2026-03,unreliable_trip_rate,0.0,0.0,1.0,0.0,False
242,Van Nest/Morris Park,10,43,14,42.724806201550386,38.9,0.32558139534883723,2026-03,unreliable_trip_rate,0.0,0.0,1.0,0.0,False
247,West Concourse,20,86,28,17.82732558139535,15.116666666666667,0.32558139534883723,2026-03,unreliable_trip_rate,0.0,0.0,1.0,0.0,False
248,West Farms/Bronx River,7,129,42,34.368733850129196,30.15,0.32558139534883723,2026-03,unreliable_trip_rate,0.0,0.0,1.0,0.0,False
258,Woodhaven,11,43,14,33.97674418604651,31.6,0.32558139534883723,2026-03,unreliable_trip_rate,0.0,0.0,1.0,0.0,False
261,World Trade Center,6,129,42,18.368346253229973,15.05,0.32558139534883723,2026-03,unreliable_trip_rate,0.0,0.0,1.0,0.0,False
264,Unknown,2,43,14,12.272868217054263,9.5,0.32558139534883723,2026-03,unreliable_trip_rate,0.0,0.0,1.0,0.0,False
168,Mott Haven/Port Morris,13,126,41,29.80185185185185,23.34166666666667,0.3253968253968254,2026-03,unreliable_trip_rate,0.0,0.0,1.0,0.0,False
37,Bushwick South,21,166,54,24.6175702811245,22.491666666666667,0.3253012048192771,2026-03,unreliable_trip_rate,0.0,0.0,1.0,0.0,False
146,Long Island City/Queens Plaza,20,206,67,19.79466019417476,19.083333333333336,0.32524271844660196,2026-03,unreliable_trip_rate,0.0,0.0,1.0,0.0,False
181,Park Slope,10,123,40,33.40785907859079,32.25,0.3252032520325203,2026-03,unreliable_trip_rate,0.0,0.0,1.0,0.0,False
162,Midtown East,12,5911,1922,17.08956465347093,13.875,0.32515648790390794,2026-03,unreliable_trip_rate,0.0,0.0,0.07020808661816952,0.9297919133818305,False
32,Bronxdale,12,40,13,57.8325,54.349999999999994,0.325,2026-03,unreliable_trip_rate,0.0,0.0,1.0,0.0,False
56,Corona,14,40,13,33.067083333333336,28.425,0.325,2026-03,unreliable_trip_rate,0.0,0.0,1.0,0.0,False
56,Corona,15,40,13,43.65833333333333,34.04166666666667,0.325,2026-03,unreliable_trip_rate,0.0,0.0,1.0,0.0,False
145,Long Island City/Hunters Point,11,280,91,21.352678571428573,18.65,0.325,2026-03,unreliable_trip_rate,0.0,0.0,1.0,0.0,False
147,Longwood,10,40,13,41.51958333333333,29.941666666666666,0.325,2026-03,unreliable_trip_rate,0.0,0.0,1.0,0.0,False
227,Sunset Park East,6,40,13,42.39083333333333,40.141666666666666,0.325,2026-03,unreliable_trip_rate,0.0,0.0,1.0,0.0,False
239,Upper West Side South,3,200,65,13.299583333333333,11.383333333333333,0.325,2026-03,unreliable_trip_rate,0.0,0.0,1.0,0.0,False
229,Sutton Place/Turtle Bay North,8,3502,1138,13.954045307443366,12.466666666666667,0.3249571673329526,2026-03,unreliable_trip_rate,0.0,0.0,0.11964591661907481,0.8803540833809251,False
4,Alphabet City,9,874,284,17.478890160183067,15.0,0.32494279176201374,2026-03,unreliable_trip_rate,0.0,0.0,0.7528604118993135,0.2471395881006865,False
179,Old Astoria,19,157,51,22.27908704883227,20.6,0.3248407643312102,2026-03,unreliable_trip_rate,0.0,0.0,1.0,0.0,False
29,Brighton Beach,15,77,25,54.30735930735931,46.766666666666666,0.3246753246753247,2026-03,unreliable_trip_rate,0.0,0.0,1.0,0.0,False
142,Lincoln Square East,13,5618,1824,13.967482496736679,11.383333333333333,0.3246707013171947,2026-03,unreliable_trip_rate,0.0,0.0,0.09647561409754361,0.9035243859024564,False
68,East Chelsea,13,4981,1617,19.10050190724754,16.05,0.32463360770929534,2026-03,unreliable_trip_rate,0.0,0.0,0.11041959445894399,0.889580405541056,False
141,Lenox Hill West,21,4335,1407,11.26131103421761,9.616666666666667,0.3245674740484429,2026-03,unreliable_trip_rate,0.0,0.0,0.1455594002306805,0.8544405997693195,False
140,Lenox Hill East,16,6119,1986,17.62272430135643,13.25,0.32456283706487987,2026-03,unreliable_trip_rate,0.0,0.0,0.12502042817453832,0.8749795718254617,False
36,Bushwick North,8,114,37,32.09678362573099,30.258333333333333,0.32456140350877194,2026-03,unreliable_trip_rate,0.0,0.0,1.0,0.0,False
130,Jamaica,12,151,49,37.009492273730686,33.75,0.32450331125827814,2026-03,unreliable_trip_rate,0.0,0.0,1.0,0.0,False
164,Midtown South,16,4084,1325,16.6882060071825,13.1,0.32443682664054846,2026-03,unreliable_trip_rate,0.0,0.0,0.10896180215475025,0.8910381978452497,False
249,West Village,6,743,241,12.260251233737103,10.233333333333333,0.3243606998654105,2026-03,unreliable_trip_rate,0.0,0.0,0.604306864064603,0.39569313593539707,False
29,Brighton Beach,13,37,12,45.84504504504505,43.016666666666666,0.32432432432432434,2026-03,unreliable_trip_rate,0.0,0.0,1.0,0.0,False
56,Corona,10,37,12,37.74279279279279,34.38333333333333,0.32432432432432434,2026-03,unreliable_trip_rate,0.0,0.0,1.0,0.0,False
121,Hillcrest/Pomonok,9,37,12,39.692792792792794,40.43333333333333,0.32432432432432434,2026-03,unreliable_trip_rate,0.0,0.0,1.0,0.0,False
131,Jamaica Estates,10,37,12,43.62882882882883,38.95,0.32432432432432434,2026-03,unreliable_trip_rate,0.0,0.0,1.0,0.0,False
173,North Corona,20,37,12,20.905405405405407,19.966666666666665,0.32432432432432434,2026-03,unreliable_trip_rate,0.0,0.0,1.0,0.0,False
179,Old Astoria,1,37,12,17.737387387387386,16.9,0.32432432432432434,2026-03,unreliable_trip_rate,0.0,0.0,1.0,0.0,False
202,Roosevelt Island,19,37,12,24.11216216216216,23.0,0.32432432432432434,2026-03,unreliable_trip_rate,0.0,0.0,1.0,0.0,False
90,Flatiron,22,3586,1163,13.868939393939394,11.95,0.32431678750697157,2026-03,unreliable_trip_rate,0.0,0.0,0.15867261572783045,0.8413273842721696,False
162,Midtown East,10,5264,1707,15.910381838905774,14.066666666666666,0.32427811550151975,2026-03,unreliable_trip_rate,0.0,0.0,0.06477963525835866,0.9352203647416414,False
37,Bushwick South,6,367,119,27.090735694822886,24.4,0.3242506811989101,2026-03,unreliable_trip_rate,0.0,0.0,1.0,0.0,False
152,Manhattanville,18,367,119,17.26371480472298,15.9,0.3242506811989101,2026-03,unreliable_trip_rate,0.0,0.0,1.0,0.0,False
152,Manhattanville,20,293,95,16.403412969283277,14.6,0.3242320819112628,2026-03,unreliable_trip_rate,0.0,0.0,1.0,0.0,False
228,Sunset Park West,20,71,23,24.419248826291078,20.95,0.323943661971831,2026-03,unreliable_trip_rate,0.0,0.0,1.0,0.0,False
243,Washington Heights North,17,213,69,24.31697965571205,21.616666666666667,0.323943661971831,2026-03,unreliable_trip_rate,0.0,0.0,1.0,0.0,False
148,Lower East Side,19,2408,780,15.384634551495015,13.716666666666667,0.3239202657807309,2026-03,unreliable_trip_rate,0.0,0.0,0.2911129568106312,0.7088870431893688,False
229,Sutton Place/Turtle Bay North,20,3915,1268,11.934325244785015,8.866666666666667,0.323882503192848,2026-03,unreliable_trip_rate,0.0,0.0,0.16756066411238826,0.8324393358876118,False
231,TriBeCa/Civic Center,17,4008,1298,19.559805389221555,15.075,0.32385229540918165,2026-03,unreliable_trip_rate,0.0,0.0,0.1599301397205589,0.8400698602794411,False
7,Astoria,3,210,68,15.265714285714287,14.708333333333332,0.3238095238095238,2026-03,unreliable_trip_rate,0.0,0.0,1.0,0.0,False
223,Steinway,23,139,45,19.04388489208633,18.816666666666666,0.3237410071942446,2026-03,unreliable_trip_rate,0.0,0.0,1.0,0.0,False
61,Crown Heights North,6,448,145,32.39732142857143,28.133333333333333,0.3236607142857143,2026-03,unreliable_trip_rate,0.0,0.0,1.0,0.0,False
33,Brooklyn Heights,17,309,100,28.56353829557713,23.666666666666668,0.32362459546925565,2026-03,unreliable_trip_rate,0.0,0.0,1.0,0.0,False
13,Battery Park City,1,68,22,17.90514705882353,14.158333333333335,0.3235294117647059,2026-03,unreliable_trip_rate,0.0,0.0,1.0,0.0,False
40,Carroll Gardens,8,136,44,24.664950980392156,23.325000000000003,0.3235294117647059,2026-03,unreliable_trip_rate,0.0,0.0,1.0,0.0,False
56,Corona,18,34,11,30.913235294117644,30.425,0.3235294117647059,2026-03,unreliable_trip_rate,0.0,0.0,1.0,0.0,False
71,East Flatbush/Farragut,19,68,22,25.725735294117648,23.191666666666666,0.3235294117647059,2026-03,unreliable_trip_rate,0.0,0.0,1.0,0.0,False
83,Elmhurst/Maspeth,23,34,11,18.541666666666664,17.875,0.3235294117647059,2026-03,unreliable_trip_rate,0.0,0.0,1.0,0.0,False
89,Flatbush/Ditmas Park,5,136,44,37.10870098039216,33.4,0.3235294117647059,2026-03,unreliable_trip_rate,0.0,0.0,1.0,0.0,False
155,Marine Park/Mill Basin,21,34,11,18.461764705882356,17.200000000000003,0.3235294117647059,2026-03,unreliable_trip_rate,0.0,0.0,1.0,0.0,False
174,Norwood,18,34,11,43.495588235294115,40.63333333333333,0.3235294117647059,2026-03,unreliable_trip_rate,0.0,0.0,1.0,0.0,False
182,Parkchester,16,34,11,52.80637254901961,44.53333333333333,0.3235294117647059,2026-03,unreliable_trip_rate,0.0,0.0,1.0,0.0,False
185,Pelham Parkway,5,34,11,34.55882352941177,35.2,0.3235294117647059,2026-03,unreliable_trip_rate,0.0,0.0,1.0,0.0,False
33,Brooklyn Heights,18,402,130,24.286733001658373,20.866666666666667,0.32338308457711445,2026-03,unreliable_trip_rate,0.0,0.0,1.0,0.0,False
4,Alphabet City,21,665,215,15.273383458646615,14.183333333333334,0.3233082706766917,2026-03,unreliable_trip_rate,0.0,0.0,0.8466165413533835,0.15338345864661654,False
107,Gramercy,16,3626,1172,18.052546423974995,13.066666666666666,0.3232211803640375,2026-03,unreliable_trip_rate,0.0,0.0,0.12713734142305572,0.8728626585769443,False
45,Chinatown,5,65,21,13.624358974358975,12.6,0.3230769230769231,2026-03,unreliable_trip_rate,0.0,0.0,1.0,0.0,False
232,Two Bridges/Seward Park,20,551,178,16.744192377495462,15.383333333333333,0.32304900181488205,2026-03,unreliable_trip_rate,0.0,0.0,0.925589836660617,0.07441016333938294,False
145,Long Island City/Hunters Point,6,257,83,18.624124513618675,16.716666666666665,0.3229571984435798,2026-03,unreliable_trip_rate,0.0,0.0,1.0,0.0,False
80,East Williamsburg,4,384,124,17.20920138888889,16.416666666666664,0.3229166666666667,2026-03,unreliable_trip_rate,0.0,0.0,1.0,0.0,False
233,UN/Turtle Bay South,17,2856,922,16.39418767507003,14.4,0.3228291316526611,2026-03,unreliable_trip_rate,0.0,0.0,0.17787114845938376,0.8221288515406162,False
49,Clinton Hill,1,62,20,21.27768817204301,18.25,0.3225806451612903,2026-03,unreliable_trip_rate,0.0,0.0,1.0,0.0,False
81,Eastchester,15,31,10,52.40161290322581,41.93333333333333,0.3225806451612903,2026-03,unreliable_trip_rate,0.0,0.0,1.0,0.0,False
83,Elmhurst/Maspeth,9,31,10,25.45967741935484,21.55,0.3225806451612903,2026-03,unreliable_trip_rate,0.0,0.0,1.0,0.0,False
95,Forest Hills,9,124,40,44.46975806451613,43.875,0.3225806451612903,2026-03,unreliable_trip_rate,0.0,0.0,1.0,0.0,False
173,North Corona,6,31,10,28.681720430107525,23.516666666666666,0.3225806451612903,2026-03,unreliable_trip_rate,0.0,0.0,1.0,0.0,False
209,Seaport,23,496,160,16.603125,15.091666666666667,0.3225806451612903,2026-03,unreliable_trip_rate,0.0,0.0,0.9254032258064516,0.07459677419354839,False
225,Stuyvesant Heights,13,217,70,36.57258064516129,32.333333333333336,0.3225806451612903,2026-03,unreliable_trip_rate,0.0,0.0,1.0,0.0,False
228,Sunset Park West,8,62,20,38.15537634408602,39.925,0.3225806451612903,2026-03,unreliable_trip_rate,0.0,0.0,1.0,0.0,False
43,Central Park,15,4483,1446,15.908483902148859,13.5,0.3225518625920143,2026-03,unreliable_trip_rate,0.0,0.0,0.09725630158376088,0.9027436984162391,False
186,Penn Station/Madison Sq West,0,3325,1072,14.54122305764411,13.033333333333333,0.322406015037594,2026-03,unreliable_trip_rate,0.0,0.0,0.22646616541353384,0.7735338345864662,False
144,Little Italy/NoLiTa,6,183,59,15.199544626593806,14.1,0.3224043715846995,2026-03,unreliable_trip_rate,0.0,0.0,1.0,0.0,False
85,Erasmus,6,121,39,36.93181818181818,30.416666666666668,0.32231404958677684,2026-03,unreliable_trip_rate,0.0,0.0,1.0,0.0,False
112,Greenpoint,14,121,39,29.181129476584022,24.733333333333334,0.32231404958677684,2026-03,unreliable_trip_rate,0.0,0.0,1.0,0.0,False
24,Bloomingdale,2,90,29,13.619074074074074,12.133333333333333,0.32222222222222224,2026-03,unreliable_trip_rate,0.0,0.0,1.0,0.0,False
234,Union Sq,0,3331,1073,12.666321424997498,11.1,0.32212548784148903,2026-03,unreliable_trip_rate,0.0,0.0,0.1840288201741219,0.8159711798258781,False
87,Financial District North,4,208,67,15.855048076923076,14.316666666666666,0.32211538461538464,2026-03,unreliable_trip_rate,0.0,0.0,1.0,0.0,False
41,Central Harlem,3,118,38,14.586299435028248,13.991666666666667,0.3220338983050847,2026-03,unreliable_trip_rate,0.0,0.0,1.0,0.0,False
63,Cypress Hills,9,118,38,28.782485875706215,25.46666666666667,0.3220338983050847,2026-03,unreliable_trip_rate,0.0,0.0,1.0,0.0,False
66,DUMBO/Vinegar Hill,9,118,38,23.49322033898305,20.299999999999997,0.3220338983050847,2026-03,unreliable_trip_rate,0.0,0.0,1.0,0.0,False
92,Flushing,15,59,19,48.19661016949152,42.983333333333334,0.3220338983050847,2026-03,unreliable_trip_rate,0.0,0.0,1.0,0.0,False
152,Manhattanville,21,236,76,16.466242937853107,15.416666666666668,0.3220338983050847,2026-03,unreliable_trip_rate,0.0,0.0,1.0,0.0,False
188,Prospect-Lefferts Gardens,0,59,19,20.459322033898303,18.116666666666667,0.3220338983050847,2026-03,unreliable_trip_rate,0.0,0.0,1.0,0.0,False
158,Meatpacking/West Village West,2,1295,417,12.267503217503217,11.4,0.322007722007722,2026-03,unreliable_trip_rate,0.0,0.0,0.4664092664092664,0.5335907335907336,False
140,Lenox Hill East,7,3044,980,12.917307271134472,10.683333333333334,0.3219448094612352,2026-03,unreliable_trip_rate,0.0,0.0,0.16819973718791065,0.8318002628120894,False
97,Fort Greene,18,348,112,24.634099616858236,22.066666666666666,0.3218390804597701,2026-03,unreliable_trip_rate,0.0,0.0,1.0,0.0,False
127,Inwood,18,87,28,22.81494252873563,18.9,0.3218390804597701,2026-03,unreliable_trip_rate,0.0,0.0,1.0,0.0,False
209,Seaport,22,522,168,16.418039591315456,15.791666666666668,0.3218390804597701,2026-03,unreliable_trip_rate,0.0,0.0,0.8850574712643678,0.11494252873563218,False
12,Battery Park,13,115,37,19.44666666666667,18.15,0.3217391304347826,2026-03,unreliable_trip_rate,0.0,0.0,1.0,0.0,False
68,East Chelsea,23,4140,1332,14.930591787439614,12.466666666666667,0.3217391304347826,2026-03,unreliable_trip_rate,0.0,0.0,0.15628019323671496,0.8437198067632851,False
238,Upper West Side North,18,5142,1654,12.350385712433553,8.333333333333334,0.32166472189809414,2026-03,unreliable_trip_rate,0.0,0.0,0.10812913263321665,0.8918708673667833,False
68,East Chelsea,0,2907,935,14.643515651874784,13.233333333333333,0.3216374269005848,2026-03,unreliable_trip_rate,0.0,0.0,0.21327829377364982,0.7867217062263502,False
127,Inwood,17,84,27,30.307539682539684,23.766666666666666,0.32142857142857145,2026-03,unreliable_trip_rate,0.0,0.0,1.0,0.0,False
135,Kew Gardens Hills,8,56,18,42.8577380952381,42.041666666666664,0.32142857142857145,2026-03,unreliable_trip_rate,0.0,0.0,1.0,0.0,False
250,Westchester Village/Unionport,6,84,27,40.86746031746032,40.266666666666666,0.32142857142857145,2026-03,unreliable_trip_rate,0.0,0.0,1.0,0.0,False
244,Washington Heights South,9,582,187,26.945131729667814,22.40833333333333,0.32130584192439865,2026-03,unreliable_trip_rate,0.0,0.0,1.0,0.0,False
234,Union Sq,13,4886,1569,15.995207395279028,13.216666666666667,0.32112157183790424,2026-03,unreliable_trip_rate,0.0,0.0,0.09619320507572657,0.9038067949242734,False
74,East Harlem North,23,461,148,15.289081706435285,14.083333333333334,0.3210412147505423,2026-03,unreliable_trip_rate,0.0,0.0,0.9327548806941431,0.06724511930585683,False
223,Steinway,21,162,52,18.97088477366255,18.25,0.32098765432098764,2026-03,unreliable_trip_rate,0.0,0.0,1.0,0.0,False
145,Long Island City/Hunters Point,8,349,112,24.54517669531996,22.9,0.3209169054441261,2026-03,unreliable_trip_rate,0.0,0.0,1.0,0.0,False
186,Penn Station/Madison Sq West,12,6020,1931,19.55953488372093,17.416666666666668,0.3207641196013289,2026-03,unreliable_trip_rate,0.0,0.0,0.07790697674418605,0.922093023255814,False
174,Norwood,9,53,17,41.08459119496855,37.13333333333333,0.32075471698113206,2026-03,unreliable_trip_rate,0.0,0.0,1.0,0.0,False
227,Sunset Park East,13,53,17,47.089622641509436,39.38333333333333,0.32075471698113206,2026-03,unreliable_trip_rate,0.0,0.0,1.0,0.0,False
179,Old Astoria,0,78,25,15.848931623931625,15.166666666666666,0.32051282051282054,2026-03,unreliable_trip_rate,0.0,0.0,1.0,0.0,False
142,Lincoln Square East,7,2805,899,11.938383838383837,8.708333333333332,0.32049910873440285,2026-03,unreliable_trip_rate,0.0,0.0,0.1572192513368984,0.8427807486631016,False
261,World Trade Center,18,1557,499,18.471772639691714,16.983333333333334,0.32048811817597944,2026-03,unreliable_trip_rate,0.0,0.0,0.42196531791907516,0.5780346820809249,False
239,Upper West Side South,2,259,83,12.356306306306307,10.933333333333334,0.3204633204633205,2026-03,unreliable_trip_rate,0.0,0.0,1.0,0.0,False
141,Lenox Hill West,7,3548,1137,11.883516535137167,9.016666666666667,0.3204622322435175,2026-03,unreliable_trip_rate,0.0,0.0,0.11020293122886134,0.8897970687711386,False
17,Bedford,8,362,116,32.25566298342541,30.075,0.32044198895027626,2026-03,unreliable_trip_rate,0.0,0.0,1.0,0.0,False
162,Midtown East,13,6033,1933,17.00429581744848,13.316666666666666,0.3204044422343776,2026-03,unreliable_trip_rate,0.0,0.0,0.07624730648102106,0.9237526935189789,False
186,Penn Station/Madison Sq West,13,6539,2095,19.18952694091859,16.35,0.32038538002752714,2026-03,unreliable_trip_rate,0.0,0.0,0.08701636335831167,0.9129836366416884,False
144,Little Italy/NoLiTa,18,2831,907,16.11033792535029,14.016666666666667,0.32038149063935006,2026-03,unreliable_trip_rate,0.0,0.0,0.21193924408336276,0.7880607559166373,False
33,Brooklyn Heights,0,153,49,19.82668845315904,18.316666666666666,0.3202614379084967,2026-03,unreliable_trip_rate,0.0,0.0,1.0,0.0,False
193,Queensbridge/Ravenswood,9,153,49,26.386492374727666,23.8,0.3202614379084967,2026-03,unreliable_trip_rate,0.0,0.0,1.0,0.0,False
183,Pelham Bay,7,50,16,50.04333333333333,49.083333333333336,0.32,2026-03,unreliable_trip_rate,0.0,0.0,1.0,0.0,False
203,Rosedale,6,50,16,73.075,76.89166666666667,0.32,2026-03,unreliable_trip_rate,0.0,0.0,1.0,0.0,False
258,Woodhaven,17,50,16,32.138000000000005,32.80833333333334,0.32,2026-03,unreliable_trip_rate,0.0,0.0,1.0,0.0,False
263,Yorkville West,19,4429,1417,12.250997215323247,8.791666666666668,0.31993678031158274,2026-03,unreliable_trip_rate,0.0,0.0,0.13501919169112667,0.8649808083088734,False
112,Greenpoint,20,322,103,20.669151138716355,20.041666666666664,0.3198757763975155,2026-03,unreliable_trip_rate,0.0,0.0,1.0,0.0,False
114,Greenwich Village South,6,297,95,11.918125701459035,10.1,0.31986531986531985,2026-03,unreliable_trip_rate,0.0,0.0,1.0,0.0,False
168,Mott Haven/Port Morris,19,147,47,20.379138321995462,17.3,0.3197278911564626,2026-03,unreliable_trip_rate,0.0,0.0,1.0,0.0,False
55,Coney Island,6,122,39,62.55642076502732,60.43333333333334,0.319672131147541,2026-03,unreliable_trip_rate,0.0,0.0,1.0,0.0,False
232,Two Bridges/Seward Park,22,729,233,16.433836305441243,15.75,0.3196159122085048,2026-03,unreliable_trip_rate,0.0,0.0,0.9451303155006858,0.05486968449931413,False
48,Clinton East,3,1505,481,12.794396456256921,11.866666666666667,0.3196013289036545,2026-03,unreliable_trip_rate,0.0,0.0,0.5720930232558139,0.42790697674418604,False
185,Pelham Parkway,6,97,31,48.25034364261169,39.983333333333334,0.31958762886597936,2026-03,unreliable_trip_rate,0.0,0.0,1.0,0.0,False
208,Schuylerville/Edgewater Park,7,97,31,41.9606529209622,40.35,0.31958762886597936,2026-03,unreliable_trip_rate,0.0,0.0,1.0,0.0,False
24,Bloomingdale,3,72,23,13.318055555555555,10.5,0.3194444444444444,2026-03,unreliable_trip_rate,0.0,0.0,1.0,0.0,False
51,Co-Op City,12,72,23,51.912268518518516,49.108333333333334,0.3194444444444444,2026-03,unreliable_trip_rate,0.0,0.0,1.0,0.0,False
144,Little Italy/NoLiTa,7,288,92,15.130613425925926,12.850000000000001,0.3194444444444444,2026-03,unreliable_trip_rate,0.0,0.0,1.0,0.0,False
140,Lenox Hill East,9,4689,1497,14.532384303689486,12.266666666666667,0.31925783749200254,2026-03,unreliable_trip_rate,0.0,0.0,0.12006824482832161,0.8799317551716784,False
78,East Tremont,5,47,15,46.08971631205674,41.55,0.3191489361702128,2026-03,unreliable_trip_rate,0.0,0.0,1.0,0.0,False
179,Old Astoria,9,188,60,27.606648936170213,25.083333333333336,0.3191489361702128,2026-03,unreliable_trip_rate,0.0,0.0,1.0,0.0,False
215,South Jamaica,22,47,15,25.23900709219858,24.0,0.3191489361702128,2026-03,unreliable_trip_rate,0.0,0.0,1.0,0.0,False
254,Williamsbridge/Olinville,16,47,15,54.640780141843976,51.38333333333333,0.3191489361702128,2026-03,unreliable_trip_rate,0.0,0.0,1.0,0.0,False
262,Yorkville East,1,141,45,13.225768321513002,11.933333333333334,0.3191489361702128,2026-03,unreliable_trip_rate,0.0,0.0,1.0,0.0,False
215,South Jamaica,6,163,52,46.0299591002045,45.766666666666666,0.31901840490797545,2026-03,unreliable_trip_rate,0.0,0.0,1.0,0.0,False
209,Seaport,13,232,74,24.00244252873563,19.483333333333334,0.31896551724137934,2026-03,unreliable_trip_rate,0.0,0.0,1.0,0.0,False
223,Steinway,16,116,37,28.754885057471263,27.65833333333333,0.31896551724137934,2026-03,unreliable_trip_rate,0.0,0.0,1.0,0.0,False
36,Bushwick North,22,185,59,20.586306306306305,20.466666666666665,0.31891891891891894,2026-03,unreliable_trip_rate,0.0,0.0,1.0,0.0,False
3,Allerton/Pelham Gardens,7,69,22,50.39806763285024,49.46666666666667,0.3188405797101449,2026-03,unreliable_trip_rate,0.0,0.0,1.0,0.0,False
86,Far Rockaway,8,138,44,60.38381642512078,64.49166666666667,0.3188405797101449,2026-03,unreliable_trip_rate,0.0,0.0,1.0,0.0,False
205,Saint Albans,11,69,22,52.46231884057971,52.416666666666664,0.3188405797101449,2026-03,unreliable_trip_rate,0.0,0.0,1.0,0.0,False
209,Seaport,6,69,22,17.08937198067633,14.983333333333333,0.3188405797101449,2026-03,unreliable_trip_rate,0.0,0.0,1.0,0.0,False
80,East Williamsburg,19,229,73,22.7580058224163,21.183333333333334,0.31877729257641924,2026-03,unreliable_trip_rate,0.0,0.0,1.0,0.0,False
68,East Chelsea,11,4408,1405,18.888547338173016,16.691666666666666,0.3187386569872958,2026-03,unreliable_trip_rate,0.0,0.0,0.08416515426497277,0.9158348457350273,False
224,Stuy Town/Peter Cooper Village,15,342,109,17.869493177387916,14.975,0.31871345029239767,2026-03,unreliable_trip_rate,0.0,0.0,1.0,0.0,False
95,Forest Hills,13,91,29,37.15347985347985,33.15,0.31868131868131866,2026-03,unreliable_trip_rate,0.0,0.0,1.0,0.0,False
127,Inwood,11,91,29,26.905860805860808,22.516666666666666,0.31868131868131866,2026-03,unreliable_trip_rate,0.0,0.0,1.0,0.0,False
196,Rego Park,19,91,29,21.35238095238095,19.383333333333333,0.31868131868131866,2026-03,unreliable_trip_rate,0.0,0.0,1.0,0.0,False
255,Williamsburg (North Side),13,91,29,30.403113553113553,26.3,0.31868131868131866,2026-03,unreliable_trip_rate,0.0,0.0,1.0,0.0,False
95,Forest Hills,21,113,36,18.22536873156342,16.116666666666667,0.3185840707964602,2026-03,unreliable_trip_rate,0.0,0.0,1.0,0.0,False
186,Penn Station/Madison Sq West,23,4929,1570,15.249174950970447,12.983333333333334,0.3185230269831609,2026-03,unreliable_trip_rate,0.0,0.0,0.147900182592818,0.852099817407182,False
129,Jackson Heights,1,135,43,14.955925925925925,14.066666666666666,0.31851851851851853,2026-03,unreliable_trip_rate,0.0,0.0,1.0,0.0,False
138,LaGuardia Airport,6,135,43,29.664197530864197,26.233333333333334,0.31851851851851853,2026-03,unreliable_trip_rate,0.0,0.0,1.0,0.0,False
114,Greenwich Village South,2,2770,882,12.142563176895308,10.391666666666666,0.31841155234657037,2026-03,unreliable_trip_rate,0.0,0.0,0.23862815884476535,0.7613718411552347,False
87,Financial District North,0,1304,415,15.808422801635993,14.783333333333333,0.3182515337423313,2026-03,unreliable_trip_rate,0.0,0.0,0.5912576687116564,0.4087423312883436,False
186,Penn Station/Madison Sq West,11,7008,2230,19.131804128614913,16.791666666666668,0.3182077625570776,2026-03,unreliable_trip_rate,0.0,0.0,0.06549657534246575,0.9345034246575342,False
51,Co-Op City,22,44,14,20.59962121212121,17.25,0.3181818181818182,2026-03,unreliable_trip_rate,0.0,0.0,1.0,0.0,False
167,Morrisania/Melrose,12,44,14,37.45871212121212,34.35,0.3181818181818182,2026-03,unreliable_trip_rate,0.0,0.0,1.0,0.0,False
167,Morrisania/Melrose,15,66,21,51.05050505050505,46.36666666666667,0.3181818181818182,2026-03,unreliable_trip_rate,0.0,0.0,1.0,0.0,False
228,Sunset Park West,6,44,14,28.395454545454548,25.85,0.3181818181818182,2026-03,unreliable_trip_rate,0.0,0.0,1.0,0.0,False
241,Van Cortlandt Village,11,44,14,54.2939393939394,54.28333333333333,0.3181818181818182,2026-03,unreliable_trip_rate,0.0,0.0,1.0,0.0,False
241,Van Cortlandt Village,12,44,14,44.57613636363636,37.83333333333333,0.3181818181818182,2026-03,unreliable_trip_rate,0.0,0.0,1.0,0.0,False
7,Astoria,19,525,167,21.71936507936508,21.266666666666666,0.3180952380952381,2026-03,unreliable_trip_rate,0.0,0.0,1.0,0.0,False
263,Yorkville West,20,4068,1294,11.403564405113077,9.533333333333333,0.31809242871189775,2026-03,unreliable_trip_rate,0.0,0.0,0.1352015732546706,0.8647984267453294,False
4,Alphabet City,4,327,104,13.073904179408768,11.6,0.3180428134556575,2026-03,unreliable_trip_rate,0.0,0.0,1.0,0.0,False
155,Marine Park/Mill Basin,6,85,27,52.22607843137254,50.3,0.3176470588235294,2026-03,unreliable_trip_rate,0.0,0.0,1.0,0.0,False
127,Inwood,7,148,47,28.783333333333335,26.008333333333333,0.31756756756756754,2026-03,unreliable_trip_rate,0.0,0.0,1.0,0.0,False
235,University Heights/Morris Heights,6,148,47,36.391441441441444,30.15833333333333,0.31756756756756754,2026-03,unreliable_trip_rate,0.0,0.0,1.0,0.0,False
38,Cambria Heights,6,63,20,70.4857142857143,71.63333333333334,0.31746031746031744,2026-03,unreliable_trip_rate,0.0,0.0,1.0,0.0,False
78,East Tremont,13,63,20,51.95423280423281,44.166666666666664,0.31746031746031744,2026-03,unreliable_trip_rate,0.0,0.0,1.0,0.0,False
244,Washington Heights South,3,63,20,14.64153439153439,13.05,0.31746031746031744,2026-03,unreliable_trip_rate,0.0,0.0,1.0,0.0,False
157,Maspeth,6,167,53,19.813173652694612,18.216666666666665,0.31736526946107785,2026-03,unreliable_trip_rate,0.0,0.0,1.0,0.0,False
151,Manhattan Valley,7,1730,549,15.403921001926783,13.833333333333334,0.3173410404624277,2026-03,unreliable_trip_rate,0.0,0.0,0.30346820809248554,0.6965317919075145,False
10,Baisley Park,14,104,33,42.88573717948718,41.65833333333333,0.3173076923076923,2026-03,unreliable_trip_rate,0.0,0.0,1.0,0.0,False
142,Lincoln Square East,2,312,99,13.121955128205128,12.158333333333333,0.3173076923076923,2026-03,unreliable_trip_rate,0.0,0.0,1.0,0.0,False
226,Sunnyside,1,104,33,16.505288461538463,15.683333333333334,0.3173076923076923,2026-03,unreliable_trip_rate,0.0,0.0,1.0,0.0,False
142,Lincoln Square East,9,4486,1423,13.016458611978006,11.008333333333333,0.3172090949621043,2026-03,unreliable_trip_rate,0.0,0.0,0.0925100312082033,0.9074899687917967,False
263,Yorkville West,18,5013,1590,12.761330540594455,9.683333333333334,0.31717534410532616,2026-03,unreliable_trip_rate,0.0,0.0,0.11948932774785558,0.8805106722521444,False
140,Lenox Hill East,17,6175,1958,16.14054520917679,12.783333333333335,0.31708502024291496,2026-03,unreliable_trip_rate,0.0,0.0,0.1259919028340081,0.8740080971659919,False
71,East Flatbush/Farragut,23,41,13,24.64512195121951,21.683333333333334,0.3170731707317073,2026-03,unreliable_trip_rate,0.0,0.0,1.0,0.0,False
83,Elmhurst/Maspeth,17,41,13,21.597560975609756,21.0,0.3170731707317073,2026-03,unreliable_trip_rate,0.0,0.0,1.0,0.0,False
130,Jamaica,0,205,65,18.00609756097561,17.066666666666666,0.3170731707317073,2026-03,unreliable_trip_rate,0.0,0.0,1.0,0.0,False
247,West Concourse,23,41,13,16.165853658536584,14.016666666666667,0.3170731707317073,2026-03,unreliable_trip_rate,0.0,0.0,1.0,0.0,False
243,Washington Heights North,8,347,110,31.074303554274735,28.75,0.3170028818443804,2026-03,unreliable_trip_rate,0.0,0.0,1.0,0.0,False
237,Upper East Side South,11,9537,3023,13.032408863723742,8.866666666666667,0.31697598825626505,2026-03,unreliable_trip_rate,0.0,0.0,0.04340987731991192,0.956590122680088,False
256,Williamsburg (South Side),17,224,71,24.855505952380952,23.166666666666664,0.3169642857142857,2026-03,unreliable_trip_rate,0.0,0.0,1.0,0.0,False
117,Hammels/Arverne,6,101,32,72.33679867986798,72.35,0.31683168316831684,2026-03,unreliable_trip_rate,0.0,0.0,1.0,0.0,False
77,East New York/Pennsylvania Avenue,17,60,19,38.45777777777778,34.975,0.31666666666666665,2026-03,unreliable_trip_rate,0.0,0.0,1.0,0.0,False
82,Elmhurst,11,60,19,34.75972222222222,31.1,0.31666666666666665,2026-03,unreliable_trip_rate,0.0,0.0,1.0,0.0,False
145,Long Island City/Hunters Point,22,515,163,18.677831715210356,17.866666666666667,0.31650485436893205,2026-03,unreliable_trip_rate,0.0,0.0,0.9359223300970874,0.06407766990291262,False
230,Times Sq/Theatre District,0,3381,1070,13.434900916888495,11.5,0.31647441585329783,2026-03,unreliable_trip_rate,0.0,0.0,0.17213842058562556,0.8278615794143744,False
88,Financial District South,14,692,219,25.979455684007707,20.325,0.31647398843930635,2026-03,unreliable_trip_rate,0.0,0.0,0.8598265895953757,0.14017341040462428,False
243,Washington Heights North,11,177,56,26.92457627118644,24.266666666666666,0.3163841807909605,2026-03,unreliable_trip_rate,0.0,0.0,1.0,0.0,False
80,East Williamsburg,7,196,62,26.75374149659864,24.28333333333333,0.3163265306122449,2026-03,unreliable_trip_rate,0.0,0.0,1.0,0.0,False
146,Long Island City/Queens Plaza,1,98,31,15.152380952380954,14.475000000000001,0.3163265306122449,2026-03,unreliable_trip_rate,0.0,0.0,1.0,0.0,False
170,Murray Hill,14,5625,1779,17.39453333333333,14.083333333333334,0.31626666666666664,2026-03,unreliable_trip_rate,0.0,0.0,0.10897777777777778,0.8910222222222223,False
51,Co-Op City,8,174,55,55.54022988505747,56.90833333333333,0.3160919540229885,2026-03,unreliable_trip_rate,0.0,0.0,1.0,0.0,False
112,Greenpoint,9,212,67,24.86006289308176,23.40833333333333,0.3160377358490566,2026-03,unreliable_trip_rate,0.0,0.0,1.0,0.0,False
224,Stuy Town/Peter Cooper Village,17,440,139,16.83848484848485,14.683333333333334,0.3159090909090909,2026-03,unreliable_trip_rate,0.0,0.0,1.0,0.0,False
25,Boerum Hill,20,266,84,23.8125313283208,21.55,0.3157894736842105,2026-03,unreliable_trip_rate,0.0,0.0,1.0,0.0,False
47,Claremont/Bathgate,11,38,12,49.53026315789474,49.53333333333333,0.3157894736842105,2026-03,unreliable_trip_rate,0.0,0.0,1.0,0.0,False
95,Forest Hills,4,38,12,20.198245614035088,16.525,0.3157894736842105,2026-03,unreliable_trip_rate,0.0,0.0,1.0,0.0,False
127,Inwood,3,38,12,14.491666666666665,14.483333333333334,0.3157894736842105,2026-03,unreliable_trip_rate,0.0,0.0,1.0,0.0,False
134,Kew Gardens,19,38,12,18.88728070175439,15.116666666666667,0.3157894736842105,2026-03,unreliable_trip_rate,0.0,0.0,1.0,0.0,False
147,Longwood,14,38,12,38.40964912280702,35.81666666666666,0.3157894736842105,2026-03,unreliable_trip_rate,0.0,0.0,1.0,0.0,False
185,Pelham Parkway,11,38,12,57.28552631578947,54.33333333333333,0.3157894736842105,2026-03,unreliable_trip_rate,0.0,0.0,1.0,0.0,False
191,Queens Village,22,57,18,38.21432748538012,36.15,0.3157894736842105,2026-03,unreliable_trip_rate,0.0,0.0,1.0,0.0,False
219,Springfield Gardens South,20,38,12,32.36622807017544,29.541666666666668,0.3157894736842105,2026-03,unreliable_trip_rate,0.0,0.0,1.0,0.0,False
225,Stuyvesant Heights,0,114,36,22.974122807017544,21.85,0.3157894736842105,2026-03,unreliable_trip_rate,0.0,0.0,1.0,0.0,False
228,Sunset Park West,1,38,12,20.900000000000002,17.71666666666667,0.3157894736842105,2026-03,unreliable_trip_rate,0.0,0.0,1.0,0.0,False
260,Woodside,3,76,24,14.26140350877193,13.666666666666668,0.3157894736842105,2026-03,unreliable_trip_rate,0.0,0.0,1.0,0.0,False
170,Murray Hill,16,6205,1958,17.366956755304862,13.166666666666666,0.3155519742143433,2026-03,unreliable_trip_rate,0.0,0.0,0.10185334407735697,0.898146655922643,False
238,Upper West Side North,14,4583,1446,13.656371372463452,9.9,0.31551385555313116,2026-03,unreliable_trip_rate,0.0,0.0,0.10058913375518219,0.8994108662448178,False
232,Two Bridges/Seward Park,21,615,194,16.11636856368564,15.5,0.3154471544715447,2026-03,unreliable_trip_rate,0.0,0.0,0.8813008130081301,0.11869918699186992,False
209,Seaport,21,539,170,15.65052566481138,14.55,0.31539888682745826,2026-03,unreliable_trip_rate,0.0,0.0,0.9406307977736549,0.059369202226345084,False
224,Stuy Town/Peter Cooper Village,13,390,123,17.017307692307693,14.725,0.3153846153846154,2026-03,unreliable_trip_rate,0.0,0.0,1.0,0.0,False
256,Williamsburg (South Side),12,92,29,27.557246376811598,26.241666666666667,0.31521739130434784,2026-03,unreliable_trip_rate,0.0,0.0,1.0,0.0,False
224,Stuy Town/Peter Cooper Village,0,257,81,13.414980544747083,12.4,0.3151750972762646,2026-03,unreliable_trip_rate,0.0,0.0,1.0,0.0,False
238,Upper West Side North,16,4411,1390,13.273403612181665,8.833333333333334,0.31512128768986625,2026-03,unreliable_trip_rate,0.0,0.0,0.10224438902743142,0.8977556109725686,False
37,Bushwick South,5,365,115,21.319817351598175,19.883333333333333,0.3150684931506849,2026-03,unreliable_trip_rate,0.0,0.0,1.0,0.0,False
127,Inwood,10,73,23,29.02374429223744,25.4,0.3150684931506849,2026-03,unreliable_trip_rate,0.0,0.0,1.0,0.0,False
205,Saint Albans,13,73,23,52.382648401826486,55.2,0.3150684931506849,2026-03,unreliable_trip_rate,0.0,0.0,1.0,0.0,False
186,Penn Station/Madison Sq West,10,5724,1803,18.183706033077105,16.1,0.3149895178197065,2026-03,unreliable_trip_rate,0.0,0.0,0.08438155136268344,0.9156184486373166,False
244,Washington Heights South,23,308,97,16.705627705627705,15.016666666666666,0.31493506493506496,2026-03,unreliable_trip_rate,0.0,0.0,1.0,0.0,False
181,Park Slope,21,343,108,23.66457725947522,22.4,0.31486880466472306,2026-03,unreliable_trip_rate,0.0,0.0,1.0,0.0,False
238,Upper West Side North,12,4675,1472,13.221896613190731,8.691666666666666,0.3148663101604278,2026-03,unreliable_trip_rate,0.0,0.0,0.1067379679144385,0.8932620320855615,False
196,Rego Park,15,54,17,34.10586419753086,32.66666666666667,0.3148148148148148,2026-03,unreliable_trip_rate,0.0,0.0,1.0,0.0,False
226,Sunnyside,4,216,68,15.69297839506173,14.475000000000001,0.3148148148148148,2026-03,unreliable_trip_rate,0.0,0.0,1.0,0.0,False
168,Mott Haven/Port Morris,14,143,45,29.89114219114219,24.533333333333335,0.3146853146853147,2026-03,unreliable_trip_rate,0.0,0.0,1.0,0.0,False
260,Woodside,20,143,45,18.486946386946386,16.8,0.3146853146853147,2026-03,unreliable_trip_rate,0.0,0.0,1.0,0.0,False
88,Financial District South,4,89,28,15.301685393258426,14.1,0.3146067415730337,2026-03,unreliable_trip_rate,0.0,0.0,1.0,0.0,False
152,Manhattanville,0,89,28,15.097940074906367,13.333333333333334,0.3146067415730337,2026-03,unreliable_trip_rate,0.0,0.0,1.0,0.0,False
25,Boerum Hill,8,194,61,29.14570446735395,26.21666666666667,0.31443298969072164,2026-03,unreliable_trip_rate,0.0,0.0,1.0,0.0,False
66,DUMBO/Vinegar Hill,1,70,22,19.773809523809526,17.65,0.3142857142857143,2026-03,unreliable_trip_rate,0.0,0.0,1.0,0.0,False
126,Hunts Point,10,35,11,43.30761904761905,39.5,0.3142857142857143,2026-03,unreliable_trip_rate,0.0,0.0,1.0,0.0,False
191,Queens Village,17,35,11,38.42857142857143,36.65,0.3142857142857143,2026-03,unreliable_trip_rate,0.0,0.0,1.0,0.0,False
200,Riverdale/North Riverdale/Fieldston,10,35,11,39.462857142857146,38.06666666666667,0.3142857142857143,2026-03,unreliable_trip_rate,0.0,0.0,1.0,0.0,False
219,Springfield Gardens South,18,35,11,40.07666666666667,38.53333333333333,0.3142857142857143,2026-03,unreliable_trip_rate,0.0,0.0,1.0,0.0,False
125,Hudson Sq,7,401,126,14.425810473815462,12.4,0.314214463840399,2026-03,unreliable_trip_rate,0.0,0.0,0.8528678304239401,0.14713216957605985,False
7,Astoria,10,312,98,24.364423076923078,22.633333333333333,0.3141025641025641,2026-03,unreliable_trip_rate,0.0,0.0,1.0,0.0,False
164,Midtown South,5,516,162,13.625355297157624,11.225,0.313953488372093,2026-03,unreliable_trip_rate,0.0,0.0,0.9244186046511628,0.0755813953488372,False
260,Woodside,5,86,27,15.504263565891472,14.941666666666666,0.313953488372093,2026-03,unreliable_trip_rate,0.0,0.0,1.0,0.0,False
79,East Village,17,3503,1099,15.26912170520506,12.116666666666667,0.3137310876391664,2026-03,unreliable_trip_rate,0.0,0.0,0.14644590351127604,0.8535540964887239,False
7,Astoria,11,255,80,24.931437908496733,22.95,0.3137254901960784,2026-03,unreliable_trip_rate,0.0,0.0,1.0,0.0,False
63,Cypress Hills,10,102,32,33.0843137254902,31.25,0.3137254901960784,2026-03,unreliable_trip_rate,0.0,0.0,1.0,0.0,False
80,East Williamsburg,18,204,64,25.980065359477123,23.84166666666667,0.3137254901960784,2026-03,unreliable_trip_rate,0.0,0.0,1.0,0.0,False
188,Prospect-Lefferts Gardens,4,102,32,25.317156862745097,23.1,0.3137254901960784,2026-03,unreliable_trip_rate,0.0,0.0,1.0,0.0,False
193,Queensbridge/Ravenswood,7,153,48,25.54095860566449,22.383333333333333,0.3137254901960784,2026-03,unreliable_trip_rate,0.0,0.0,1.0,0.0,False
198,Ridgewood,2,51,16,20.524509803921568,20.3,0.3137254901960784,2026-03,unreliable_trip_rate,0.0,0.0,1.0,0.0,False
198,Ridgewood,16,51,16,31.311764705882354,25.933333333333334,0.3137254901960784,2026-03,unreliable_trip_rate,0.0,0.0,1.0,0.0,False
215,South Jamaica,10,102,32,44.767973856209146,42.858333333333334,0.3137254901960784,2026-03,unreliable_trip_rate,0.0,0.0,1.0,0.0,False
151,Manhattan Valley,6,781,245,15.346201451131028,12.733333333333333,0.31370038412291934,2026-03,unreliable_trip_rate,0.0,0.0,0.7221510883482715,0.27784891165172854,False
74,East Harlem North,6,609,191,18.385878489326764,16.3,0.3136288998357964,2026-03,unreliable_trip_rate,0.0,0.0,0.9441707717569786,0.05582922824302135,False
238,Upper West Side North,17,4942,1549,12.665692027519222,8.825,0.31343585592877377,2026-03,unreliable_trip_rate,0.0,0.0,0.0981384055038446,0.9018615944961554,False
164,Midtown South,22,5377,1685,13.703260802182134,11.566666666666666,0.3133717686442254,2026-03,unreliable_trip_rate,0.0,0.0,0.13260182257764552,0.8673981774223545,False
224,Stuy Town/Peter Cooper Village,14,367,115,16.443596730245233,14.333333333333334,0.3133514986376022,2026-03,unreliable_trip_rate,0.0,0.0,1.0,0.0,False
249,West Village,2,3454,1082,12.80291932059448,11.366666666666667,0.3132599884192241,2026-03,unreliable_trip_rate,0.0,0.0,0.19455703532136653,0.8054429646786335,False
182,Parkchester,11,83,26,47.71144578313253,43.516666666666666,0.3132530120481928,2026-03,unreliable_trip_rate,0.0,0.0,1.0,0.0,False
218,Springfield Gardens North,5,83,26,56.397791164658635,55.61666666666667,0.3132530120481928,2026-03,unreliable_trip_rate,0.0,0.0,1.0,0.0,False
143,Lincoln Square West,6,1025,321,12.124487804878049,10.583333333333334,0.3131707317073171,2026-03,unreliable_trip_rate,0.0,0.0,0.4146341463414634,0.5853658536585366,False
65,Downtown Brooklyn/MetroTech,20,297,93,21.533557800224465,20.6,0.31313131313131315,2026-03,unreliable_trip_rate,0.0,0.0,1.0,0.0,False
69,East Concourse/Concourse Village,12,99,31,37.23720538720539,33.18333333333333,0.31313131313131315,2026-03,unreliable_trip_rate,0.0,0.0,1.0,0.0,False
80,East Williamsburg,20,198,62,20.467929292929295,20.18333333333333,0.31313131313131315,2026-03,unreliable_trip_rate,0.0,0.0,1.0,0.0,False
211,SoHo,19,2651,830,14.785760090531875,11.833333333333332,0.3130894002263297,2026-03,unreliable_trip_rate,0.0,0.0,0.1976612599019238,0.8023387400980762,False
211,SoHo,18,2731,855,15.725961186378616,13.0,0.3130721347491761,2026-03,unreliable_trip_rate,0.0,0.0,0.20615159282314172,0.7938484071768583,False
17,Bedford,4,115,36,21.76086956521739,19.833333333333332,0.3130434782608696,2026-03,unreliable_trip_rate,0.0,0.0,1.0,0.0,False
262,Yorkville East,6,1866,584,10.724285459092533,9.416666666666666,0.3129689174705252,2026-03,unreliable_trip_rate,0.0,0.0,0.2727759914255091,0.7272240085744909,False
186,Penn Station/Madison Sq West,16,6175,1932,18.659209176788124,15.033333333333333,0.3128744939271255,2026-03,unreliable_trip_rate,0.0,0.0,0.0957085020242915,0.9042914979757085,False
90,Flatiron,18,4267,1335,13.844504335598781,11.483333333333333,0.3128661823295055,2026-03,unreliable_trip_rate,0.0,0.0,0.10171080384344973,0.8982891961565502,False
80,East Williamsburg,8,227,71,28.690748898678414,26.15,0.31277533039647576,2026-03,unreliable_trip_rate,0.0,0.0,1.0,0.0,False
13,Battery Park City,10,924,289,19.191558441558442,16.95,0.31277056277056275,2026-03,unreliable_trip_rate,0.0,0.0,0.6612554112554112,0.33874458874458874,False
237,Upper East Side South,7,4364,1364,10.540024442407576,7.275,0.3125572868927589,2026-03,unreliable_trip_rate,0.0,0.0,0.08295142071494042,0.9170485792850596,False
20,Belmont,9,32,10,53.00625,53.325,0.3125,2026-03,unreliable_trip_rate,0.0,0.0,1.0,0.0,False
60,Crotona Park East,15,32,10,33.561458333333334,26.09166666666667,0.3125,2026-03,unreliable_trip_rate,0.0,0.0,1.0,0.0,False
117,Hammels/Arverne,13,48,15,63.30555555555555,61.733333333333334,0.3125,2026-03,unreliable_trip_rate,0.0,0.0,1.0,0.0,False
123,Homecrest,6,32,10,61.25416666666667,61.65833333333333,0.3125,2026-03,unreliable_trip_rate,0.0,0.0,1.0,0.0,False
127,Inwood,23,64,20,16.907291666666666,15.416666666666668,0.3125,2026-03,unreliable_trip_rate,0.0,0.0,1.0,0.0,False
150,Manhattan Beach,12,32,10,59.403124999999996,61.075,0.3125,2026-03,unreliable_trip_rate,0.0,0.0,1.0,0.0,False
151,Manhattan Valley,4,176,55,14.451893939393939,13.133333333333333,0.3125,2026-03,unreliable_trip_rate,0.0,0.0,1.0,0.0,False
167,Morrisania/Melrose,19,32,10,28.083854166666665,22.233333333333334,0.3125,2026-03,unreliable_trip_rate,0.0,0.0,1.0,0.0,False
179,Old Astoria,13,112,35,29.993750000000002,27.825,0.3125,2026-03,unreliable_trip_rate,0.0,0.0,1.0,0.0,False
198,Ridgewood,20,80,25,21.537916666666668,20.566666666666666,0.3125,2026-03,unreliable_trip_rate,0.0,0.0,1.0,0.0,False
218,Springfield Gardens North,16,32,10,45.88072916666667,43.266666666666666,0.3125,2026-03,unreliable_trip_rate,0.0,0.0,1.0,0.0,False
220,Spuyten Duyvil/Kingsbridge,18,32,10,22.155208333333334,19.666666666666664,0.3125,2026-03,unreliable_trip_rate,0.0,0.0,1.0,0.0,False
256,Williamsburg (South Side),4,288,90,15.300636574074073,14.216666666666665,0.3125,2026-03,unreliable_trip_rate,0.0,0.0,1.0,0.0,False
230,Times Sq/Theatre District,14,4545,1420,19.922288228822882,13.291666666666666,0.3124312431243124,2026-03,unreliable_trip_rate,0.0,0.0,0.11375137513751375,0.8862486248624862,False
230,Times Sq/Theatre District,13,4253,1328,20.084281683517517,13.141666666666666,0.31225017634610863,2026-03,unreliable_trip_rate,0.0,0.0,0.11403715024688456,0.8859628497531155,False
79,East Village,5,884,276,13.21579939668175,10.733333333333333,0.31221719457013575,2026-03,unreliable_trip_rate,0.0,0.0,0.832579185520362,0.167420814479638,False
141,Lenox Hill West,20,4889,1526,11.089810458853208,8.25,0.312129269789323,2026-03,unreliable_trip_rate,0.0,0.0,0.12333810595213746,0.8766618940478625,False
230,Times Sq/Theatre District,9,3537,1104,17.97088870040524,12.866666666666667,0.31212892281594573,2026-03,unreliable_trip_rate,0.0,0.0,0.1458863443596268,0.8541136556403732,False
25,Boerum Hill,22,282,88,21.141134751773052,19.15833333333333,0.3120567375886525,2026-03,unreliable_trip_rate,0.0,0.0,1.0,0.0,False
88,Financial District South,0,734,229,17.656221616712077,16.0,0.3119891008174387,2026-03,unreliable_trip_rate,0.0,0.0,0.8978201634877384,0.10217983651226158,False
158,Meatpacking/West Village West,1,2044,637,14.023524135681669,11.841666666666667,0.3116438356164384,2026-03,unreliable_trip_rate,0.0,0.0,0.2891389432485323,0.7108610567514677,False
76,East New York,20,138,43,29.46219806763285,25.416666666666668,0.3115942028985507,2026-03,unreliable_trip_rate,0.0,0.0,1.0,0.0,False
97,Fort Greene,0,260,81,22.44576923076923,20.84166666666667,0.31153846153846154,2026-03,unreliable_trip_rate,0.0,0.0,1.0,0.0,False
148,Lower East Side,20,2594,808,15.663807504497557,14.225,0.31148804934464147,2026-03,unreliable_trip_rate,0.0,0.0,0.2679259830377795,0.7320740169622205,False
41,Central Harlem,2,122,38,12.783879781420765,11.941666666666666,0.3114754098360656,2026-03,unreliable_trip_rate,0.0,0.0,1.0,0.0,False
166,Morningside Heights,5,228,71,17.44576023391813,15.741666666666667,0.31140350877192985,2026-03,unreliable_trip_rate,0.0,0.0,1.0,0.0,False
261,World Trade Center,0,318,99,19.42599580712788,17.416666666666664,0.3113207547169811,2026-03,unreliable_trip_rate,0.0,0.0,1.0,0.0,False
130,Jamaica,23,241,75,19.79799446749654,18.35,0.3112033195020747,2026-03,unreliable_trip_rate,0.0,0.0,1.0,0.0,False
51,Co-Op City,6,180,56,61.30296296296296,56.93333333333334,0.3111111111111111,2026-03,unreliable_trip_rate,0.0,0.0,1.0,0.0,False
56,Corona,20,45,14,23.42666666666667,22.166666666666668,0.3111111111111111,2026-03,unreliable_trip_rate,0.0,0.0,1.0,0.0,False
183,Pelham Bay,8,45,14,36.77074074074074,30.55,0.3111111111111111,2026-03,unreliable_trip_rate,0.0,0.0,1.0,0.0,False
189,Prospect Heights,9,90,28,34.57055555555556,32.79166666666667,0.3111111111111111,2026-03,unreliable_trip_rate,0.0,0.0,1.0,0.0,False
196,Rego Park,10,45,14,40.885185185185186,36.233333333333334,0.3111111111111111,2026-03,unreliable_trip_rate,0.0,0.0,1.0,0.0,False
217,South Williamsburg,15,45,14,27.43777777777778,25.05,0.3111111111111111,2026-03,unreliable_trip_rate,0.0,0.0,1.0,0.0,False
226,Sunnyside,5,225,70,17.53933333333333,16.616666666666667,0.3111111111111111,2026-03,unreliable_trip_rate,0.0,0.0,1.0,0.0,False
4,Alphabet City,5,254,79,14.27263779527559,12.583333333333332,0.3110236220472441,2026-03,unreliable_trip_rate,0.0,0.0,1.0,0.0,False
76,East New York,23,119,37,22.750700280112046,20.866666666666667,0.31092436974789917,2026-03,unreliable_trip_rate,0.0,0.0,1.0,0.0,False
137,Kips Bay,18,3130,973,15.11476038338658,13.383333333333333,0.3108626198083067,2026-03,unreliable_trip_rate,0.0,0.0,0.2047923322683706,0.7952076677316294,False
37,Bushwick South,12,222,69,30.53340840840841,27.783333333333335,0.3108108108108108,2026-03,unreliable_trip_rate,0.0,0.0,1.0,0.0,False
65,Downtown Brooklyn/MetroTech,21,222,69,19.63753753753754,18.625,0.3108108108108108,2026-03,unreliable_trip_rate,0.0,0.0,1.0,0.0,False
41,Central Harlem,5,338,105,19.4819033530572,15.608333333333334,0.3106508875739645,2026-03,unreliable_trip_rate,0.0,0.0,1.0,0.0,False
238,Upper West Side North,10,4382,1360,13.20522592423551,10.025,0.31036056595162026,2026-03,unreliable_trip_rate,0.0,0.0,0.10223642172523961,0.8977635782747604,False
51,Co-Op City,4,58,18,52.90258620689655,48.55,0.3103448275862069,2026-03,unreliable_trip_rate,0.0,0.0,1.0,0.0,False
129,Jackson Heights,20,174,54,19.58582375478927,18.299999999999997,0.3103448275862069,2026-03,unreliable_trip_rate,0.0,0.0,1.0,0.0,False
195,Red Hook,18,87,27,25.865900383141764,24.716666666666665,0.3103448275862069,2026-03,unreliable_trip_rate,0.0,0.0,1.0,0.0,False
235,University Heights/Morris Heights,13,58,18,43.04798850574713,37.583333333333336,0.3103448275862069,2026-03,unreliable_trip_rate,0.0,0.0,1.0,0.0,False
186,Penn Station/Madison Sq West,8,5366,1665,13.377820226115045,10.975,0.31028699217294076,2026-03,unreliable_trip_rate,0.0,0.0,0.08311591502049943,0.9168840849795006,False
144,Little Italy/NoLiTa,22,2878,893,14.658153810516561,12.8,0.31028492008339126,2026-03,unreliable_trip_rate,0.0,0.0,0.22619874913134122,0.7738012508686588,False
161,Midtown Center,9,4749,1473,15.817561591914089,12.5,0.31017056222362605,2026-03,unreliable_trip_rate,0.0,0.0,0.06864603074331438,0.9313539692566856,False
80,East Williamsburg,14,129,40,30.90374677002584,27.483333333333334,0.31007751937984496,2026-03,unreliable_trip_rate,0.0,0.0,1.0,0.0,False
168,Mott Haven/Port Morris,20,129,40,18.972093023255816,17.2,0.31007751937984496,2026-03,unreliable_trip_rate,0.0,0.0,1.0,0.0,False
164,Midtown South,14,3861,1197,17.285806785806784,12.791666666666668,0.31002331002331,2026-03,unreliable_trip_rate,0.0,0.0,0.1048951048951049,0.8951048951048951,False
17,Bedford,6,242,75,28.920454545454547,25.2,0.30991735537190085,2026-03,unreliable_trip_rate,0.0,0.0,1.0,0.0,False
87,Financial District North,11,797,247,21.689627770807196,18.133333333333333,0.3099121706398996,2026-03,unreliable_trip_rate,0.0,0.0,0.821831869510665,0.178168130489335,False
129,Jackson Heights,0,184,57,16.320199275362317,15.108333333333334,0.30978260869565216,2026-03,unreliable_trip_rate,0.0,0.0,1.0,0.0,False
223,Steinway,12,113,35,26.15884955752212,24.283333333333335,0.30973451327433627,2026-03,unreliable_trip_rate,0.0,0.0,1.0,0.0,False
49,Clinton Hill,0,155,48,20.73537634408602,19.766666666666666,0.3096774193548387,2026-03,unreliable_trip_rate,0.0,0.0,1.0,0.0,False
186,Penn Station/Madison Sq West,14,5716,1770,18.72210170282249,15.016666666666667,0.3096571028691393,2026-03,unreliable_trip_rate,0.0,0.0,0.09534639608117565,0.9046536039188243,False
162,Midtown East,22,4757,1473,12.27741223460164,10.8,0.30964893840655877,2026-03,unreliable_trip_rate,0.0,0.0,0.1383224721463107,0.8616775278536893,False
85,Erasmus,18,84,26,29.65892857142857,25.541666666666664,0.30952380952380953,2026-03,unreliable_trip_rate,0.0,0.0,1.0,0.0,False
94,Fordham South,9,42,13,43.612698412698414,44.24166666666667,0.30952380952380953,2026-03,unreliable_trip_rate,0.0,0.0,1.0,0.0,False
147,Longwood,11,42,13,39.02738095238095,34.6,0.30952380952380953,2026-03,unreliable_trip_rate,0.0,0.0,1.0,0.0,False
167,Morrisania/Melrose,5,84,26,37.42281746031746,37.35,0.30952380952380953,2026-03,unreliable_trip_rate,0.0,0.0,1.0,0.0,False
244,Washington Heights South,1,97,30,15.171305841924397,14.433333333333334,0.30927835051546393,2026-03,unreliable_trip_rate,0.0,0.0,1.0,0.0,False
230,Times Sq/Theatre District,15,5024,1553,19.129750530785564,12.483333333333333,0.3091162420382166,2026-03,unreliable_trip_rate,0.0,0.0,0.09355095541401273,0.9064490445859873,False
7,Astoria,21,385,119,18.778138528138527,18.733333333333334,0.3090909090909091,2026-03,unreliable_trip_rate,0.0,0.0,0.9142857142857143,0.08571428571428572,False
35,Brownsville,23,55,17,21.931212121212123,19.833333333333332,0.3090909090909091,2026-03,unreliable_trip_rate,0.0,0.0,1.0,0.0,False
152,Manhattanville,4,55,17,14.926060606060606,14.766666666666667,0.3090909090909091,2026-03,unreliable_trip_rate,0.0,0.0,1.0,0.0,False
198,Ridgewood,10,55,17,27.87242424242424,25.633333333333333,0.3090909090909091,2026-03,unreliable_trip_rate,0.0,0.0,1.0,0.0,False
7,Astoria,23,398,123,18.05247068676717,17.799999999999997,0.30904522613065327,2026-03,unreliable_trip_rate,0.0,0.0,0.9120603015075377,0.08793969849246232,False
238,Upper West Side North,15,5352,1654,14.060625311410064,10.683333333333334,0.30904334828101643,2026-03,unreliable_trip_rate,0.0,0.0,0.08482810164424515,0.9151718983557549,False
107,Gramercy,7,2233,690,12.033743842364531,10.433333333333334,0.30900134348410213,2026-03,unreliable_trip_rate,0.0,0.0,0.2637707120465741,0.7362292879534259,False
112,Greenpoint,7,178,55,21.470131086142324,20.408333333333335,0.3089887640449438,2026-03,unreliable_trip_rate,0.0,0.0,1.0,0.0,False
140,Lenox Hill East,19,4787,1479,13.214682125200195,11.383333333333333,0.3089617714643827,2026-03,unreliable_trip_rate,0.0,0.0,0.1533319406726551,0.8466680593273449,False
142,Lincoln Square East,16,6399,1977,14.156196280668855,11.033333333333333,0.30895452414439756,2026-03,unreliable_trip_rate,0.0,0.0,0.07969995311767464,0.9203000468823254,False
230,Times Sq/Theatre District,10,4279,1322,18.170530497779854,13.608333333333334,0.30895068941341436,2026-03,unreliable_trip_rate,0.0,0.0,0.10609955597102126,0.8939004440289787,False
162,Midtown East,14,6419,1983,16.867437814820583,13.566666666666666,0.3089266240847484,2026-03,unreliable_trip_rate,0.0,0.0,0.07057174014644026,0.9294282598535597,False
116,Hamilton Heights,7,874,270,22.173169336384436,20.366666666666667,0.30892448512585813,2026-03,unreliable_trip_rate,0.0,0.0,0.8089244851258581,0.19107551487414187,False
158,Meatpacking/West Village West,8,1078,333,15.65248917748918,13.791666666666668,0.30890538033395176,2026-03,unreliable_trip_rate,0.0,0.0,0.39332096474953615,0.6066790352504638,False
112,Greenpoint,18,382,118,22.60087260034904,22.016666666666666,0.3089005235602094,2026-03,unreliable_trip_rate,0.0,0.0,1.0,0.0,False
226,Sunnyside,15,327,101,32.213557594291544,25.483333333333334,0.308868501529052,2026-03,unreliable_trip_rate,0.0,0.0,0.8562691131498471,0.1437308868501529,False
51,Co-Op City,21,68,21,23.95514705882353,19.391666666666666,0.3088235294117647,2026-03,unreliable_trip_rate,0.0,0.0,1.0,0.0,False
78,East Tremont,14,68,21,47.44607843137255,46.6,0.3088235294117647,2026-03,unreliable_trip_rate,0.0,0.0,1.0,0.0,False
215,South Jamaica,15,68,21,41.45294117647059,39.599999999999994,0.3088235294117647,2026-03,unreliable_trip_rate,0.0,0.0,1.0,0.0,False
130,Jamaica,10,81,25,35.90164609053498,33.95,0.30864197530864196,2026-03,unreliable_trip_rate,0.0,0.0,1.0,0.0,False
261,World Trade Center,13,1066,329,22.411350844277674,19.683333333333334,0.30863039399624764,2026-03,unreliable_trip_rate,0.0,0.0,0.5938086303939962,0.40619136960600377,False
261,World Trade Center,23,457,141,18.05557986870897,16.5,0.3085339168490153,2026-03,unreliable_trip_rate,0.0,0.0,1.0,0.0,False
162,Midtown East,15,6891,2126,17.05992357180864,12.666666666666666,0.30851835727760846,2026-03,unreliable_trip_rate,0.0,0.0,0.07009142359599478,0.9299085764040053,False
168,Mott Haven/Port Morris,11,94,29,29.009397163120568,23.34166666666667,0.30851063829787234,2026-03,unreliable_trip_rate,0.0,0.0,1.0,0.0,False
52,Cobble Hill,17,107,33,23.81323987538941,21.616666666666667,0.308411214953271,2026-03,unreliable_trip_rate,0.0,0.0,1.0,0.0,False
143,Lincoln Square West,7,2539,783,13.23337271891821,10.766666666666667,0.30838912957857423,2026-03,unreliable_trip_rate,0.0,0.0,0.20244190626230799,0.797558093737692,False
141,Lenox Hill West,18,6240,1924,12.283215811965812,9.0,0.30833333333333335,2026-03,unreliable_trip_rate,0.0,0.0,0.08990384615384615,0.9100961538461538,False
261,World Trade Center,16,1330,410,24.865839598997493,20.208333333333332,0.3082706766917293,2026-03,unreliable_trip_rate,0.0,0.0,0.5654135338345865,0.4345864661654135,False
211,SoHo,14,1629,502,18.515725393902187,15.683333333333334,0.3081645181092695,2026-03,unreliable_trip_rate,0.0,0.0,0.2682627378759975,0.7317372621240025,False
88,Financial District South,7,172,53,17.894186046511628,16.516666666666666,0.3081395348837209,2026-03,unreliable_trip_rate,0.0,0.0,1.0,0.0,False
237,Upper East Side South,8,6810,2098,11.02327949094469,8.016666666666667,0.3080763582966226,2026-03,unreliable_trip_rate,0.0,0.0,0.04713656387665198,0.952863436123348,False
181,Park Slope,19,289,89,22.907497116493655,22.116666666666667,0.3079584775086505,2026-03,unreliable_trip_rate,0.0,0.0,1.0,0.0,False
10,Baisley Park,12,78,24,39.001495726495726,37.80833333333334,0.3076923076923077,2026-03,unreliable_trip_rate,0.0,0.0,1.0,0.0,False
12,Battery Park,17,65,20,21.82128205128205,20.5,0.3076923076923077,2026-03,unreliable_trip_rate,0.0,0.0,1.0,0.0,False
55,Coney Island,10,117,36,54.56267806267806,56.1,0.3076923076923077,2026-03,unreliable_trip_rate,0.0,0.0,1.0,0.0,False
85,Erasmus,4,39,12,26.209401709401707,22.9,0.3076923076923077,2026-03,unreliable_trip_rate,0.0,0.0,1.0,0.0,False
87,Financial District North,22,1508,464,17.206819186560566,15.883333333333333,0.3076923076923077,2026-03,unreliable_trip_rate,0.0,0.0,0.5543766578249337,0.44562334217506633,False
126,Hunts Point,20,39,12,21.05854700854701,18.666666666666668,0.3076923076923077,2026-03,unreliable_trip_rate,0.0,0.0,1.0,0.0,False
143,Lincoln Square West,2,104,32,12.100961538461538,11.2,0.3076923076923077,2026-03,unreliable_trip_rate,0.0,0.0,1.0,0.0,False
197,Richmond Hill,12,78,24,35.595085470085465,31.55,0.3076923076923077,2026-03,unreliable_trip_rate,0.0,0.0,1.0,0.0,False
212,Soundview/Bruckner,4,39,12,17.56239316239316,15.616666666666667,0.3076923076923077,2026-03,unreliable_trip_rate,0.0,0.0,1.0,0.0,False
217,South Williamsburg,7,52,16,32.8349358974359,32.425,0.3076923076923077,2026-03,unreliable_trip_rate,0.0,0.0,1.0,0.0,False
243,Washington Heights North,9,208,64,30.033733974358974,25.933333333333334,0.3076923076923077,2026-03,unreliable_trip_rate,0.0,0.0,1.0,0.0,False
258,Woodhaven,14,39,12,40.67564102564102,41.266666666666666,0.3076923076923077,2026-03,unreliable_trip_rate,0.0,0.0,1.0,0.0,False
244,Washington Heights South,13,465,143,25.817956989247314,21.666666666666668,0.30752688172043013,2026-03,unreliable_trip_rate,0.0,0.0,1.0,0.0,False
68,East Chelsea,16,5438,1672,17.98766090474439,15.025,0.3074659801397573,2026-03,unreliable_trip_rate,0.0,0.0,0.0917616770871644,0.9082383229128356,False
113,Greenwich Village North,23,3103,954,13.771967987968631,10.666666666666666,0.3074444086368031,2026-03,unreliable_trip_rate,0.0,0.0,0.18659361907831132,0.8134063809216887,False
145,Long Island City/Hunters Point,7,283,87,21.944581861012956,19.516666666666666,0.30742049469964666,2026-03,unreliable_trip_rate,0.0,0.0,1.0,0.0,False
158,Meatpacking/West Village West,3,807,248,12.47806691449814,11.533333333333333,0.3073110285006196,2026-03,unreliable_trip_rate,0.0,0.0,0.6468401486988847,0.35315985130111527,False
211,SoHo,15,1967,604,18.388196915776987,15.683333333333334,0.3070665988815455,2026-03,unreliable_trip_rate,0.0,0.0,0.2658871377732588,0.7341128622267412,False
261,World Trade Center,17,1378,423,22.273270440251572,19.525,0.306966618287373,2026-03,unreliable_trip_rate,0.0,0.0,0.47895500725689405,0.521044992743106,False
142,Lincoln Square East,15,6515,1999,14.503246354566384,10.966666666666667,0.3068303914044513,2026-03,unreliable_trip_rate,0.0,0.0,0.08165771297006907,0.9183422870299309,False
92,Flushing,20,88,27,21.063825757575756,19.758333333333333,0.3068181818181818,2026-03,unreliable_trip_rate,0.0,0.0,1.0,0.0,False
24,Bloomingdale,5,163,50,17.562678936605316,15.466666666666667,0.3067484662576687,2026-03,unreliable_trip_rate,0.0,0.0,1.0,0.0,False
17,Bedford,1,75,23,20.666,18.366666666666667,0.30666666666666664,2026-03,unreliable_trip_rate,0.0,0.0,1.0,0.0,False
106,Gowanus,18,75,23,22.464888888888886,22.0,0.30666666666666664,2026-03,unreliable_trip_rate,0.0,0.0,1.0,0.0,False
249,West Village,17,3377,1035,14.807664593820945,11.5,0.30648504589872666,2026-03,unreliable_trip_rate,0.0,0.0,0.10245780278353568,0.8975421972164643,False
186,Penn Station/Madison Sq West,9,5945,1822,15.072924025791982,12.833333333333332,0.30647603027754416,2026-03,unreliable_trip_rate,0.0,0.0,0.07165685449957948,0.9283431455004205,False
55,Coney Island,18,62,19,46.81505376344086,46.90833333333333,0.3064516129032258,2026-03,unreliable_trip_rate,0.0,0.0,1.0,0.0,False
86,Far Rockaway,17,62,19,59.12177419354839,59.15,0.3064516129032258,2026-03,unreliable_trip_rate,0.0,0.0,1.0,0.0,False
48,Clinton East,0,3625,1110,12.853259770114942,11.216666666666667,0.3062068965517241,2026-03,unreliable_trip_rate,0.0,0.0,0.1762758620689655,0.8237241379310345,False
238,Upper West Side North,19,3890,1191,11.610736932305057,8.55,0.3061696658097686,2026-03,unreliable_trip_rate,0.0,0.0,0.12544987146529563,0.8745501285347044,False
24,Bloomingdale,4,98,30,12.798469387755102,11.9,0.30612244897959184,2026-03,unreliable_trip_rate,0.0,0.0,1.0,0.0,False
230,Times Sq/Theatre District,11,4577,1401,19.48268880635059,13.6,0.30609569587065766,2026-03,unreliable_trip_rate,0.0,0.0,0.08826742407690627,0.9117325759230938,False
237,Upper East Side South,12,10499,3213,13.199561863034576,9.525,0.30602914563291744,2026-03,unreliable_trip_rate,0.0,0.0,0.042480236212972665,0.9575197637870273,False
195,Red Hook,8,183,56,29.50910746812386,28.766666666666666,0.30601092896174864,2026-03,unreliable_trip_rate,0.0,0.0,1.0,0.0,False
148,Lower East Side,21,3224,986,15.544489247311828,14.4,0.3058312655086849,2026-03,unreliable_trip_rate,0.0,0.0,0.22890818858560794,0.7710918114143921,False
145,Long Island City/Hunters Point,21,484,148,18.773209366391185,18.291666666666664,0.30578512396694213,2026-03,unreliable_trip_rate,0.0,0.0,1.0,0.0,False
144,Little Italy/NoLiTa,14,1809,553,19.209452736318408,17.216666666666665,0.3056937534549475,2026-03,unreliable_trip_rate,0.0,0.0,0.33996683250414594,0.6600331674958541,False
237,Upper East Side South,14,12491,3817,13.32276972753716,9.2,0.3055800176126811,2026-03,unreliable_trip_rate,0.0,0.0,0.03890801376991434,0.9610919862300856,False
36,Bushwick North,11,72,22,27.333564814814814,25.941666666666666,0.3055555555555556,2026-03,unreliable_trip_rate,0.0,0.0,1.0,0.0,False
68,East Chelsea,17,6840,2090,16.63904483430799,14.158333333333333,0.3055555555555556,2026-03,unreliable_trip_rate,0.0,0.0,0.09824561403508772,0.9017543859649123,False
93,Flushing Meadows-Corona Park,15,36,11,32.37546296296296,28.40833333333333,0.3055555555555556,2026-03,unreliable_trip_rate,0.0,0.0,1.0,0.0,False
159,Melrose South,4,36,11,13.418055555555556,12.183333333333334,0.3055555555555556,2026-03,unreliable_trip_rate,0.0,0.0,1.0,0.0,False
179,Old Astoria,21,108,33,20.847993827160494,21.025,0.3055555555555556,2026-03,unreliable_trip_rate,0.0,0.0,1.0,0.0,False
202,Roosevelt Island,13,36,11,37.62361111111111,32.55,0.3055555555555556,2026-03,unreliable_trip_rate,0.0,0.0,1.0,0.0,False
215,South Jamaica,23,36,11,25.344907407407405,23.008333333333333,0.3055555555555556,2026-03,unreliable_trip_rate,0.0,0.0,1.0,0.0,False
219,Springfield Gardens South,15,36,11,49.07685185185185,45.90833333333333,0.3055555555555556,2026-03,unreliable_trip_rate,0.0,0.0,1.0,0.0,False
260,Woodside,22,108,33,15.137037037037036,14.108333333333334,0.3055555555555556,2026-03,unreliable_trip_rate,0.0,0.0,1.0,0.0,False
113,Greenwich Village North,19,3679,1124,13.71263930415874,11.05,0.3055178037510193,2026-03,unreliable_trip_rate,0.0,0.0,0.12449035063876053,0.8755096493612394,False
79,East Village,6,1375,420,13.417963636363638,11.55,0.3054545454545455,2026-03,unreliable_trip_rate,0.0,0.0,0.4792727272727273,0.5207272727272727,False
88,Financial District South,21,920,281,16.970905797101448,15.816666666666666,0.30543478260869567,2026-03,unreliable_trip_rate,0.0,0.0,0.7847826086956522,0.21521739130434783,False
188,Prospect-Lefferts Gardens,22,95,29,22.132105263157897,21.433333333333334,0.30526315789473685,2026-03,unreliable_trip_rate,0.0,0.0,1.0,0.0,False
37,Bushwick South,22,249,76,22.923493975903614,22.583333333333332,0.30522088353413657,2026-03,unreliable_trip_rate,0.0,0.0,1.0,0.0,False
112,Greenpoint,6,154,47,19.98560606060606,18.924999999999997,0.3051948051948052,2026-03,unreliable_trip_rate,0.0,0.0,1.0,0.0,False
25,Boerum Hill,21,236,72,21.98255649717514,20.391666666666666,0.3050847457627119,2026-03,unreliable_trip_rate,0.0,0.0,1.0,0.0,False
72,East Flatbush/Remsen Village,21,59,18,32.44802259887006,33.93333333333333,0.3050847457627119,2026-03,unreliable_trip_rate,0.0,0.0,1.0,0.0,False
130,Jamaica,2,59,18,14.113841807909605,12.75,0.3050847457627119,2026-03,unreliable_trip_rate,0.0,0.0,1.0,0.0,False
37,Bushwick South,19,246,75,26.49607046070461,24.0,0.3048780487804878,2026-03,unreliable_trip_rate,0.0,0.0,1.0,0.0,False
148,Lower East Side,9,1017,310,16.46725663716814,14.45,0.3048180924287119,2026-03,unreliable_trip_rate,0.0,0.0,0.63913470993117,0.3608652900688299,False
158,Meatpacking/West Village West,18,2372,723,15.72662310286678,14.35,0.3048060708263069,2026-03,unreliable_trip_rate,0.0,0.0,0.2057335581787521,0.7942664418212478,False
179,Old Astoria,18,151,46,22.847350993377482,22.3,0.304635761589404,2026-03,unreliable_trip_rate,0.0,0.0,1.0,0.0,False
162,Midtown East,16,8195,2495,16.640353874313607,12.766666666666667,0.30445393532641857,2026-03,unreliable_trip_rate,0.0,0.0,0.0652837095790116,0.9347162904209884,False
71,East Flatbush/Farragut,22,46,14,21.722463768115944,18.383333333333333,0.30434782608695654,2026-03,unreliable_trip_rate,0.0,0.0,1.0,0.0,False
82,Elmhurst,1,69,21,15.740579710144926,15.3,0.30434782608695654,2026-03,unreliable_trip_rate,0.0,0.0,1.0,0.0,False
126,Hunts Point,8,69,21,33.88405797101449,29.85,0.30434782608695654,2026-03,unreliable_trip_rate,0.0,0.0,1.0,0.0,False
159,Melrose South,23,46,14,24.60253623188406,18.266666666666666,0.30434782608695654,2026-03,unreliable_trip_rate,0.0,0.0,1.0,0.0,False
202,Roosevelt Island,15,46,14,47.12101449275362,43.53333333333333,0.30434782608695654,2026-03,unreliable_trip_rate,0.0,0.0,1.0,0.0,False
209,Seaport,8,184,56,18.83106884057971,17.633333333333333,0.30434782608695654,2026-03,unreliable_trip_rate,0.0,0.0,1.0,0.0,False
257,Windsor Terrace,6,46,14,34.39420289855072,28.725,0.30434782608695654,2026-03,unreliable_trip_rate,0.0,0.0,1.0,0.0,False
260,Woodside,11,92,28,25.68605072463768,24.6,0.30434782608695654,2026-03,unreliable_trip_rate,0.0,0.0,1.0,0.0,False
45,Chinatown,0,401,122,15.550249376558602,14.933333333333334,0.30423940149625933,2026-03,unreliable_trip_rate,0.0,0.0,0.9177057356608479,0.08229426433915212,False
145,Long Island City/Hunters Point,23,526,160,19.18491761723701,17.825000000000003,0.3041825095057034,2026-03,unreliable_trip_rate,0.0,0.0,0.9391634980988594,0.060836501901140684,False
88,Financial District South,18,1095,333,19.346605783866057,17.45,0.3041095890410959,2026-03,unreliable_trip_rate,0.0,0.0,0.6885844748858447,0.31141552511415527,False
181,Park Slope,18,365,111,25.261415525114153,23.566666666666666,0.3041095890410959,2026-03,unreliable_trip_rate,0.0,0.0,1.0,0.0,False
163,Midtown North,17,7968,2422,15.674667419678714,11.3,0.30396586345381527,2026-03,unreliable_trip_rate,0.0,0.0,0.06501004016064257,0.9349899598393574,False
112,Greenpoint,15,102,31,26.797875816993464,22.683333333333334,0.30392156862745096,2026-03,unreliable_trip_rate,0.0,0.0,1.0,0.0,False
95,Forest Hills,18,158,48,21.74272151898734,19.933333333333334,0.3037974683544304,2026-03,unreliable_trip_rate,0.0,0.0,1.0,0.0,False
25,Boerum Hill,23,247,75,21.770917678812417,20.516666666666666,0.30364372469635625,2026-03,unreliable_trip_rate,0.0,0.0,1.0,0.0,False
256,Williamsburg (South Side),14,112,34,26.839285714285715,23.5,0.30357142857142855,2026-03,unreliable_trip_rate,0.0,0.0,1.0,0.0,False
229,Sutton Place/Turtle Bay North,19,4131,1254,12.702929072863714,11.05,0.30355846042120554,2026-03,unreliable_trip_rate,0.0,0.0,0.12926652142338416,0.8707334785766159,False
186,Penn Station/Madison Sq West,15,6135,1862,18.87587883727248,14.633333333333333,0.3035044824775876,2026-03,unreliable_trip_rate,0.0,0.0,0.09959250203748982,0.9004074979625102,False
68,East Chelsea,14,5134,1558,18.348863783924166,15.333333333333334,0.30346708219711727,2026-03,unreliable_trip_rate,0.0,0.0,0.09738994935722634,0.9026100506427737,False
33,Brooklyn Heights,7,234,71,22.992165242165242,21.516666666666666,0.3034188034188034,2026-03,unreliable_trip_rate,0.0,0.0,1.0,0.0,False
36,Bushwick North,3,333,101,17.483483483483482,18.033333333333335,0.3033033033033033,2026-03,unreliable_trip_rate,0.0,0.0,0.9099099099099099,0.09009009009009009,False
189,Prospect Heights,23,122,37,21.758060109289616,21.233333333333334,0.30327868852459017,2026-03,unreliable_trip_rate,0.0,0.0,1.0,0.0,False
255,Williamsburg (North Side),23,976,296,19.741478825136614,19.4,0.30327868852459017,2026-03,unreliable_trip_rate,0.0,0.0,0.8504098360655737,0.14959016393442623,False
162,Midtown East,5,597,181,11.538135120044668,8.233333333333333,0.30318257956448913,2026-03,unreliable_trip_rate,0.0,0.0,0.7085427135678392,0.2914572864321608,False
256,Williamsburg (South Side),23,574,174,19.267131242741,18.266666666666666,0.30313588850174217,2026-03,unreliable_trip_rate,0.0,0.0,1.0,0.0,False
140,Lenox Hill East,18,5473,1659,14.388775199464035,12.1,0.30312442901516534,2026-03,unreliable_trip_rate,0.0,0.0,0.12844874840124246,0.8715512515987576,False
161,Midtown Center,12,7746,2348,17.32265470350288,13.566666666666666,0.30312419313193906,2026-03,unreliable_trip_rate,0.0,0.0,0.05047766589207333,0.9495223341079266,False
256,Williamsburg (South Side),1,419,127,20.25648369132856,17.516666666666666,0.3031026252983294,2026-03,unreliable_trip_rate,0.0,0.0,1.0,0.0,False
163,Midtown North,16,6543,1983,16.481583371542108,11.733333333333333,0.30307198532783125,2026-03,unreliable_trip_rate,0.0,0.0,0.06464924346629987,0.9353507565337001,False
142,Lincoln Square East,14,5900,1788,14.366189265536722,10.85,0.3030508474576271,2026-03,unreliable_trip_rate,0.0,0.0,0.07220338983050847,0.9277966101694916,False
106,Gowanus,12,33,10,30.47676767676768,29.083333333333332,0.30303030303030304,2026-03,unreliable_trip_rate,0.0,0.0,1.0,0.0,False
223,Steinway,18,165,50,21.815050505050504,21.9,0.30303030303030304,2026-03,unreliable_trip_rate,0.0,0.0,1.0,0.0,False
7,Astoria,7,538,163,24.242998760842628,22.9,0.30297397769516726,2026-03,unreliable_trip_rate,0.0,0.0,1.0,0.0,False
243,Washington Heights North,7,406,123,28.14798850574713,25.65,0.30295566502463056,2026-03,unreliable_trip_rate,0.0,0.0,0.9261083743842364,0.07389162561576355,False
7,Astoria,0,373,113,16.952815013404823,16.766666666666666,0.30294906166219837,2026-03,unreliable_trip_rate,0.0,0.0,1.0,0.0,False
230,Times Sq/Theatre District,8,2806,850,16.632400807792827,10.066666666666666,0.3029223093371347,2026-03,unreliable_trip_rate,0.0,0.0,0.15645046329294368,0.8435495367070563,False
25,Boerum Hill,18,274,83,23.00139902676399,20.266666666666666,0.3029197080291971,2026-03,unreliable_trip_rate,0.0,0.0,1.0,0.0,False
238,Upper West Side North,13,4315,1307,13.498806488991889,9.058333333333334,0.3028968713789108,2026-03,unreliable_trip_rate,0.0,0.0,0.10266512166859791,0.8973348783314021,False
65,Downtown Brooklyn/MetroTech,0,175,53,19.344285714285714,19.183333333333334,0.3028571428571429,2026-03,unreliable_trip_rate,0.0,0.0,1.0,0.0,False
90,Flatiron,19,4197,1271,12.986323564450798,11.283333333333333,0.3028353585894687,2026-03,unreliable_trip_rate,0.0,0.0,0.10221586847748391,0.8977841315225161,False
258,Woodhaven,6,142,43,38.23098591549296,36.983333333333334,0.3028169014084507,2026-03,unreliable_trip_rate,0.0,0.0,1.0,0.0,False
80,East Williamsburg,9,218,66,30.532415902140674,29.016666666666666,0.30275229357798167,2026-03,unreliable_trip_rate,0.0,0.0,1.0,0.0,False
55,Coney Island,14,76,23,58.377631578947366,54.35,0.3026315789473684,2026-03,unreliable_trip_rate,0.0,0.0,1.0,0.0,False
230,Times Sq/Theatre District,12,4342,1314,20.134772762167973,13.683333333333334,0.3026255181943805,2026-03,unreliable_trip_rate,0.0,0.0,0.10087517273146016,0.8991248272685398,False
152,Manhattanville,7,390,118,18.541666666666668,16.825000000000003,0.30256410256410254,2026-03,unreliable_trip_rate,0.0,0.0,1.0,0.0,False
226,Sunnyside,10,238,72,22.8421568627451,22.183333333333334,0.3025210084033613,2026-03,unreliable_trip_rate,0.0,0.0,1.0,0.0,False
90,Flatiron,21,3914,1184,13.898582013285642,12.033333333333333,0.3025038323965253,2026-03,unreliable_trip_rate,0.0,0.0,0.12263668880940215,0.8773633111905978,False
148,Lower East Side,7,605,183,18.700110192837467,15.0,0.30247933884297523,2026-03,unreliable_trip_rate,0.0,0.0,0.8958677685950414,0.10413223140495868,False
249,West Village,8,1977,598,14.29116506491317,12.3,0.3024785027819929,2026-03,unreliable_trip_rate,0.0,0.0,0.22306525037936267,0.7769347496206374,False
33,Brooklyn Heights,23,205,62,20.47829268292683,19.75,0.3024390243902439,2026-03,unreliable_trip_rate,0.0,0.0,1.0,0.0,False
179,Old Astoria,17,129,39,27.237726098191214,25.716666666666665,0.3023255813953488,2026-03,unreliable_trip_rate,0.0,0.0,1.0,0.0,False
228,Sunset Park West,5,43,13,21.845736434108527,21.383333333333333,0.3023255813953488,2026-03,unreliable_trip_rate,0.0,0.0,1.0,0.0,False
37,Bushwick South,4,417,126,17.780655475619504,17.816666666666666,0.302158273381295,2026-03,unreliable_trip_rate,0.0,0.0,0.9232613908872902,0.07673860911270983,False
234,Union Sq,23,4905,1482,13.213275569147129,11.566666666666666,0.3021406727828746,2026-03,unreliable_trip_rate,0.0,0.0,0.12986748216106014,0.8701325178389399,False
68,East Chelsea,15,5280,1595,17.67397095959596,14.883333333333333,0.3020833333333333,2026-03,unreliable_trip_rate,0.0,0.0,0.09318181818181819,0.9068181818181819,False
13,Battery Park City,16,1662,502,20.599789410348976,17.775,0.3020457280385078,2026-03,unreliable_trip_rate,0.0,0.0,0.38086642599277976,0.6191335740072202,False
141,Lenox Hill West,4,500,151,12.427766666666667,11.0,0.302,2026-03,unreliable_trip_rate,0.0,0.0,0.864,0.136,False
225,Stuyvesant Heights,5,202,61,27.131105610561058,25.916666666666664,0.30198019801980197,2026-03,unreliable_trip_rate,0.0,0.0,1.0,0.0,False
163,Midtown North,14,5611,1694,16.705807045684075,13.216666666666665,0.3019069684548209,2026-03,unreliable_trip_rate,0.0,0.0,0.06415968633042239,0.9358403136695777,False
10,Baisley Park,22,53,16,24.106289308176102,24.633333333333333,0.3018867924528302,2026-03,unreliable_trip_rate,0.0,0.0,1.0,0.0,False
42,Central Harlem North,6,795,240,23.37194968553459,19.516666666666666,0.3018867924528302,2026-03,unreliable_trip_rate,0.0,0.0,0.8125786163522013,0.18742138364779873,False
174,Norwood,11,53,16,59.6940251572327,56.25,0.3018867924528302,2026-03,unreliable_trip_rate,0.0,0.0,1.0,0.0,False
215,South Jamaica,11,53,16,44.245597484276736,42.0,0.3018867924528302,2026-03,unreliable_trip_rate,0.0,0.0,1.0,0.0,False
263,Yorkville West,7,3657,1104,12.123698842402698,10.616666666666667,0.3018867924528302,2026-03,unreliable_trip_rate,0.0,0.0,0.12605961170358218,0.8739403882964178,False
137,Kips Bay,19,3389,1023,13.97394019868201,12.016666666666667,0.3018589554440838,2026-03,unreliable_trip_rate,0.0,0.0,0.15078194157568603,0.849218058424314,False
260,Woodside,23,116,35,15.266810344827586,14.466666666666667,0.3017241379310345,2026-03,unreliable_trip_rate,0.0,0.0,1.0,0.0,False
262,Yorkville East,18,3689,1113,13.59922291497244,10.516666666666667,0.301707779886148,2026-03,unreliable_trip_rate,0.0,0.0,0.13987530496069395,0.860124695039306,False
239,Upper West Side South,10,5486,1655,12.959630574796453,10.833333333333334,0.3016769959897922,2026-03,unreliable_trip_rate,0.0,0.0,0.08621946773605542,0.9137805322639446,False
61,Crown Heights North,0,179,54,22.80735567970205,22.216666666666665,0.3016759776536313,2026-03,unreliable_trip_rate,0.0,0.0,1.0,0.0,False
231,TriBeCa/Civic Center,8,1694,511,16.290977961432507,13.775,0.30165289256198347,2026-03,unreliable_trip_rate,0.0,0.0,0.26210153482880755,0.7378984651711924,False
161,Midtown Center,10,5538,1670,16.68470867942699,14.108333333333334,0.30155290718671,2026-03,unreliable_trip_rate,0.0,0.0,0.05940772842181293,0.940592271578187,False
261,World Trade Center,15,1244,375,23.716639871382636,20.8,0.30144694533762056,2026-03,unreliable_trip_rate,0.0,0.0,0.565112540192926,0.43488745980707394,False
42,Central Harlem North,5,385,116,20.70017316017316,17.666666666666668,0.3012987012987013,2026-03,unreliable_trip_rate,0.0,0.0,1.0,0.0,False
174,Norwood,6,83,25,45.15341365461847,44.03333333333333,0.30120481927710846,2026-03,unreliable_trip_rate,0.0,0.0,1.0,0.0,False
79,East Village,18,4976,1498,14.434860664523045,12.583333333333334,0.30104501607717044,2026-03,unreliable_trip_rate,0.0,0.0,0.11997588424437299,0.880024115755627,False
237,Upper East Side South,16,12423,3738,13.563995545896052,9.508333333333333,0.3008935039845448,2026-03,unreliable_trip_rate,0.0,0.0,0.043387265555823874,0.9566127344441762,False
234,Union Sq,14,5261,1583,16.09862827092441,12.475,0.3008933662801749,2026-03,unreliable_trip_rate,0.0,0.0,0.07032883482227713,0.9296711651777229,False
237,Upper East Side South,13,11330,3409,12.998022947925861,9.033333333333333,0.30088261253309795,2026-03,unreliable_trip_rate,0.0,0.0,0.04201235657546337,0.9579876434245367,False
113,Greenwich Village North,8,1755,528,13.559905033238367,11.95,0.30085470085470084,2026-03,unreliable_trip_rate,0.0,0.0,0.26267806267806265,0.7373219373219373,False
211,SoHo,8,502,151,16.42101593625498,13.516666666666667,0.300796812749004,2026-03,unreliable_trip_rate,0.0,0.0,0.7908366533864541,0.20916334661354583,False
232,Two Bridges/Seward Park,13,409,123,22.839771801140994,19.716666666666665,0.30073349633251834,2026-03,unreliable_trip_rate,0.0,0.0,1.0,0.0,False
209,Seaport,18,549,165,17.575531268973894,16.283333333333335,0.3005464480874317,2026-03,unreliable_trip_rate,0.0,0.0,0.941712204007286,0.058287795992714025,False
186,Penn Station/Madison Sq West,22,7064,2123,15.471852585881466,13.925,0.3005379388448471,2026-03,unreliable_trip_rate,0.0,0.0,0.10433182332955833,0.8956681766704416,False
130,Jamaica,22,213,64,20.02824726134585,18.466666666666665,0.3004694835680751,2026-03,unreliable_trip_rate,0.0,0.0,1.0,0.0,False
237,Upper East Side South,15,12572,3772,13.602557270124086,9.683333333333334,0.3000318167356029,2026-03,unreliable_trip_rate,0.0,0.0,0.0463728921412663,0.9536271078587337,False
17,Bedford,0,130,39,20.202179487179485,20.183333333333334,0.3,2026-03,unreliable_trip_rate,0.0,0.0,1.0,0.0,False
18,Bedford Park,4,40,12,37.54041666666667,33.55833333333334,0.3,2026-03,unreliable_trip_rate,0.0,0.0,1.0,0.0,False
40,Carroll Gardens,12,40,12,25.517916666666668,24.3,0.3,2026-03,unreliable_trip_rate,0.0,0.0,1.0,0.0,False
41,Central Harlem,4,310,93,16.093978494623656,13.841666666666667,0.3,2026-03,unreliable_trip_rate,0.0,0.0,0.896774193548387,0.1032258064516129,False
52,Cobble Hill,13,50,15,28.950333333333333,26.03333333333333,0.3,2026-03,unreliable_trip_rate,0.0,0.0,1.0,0.0,False
53,College Point,7,30,9,39.68666666666666,37.55833333333334,0.3,2026-03,unreliable_trip_rate,0.0,0.0,1.0,0.0,False
66,DUMBO/Vinegar Hill,10,70,21,22.49452380952381,19.03333333333333,0.3,2026-03,unreliable_trip_rate,0.0,0.0,1.0,0.0,False
81,Eastchester,16,30,9,55.67888888888889,43.78333333333333,0.3,2026-03,unreliable_trip_rate,0.0,0.0,1.0,0.0,False
86,Far Rockaway,12,90,27,63.312777777777775,62.05,0.3,2026-03,unreliable_trip_rate,0.0,0.0,1.0,0.0,False
89,Flatbush/Ditmas Park,4,70,21,26.56190476190476,23.475,0.3,2026-03,unreliable_trip_rate,0.0,0.0,1.0,0.0,False
92,Flushing,7,60,18,51.39527777777778,53.275,0.3,2026-03,unreliable_trip_rate,0.0,0.0,1.0,0.0,False
106,Gowanus,13,30,9,28.55277777777778,27.308333333333334,0.3,2026-03,unreliable_trip_rate,0.0,0.0,1.0,0.0,False
127,Inwood,13,70,21,30.413333333333334,26.333333333333332,0.3,2026-03,unreliable_trip_rate,0.0,0.0,1.0,0.0,False
168,Mott Haven/Port Morris,23,90,27,18.337592592592593,15.45,0.3,2026-03,unreliable_trip_rate,0.0,0.0,1.0,0.0,False
174,Norwood,13,50,15,54.707,50.74166666666666,0.3,2026-03,unreliable_trip_rate,0.0,0.0,1.0,0.0,False
188,Prospect-Lefferts Gardens,3,30,9,21.93722222222222,23.291666666666664,0.3,2026-03,unreliable_trip_rate,0.0,0.0,1.0,0.0,False
217,South Williamsburg,6,30,9,22.798333333333332,22.383333333333333,0.3,2026-03,unreliable_trip_rate,0.0,0.0,1.0,0.0,False
225,Stuyvesant Heights,20,160,48,27.969270833333333,25.933333333333334,0.3,2026-03,unreliable_trip_rate,0.0,0.0,1.0,0.0,False
243,Washington Heights North,5,110,33,23.31439393939394,18.96666666666667,0.3,2026-03,unreliable_trip_rate,0.0,0.0,1.0,0.0,False
233,UN/Turtle Bay South,19,2964,889,13.404667116509222,11.733333333333333,0.29993252361673417,2026-03,unreliable_trip_rate,0.0,0.0,0.17982456140350878,0.8201754385964912,False
97,Fort Greene,6,217,65,26.526036866359444,22.483333333333334,0.2995391705069124,2026-03,unreliable_trip_rate,0.0,0.0,1.0,0.0,False
48,Clinton East,23,4938,1479,13.852352504387742,11.641666666666666,0.29951397326852974,2026-03,unreliable_trip_rate,0.0,0.0,0.12110166059133252,0.8788983394086675,False
79,East Village,9,2955,885,14.335267907501411,12.683333333333334,0.29949238578680204,2026-03,unreliable_trip_rate,0.0,0.0,0.16683587140439932,0.8331641285956006,False
256,Williamsburg (South Side),20,374,112,21.145231729055258,19.941666666666666,0.2994652406417112,2026-03,unreliable_trip_rate,0.0,0.0,1.0,0.0,False
256,Williamsburg (South Side),6,167,50,21.035329341317365,18.483333333333334,0.2994011976047904,2026-03,unreliable_trip_rate,0.0,0.0,1.0,0.0,False
25,Boerum Hill,9,157,47,29.049681528662422,26.3,0.29936305732484075,2026-03,unreliable_trip_rate,0.0,0.0,1.0,0.0,False
140,Lenox Hill East,5,411,123,12.840227088402271,10.783333333333333,0.29927007299270075,2026-03,unreliable_trip_rate,0.0,0.0,0.9221411192214112,0.07785888077858881,False
179,Old Astoria,12,137,41,26.63552311435523,23.15,0.29927007299270075,2026-03,unreliable_trip_rate,0.0,0.0,1.0,0.0,False
170,Murray Hill,17,7256,2171,16.197530779125323,13.8,0.29920066152149943,2026-03,unreliable_trip_rate,0.0,0.0,0.08958103638368246,0.9104189636163176,False
144,Little Italy/NoLiTa,17,2617,783,17.544745892243025,15.5,0.2991975544516622,2026-03,unreliable_trip_rate,0.0,0.0,0.20634314100114634,0.7936568589988536,False
158,Meatpacking/West Village West,23,2484,743,14.298986849168008,13.0,0.29911433172302737,2026-03,unreliable_trip_rate,0.0,0.0,0.2181964573268921,0.7818035426731079,False
230,Times Sq/Theatre District,23,6006,1796,14.432259407259407,11.708333333333334,0.299034299034299,2026-03,unreliable_trip_rate,0.0,0.0,0.10755910755910755,0.8924408924408924,False
148,Lower East Side,23,4451,1331,15.106047330187971,13.75,0.299033924960683,2026-03,unreliable_trip_rate,0.0,0.0,0.16086272747697147,0.8391372725230285,False
145,Long Island City/Hunters Point,16,301,90,32.950830564784056,25.016666666666666,0.29900332225913623,2026-03,unreliable_trip_rate,0.0,0.0,0.8870431893687708,0.11295681063122924,False
14,Bay Ridge,8,97,29,43.210309278350515,42.05,0.29896907216494845,2026-03,unreliable_trip_rate,0.0,0.0,1.0,0.0,False
239,Upper West Side South,14,6459,1931,13.650838623109872,10.725,0.2989626877225577,2026-03,unreliable_trip_rate,0.0,0.0,0.08019817309180988,0.9198018269081901,False
236,Upper East Side North,10,9040,2702,11.964848820058997,8.225000000000001,0.29889380530973453,2026-03,unreliable_trip_rate,0.0,0.0,0.05464601769911504,0.945353982300885,False
52,Cobble Hill,22,87,26,20.649233716475095,20.2,0.2988505747126437,2026-03,unreliable_trip_rate,0.0,0.0,1.0,0.0,False
234,Union Sq,15,5499,1643,15.741486330848034,12.616666666666667,0.29878159665393705,2026-03,unreliable_trip_rate,0.0,0.0,0.07419530823786143,0.9258046917621385,False
49,Clinton Hill,4,77,23,20.033766233766233,18.966666666666665,0.2987012987012987,2026-03,unreliable_trip_rate,0.0,0.0,1.0,0.0,False
10,Baisley Park,19,67,20,33.06218905472637,31.333333333333332,0.29850746268656714,2026-03,unreliable_trip_rate,0.0,0.0,1.0,0.0,False
161,Midtown Center,11,6875,2052,17.103592727272726,14.416666666666666,0.2984727272727273,2026-03,unreliable_trip_rate,0.0,0.0,0.04843636363636364,0.9515636363636364,False
66,DUMBO/Vinegar Hill,15,191,57,23.5304537521815,20.45,0.29842931937172773,2026-03,unreliable_trip_rate,0.0,0.0,1.0,0.0,False
146,Long Island City/Queens Plaza,7,228,68,18.863669590643276,16.78333333333333,0.2982456140350877,2026-03,unreliable_trip_rate,0.0,0.0,1.0,0.0,False
170,Murray Hill,22,4748,1416,12.84759898904802,11.45,0.2982308340353833,2026-03,unreliable_trip_rate,0.0,0.0,0.13289806234203874,0.8671019376579613,False
256,Williamsburg (South Side),13,104,31,28.440064102564104,27.03333333333333,0.2980769230769231,2026-03,unreliable_trip_rate,0.0,0.0,1.0,0.0,False
28,Briarwood/Jamaica Hills,6,94,28,39.172163120567376,38.483333333333334,0.2978723404255319,2026-03,unreliable_trip_rate,0.0,0.0,1.0,0.0,False
52,Cobble Hill,10,47,14,26.129078014184397,23.416666666666668,0.2978723404255319,2026-03,unreliable_trip_rate,0.0,0.0,1.0,0.0,False
257,Windsor Terrace,7,47,14,33.76418439716312,33.766666666666666,0.2978723404255319,2026-03,unreliable_trip_rate,0.0,0.0,1.0,0.0,False
161,Midtown Center,23,4677,1393,13.024848549640083,10.399999999999999,0.29784049604447294,2026-03,unreliable_trip_rate,0.0,0.0,0.12401111823818688,0.8759888817618131,False
223,Steinway,19,178,53,20.485674157303368,19.683333333333334,0.29775280898876405,2026-03,unreliable_trip_rate,0.0,0.0,1.0,0.0,False
229,Sutton Place/Turtle Bay North,18,4618,1375,13.555186227804244,11.1,0.297747942832395,2026-03,unreliable_trip_rate,0.0,0.0,0.10480727587700303,0.895192724122997,False
195,Red Hook,7,195,58,26.66982905982906,25.633333333333333,0.29743589743589743,2026-03,unreliable_trip_rate,0.0,0.0,1.0,0.0,False
224,Stuy Town/Peter Cooper Village,19,602,179,14.714479512735327,13.991666666666667,0.2973421926910299,2026-03,unreliable_trip_rate,0.0,0.0,0.8554817275747508,0.14451827242524917,False
12,Battery Park,11,37,11,19.385135135135137,19.933333333333334,0.2972972972972973,2026-03,unreliable_trip_rate,0.0,0.0,1.0,0.0,False
40,Carroll Gardens,18,111,33,23.114864864864863,22.583333333333332,0.2972972972972973,2026-03,unreliable_trip_rate,0.0,0.0,1.0,0.0,False
40,Carroll Gardens,20,74,22,25.682207207207206,22.34166666666667,0.2972972972972973,2026-03,unreliable_trip_rate,0.0,0.0,1.0,0.0,False
60,Crotona Park East,14,37,11,39.56351351351351,35.333333333333336,0.2972972972972973,2026-03,unreliable_trip_rate,0.0,0.0,1.0,0.0,False
65,Downtown Brooklyn/MetroTech,19,370,110,20.405,19.116666666666667,0.2972972972972973,2026-03,unreliable_trip_rate,0.0,0.0,1.0,0.0,False
95,Forest Hills,0,74,22,16.122747747747745,14.558333333333334,0.2972972972972973,2026-03,unreliable_trip_rate,0.0,0.0,1.0,0.0,False
159,Melrose South,14,111,33,31.376426426426427,25.75,0.2972972972972973,2026-03,unreliable_trip_rate,0.0,0.0,1.0,0.0,False
159,Melrose South,22,37,11,24.625225225225226,18.5,0.2972972972972973,2026-03,unreliable_trip_rate,0.0,0.0,1.0,0.0,False
195,Red Hook,14,37,11,39.46351351351352,32.56666666666667,0.2972972972972973,2026-03,unreliable_trip_rate,0.0,0.0,1.0,0.0,False
146,Long Island City/Queens Plaza,4,138,41,14.33876811594203,13.25,0.2971014492753623,2026-03,unreliable_trip_rate,0.0,0.0,1.0,0.0,False
158,Meatpacking/West Village West,0,2313,687,13.453487534226834,12.483333333333333,0.29701686121919585,2026-03,unreliable_trip_rate,0.0,0.0,0.25680933852140075,0.7431906614785992,False
193,Queensbridge/Ravenswood,4,64,19,15.791927083333334,15.691666666666666,0.296875,2026-03,unreliable_trip_rate,0.0,0.0,1.0,0.0,False
112,Greenpoint,19,401,119,21.574646716541977,20.7,0.2967581047381546,2026-03,unreliable_trip_rate,0.0,0.0,1.0,0.0,False
25,Boerum Hill,0,263,78,20.205259822560205,18.883333333333333,0.2965779467680608,2026-03,unreliable_trip_rate,0.0,0.0,1.0,0.0,False
181,Park Slope,11,145,43,34.21390804597701,32.0,0.296551724137931,2026-03,unreliable_trip_rate,0.0,0.0,1.0,0.0,False
146,Long Island City/Queens Plaza,21,172,51,19.0828488372093,18.916666666666664,0.29651162790697677,2026-03,unreliable_trip_rate,0.0,0.0,1.0,0.0,False
186,Penn Station/Madison Sq West,17,6662,1975,17.254850895626937,14.575,0.2964575202641849,2026-03,unreliable_trip_rate,0.0,0.0,0.09456619633743621,0.9054338036625638,False
161,Midtown Center,3,253,75,14.354216073781291,11.333333333333334,0.2964426877470356,2026-03,unreliable_trip_rate,0.0,0.0,0.8814229249011858,0.11857707509881422,False
230,Times Sq/Theatre District,16,6532,1936,18.84970402122882,13.208333333333332,0.2963870177587263,2026-03,unreliable_trip_rate,0.0,0.0,0.07486221677893448,0.9251377832210655,False
52,Cobble Hill,8,135,40,24.432222222222222,23.8,0.2962962962962963,2026-03,unreliable_trip_rate,0.0,0.0,1.0,0.0,False
82,Elmhurst,20,189,56,20.55546737213404,19.6,0.2962962962962963,2026-03,unreliable_trip_rate,0.0,0.0,1.0,0.0,False
79,East Village,3,4418,1309,12.088248830541723,10.75,0.2962879130828429,2026-03,unreliable_trip_rate,0.0,0.0,0.16364870982344953,0.8363512901765505,False
163,Midtown North,15,5677,1682,16.459030591274736,12.566666666666666,0.2962832481944689,2026-03,unreliable_trip_rate,0.0,0.0,0.06728906112383301,0.932710938876167,False
239,Upper West Side South,16,6151,1822,13.374665366065138,10.133333333333333,0.2962119980490977,2026-03,unreliable_trip_rate,0.0,0.0,0.08210047146805398,0.917899528531946,False
232,Two Bridges/Seward Park,7,520,154,20.30541666666667,17.775,0.29615384615384616,2026-03,unreliable_trip_rate,0.0,0.0,0.9423076923076923,0.057692307692307696,False
107,Gramercy,18,5077,1503,14.463912415468453,12.4,0.2960409690762261,2026-03,unreliable_trip_rate,0.0,0.0,0.12527082922986016,0.8747291707701399,False
189,Prospect Heights,18,125,37,25.775866666666666,22.233333333333334,0.296,2026-03,unreliable_trip_rate,0.0,0.0,1.0,0.0,False
87,Financial District North,1,865,256,16.748034682080924,14.8,0.29595375722543354,2026-03,unreliable_trip_rate,0.0,0.0,0.7630057803468208,0.23699421965317918,False
52,Cobble Hill,21,71,21,19.45281690140845,18.783333333333335,0.29577464788732394,2026-03,unreliable_trip_rate,0.0,0.0,1.0,0.0,False
141,Lenox Hill West,19,5640,1668,11.763971631205674,8.866666666666667,0.2957446808510638,2026-03,unreliable_trip_rate,0.0,0.0,0.09787234042553192,0.902127659574468,False
226,Sunnyside,13,274,81,28.05815085158151,24.391666666666666,0.2956204379562044,2026-03,unreliable_trip_rate,0.0,0.0,0.843065693430657,0.15693430656934307,False
22,Bensonhurst West,6,44,13,60.73068181818182,60.375,0.29545454545454547,2026-03,unreliable_trip_rate,0.0,0.0,1.0,0.0,False
71,East Flatbush/Farragut,3,44,13,20.360227272727272,20.9,0.29545454545454547,2026-03,unreliable_trip_rate,0.0,0.0,1.0,0.0,False
80,East Williamsburg,17,132,39,27.453030303030303,24.65833333333333,0.29545454545454547,2026-03,unreliable_trip_rate,0.0,0.0,1.0,0.0,False
89,Flatbush/Ditmas Park,23,88,26,22.349431818181817,20.633333333333333,0.29545454545454547,2026-03,unreliable_trip_rate,0.0,0.0,1.0,0.0,False
97,Fort Greene,2,44,13,16.98409090909091,15.475000000000001,0.29545454545454547,2026-03,unreliable_trip_rate,0.0,0.0,1.0,0.0,False
182,Parkchester,18,44,13,33.34772727272727,32.275,0.29545454545454547,2026-03,unreliable_trip_rate,0.0,0.0,1.0,0.0,False
249,West Village,19,4969,1468,14.018625477963374,11.95,0.2954316763936406,2026-03,unreliable_trip_rate,0.0,0.0,0.08311531495270678,0.9168846850472933,False
236,Upper East Side North,11,9461,2793,13.345669943275905,9.666666666666666,0.29521192262974316,2026-03,unreliable_trip_rate,0.0,0.0,0.04555543811436423,0.9544445618856358,False
70,East Elmhurst,9,227,67,35.21453744493392,35.4,0.29515418502202645,2026-03,unreliable_trip_rate,0.0,0.0,1.0,0.0,False
193,Queensbridge/Ravenswood,6,122,36,22.8353825136612,20.058333333333334,0.29508196721311475,2026-03,unreliable_trip_rate,0.0,0.0,1.0,0.0,False
225,Stuyvesant Heights,23,122,36,21.51120218579235,21.2,0.29508196721311475,2026-03,unreliable_trip_rate,0.0,0.0,1.0,0.0,False
233,UN/Turtle Bay South,20,2797,825,12.262114169943986,11.05,0.29495888451912766,2026-03,unreliable_trip_rate,0.0,0.0,0.17340007150518413,0.8265999284948159,False
236,Upper East Side North,12,10910,3218,13.333153070577453,9.433333333333334,0.29495875343721356,2026-03,unreliable_trip_rate,0.0,0.0,0.04060494958753437,0.9593950504124656,False
113,Greenwich Village North,22,4039,1191,14.48006107122225,11.616666666666667,0.2948749690517455,2026-03,unreliable_trip_rate,0.0,0.0,0.15300817033919287,0.8469918296608071,False
244,Washington Heights South,6,390,115,22.38534188034188,20.258333333333333,0.2948717948717949,2026-03,unreliable_trip_rate,0.0,0.0,1.0,0.0,False
261,World Trade Center,22,580,171,17.442586206896554,16.833333333333336,0.29482758620689653,2026-03,unreliable_trip_rate,0.0,0.0,0.9413793103448276,0.05862068965517241,False
243,Washington Heights North,16,173,51,24.80597302504817,22.75,0.2947976878612717,2026-03,unreliable_trip_rate,0.0,0.0,1.0,0.0,False
143,Lincoln Square West,9,3335,983,14.07257871064468,12.683333333333334,0.2947526236881559,2026-03,unreliable_trip_rate,0.0,0.0,0.12113943028485757,0.8788605697151425,False
113,Greenwich Village North,7,1049,309,12.944296155068319,11.05,0.2945662535748332,2026-03,unreliable_trip_rate,0.0,0.0,0.4299332697807436,0.5700667302192565,False
140,Lenox Hill East,4,248,73,14.0440188172043,12.583333333333334,0.29435483870967744,2026-03,unreliable_trip_rate,0.0,0.0,1.0,0.0,False
112,Greenpoint,8,299,88,24.3020624303233,22.733333333333334,0.29431438127090304,2026-03,unreliable_trip_rate,0.0,0.0,1.0,0.0,False
13,Battery Park City,22,748,220,16.771145276292337,16.34166666666667,0.29411764705882354,2026-03,unreliable_trip_rate,0.0,0.0,0.8088235294117647,0.19117647058823528,False
34,Brooklyn Navy Yard,19,34,10,19.874019607843138,19.258333333333333,0.29411764705882354,2026-03,unreliable_trip_rate,0.0,0.0,1.0,0.0,False
34,Brooklyn Navy Yard,20,34,10,22.784313725490193,23.875,0.29411764705882354,2026-03,unreliable_trip_rate,0.0,0.0,1.0,0.0,False
47,Claremont/Bathgate,18,34,10,38.800490196078435,38.375,0.29411764705882354,2026-03,unreliable_trip_rate,0.0,0.0,1.0,0.0,False
119,Highbridge,15,34,10,43.17745098039216,36.3,0.29411764705882354,2026-03,unreliable_trip_rate,0.0,0.0,1.0,0.0,False
127,Inwood,12,68,20,27.820833333333333,24.03333333333333,0.29411764705882354,2026-03,unreliable_trip_rate,0.0,0.0,1.0,0.0,False
173,North Corona,21,34,10,20.090196078431376,20.016666666666666,0.29411764705882354,2026-03,unreliable_trip_rate,0.0,0.0,1.0,0.0,False
174,Norwood,19,34,10,25.85441176470588,19.775,0.29411764705882354,2026-03,unreliable_trip_rate,0.0,0.0,1.0,0.0,False
203,Rosedale,9,51,15,67.46437908496732,65.61666666666666,0.29411764705882354,2026-03,unreliable_trip_rate,0.0,0.0,1.0,0.0,False
209,Seaport,4,85,25,13.545882352941177,12.433333333333334,0.29411764705882354,2026-03,unreliable_trip_rate,0.0,0.0,1.0,0.0,False
210,Sheepshead Bay,5,34,10,70.30735294117646,77.55833333333334,0.29411764705882354,2026-03,unreliable_trip_rate,0.0,0.0,1.0,0.0,False
213,Soundview/Castle Hill,17,51,15,35.1,32.28333333333333,0.29411764705882354,2026-03,unreliable_trip_rate,0.0,0.0,1.0,0.0,False
261,World Trade Center,21,823,242,17.795139732685296,16.733333333333334,0.29404617253948967,2026-03,unreliable_trip_rate,0.0,0.0,0.8675577156743621,0.1324422843256379,False
234,Union Sq,16,6300,1852,15.552105820105819,11.833333333333334,0.293968253968254,2026-03,unreliable_trip_rate,0.0,0.0,0.06904761904761905,0.930952380952381,False
37,Bushwick South,0,279,82,21.83530465949821,21.683333333333334,0.2939068100358423,2026-03,unreliable_trip_rate,0.0,0.0,1.0,0.0,False
243,Washington Heights North,12,194,57,27.926632302405498,24.233333333333334,0.29381443298969073,2026-03,unreliable_trip_rate,0.0,0.0,1.0,0.0,False
256,Williamsburg (South Side),19,354,104,21.503813559322033,20.208333333333332,0.2937853107344633,2026-03,unreliable_trip_rate,0.0,0.0,1.0,0.0,False
162,Midtown East,17,10745,3155,16.53011012874205,13.45,0.29362494183341087,2026-03,unreliable_trip_rate,0.0,0.0,0.051744997673336436,0.9482550023266636,False
114,Greenwich Village South,19,3256,956,13.836870393120392,11.75,0.2936117936117936,2026-03,unreliable_trip_rate,0.0,0.0,0.13267813267813267,0.8673218673218673,False
146,Long Island City/Queens Plaza,8,218,64,22.790290519877672,21.891666666666666,0.29357798165137616,2026-03,unreliable_trip_rate,0.0,0.0,1.0,0.0,False
255,Williamsburg (North Side),14,109,32,27.7434250764526,25.483333333333334,0.29357798165137616,2026-03,unreliable_trip_rate,0.0,0.0,1.0,0.0,False
10,Baisley Park,17,92,27,43.28532608695652,42.708333333333336,0.29347826086956524,2026-03,unreliable_trip_rate,0.0,0.0,1.0,0.0,False
68,East Chelsea,18,7198,2111,15.187450217653051,13.433333333333334,0.29327590997499303,2026-03,unreliable_trip_rate,0.0,0.0,0.08460683523200889,0.9153931647679912,False
88,Financial District South,19,1003,294,17.402924559654373,16.333333333333332,0.2931206380857428,2026-03,unreliable_trip_rate,0.0,0.0,0.7846460618145563,0.21535393818544366,False
4,Alphabet City,6,464,136,16.757686781609195,14.533333333333333,0.29310344827586204,2026-03,unreliable_trip_rate,0.0,0.0,0.8922413793103449,0.10775862068965517,False
78,East Tremont,15,58,17,52.384770114942526,45.88333333333333,0.29310344827586204,2026-03,unreliable_trip_rate,0.0,0.0,1.0,0.0,False
193,Queensbridge/Ravenswood,22,58,17,16.73103448275862,18.483333333333334,0.29310344827586204,2026-03,unreliable_trip_rate,0.0,0.0,1.0,0.0,False
196,Rego Park,6,58,17,26.56206896551724,25.191666666666666,0.29310344827586204,2026-03,unreliable_trip_rate,0.0,0.0,1.0,0.0,False
250,Westchester Village/Unionport,9,58,17,41.17844827586207,41.66666666666667,0.29310344827586204,2026-03,unreliable_trip_rate,0.0,0.0,1.0,0.0,False
179,Old Astoria,14,99,29,31.84983164983165,29.466666666666665,0.29292929292929293,2026-03,unreliable_trip_rate,0.0,0.0,1.0,0.0,False
107,Gramercy,22,4392,1286,13.072457498482088,11.591666666666667,0.29280510018214934,2026-03,unreliable_trip_rate,0.0,0.0,0.1325136612021858,0.8674863387978142,False
114,Greenwich Village South,1,4527,1325,14.249930049333628,10.716666666666667,0.2926883145571018,2026-03,unreliable_trip_rate,0.0,0.0,0.15286061409321847,0.8471393859067815,False
62,Crown Heights South,23,41,12,23.452845528455285,23.7,0.2926829268292683,2026-03,unreliable_trip_rate,0.0,0.0,1.0,0.0,False
197,Richmond Hill,22,41,12,14.83130081300813,15.083333333333334,0.2926829268292683,2026-03,unreliable_trip_rate,0.0,0.0,1.0,0.0,False
215,South Jamaica,16,82,24,38.611382113821136,39.28333333333333,0.2926829268292683,2026-03,unreliable_trip_rate,0.0,0.0,1.0,0.0,False
225,Stuyvesant Heights,1,82,24,21.96930894308943,21.55,0.2926829268292683,2026-03,unreliable_trip_rate,0.0,0.0,1.0,0.0,False
250,Westchester Village/Unionport,10,41,12,43.0109756097561,39.5,0.2926829268292683,2026-03,unreliable_trip_rate,0.0,0.0,1.0,0.0,False
257,Windsor Terrace,9,41,12,36.456504065040654,32.95,0.2926829268292683,2026-03,unreliable_trip_rate,0.0,0.0,1.0,0.0,False
49,Clinton Hill,23,147,43,19.9453514739229,18.6,0.2925170068027211,2026-03,unreliable_trip_rate,0.0,0.0,1.0,0.0,False
261,World Trade Center,1,171,50,15.885477582846002,15.0,0.29239766081871343,2026-03,unreliable_trip_rate,0.0,0.0,1.0,0.0,False
97,Fort Greene,19,366,107,24.163570127504553,21.833333333333336,0.2923497267759563,2026-03,unreliable_trip_rate,0.0,0.0,1.0,0.0,False
262,Yorkville East,9,4601,1345,13.25906324712019,11.85,0.29232775483590523,2026-03,unreliable_trip_rate,0.0,0.0,0.11019343620951967,0.8898065637904803,False
25,Boerum Hill,6,130,38,25.357692307692307,22.833333333333336,0.2923076923076923,2026-03,unreliable_trip_rate,0.0,0.0,1.0,0.0,False
116,Hamilton Heights,1,130,38,14.36948717948718,13.341666666666667,0.2923076923076923,2026-03,unreliable_trip_rate,0.0,0.0,1.0,0.0,False
146,Long Island City/Queens Plaza,3,65,19,14.001794871794871,14.3,0.2923076923076923,2026-03,unreliable_trip_rate,0.0,0.0,1.0,0.0,False
189,Prospect Heights,22,130,38,24.09397435897436,24.05,0.2923076923076923,2026-03,unreliable_trip_rate,0.0,0.0,1.0,0.0,False
257,Windsor Terrace,8,65,19,37.88589743589744,37.8,0.2923076923076923,2026-03,unreliable_trip_rate,0.0,0.0,1.0,0.0,False
50,Clinton West,6,551,161,13.420659407138537,12.116666666666667,0.29219600725952816,2026-03,unreliable_trip_rate,0.0,0.0,0.8584392014519057,0.14156079854809436,False
246,West Chelsea/Hudson Yards,22,3426,1001,14.768330414477525,13.066666666666666,0.29217746643315823,2026-03,unreliable_trip_rate,0.0,0.0,0.1687098657326328,0.8312901342673672,False
243,Washington Heights North,18,202,59,23.157425742574258,20.78333333333333,0.29207920792079206,2026-03,unreliable_trip_rate,0.0,0.0,1.0,0.0,False
13,Battery Park City,12,1130,330,19.972227138643067,17.40833333333333,0.2920353982300885,2026-03,unreliable_trip_rate,0.0,0.0,0.5592920353982301,0.4407079646017699,False
168,Mott Haven/Port Morris,18,137,40,26.338807785888076,22.833333333333332,0.291970802919708,2026-03,unreliable_trip_rate,0.0,0.0,1.0,0.0,False
97,Fort Greene,21,346,101,21.894797687861274,20.225,0.29190751445086704,2026-03,unreliable_trip_rate,0.0,0.0,1.0,0.0,False
48,Clinton East,20,5317,1552,13.071760391198044,11.1,0.2918939251457589,2026-03,unreliable_trip_rate,0.0,0.0,0.09873989091593004,0.90126010908407,False
82,Elmhurst,18,185,54,25.174864864864865,23.683333333333334,0.2918918918918919,2026-03,unreliable_trip_rate,0.0,0.0,1.0,0.0,False
164,Midtown South,18,6040,1763,14.16630518763797,12.466666666666667,0.29188741721854305,2026-03,unreliable_trip_rate,0.0,0.0,0.07913907284768212,0.9208609271523179,False
129,Jackson Heights,19,209,61,22.721052631578946,20.866666666666667,0.291866028708134,2026-03,unreliable_trip_rate,0.0,0.0,1.0,0.0,False
62,Crown Heights South,7,168,49,37.25436507936508,37.416666666666664,0.2916666666666667,2026-03,unreliable_trip_rate,0.0,0.0,1.0,0.0,False
179,Old Astoria,22,72,21,20.220833333333335,19.758333333333333,0.2916666666666667,2026-03,unreliable_trip_rate,0.0,0.0,1.0,0.0,False
232,Two Bridges/Seward Park,2,240,70,14.805277777777778,14.808333333333334,0.2916666666666667,2026-03,unreliable_trip_rate,0.0,0.0,1.0,0.0,False
142,Lincoln Square East,23,5042,1470,13.332265635329897,10.883333333333333,0.2915509718365728,2026-03,unreliable_trip_rate,0.0,0.0,0.128520428401428,0.871479571598572,False
224,Stuy Town/Peter Cooper Village,22,343,100,14.418561710398444,13.283333333333333,0.2915451895043732,2026-03,unreliable_trip_rate,0.0,0.0,1.0,0.0,False
66,DUMBO/Vinegar Hill,17,295,86,22.560282485875707,21.216666666666665,0.29152542372881357,2026-03,unreliable_trip_rate,0.0,0.0,1.0,0.0,False
186,Penn Station/Madison Sq West,19,7366,2147,15.806625033939724,12.733333333333333,0.2914743415693728,2026-03,unreliable_trip_rate,0.0,0.0,0.09380939451534076,0.9061906054846592,False
237,Upper East Side South,18,13212,3847,11.918136290241193,8.783333333333333,0.2911746896760521,2026-03,unreliable_trip_rate,0.0,0.0,0.048819255222524977,0.951180744777475,False
138,LaGuardia Airport,5,79,23,19.093881856540087,17.4,0.2911392405063291,2026-03,unreliable_trip_rate,0.0,0.0,1.0,0.0,False
10,Baisley Park,23,55,16,20.593030303030304,21.05,0.2909090909090909,2026-03,unreliable_trip_rate,0.0,0.0,1.0,0.0,False
29,Brighton Beach,16,55,16,57.4930303030303,55.05,0.2909090909090909,2026-03,unreliable_trip_rate,0.0,0.0,1.0,0.0,False
182,Parkchester,12,55,16,48.98848484848485,46.96666666666667,0.2909090909090909,2026-03,unreliable_trip_rate,0.0,0.0,1.0,0.0,False
164,Midtown South,17,5106,1485,15.965047656352006,13.4,0.290834312573443,2026-03,unreliable_trip_rate,0.0,0.0,0.08676067371719545,0.9132393262828046,False
95,Forest Hills,19,196,57,21.902465986394557,20.075,0.29081632653061223,2026-03,unreliable_trip_rate,0.0,0.0,1.0,0.0,False
263,Yorkville West,6,1919,558,11.714295640090326,10.066666666666666,0.2907764460656592,2026-03,unreliable_trip_rate,0.0,0.0,0.2532569046378322,0.7467430953621678,False
260,Woodside,7,172,50,23.497383720930234,21.71666666666667,0.29069767441860467,2026-03,unreliable_trip_rate,0.0,0.0,1.0,0.0,False
164,Midtown South,19,5749,1671,13.39189714153186,11.833333333333334,0.2906592450861019,2026-03,unreliable_trip_rate,0.0,0.0,0.10401809010262654,0.8959819098973735,False
45,Chinatown,3,117,34,14.531766381766381,14.016666666666667,0.2905982905982906,2026-03,unreliable_trip_rate,0.0,0.0,1.0,0.0,False
188,Prospect-Lefferts Gardens,5,179,52,33.724767225325884,28.583333333333332,0.2905027932960894,2026-03,unreliable_trip_rate,0.0,0.0,1.0,0.0,False
34,Brooklyn Navy Yard,6,31,9,16.892473118279568,16.75,0.2903225806451613,2026-03,unreliable_trip_rate,0.0,0.0,1.0,0.0,False
65,Downtown Brooklyn/MetroTech,3,31,9,17.102150537634408,15.866666666666667,0.2903225806451613,2026-03,unreliable_trip_rate,0.0,0.0,1.0,0.0,False
174,Norwood,5,31,9,50.79731182795699,50.4,0.2903225806451613,2026-03,unreliable_trip_rate,0.0,0.0,1.0,0.0,False
191,Queens Village,23,31,9,21.294086021505375,20.3,0.2903225806451613,2026-03,unreliable_trip_rate,0.0,0.0,1.0,0.0,False
203,Rosedale,10,31,9,52.097311827956986,57.3,0.2903225806451613,2026-03,unreliable_trip_rate,0.0,0.0,1.0,0.0,False
213,Soundview/Castle Hill,22,31,9,23.171505376344086,18.866666666666667,0.2903225806451613,2026-03,unreliable_trip_rate,0.0,0.0,1.0,0.0,False
228,Sunset Park West,13,93,27,40.9831541218638,39.25,0.2903225806451613,2026-03,unreliable_trip_rate,0.0,0.0,1.0,0.0,False
246,West Chelsea/Hudson Yards,14,3752,1089,16.863508351101633,14.55,0.2902452025586354,2026-03,unreliable_trip_rate,0.0,0.0,0.11433901918976545,0.8856609808102346,False
181,Park Slope,22,417,121,24.598361310951237,23.683333333333334,0.290167865707434,2026-03,unreliable_trip_rate,0.0,0.0,1.0,0.0,False
170,Murray Hill,21,6138,1781,12.893458781362007,11.233333333333334,0.29015966112740305,2026-03,unreliable_trip_rate,0.0,0.0,0.11290322580645161,0.8870967741935484,False
256,Williamsburg (South Side),9,193,56,26.858203799654575,26.116666666666667,0.29015544041450775,2026-03,unreliable_trip_rate,0.0,0.0,1.0,0.0,False
164,Midtown South,20,5586,1620,13.480039384174722,11.075,0.2900107411385607,2026-03,unreliable_trip_rate,0.0,0.0,0.11224489795918367,0.8877551020408163,False
244,Washington Heights South,22,438,127,16.912404870624048,16.25,0.2899543378995434,2026-03,unreliable_trip_rate,0.0,0.0,1.0,0.0,False
79,East Village,19,5481,1589,13.818427294289364,11.258333333333333,0.28991060025542786,2026-03,unreliable_trip_rate,0.0,0.0,0.10727969348659004,0.89272030651341,False
239,Upper West Side South,11,5668,1643,13.48870265819807,10.958333333333332,0.2898729710656316,2026-03,unreliable_trip_rate,0.0,0.0,0.07304163726182075,0.9269583627381792,False
168,Mott Haven/Port Morris,22,69,20,17.3536231884058,16.4,0.2898550724637681,2026-03,unreliable_trip_rate,0.0,0.0,1.0,0.0,False
244,Washington Heights South,12,490,142,26.25081632653061,22.825000000000003,0.2897959183673469,2026-03,unreliable_trip_rate,0.0,0.0,1.0,0.0,False
222,Starrett City,6,107,31,59.94750778816199,56.36666666666667,0.2897196261682243,2026-03,unreliable_trip_rate,0.0,0.0,1.0,0.0,False
239,Upper West Side South,12,6245,1809,13.413263944488923,10.7,0.2896717373899119,2026-03,unreliable_trip_rate,0.0,0.0,0.07141713370696558,0.9285828662930344,False
90,Flatiron,20,3778,1094,13.287113993294513,11.858333333333334,0.289571201694018,2026-03,unreliable_trip_rate,0.0,0.0,0.10111169931180519,0.8988883006881948,False
37,Bushwick South,23,297,86,22.45796857463524,21.466666666666665,0.2895622895622896,2026-03,unreliable_trip_rate,0.0,0.0,1.0,0.0,False
237,Upper East Side South,22,6549,1896,11.535493968544815,8.066666666666666,0.28950984883188274,2026-03,unreliable_trip_rate,0.0,0.0,0.08871583447854635,0.9112841655214536,False
132,JFK Airport,1,3703,1072,25.3583130794851,25.216666666666665,0.28949500405076967,2026-03,unreliable_trip_rate,0.0,0.0,0.5076964623278423,0.49230353767215773,False
93,Flushing Meadows-Corona Park,18,38,11,27.634649122807016,26.116666666666667,0.2894736842105263,2026-03,unreliable_trip_rate,0.0,0.0,1.0,0.0,False
173,North Corona,22,38,11,17.807017543859647,16.566666666666666,0.2894736842105263,2026-03,unreliable_trip_rate,0.0,0.0,1.0,0.0,False
200,Riverdale/North Riverdale/Fieldston,9,38,11,50.044736842105266,47.54166666666667,0.2894736842105263,2026-03,unreliable_trip_rate,0.0,0.0,1.0,0.0,False
250,Westchester Village/Unionport,17,38,11,32.00087719298246,33.725,0.2894736842105263,2026-03,unreliable_trip_rate,0.0,0.0,1.0,0.0,False
256,Williamsburg (South Side),18,304,88,23.017105263157895,22.141666666666666,0.2894736842105263,2026-03,unreliable_trip_rate,0.0,0.0,1.0,0.0,False
49,Clinton Hill,19,235,68,21.982482269503546,19.366666666666667,0.28936170212765955,2026-03,unreliable_trip_rate,0.0,0.0,1.0,0.0,False
70,East Elmhurst,7,121,35,38.00702479338843,37.38333333333333,0.2892561983471074,2026-03,unreliable_trip_rate,0.0,0.0,1.0,0.0,False
209,Seaport,2,218,63,14.421024464831804,13.691666666666666,0.2889908256880734,2026-03,unreliable_trip_rate,0.0,0.0,1.0,0.0,False
66,DUMBO/Vinegar Hill,21,315,91,20.07888888888889,19.933333333333334,0.28888888888888886,2026-03,unreliable_trip_rate,0.0,0.0,1.0,0.0,False
246,West Chelsea/Hudson Yards,13,3331,962,16.635725007505254,14.433333333333334,0.28880216151305915,2026-03,unreliable_trip_rate,0.0,0.0,0.11888321825277694,0.8811167817472231,False
246,West Chelsea/Hudson Yards,16,4828,1394,16.903079259872964,14.45,0.2887323943661972,2026-03,unreliable_trip_rate,0.0,0.0,0.0932062966031483,0.9067937033968517,False
255,Williamsburg (North Side),16,149,43,27.031543624161074,24.883333333333333,0.28859060402684567,2026-03,unreliable_trip_rate,0.0,0.0,1.0,0.0,False
144,Little Italy/NoLiTa,16,2416,697,18.979070088300222,17.116666666666667,0.2884933774834437,2026-03,unreliable_trip_rate,0.0,0.0,0.20860927152317882,0.7913907284768212,False
117,Hammels/Arverne,14,52,15,66.50224358974359,72.375,0.28846153846153844,2026-03,unreliable_trip_rate,0.0,0.0,1.0,0.0,False
223,Steinway,13,104,30,24.20448717948718,23.383333333333333,0.28846153846153844,2026-03,unreliable_trip_rate,0.0,0.0,1.0,0.0,False
238,Upper West Side North,4,260,75,16.709551282051283,12.766666666666666,0.28846153846153844,2026-03,unreliable_trip_rate,0.0,0.0,0.8692307692307693,0.13076923076923078,False
262,Yorkville East,3,104,30,12.854487179487181,12.308333333333334,0.28846153846153844,2026-03,unreliable_trip_rate,0.0,0.0,1.0,0.0,False
239,Upper West Side South,15,6291,1813,13.424770836644942,10.116666666666667,0.28818947703067876,2026-03,unreliable_trip_rate,0.0,0.0,0.06660308377046574,0.9333969162295342,False
234,Union Sq,18,8280,2386,13.94966384863124,11.191666666666666,0.2881642512077295,2026-03,unreliable_trip_rate,0.0,0.0,0.07705314009661836,0.9229468599033817,False
18,Bedford Park,11,59,17,51.661299435028255,52.31666666666667,0.288135593220339,2026-03,unreliable_trip_rate,0.0,0.0,1.0,0.0,False
39,Canarsie,4,59,17,40.550564971751406,42.7,0.288135593220339,2026-03,unreliable_trip_rate,0.0,0.0,1.0,0.0,False
213,Soundview/Castle Hill,14,66,19,34.743434343434345,33.53333333333333,0.2878787878787879,2026-03,unreliable_trip_rate,0.0,0.0,1.0,0.0,False
261,World Trade Center,20,1116,321,17.23757467144564,16.375,0.28763440860215056,2026-03,unreliable_trip_rate,0.0,0.0,0.732078853046595,0.267921146953405,False
114,Greenwich Village South,0,5673,1631,13.256765967448146,11.216666666666667,0.2875022034197074,2026-03,unreliable_trip_rate,0.0,0.0,0.11281508901815618,0.8871849109818438,False
36,Bushwick North,15,80,23,34.385625,32.50833333333333,0.2875,2026-03,unreliable_trip_rate,0.0,0.0,1.0,0.0,False
186,Penn Station/Madison Sq West,18,7200,2070,16.385872685185188,13.066666666666666,0.2875,2026-03,unreliable_trip_rate,0.0,0.0,0.09111111111111111,0.9088888888888889,False
226,Sunnyside,23,240,69,18.62611111111111,18.283333333333335,0.2875,2026-03,unreliable_trip_rate,0.0,0.0,1.0,0.0,False
262,Yorkville East,2,80,23,11.126666666666667,11.191666666666666,0.2875,2026-03,unreliable_trip_rate,0.0,0.0,1.0,0.0,False
237,Upper East Side South,17,13506,3880,12.747710893923689,9.833333333333332,0.28727972752850583,2026-03,unreliable_trip_rate,0.0,0.0,0.04227750629349918,0.9577224937065009,False
230,Times Sq/Theatre District,17,7941,2281,17.220834907442388,13.55,0.2872434202241531,2026-03,unreliable_trip_rate,0.0,0.0,0.06510515048482558,0.9348948495151744,False
129,Jackson Heights,22,195,56,18.734529914529915,18.583333333333332,0.28717948717948716,2026-03,unreliable_trip_rate,0.0,0.0,1.0,0.0,False
13,Battery Park City,23,324,93,17.423508230452672,16.46666666666667,0.28703703703703703,2026-03,unreliable_trip_rate,0.0,0.0,1.0,0.0,False
75,East Harlem South,2,108,31,12.764814814814814,12.308333333333334,0.28703703703703703,2026-03,unreliable_trip_rate,0.0,0.0,1.0,0.0,False
231,TriBeCa/Civic Center,7,941,270,15.98928444916755,14.716666666666667,0.2869287991498406,2026-03,unreliable_trip_rate,0.0,0.0,0.5441020191285866,0.45589798087141337,False
145,Long Island City/Hunters Point,20,488,140,19.724795081967216,19.275,0.28688524590163933,2026-03,unreliable_trip_rate,0.0,0.0,1.0,0.0,False
256,Williamsburg (South Side),0,572,164,18.539102564102564,17.866666666666667,0.2867132867132867,2026-03,unreliable_trip_rate,0.0,0.0,0.9458041958041958,0.05419580419580419,False
107,Gramercy,8,3070,880,13.427193268186752,12.066666666666666,0.28664495114006516,2026-03,unreliable_trip_rate,0.0,0.0,0.12801302931596092,0.8719869706840391,False
226,Sunnyside,0,185,53,16.443873873873873,16.0,0.2864864864864865,2026-03,unreliable_trip_rate,0.0,0.0,1.0,0.0,False
82,Elmhurst,19,213,61,23.179342723004694,22.8,0.2863849765258216,2026-03,unreliable_trip_rate,0.0,0.0,1.0,0.0,False
230,Times Sq/Theatre District,18,8082,2314,15.58074940196321,12.633333333333333,0.28631526849789657,2026-03,unreliable_trip_rate,0.0,0.0,0.06644394951744617,0.9335560504825539,False
261,World Trade Center,14,1219,349,24.14148208914411,20.733333333333334,0.2863002461033634,2026-03,unreliable_trip_rate,0.0,0.0,0.5619360131255127,0.4380639868744873,False
236,Upper East Side North,15,12264,3511,14.0791272559252,10.566666666666666,0.2862850619699935,2026-03,unreliable_trip_rate,0.0,0.0,0.03579582517938682,0.9642041748206132,False
97,Fort Greene,22,552,158,21.968146135265698,20.90833333333333,0.286231884057971,2026-03,unreliable_trip_rate,0.0,0.0,1.0,0.0,False
80,East Williamsburg,1,353,101,20.16558073654391,18.533333333333335,0.28611898016997167,2026-03,unreliable_trip_rate,0.0,0.0,1.0,0.0,False
249,West Village,18,4438,1269,14.087156376746282,11.683333333333334,0.2859396124380352,2026-03,unreliable_trip_rate,0.0,0.0,0.08111762054979721,0.9188823794502028,False
162,Midtown East,6,1634,467,10.006476948184416,7.574999999999999,0.2858017135862913,2026-03,unreliable_trip_rate,0.0,0.0,0.2686658506731946,0.7313341493268054,False
20,Belmont,7,49,14,50.73231292517006,53.88333333333333,0.2857142857142857,2026-03,unreliable_trip_rate,0.0,0.0,1.0,0.0,False
32,Bronxdale,7,84,24,42.831944444444446,41.35,0.2857142857142857,2026-03,unreliable_trip_rate,0.0,0.0,1.0,0.0,False
34,Brooklyn Navy Yard,2,35,10,16.659047619047616,15.7,0.2857142857142857,2026-03,unreliable_trip_rate,0.0,0.0,1.0,0.0,False
47,Claremont/Bathgate,12,42,12,41.546031746031744,41.04166666666667,0.2857142857142857,2026-03,unreliable_trip_rate,0.0,0.0,1.0,0.0,False
49,Clinton Hill,5,91,26,21.96886446886447,19.366666666666667,0.2857142857142857,2026-03,unreliable_trip_rate,0.0,0.0,1.0,0.0,False
80,East Williamsburg,3,434,124,17.632142857142856,17.475,0.2857142857142857,2026-03,unreliable_trip_rate,0.0,0.0,1.0,0.0,False
82,Elmhurst,6,105,30,28.06746031746032,26.2,0.2857142857142857,2026-03,unreliable_trip_rate,0.0,0.0,1.0,0.0,False
82,Elmhurst,23,133,38,16.62844611528822,15.983333333333333,0.2857142857142857,2026-03,unreliable_trip_rate,0.0,0.0,1.0,0.0,False
92,Flushing,0,77,22,15.758874458874459,15.7,0.2857142857142857,2026-03,unreliable_trip_rate,0.0,0.0,1.0,0.0,False
195,Red Hook,21,49,14,24.264285714285716,23.816666666666666,0.2857142857142857,2026-03,unreliable_trip_rate,0.0,0.0,1.0,0.0,False
209,Seaport,5,56,16,16.51160714285714,14.991666666666667,0.2857142857142857,2026-03,unreliable_trip_rate,0.0,0.0,1.0,0.0,False
243,Washington Heights North,3,42,12,14.570238095238096,13.741666666666667,0.2857142857142857,2026-03,unreliable_trip_rate,0.0,0.0,1.0,0.0,False
243,Washington Heights North,13,175,50,26.88209523809524,23.7,0.2857142857142857,2026-03,unreliable_trip_rate,0.0,0.0,1.0,0.0,False
257,Windsor Terrace,11,35,10,37.827619047619045,36.016666666666666,0.2857142857142857,2026-03,unreliable_trip_rate,0.0,0.0,1.0,0.0,False
260,Woodside,19,154,44,18.713852813852814,18.4,0.2857142857142857,2026-03,unreliable_trip_rate,0.0,0.0,1.0,0.0,False
249,West Village,7,1438,410,13.049281409364857,11.366666666666667,0.2851182197496523,2026-03,unreliable_trip_rate,0.0,0.0,0.32058414464534074,0.6794158553546592,False
80,East Williamsburg,21,221,63,21.218174962292608,20.483333333333334,0.2850678733031674,2026-03,unreliable_trip_rate,0.0,0.0,1.0,0.0,False
142,Lincoln Square East,17,7242,2064,13.160139924514407,8.916666666666666,0.28500414250207123,2026-03,unreliable_trip_rate,0.0,0.0,0.05909969621651477,0.9409003037834852,False
65,Downtown Brooklyn/MetroTech,23,288,82,20.004050925925927,19.03333333333333,0.2847222222222222,2026-03,unreliable_trip_rate,0.0,0.0,1.0,0.0,False
224,Stuy Town/Peter Cooper Village,4,144,41,12.81087962962963,11.525,0.2847222222222222,2026-03,unreliable_trip_rate,0.0,0.0,1.0,0.0,False
161,Midtown Center,13,8604,2449,17.11600418410042,13.833333333333332,0.28463505346350537,2026-03,unreliable_trip_rate,0.0,0.0,0.04497907949790795,0.9550209205020921,False
189,Prospect Heights,19,130,37,23.397179487179486,23.008333333333333,0.2846153846153846,2026-03,unreliable_trip_rate,0.0,0.0,1.0,0.0,False
80,East Williamsburg,15,123,35,29.22371273712737,27.3,0.2845528455284553,2026-03,unreliable_trip_rate,0.0,0.0,1.0,0.0,False
12,Battery Park,16,116,33,21.706465517241377,19.483333333333334,0.28448275862068967,2026-03,unreliable_trip_rate,0.0,0.0,1.0,0.0,False
95,Forest Hills,23,116,33,16.449856321839082,16.325000000000003,0.28448275862068967,2026-03,unreliable_trip_rate,0.0,0.0,1.0,0.0,False
88,Financial District South,3,109,31,14.340672782874618,13.7,0.28440366972477066,2026-03,unreliable_trip_rate,0.0,0.0,1.0,0.0,False
186,Penn Station/Madison Sq West,7,4346,1236,10.657620033747508,9.166666666666666,0.2843994477680626,2026-03,unreliable_trip_rate,0.0,0.0,0.1014726184997699,0.8985273815002301,False
142,Lincoln Square East,8,4236,1204,12.808766131570664,10.733333333333333,0.2842304060434372,2026-03,unreliable_trip_rate,0.0,0.0,0.08663833805476864,0.9133616619452314,False
162,Midtown East,18,10997,3122,14.734001697432634,12.366666666666667,0.28389560789306173,2026-03,unreliable_trip_rate,0.0,0.0,0.0546512685277803,0.9453487314722196,False
52,Cobble Hill,23,74,21,21.64369369369369,19.458333333333336,0.28378378378378377,2026-03,unreliable_trip_rate,0.0,0.0,1.0,0.0,False
74,East Harlem North,2,74,21,13.96891891891892,13.466666666666667,0.28378378378378377,2026-03,unreliable_trip_rate,0.0,0.0,1.0,0.0,False
193,Queensbridge/Ravenswood,20,74,21,22.283333333333335,21.05,0.28378378378378377,2026-03,unreliable_trip_rate,0.0,0.0,1.0,0.0,False
232,Two Bridges/Seward Park,5,222,63,16.443168168168167,13.875,0.28378378378378377,2026-03,unreliable_trip_rate,0.0,0.0,1.0,0.0,False
107,Gramercy,19,4809,1364,13.298849379635405,11.866666666666667,0.28363485132044086,2026-03,unreliable_trip_rate,0.0,0.0,0.11561655229777501,0.884383447702225,False
186,Penn Station/Madison Sq West,21,7729,2192,15.216310863846122,12.55,0.2836071936861172,2026-03,unreliable_trip_rate,0.0,0.0,0.0861689739940484,0.9138310260059516,False
235,University Heights/Morris Heights,15,67,19,40.42363184079602,35.016666666666666,0.2835820895522388,2026-03,unreliable_trip_rate,0.0,0.0,1.0,0.0,False
100,Garment District,6,1789,507,9.276001490590646,7.433333333333334,0.2833985466741196,2026-03,unreliable_trip_rate,0.0,0.0,0.21073225265511458,0.7892677473448854,False
246,West Chelsea/Hudson Yards,15,4285,1214,16.284375729288215,14.091666666666667,0.28331388564760795,2026-03,unreliable_trip_rate,0.0,0.0,0.09358226371061844,0.9064177362893816,False
230,Times Sq/Theatre District,19,7265,2058,13.907609543473274,10.9,0.28327598072952515,2026-03,unreliable_trip_rate,0.0,0.0,0.06758430832759807,0.9324156916724019,False
17,Bedford,5,173,49,26.19210019267823,24.866666666666667,0.2832369942196532,2026-03,unreliable_trip_rate,0.0,0.0,1.0,0.0,False
112,Greenpoint,11,113,32,28.02005899705015,24.733333333333334,0.2831858407079646,2026-03,unreliable_trip_rate,0.0,0.0,1.0,0.0,False
218,Springfield Gardens North,9,106,30,54.649371069182386,55.5,0.2830188679245283,2026-03,unreliable_trip_rate,0.0,0.0,1.0,0.0,False
236,Upper East Side North,6,2039,577,10.577750531306195,7.683333333333334,0.2829818538499264,2026-03,unreliable_trip_rate,0.0,0.0,0.19225110348209906,0.8077488965179009,False
7,Astoria,6,456,129,23.313011695906432,21.883333333333333,0.28289473684210525,2026-03,unreliable_trip_rate,0.0,0.0,1.0,0.0,False
75,East Harlem South,4,251,71,15.07941567065073,13.2,0.28286852589641437,2026-03,unreliable_trip_rate,0.0,0.0,1.0,0.0,False
209,Seaport,20,527,149,15.949810246679316,15.233333333333333,0.2827324478178368,2026-03,unreliable_trip_rate,0.0,0.0,0.9335863377609108,0.06641366223908918,False
238,Upper West Side North,8,4510,1275,14.409057649667405,12.725,0.2827050997782705,2026-03,unreliable_trip_rate,0.0,0.0,0.08470066518847007,0.9152993348115299,False
34,Brooklyn Navy Yard,5,184,52,17.93550724637681,17.174999999999997,0.2826086956521739,2026-03,unreliable_trip_rate,0.0,0.0,1.0,0.0,False
36,Bushwick North,10,92,26,32.9679347826087,31.958333333333332,0.2826086956521739,2026-03,unreliable_trip_rate,0.0,0.0,1.0,0.0,False
55,Coney Island,19,46,13,40.778260869565216,40.275,0.2826086956521739,2026-03,unreliable_trip_rate,0.0,0.0,1.0,0.0,False
63,Cypress Hills,18,46,13,33.22644927536232,31.25,0.2826086956521739,2026-03,unreliable_trip_rate,0.0,0.0,1.0,0.0,False
106,Gowanus,7,46,13,28.509057971014496,26.3,0.2826086956521739,2026-03,unreliable_trip_rate,0.0,0.0,1.0,0.0,False
168,Mott Haven/Port Morris,21,92,26,18.059601449275362,16.2,0.2826086956521739,2026-03,unreliable_trip_rate,0.0,0.0,1.0,0.0,False
161,Midtown Center,14,9689,2738,17.39882856847972,14.05,0.2825885024254309,2026-03,unreliable_trip_rate,0.0,0.0,0.04819898854370936,0.9518010114562906,False
166,Morningside Heights,6,407,115,16.637182637182637,16.116666666666667,0.28255528255528256,2026-03,unreliable_trip_rate,0.0,0.0,1.0,0.0,False
170,Murray Hill,20,6789,1917,13.133357882849708,11.433333333333334,0.28236853733981443,2026-03,unreliable_trip_rate,0.0,0.0,0.10413904846074533,0.8958609515392547,False
209,Seaport,1,333,94,15.649299299299297,13.733333333333333,0.2822822822822823,2026-03,unreliable_trip_rate,0.0,0.0,1.0,0.0,False
239,Upper West Side South,17,7079,1998,12.66367424777511,9.9,0.2822432546969911,2026-03,unreliable_trip_rate,0.0,0.0,0.057352733436926116,0.9426472665630738,False
17,Bedford,22,163,46,20.467075664621674,19.933333333333334,0.2822085889570552,2026-03,unreliable_trip_rate,0.0,0.0,1.0,0.0,False
68,East Chelsea,22,6205,1751,15.118450174590384,13.8,0.2821917808219178,2026-03,unreliable_trip_rate,0.0,0.0,0.10120870265914585,0.8987912973408542,False
236,Upper East Side North,7,6377,1799,10.891359573467147,8.433333333333334,0.28210757409440174,2026-03,unreliable_trip_rate,0.0,0.0,0.056452877528618474,0.9435471224713815,False
238,Upper West Side North,9,4740,1337,13.523354430379745,11.75,0.2820675105485232,2026-03,unreliable_trip_rate,0.0,0.0,0.08375527426160338,0.9162447257383967,False
20,Belmont,16,39,11,48.82307692307692,46.7,0.28205128205128205,2026-03,unreliable_trip_rate,0.0,0.0,1.0,0.0,False
32,Bronxdale,14,39,11,62.947863247863246,59.88333333333333,0.28205128205128205,2026-03,unreliable_trip_rate,0.0,0.0,1.0,0.0,False
62,Crown Heights South,4,39,11,24.275641025641026,22.366666666666667,0.28205128205128205,2026-03,unreliable_trip_rate,0.0,0.0,1.0,0.0,False
86,Far Rockaway,13,78,22,57.8482905982906,61.80833333333334,0.28205128205128205,2026-03,unreliable_trip_rate,0.0,0.0,1.0,0.0,False
255,Williamsburg (North Side),4,376,106,15.579609929078014,15.058333333333334,0.28191489361702127,2026-03,unreliable_trip_rate,0.0,0.0,1.0,0.0,False
114,Greenwich Village South,20,4034,1137,14.44813254007602,12.325,0.2818542389687655,2026-03,unreliable_trip_rate,0.0,0.0,0.11948438274665345,0.8805156172533466,False
161,Midtown Center,17,14480,4079,17.011887661141806,13.466666666666667,0.2816988950276243,2026-03,unreliable_trip_rate,0.0,0.0,0.04102209944751381,0.9589779005524862,False
50,Clinton West,3,213,60,14.236306729264477,13.533333333333333,0.28169014084507044,2026-03,unreliable_trip_rate,0.0,0.0,1.0,0.0,False
205,Saint Albans,10,71,20,52.43075117370892,53.416666666666664,0.28169014084507044,2026-03,unreliable_trip_rate,0.0,0.0,1.0,0.0,False
236,Upper East Side North,21,5643,1589,11.5894589166519,8.316666666666666,0.2815878079035974,2026-03,unreliable_trip_rate,0.0,0.0,0.09498493709020024,0.9050150629097997,False
88,Financial District South,8,302,85,17.963465783664457,17.008333333333333,0.2814569536423841,2026-03,unreliable_trip_rate,0.0,0.0,1.0,0.0,False
68,East Chelsea,21,6922,1948,14.992519021477413,13.566666666666666,0.2814215544640277,2026-03,unreliable_trip_rate,0.0,0.0,0.10112684195319271,0.8988731580468072,False
32,Bronxdale,16,32,9,59.04270833333334,56.275,0.28125,2026-03,unreliable_trip_rate,0.0,0.0,1.0,0.0,False
133,Kensington,7,96,27,37.506770833333334,34.391666666666666,0.28125,2026-03,unreliable_trip_rate,0.0,0.0,1.0,0.0,False
228,Sunset Park West,0,64,18,20.94375,20.708333333333336,0.28125,2026-03,unreliable_trip_rate,0.0,0.0,1.0,0.0,False
234,Union Sq,17,7370,2072,14.990465852555406,11.9,0.2811397557666214,2026-03,unreliable_trip_rate,0.0,0.0,0.06431478968792402,0.935685210312076,False
198,Ridgewood,6,146,41,27.143835616438356,25.46666666666667,0.2808219178082192,2026-03,unreliable_trip_rate,0.0,0.0,1.0,0.0,False
159,Melrose South,20,82,23,21.764024390243904,17.21666666666667,0.2804878048780488,2026-03,unreliable_trip_rate,0.0,0.0,1.0,0.0,False
107,Gramercy,6,1298,364,11.509643040575243,9.899999999999999,0.28043143297380585,2026-03,unreliable_trip_rate,0.0,0.0,0.40600924499229585,0.5939907550077042,False
52,Cobble Hill,18,107,30,22.3601246105919,21.666666666666668,0.2803738317757009,2026-03,unreliable_trip_rate,0.0,0.0,1.0,0.0,False
256,Williamsburg (South Side),22,546,153,19.651709401709404,19.175,0.2802197802197802,2026-03,unreliable_trip_rate,0.0,0.0,1.0,0.0,False
197,Richmond Hill,15,207,58,66.88067632850242,70.71666666666667,0.28019323671497587,2026-03,unreliable_trip_rate,0.0,0.0,1.0,0.0,False
158,Meatpacking/West Village West,7,671,188,16.457054148037756,13.45,0.28017883755588674,2026-03,unreliable_trip_rate,0.0,0.0,0.5081967213114754,0.4918032786885246,False
144,Little Italy/NoLiTa,19,2795,783,15.165641025641026,13.4,0.28014311270125225,2026-03,unreliable_trip_rate,0.0,0.0,0.18783542039355994,0.8121645796064401,False
236,Upper East Side North,8,9147,2562,12.493398564192267,10.616666666666667,0.2800918333879961,2026-03,unreliable_trip_rate,0.0,0.0,0.04121569913632885,0.9587843008636712,False
10,Baisley Park,21,50,14,26.125,26.283333333333335,0.28,2026-03,unreliable_trip_rate,0.0,0.0,1.0,0.0,False
157,Maspeth,2,75,21,19.200444444444443,18.666666666666668,0.28,2026-03,unreliable_trip_rate,0.0,0.0,1.0,0.0,False
195,Red Hook,23,50,14,24.977666666666668,23.65,0.28,2026-03,unreliable_trip_rate,0.0,0.0,1.0,0.0,False
256,Williamsburg (South Side),11,100,28,26.36266666666667,23.90833333333333,0.28,2026-03,unreliable_trip_rate,0.0,0.0,1.0,0.0,False
239,Upper West Side South,13,6229,1744,13.5151843527586,10.45,0.27998073527050893,2026-03,unreliable_trip_rate,0.0,0.0,0.06116551613421095,0.938834483865789,False
75,East Harlem South,5,493,138,15.90838404327248,13.0,0.2799188640973631,2026-03,unreliable_trip_rate,0.0,0.0,0.9330628803245437,0.06693711967545639,False
79,East Village,20,6336,1772,13.819707491582493,12.216666666666667,0.2796717171717172,2026-03,unreliable_trip_rate,0.0,0.0,0.09864267676767677,0.9013573232323232,False
236,Upper East Side North,16,10991,3073,13.909938434476693,9.966666666666667,0.2795923937767264,2026-03,unreliable_trip_rate,0.0,0.0,0.03884996815576381,0.9611500318442362,False
239,Upper West Side South,18,6942,1940,12.297255834053587,9.983333333333333,0.2794583693460098,2026-03,unreliable_trip_rate,0.0,0.0,0.07015269374819937,0.9298473062518007,False
163,Midtown North,18,8921,2491,14.260279116690954,10.35,0.2792287860105369,2026-03,unreliable_trip_rate,0.0,0.0,0.050218585360385606,0.9497814146396144,False
140,Lenox Hill East,8,4846,1353,14.434127802999038,13.083333333333334,0.27919933966157656,2026-03,unreliable_trip_rate,0.0,0.0,0.09636813867106893,0.903631861328931,False
88,Financial District South,2,258,72,15.728940568475451,15.2,0.27906976744186046,2026-03,unreliable_trip_rate,0.0,0.0,1.0,0.0,False
217,South Williamsburg,21,43,12,20.661627906976744,22.183333333333334,0.27906976744186046,2026-03,unreliable_trip_rate,0.0,0.0,1.0,0.0,False
236,Upper East Side North,13,10115,2822,12.848675234799803,8.775,0.27899159663865547,2026-03,unreliable_trip_rate,0.0,0.0,0.04201680672268908,0.957983193277311,False
142,Lincoln Square East,18,8066,2249,12.374628068435408,9.216666666666667,0.2788246962558889,2026-03,unreliable_trip_rate,0.0,0.0,0.05789734688817258,0.9421026531118274,False
79,East Village,7,2007,559,13.580318883906328,12.033333333333333,0.2785251619332337,2026-03,unreliable_trip_rate,0.0,0.0,0.24663677130044842,0.7533632286995515,False
40,Carroll Gardens,23,79,22,20.795991561181435,20.166666666666668,0.27848101265822783,2026-03,unreliable_trip_rate,0.0,0.0,1.0,0.0,False
160,Middle Village,7,79,22,26.697890295358647,25.366666666666667,0.27848101265822783,2026-03,unreliable_trip_rate,0.0,0.0,1.0,0.0,False
179,Old Astoria,10,158,44,25.917616033755273,24.933333333333334,0.27848101265822783,2026-03,unreliable_trip_rate,0.0,0.0,1.0,0.0,False
33,Brooklyn Heights,22,255,71,19.957712418300652,19.85,0.2784313725490196,2026-03,unreliable_trip_rate,0.0,0.0,1.0,0.0,False
226,Sunnyside,7,406,113,21.78448275862069,20.825,0.27832512315270935,2026-03,unreliable_trip_rate,0.0,0.0,1.0,0.0,False
114,Greenwich Village South,22,5581,1553,14.498491907065638,11.625,0.27826554380935314,2026-03,unreliable_trip_rate,0.0,0.0,0.09406916323239563,0.9059308367676043,False
186,Penn Station/Madison Sq West,20,6207,1727,15.165023360721767,12.358333333333334,0.27823425165136134,2026-03,unreliable_trip_rate,0.0,0.0,0.09118736909940389,0.908812630900596,False
88,Financial District South,22,791,220,17.070648967551623,16.383333333333333,0.2781289506953224,2026-03,unreliable_trip_rate,0.0,0.0,0.9266750948166877,0.07332490518331226,False
142,Lincoln Square East,19,6953,1933,11.70174505009828,9.266666666666667,0.27800949230547967,2026-03,unreliable_trip_rate,0.0,0.0,0.07162375952826118,0.9283762404717388,False
142,Lincoln Square East,4,241,67,14.905739972337482,11.233333333333333,0.27800829875518673,2026-03,unreliable_trip_rate,0.0,0.0,0.8589211618257261,0.14107883817427386,False
79,East Village,8,2764,768,14.644573082489146,13.366666666666667,0.2778581765557164,2026-03,unreliable_trip_rate,0.0,0.0,0.15629522431259044,0.8437047756874095,False
37,Bushwick South,20,162,45,26.683333333333334,24.34166666666667,0.2777777777777778,2026-03,unreliable_trip_rate,0.0,0.0,1.0,0.0,False
51,Co-Op City,18,72,20,32.732870370370364,30.825,0.2777777777777778,2026-03,unreliable_trip_rate,0.0,0.0,1.0,0.0,False
83,Elmhurst/Maspeth,14,36,10,22.800925925925927,20.975,0.2777777777777778,2026-03,unreliable_trip_rate,0.0,0.0,1.0,0.0,False
106,Gowanus,16,36,10,33.1087962962963,30.916666666666664,0.2777777777777778,2026-03,unreliable_trip_rate,0.0,0.0,1.0,0.0,False
180,Ozone Park,7,36,10,40.5574074074074,43.28333333333333,0.2777777777777778,2026-03,unreliable_trip_rate,0.0,0.0,1.0,0.0,False
242,Van Nest/Morris Park,9,36,10,43.43101851851852,43.166666666666664,0.2777777777777778,2026-03,unreliable_trip_rate,0.0,0.0,1.0,0.0,False
144,Little Italy/NoLiTa,15,2164,601,18.914086568083796,16.683333333333334,0.2777264325323475,2026-03,unreliable_trip_rate,0.0,0.0,0.2546210720887246,0.7453789279112755,False
236,Upper East Side North,14,10753,2984,13.316920859295081,9.516666666666667,0.27750395238538084,2026-03,unreliable_trip_rate,0.0,0.0,0.040267832232865244,0.9597321677671348,False
243,Washington Heights North,10,155,43,29.56150537634409,25.15,0.27741935483870966,2026-03,unreliable_trip_rate,0.0,0.0,1.0,0.0,False
164,Midtown South,21,5916,1641,13.71770340320036,11.316666666666666,0.2773833671399594,2026-03,unreliable_trip_rate,0.0,0.0,0.1039553752535497,0.8960446247464503,False
161,Midtown Center,15,9828,2726,17.26523029439696,13.516666666666666,0.27737077737077737,2026-03,unreliable_trip_rate,0.0,0.0,0.049043549043549045,0.950956450956451,False
36,Bushwick North,6,119,33,24.981932773109243,23.85,0.2773109243697479,2026-03,unreliable_trip_rate,0.0,0.0,1.0,0.0,False
113,Greenwich Village North,6,516,143,11.499773901808785,10.125,0.2771317829457364,2026-03,unreliable_trip_rate,0.0,0.0,0.7034883720930233,0.29651162790697677,False
234,Union Sq,22,7304,2024,13.641694048922965,12.233333333333333,0.27710843373493976,2026-03,unreliable_trip_rate,0.0,0.0,0.08830777656078861,0.9116922234392114,False
7,Astoria,5,231,64,19.076695526695524,18.85,0.27705627705627706,2026-03,unreliable_trip_rate,0.0,0.0,1.0,0.0,False
163,Midtown North,19,6971,1931,13.039853201358007,10.149999999999999,0.2770047338975757,2026-03,unreliable_trip_rate,0.0,0.0,0.06555730885095395,0.9344426911490461,False
52,Cobble Hill,14,65,18,26.51102564102564,27.233333333333334,0.27692307692307694,2026-03,unreliable_trip_rate,0.0,0.0,1.0,0.0,False
224,Stuy Town/Peter Cooper Village,8,701,194,15.400523062291963,14.166666666666666,0.2767475035663338,2026-03,unreliable_trip_rate,0.0,0.0,0.8445078459343794,0.15549215406562053,False
108,Gravesend,6,47,13,65.45425531914893,68.98333333333333,0.2765957446808511,2026-03,unreliable_trip_rate,0.0,0.0,1.0,0.0,False
256,Williamsburg (South Side),2,282,78,17.02228132387707,16.583333333333332,0.2765957446808511,2026-03,unreliable_trip_rate,0.0,0.0,1.0,0.0,False
161,Midtown Center,16,11810,3266,16.96388230313294,13.341666666666667,0.27654530059271804,2026-03,unreliable_trip_rate,0.0,0.0,0.04479254868755292,0.9552074513124471,False
33,Brooklyn Heights,19,387,107,21.047329888027562,19.65,0.27648578811369506,2026-03,unreliable_trip_rate,0.0,0.0,1.0,0.0,False
256,Williamsburg (South Side),16,152,42,26.489473684210527,24.4,0.27631578947368424,2026-03,unreliable_trip_rate,0.0,0.0,1.0,0.0,False
113,Greenwich Village North,20,4071,1124,14.220289855072464,10.666666666666666,0.27609923851633505,2026-03,unreliable_trip_rate,0.0,0.0,0.11274871039056743,0.8872512896094326,False
48,Clinton East,21,6626,1829,13.509186034812355,11.141666666666666,0.2760338062179294,2026-03,unreliable_trip_rate,0.0,0.0,0.0884394808330818,0.9115605191669182,False
36,Bushwick North,19,116,32,25.307040229885057,24.491666666666667,0.27586206896551724,2026-03,unreliable_trip_rate,0.0,0.0,1.0,0.0,False
87,Financial District North,18,2111,582,17.501215853465972,16.116666666666667,0.275698720985315,2026-03,unreliable_trip_rate,0.0,0.0,0.29701563240170537,0.7029843675982946,False
112,Greenpoint,17,196,54,27.177636054421768,25.808333333333334,0.2755102040816326,2026-03,unreliable_trip_rate,0.0,0.0,1.0,0.0,False
196,Rego Park,7,98,27,31.89608843537415,29.81666666666667,0.2755102040816326,2026-03,unreliable_trip_rate,0.0,0.0,1.0,0.0,False
243,Washington Heights North,14,196,54,26.9265306122449,24.316666666666666,0.2755102040816326,2026-03,unreliable_trip_rate,0.0,0.0,1.0,0.0,False
37,Bushwick South,2,327,90,19.566360856269114,18.633333333333333,0.27522935779816515,2026-03,unreliable_trip_rate,0.0,0.0,1.0,0.0,False
237,Upper East Side South,19,10744,2957,11.080576756018862,7.95,0.2752233804914371,2026-03,unreliable_trip_rate,0.0,0.0,0.052587490692479526,0.9474125093075205,False
239,Upper West Side South,20,4949,1362,11.07008486562942,8.95,0.2752071125479895,2026-03,unreliable_trip_rate,0.0,0.0,0.08163265306122448,0.9183673469387755,False
114,Greenwich Village South,21,5160,1420,14.646921834625322,12.091666666666667,0.2751937984496124,2026-03,unreliable_trip_rate,0.0,0.0,0.09476744186046511,0.9052325581395348,False
68,East Chelsea,19,7079,1948,14.834157366859726,13.25,0.2751801101850544,2026-03,unreliable_trip_rate,0.0,0.0,0.08235626500918208,0.9176437349908179,False
236,Upper East Side North,19,8413,2315,11.163098775704267,7.8,0.2751693807203138,2026-03,unreliable_trip_rate,0.0,0.0,0.06549387852133602,0.934506121478664,False
244,Washington Heights South,4,149,41,14.625391498881433,14.35,0.2751677852348993,2026-03,unreliable_trip_rate,0.0,0.0,1.0,0.0,False
97,Fort Greene,3,80,22,16.816041666666667,16.549999999999997,0.275,2026-03,unreliable_trip_rate,0.0,0.0,1.0,0.0,False
223,Steinway,1,40,11,16.5025,16.308333333333334,0.275,2026-03,unreliable_trip_rate,0.0,0.0,1.0,0.0,False
223,Steinway,4,80,22,17.410833333333333,17.333333333333332,0.275,2026-03,unreliable_trip_rate,0.0,0.0,1.0,0.0,False
255,Williamsburg (North Side),21,691,190,20.716377231066087,20.616666666666667,0.27496382054992763,2026-03,unreliable_trip_rate,0.0,0.0,0.9536903039073806,0.04630969609261939,False
92,Flushing,14,51,14,45.61960784313725,45.166666666666664,0.27450980392156865,2026-03,unreliable_trip_rate,0.0,0.0,1.0,0.0,False
239,Upper West Side South,8,5089,1396,13.857935416257288,12.05,0.27431715464727846,2026-03,unreliable_trip_rate,0.0,0.0,0.07467085871487522,0.9253291412851248,False
238,Upper West Side North,7,3406,934,13.457158935212371,11.466666666666665,0.27422196124486203,2026-03,unreliable_trip_rate,0.0,0.0,0.10716382853787434,0.8928361714621257,False
10,Baisley Park,5,62,17,52.038440860215054,49.75,0.27419354838709675,2026-03,unreliable_trip_rate,0.0,0.0,1.0,0.0,False
158,Meatpacking/West Village West,6,310,85,14.377741935483872,11.733333333333333,0.27419354838709675,2026-03,unreliable_trip_rate,0.0,0.0,0.7290322580645161,0.2709677419354839,False
85,Erasmus,5,73,20,29.82260273972603,28.5,0.273972602739726,2026-03,unreliable_trip_rate,0.0,0.0,1.0,0.0,False
168,Mott Haven/Port Morris,0,73,20,16.508447488584476,15.416666666666666,0.273972602739726,2026-03,unreliable_trip_rate,0.0,0.0,1.0,0.0,False
49,Clinton Hill,22,179,49,20.771880819366853,19.816666666666666,0.2737430167597765,2026-03,unreliable_trip_rate,0.0,0.0,1.0,0.0,False
246,West Chelsea/Hudson Yards,17,6090,1667,15.885361247947456,13.033333333333333,0.2737274220032841,2026-03,unreliable_trip_rate,0.0,0.0,0.0729064039408867,0.9270935960591133,False
236,Upper East Side North,20,6788,1858,11.256373993321548,7.633333333333334,0.2737183264584561,2026-03,unreliable_trip_rate,0.0,0.0,0.07056570418385386,0.9294342958161461,False
170,Murray Hill,19,7253,1984,13.372797463118708,12.2,0.2735419826278781,2026-03,unreliable_trip_rate,0.0,0.0,0.08810147525162002,0.91189852474838,False
144,Little Italy/NoLiTa,21,2949,806,14.696473380807054,13.266666666666667,0.273312987453374,2026-03,unreliable_trip_rate,0.0,0.0,0.17565276364869448,0.8243472363513056,False
80,East Williamsburg,5,172,47,16.634883720930233,16.791666666666664,0.27325581395348836,2026-03,unreliable_trip_rate,0.0,0.0,1.0,0.0,False
113,Greenwich Village North,21,4669,1275,14.611729849361035,11.45,0.2730777468408653,2026-03,unreliable_trip_rate,0.0,0.0,0.11415720711073035,0.8858427928892697,False
80,East Williamsburg,0,392,107,18.95284863945578,18.358333333333334,0.2729591836734694,2026-03,unreliable_trip_rate,0.0,0.0,1.0,0.0,False
158,Meatpacking/West Village West,20,2658,725,15.11324303987961,13.925,0.2727614747930775,2026-03,unreliable_trip_rate,0.0,0.0,0.18058690744920994,0.8194130925507901,False
7,Astoria,2,154,42,16.77987012987013,16.825,0.2727272727272727,2026-03,unreliable_trip_rate,0.0,0.0,1.0,0.0,False
52,Cobble Hill,0,44,12,17.18598484848485,16.65833333333333,0.2727272727272727,2026-03,unreliable_trip_rate,0.0,0.0,1.0,0.0,False
61,Crown Heights North,2,55,15,24.54121212121212,23.1,0.2727272727272727,2026-03,unreliable_trip_rate,0.0,0.0,1.0,0.0,False
63,Cypress Hills,14,44,12,29.19431818181818,22.675,0.2727272727272727,2026-03,unreliable_trip_rate,0.0,0.0,1.0,0.0,False
66,DUMBO/Vinegar Hill,19,374,102,20.540597147950088,19.40833333333333,0.2727272727272727,2026-03,unreliable_trip_rate,0.0,0.0,1.0,0.0,False
78,East Tremont,18,33,9,30.73989898989899,26.0,0.2727272727272727,2026-03,unreliable_trip_rate,0.0,0.0,1.0,0.0,False
97,Fort Greene,4,110,30,17.150454545454544,15.825,0.2727272727272727,2026-03,unreliable_trip_rate,0.0,0.0,1.0,0.0,False
159,Melrose South,21,44,12,21.346212121212123,18.708333333333332,0.2727272727272727,2026-03,unreliable_trip_rate,0.0,0.0,1.0,0.0,False
160,Middle Village,22,33,9,18.487373737373737,15.6,0.2727272727272727,2026-03,unreliable_trip_rate,0.0,0.0,1.0,0.0,False
213,Soundview/Castle Hill,21,33,9,28.594949494949496,28.366666666666667,0.2727272727272727,2026-03,unreliable_trip_rate,0.0,0.0,1.0,0.0,False
220,Spuyten Duyvil/Kingsbridge,6,33,9,40.932323232323235,37.983333333333334,0.2727272727272727,2026-03,unreliable_trip_rate,0.0,0.0,1.0,0.0,False
234,Union Sq,19,8131,2217,13.371803386217357,11.15,0.272660189398598,2026-03,unreliable_trip_rate,0.0,0.0,0.07108596728569672,0.9289140327143033,False
163,Midtown North,22,6375,1738,13.271853594771242,10.983333333333333,0.27262745098039215,2026-03,unreliable_trip_rate,0.0,0.0,0.08956862745098039,0.9104313725490196,False
239,Upper West Side South,22,4024,1097,12.587475149105368,10.816666666666666,0.2726143141153082,2026-03,unreliable_trip_rate,0.0,0.0,0.106610337972167,0.893389662027833,False
236,Upper East Side North,9,9288,2531,11.87691106804479,9.783333333333333,0.27250215331610683,2026-03,unreliable_trip_rate,0.0,0.0,0.040267011197243754,0.9597329888027563,False
255,Williamsburg (North Side),22,925,252,20.54410810810811,20.3,0.2724324324324324,2026-03,unreliable_trip_rate,0.0,0.0,0.9048648648648648,0.09513513513513513,False
226,Sunnyside,22,290,79,18.04287356321839,17.416666666666664,0.27241379310344827,2026-03,unreliable_trip_rate,0.0,0.0,1.0,0.0,False
132,JFK Airport,9,3149,857,43.32194347411876,44.0,0.2721498888536043,2026-03,unreliable_trip_rate,0.0,0.0,0.564306128929819,0.435693871070181,False
246,West Chelsea/Hudson Yards,21,4704,1280,14.314317602040816,13.25,0.272108843537415,2026-03,unreliable_trip_rate,0.0,0.0,0.1137329931972789,0.8862670068027211,False
79,East Village,22,8363,2275,14.260450795169197,12.225000000000001,0.2720315676192754,2026-03,unreliable_trip_rate,0.0,0.0,0.0886045677388497,0.9113954322611503,False
226,Sunnyside,6,353,96,19.059631728045325,18.3,0.2719546742209632,2026-03,unreliable_trip_rate,0.0,0.0,1.0,0.0,False
68,East Chelsea,20,6393,1738,14.406986808488451,12.666666666666666,0.27185984670733615,2026-03,unreliable_trip_rate,0.0,0.0,0.08916001877053027,0.9108399812294697,False
179,Old Astoria,6,184,50,23.95108695652174,20.96666666666667,0.2717391304347826,2026-03,unreliable_trip_rate,0.0,0.0,1.0,0.0,False
249,West Village,23,7555,2052,13.884687844694463,12.3,0.271608206485771,2026-03,unreliable_trip_rate,0.0,0.0,0.09252150893448048,0.9074784910655195,False
106,Gowanus,22,81,22,21.912139917695473,22.583333333333332,0.2716049382716049,2026-03,unreliable_trip_rate,0.0,0.0,1.0,0.0,False
179,Old Astoria,23,81,22,21.334362139917694,19.683333333333334,0.2716049382716049,2026-03,unreliable_trip_rate,0.0,0.0,1.0,0.0,False
85,Erasmus,19,70,19,25.252142857142857,25.683333333333334,0.2714285714285714,2026-03,unreliable_trip_rate,0.0,0.0,1.0,0.0,False
106,Gowanus,21,70,19,23.435000000000002,22.758333333333333,0.2714285714285714,2026-03,unreliable_trip_rate,0.0,0.0,1.0,0.0,False
198,Ridgewood,4,140,38,19.024761904761906,19.075000000000003,0.2714285714285714,2026-03,unreliable_trip_rate,0.0,0.0,1.0,0.0,False
226,Sunnyside,2,70,19,15.686190476190475,15.991666666666667,0.2714285714285714,2026-03,unreliable_trip_rate,0.0,0.0,1.0,0.0,False
231,TriBeCa/Civic Center,18,4636,1258,16.460562266321542,13.483333333333334,0.2713546160483175,2026-03,unreliable_trip_rate,0.0,0.0,0.11734253666954271,0.8826574633304572,False
66,DUMBO/Vinegar Hill,18,413,112,20.623284907183212,19.783333333333335,0.2711864406779661,2026-03,unreliable_trip_rate,0.0,0.0,1.0,0.0,False
143,Lincoln Square West,8,3581,971,14.282723633994229,12.983333333333333,0.2711533091315275,2026-03,unreliable_trip_rate,0.0,0.0,0.1365540351857023,0.8634459648142977,False
36,Bushwick North,21,107,29,21.459657320872275,21.566666666666666,0.27102803738317754,2026-03,unreliable_trip_rate,0.0,0.0,1.0,0.0,False
142,Lincoln Square East,6,1089,295,12.643449647995103,9.6,0.27089072543618,2026-03,unreliable_trip_rate,0.0,0.0,0.4462809917355372,0.5537190082644629,False
79,East Village,23,8324,2254,13.544459794970367,11.816666666666666,0.270783277270543,2026-03,unreliable_trip_rate,0.0,0.0,0.08769822200864968,0.9123017779913503,False
255,Williamsburg (North Side),20,554,150,20.450030084235863,20.191666666666666,0.27075812274368233,2026-03,unreliable_trip_rate,0.0,0.0,1.0,0.0,False
158,Meatpacking/West Village West,22,2898,784,14.77871520588912,12.916666666666668,0.27053140096618356,2026-03,unreliable_trip_rate,0.0,0.0,0.15942028985507245,0.8405797101449275,False
148,Lower East Side,22,3959,1071,15.835627683758524,14.525,0.27052285930790604,2026-03,unreliable_trip_rate,0.0,0.0,0.17984339479666583,0.8201566052033342,False
33,Brooklyn Heights,8,329,89,25.194782168186425,23.966666666666665,0.270516717325228,2026-03,unreliable_trip_rate,0.0,0.0,1.0,0.0,False
112,Greenpoint,16,148,40,25.361486486486488,23.775,0.2702702702702703,2026-03,unreliable_trip_rate,0.0,0.0,1.0,0.0,False
185,Pelham Parkway,17,37,10,49.527477477477476,50.78333333333333,0.2702702702702703,2026-03,unreliable_trip_rate,0.0,0.0,1.0,0.0,False
219,Springfield Gardens South,17,37,10,49.77207207207207,50.3,0.2702702702702703,2026-03,unreliable_trip_rate,0.0,0.0,1.0,0.0,False
236,Upper East Side North,17,12277,3315,13.13221742553827,9.733333333333333,0.2700171051559827,2026-03,unreliable_trip_rate,0.0,0.0,0.03494339007900953,0.9650566099209905,False
65,Downtown Brooklyn/MetroTech,6,100,27,21.268666666666668,20.508333333333333,0.27,2026-03,unreliable_trip_rate,0.0,0.0,1.0,0.0,False
255,Williamsburg (North Side),9,100,27,28.43616666666667,28.825,0.27,2026-03,unreliable_trip_rate,0.0,0.0,1.0,0.0,False
244,Washington Heights South,5,163,44,19.699386503067483,17.316666666666666,0.26993865030674846,2026-03,unreliable_trip_rate,0.0,0.0,1.0,0.0,False
162,Midtown East,19,9467,2554,13.093218548642653,11.583333333333334,0.26977923312559415,2026-03,unreliable_trip_rate,0.0,0.0,0.06401183056934615,0.9359881694306539,False
239,Upper West Side South,19,5654,1525,11.382127697205519,9.2,0.2697205518217191,2026-03,unreliable_trip_rate,0.0,0.0,0.08454191722674213,0.9154580827732579,False
231,TriBeCa/Civic Center,22,3133,845,15.76631556548569,14.566666666666666,0.2697095435684647,2026-03,unreliable_trip_rate,0.0,0.0,0.1835301627832748,0.8164698372167252,False
144,Little Italy/NoLiTa,20,2916,786,14.996250571559214,13.225,0.26954732510288065,2026-03,unreliable_trip_rate,0.0,0.0,0.19821673525377229,0.8017832647462277,False
48,Clinton East,22,7316,1972,13.929421815199563,12.091666666666667,0.2695462001093494,2026-03,unreliable_trip_rate,0.0,0.0,0.07668124658283215,0.9233187534171678,False
88,Financial District South,20,1014,273,16.90792241946088,16.2,0.2692307692307692,2026-03,unreliable_trip_rate,0.0,0.0,0.7268244575936884,0.27317554240631164,False
92,Flushing,12,52,14,45.920192307692304,45.08333333333333,0.2692307692307692,2026-03,unreliable_trip_rate,0.0,0.0,1.0,0.0,False
165,Midwood,6,52,14,56.50096153846154,54.25,0.2692307692307692,2026-03,unreliable_trip_rate,0.0,0.0,1.0,0.0,False
220,Spuyten Duyvil/Kingsbridge,17,52,14,31.597435897435897,31.233333333333334,0.2692307692307692,2026-03,unreliable_trip_rate,0.0,0.0,1.0,0.0,False
107,Gramercy,20,5100,1371,13.305137254901961,11.575,0.2688235294117647,2026-03,unreliable_trip_rate,0.0,0.0,0.11196078431372548,0.8880392156862745,False
255,Williamsburg (North Side),1,972,261,19.535219478737996,17.875,0.26851851851851855,2026-03,unreliable_trip_rate,0.0,0.0,0.8168724279835391,0.1831275720164609,False
243,Washington Heights North,6,257,69,24.478728923476005,22.533333333333335,0.26848249027237353,2026-03,unreliable_trip_rate,0.0,0.0,1.0,0.0,False
107,Gramercy,21,5039,1352,13.050727657604023,11.783333333333333,0.26830720381027984,2026-03,unreliable_trip_rate,0.0,0.0,0.10934709267711848,0.8906529073228815,False
237,Upper East Side South,20,9482,2544,10.961010335372285,7.95,0.26829782746256065,2026-03,unreliable_trip_rate,0.0,0.0,0.05969204809112002,0.94030795190888,False
85,Erasmus,22,41,11,26.147967479674794,24.783333333333335,0.2682926829268293,2026-03,unreliable_trip_rate,0.0,0.0,1.0,0.0,False
243,Washington Heights North,2,41,11,15.289024390243902,14.083333333333334,0.2682926829268293,2026-03,unreliable_trip_rate,0.0,0.0,1.0,0.0,False
165,Midwood,11,97,26,47.58092783505155,46.53333333333333,0.26804123711340205,2026-03,unreliable_trip_rate,0.0,0.0,1.0,0.0,False
117,Hammels/Arverne,17,56,15,57.02470238095238,60.94166666666666,0.26785714285714285,2026-03,unreliable_trip_rate,0.0,0.0,1.0,0.0,False
151,Manhattan Valley,5,280,75,15.263273809523808,13.016666666666667,0.26785714285714285,2026-03,unreliable_trip_rate,0.0,0.0,1.0,0.0,False
243,Washington Heights North,1,56,15,16.030059523809523,14.65,0.26785714285714285,2026-03,unreliable_trip_rate,0.0,0.0,1.0,0.0,False
66,DUMBO/Vinegar Hill,8,198,53,23.780387205387203,23.2,0.2676767676767677,2026-03,unreliable_trip_rate,0.0,0.0,1.0,0.0,False
76,East New York,0,71,19,19.3018779342723,19.533333333333335,0.2676056338028169,2026-03,unreliable_trip_rate,0.0,0.0,1.0,0.0,False
189,Prospect Heights,1,71,19,23.516901408450703,22.416666666666668,0.2676056338028169,2026-03,unreliable_trip_rate,0.0,0.0,1.0,0.0,False
79,East Village,2,5450,1458,12.367137614678898,10.366666666666667,0.2675229357798165,2026-03,unreliable_trip_rate,0.0,0.0,0.11192660550458716,0.8880733944954129,False
239,Upper West Side South,9,5399,1444,13.611307649564734,12.066666666666666,0.26745693646971663,2026-03,unreliable_trip_rate,0.0,0.0,0.06556769772180034,0.9344323022781996,False
145,Long Island City/Hunters Point,1,187,50,18.433957219251337,16.833333333333332,0.26737967914438504,2026-03,unreliable_trip_rate,0.0,0.0,1.0,0.0,False
79,East Village,21,7834,2093,14.294094119649392,12.625,0.2671687515956089,2026-03,unreliable_trip_rate,0.0,0.0,0.08756701557314271,0.9124329844268573,False
87,Financial District North,21,1764,471,16.881585411942552,15.908333333333333,0.26700680272108845,2026-03,unreliable_trip_rate,0.0,0.0,0.38095238095238093,0.6190476190476191,False
80,East Williamsburg,22,341,91,19.384115347018575,19.0,0.2668621700879765,2026-03,unreliable_trip_rate,0.0,0.0,1.0,0.0,False
32,Bronxdale,13,30,8,52.684444444444445,54.233333333333334,0.26666666666666666,2026-03,unreliable_trip_rate,0.0,0.0,1.0,0.0,False
40,Carroll Gardens,13,30,8,24.92611111111111,25.0,0.26666666666666666,2026-03,unreliable_trip_rate,0.0,0.0,1.0,0.0,False
62,Crown Heights South,0,45,12,20.445555555555554,18.7,0.26666666666666666,2026-03,unreliable_trip_rate,0.0,0.0,1.0,0.0,False
63,Cypress Hills,0,30,8,16.96,17.383333333333333,0.26666666666666666,2026-03,unreliable_trip_rate,0.0,0.0,1.0,0.0,False
66,DUMBO/Vinegar Hill,12,120,32,22.518194444444443,20.816666666666666,0.26666666666666666,2026-03,unreliable_trip_rate,0.0,0.0,1.0,0.0,False
212,Soundview/Bruckner,14,30,8,39.434999999999995,32.36666666666666,0.26666666666666666,2026-03,unreliable_trip_rate,0.0,0.0,1.0,0.0,False
255,Williamsburg (North Side),12,75,20,24.343333333333334,22.0,0.26666666666666666,2026-03,unreliable_trip_rate,0.0,0.0,1.0,0.0,False
249,West Village,1,5485,1462,14.053494378608328,11.216666666666667,0.2665451230628988,2026-03,unreliable_trip_rate,0.0,0.0,0.099179580674567,0.900820419325433,False
66,DUMBO/Vinegar Hill,20,334,89,20.96951097804391,20.241666666666667,0.26646706586826346,2026-03,unreliable_trip_rate,0.0,0.0,1.0,0.0,False
87,Financial District North,19,1993,531,16.689404582706135,15.583333333333334,0.266432513798294,2026-03,unreliable_trip_rate,0.0,0.0,0.3135975915704967,0.6864024084295033,False
132,JFK Airport,10,3401,906,39.72653631284916,40.266666666666666,0.26639223757718317,2026-03,unreliable_trip_rate,0.0,0.0,0.5704204645692443,0.42957953543075567,False
262,Yorkville East,7,3845,1024,12.246324230602514,10.866666666666667,0.26631989596879063,2026-03,unreliable_trip_rate,0.0,0.0,0.11027308192457737,0.8897269180754226,False
34,Brooklyn Navy Yard,3,154,41,19.754761904761903,19.45,0.2662337662337662,2026-03,unreliable_trip_rate,0.0,0.0,1.0,0.0,False
116,Hamilton Heights,23,308,82,15.718777056277055,14.925,0.2662337662337662,2026-03,unreliable_trip_rate,0.0,0.0,1.0,0.0,False
163,Midtown North,20,6683,1778,12.79783530350641,10.7,0.2660481819542122,2026-03,unreliable_trip_rate,0.0,0.0,0.08349543618135567,0.9165045638186443,False
40,Carroll Gardens,22,94,25,22.54804964539007,22.016666666666666,0.26595744680851063,2026-03,unreliable_trip_rate,0.0,0.0,1.0,0.0,False
189,Prospect Heights,7,94,25,34.357624113475175,31.725,0.26595744680851063,2026-03,unreliable_trip_rate,0.0,0.0,1.0,0.0,False
163,Midtown North,21,6984,1857,12.92334144711722,10.8,0.265893470790378,2026-03,unreliable_trip_rate,0.0,0.0,0.08891752577319588,0.9110824742268041,False
170,Murray Hill,18,7983,2122,14.226898826673347,12.433333333333334,0.2658148565702117,2026-03,unreliable_trip_rate,0.0,0.0,0.0751597143930853,0.9248402856069147,False
13,Battery Park City,8,1219,324,18.228589007383103,16.7,0.26579163248564397,2026-03,unreliable_trip_rate,0.0,0.0,0.4495488105004102,0.5504511894995898,False
33,Brooklyn Heights,20,275,73,21.800545454545453,20.9,0.26545454545454544,2026-03,unreliable_trip_rate,0.0,0.0,1.0,0.0,False
249,West Village,0,6909,1834,13.602260336758816,11.841666666666667,0.26545086119554206,2026-03,unreliable_trip_rate,0.0,0.0,0.09075119409465914,0.9092488059053409,False
13,Battery Park City,21,1424,378,16.5405079588015,15.691666666666666,0.2654494382022472,2026-03,unreliable_trip_rate,0.0,0.0,0.4859550561797753,0.5140449438202247,False
112,Greenpoint,13,132,35,23.196085858585857,22.208333333333336,0.26515151515151514,2026-03,unreliable_trip_rate,0.0,0.0,1.0,0.0,False
244,Washington Heights South,0,219,58,15.931050228310502,14.683333333333334,0.2648401826484018,2026-03,unreliable_trip_rate,0.0,0.0,1.0,0.0,False
70,East Elmhurst,17,423,112,33.135263987391646,31.5,0.2647754137115839,2026-03,unreliable_trip_rate,0.0,0.0,1.0,0.0,False
246,West Chelsea/Hudson Yards,20,5367,1421,14.20436308303832,12.858333333333334,0.26476616359232347,2026-03,unreliable_trip_rate,0.0,0.0,0.09949692565679151,0.9005030743432085,False
112,Greenpoint,3,238,63,15.5312324929972,15.191666666666666,0.2647058823529412,2026-03,unreliable_trip_rate,0.0,0.0,1.0,0.0,False
112,Greenpoint,5,136,36,17.474999999999998,17.175,0.2647058823529412,2026-03,unreliable_trip_rate,0.0,0.0,1.0,0.0,False
157,Maspeth,19,34,9,22.00980392156863,21.40833333333333,0.2647058823529412,2026-03,unreliable_trip_rate,0.0,0.0,1.0,0.0,False
55,Coney Island,15,87,23,73.45938697318007,67.13333333333334,0.26436781609195403,2026-03,unreliable_trip_rate,0.0,0.0,1.0,0.0,False
255,Williamsburg (North Side),0,1052,278,18.76821926489227,18.78333333333333,0.26425855513307983,2026-03,unreliable_trip_rate,0.0,0.0,0.7813688212927756,0.21863117870722434,False
10,Baisley Park,20,53,14,33.719811320754715,32.86666666666667,0.2641509433962264,2026-03,unreliable_trip_rate,0.0,0.0,1.0,0.0,False
114,Greenwich Village South,23,5367,1417,13.501798024967393,11.433333333333334,0.26402086826905163,2026-03,unreliable_trip_rate,0.0,0.0,0.09241662008570896,0.907583379914291,False
148,Lower East Side,2,3892,1027,13.67788198013018,12.591666666666667,0.26387461459403905,2026-03,unreliable_trip_rate,0.0,0.0,0.18884892086330934,0.8111510791366906,False
246,West Chelsea/Hudson Yards,18,6516,1717,15.163134335993453,12.358333333333334,0.26350521792510745,2026-03,unreliable_trip_rate,0.0,0.0,0.0776550030693677,0.9223449969306323,False
205,Saint Albans,16,57,15,59.66228070175438,61.083333333333336,0.2631578947368421,2026-03,unreliable_trip_rate,0.0,0.0,1.0,0.0,False
212,Soundview/Bruckner,10,38,10,41.973684210526315,40.833333333333336,0.2631578947368421,2026-03,unreliable_trip_rate,0.0,0.0,1.0,0.0,False
215,South Jamaica,19,38,10,32.03377192982456,31.183333333333334,0.2631578947368421,2026-03,unreliable_trip_rate,0.0,0.0,1.0,0.0,False
218,Springfield Gardens North,11,38,10,55.106578947368426,54.95,0.2631578947368421,2026-03,unreliable_trip_rate,0.0,0.0,1.0,0.0,False
13,Battery Park City,15,1338,352,21.725884404583958,18.758333333333333,0.26307922272047835,2026-03,unreliable_trip_rate,0.0,0.0,0.46263079222720477,0.5373692077727952,False
179,Old Astoria,8,289,76,29.071972318339096,28.95,0.2629757785467128,2026-03,unreliable_trip_rate,0.0,0.0,1.0,0.0,False
87,Financial District North,8,826,217,19.493361581920905,18.15,0.2627118644067797,2026-03,unreliable_trip_rate,0.0,0.0,0.6803874092009685,0.3196125907990315,False
13,Battery Park City,13,1181,310,19.743564775613887,17.716666666666665,0.26248941574936496,2026-03,unreliable_trip_rate,0.0,0.0,0.5241320914479255,0.4758679085520745,False
236,Upper East Side North,18,11559,3033,11.987506127981083,8.4,0.2623929405657929,2026-03,unreliable_trip_rate,0.0,0.0,0.03901721602214724,0.9609827839778528,False
66,DUMBO/Vinegar Hill,7,183,48,21.928506375227688,20.4,0.26229508196721313,2026-03,unreliable_trip_rate,0.0,0.0,1.0,0.0,False
86,Far Rockaway,16,61,16,56.39098360655738,62.083333333333336,0.26229508196721313,2026-03,unreliable_trip_rate,0.0,0.0,1.0,0.0,False
13,Battery Park City,7,759,199,18.068313570487483,17.366666666666667,0.2621870882740448,2026-03,unreliable_trip_rate,0.0,0.0,0.525691699604743,0.4743083003952569,False
211,SoHo,7,271,71,15.757380073800737,14.383333333333333,0.26199261992619927,2026-03,unreliable_trip_rate,0.0,0.0,0.8892988929889298,0.11070110701107011,False
33,Brooklyn Heights,21,294,77,20.031689342403627,19.233333333333334,0.2619047619047619,2026-03,unreliable_trip_rate,0.0,0.0,1.0,0.0,False
40,Carroll Gardens,10,42,11,26.7234126984127,27.625,0.2619047619047619,2026-03,unreliable_trip_rate,0.0,0.0,1.0,0.0,False
55,Coney Island,5,42,11,60.080158730158736,62.675,0.2619047619047619,2026-03,unreliable_trip_rate,0.0,0.0,1.0,0.0,False
256,Williamsburg (South Side),10,107,28,26.30404984423676,23.716666666666665,0.2616822429906542,2026-03,unreliable_trip_rate,0.0,0.0,1.0,0.0,False
239,Upper West Side South,7,3585,938,13.089470013947002,11.058333333333334,0.26164574616457464,2026-03,unreliable_trip_rate,0.0,0.0,0.1110181311018131,0.8889818688981869,False
112,Greenpoint,22,562,147,19.85667259786477,19.708333333333332,0.2615658362989324,2026-03,unreliable_trip_rate,0.0,0.0,1.0,0.0,False
116,Hamilton Heights,6,390,102,21.232991452991453,20.358333333333334,0.26153846153846155,2026-03,unreliable_trip_rate,0.0,0.0,1.0,0.0,False
256,Williamsburg (South Side),7,195,51,24.66940170940171,23.35,0.26153846153846155,2026-03,unreliable_trip_rate,0.0,0.0,1.0,0.0,False
112,Greenpoint,21,413,108,19.497538337368848,19.3,0.26150121065375304,2026-03,unreliable_trip_rate,0.0,0.0,1.0,0.0,False
230,Times Sq/Theatre District,20,8123,2124,13.605043292707949,10.583333333333334,0.26147974886125813,2026-03,unreliable_trip_rate,0.0,0.0,0.08038901883540564,0.9196109811645944,False
142,Lincoln Square East,20,6735,1761,11.873494184607772,10.066666666666666,0.26146993318485523,2026-03,unreliable_trip_rate,0.0,0.0,0.07587230883444691,0.924127691165553,False
79,East Village,1,8355,2184,14.08361859166168,11.258333333333333,0.2614003590664273,2026-03,unreliable_trip_rate,0.0,0.0,0.0807899461400359,0.9192100538599641,False
162,Midtown East,4,310,81,13.842688172043012,11.866666666666667,0.26129032258064516,2026-03,unreliable_trip_rate,0.0,0.0,0.8806451612903226,0.11935483870967742,False
157,Maspeth,5,268,70,18.013805970149253,17.608333333333334,0.26119402985074625,2026-03,unreliable_trip_rate,0.0,0.0,1.0,0.0,False
255,Williamsburg (North Side),19,448,117,21.719122023809522,21.175,0.2611607142857143,2026-03,unreliable_trip_rate,0.0,0.0,1.0,0.0,False
142,Lincoln Square East,22,7854,2051,13.439043799337917,11.083333333333334,0.2611408199643494,2026-03,unreliable_trip_rate,0.0,0.0,0.07944996180290298,0.920550038197097,False
163,Midtown North,6,563,147,14.761722912966253,9.183333333333334,0.261101243339254,2026-03,unreliable_trip_rate,0.0,0.0,0.61101243339254,0.38898756660746003,False
158,Meatpacking/West Village West,21,3108,811,15.01977691977692,13.966666666666667,0.26093951093951095,2026-03,unreliable_trip_rate,0.0,0.0,0.16505791505791506,0.834942084942085,False
162,Midtown East,21,7379,1925,12.59986448028188,11.066666666666666,0.26087545737904866,2026-03,unreliable_trip_rate,0.0,0.0,0.07792383791841713,0.9220761620815828,False
34,Brooklyn Navy Yard,18,46,12,20.15036231884058,19.808333333333334,0.2608695652173913,2026-03,unreliable_trip_rate,0.0,0.0,1.0,0.0,False
92,Flushing,10,46,12,51.8554347826087,52.425,0.2608695652173913,2026-03,unreliable_trip_rate,0.0,0.0,1.0,0.0,False
116,Hamilton Heights,5,184,48,20.316123188405797,18.925,0.2608695652173913,2026-03,unreliable_trip_rate,0.0,0.0,1.0,0.0,False
185,Pelham Parkway,7,69,18,54.17826086956522,55.266666666666666,0.2608695652173913,2026-03,unreliable_trip_rate,0.0,0.0,1.0,0.0,False
231,TriBeCa/Civic Center,20,3788,988,15.385084477296726,14.041666666666668,0.2608236536430834,2026-03,unreliable_trip_rate,0.0,0.0,0.13093980992608237,0.8690601900739177,False
112,Greenpoint,1,349,91,19.90276981852913,17.766666666666666,0.2607449856733524,2026-03,unreliable_trip_rate,0.0,0.0,1.0,0.0,False
161,Midtown Center,18,14476,3770,15.083165239016303,12.266666666666667,0.26043105830339874,2026-03,unreliable_trip_rate,0.0,0.0,0.03847747996684167,0.9615225200331583,False
243,Washington Heights North,22,146,38,18.791666666666668,17.016666666666666,0.2602739726027397,2026-03,unreliable_trip_rate,0.0,0.0,1.0,0.0,False
262,Yorkville East,8,4742,1233,14.13357584704063,12.608333333333334,0.26001687051876843,2026-03,unreliable_trip_rate,0.0,0.0,0.09784900885702236,0.9021509911429777,False
234,Union Sq,20,8073,2099,13.397320285726083,11.15,0.26000247739378174,2026-03,unreliable_trip_rate,0.0,0.0,0.06800445930880714,0.9319955406911928,False
237,Upper East Side South,21,10048,2610,11.024842423036093,7.791666666666666,0.2597531847133758,2026-03,unreliable_trip_rate,0.0,0.0,0.05802149681528662,0.9419785031847133,False
262,Yorkville East,4,235,61,14.418794326241134,13.0,0.25957446808510637,2026-03,unreliable_trip_rate,0.0,0.0,0.8212765957446808,0.17872340425531916,False
143,Lincoln Square West,1,185,48,12.814234234234233,11.65,0.2594594594594595,2026-03,unreliable_trip_rate,0.0,0.0,1.0,0.0,False
65,Downtown Brooklyn/MetroTech,5,54,14,20.12314814814815,17.066666666666666,0.25925925925925924,2026-03,unreliable_trip_rate,0.0,0.0,1.0,0.0,False
155,Marine Park/Mill Basin,17,54,14,32.34691358024691,28.633333333333333,0.25925925925925924,2026-03,unreliable_trip_rate,0.0,0.0,1.0,0.0,False
87,Financial District North,2,386,100,14.940198618307427,14.175,0.25906735751295334,2026-03,unreliable_trip_rate,0.0,0.0,1.0,0.0,False
179,Old Astoria,4,58,15,17.641954022988507,17.53333333333333,0.25862068965517243,2026-03,unreliable_trip_rate,0.0,0.0,1.0,0.0,False
161,Midtown Center,22,9476,2450,13.425149500492472,11.558333333333334,0.25854791051076403,2026-03,unreliable_trip_rate,0.0,0.0,0.06511186154495567,0.9348881384550444,False
24,Bloomingdale,6,329,85,15.453242147923,13.85,0.25835866261398177,2026-03,unreliable_trip_rate,0.0,0.0,1.0,0.0,False
237,Upper East Side South,5,360,93,13.575092592592593,10.766666666666666,0.25833333333333336,2026-03,unreliable_trip_rate,0.0,0.0,0.8555555555555555,0.14444444444444443,False
148,Lower East Side,1,4998,1291,15.69888955582233,13.149999999999999,0.2583033213285314,2026-03,unreliable_trip_rate,0.0,0.0,0.14785914365746297,0.852140856342537,False
13,Battery Park City,17,2483,641,18.28567592965499,16.483333333333334,0.2581554571083367,2026-03,unreliable_trip_rate,0.0,0.0,0.19895287958115182,0.8010471204188482,False
231,TriBeCa/Civic Center,21,3468,895,15.39331507112649,14.066666666666666,0.25807381776239907,2026-03,unreliable_trip_rate,0.0,0.0,0.15397923875432526,0.8460207612456747,False
66,DUMBO/Vinegar Hill,5,31,8,17.38225806451613,15.2,0.25806451612903225,2026-03,unreliable_trip_rate,0.0,0.0,1.0,0.0,False
86,Far Rockaway,6,62,16,84.92795698924732,91.875,0.25806451612903225,2026-03,unreliable_trip_rate,0.0,0.0,1.0,0.0,False
93,Flushing Meadows-Corona Park,16,62,16,35.931451612903224,34.63333333333333,0.25806451612903225,2026-03,unreliable_trip_rate,0.0,0.0,1.0,0.0,False
152,Manhattanville,3,31,8,13.36236559139785,10.05,0.25806451612903225,2026-03,unreliable_trip_rate,0.0,0.0,1.0,0.0,False
157,Maspeth,1,31,8,18.205376344086023,18.65,0.25806451612903225,2026-03,unreliable_trip_rate,0.0,0.0,1.0,0.0,False
255,Williamsburg (North Side),2,772,199,16.875993091537133,16.608333333333334,0.25777202072538863,2026-03,unreliable_trip_rate,0.0,0.0,0.9119170984455959,0.08808290155440414,False
198,Ridgewood,23,97,25,18.171305841924397,18.483333333333334,0.25773195876288657,2026-03,unreliable_trip_rate,0.0,0.0,1.0,0.0,False
249,West Village,22,7960,2049,14.552684254606365,12.166666666666666,0.25741206030150754,2026-03,unreliable_trip_rate,0.0,0.0,0.0721105527638191,0.9278894472361809,False
37,Bushwick South,1,272,70,26.309436274509807,22.958333333333336,0.25735294117647056,2026-03,unreliable_trip_rate,0.0,0.0,1.0,0.0,False
249,West Village,20,5873,1511,14.23485158067995,11.166666666666666,0.2572790737272263,2026-03,unreliable_trip_rate,0.0,0.0,0.06708666780180488,0.9329133321981952,False
249,West Village,21,7889,2029,14.469677187645246,11.133333333333333,0.2571935606540753,2026-03,unreliable_trip_rate,0.0,0.0,0.06654835847382432,0.9334516415261757,False
205,Saint Albans,18,35,9,45.943333333333335,47.93333333333333,0.2571428571428571,2026-03,unreliable_trip_rate,0.0,0.0,1.0,0.0,False
4,Alphabet City,8,778,200,17.952677806341043,15.983333333333333,0.2570694087403599,2026-03,unreliable_trip_rate,0.0,0.0,0.7133676092544987,0.2866323907455013,False
87,Financial District North,7,471,121,20.58651804670913,17.85,0.25690021231422505,2026-03,unreliable_trip_rate,0.0,0.0,0.8343949044585988,0.16560509554140126,False
186,Penn Station/Madison Sq West,6,2897,744,9.377580255436659,7.483333333333333,0.25681739730755954,2026-03,unreliable_trip_rate,0.0,0.0,0.1277183293061788,0.8722816706938212,False
145,Long Island City/Hunters Point,0,409,105,18.2939282803586,17.733333333333334,0.2567237163814181,2026-03,unreliable_trip_rate,0.0,0.0,1.0,0.0,False
80,East Williamsburg,23,413,106,19.238942695722358,18.966666666666665,0.2566585956416465,2026-03,unreliable_trip_rate,0.0,0.0,1.0,0.0,False
36,Bushwick North,5,156,40,19.75502136752137,19.708333333333332,0.2564102564102564,2026-03,unreliable_trip_rate,0.0,0.0,1.0,0.0,False
85,Erasmus,21,39,10,27.152564102564103,23.85,0.2564102564102564,2026-03,unreliable_trip_rate,0.0,0.0,1.0,0.0,False
133,Kensington,13,39,10,37.1042735042735,35.05,0.2564102564102564,2026-03,unreliable_trip_rate,0.0,0.0,1.0,0.0,False
185,Pelham Parkway,10,39,10,56.352991452991446,56.31666666666667,0.2564102564102564,2026-03,unreliable_trip_rate,0.0,0.0,1.0,0.0,False
239,Upper West Side South,21,4961,1270,11.727454142310018,9.641666666666666,0.25599677484378147,2026-03,unreliable_trip_rate,0.0,0.0,0.082039911308204,0.917960088691796,False
127,Inwood,4,86,22,14.735271317829458,13.741666666666667,0.2558139534883721,2026-03,unreliable_trip_rate,0.0,0.0,1.0,0.0,False
219,Springfield Gardens South,16,43,11,48.04341085271318,50.88333333333333,0.2558139534883721,2026-03,unreliable_trip_rate,0.0,0.0,1.0,0.0,False
13,Battery Park City,19,2110,539,15.267969984202212,14.633333333333333,0.2554502369668246,2026-03,unreliable_trip_rate,0.0,0.0,0.2947867298578199,0.70521327014218,False
203,Rosedale,5,47,12,63.75886524822695,68.16666666666667,0.2553191489361702,2026-03,unreliable_trip_rate,0.0,0.0,1.0,0.0,False
246,West Chelsea/Hudson Yards,19,5890,1503,14.11717883418223,12.166666666666666,0.2551782682512733,2026-03,unreliable_trip_rate,0.0,0.0,0.07707979626485569,0.9229202037351443,False
231,TriBeCa/Civic Center,19,4374,1115,15.363576436518825,13.966666666666667,0.2549154092363969,2026-03,unreliable_trip_rate,0.0,0.0,0.1081390032007316,0.8918609967992684,False
36,Bushwick North,1,310,79,24.177956989247313,22.258333333333333,0.25483870967741934,2026-03,unreliable_trip_rate,0.0,0.0,1.0,0.0,False
157,Maspeth,4,263,67,17.664512040557668,18.066666666666666,0.25475285171102663,2026-03,unreliable_trip_rate,0.0,0.0,1.0,0.0,False
223,Steinway,22,161,41,18.389233954451345,17.5,0.2546583850931677,2026-03,unreliable_trip_rate,0.0,0.0,1.0,0.0,False
179,Old Astoria,7,271,69,27.950061500615007,27.066666666666666,0.25461254612546125,2026-03,unreliable_trip_rate,0.0,0.0,1.0,0.0,False
17,Bedford,3,55,14,17.754848484848484,16.333333333333332,0.2545454545454545,2026-03,unreliable_trip_rate,0.0,0.0,1.0,0.0,False
80,East Williamsburg,6,169,43,20.32662721893491,19.016666666666666,0.25443786982248523,2026-03,unreliable_trip_rate,0.0,0.0,1.0,0.0,False
142,Lincoln Square East,21,9260,2356,12.661600071994242,11.0,0.25442764578833693,2026-03,unreliable_trip_rate,0.0,0.0,0.07505399568034557,0.9249460043196545,False
255,Williamsburg (North Side),3,673,171,15.947473997028231,15.85,0.2540861812778603,2026-03,unreliable_trip_rate,0.0,0.0,0.8915304606240714,0.10846953937592868,False
13,Battery Park City,20,1795,456,15.698096564531104,15.55,0.2540389972144847,2026-03,unreliable_trip_rate,0.0,0.0,0.3587743732590529,0.6412256267409471,False
145,Long Island City/Hunters Point,14,260,66,28.288910256410258,22.8,0.25384615384615383,2026-03,unreliable_trip_rate,0.0,0.0,0.8807692307692307,0.11923076923076924,False
198,Ridgewood,0,71,18,20.973943661971834,21.25,0.2535211267605634,2026-03,unreliable_trip_rate,0.0,0.0,1.0,0.0,False
231,TriBeCa/Civic Center,6,379,96,14.702286719437115,13.25,0.2532981530343008,2026-03,unreliable_trip_rate,0.0,0.0,0.7335092348284961,0.26649076517150394,False
89,Flatbush/Ditmas Park,22,83,21,28.97751004016064,28.783333333333335,0.25301204819277107,2026-03,unreliable_trip_rate,0.0,0.0,1.0,0.0,False
74,East Harlem North,5,325,82,14.886615384615384,13.566666666666666,0.2523076923076923,2026-03,unreliable_trip_rate,0.0,0.0,1.0,0.0,False
256,Williamsburg (South Side),8,258,65,28.088824289405686,26.708333333333332,0.25193798449612403,2026-03,unreliable_trip_rate,0.0,0.0,1.0,0.0,False
145,Long Island City/Hunters Point,13,282,71,28.199940898345154,22.825,0.25177304964539005,2026-03,unreliable_trip_rate,0.0,0.0,0.8794326241134752,0.12056737588652482,False
255,Williamsburg (North Side),15,147,37,29.21417233560091,28.016666666666666,0.25170068027210885,2026-03,unreliable_trip_rate,0.0,0.0,1.0,0.0,False
256,Williamsburg (South Side),21,473,119,20.224348132487666,19.95,0.25158562367864695,2026-03,unreliable_trip_rate,0.0,0.0,1.0,0.0,False
230,Times Sq/Theatre District,22,11137,2800,14.71369159857532,12.0,0.251414204902577,2026-03,unreliable_trip_rate,0.0,0.0,0.04866660680614169,0.9513333931938583,False
157,Maspeth,3,179,45,17.78947858472998,17.85,0.25139664804469275,2026-03,unreliable_trip_rate,0.0,0.0,1.0,0.0,False
255,Williamsburg (North Side),8,179,45,25.468342644320295,26.183333333333334,0.25139664804469275,2026-03,unreliable_trip_rate,0.0,0.0,1.0,0.0,False
230,Times Sq/Theatre District,3,720,181,14.982291666666667,13.266666666666666,0.2513888888888889,2026-03,unreliable_trip_rate,0.0,0.0,0.8708333333333333,0.12916666666666668,False
226,Sunnyside,12,267,67,25.604931335830212,22.75,0.250936329588015,2026-03,unreliable_trip_rate,0.0,0.0,0.8726591760299626,0.12734082397003746,False
238,Upper West Side North,6,1706,428,13.767174677608441,11.641666666666666,0.2508792497069168,2026-03,unreliable_trip_rate,0.0,0.0,0.26318874560375144,0.7368112543962485,False
107,Gramercy,5,734,184,12.023910081743868,9.725,0.2506811989100817,2026-03,unreliable_trip_rate,0.0,0.0,0.7465940054495913,0.25340599455040874,False
34,Brooklyn Navy Yard,15,32,8,24.2890625,23.825000000000003,0.25,2026-03,unreliable_trip_rate,0.0,0.0,1.0,0.0,False
52,Cobble Hill,19,92,23,20.030434782608694,20.5,0.25,2026-03,unreliable_trip_rate,0.0,0.0,1.0,0.0,False
66,DUMBO/Vinegar Hill,11,96,24,22.921701388888888,20.5,0.25,2026-03,unreliable_trip_rate,0.0,0.0,1.0,0.0,False
223,Steinway,5,64,16,16.84140625,16.916666666666664,0.25,2026-03,unreliable_trip_rate,0.0,0.0,1.0,0.0,False
224,Stuy Town/Peter Cooper Village,5,184,46,12.00842391304348,11.075,0.25,2026-03,unreliable_trip_rate,0.0,0.0,1.0,0.0,False
225,Stuyvesant Heights,21,100,25,26.537,26.34166666666667,0.25,2026-03,unreliable_trip_rate,0.0,0.0,1.0,0.0,False
242,Van Nest/Morris Park,23,32,8,23.359895833333333,19.641666666666666,0.25,2026-03,unreliable_trip_rate,0.0,0.0,1.0,0.0,False
234,Union Sq,21,8693,2170,13.612860922581389,12.266666666666667,0.2496261359714713,2026-03,unreliable_trip_rate,0.0,0.0,0.061083630507304726,0.9389163694926953,False
70,East Elmhurst,18,353,88,30.048394711992447,28.55,0.24929178470254956,2026-03,unreliable_trip_rate,0.0,0.0,0.9093484419263456,0.0906515580736544,False
66,DUMBO/Vinegar Hill,23,221,55,20.1184766214178,19.416666666666668,0.248868778280543,2026-03,unreliable_trip_rate,0.0,0.0,1.0,0.0,False
161,Midtown Center,6,1033,257,12.035769603097775,8.05,0.24878993223620524,2026-03,unreliable_trip_rate,0.0,0.0,0.3194578896418199,0.68054211035818,False
230,Times Sq/Theatre District,21,11741,2921,14.177577151293187,11.175,0.2487863044033728,2026-03,unreliable_trip_rate,0.0,0.0,0.055957754876075294,0.9440422451239248,False
88,Financial District South,6,125,31,17.3736,16.55,0.248,2026-03,unreliable_trip_rate,0.0,0.0,1.0,0.0,False
189,Prospect Heights,0,117,29,23.223361823361824,22.95,0.24786324786324787,2026-03,unreliable_trip_rate,0.0,0.0,1.0,0.0,False
145,Long Island City/Hunters Point,4,323,80,16.316769865841074,16.016666666666666,0.2476780185758514,2026-03,unreliable_trip_rate,0.0,0.0,1.0,0.0,False
70,East Elmhurst,19,517,128,26.01212121212121,24.483333333333334,0.24758220502901354,2026-03,unreliable_trip_rate,0.0,0.0,1.0,0.0,False
162,Midtown East,20,9106,2251,12.818623252068233,11.316666666666666,0.24719964858335164,2026-03,unreliable_trip_rate,0.0,0.0,0.061278278058423015,0.938721721941577,False
116,Hamilton Heights,2,77,19,15.246320346320347,14.516666666666667,0.24675324675324675,2026-03,unreliable_trip_rate,0.0,0.0,1.0,0.0,False
179,Old Astoria,5,77,19,17.4478354978355,17.25,0.24675324675324675,2026-03,unreliable_trip_rate,0.0,0.0,1.0,0.0,False
13,Battery Park City,14,1311,323,22.043325705568268,19.1,0.2463768115942029,2026-03,unreliable_trip_rate,0.0,0.0,0.479023646071701,0.520976353928299,False
66,DUMBO/Vinegar Hill,6,65,16,19.54794871794872,18.5,0.24615384615384617,2026-03,unreliable_trip_rate,0.0,0.0,1.0,0.0,False
106,Gowanus,0,65,16,21.58230769230769,22.616666666666667,0.24615384615384617,2026-03,unreliable_trip_rate,0.0,0.0,1.0,0.0,False
145,Long Island City/Hunters Point,2,130,32,16.986923076923077,16.65,0.24615384615384617,2026-03,unreliable_trip_rate,0.0,0.0,1.0,0.0,False
195,Red Hook,9,187,46,32.75588235294118,33.93333333333333,0.24598930481283424,2026-03,unreliable_trip_rate,0.0,0.0,1.0,0.0,False
12,Battery Park,15,122,30,22.641393442622952,22.0,0.2459016393442623,2026-03,unreliable_trip_rate,0.0,0.0,1.0,0.0,False
36,Bushwick North,2,297,73,19.445117845117846,19.966666666666665,0.24579124579124578,2026-03,unreliable_trip_rate,0.0,0.0,1.0,0.0,False
148,Lower East Side,0,5216,1282,14.616171395705521,13.65,0.24578220858895705,2026-03,unreliable_trip_rate,0.0,0.0,0.12557515337423314,0.8744248466257669,False
239,Upper West Side South,6,1563,384,13.724973341863938,11.066666666666666,0.2456813819577735,2026-03,unreliable_trip_rate,0.0,0.0,0.272552783109405,0.727447216890595,False
256,Williamsburg (South Side),3,342,84,15.973879142300195,15.475,0.24561403508771928,2026-03,unreliable_trip_rate,0.0,0.0,1.0,0.0,False
193,Queensbridge/Ravenswood,23,45,11,19.835185185185185,20.983333333333334,0.24444444444444444,2026-03,unreliable_trip_rate,0.0,0.0,1.0,0.0,False
161,Midtown Center,19,13665,3336,13.830640321990488,11.758333333333333,0.24412733260153677,2026-03,unreliable_trip_rate,0.0,0.0,0.03915111598975485,0.9608488840102452,False
224,Stuy Town/Peter Cooper Village,6,378,92,13.746119929453265,12.958333333333332,0.24338624338624337,2026-03,unreliable_trip_rate,0.0,0.0,1.0,0.0,False
142,Lincoln Square East,5,485,118,15.01491408934708,9.85,0.24329896907216494,2026-03,unreliable_trip_rate,0.0,0.0,0.7484536082474227,0.2515463917525773,False
106,Gowanus,10,37,9,32.97477477477477,32.53333333333333,0.24324324324324326,2026-03,unreliable_trip_rate,0.0,0.0,1.0,0.0,False
168,Mott Haven/Port Morris,1,37,9,16.385585585585584,14.666666666666666,0.24324324324324326,2026-03,unreliable_trip_rate,0.0,0.0,1.0,0.0,False
88,Financial District South,1,498,121,16.914190093708164,15.133333333333333,0.2429718875502008,2026-03,unreliable_trip_rate,0.0,0.0,0.9216867469879518,0.0783132530120482,False
145,Long Island City/Hunters Point,3,173,42,16.98564547206166,16.816666666666666,0.24277456647398843,2026-03,unreliable_trip_rate,0.0,0.0,1.0,0.0,False
87,Financial District North,6,379,92,16.82194371152155,15.0,0.24274406332453827,2026-03,unreliable_trip_rate,0.0,0.0,0.7994722955145118,0.20052770448548812,False
228,Sunset Park West,19,136,33,28.456495098039216,27.875,0.2426470588235294,2026-03,unreliable_trip_rate,0.0,0.0,1.0,0.0,False
3,Allerton/Pelham Gardens,10,33,8,50.02020202020202,52.416666666666664,0.24242424242424243,2026-03,unreliable_trip_rate,0.0,0.0,1.0,0.0,False
66,DUMBO/Vinegar Hill,0,132,32,20.415025252525254,19.875,0.24242424242424243,2026-03,unreliable_trip_rate,0.0,0.0,1.0,0.0,False
167,Morrisania/Melrose,10,66,16,38.76186868686869,38.58333333333333,0.24242424242424243,2026-03,unreliable_trip_rate,0.0,0.0,1.0,0.0,False
170,Murray Hill,4,422,102,12.214020537124803,9.899999999999999,0.24170616113744076,2026-03,unreliable_trip_rate,0.0,0.0,0.8388625592417062,0.16113744075829384,False
65,Downtown Brooklyn/MetroTech,4,58,14,19.136206896551727,16.683333333333334,0.2413793103448276,2026-03,unreliable_trip_rate,0.0,0.0,1.0,0.0,False
106,Gowanus,19,58,14,20.390229885057472,19.583333333333332,0.2413793103448276,2026-03,unreliable_trip_rate,0.0,0.0,1.0,0.0,False
255,Williamsburg (North Side),18,378,91,23.52768959435626,23.633333333333333,0.24074074074074073,2026-03,unreliable_trip_rate,0.0,0.0,1.0,0.0,False
258,Woodhaven,13,54,13,34.933950617283955,34.16666666666667,0.24074074074074073,2026-03,unreliable_trip_rate,0.0,0.0,1.0,0.0,False
36,Bushwick North,23,237,57,22.35534458509142,22.783333333333335,0.24050632911392406,2026-03,unreliable_trip_rate,0.0,0.0,1.0,0.0,False
181,Park Slope,3,50,12,19.576333333333334,19.59166666666667,0.24,2026-03,unreliable_trip_rate,0.0,0.0,1.0,0.0,False
7,Astoria,1,217,52,18.41336405529954,17.716666666666665,0.23963133640552994,2026-03,unreliable_trip_rate,0.0,0.0,1.0,0.0,False
79,East Village,0,9320,2232,13.215885193133047,11.375,0.23948497854077253,2026-03,unreliable_trip_rate,0.0,0.0,0.06791845493562232,0.9320815450643777,False
95,Forest Hills,5,46,11,24.338043478260868,21.78333333333333,0.2391304347826087,2026-03,unreliable_trip_rate,0.0,0.0,1.0,0.0,False
196,Rego Park,12,46,11,33.56086956521739,30.508333333333333,0.2391304347826087,2026-03,unreliable_trip_rate,0.0,0.0,1.0,0.0,False
215,South Jamaica,18,46,11,38.36304347826087,40.95833333333333,0.2391304347826087,2026-03,unreliable_trip_rate,0.0,0.0,1.0,0.0,False
87,Financial District North,20,2047,489,16.582014329913694,15.883333333333333,0.23888617489008304,2026-03,unreliable_trip_rate,0.0,0.0,0.323400097703957,0.6765999022960429,False
243,Washington Heights North,23,155,37,17.358924731182796,16.4,0.23870967741935484,2026-03,unreliable_trip_rate,0.0,0.0,1.0,0.0,False
202,Roosevelt Island,10,42,10,33.359920634920634,30.625,0.23809523809523808,2026-03,unreliable_trip_rate,0.0,0.0,1.0,0.0,False
163,Midtown North,4,341,81,15.85635386119257,12.95,0.2375366568914956,2026-03,unreliable_trip_rate,0.0,0.0,0.8035190615835777,0.19648093841642228,False
181,Park Slope,4,59,14,19.53050847457627,20.233333333333334,0.23728813559322035,2026-03,unreliable_trip_rate,0.0,0.0,1.0,0.0,False
226,Sunnyside,14,325,77,33.14164102564102,28.05,0.23692307692307693,2026-03,unreliable_trip_rate,0.0,0.0,0.8184615384615385,0.18153846153846154,False
135,Kew Gardens Hills,9,38,9,43.87149122807017,44.5,0.23684210526315788,2026-03,unreliable_trip_rate,0.0,0.0,1.0,0.0,False
139,Laurelton,15,38,9,56.692982456140356,56.18333333333334,0.23684210526315788,2026-03,unreliable_trip_rate,0.0,0.0,1.0,0.0,False
168,Mott Haven/Port Morris,4,114,27,14.107748538011696,13.033333333333333,0.23684210526315788,2026-03,unreliable_trip_rate,0.0,0.0,1.0,0.0,False
56,Corona,6,72,17,35.890277777777776,34.3,0.2361111111111111,2026-03,unreliable_trip_rate,0.0,0.0,1.0,0.0,False
93,Flushing Meadows-Corona Park,22,34,8,21.087254901960787,20.56666666666667,0.23529411764705882,2026-03,unreliable_trip_rate,0.0,0.0,1.0,0.0,False
106,Gowanus,14,34,8,29.840686274509807,27.46666666666667,0.23529411764705882,2026-03,unreliable_trip_rate,0.0,0.0,1.0,0.0,False
106,Gowanus,23,68,16,21.518137254901962,20.65833333333333,0.23529411764705882,2026-03,unreliable_trip_rate,0.0,0.0,1.0,0.0,False
127,Inwood,1,34,8,17.056862745098037,15.75,0.23529411764705882,2026-03,unreliable_trip_rate,0.0,0.0,1.0,0.0,False
198,Ridgewood,1,51,12,21.22287581699346,20.633333333333333,0.23529411764705882,2026-03,unreliable_trip_rate,0.0,0.0,1.0,0.0,False
209,Seaport,3,136,32,14.237132352941176,13.691666666666666,0.23529411764705882,2026-03,unreliable_trip_rate,0.0,0.0,1.0,0.0,False
220,Spuyten Duyvil/Kingsbridge,20,34,8,18.481372549019607,18.583333333333336,0.23529411764705882,2026-03,unreliable_trip_rate,0.0,0.0,1.0,0.0,False
112,Greenpoint,2,230,54,16.669999999999998,16.666666666666668,0.23478260869565218,2026-03,unreliable_trip_rate,0.0,0.0,1.0,0.0,False
34,Brooklyn Navy Yard,4,162,38,17.109156378600822,16.975,0.2345679012345679,2026-03,unreliable_trip_rate,0.0,0.0,1.0,0.0,False
70,East Elmhurst,23,486,114,21.394478737997257,20.691666666666666,0.2345679012345679,2026-03,unreliable_trip_rate,0.0,0.0,1.0,0.0,False
121,Hillcrest/Pomonok,17,47,11,39.480496453900706,44.43333333333333,0.23404255319148937,2026-03,unreliable_trip_rate,0.0,0.0,1.0,0.0,False
112,Greenpoint,23,509,119,19.23631303208906,19.2,0.2337917485265226,2026-03,unreliable_trip_rate,0.0,0.0,1.0,0.0,False
66,DUMBO/Vinegar Hill,22,291,68,19.937571592210766,19.916666666666668,0.23367697594501718,2026-03,unreliable_trip_rate,0.0,0.0,1.0,0.0,False
220,Spuyten Duyvil/Kingsbridge,19,30,7,19.038888888888888,18.15833333333333,0.23333333333333334,2026-03,unreliable_trip_rate,0.0,0.0,1.0,0.0,False
263,Yorkville West,5,833,194,12.322228891556621,11.3,0.23289315726290516,2026-03,unreliable_trip_rate,0.0,0.0,0.45738295318127253,0.5426170468187275,False
132,JFK Airport,8,3854,897,48.494503546099295,49.516666666666666,0.23274519979242345,2026-03,unreliable_trip_rate,0.0,0.0,0.4587441619097042,0.5412558380902958,False
141,Lenox Hill West,5,589,137,12.540407470288626,10.366666666666667,0.23259762308998302,2026-03,unreliable_trip_rate,0.0,0.0,0.769100169779287,0.23089983022071306,False
70,East Elmhurst,15,473,110,37.48812544045103,36.25,0.23255813953488372,2026-03,unreliable_trip_rate,0.0,0.0,0.8731501057082452,0.12684989429175475,False
70,East Elmhurst,8,198,46,43.68872053872054,44.55,0.23232323232323232,2026-03,unreliable_trip_rate,0.0,0.0,1.0,0.0,False
124,Howard Beach,6,56,13,63.43660714285714,63.375,0.23214285714285715,2026-03,unreliable_trip_rate,0.0,0.0,1.0,0.0,False
220,Spuyten Duyvil/Kingsbridge,14,56,13,30.066666666666666,26.266666666666666,0.23214285714285715,2026-03,unreliable_trip_rate,0.0,0.0,1.0,0.0,False
70,East Elmhurst,10,454,105,33.29944933920705,33.141666666666666,0.23127753303964757,2026-03,unreliable_trip_rate,0.0,0.0,0.920704845814978,0.07929515418502203,False
106,Gowanus,20,52,12,23.771153846153844,21.866666666666667,0.23076923076923078,2026-03,unreliable_trip_rate,0.0,0.0,1.0,0.0,False
133,Kensington,6,65,15,35.261538461538464,30.083333333333332,0.23076923076923078,2026-03,unreliable_trip_rate,0.0,0.0,1.0,0.0,False
149,Madison,6,39,9,59.67606837606838,59.65,0.23076923076923078,2026-03,unreliable_trip_rate,0.0,0.0,1.0,0.0,False
228,Sunset Park West,23,65,15,25.810512820512823,24.1,0.23076923076923078,2026-03,unreliable_trip_rate,0.0,0.0,1.0,0.0,False
70,East Elmhurst,12,334,77,30.855838323353293,30.441666666666666,0.23053892215568864,2026-03,unreliable_trip_rate,0.0,0.0,1.0,0.0,False
189,Prospect Heights,20,87,20,21.413218390804598,21.15,0.22988505747126436,2026-03,unreliable_trip_rate,0.0,0.0,1.0,0.0,False
262,Yorkville East,5,653,150,12.1472179683512,10.483333333333333,0.22970903522205208,2026-03,unreliable_trip_rate,0.0,0.0,0.4946401225114854,0.5053598774885145,False
70,East Elmhurst,1,209,48,18.239712918660288,18.2,0.22966507177033493,2026-03,unreliable_trip_rate,0.0,0.0,1.0,0.0,False
148,Lower East Side,8,884,203,16.83495475113122,15.916666666666666,0.22963800904977374,2026-03,unreliable_trip_rate,0.0,0.0,0.6357466063348416,0.36425339366515835,False
51,Co-Op City,9,109,25,55.60137614678899,55.95,0.22935779816513763,2026-03,unreliable_trip_rate,0.0,0.0,1.0,0.0,False
200,Riverdale/North Riverdale/Fieldston,7,48,11,41.13784722222223,39.94166666666666,0.22916666666666666,2026-03,unreliable_trip_rate,0.0,0.0,1.0,0.0,False
255,Williamsburg (North Side),17,240,55,26.618680555555557,26.28333333333333,0.22916666666666666,2026-03,unreliable_trip_rate,0.0,0.0,1.0,0.0,False
52,Cobble Hill,7,105,24,24.005873015873018,25.083333333333332,0.22857142857142856,2026-03,unreliable_trip_rate,0.0,0.0,1.0,0.0,False
80,East Williamsburg,2,329,75,18.32391084093212,18.516666666666666,0.22796352583586627,2026-03,unreliable_trip_rate,0.0,0.0,1.0,0.0,False
228,Sunset Park West,4,101,23,20.023762376237624,20.316666666666666,0.22772277227722773,2026-03,unreliable_trip_rate,0.0,0.0,1.0,0.0,False
161,Midtown Center,20,14225,3232,13.498169888693615,11.45,0.22720562390158172,2026-03,unreliable_trip_rate,0.0,0.0,0.038031634446397185,0.9619683655536028,False
13,Battery Park City,18,2420,549,16.883884297520662,15.808333333333334,0.2268595041322314,2026-03,unreliable_trip_rate,0.0,0.0,0.2243801652892562,0.7756198347107438,False
69,East Concourse/Concourse Village,20,53,12,19.57578616352201,18.533333333333335,0.22641509433962265,2026-03,unreliable_trip_rate,0.0,0.0,1.0,0.0,False
228,Sunset Park West,22,53,12,21.844025157232704,22.933333333333334,0.22641509433962265,2026-03,unreliable_trip_rate,0.0,0.0,1.0,0.0,False
25,Boerum Hill,3,137,31,19.546228710462287,19.383333333333333,0.22627737226277372,2026-03,unreliable_trip_rate,0.0,0.0,1.0,0.0,False
25,Boerum Hill,1,186,42,21.433512544802866,19.46666666666667,0.22580645161290322,2026-03,unreliable_trip_rate,0.0,0.0,1.0,0.0,False
117,Hammels/Arverne,5,62,14,66.51451612903226,69.35,0.22580645161290322,2026-03,unreliable_trip_rate,0.0,0.0,1.0,0.0,False
157,Maspeth,0,31,7,15.91451612903226,15.666666666666666,0.22580645161290322,2026-03,unreliable_trip_rate,0.0,0.0,1.0,0.0,False
255,Williamsburg (North Side),5,102,23,18.388562091503267,17.325,0.22549019607843138,2026-03,unreliable_trip_rate,0.0,0.0,1.0,0.0,False
40,Carroll Gardens,21,71,16,20.248826291079812,20.916666666666668,0.22535211267605634,2026-03,unreliable_trip_rate,0.0,0.0,1.0,0.0,False
196,Rego Park,23,40,9,17.799583333333334,19.0,0.225,2026-03,unreliable_trip_rate,0.0,0.0,1.0,0.0,False
228,Sunset Park West,2,40,9,19.068333333333335,20.125,0.225,2026-03,unreliable_trip_rate,0.0,0.0,1.0,0.0,False
202,Roosevelt Island,7,49,11,38.17448979591837,36.733333333333334,0.22448979591836735,2026-03,unreliable_trip_rate,0.0,0.0,1.0,0.0,False
244,Washington Heights South,2,49,11,14.810204081632653,13.85,0.22448979591836735,2026-03,unreliable_trip_rate,0.0,0.0,1.0,0.0,False
7,Astoria,20,361,81,21.27645429362881,21.166666666666668,0.22437673130193905,2026-03,unreliable_trip_rate,0.0,0.0,1.0,0.0,False
25,Boerum Hill,2,125,28,19.174533333333333,19.25,0.224,2026-03,unreliable_trip_rate,0.0,0.0,1.0,0.0,False
243,Washington Heights North,0,94,21,13.95,14.5,0.22340425531914893,2026-03,unreliable_trip_rate,0.0,0.0,1.0,0.0,False
188,Prospect-Lefferts Gardens,20,121,27,28.088292011019284,25.916666666666668,0.2231404958677686,2026-03,unreliable_trip_rate,0.0,0.0,1.0,0.0,False
36,Bushwick North,0,270,60,22.562037037037037,23.233333333333334,0.2222222222222222,2026-03,unreliable_trip_rate,0.0,0.0,1.0,0.0,False
138,LaGuardia Airport,4,99,22,20.88265993265993,19.266666666666666,0.2222222222222222,2026-03,unreliable_trip_rate,0.0,0.0,1.0,0.0,False
157,Maspeth,11,36,8,20.770833333333332,18.733333333333334,0.2222222222222222,2026-03,unreliable_trip_rate,0.0,0.0,1.0,0.0,False
182,Parkchester,13,45,10,45.07851851851852,48.31666666666667,0.2222222222222222,2026-03,unreliable_trip_rate,0.0,0.0,1.0,0.0,False
112,Greenpoint,4,212,47,15.915566037735848,15.583333333333334,0.22169811320754718,2026-03,unreliable_trip_rate,0.0,0.0,1.0,0.0,False
33,Brooklyn Heights,6,95,21,22.596491228070175,20.966666666666665,0.22105263157894736,2026-03,unreliable_trip_rate,0.0,0.0,1.0,0.0,False
70,East Elmhurst,22,472,104,22.028601694915253,21.775,0.22033898305084745,2026-03,unreliable_trip_rate,0.0,0.0,1.0,0.0,False
70,East Elmhurst,21,496,109,22.60994623655914,22.016666666666666,0.21975806451612903,2026-03,unreliable_trip_rate,0.0,0.0,1.0,0.0,False
56,Corona,12,41,9,41.59065040650407,39.93333333333333,0.21951219512195122,2026-03,unreliable_trip_rate,0.0,0.0,1.0,0.0,False
161,Midtown Center,21,13572,2977,13.273047450633657,11.466666666666667,0.2193486590038314,2026-03,unreliable_trip_rate,0.0,0.0,0.041629826112584735,0.9583701738874153,False
33,Brooklyn Heights,1,73,16,18.471689497716895,17.016666666666666,0.2191780821917808,2026-03,unreliable_trip_rate,0.0,0.0,1.0,0.0,False
112,Greenpoint,0,500,109,18.548299999999998,18.625,0.218,2026-03,unreliable_trip_rate,0.0,0.0,1.0,0.0,False
87,Financial District North,5,257,56,16.37418936446174,14.333333333333334,0.2178988326848249,2026-03,unreliable_trip_rate,0.0,0.0,0.8599221789883269,0.14007782101167315,False
70,East Elmhurst,0,317,69,19.83638275499474,19.466666666666665,0.21766561514195584,2026-03,unreliable_trip_rate,0.0,0.0,1.0,0.0,False
218,Springfield Gardens North,12,46,10,52.05760869565218,53.025,0.21739130434782608,2026-03,unreliable_trip_rate,0.0,0.0,1.0,0.0,False
170,Murray Hill,5,626,136,11.211927582534612,8.525,0.21725239616613418,2026-03,unreliable_trip_rate,0.0,0.0,0.7172523961661342,0.2827476038338658,False
92,Flushing,11,37,8,47.33063063063063,46.61666666666667,0.21621621621621623,2026-03,unreliable_trip_rate,0.0,0.0,1.0,0.0,False
227,Sunset Park East,5,37,8,29.281081081081076,31.033333333333335,0.21621621621621623,2026-03,unreliable_trip_rate,0.0,0.0,1.0,0.0,False
228,Sunset Park West,3,51,11,21.46732026143791,22.0,0.21568627450980393,2026-03,unreliable_trip_rate,0.0,0.0,1.0,0.0,False
132,JFK Airport,7,4185,897,51.234149741138985,54.88333333333333,0.21433691756272402,2026-03,unreliable_trip_rate,0.0,0.0,0.36081242532855434,0.6391875746714456,False
203,Rosedale,8,70,15,66.03547619047619,73.54166666666666,0.21428571428571427,2026-03,unreliable_trip_rate,0.0,0.0,1.0,0.0,False
139,Laurelton,6,61,13,76.92568306010928,80.7,0.21311475409836064,2026-03,unreliable_trip_rate,0.0,0.0,1.0,0.0,False
70,East Elmhurst,14,555,118,35.66363363363363,34.233333333333334,0.2126126126126126,2026-03,unreliable_trip_rate,0.0,0.0,0.8756756756756757,0.12432432432432433,False
25,Boerum Hill,5,80,17,23.266875,21.483333333333334,0.2125,2026-03,unreliable_trip_rate,0.0,0.0,1.0,0.0,False
255,Williamsburg (North Side),6,80,17,22.772291666666668,21.558333333333334,0.2125,2026-03,unreliable_trip_rate,0.0,0.0,1.0,0.0,False
70,East Elmhurst,11,513,109,31.816991552956466,31.65,0.2124756335282651,2026-03,unreliable_trip_rate,0.0,0.0,0.9103313840155945,0.08966861598440545,False
70,East Elmhurst,20,558,118,23.485872162485066,22.541666666666668,0.2114695340501792,2026-03,unreliable_trip_rate,0.0,0.0,1.0,0.0,False
14,Bay Ridge,19,71,15,28.106103286384975,28.833333333333332,0.2112676056338028,2026-03,unreliable_trip_rate,0.0,0.0,1.0,0.0,False
47,Claremont/Bathgate,5,38,8,47.200438596491225,53.24166666666667,0.21052631578947367,2026-03,unreliable_trip_rate,0.0,0.0,1.0,0.0,False
69,East Concourse/Concourse Village,23,38,8,17.293859649122805,16.483333333333334,0.21052631578947367,2026-03,unreliable_trip_rate,0.0,0.0,1.0,0.0,False
70,East Elmhurst,13,433,91,31.634680523479602,31.433333333333334,0.21016166281755197,2026-03,unreliable_trip_rate,0.0,0.0,1.0,0.0,False
139,Laurelton,5,43,9,60.510852713178295,65.3,0.20930232558139536,2026-03,unreliable_trip_rate,0.0,0.0,1.0,0.0,False
13,Battery Park City,6,311,65,17.889549839228295,16.916666666666668,0.2090032154340836,2026-03,unreliable_trip_rate,0.0,0.0,0.9035369774919614,0.09646302250803858,False
138,LaGuardia Airport,16,5942,1231,37.30648210479075,35.708333333333336,0.20716930326489397,2026-03,unreliable_trip_rate,0.0,0.0,0.21053517334230898,0.789464826657691,False
70,East Elmhurst,16,475,98,36.371649122807014,35.983333333333334,0.2063157894736842,2026-03,unreliable_trip_rate,0.0,0.0,0.9284210526315789,0.07157894736842105,False
146,Long Island City/Queens Plaza,6,170,35,17.79137254901961,17.55,0.20588235294117646,2026-03,unreliable_trip_rate,0.0,0.0,1.0,0.0,False
157,Maspeth,13,34,7,33.35539215686274,29.741666666666667,0.20588235294117646,2026-03,unreliable_trip_rate,0.0,0.0,1.0,0.0,False
167,Morrisania/Melrose,20,34,7,26.8421568627451,28.858333333333334,0.20588235294117646,2026-03,unreliable_trip_rate,0.0,0.0,1.0,0.0,False
138,LaGuardia Airport,17,5849,1203,33.30939191884653,31.616666666666667,0.2056761839630706,2026-03,unreliable_trip_rate,0.0,0.0,0.19866643870747136,0.8013335612925286,False
33,Brooklyn Heights,5,39,8,21.950854700854702,18.15,0.20512820512820512,2026-03,unreliable_trip_rate,0.0,0.0,1.0,0.0,False
65,Downtown Brooklyn/MetroTech,2,39,8,16.245299145299143,16.15,0.20512820512820512,2026-03,unreliable_trip_rate,0.0,0.0,1.0,0.0,False
93,Flushing Meadows-Corona Park,20,39,8,20.597435897435897,20.483333333333334,0.20512820512820512,2026-03,unreliable_trip_rate,0.0,0.0,1.0,0.0,False
215,South Jamaica,21,39,8,39.70940170940171,42.45,0.20512820512820512,2026-03,unreliable_trip_rate,0.0,0.0,1.0,0.0,False
225,Stuyvesant Heights,22,127,26,26.6511811023622,26.616666666666667,0.2047244094488189,2026-03,unreliable_trip_rate,0.0,0.0,1.0,0.0,False
69,East Concourse/Concourse Village,22,35,7,21.626190476190477,17.65,0.2,2026-03,unreliable_trip_rate,0.0,0.0,1.0,0.0,False
215,South Jamaica,20,30,6,31.885,31.40833333333333,0.2,2026-03,unreliable_trip_rate,0.0,0.0,1.0,0.0,False
257,Windsor Terrace,10,35,7,35.494285714285716,35.516666666666666,0.2,2026-03,unreliable_trip_rate,0.0,0.0,1.0,0.0,False
255,Williamsburg (North Side),7,111,22,23.974024024024025,23.55,0.1981981981981982,2026-03,unreliable_trip_rate,0.0,0.0,1.0,0.0,False
132,JFK Airport,0,6761,1336,27.791458364147314,28.983333333333334,0.19760390474781836,2026-03,unreliable_trip_rate,0.0,0.0,0.22023369324064487,0.7797663067593551,False
238,Upper West Side North,5,728,143,15.68489010989011,12.1,0.19642857142857142,2026-03,unreliable_trip_rate,0.0,0.0,0.5714285714285714,0.42857142857142855,False
132,JFK Airport,11,3471,680,42.27868529722463,44.53333333333333,0.19590895995390378,2026-03,unreliable_trip_rate,0.0,0.0,0.5151253241140882,0.4848746758859118,False
193,Queensbridge/Ravenswood,21,46,9,20.856521739130436,21.816666666666666,0.1956521739130435,2026-03,unreliable_trip_rate,0.0,0.0,1.0,0.0,False
229,Sutton Place/Turtle Bay North,5,359,70,13.427344475394616,10.883333333333333,0.19498607242339833,2026-03,unreliable_trip_rate,0.0,0.0,0.83008356545961,0.16991643454038996,False
40,Carroll Gardens,6,52,10,18.50576923076923,20.825,0.19230769230769232,2026-03,unreliable_trip_rate,0.0,0.0,1.0,0.0,False
163,Midtown North,5,359,69,17.13347260909935,10.933333333333334,0.19220055710306408,2026-03,unreliable_trip_rate,0.0,0.0,0.713091922005571,0.28690807799442897,False
230,Times Sq/Theatre District,6,897,172,17.188888888888886,12.833333333333334,0.19175027870680045,2026-03,unreliable_trip_rate,0.0,0.0,0.391304347826087,0.6086956521739131,False
40,Carroll Gardens,0,47,9,18.829078014184397,20.016666666666666,0.19148936170212766,2026-03,unreliable_trip_rate,0.0,0.0,1.0,0.0,False
138,LaGuardia Airport,0,4044,773,20.977571711177053,20.058333333333334,0.19114737883283878,2026-03,unreliable_trip_rate,0.0,0.0,0.3147873392680514,0.6852126607319485,False
127,Inwood,5,42,8,19.90277777777778,19.116666666666667,0.19047619047619047,2026-03,unreliable_trip_rate,0.0,0.0,1.0,0.0,False
197,Richmond Hill,0,42,8,15.811507936507937,15.608333333333333,0.19047619047619047,2026-03,unreliable_trip_rate,0.0,0.0,1.0,0.0,False
202,Roosevelt Island,9,42,8,36.522619047619045,36.625,0.19047619047619047,2026-03,unreliable_trip_rate,0.0,0.0,1.0,0.0,False
14,Bay Ridge,3,37,7,41.51171171171171,45.05,0.1891891891891892,2026-03,unreliable_trip_rate,0.0,0.0,1.0,0.0,False
92,Flushing,9,37,7,52.667117117117115,55.38333333333333,0.1891891891891892,2026-03,unreliable_trip_rate,0.0,0.0,1.0,0.0,False
138,LaGuardia Airport,15,7279,1363,38.09790722168796,36.483333333333334,0.18725099601593626,2026-03,unreliable_trip_rate,0.0,0.0,0.15661491963181756,0.8433850803681825,False
255,Williamsburg (North Side),11,59,11,24.246610169491525,23.683333333333334,0.1864406779661017,2026-03,unreliable_trip_rate,0.0,0.0,1.0,0.0,False
138,LaGuardia Airport,18,6008,1098,29.0603362183755,27.866666666666667,0.18275632490013316,2026-03,unreliable_trip_rate,0.0,0.0,0.2040612516644474,0.7959387483355526,False
138,LaGuardia Airport,3,313,57,18.728061767838124,18.433333333333334,0.18210862619808307,2026-03,unreliable_trip_rate,0.0,0.0,1.0,0.0,False
88,Financial District South,5,55,10,16.80939393939394,15.916666666666666,0.18181818181818182,2026-03,unreliable_trip_rate,0.0,0.0,1.0,0.0,False
160,Middle Village,21,33,6,19.040909090909093,20.083333333333332,0.18181818181818182,2026-03,unreliable_trip_rate,0.0,0.0,1.0,0.0,False
70,East Elmhurst,2,61,11,18.484426229508195,18.316666666666666,0.18032786885245902,2026-03,unreliable_trip_rate,0.0,0.0,1.0,0.0,False
233,UN/Turtle Bay South,5,351,63,13.376495726495726,10.316666666666666,0.1794871794871795,2026-03,unreliable_trip_rate,0.0,0.0,0.7977207977207977,0.2022792022792023,False
138,LaGuardia Airport,7,971,173,38.46941297631308,38.766666666666666,0.17816683831101957,2026-03,unreliable_trip_rate,0.0,0.0,0.6910401647785788,0.30895983522142123,False
138,LaGuardia Airport,13,4516,803,31.942987894892234,31.333333333333332,0.17781222320637732,2026-03,unreliable_trip_rate,0.0,0.0,0.24402125775022143,0.7559787422497786,False
161,Midtown Center,5,446,79,16.00280269058296,10.7,0.17713004484304934,2026-03,unreliable_trip_rate,0.0,0.0,0.6121076233183856,0.38789237668161436,False
25,Boerum Hill,4,113,20,19.29424778761062,19.583333333333332,0.17699115044247787,2026-03,unreliable_trip_rate,0.0,0.0,1.0,0.0,False
138,LaGuardia Airport,1,1852,324,19.710997120230385,18.941666666666666,0.17494600431965443,2026-03,unreliable_trip_rate,0.0,0.0,0.6555075593952484,0.3444924406047516,False
177,Ocean Hill,21,69,12,32.07512077294686,33.95,0.17391304347826086,2026-03,unreliable_trip_rate,0.0,0.0,1.0,0.0,False
10,Baisley Park,18,75,13,36.05111111111111,38.85,0.17333333333333334,2026-03,unreliable_trip_rate,0.0,0.0,1.0,0.0,False
138,LaGuardia Airport,2,804,139,18.987396351575455,18.65,0.17288557213930347,2026-03,unreliable_trip_rate,0.0,0.0,0.9552238805970149,0.04477611940298507,False
161,Midtown Center,4,360,62,17.106296296296296,15.766666666666666,0.17222222222222222,2026-03,unreliable_trip_rate,0.0,0.0,0.7416666666666667,0.25833333333333336,False
10,Baisley Park,15,93,16,50.57616487455197,50.61666666666667,0.17204301075268819,2026-03,unreliable_trip_rate,0.0,0.0,1.0,0.0,False
263,Yorkville West,4,552,93,12.47463768115942,11.608333333333334,0.16847826086956522,2026-03,unreliable_trip_rate,0.0,0.0,0.6884057971014492,0.3115942028985507,False
259,Woodlawn/Wakefield,4,30,5,41.964444444444446,43.55,0.16666666666666666,2026-03,unreliable_trip_rate,0.0,0.0,1.0,0.0,False
239,Upper West Side South,5,661,110,16.10461422087746,12.166666666666666,0.1664145234493192,2026-03,unreliable_trip_rate,0.0,0.0,0.6475037821482602,0.3524962178517398,False
138,LaGuardia Airport,14,6611,1092,37.280955982453484,36.45,0.16517924671002873,2026-03,unreliable_trip_rate,0.0,0.0,0.1672969293601573,0.8327030706398427,False
138,LaGuardia Airport,10,4653,761,34.520656923848414,34.233333333333334,0.16355039759295079,2026-03,unreliable_trip_rate,0.0,0.0,0.256608639587363,0.743391360412637,False
86,Far Rockaway,5,92,15,80.82952898550725,84.56666666666666,0.16304347826086957,2026-03,unreliable_trip_rate,0.0,0.0,1.0,0.0,False
138,LaGuardia Airport,19,6689,1089,26.060611949967605,24.9,0.16280460457467483,2026-03,unreliable_trip_rate,0.0,0.0,0.17640902975033637,0.8235909702496637,False
179,Old Astoria,20,106,17,21.653930817610064,23.108333333333334,0.16037735849056603,2026-03,unreliable_trip_rate,0.0,0.0,1.0,0.0,False
132,JFK Airport,23,9319,1494,29.8474371356011,31.35,0.16031763064706514,2026-03,unreliable_trip_rate,0.0,0.0,0.14915763493937118,0.8508423650606288,False
257,Windsor Terrace,19,38,6,20.232017543859648,20.90833333333333,0.15789473684210525,2026-03,unreliable_trip_rate,0.0,0.0,1.0,0.0,False
138,LaGuardia Airport,21,6048,952,23.538478284832454,22.816666666666666,0.1574074074074074,2026-03,unreliable_trip_rate,0.0,0.0,0.18121693121693122,0.8187830687830688,False
93,Flushing Meadows-Corona Park,23,32,5,19.520833333333332,20.325000000000003,0.15625,2026-03,unreliable_trip_rate,0.0,0.0,1.0,0.0,False
10,Baisley Park,16,148,23,49.10686936936937,50.425,0.1554054054054054,2026-03,unreliable_trip_rate,0.0,0.0,1.0,0.0,False
138,LaGuardia Airport,23,5517,849,21.653202223430608,20.9,0.15388798259923872,2026-03,unreliable_trip_rate,0.0,0.0,0.21116548849012146,0.7888345115098786,False
132,JFK Airport,12,4346,667,43.8658574934806,46.38333333333333,0.1534744592728946,2026-03,unreliable_trip_rate,0.0,0.0,0.4005982512655315,0.5994017487344685,False
138,LaGuardia Airport,12,4943,757,32.022853867421944,31.4,0.15314586283633422,2026-03,unreliable_trip_rate,0.0,0.0,0.21646773214646975,0.7835322678535303,False
138,LaGuardia Airport,22,5001,765,22.519479437445845,21.75,0.15296940611877624,2026-03,unreliable_trip_rate,0.0,0.0,0.22495500899820037,0.7750449910017997,False
132,JFK Airport,15,10155,1549,56.93698998851141,57.833333333333336,0.15253569670113246,2026-03,unreliable_trip_rate,0.0,0.0,0.1532250123092073,0.8467749876907927,False
236,Upper East Side North,5,564,86,14.40874704491726,11.808333333333334,0.1524822695035461,2026-03,unreliable_trip_rate,0.0,0.0,0.7163120567375887,0.28368794326241137,False
138,LaGuardia Airport,9,3591,545,38.25376403972895,39.86666666666667,0.1517683096630465,2026-03,unreliable_trip_rate,0.0,0.0,0.2960178223336118,0.7039821776663882,False
138,LaGuardia Airport,20,5479,820,24.172300298107928,23.283333333333335,0.14966234714363935,2026-03,unreliable_trip_rate,0.0,0.0,0.2171929184157693,0.7828070815842307,False
138,LaGuardia Airport,11,4078,608,33.11235899950957,32.725,0.14909269249632173,2026-03,unreliable_trip_rate,0.0,0.0,0.3028445316331535,0.6971554683668465,False
132,JFK Airport,14,8529,1267,55.863858600070344,57.38333333333333,0.14855199906202368,2026-03,unreliable_trip_rate,0.0,0.0,0.2014304138820495,0.7985695861179505,False
205,Saint Albans,19,54,8,48.5182098765432,52.90833333333333,0.14814814814814814,2026-03,unreliable_trip_rate,0.0,0.0,1.0,0.0,False
132,JFK Airport,13,5954,875,50.04626301645953,52.475,0.14696002687269064,2026-03,unreliable_trip_rate,0.0,0.0,0.2608330534094726,0.7391669465905274,False
132,JFK Airport,22,11448,1639,31.100656592126718,32.93333333333333,0.14316911250873515,2026-03,unreliable_trip_rate,0.0,0.0,0.09774633123689727,0.9022536687631028,False
230,Times Sq/Theatre District,5,651,91,19.273655913978494,19.15,0.13978494623655913,2026-03,unreliable_trip_rate,0.0,0.0,0.4930875576036866,0.5069124423963134,False
138,LaGuardia Airport,8,1814,244,42.68704520396913,44.516666666666666,0.1345093715545755,2026-03,unreliable_trip_rate,0.0,0.0,0.5082690187431091,0.49173098125689085,False
230,Times Sq/Theatre District,4,787,105,16.959529860228717,15.766666666666667,0.13341804320203304,2026-03,unreliable_trip_rate,0.0,0.0,0.6543837357052097,0.34561626429479037,False
132,JFK Airport,21,11389,1513,31.97010126730471,34.2,0.1328474844147862,2026-03,unreliable_trip_rate,0.0,0.0,0.10035999648783914,0.8996400035121609,False
218,Springfield Gardens North,19,31,4,39.46666666666667,42.15,0.12903225806451613,2026-03,unreliable_trip_rate,0.0,0.0,1.0,0.0,False
239,Upper West Side South,4,290,37,17.89448275862069,14.658333333333333,0.12758620689655173,2026-03,unreliable_trip_rate,0.0,0.0,0.696551724137931,0.30344827586206896,False
132,JFK Airport,20,11012,1343,33.468083303063324,35.81666666666667,0.12195786414820196,2026-03,unreliable_trip_rate,0.0,0.0,0.11832546313112968,0.8816745368688703,False
86,Far Rockaway,4,50,6,65.98166666666667,73.225,0.12,2026-03,unreliable_trip_rate,0.0,0.0,1.0,0.0,False
132,JFK Airport,16,10356,1186,54.75054557744303,56.05,0.11452298184627269,2026-03,unreliable_trip_rate,0.0,0.0,0.13093858632676708,0.8690614136732329,False
132,JFK Airport,19,9093,984,37.29559734594376,39.38333333333333,0.10821511052457934,2026-03,unreliable_trip_rate,0.0,0.0,0.1583635763774332,0.8416364236225669,False
236,Upper East Side North,4,210,22,15.250238095238096,12.833333333333332,0.10476190476190476,2026-03,unreliable_trip_rate,0.0,0.0,0.7,0.3,False
219,Springfield Gardens South,23,39,4,26.385042735042735,29.55,0.10256410256410256,2026-03,unreliable_trip_rate,0.0,0.0,1.0,0.0,False
132,JFK Airport,17,9420,855,49.07841295116773,50.75,0.09076433121019108,2026-03,unreliable_trip_rate,0.0,0.0,0.16560509554140126,0.8343949044585988,False
132,JFK Airport,18,8416,760,42.97455442015209,45.13333333333333,0.0903041825095057,2026-03,unreliable_trip_rate,0.0,0.0,0.20009505703422054,0.7999049429657795,False
1,Newark Airport,13,1,1,39.31666666666667,14.433333333333334,1.0,2026-03,unreliable_trip_rate,1.0,0.0,0.0,0.0,True
1,Newark Airport,19,1,1,31.683333333333334,12.733333333333333,1.0,2026-03,unreliable_trip_rate,1.0,0.0,0.0,0.0,True
1,Newark Airport,20,1,1,22.183333333333334,12.733333333333333,1.0,2026-03,unreliable_trip_rate,1.0,0.0,0.0,0.0,True
1,Newark Airport,22,1,1,31.916666666666668,13.366666666666667,1.0,2026-03,unreliable_trip_rate,1.0,0.0,0.0,0.0,True
2,Jamaica Bay,7,1,1,65.13333333333334,33.9,1.0,2026-03,unreliable_trip_rate,0.0,1.0,0.0,0.0,True
2,Jamaica Bay,18,1,1,49.266666666666666,33.275,1.0,2026-03,unreliable_trip_rate,0.0,1.0,0.0,0.0,True
2,Jamaica Bay,19,2,2,59.06666666666666,28.791666666666668,1.0,2026-03,unreliable_trip_rate,0.0,1.0,0.0,0.0,True
5,Arden Heights,18,1,1,43.78333333333333,13.166666666666666,1.0,2026-03,unreliable_trip_rate,1.0,0.0,0.0,0.0,True
6,Arrochar/Fort Wadsworth,5,1,1,30.05,13.716666666666667,1.0,2026-03,unreliable_trip_rate,1.0,0.0,0.0,0.0,True
6,Arrochar/Fort Wadsworth,13,2,2,30.391666666666666,14.433333333333334,1.0,2026-03,unreliable_trip_rate,1.0,0.0,0.0,0.0,True
8,Astoria Park,6,1,1,42.38333333333333,29.333333333333332,1.0,2026-03,unreliable_trip_rate,0.0,1.0,0.0,0.0,True
8,Astoria Park,7,1,1,46.4,33.9,1.0,2026-03,unreliable_trip_rate,0.0,1.0,0.0,0.0,True
23,Bloomfield/Emerson Hill,0,1,1,38.666666666666664,13.0,1.0,2026-03,unreliable_trip_rate,1.0,0.0,0.0,0.0,True
23,Bloomfield/Emerson Hill,2,1,1,22.5,11.916666666666666,1.0,2026-03,unreliable_trip_rate,1.0,0.0,0.0,0.0,True
23,Bloomfield/Emerson Hill,3,2,2,25.183333333333334,11.75,1.0,2026-03,unreliable_trip_rate,1.0,0.0,0.0,0.0,True
23,Bloomfield/Emerson Hill,8,1,1,29.366666666666667,18.7,1.0,2026-03,unreliable_trip_rate,0.0,1.0,0.0,0.0,True
23,Bloomfield/Emerson Hill,9,1,1,52.35,13.683333333333334,1.0,2026-03,unreliable_trip_rate,1.0,0.0,0.0,0.0,True
23,Bloomfield/Emerson Hill,12,2,2,27.791666666666664,14.466666666666667,1.0,2026-03,unreliable_trip_rate,1.0,0.0,0.0,0.0,True
23,Bloomfield/Emerson Hill,17,1,1,56.53333333333333,13.966666666666667,1.0,2026-03,unreliable_trip_rate,1.0,0.0,0.0,0.0,True
23,Bloomfield/Emerson Hill,19,1,1,44.56666666666667,12.733333333333333,1.0,2026-03,unreliable_trip_rate,1.0,0.0,0.0,0.0,True
23,Bloomfield/Emerson Hill,20,3,3,28.900000000000002,12.733333333333333,1.0,2026-03,unreliable_trip_rate,1.0,0.0,0.0,0.0,True
23,Bloomfield/Emerson Hill,21,1,1,18.1,12.916666666666666,1.0,2026-03,unreliable_trip_rate,1.0,0.0,0.0,0.0,True
23,Bloomfield/Emerson Hill,22,1,1,58.86666666666667,13.366666666666667,1.0,2026-03,unreliable_trip_rate,1.0,0.0,0.0,0.0,True
26,Borough Park,3,2,2,22.575,17.083333333333332,1.0,2026-03,unreliable_trip_rate,0.0,1.0,0.0,0.0,True
27,Breezy Point/Fort Tilden/Riis Beach,5,2,2,40.83333333333333,21.016666666666666,1.0,2026-03,unreliable_trip_rate,0.0,1.0,0.0,0.0,True
27,Breezy Point/Fort Tilden/Riis Beach,6,1,1,65.01666666666667,29.333333333333332,1.0,2026-03,unreliable_trip_rate,0.0,1.0,0.0,0.0,True
27,Breezy Point/Fort Tilden/Riis Beach,10,2,2,79.64166666666667,33.833333333333336,1.0,2026-03,unreliable_trip_rate,0.0,1.0,0.0,0.0,True
27,Breezy Point/Fort Tilden/Riis Beach,15,1,1,58.63333333333333,46.11666666666667,1.0,2026-03,unreliable_trip_rate,0.0,1.0,0.0,0.0,True
30,Broad Channel,6,1,1,54.2,29.333333333333332,1.0,2026-03,unreliable_trip_rate,0.0,1.0,0.0,0.0,True
31,Bronx Park,4,2,2,49.45,19.875,1.0,2026-03,unreliable_trip_rate,0.0,1.0,0.0,0.0,True
31,Bronx Park,12,3,3,88.61111111111113,36.6,1.0,2026-03,unreliable_trip_rate,0.0,1.0,0.0,0.0,True
44,Charleston/Tottenville,11,1,1,29.3,14.416666666666666,1.0,2026-03,unreliable_trip_rate,1.0,0.0,0.0,0.0,True
46,City Island,2,1,1,20.016666666666666,15.775,1.0,2026-03,unreliable_trip_rate,0.0,1.0,0.0,0.0,True
46,City Island,8,4,4,72.94583333333333,32.88333333333333,1.0,2026-03,unreliable_trip_rate,0.0,1.0,0.0,0.0,True
46,City Island,14,1,1,49.11666666666667,31.883333333333333,1.0,2026-03,unreliable_trip_rate,0.0,1.0,0.0,0.0,True
46,City Island,18,2,2,58.525,25.1,1.0,2026-03,unreliable_trip_rate,0.0,1.0,0.0,0.0,True
46,City Island,19,2,2,34.108333333333334,19.533333333333335,1.0,2026-03,unreliable_trip_rate,0.0,1.0,0.0,0.0,True
58,Country Club,3,4,4,60.12916666666666,15.950000000000001,1.0,2026-03,unreliable_trip_rate,0.0,1.0,0.0,0.0,True
58,Country Club,12,1,1,76.95,36.6,1.0,2026-03,unreliable_trip_rate,0.0,1.0,0.0,0.0,True
58,Country Club,15,2,2,49.86666666666667,36.13333333333333,1.0,2026-03,unreliable_trip_rate,0.0,1.0,0.0,0.0,True
58,Country Club,20,3,3,27.555555555555554,18.75,1.0,2026-03,unreliable_trip_rate,0.0,1.0,0.0,0.0,True
58,Country Club,21,4,4,39.2375,19.0,1.0,2026-03,unreliable_trip_rate,0.0,1.0,0.0,0.0,True
58,Country Club,22,2,2,37.675,18.116666666666667,1.0,2026-03,unreliable_trip_rate,0.0,1.0,0.0,0.0,True
59,Crotona Park,4,1,1,85.78333333333333,19.875,1.0,2026-03,unreliable_trip_rate,0.0,1.0,0.0,0.0,True
59,Crotona Park,11,1,1,136.46666666666667,38.75833333333333,1.0,2026-03,unreliable_trip_rate,0.0,1.0,0.0,0.0,True
84,Eltingville/Annadale/Prince's Bay,5,1,1,18.933333333333334,13.716666666666667,1.0,2026-03,unreliable_trip_rate,1.0,0.0,0.0,0.0,True
84,Eltingville/Annadale/Prince's Bay,23,1,1,58.46666666666667,13.3,1.0,2026-03,unreliable_trip_rate,1.0,0.0,0.0,0.0,True
108,Gravesend,2,1,1,22.45,17.55,1.0,2026-03,unreliable_trip_rate,0.0,1.0,0.0,0.0,True
108,Gravesend,4,1,1,39.53333333333333,18.0,1.0,2026-03,unreliable_trip_rate,0.0,1.0,0.0,0.0,True
109,Great Kills,5,2,2,39.05,13.716666666666667,1.0,2026-03,unreliable_trip_rate,1.0,0.0,0.0,0.0,True
109,Great Kills,6,1,1,53.43333333333333,13.283333333333333,1.0,2026-03,unreliable_trip_rate,1.0,0.0,0.0,0.0,True
109,Great Kills,19,1,1,36.516666666666666,12.733333333333333,1.0,2026-03,unreliable_trip_rate,1.0,0.0,0.0,0.0,True
109,Great Kills,20,1,1,36.016666666666666,12.733333333333333,1.0,2026-03,unreliable_trip_rate,1.0,0.0,0.0,0.0,True
111,Green-Wood Cemetery,15,1,1,114.43333333333334,29.55,1.0,2026-03,unreliable_trip_rate,0.0,1.0,0.0,0.0,True
111,Green-Wood Cemetery,19,1,1,29.1,21.483333333333334,1.0,2026-03,unreliable_trip_rate,0.0,1.0,0.0,0.0,True
115,Grymes Hill/Clifton,4,1,1,34.416666666666664,12.9,1.0,2026-03,unreliable_trip_rate,1.0,0.0,0.0,0.0,True
115,Grymes Hill/Clifton,5,2,2,34.375,13.716666666666667,1.0,2026-03,unreliable_trip_rate,1.0,0.0,0.0,0.0,True
115,Grymes Hill/Clifton,6,3,3,25.505555555555556,13.283333333333333,1.0,2026-03,unreliable_trip_rate,1.0,0.0,0.0,0.0,True
115,Grymes Hill/Clifton,13,1,1,58.38333333333333,14.433333333333334,1.0,2026-03,unreliable_trip_rate,1.0,0.0,0.0,0.0,True
115,Grymes Hill/Clifton,14,2,2,34.06666666666666,14.716666666666667,1.0,2026-03,unreliable_trip_rate,1.0,0.0,0.0,0.0,True
115,Grymes Hill/Clifton,18,1,1,84.73333333333333,13.166666666666666,1.0,2026-03,unreliable_trip_rate,1.0,0.0,0.0,0.0,True
115,Grymes Hill/Clifton,22,1,1,34.4,13.366666666666667,1.0,2026-03,unreliable_trip_rate,1.0,0.0,0.0,0.0,True
118,Heartland Village/Todt Hill,6,3,3,28.905555555555555,13.283333333333333,1.0,2026-03,unreliable_trip_rate,1.0,0.0,0.0,0.0,True
118,Heartland Village/Todt Hill,14,1,1,33.55,14.716666666666667,1.0,2026-03,unreliable_trip_rate,1.0,0.0,0.0,0.0,True
118,Heartland Village/Todt Hill,15,1,1,27.2,14.75,1.0,2026-03,unreliable_trip_rate,1.0,0.0,0.0,0.0,True
118,Heartland Village/Todt Hill,17,1,1,17.566666666666666,13.966666666666667,1.0,2026-03,unreliable_trip_rate,1.0,0.0,0.0,0.0,True
118,Heartland Village/Todt Hill,18,1,1,31.9,13.166666666666666,1.0,2026-03,unreliable_trip_rate,1.0,0.0,0.0,0.0,True
118,Heartland Village/Todt Hill,19,2,2,25.383333333333333,12.733333333333333,1.0,2026-03,unreliable_trip_rate,1.0,0.0,0.0,0.0,True
118,Heartland Village/Todt Hill,20,2,2,28.116666666666667,12.733333333333333,1.0,2026-03,unreliable_trip_rate,1.0,0.0,0.0,0.0,True
118,Heartland Village/Todt Hill,22,2,2,23.03333333333333,13.366666666666667,1.0,2026-03,unreliable_trip_rate,1.0,0.0,0.0,0.0,True
120,Highbridge Park,4,1,1,15.066666666666666,11.433333333333334,1.0,2026-03,unreliable_trip_rate,0.0,1.0,0.0,0.0,True
120,Highbridge Park,5,1,1,57.71666666666667,10.783333333333333,1.0,2026-03,unreliable_trip_rate,0.0,1.0,0.0,0.0,True
120,Highbridge Park,12,2,2,33.041666666666664,13.216666666666667,1.0,2026-03,unreliable_trip_rate,0.0,1.0,0.0,0.0,True
120,Highbridge Park,18,5,5,38.21,12.25,1.0,2026-03,unreliable_trip_rate,0.0,1.0,0.0,0.0,True
120,Highbridge Park,19,2,2,39.641666666666666,11.75,1.0,2026-03,unreliable_trip_rate,0.0,1.0,0.0,0.0,True
120,Highbridge Park,22,1,1,28.033333333333335,12.333333333333334,1.0,2026-03,unreliable_trip_rate,0.0,1.0,0.0,0.0,True
122,Hollis,0,2,2,32.44166666666667,21.883333333333333,1.0,2026-03,unreliable_trip_rate,0.0,1.0,0.0,0.0,True
123,Homecrest,2,1,1,26.883333333333333,17.55,1.0,2026-03,unreliable_trip_rate,0.0,1.0,0.0,0.0,True
128,Inwood Hill Park,5,2,2,55.483333333333334,10.783333333333333,1.0,2026-03,unreliable_trip_rate,0.0,1.0,0.0,0.0,True
128,Inwood Hill Park,9,6,6,39.547222222222224,12.35,1.0,2026-03,unreliable_trip_rate,0.0,1.0,0.0,0.0,True
128,Inwood Hill Park,10,8,8,30.979166666666668,12.583333333333334,1.0,2026-03,unreliable_trip_rate,0.0,1.0,0.0,0.0,True
128,Inwood Hill Park,11,3,3,25.01111111111111,13.216666666666667,1.0,2026-03,unreliable_trip_rate,0.0,1.0,0.0,0.0,True
131,Jamaica Estates,21,6,6,48.013888888888886,26.016666666666666,1.0,2026-03,unreliable_trip_rate,0.0,1.0,0.0,0.0,True
150,Manhattan Beach,3,1,1,95.61666666666666,17.083333333333332,1.0,2026-03,unreliable_trip_rate,0.0,1.0,0.0,0.0,True
153,Marble Hill,5,7,7,57.48809523809524,10.783333333333333,1.0,2026-03,unreliable_trip_rate,0.0,1.0,0.0,0.0,True
154,Marine Park/Floyd Bennett Field,0,1,1,26.633333333333333,19.208333333333332,1.0,2026-03,unreliable_trip_rate,0.0,1.0,0.0,0.0,True
154,Marine Park/Floyd Bennett Field,17,2,2,41.34166666666667,26.25,1.0,2026-03,unreliable_trip_rate,0.0,1.0,0.0,0.0,True
156,Mariners Harbor,5,1,1,75.1,13.716666666666667,1.0,2026-03,unreliable_trip_rate,1.0,0.0,0.0,0.0,True
156,Mariners Harbor,7,1,1,80.0,26.333333333333332,1.0,2026-03,unreliable_trip_rate,0.0,1.0,0.0,0.0,True
156,Mariners Harbor,8,1,1,46.96666666666667,18.7,1.0,2026-03,unreliable_trip_rate,0.0,1.0,0.0,0.0,True
156,Mariners Harbor,9,1,1,38.38333333333333,13.683333333333334,1.0,2026-03,unreliable_trip_rate,1.0,0.0,0.0,0.0,True
156,Mariners Harbor,23,1,1,21.916666666666668,13.3,1.0,2026-03,unreliable_trip_rate,1.0,0.0,0.0,0.0,True
172,New Dorp/Midland Beach,5,1,1,36.75,13.716666666666667,1.0,2026-03,unreliable_trip_rate,1.0,0.0,0.0,0.0,True
172,New Dorp/Midland Beach,10,1,1,58.03333333333333,14.083333333333332,1.0,2026-03,unreliable_trip_rate,0.0,1.0,0.0,0.0,True
172,New Dorp/Midland Beach,11,1,1,31.966666666666665,14.416666666666666,1.0,2026-03,unreliable_trip_rate,1.0,0.0,0.0,0.0,True
172,New Dorp/Midland Beach,16,1,1,42.96666666666667,14.533333333333333,1.0,2026-03,unreliable_trip_rate,1.0,0.0,0.0,0.0,True
172,New Dorp/Midland Beach,18,1,1,60.43333333333333,13.166666666666666,1.0,2026-03,unreliable_trip_rate,1.0,0.0,0.0,0.0,True
174,Norwood,2,2,2,50.29166666666667,15.775,1.0,2026-03,unreliable_trip_rate,0.0,1.0,0.0,0.0,True
176,Oakwood,7,1,1,64.2,26.333333333333332,1.0,2026-03,unreliable_trip_rate,0.0,1.0,0.0,0.0,True
176,Oakwood,18,1,1,46.53333333333333,13.166666666666666,1.0,2026-03,unreliable_trip_rate,1.0,0.0,0.0,0.0,True
176,Oakwood,22,1,1,44.36666666666667,13.366666666666667,1.0,2026-03,unreliable_trip_rate,1.0,0.0,0.0,0.0,True
178,Ocean Parkway South,5,1,1,64.03333333333333,23.15,1.0,2026-03,unreliable_trip_rate,0.0,1.0,0.0,0.0,True
182,Parkchester,2,1,1,44.13333333333333,15.775,1.0,2026-03,unreliable_trip_rate,0.0,1.0,0.0,0.0,True
182,Parkchester,3,4,4,33.575,15.950000000000001,1.0,2026-03,unreliable_trip_rate,0.0,1.0,0.0,0.0,True
184,Pelham Bay Park,10,1,1,60.95,36.916666666666664,1.0,2026-03,unreliable_trip_rate,0.0,1.0,0.0,0.0,True
184,Pelham Bay Park,11,1,1,62.43333333333333,38.75833333333333,1.0,2026-03,unreliable_trip_rate,0.0,1.0,0.0,0.0,True
184,Pelham Bay Park,16,1,1,66.68333333333334,35.666666666666664,1.0,2026-03,unreliable_trip_rate,0.0,1.0,0.0,0.0,True
184,Pelham Bay Park,17,1,1,38.65,30.216666666666665,1.0,2026-03,unreliable_trip_rate,0.0,1.0,0.0,0.0,True
184,Pelham Bay Park,20,1,1,122.06666666666666,18.75,1.0,2026-03,unreliable_trip_rate,0.0,1.0,0.0,0.0,True
184,Pelham Bay Park,21,1,1,25.9,19.0,1.0,2026-03,unreliable_trip_rate,0.0,1.0,0.0,0.0,True
185,Pelham Parkway,2,1,1,27.35,15.775,1.0,2026-03,unreliable_trip_rate,0.0,1.0,0.0,0.0,True
187,Port Richmond,0,1,1,18.416666666666668,13.0,1.0,2026-03,unreliable_trip_rate,1.0,0.0,0.0,0.0,True
187,Port Richmond,7,1,1,50.45,26.333333333333332,1.0,2026-03,unreliable_trip_rate,0.0,1.0,0.0,0.0,True
187,Port Richmond,11,1,1,21.233333333333334,14.416666666666666,1.0,2026-03,unreliable_trip_rate,1.0,0.0,0.0,0.0,True
187,Port Richmond,15,1,1,27.366666666666667,14.75,1.0,2026-03,unreliable_trip_rate,1.0,0.0,0.0,0.0,True
187,Port Richmond,20,1,1,25.566666666666666,12.733333333333333,1.0,2026-03,unreliable_trip_rate,1.0,0.0,0.0,0.0,True
194,Randalls Island,0,1,1,32.5,11.833333333333334,1.0,2026-03,unreliable_trip_rate,0.0,1.0,0.0,0.0,True
194,Randalls Island,6,3,3,27.57777777777778,10.416666666666666,1.0,2026-03,unreliable_trip_rate,0.0,1.0,0.0,0.0,True
194,Randalls Island,9,6,6,40.769444444444446,12.35,1.0,2026-03,unreliable_trip_rate,0.0,1.0,0.0,0.0,True
194,Randalls Island,10,4,4,48.045833333333334,12.583333333333334,1.0,2026-03,unreliable_trip_rate,0.0,1.0,0.0,0.0,True
194,Randalls Island,17,2,2,20.983333333333334,12.866666666666667,1.0,2026-03,unreliable_trip_rate,0.0,1.0,0.0,0.0,True
194,Randalls Island,18,9,9,29.11296296296296,12.25,1.0,2026-03,unreliable_trip_rate,0.0,1.0,0.0,0.0,True
201,Rockaway Park,4,2,2,92.88333333333333,16.616666666666667,1.0,2026-03,unreliable_trip_rate,0.0,1.0,0.0,0.0,True
204,Rossville/Woodrow,9,2,2,28.59166666666667,13.683333333333334,1.0,2026-03,unreliable_trip_rate,1.0,0.0,0.0,0.0,True
206,Saint George/New Brighton,4,1,1,37.85,12.9,1.0,2026-03,unreliable_trip_rate,1.0,0.0,0.0,0.0,True
206,Saint George/New Brighton,5,2,2,42.225,13.716666666666667,1.0,2026-03,unreliable_trip_rate,1.0,0.0,0.0,0.0,True
206,Saint George/New Brighton,6,1,1,21.0,13.283333333333333,1.0,2026-03,unreliable_trip_rate,1.0,0.0,0.0,0.0,True
206,Saint George/New Brighton,7,1,1,96.91666666666667,26.333333333333332,1.0,2026-03,unreliable_trip_rate,0.0,1.0,0.0,0.0,True
206,Saint George/New Brighton,9,2,2,21.541666666666664,13.683333333333334,1.0,2026-03,unreliable_trip_rate,1.0,0.0,0.0,0.0,True
206,Saint George/New Brighton,13,2,2,26.066666666666666,14.433333333333334,1.0,2026-03,unreliable_trip_rate,1.0,0.0,0.0,0.0,True
206,Saint George/New Brighton,15,2,2,79.60833333333333,14.75,1.0,2026-03,unreliable_trip_rate,1.0,0.0,0.0,0.0,True
214,South Beach/Dongan Hills,4,1,1,21.816666666666666,12.9,1.0,2026-03,unreliable_trip_rate,1.0,0.0,0.0,0.0,True
214,South Beach/Dongan Hills,5,1,1,24.716666666666665,13.716666666666667,1.0,2026-03,unreliable_trip_rate,1.0,0.0,0.0,0.0,True
214,South Beach/Dongan Hills,13,3,3,31.772222222222222,14.433333333333334,1.0,2026-03,unreliable_trip_rate,1.0,0.0,0.0,0.0,True
214,South Beach/Dongan Hills,16,6,6,37.43888888888889,14.533333333333333,1.0,2026-03,unreliable_trip_rate,1.0,0.0,0.0,0.0,True
218,Springfield Gardens North,2,3,3,52.199999999999996,18.066666666666666,1.0,2026-03,unreliable_trip_rate,0.0,1.0,0.0,0.0,True
221,Stapleton,4,2,2,27.416666666666668,12.9,1.0,2026-03,unreliable_trip_rate,1.0,0.0,0.0,0.0,True
221,Stapleton,12,1,1,23.766666666666666,14.466666666666667,1.0,2026-03,unreliable_trip_rate,1.0,0.0,0.0,0.0,True
221,Stapleton,15,1,1,57.083333333333336,14.75,1.0,2026-03,unreliable_trip_rate,1.0,0.0,0.0,0.0,True
221,Stapleton,18,2,2,36.825,13.166666666666666,1.0,2026-03,unreliable_trip_rate,1.0,0.0,0.0,0.0,True
240,Van Cortlandt Park,21,2,2,37.53333333333333,19.0,1.0,2026-03,unreliable_trip_rate,0.0,1.0,0.0,0.0,True
241,Van Cortlandt Village,2,3,3,24.477777777777778,15.775,1.0,2026-03,unreliable_trip_rate,0.0,1.0,0.0,0.0,True
245,West Brighton,0,2,2,24.325,13.0,1.0,2026-03,unreliable_trip_rate,1.0,0.0,0.0,0.0,True
245,West Brighton,6,1,1,34.55,13.283333333333333,1.0,2026-03,unreliable_trip_rate,1.0,0.0,0.0,0.0,True
245,West Brighton,17,1,1,60.983333333333334,13.966666666666667,1.0,2026-03,unreliable_trip_rate,1.0,0.0,0.0,0.0,True
245,West Brighton,20,1,1,59.55,12.733333333333333,1.0,2026-03,unreliable_trip_rate,1.0,0.0,0.0,0.0,True
251,Westerleigh,4,1,1,33.13333333333333,12.9,1.0,2026-03,unreliable_trip_rate,1.0,0.0,0.0,0.0,True
251,Westerleigh,10,1,1,73.96666666666667,14.083333333333332,1.0,2026-03,unreliable_trip_rate,0.0,1.0,0.0,0.0,True
251,Westerleigh,11,1,1,23.383333333333333,14.416666666666666,1.0,2026-03,unreliable_trip_rate,1.0,0.0,0.0,0.0,True
251,Westerleigh,15,1,1,49.583333333333336,14.75,1.0,2026-03,unreliable_trip_rate,1.0,0.0,0.0,0.0,True
251,Westerleigh,19,3,3,28.7,12.733333333333333,1.0,2026-03,unreliable_trip_rate,1.0,0.0,0.0,0.0,True
251,Westerleigh,23,2,2,49.35,13.3,1.0,2026-03,unreliable_trip_rate,1.0,0.0,0.0,0.0,True
253,Willets Point,18,1,1,45.516666666666666,33.275,1.0,2026-03,unreliable_trip_rate,0.0,1.0,0.0,0.0,True
128,Inwood Hill Park,15,23,22,63.98623188405797,13.183333333333334,0.9565217391304348,2026-03,unreliable_trip_rate,0.0,1.0,0.0,0.0,True
194,Randalls Island,8,19,18,43.83245614035088,12.283333333333333,0.9473684210526315,2026-03,unreliable_trip_rate,0.0,1.0,0.0,0.0,True
194,Randalls Island,16,16,15,37.795833333333334,13.116666666666667,0.9375,2026-03,unreliable_trip_rate,0.0,1.0,0.0,0.0,True
153,Marble Hill,10,13,12,42.78205128205128,12.583333333333334,0.9230769230769231,2026-03,unreliable_trip_rate,0.0,1.0,0.0,0.0,True
149,Madison,5,24,22,59.90902777777777,23.15,0.9166666666666666,2026-03,unreliable_trip_rate,0.0,1.0,0.0,0.0,True
150,Manhattan Beach,5,12,11,58.56527777777777,23.15,0.9166666666666666,2026-03,unreliable_trip_rate,0.0,1.0,0.0,0.0,True
153,Marble Hill,6,12,11,34.855555555555554,10.416666666666666,0.9166666666666666,2026-03,unreliable_trip_rate,0.0,1.0,0.0,0.0,True
201,Rockaway Park,5,12,11,70.51944444444445,21.016666666666666,0.9166666666666666,2026-03,unreliable_trip_rate,0.0,1.0,0.0,0.0,True
202,Roosevelt Island,11,23,21,36.59347826086957,13.216666666666667,0.9130434782608695,2026-03,unreliable_trip_rate,0.0,1.0,0.0,0.0,True
101,Glen Oaks,4,11,10,48.78181818181818,16.616666666666667,0.9090909090909091,2026-03,unreliable_trip_rate,0.0,1.0,0.0,0.0,True
202,Roosevelt Island,5,11,10,31.298484848484847,10.783333333333333,0.9090909090909091,2026-03,unreliable_trip_rate,0.0,1.0,0.0,0.0,True
214,South Beach/Dongan Hills,15,11,10,39.401515151515156,14.75,0.9090909090909091,2026-03,unreliable_trip_rate,1.0,0.0,0.0,0.0,True
222,Starrett City,4,22,20,52.05530303030303,18.0,0.9090909090909091,2026-03,unreliable_trip_rate,0.0,1.0,0.0,0.0,True
22,Bensonhurst West,5,20,18,57.364999999999995,23.15,0.9,2026-03,unreliable_trip_rate,0.0,1.0,0.0,0.0,True
58,Country Club,14,10,9,63.585,31.883333333333333,0.9,2026-03,unreliable_trip_rate,0.0,1.0,0.0,0.0,True
194,Randalls Island,7,10,9,37.785000000000004,11.116666666666667,0.9,2026-03,unreliable_trip_rate,0.0,1.0,0.0,0.0,True
150,Manhattan Beach,16,29,26,58.10402298850575,28.8,0.896551724137931,2026-03,unreliable_trip_rate,0.0,1.0,0.0,0.0,True
165,Midwood,5,19,17,52.006140350877196,23.15,0.8947368421052632,2026-03,unreliable_trip_rate,0.0,1.0,0.0,0.0,True
202,Roosevelt Island,17,19,17,37.99473684210526,12.866666666666667,0.8947368421052632,2026-03,unreliable_trip_rate,0.0,1.0,0.0,0.0,True
108,Gravesend,5,9,8,57.8537037037037,23.15,0.8888888888888888,2026-03,unreliable_trip_rate,0.0,1.0,0.0,0.0,True
221,Stapleton,7,9,8,50.42777777777778,26.333333333333332,0.8888888888888888,2026-03,unreliable_trip_rate,0.0,1.0,0.0,0.0,True
201,Rockaway Park,11,17,15,79.93627450980391,33.733333333333334,0.8823529411764706,2026-03,unreliable_trip_rate,0.0,1.0,0.0,0.0,True
117,Hammels/Arverne,4,25,22,53.284,16.616666666666667,0.88,2026-03,unreliable_trip_rate,0.0,1.0,0.0,0.0,True
202,Roosevelt Island,14,25,22,39.94466666666667,13.25,0.88,2026-03,unreliable_trip_rate,0.0,1.0,0.0,0.0,True
21,Bensonhurst East,5,16,14,50.71458333333334,23.15,0.875,2026-03,unreliable_trip_rate,0.0,1.0,0.0,0.0,True
153,Marble Hill,11,16,14,34.309374999999996,13.216666666666667,0.875,2026-03,unreliable_trip_rate,0.0,1.0,0.0,0.0,True
201,Rockaway Park,6,8,7,93.0625,29.333333333333332,0.875,2026-03,unreliable_trip_rate,0.0,1.0,0.0,0.0,True
55,Coney Island,21,15,13,51.01555555555556,20.95,0.8666666666666667,2026-03,unreliable_trip_rate,0.0,1.0,0.0,0.0,True
184,Pelham Bay Park,7,15,13,62.33222222222222,32.96666666666667,0.8666666666666667,2026-03,unreliable_trip_rate,0.0,1.0,0.0,0.0,True
202,Roosevelt Island,12,29,25,35.37183908045977,13.216666666666667,0.8620689655172413,2026-03,unreliable_trip_rate,0.0,1.0,0.0,0.0,True
117,Hammels/Arverne,20,28,24,49.1827380952381,27.266666666666666,0.8571428571428571,2026-03,unreliable_trip_rate,0.0,1.0,0.0,0.0,True
120,Highbridge Park,7,7,6,28.66904761904762,11.116666666666667,0.8571428571428571,2026-03,unreliable_trip_rate,0.0,1.0,0.0,0.0,True
194,Randalls Island,21,7,6,29.16190476190476,12.0,0.8571428571428571,2026-03,unreliable_trip_rate,0.0,1.0,0.0,0.0,True
252,Whitestone,5,14,12,48.26428571428571,21.016666666666666,0.8571428571428571,2026-03,unreliable_trip_rate,0.0,1.0,0.0,0.0,True
219,Springfield Gardens South,4,20,17,43.83083333333333,16.616666666666667,0.85,2026-03,unreliable_trip_rate,0.0,1.0,0.0,0.0,True
153,Marble Hill,12,13,11,35.31025641025641,13.216666666666667,0.8461538461538461,2026-03,unreliable_trip_rate,0.0,1.0,0.0,0.0,True
202,Roosevelt Island,0,13,11,23.294871794871792,11.833333333333334,0.8461538461538461,2026-03,unreliable_trip_rate,0.0,1.0,0.0,0.0,True
108,Gravesend,16,19,16,67.93859649122807,28.8,0.8421052631578947,2026-03,unreliable_trip_rate,0.0,1.0,0.0,0.0,True
178,Ocean Parkway South,6,19,16,66.47807017543859,28.8,0.8421052631578947,2026-03,unreliable_trip_rate,0.0,1.0,0.0,0.0,True
128,Inwood Hill Park,6,6,5,21.644444444444446,10.416666666666666,0.8333333333333334,2026-03,unreliable_trip_rate,0.0,1.0,0.0,0.0,True
128,Inwood Hill Park,8,6,5,21.869444444444444,12.283333333333333,0.8333333333333334,2026-03,unreliable_trip_rate,0.0,1.0,0.0,0.0,True
128,Inwood Hill Park,13,6,5,34.68333333333333,13.2,0.8333333333333334,2026-03,unreliable_trip_rate,0.0,1.0,0.0,0.0,True
128,Inwood Hill Park,14,18,15,61.095370370370375,13.25,0.8333333333333334,2026-03,unreliable_trip_rate,0.0,1.0,0.0,0.0,True
128,Inwood Hill Park,18,12,10,32.43888888888889,12.25,0.8333333333333334,2026-03,unreliable_trip_rate,0.0,1.0,0.0,0.0,True
155,Marine Park/Mill Basin,4,6,5,55.111111111111114,18.0,0.8333333333333334,2026-03,unreliable_trip_rate,0.0,1.0,0.0,0.0,True
203,Rosedale,3,6,5,45.59722222222222,16.633333333333333,0.8333333333333334,2026-03,unreliable_trip_rate,0.0,1.0,0.0,0.0,True
206,Saint George/New Brighton,10,6,5,19.541666666666668,14.083333333333332,0.8333333333333334,2026-03,unreliable_trip_rate,0.0,1.0,0.0,0.0,True
153,Marble Hill,8,29,24,39.82471264367816,12.283333333333333,0.8275862068965517,2026-03,unreliable_trip_rate,0.0,1.0,0.0,0.0,True
153,Marble Hill,14,17,14,49.86666666666667,13.25,0.8235294117647058,2026-03,unreliable_trip_rate,0.0,1.0,0.0,0.0,True
117,Hammels/Arverne,18,28,23,62.16904761904762,33.275,0.8214285714285714,2026-03,unreliable_trip_rate,0.0,1.0,0.0,0.0,True
38,Cambria Heights,4,11,9,38.845454545454544,16.616666666666667,0.8181818181818182,2026-03,unreliable_trip_rate,0.0,1.0,0.0,0.0,True
124,Howard Beach,5,22,18,65.43712121212121,21.016666666666666,0.8181818181818182,2026-03,unreliable_trip_rate,0.0,1.0,0.0,0.0,True
139,Laurelton,3,11,9,35.57272727272727,16.633333333333333,0.8181818181818182,2026-03,unreliable_trip_rate,0.0,1.0,0.0,0.0,True
153,Marble Hill,13,16,13,31.048958333333335,13.2,0.8125,2026-03,unreliable_trip_rate,0.0,1.0,0.0,0.0,True
21,Bensonhurst East,6,26,21,61.78397435897436,28.8,0.8076923076923077,2026-03,unreliable_trip_rate,0.0,1.0,0.0,0.0,True
12,Battery Park,1,5,4,14.656666666666666,11.616666666666667,0.8,2026-03,unreliable_trip_rate,0.0,1.0,0.0,0.0,True
46,City Island,9,5,4,51.36333333333333,35.75,0.8,2026-03,unreliable_trip_rate,0.0,1.0,0.0,0.0,True
73,East Flushing,15,5,4,70.66,46.11666666666667,0.8,2026-03,unreliable_trip_rate,0.0,1.0,0.0,0.0,True
128,Inwood Hill Park,20,10,8,18.61,11.783333333333333,0.8,2026-03,unreliable_trip_rate,0.0,1.0,0.0,0.0,True
200,Riverdale/North Riverdale/Fieldston,4,10,8,36.23833333333333,19.875,0.8,2026-03,unreliable_trip_rate,0.0,1.0,0.0,0.0,True
201,Rockaway Park,7,20,16,82.15916666666666,33.9,0.8,2026-03,unreliable_trip_rate,0.0,1.0,0.0,0.0,True
202,Roosevelt Island,2,5,4,16.96333333333333,11.133333333333333,0.8,2026-03,unreliable_trip_rate,0.0,1.0,0.0,0.0,True
202,Roosevelt Island,21,15,12,34.43555555555555,12.0,0.8,2026-03,unreliable_trip_rate,0.0,1.0,0.0,0.0,True
202,Roosevelt Island,23,20,16,26.123333333333335,12.05,0.8,2026-03,unreliable_trip_rate,0.0,1.0,0.0,0.0,True
210,Sheepshead Bay,4,10,8,42.745000000000005,18.0,0.8,2026-03,unreliable_trip_rate,0.0,1.0,0.0,0.0,True
117,Hammels/Arverne,19,24,19,56.38333333333333,28.791666666666668,0.7916666666666666,2026-03,unreliable_trip_rate,0.0,1.0,0.0,0.0,True
128,Inwood Hill Park,12,14,11,34.55833333333333,13.216666666666667,0.7857142857142857,2026-03,unreliable_trip_rate,0.0,1.0,0.0,0.0,True
86,Far Rockaway,18,23,18,58.30144927536232,33.275,0.782608695652174,2026-03,unreliable_trip_rate,0.0,1.0,0.0,0.0,True
22,Bensonhurst West,4,9,7,32.4537037037037,18.0,0.7777777777777778,2026-03,unreliable_trip_rate,0.0,1.0,0.0,0.0,True
29,Brighton Beach,5,9,7,35.73518518518519,23.15,0.7777777777777778,2026-03,unreliable_trip_rate,0.0,1.0,0.0,0.0,True
55,Coney Island,4,18,14,32.867592592592594,18.0,0.7777777777777778,2026-03,unreliable_trip_rate,0.0,1.0,0.0,0.0,True
101,Glen Oaks,8,18,14,61.08148148148148,36.5,0.7777777777777778,2026-03,unreliable_trip_rate,0.0,1.0,0.0,0.0,True
128,Inwood Hill Park,23,18,14,29.991666666666667,12.05,0.7777777777777778,2026-03,unreliable_trip_rate,0.0,1.0,0.0,0.0,True
203,Rosedale,4,9,7,31.651851851851852,16.616666666666667,0.7777777777777778,2026-03,unreliable_trip_rate,0.0,1.0,0.0,0.0,True
19,Bellerose,5,22,17,54.875757575757575,21.016666666666666,0.7727272727272727,2026-03,unreliable_trip_rate,0.0,1.0,0.0,0.0,True
55,Coney Island,20,22,17,41.21818181818182,21.45,0.7727272727272727,2026-03,unreliable_trip_rate,0.0,1.0,0.0,0.0,True
194,Randalls Island,15,13,10,26.3025641025641,13.183333333333334,0.7692307692307693,2026-03,unreliable_trip_rate,0.0,1.0,0.0,0.0,True
12,Battery Park,0,4,3,17.733333333333334,11.833333333333334,0.75,2026-03,unreliable_trip_rate,0.0,1.0,0.0,0.0,True
12,Battery Park,23,12,9,21.291666666666668,12.05,0.75,2026-03,unreliable_trip_rate,0.0,1.0,0.0,0.0,True
15,Bay Terrace/Fort Totten,6,4,3,59.93333333333333,29.333333333333332,0.75,2026-03,unreliable_trip_rate,0.0,1.0,0.0,0.0,True
23,Bloomfield/Emerson Hill,18,4,3,27.72083333333333,13.166666666666666,0.75,2026-03,unreliable_trip_rate,1.0,0.0,0.0,0.0,True
29,Brighton Beach,4,4,3,26.2875,18.0,0.75,2026-03,unreliable_trip_rate,0.0,1.0,0.0,0.0,True
38,Cambria Heights,17,16,12,59.69791666666667,40.916666666666664,0.75,2026-03,unreliable_trip_rate,0.0,1.0,0.0,0.0,True
46,City Island,15,8,6,55.25208333333333,36.13333333333333,0.75,2026-03,unreliable_trip_rate,0.0,1.0,0.0,0.0,True
55,Coney Island,3,4,3,35.40833333333333,17.083333333333332,0.75,2026-03,unreliable_trip_rate,0.0,1.0,0.0,0.0,True
57,Corona,18,4,3,48.68333333333334,33.275,0.75,2026-03,unreliable_trip_rate,0.0,1.0,0.0,0.0,True
58,Country Club,8,8,6,49.12916666666667,32.88333333333333,0.75,2026-03,unreliable_trip_rate,0.0,1.0,0.0,0.0,True
91,Flatlands,3,16,12,38.875,17.083333333333332,0.75,2026-03,unreliable_trip_rate,0.0,1.0,0.0,0.0,True
101,Glen Oaks,10,16,12,62.840625,33.833333333333336,0.75,2026-03,unreliable_trip_rate,0.0,1.0,0.0,0.0,True
120,Highbridge Park,9,8,6,24.28333333333333,12.35,0.75,2026-03,unreliable_trip_rate,0.0,1.0,0.0,0.0,True
121,Hillcrest/Pomonok,3,8,6,31.96875,16.633333333333333,0.75,2026-03,unreliable_trip_rate,0.0,1.0,0.0,0.0,True
122,Hollis,20,8,6,48.16666666666667,27.266666666666666,0.75,2026-03,unreliable_trip_rate,0.0,1.0,0.0,0.0,True
123,Homecrest,3,4,3,37.32083333333333,17.083333333333332,0.75,2026-03,unreliable_trip_rate,0.0,1.0,0.0,0.0,True
128,Inwood Hill Park,22,8,6,20.272916666666667,12.333333333333334,0.75,2026-03,unreliable_trip_rate,0.0,1.0,0.0,0.0,True
147,Longwood,0,4,3,29.316666666666666,15.466666666666667,0.75,2026-03,unreliable_trip_rate,0.0,1.0,0.0,0.0,True
153,Marble Hill,9,8,6,63.53958333333333,12.35,0.75,2026-03,unreliable_trip_rate,0.0,1.0,0.0,0.0,True
153,Marble Hill,15,8,6,24.06041666666667,13.183333333333334,0.75,2026-03,unreliable_trip_rate,0.0,1.0,0.0,0.0,True
174,Norwood,1,4,3,42.38333333333333,14.416666666666666,0.75,2026-03,unreliable_trip_rate,0.0,1.0,0.0,0.0,True
182,Parkchester,23,12,9,39.020833333333336,16.5,0.75,2026-03,unreliable_trip_rate,0.0,1.0,0.0,0.0,True
184,Pelham Bay Park,8,4,3,50.45833333333333,32.88333333333333,0.75,2026-03,unreliable_trip_rate,0.0,1.0,0.0,0.0,True
191,Queens Village,2,4,3,26.2,18.066666666666666,0.75,2026-03,unreliable_trip_rate,0.0,1.0,0.0,0.0,True
194,Randalls Island,19,8,6,24.847916666666666,11.75,0.75,2026-03,unreliable_trip_rate,0.0,1.0,0.0,0.0,True
194,Randalls Island,20,12,9,20.018055555555556,11.783333333333333,0.75,2026-03,unreliable_trip_rate,0.0,1.0,0.0,0.0,True
200,Riverdale/North Riverdale/Fieldston,3,4,3,25.2375,15.950000000000001,0.75,2026-03,unreliable_trip_rate,0.0,1.0,0.0,0.0,True
214,South Beach/Dongan Hills,12,4,3,19.84583333333333,14.466666666666667,0.75,2026-03,unreliable_trip_rate,1.0,0.0,0.0,0.0,True
221,Stapleton,22,4,3,28.5625,13.366666666666667,0.75,2026-03,unreliable_trip_rate,1.0,0.0,0.0,0.0,True
222,Starrett City,20,24,18,49.84097222222223,21.45,0.75,2026-03,unreliable_trip_rate,0.0,1.0,0.0,0.0,True
240,Van Cortlandt Park,4,4,3,38.4875,19.875,0.75,2026-03,unreliable_trip_rate,0.0,1.0,0.0,0.0,True
121,Hillcrest/Pomonok,4,27,20,39.39074074074074,16.616666666666667,0.7407407407407407,2026-03,unreliable_trip_rate,0.0,1.0,0.0,0.0,True
122,Hollis,10,23,17,58.654347826086955,33.833333333333336,0.7391304347826086,2026-03,unreliable_trip_rate,0.0,1.0,0.0,0.0,True
3,Allerton/Pelham Gardens,16,15,11,64.25777777777778,35.666666666666664,0.7333333333333333,2026-03,unreliable_trip_rate,0.0,1.0,0.0,0.0,True
55,Coney Island,23,15,11,30.304444444444446,19.45,0.7333333333333333,2026-03,unreliable_trip_rate,0.0,1.0,0.0,0.0,True
153,Marble Hill,17,15,11,32.97666666666667,12.866666666666667,0.7333333333333333,2026-03,unreliable_trip_rate,0.0,1.0,0.0,0.0,True
38,Cambria Heights,9,26,19,58.26538461538462,36.666666666666664,0.7307692307692307,2026-03,unreliable_trip_rate,0.0,1.0,0.0,0.0,True
205,Saint Albans,3,26,19,32.16666666666667,16.633333333333333,0.7307692307692307,2026-03,unreliable_trip_rate,0.0,1.0,0.0,0.0,True
98,Fresh Meadows,5,11,8,57.90151515151515,21.016666666666666,0.7272727272727273,2026-03,unreliable_trip_rate,0.0,1.0,0.0,0.0,True
120,Highbridge Park,8,11,8,23.656060606060603,12.283333333333333,0.7272727272727273,2026-03,unreliable_trip_rate,0.0,1.0,0.0,0.0,True
165,Midwood,4,11,8,28.0530303030303,18.0,0.7272727272727273,2026-03,unreliable_trip_rate,0.0,1.0,0.0,0.0,True
174,Norwood,3,11,8,34.17878787878788,15.950000000000001,0.7272727272727273,2026-03,unreliable_trip_rate,0.0,1.0,0.0,0.0,True
252,Whitestone,11,11,8,44.13636363636363,33.733333333333334,0.7272727272727273,2026-03,unreliable_trip_rate,0.0,1.0,0.0,0.0,True
202,Roosevelt Island,20,18,13,21.88888888888889,11.783333333333333,0.7222222222222222,2026-03,unreliable_trip_rate,0.0,1.0,0.0,0.0,True
265,Outside of NYC,12,25,18,26.289333333333335,13.933333333333334,0.72,2026-03,unreliable_trip_rate,0.0,1.0,0.0,0.0,True
38,Cambria Heights,13,14,10,55.72976190476191,36.766666666666666,0.7142857142857143,2026-03,unreliable_trip_rate,0.0,1.0,0.0,0.0,True
120,Highbridge Park,17,7,5,22.24047619047619,12.866666666666667,0.7142857142857143,2026-03,unreliable_trip_rate,0.0,1.0,0.0,0.0,True
122,Hollis,21,7,5,36.25,26.016666666666666,0.7142857142857143,2026-03,unreliable_trip_rate,0.0,1.0,0.0,0.0,True
128,Inwood Hill Park,19,14,10,17.15952380952381,11.75,0.7142857142857143,2026-03,unreliable_trip_rate,0.0,1.0,0.0,0.0,True
194,Randalls Island,14,7,5,21.914285714285715,13.25,0.7142857142857143,2026-03,unreliable_trip_rate,0.0,1.0,0.0,0.0,True
219,Springfield Gardens South,3,7,5,26.32857142857143,16.633333333333333,0.7142857142857143,2026-03,unreliable_trip_rate,0.0,1.0,0.0,0.0,True
81,Eastchester,20,24,17,43.30277777777778,18.75,0.7083333333333334,2026-03,unreliable_trip_rate,0.0,1.0,0.0,0.0,True
175,Oakland Gardens,6,24,17,51.046527777777776,29.333333333333332,0.7083333333333334,2026-03,unreliable_trip_rate,0.0,1.0,0.0,0.0,True
38,Cambria Heights,11,17,12,59.94411764705882,33.733333333333334,0.7058823529411765,2026-03,unreliable_trip_rate,0.0,1.0,0.0,0.0,True
89,Flatbush/Ditmas Park,3,27,19,34.74320987654321,17.083333333333332,0.7037037037037037,2026-03,unreliable_trip_rate,0.0,1.0,0.0,0.0,True
150,Manhattan Beach,10,27,19,63.87592592592593,28.966666666666665,0.7037037037037037,2026-03,unreliable_trip_rate,0.0,1.0,0.0,0.0,True
11,Bath Beach,18,10,7,36.96333333333333,22.833333333333332,0.7,2026-03,unreliable_trip_rate,0.0,1.0,0.0,0.0,True
53,College Point,11,10,7,52.165,33.733333333333334,0.7,2026-03,unreliable_trip_rate,0.0,1.0,0.0,0.0,True
86,Far Rockaway,20,20,14,42.165,27.266666666666666,0.7,2026-03,unreliable_trip_rate,0.0,1.0,0.0,0.0,True
194,Randalls Island,23,10,7,17.64666666666667,12.05,0.7,2026-03,unreliable_trip_rate,0.0,1.0,0.0,0.0,True
29,Brighton Beach,6,23,16,55.15797101449275,28.8,0.6956521739130435,2026-03,unreliable_trip_rate,0.0,1.0,0.0,0.0,True
86,Far Rockaway,19,23,16,44.68550724637681,28.791666666666668,0.6956521739130435,2026-03,unreliable_trip_rate,0.0,1.0,0.0,0.0,True
139,Laurelton,17,23,16,67.78188405797101,40.916666666666664,0.6956521739130435,2026-03,unreliable_trip_rate,0.0,1.0,0.0,0.0,True
171,Murray Hill-Queens,10,13,9,58.30769230769231,33.833333333333336,0.6923076923076923,2026-03,unreliable_trip_rate,0.0,1.0,0.0,0.0,True
203,Rosedale,15,13,9,66.92179487179487,46.11666666666667,0.6923076923076923,2026-03,unreliable_trip_rate,0.0,1.0,0.0,0.0,True
16,Bayside,8,29,20,54.18218390804598,36.5,0.6896551724137931,2026-03,unreliable_trip_rate,0.0,1.0,0.0,0.0,True
210,Sheepshead Bay,18,29,20,47.54655172413793,22.833333333333332,0.6896551724137931,2026-03,unreliable_trip_rate,0.0,1.0,0.0,0.0,True
35,Brownsville,3,19,13,30.024561403508773,17.083333333333332,0.6842105263157895,2026-03,unreliable_trip_rate,0.0,1.0,0.0,0.0,True
63,Cypress Hills,3,19,13,25.256140350877192,17.083333333333332,0.6842105263157895,2026-03,unreliable_trip_rate,0.0,1.0,0.0,0.0,True
60,Crotona Park East,21,22,15,40.891666666666666,19.0,0.6818181818181818,2026-03,unreliable_trip_rate,0.0,1.0,0.0,0.0,True
182,Parkchester,20,22,15,37.711363636363636,18.75,0.6818181818181818,2026-03,unreliable_trip_rate,0.0,1.0,0.0,0.0,True
201,Rockaway Park,13,22,15,66.30984848484849,36.766666666666666,0.6818181818181818,2026-03,unreliable_trip_rate,0.0,1.0,0.0,0.0,True
220,Spuyten Duyvil/Kingsbridge,5,22,15,54.775757575757574,34.34166666666667,0.6818181818181818,2026-03,unreliable_trip_rate,0.0,1.0,0.0,0.0,True
3,Allerton/Pelham Gardens,0,6,4,19.994444444444444,15.466666666666667,0.6666666666666666,2026-03,unreliable_trip_rate,0.0,1.0,0.0,0.0,True
6,Arrochar/Fort Wadsworth,6,3,2,37.37222222222222,13.283333333333333,0.6666666666666666,2026-03,unreliable_trip_rate,1.0,0.0,0.0,0.0,True
6,Arrochar/Fort Wadsworth,22,3,2,19.972222222222225,13.366666666666667,0.6666666666666666,2026-03,unreliable_trip_rate,1.0,0.0,0.0,0.0,True
9,Auburndale,6,9,6,59.85370370370371,29.333333333333332,0.6666666666666666,2026-03,unreliable_trip_rate,0.0,1.0,0.0,0.0,True
11,Bath Beach,20,3,2,24.305555555555554,21.45,0.6666666666666666,2026-03,unreliable_trip_rate,0.0,1.0,0.0,0.0,True
12,Battery Park,8,9,6,17.12777777777778,12.283333333333333,0.6666666666666666,2026-03,unreliable_trip_rate,0.0,1.0,0.0,0.0,True
15,Bay Terrace/Fort Totten,5,9,6,45.294444444444444,21.016666666666666,0.6666666666666666,2026-03,unreliable_trip_rate,0.0,1.0,0.0,0.0,True
15,Bay Terrace/Fort Totten,11,6,4,57.58611111111111,33.733333333333334,0.6666666666666666,2026-03,unreliable_trip_rate,0.0,1.0,0.0,0.0,True
20,Belmont,13,27,18,53.169135802469135,34.391666666666666,0.6666666666666666,2026-03,unreliable_trip_rate,0.0,1.0,0.0,0.0,True
23,Bloomfield/Emerson Hill,10,6,4,35.93055555555556,14.083333333333332,0.6666666666666666,2026-03,unreliable_trip_rate,0.0,1.0,0.0,0.0,True
23,Bloomfield/Emerson Hill,23,3,2,33.25555555555555,13.3,0.6666666666666666,2026-03,unreliable_trip_rate,1.0,0.0,0.0,0.0,True
27,Breezy Point/Fort Tilden/Riis Beach,1,3,2,27.349999999999998,19.783333333333335,0.6666666666666666,2026-03,unreliable_trip_rate,0.0,1.0,0.0,0.0,True
31,Bronx Park,11,3,2,57.03333333333333,38.75833333333333,0.6666666666666666,2026-03,unreliable_trip_rate,0.0,1.0,0.0,0.0,True
39,Canarsie,3,15,10,28.49222222222222,17.083333333333332,0.6666666666666666,2026-03,unreliable_trip_rate,0.0,1.0,0.0,0.0,True
46,City Island,0,3,2,23.722222222222225,15.466666666666667,0.6666666666666666,2026-03,unreliable_trip_rate,0.0,1.0,0.0,0.0,True
46,City Island,12,3,2,49.87222222222223,36.6,0.6666666666666666,2026-03,unreliable_trip_rate,0.0,1.0,0.0,0.0,True
46,City Island,13,3,2,42.111111111111114,34.391666666666666,0.6666666666666666,2026-03,unreliable_trip_rate,0.0,1.0,0.0,0.0,True
46,City Island,16,9,6,61.18518518518518,35.666666666666664,0.6666666666666666,2026-03,unreliable_trip_rate,0.0,1.0,0.0,0.0,True
58,Country Club,17,3,2,44.58888888888888,30.216666666666665,0.6666666666666666,2026-03,unreliable_trip_rate,0.0,1.0,0.0,0.0,True
58,Country Club,18,3,2,41.35,25.1,0.6666666666666666,2026-03,unreliable_trip_rate,0.0,1.0,0.0,0.0,True
64,Douglaston,10,3,2,51.13888888888889,33.833333333333336,0.6666666666666666,2026-03,unreliable_trip_rate,0.0,1.0,0.0,0.0,True
67,Dyker Heights,22,6,4,31.03888888888889,20.533333333333335,0.6666666666666666,2026-03,unreliable_trip_rate,0.0,1.0,0.0,0.0,True
98,Fresh Meadows,10,18,12,54.279629629629625,33.833333333333336,0.6666666666666666,2026-03,unreliable_trip_rate,0.0,1.0,0.0,0.0,True
101,Glen Oaks,6,27,18,53.76296296296296,29.333333333333332,0.6666666666666666,2026-03,unreliable_trip_rate,0.0,1.0,0.0,0.0,True
108,Gravesend,17,12,8,55.05694444444444,26.25,0.6666666666666666,2026-03,unreliable_trip_rate,0.0,1.0,0.0,0.0,True
119,Highbridge,1,3,2,15.872222222222222,14.416666666666666,0.6666666666666666,2026-03,unreliable_trip_rate,0.0,1.0,0.0,0.0,True
120,Highbridge Park,6,3,2,24.91111111111111,10.416666666666666,0.6666666666666666,2026-03,unreliable_trip_rate,0.0,1.0,0.0,0.0,True
120,Highbridge Park,15,3,2,32.28888888888889,13.183333333333334,0.6666666666666666,2026-03,unreliable_trip_rate,0.0,1.0,0.0,0.0,True
120,Highbridge Park,23,3,2,21.900000000000002,12.05,0.6666666666666666,2026-03,unreliable_trip_rate,0.0,1.0,0.0,0.0,True
123,Homecrest,4,3,2,16.794444444444444,18.0,0.6666666666666666,2026-03,unreliable_trip_rate,0.0,1.0,0.0,0.0,True
123,Homecrest,5,12,8,51.80694444444444,23.15,0.6666666666666666,2026-03,unreliable_trip_rate,0.0,1.0,0.0,0.0,True
124,Howard Beach,2,3,2,26.51111111111111,18.066666666666666,0.6666666666666666,2026-03,unreliable_trip_rate,0.0,1.0,0.0,0.0,True
124,Howard Beach,3,3,2,23.183333333333334,16.633333333333333,0.6666666666666666,2026-03,unreliable_trip_rate,0.0,1.0,0.0,0.0,True
128,Inwood Hill Park,7,3,2,19.805555555555554,11.116666666666667,0.6666666666666666,2026-03,unreliable_trip_rate,0.0,1.0,0.0,0.0,True
128,Inwood Hill Park,17,6,4,35.03333333333333,12.866666666666667,0.6666666666666666,2026-03,unreliable_trip_rate,0.0,1.0,0.0,0.0,True
153,Marble Hill,3,3,2,15.994444444444445,10.833333333333334,0.6666666666666666,2026-03,unreliable_trip_rate,0.0,1.0,0.0,0.0,True
155,Marine Park/Mill Basin,2,3,2,23.472222222222225,17.55,0.6666666666666666,2026-03,unreliable_trip_rate,0.0,1.0,0.0,0.0,True
156,Mariners Harbor,11,3,2,19.538888888888888,14.416666666666666,0.6666666666666666,2026-03,unreliable_trip_rate,1.0,0.0,0.0,0.0,True
171,Murray Hill-Queens,4,6,4,19.358333333333334,16.616666666666667,0.6666666666666666,2026-03,unreliable_trip_rate,0.0,1.0,0.0,0.0,True
172,New Dorp/Midland Beach,4,3,2,21.377777777777776,12.9,0.6666666666666666,2026-03,unreliable_trip_rate,1.0,0.0,0.0,0.0,True
172,New Dorp/Midland Beach,8,3,2,34.65,18.7,0.6666666666666666,2026-03,unreliable_trip_rate,0.0,1.0,0.0,0.0,True
172,New Dorp/Midland Beach,15,3,2,45.333333333333336,14.75,0.6666666666666666,2026-03,unreliable_trip_rate,1.0,0.0,0.0,0.0,True
175,Oakland Gardens,8,24,16,55.980555555555554,36.5,0.6666666666666666,2026-03,unreliable_trip_rate,0.0,1.0,0.0,0.0,True
178,Ocean Parkway South,4,3,2,21.183333333333334,18.0,0.6666666666666666,2026-03,unreliable_trip_rate,0.0,1.0,0.0,0.0,True
183,Pelham Bay,1,3,2,20.12222222222222,14.416666666666666,0.6666666666666666,2026-03,unreliable_trip_rate,0.0,1.0,0.0,0.0,True
190,Prospect Park,4,3,2,37.26111111111111,18.0,0.6666666666666666,2026-03,unreliable_trip_rate,0.0,1.0,0.0,0.0,True
201,Rockaway Park,3,3,2,27.472222222222218,16.633333333333333,0.6666666666666666,2026-03,unreliable_trip_rate,0.0,1.0,0.0,0.0,True
202,Roosevelt Island,1,6,4,21.858333333333334,11.616666666666667,0.6666666666666666,2026-03,unreliable_trip_rate,0.0,1.0,0.0,0.0,True
202,Roosevelt Island,3,3,2,17.23888888888889,10.833333333333334,0.6666666666666666,2026-03,unreliable_trip_rate,0.0,1.0,0.0,0.0,True
203,Rosedale,17,12,8,45.94444444444445,40.916666666666664,0.6666666666666666,2026-03,unreliable_trip_rate,0.0,1.0,0.0,0.0,True
205,Saint Albans,21,18,12,46.38703703703704,26.016666666666666,0.6666666666666666,2026-03,unreliable_trip_rate,0.0,1.0,0.0,0.0,True
207,Saint Michaels Cemetery/Woodside,3,3,2,57.56111111111111,16.633333333333333,0.6666666666666666,2026-03,unreliable_trip_rate,0.0,1.0,0.0,0.0,True
214,South Beach/Dongan Hills,10,3,2,15.316666666666668,14.083333333333332,0.6666666666666666,2026-03,unreliable_trip_rate,0.0,1.0,0.0,0.0,True
214,South Beach/Dongan Hills,11,3,2,28.933333333333337,14.416666666666666,0.6666666666666666,2026-03,unreliable_trip_rate,1.0,0.0,0.0,0.0,True
214,South Beach/Dongan Hills,18,3,2,25.51111111111111,13.166666666666666,0.6666666666666666,2026-03,unreliable_trip_rate,1.0,0.0,0.0,0.0,True
214,South Beach/Dongan Hills,19,3,2,18.694444444444446,12.733333333333333,0.6666666666666666,2026-03,unreliable_trip_rate,1.0,0.0,0.0,0.0,True
240,Van Cortlandt Park,3,3,2,26.26111111111111,15.950000000000001,0.6666666666666666,2026-03,unreliable_trip_rate,0.0,1.0,0.0,0.0,True
240,Van Cortlandt Park,19,3,2,39.23333333333333,19.533333333333335,0.6666666666666666,2026-03,unreliable_trip_rate,0.0,1.0,0.0,0.0,True
254,Williamsbridge/Olinville,2,3,2,28.055555555555554,15.775,0.6666666666666666,2026-03,unreliable_trip_rate,0.0,1.0,0.0,0.0,True
81,Eastchester,18,20,13,42.92666666666666,25.1,0.65,2026-03,unreliable_trip_rate,0.0,1.0,0.0,0.0,True
171,Murray Hill-Queens,12,20,13,43.79333333333334,33.71666666666667,0.65,2026-03,unreliable_trip_rate,0.0,1.0,0.0,0.0,True
38,Cambria Heights,12,14,9,44.5797619047619,33.71666666666667,0.6428571428571429,2026-03,unreliable_trip_rate,0.0,1.0,0.0,0.0,True
202,Roosevelt Island,18,28,18,22.763690476190476,12.25,0.6428571428571429,2026-03,unreliable_trip_rate,0.0,1.0,0.0,0.0,True
21,Bensonhurst East,15,25,16,48.718,29.55,0.64,2026-03,unreliable_trip_rate,0.0,1.0,0.0,0.0,True
6,Arrochar/Fort Wadsworth,16,11,7,25.33787878787879,14.533333333333333,0.6363636363636364,2026-03,unreliable_trip_rate,1.0,0.0,0.0,0.0,True
16,Bayside,7,22,14,55.467424242424244,33.9,0.6363636363636364,2026-03,unreliable_trip_rate,0.0,1.0,0.0,0.0,True
38,Cambria Heights,23,11,7,33.53030303030303,23.666666666666668,0.6363636363636364,2026-03,unreliable_trip_rate,0.0,1.0,0.0,0.0,True
117,Hammels/Arverne,0,11,7,41.0469696969697,21.883333333333333,0.6363636363636364,2026-03,unreliable_trip_rate,0.0,1.0,0.0,0.0,True
136,Kingsbridge Heights,3,11,7,29.34090909090909,15.950000000000001,0.6363636363636364,2026-03,unreliable_trip_rate,0.0,1.0,0.0,0.0,True
178,Ocean Parkway South,17,22,14,53.81136363636363,26.25,0.6363636363636364,2026-03,unreliable_trip_rate,0.0,1.0,0.0,0.0,True
117,Hammels/Arverne,21,19,12,42.469298245614034,26.016666666666666,0.631578947368421,2026-03,unreliable_trip_rate,0.0,1.0,0.0,0.0,True
201,Rockaway Park,14,19,12,65.49122807017544,43.13333333333333,0.631578947368421,2026-03,unreliable_trip_rate,0.0,1.0,0.0,0.0,True
241,Van Cortlandt Village,22,27,17,31.32777777777778,18.116666666666667,0.6296296296296297,2026-03,unreliable_trip_rate,0.0,1.0,0.0,0.0,True
3,Allerton/Pelham Gardens,3,8,5,33.3875,15.950000000000001,0.625,2026-03,unreliable_trip_rate,0.0,1.0,0.0,0.0,True
29,Brighton Beach,18,16,10,38.52291666666667,22.833333333333332,0.625,2026-03,unreliable_trip_rate,0.0,1.0,0.0,0.0,True
58,Country Club,7,8,5,48.60208333333333,32.96666666666667,0.625,2026-03,unreliable_trip_rate,0.0,1.0,0.0,0.0,True
64,Douglaston,15,8,5,64.80625,46.11666666666667,0.625,2026-03,unreliable_trip_rate,0.0,1.0,0.0,0.0,True
86,Far Rockaway,1,8,5,58.85625,19.783333333333335,0.625,2026-03,unreliable_trip_rate,0.0,1.0,0.0,0.0,True
86,Far Rockaway,3,8,5,28.304166666666667,16.633333333333333,0.625,2026-03,unreliable_trip_rate,0.0,1.0,0.0,0.0,True
108,Gravesend,20,8,5,46.45625,21.45,0.625,2026-03,unreliable_trip_rate,0.0,1.0,0.0,0.0,True
120,Highbridge Park,10,8,5,29.59375,12.583333333333334,0.625,2026-03,unreliable_trip_rate,0.0,1.0,0.0,0.0,True
120,Highbridge Park,13,8,5,31.081249999999997,13.2,0.625,2026-03,unreliable_trip_rate,0.0,1.0,0.0,0.0,True
180,Ozone Park,4,8,5,26.39375,16.616666666666667,0.625,2026-03,unreliable_trip_rate,0.0,1.0,0.0,0.0,True
210,Sheepshead Bay,3,8,5,46.99583333333333,17.083333333333332,0.625,2026-03,unreliable_trip_rate,0.0,1.0,0.0,0.0,True
254,Williamsbridge/Olinville,0,8,5,20.322916666666668,15.466666666666667,0.625,2026-03,unreliable_trip_rate,0.0,1.0,0.0,0.0,True
180,Ozone Park,6,29,18,44.30632183908046,29.333333333333332,0.6206896551724138,2026-03,unreliable_trip_rate,0.0,1.0,0.0,0.0,True
241,Van Cortlandt Village,17,29,18,53.79655172413793,30.216666666666665,0.6206896551724138,2026-03,unreliable_trip_rate,0.0,1.0,0.0,0.0,True
3,Allerton/Pelham Gardens,23,21,13,24.21825396825397,16.5,0.6190476190476191,2026-03,unreliable_trip_rate,0.0,1.0,0.0,0.0,True
171,Murray Hill-Queens,11,21,13,47.394444444444446,33.733333333333334,0.6190476190476191,2026-03,unreliable_trip_rate,0.0,1.0,0.0,0.0,True
242,Van Nest/Morris Park,0,21,13,27.178571428571427,15.466666666666667,0.6190476190476191,2026-03,unreliable_trip_rate,0.0,1.0,0.0,0.0,True
257,Windsor Terrace,5,21,13,40.0,23.15,0.6190476190476191,2026-03,unreliable_trip_rate,0.0,1.0,0.0,0.0,True
38,Cambria Heights,16,13,8,56.774358974358975,46.4,0.6153846153846154,2026-03,unreliable_trip_rate,0.0,1.0,0.0,0.0,True
55,Coney Island,0,26,16,33.26474358974359,19.208333333333332,0.6153846153846154,2026-03,unreliable_trip_rate,0.0,1.0,0.0,0.0,True
94,Fordham South,0,13,8,32.31666666666667,15.466666666666667,0.6153846153846154,2026-03,unreliable_trip_rate,0.0,1.0,0.0,0.0,True
122,Hollis,17,13,8,47.71410256410256,40.916666666666664,0.6153846153846154,2026-03,unreliable_trip_rate,0.0,1.0,0.0,0.0,True
205,Saint Albans,0,13,8,31.256410256410255,21.883333333333333,0.6153846153846154,2026-03,unreliable_trip_rate,0.0,1.0,0.0,0.0,True
240,Van Cortlandt Park,5,13,8,47.91923076923077,34.34166666666667,0.6153846153846154,2026-03,unreliable_trip_rate,0.0,1.0,0.0,0.0,True
254,Williamsbridge/Olinville,22,26,16,34.84487179487179,18.116666666666667,0.6153846153846154,2026-03,unreliable_trip_rate,0.0,1.0,0.0,0.0,True
185,Pelham Parkway,18,18,11,42.46203703703704,25.1,0.6111111111111112,2026-03,unreliable_trip_rate,0.0,1.0,0.0,0.0,True
185,Pelham Parkway,21,18,11,31.115740740740744,19.0,0.6111111111111112,2026-03,unreliable_trip_rate,0.0,1.0,0.0,0.0,True
136,Kingsbridge Heights,18,23,14,39.22898550724638,25.1,0.6086956521739131,2026-03,unreliable_trip_rate,0.0,1.0,0.0,0.0,True
252,Whitestone,7,23,14,59.22463768115942,33.9,0.6086956521739131,2026-03,unreliable_trip_rate,0.0,1.0,0.0,0.0,True
259,Woodlawn/Wakefield,20,28,17,50.94583333333333,18.75,0.6071428571428571,2026-03,unreliable_trip_rate,0.0,1.0,0.0,0.0,True
6,Arrochar/Fort Wadsworth,15,5,3,30.493333333333332,14.75,0.6,2026-03,unreliable_trip_rate,1.0,0.0,0.0,0.0,True
9,Auburndale,5,5,3,29.306666666666665,21.016666666666666,0.6,2026-03,unreliable_trip_rate,0.0,1.0,0.0,0.0,True
9,Auburndale,21,5,3,31.85333333333333,26.016666666666666,0.6,2026-03,unreliable_trip_rate,0.0,1.0,0.0,0.0,True
11,Bath Beach,4,5,3,28.633333333333333,18.0,0.6,2026-03,unreliable_trip_rate,0.0,1.0,0.0,0.0,True
21,Bensonhurst East,4,10,6,43.41166666666667,18.0,0.6,2026-03,unreliable_trip_rate,0.0,1.0,0.0,0.0,True
39,Canarsie,2,5,3,24.13,17.55,0.6,2026-03,unreliable_trip_rate,0.0,1.0,0.0,0.0,True
46,City Island,10,5,3,48.77333333333333,36.916666666666664,0.6,2026-03,unreliable_trip_rate,0.0,1.0,0.0,0.0,True
51,Co-Op City,1,5,3,59.1,14.416666666666666,0.6,2026-03,unreliable_trip_rate,0.0,1.0,0.0,0.0,True
51,Co-Op City,3,5,3,27.48,15.950000000000001,0.6,2026-03,unreliable_trip_rate,0.0,1.0,0.0,0.0,True
67,Dyker Heights,10,15,9,52.05888888888889,28.966666666666665,0.6,2026-03,unreliable_trip_rate,0.0,1.0,0.0,0.0,True
73,East Flushing,17,5,3,50.29333333333334,40.916666666666664,0.6,2026-03,unreliable_trip_rate,0.0,1.0,0.0,0.0,True
92,Flushing,5,25,15,34.12533333333333,21.016666666666666,0.6,2026-03,unreliable_trip_rate,0.0,1.0,0.0,0.0,True
128,Inwood Hill Park,2,5,3,19.173333333333332,11.133333333333333,0.6,2026-03,unreliable_trip_rate,0.0,1.0,0.0,0.0,True
150,Manhattan Beach,6,10,6,53.095000000000006,28.8,0.6,2026-03,unreliable_trip_rate,0.0,1.0,0.0,0.0,True
178,Ocean Parkway South,23,5,3,22.26,19.45,0.6,2026-03,unreliable_trip_rate,0.0,1.0,0.0,0.0,True
201,Rockaway Park,9,20,12,52.88333333333334,36.666666666666664,0.6,2026-03,unreliable_trip_rate,0.0,1.0,0.0,0.0,True
205,Saint Albans,1,5,3,26.643333333333334,19.783333333333335,0.6,2026-03,unreliable_trip_rate,0.0,1.0,0.0,0.0,True
218,Springfield Gardens North,3,5,3,42.373333333333335,16.633333333333333,0.6,2026-03,unreliable_trip_rate,0.0,1.0,0.0,0.0,True
248,West Farms/Bronx River,3,5,3,29.75,15.950000000000001,0.6,2026-03,unreliable_trip_rate,0.0,1.0,0.0,0.0,True
252,Whitestone,4,15,9,31.683333333333334,16.616666666666667,0.6,2026-03,unreliable_trip_rate,0.0,1.0,0.0,0.0,True
252,Whitestone,10,5,3,62.913333333333334,33.833333333333336,0.6,2026-03,unreliable_trip_rate,0.0,1.0,0.0,0.0,True
20,Belmont,21,22,13,32.981818181818184,19.0,0.5909090909090909,2026-03,unreliable_trip_rate,0.0,1.0,0.0,0.0,True
32,Bronxdale,21,22,13,32.428030303030305,19.0,0.5909090909090909,2026-03,unreliable_trip_rate,0.0,1.0,0.0,0.0,True
15,Bay Terrace/Fort Totten,7,17,10,64.86176470588236,33.9,0.5882352941176471,2026-03,unreliable_trip_rate,0.0,1.0,0.0,0.0,True
139,Laurelton,12,17,10,45.65098039215686,33.71666666666667,0.5882352941176471,2026-03,unreliable_trip_rate,0.0,1.0,0.0,0.0,True
190,Prospect Park,12,17,10,49.807843137254906,29.45,0.5882352941176471,2026-03,unreliable_trip_rate,0.0,1.0,0.0,0.0,True
11,Bath Beach,16,12,7,42.28055555555556,28.8,0.5833333333333334,2026-03,unreliable_trip_rate,0.0,1.0,0.0,0.0,True
19,Bellerose,10,12,7,49.40555555555556,33.833333333333336,0.5833333333333334,2026-03,unreliable_trip_rate,0.0,1.0,0.0,0.0,True
21,Bensonhurst East,22,12,7,39.355555555555554,20.533333333333335,0.5833333333333334,2026-03,unreliable_trip_rate,0.0,1.0,0.0,0.0,True
31,Bronx Park,14,12,7,48.89861111111111,31.883333333333333,0.5833333333333334,2026-03,unreliable_trip_rate,0.0,1.0,0.0,0.0,True
122,Hollis,19,12,7,40.52638888888889,28.791666666666668,0.5833333333333334,2026-03,unreliable_trip_rate,0.0,1.0,0.0,0.0,True
135,Kew Gardens Hills,10,24,14,43.51597222222222,33.833333333333336,0.5833333333333334,2026-03,unreliable_trip_rate,0.0,1.0,0.0,0.0,True
139,Laurelton,4,12,7,42.72777777777778,16.616666666666667,0.5833333333333334,2026-03,unreliable_trip_rate,0.0,1.0,0.0,0.0,True
192,Queensboro Hill,11,12,7,49.68055555555555,33.733333333333334,0.5833333333333334,2026-03,unreliable_trip_rate,0.0,1.0,0.0,0.0,True
254,Williamsbridge/Olinville,3,12,7,32.87361111111111,15.950000000000001,0.5833333333333334,2026-03,unreliable_trip_rate,0.0,1.0,0.0,0.0,True
19,Bellerose,9,19,11,53.51491228070175,36.666666666666664,0.5789473684210527,2026-03,unreliable_trip_rate,0.0,1.0,0.0,0.0,True
192,Queensboro Hill,5,19,11,30.335087719298247,21.016666666666666,0.5789473684210527,2026-03,unreliable_trip_rate,0.0,1.0,0.0,0.0,True
265,Outside of NYC,6,19,11,33.574561403508774,10.375,0.5789473684210527,2026-03,unreliable_trip_rate,0.0,1.0,0.0,0.0,True
20,Belmont,5,26,15,42.61282051282051,34.34166666666667,0.5769230769230769,2026-03,unreliable_trip_rate,0.0,1.0,0.0,0.0,True
38,Cambria Heights,10,26,15,50.44871794871795,33.833333333333336,0.5769230769230769,2026-03,unreliable_trip_rate,0.0,1.0,0.0,0.0,True
81,Eastchester,21,26,15,38.525,19.0,0.5769230769230769,2026-03,unreliable_trip_rate,0.0,1.0,0.0,0.0,True
191,Queens Village,20,26,15,39.29871794871795,27.266666666666666,0.5769230769230769,2026-03,unreliable_trip_rate,0.0,1.0,0.0,0.0,True
265,Outside of NYC,20,26,15,24.88525641025641,11.633333333333333,0.5769230769230769,2026-03,unreliable_trip_rate,0.0,1.0,0.0,0.0,True
11,Bath Beach,19,14,8,32.08333333333333,21.483333333333334,0.5714285714285714,2026-03,unreliable_trip_rate,0.0,1.0,0.0,0.0,True
12,Battery Park,21,14,8,17.19047619047619,12.0,0.5714285714285714,2026-03,unreliable_trip_rate,0.0,1.0,0.0,0.0,True
16,Bayside,11,14,8,44.239285714285714,33.733333333333334,0.5714285714285714,2026-03,unreliable_trip_rate,0.0,1.0,0.0,0.0,True
29,Brighton Beach,21,7,4,29.876190476190477,20.95,0.5714285714285714,2026-03,unreliable_trip_rate,0.0,1.0,0.0,0.0,True
46,City Island,22,7,4,38.214285714285715,18.116666666666667,0.5714285714285714,2026-03,unreliable_trip_rate,0.0,1.0,0.0,0.0,True
73,East Flushing,10,7,4,56.11666666666667,33.833333333333336,0.5714285714285714,2026-03,unreliable_trip_rate,0.0,1.0,0.0,0.0,True
85,Erasmus,23,28,16,24.648809523809522,19.45,0.5714285714285714,2026-03,unreliable_trip_rate,0.0,1.0,0.0,0.0,True
108,Gravesend,18,14,8,51.83095238095238,22.833333333333332,0.5714285714285714,2026-03,unreliable_trip_rate,0.0,1.0,0.0,0.0,True
119,Highbridge,3,7,4,26.04047619047619,15.950000000000001,0.5714285714285714,2026-03,unreliable_trip_rate,0.0,1.0,0.0,0.0,True
122,Hollis,18,7,4,59.528571428571425,33.275,0.5714285714285714,2026-03,unreliable_trip_rate,0.0,1.0,0.0,0.0,True
128,Inwood Hill Park,16,7,4,18.87142857142857,13.116666666666667,0.5714285714285714,2026-03,unreliable_trip_rate,0.0,1.0,0.0,0.0,True
150,Manhattan Beach,14,28,16,57.83571428571429,29.0,0.5714285714285714,2026-03,unreliable_trip_rate,0.0,1.0,0.0,0.0,True
194,Randalls Island,13,7,4,26.545238095238094,13.2,0.5714285714285714,2026-03,unreliable_trip_rate,0.0,1.0,0.0,0.0,True
200,Riverdale/North Riverdale/Fieldston,20,14,8,26.560714285714283,18.75,0.5714285714285714,2026-03,unreliable_trip_rate,0.0,1.0,0.0,0.0,True
240,Van Cortlandt Park,13,7,4,56.9952380952381,34.391666666666666,0.5714285714285714,2026-03,unreliable_trip_rate,0.0,1.0,0.0,0.0,True
265,Outside of NYC,8,21,12,28.353968253968258,15.016666666666667,0.5714285714285714,2026-03,unreliable_trip_rate,0.0,1.0,0.0,0.0,True
150,Manhattan Beach,13,23,13,45.78405797101449,28.733333333333334,0.5652173913043478,2026-03,unreliable_trip_rate,0.0,1.0,0.0,0.0,True
265,Outside of NYC,10,23,13,24.344202898550723,12.3,0.5652173913043478,2026-03,unreliable_trip_rate,0.0,1.0,0.0,0.0,True
3,Allerton/Pelham Gardens,17,16,9,48.844791666666666,30.216666666666665,0.5625,2026-03,unreliable_trip_rate,0.0,1.0,0.0,0.0,True
32,Bronxdale,18,16,9,37.713541666666664,25.1,0.5625,2026-03,unreliable_trip_rate,0.0,1.0,0.0,0.0,True
180,Ozone Park,5,16,9,33.39270833333333,21.016666666666666,0.5625,2026-03,unreliable_trip_rate,0.0,1.0,0.0,0.0,True
252,Whitestone,9,16,9,49.075,36.666666666666664,0.5625,2026-03,unreliable_trip_rate,0.0,1.0,0.0,0.0,True
3,Allerton/Pelham Gardens,5,25,14,44.06133333333333,34.34166666666667,0.56,2026-03,unreliable_trip_rate,0.0,1.0,0.0,0.0,True
20,Belmont,15,25,14,62.48866666666667,36.13333333333333,0.56,2026-03,unreliable_trip_rate,0.0,1.0,0.0,0.0,True
131,Jamaica Estates,11,25,14,50.18933333333334,33.733333333333334,0.56,2026-03,unreliable_trip_rate,0.0,1.0,0.0,0.0,True
3,Allerton/Pelham Gardens,18,9,5,33.53888888888889,25.1,0.5555555555555556,2026-03,unreliable_trip_rate,0.0,1.0,0.0,0.0,True
12,Battery Park,19,27,15,15.20246913580247,11.75,0.5555555555555556,2026-03,unreliable_trip_rate,0.0,1.0,0.0,0.0,True
15,Bay Terrace/Fort Totten,14,9,5,61.24074074074073,43.13333333333333,0.5555555555555556,2026-03,unreliable_trip_rate,0.0,1.0,0.0,0.0,True
55,Coney Island,1,9,5,25.585185185185182,18.65,0.5555555555555556,2026-03,unreliable_trip_rate,0.0,1.0,0.0,0.0,True
117,Hammels/Arverne,22,18,10,34.898148148148145,25.416666666666668,0.5555555555555556,2026-03,unreliable_trip_rate,0.0,1.0,0.0,0.0,True
128,Inwood Hill Park,21,9,5,18.47037037037037,12.0,0.5555555555555556,2026-03,unreliable_trip_rate,0.0,1.0,0.0,0.0,True
184,Pelham Bay Park,6,9,5,46.36851851851852,36.25,0.5555555555555556,2026-03,unreliable_trip_rate,0.0,1.0,0.0,0.0,True
201,Rockaway Park,23,9,5,32.349999999999994,23.666666666666668,0.5555555555555556,2026-03,unreliable_trip_rate,0.0,1.0,0.0,0.0,True
202,Roosevelt Island,4,9,5,16.616666666666667,11.433333333333334,0.5555555555555556,2026-03,unreliable_trip_rate,0.0,1.0,0.0,0.0,True
203,Rosedale,19,18,10,35.85092592592593,28.791666666666668,0.5555555555555556,2026-03,unreliable_trip_rate,0.0,1.0,0.0,0.0,True
208,Schuylerville/Edgewater Park,12,18,10,52.300925925925924,36.6,0.5555555555555556,2026-03,unreliable_trip_rate,0.0,1.0,0.0,0.0,True
235,University Heights/Morris Heights,0,9,5,20.816666666666666,15.466666666666667,0.5555555555555556,2026-03,unreliable_trip_rate,0.0,1.0,0.0,0.0,True
252,Whitestone,8,18,10,42.54259259259259,36.5,0.5555555555555556,2026-03,unreliable_trip_rate,0.0,1.0,0.0,0.0,True
78,East Tremont,4,29,16,40.808045977011496,19.875,0.5517241379310345,2026-03,unreliable_trip_rate,0.0,1.0,0.0,0.0,True
254,Williamsbridge/Olinville,18,29,16,37.929310344827584,25.1,0.5517241379310345,2026-03,unreliable_trip_rate,0.0,1.0,0.0,0.0,True
16,Bayside,9,20,11,48.73583333333333,36.666666666666664,0.55,2026-03,unreliable_trip_rate,0.0,1.0,0.0,0.0,True
150,Manhattan Beach,9,20,11,39.11416666666666,27.983333333333334,0.55,2026-03,unreliable_trip_rate,0.0,1.0,0.0,0.0,True
259,Woodlawn/Wakefield,18,20,11,45.369166666666665,25.1,0.55,2026-03,unreliable_trip_rate,0.0,1.0,0.0,0.0,True
15,Bay Terrace/Fort Totten,10,11,6,41.50454545454546,33.833333333333336,0.5454545454545454,2026-03,unreliable_trip_rate,0.0,1.0,0.0,0.0,True
101,Glen Oaks,9,11,6,46.846969696969694,36.666666666666664,0.5454545454545454,2026-03,unreliable_trip_rate,0.0,1.0,0.0,0.0,True
115,Grymes Hill/Clifton,8,11,6,34.692424242424245,18.7,0.5454545454545454,2026-03,unreliable_trip_rate,0.0,1.0,0.0,0.0,True
122,Hollis,11,22,12,45.836363636363636,33.733333333333334,0.5454545454545454,2026-03,unreliable_trip_rate,0.0,1.0,0.0,0.0,True
183,Pelham Bay,16,11,6,45.82424242424242,35.666666666666664,0.5454545454545454,2026-03,unreliable_trip_rate,0.0,1.0,0.0,0.0,True
208,Schuylerville/Edgewater Park,4,11,6,27.283333333333335,19.875,0.5454545454545454,2026-03,unreliable_trip_rate,0.0,1.0,0.0,0.0,True
227,Sunset Park East,21,11,6,26.019696969696966,20.95,0.5454545454545454,2026-03,unreliable_trip_rate,0.0,1.0,0.0,0.0,True
258,Woodhaven,3,22,12,19.536363636363635,16.633333333333333,0.5454545454545454,2026-03,unreliable_trip_rate,0.0,1.0,0.0,0.0,True
20,Belmont,11,24,13,59.28125,38.75833333333333,0.5416666666666666,2026-03,unreliable_trip_rate,0.0,1.0,0.0,0.0,True
62,Crown Heights South,3,24,13,23.80972222222222,17.083333333333332,0.5416666666666666,2026-03,unreliable_trip_rate,0.0,1.0,0.0,0.0,True
254,Williamsbridge/Olinville,23,24,13,28.264583333333334,16.5,0.5416666666666666,2026-03,unreliable_trip_rate,0.0,1.0,0.0,0.0,True
3,Allerton/Pelham Gardens,21,13,7,41.08076923076923,19.0,0.5384615384615384,2026-03,unreliable_trip_rate,0.0,1.0,0.0,0.0,True
38,Cambria Heights,18,13,7,38.687179487179485,33.275,0.5384615384615384,2026-03,unreliable_trip_rate,0.0,1.0,0.0,0.0,True
94,Fordham South,11,26,14,50.03012820512821,38.75833333333333,0.5384615384615384,2026-03,unreliable_trip_rate,0.0,1.0,0.0,0.0,True
139,Laurelton,11,26,14,44.69807692307692,33.733333333333334,0.5384615384615384,2026-03,unreliable_trip_rate,0.0,1.0,0.0,0.0,True
149,Madison,17,26,14,44.49230769230769,26.25,0.5384615384615384,2026-03,unreliable_trip_rate,0.0,1.0,0.0,0.0,True
173,North Corona,12,13,7,46.45641025641026,33.71666666666667,0.5384615384615384,2026-03,unreliable_trip_rate,0.0,1.0,0.0,0.0,True
235,University Heights/Morris Heights,3,13,7,38.926923076923075,15.950000000000001,0.5384615384615384,2026-03,unreliable_trip_rate,0.0,1.0,0.0,0.0,True
3,Allerton/Pelham Gardens,9,28,15,53.8297619047619,35.75,0.5357142857142857,2026-03,unreliable_trip_rate,0.0,1.0,0.0,0.0,True
81,Eastchester,5,28,15,41.54642857142857,34.34166666666667,0.5357142857142857,2026-03,unreliable_trip_rate,0.0,1.0,0.0,0.0,True
219,Springfield Gardens South,21,28,15,33.93214285714286,26.016666666666666,0.5357142857142857,2026-03,unreliable_trip_rate,0.0,1.0,0.0,0.0,True
16,Bayside,13,15,8,49.66777777777778,36.766666666666666,0.5333333333333333,2026-03,unreliable_trip_rate,0.0,1.0,0.0,0.0,True
150,Manhattan Beach,7,15,8,43.79777777777778,28.233333333333334,0.5333333333333333,2026-03,unreliable_trip_rate,0.0,1.0,0.0,0.0,True
150,Manhattan Beach,19,15,8,34.10777777777778,21.483333333333334,0.5333333333333333,2026-03,unreliable_trip_rate,0.0,1.0,0.0,0.0,True
171,Murray Hill-Queens,14,15,8,64.80222222222223,43.13333333333333,0.5333333333333333,2026-03,unreliable_trip_rate,0.0,1.0,0.0,0.0,True
174,Norwood,0,15,8,22.544444444444444,15.466666666666667,0.5333333333333333,2026-03,unreliable_trip_rate,0.0,1.0,0.0,0.0,True
175,Oakland Gardens,11,15,8,48.82,33.733333333333334,0.5333333333333333,2026-03,unreliable_trip_rate,0.0,1.0,0.0,0.0,True
189,Prospect Heights,3,15,8,23.99888888888889,17.083333333333332,0.5333333333333333,2026-03,unreliable_trip_rate,0.0,1.0,0.0,0.0,True
205,Saint Albans,20,15,8,37.86222222222223,27.266666666666666,0.5333333333333333,2026-03,unreliable_trip_rate,0.0,1.0,0.0,0.0,True
265,Outside of NYC,1,15,8,15.722222222222221,10.908333333333333,0.5333333333333333,2026-03,unreliable_trip_rate,0.0,1.0,0.0,0.0,True
67,Dyker Heights,6,17,9,39.745098039215684,28.8,0.5294117647058824,2026-03,unreliable_trip_rate,0.0,1.0,0.0,0.0,True
240,Van Cortlandt Park,8,17,9,44.996078431372545,32.88333333333333,0.5294117647058824,2026-03,unreliable_trip_rate,0.0,1.0,0.0,0.0,True
35,Brownsville,1,19,10,30.81754385964912,18.65,0.5263157894736842,2026-03,unreliable_trip_rate,0.0,1.0,0.0,0.0,True
178,Ocean Parkway South,7,19,10,48.050877192982455,28.233333333333334,0.5263157894736842,2026-03,unreliable_trip_rate,0.0,1.0,0.0,0.0,True
11,Bath Beach,12,21,11,55.17142857142858,29.45,0.5238095238095238,2026-03,unreliable_trip_rate,0.0,1.0,0.0,0.0,True
250,Westchester Village/Unionport,22,21,11,27.81111111111111,18.116666666666667,0.5238095238095238,2026-03,unreliable_trip_rate,0.0,1.0,0.0,0.0,True
67,Dyker Heights,14,23,12,42.2195652173913,29.0,0.5217391304347826,2026-03,unreliable_trip_rate,0.0,1.0,0.0,0.0,True
10,Baisley Park,4,25,13,27.278000000000002,16.616666666666667,0.52,2026-03,unreliable_trip_rate,0.0,1.0,0.0,0.0,True
150,Manhattan Beach,17,25,13,40.524,26.25,0.52,2026-03,unreliable_trip_rate,0.0,1.0,0.0,0.0,True
222,Starrett City,19,25,13,35.92,21.483333333333334,0.52,2026-03,unreliable_trip_rate,0.0,1.0,0.0,0.0,True
20,Belmont,12,27,14,48.76296296296296,36.6,0.5185185185185185,2026-03,unreliable_trip_rate,0.0,1.0,0.0,0.0,True
81,Eastchester,22,27,14,28.73148148148148,18.116666666666667,0.5185185185185185,2026-03,unreliable_trip_rate,0.0,1.0,0.0,0.0,True
183,Pelham Bay,5,27,14,54.6320987654321,34.34166666666667,0.5185185185185185,2026-03,unreliable_trip_rate,0.0,1.0,0.0,0.0,True
135,Kew Gardens Hills,13,29,15,49.514367816091955,36.766666666666666,0.5172413793103449,2026-03,unreliable_trip_rate,0.0,1.0,0.0,0.0,True
264,Unknown,4,29,15,16.775862068965516,10.308333333333334,0.5172413793103449,2026-03,unreliable_trip_rate,0.0,1.0,0.0,0.0,True
1,Newark Airport,14,2,1,28.633333333333333,14.716666666666667,0.5,2026-03,unreliable_trip_rate,1.0,0.0,0.0,0.0,True
6,Arrochar/Fort Wadsworth,0,2,1,18.058333333333334,13.0,0.5,2026-03,unreliable_trip_rate,1.0,0.0,0.0,0.0,True
6,Arrochar/Fort Wadsworth,1,2,1,15.566666666666666,12.533333333333333,0.5,2026-03,unreliable_trip_rate,1.0,0.0,0.0,0.0,True
6,Arrochar/Fort Wadsworth,4,2,1,15.433333333333334,12.9,0.5,2026-03,unreliable_trip_rate,1.0,0.0,0.0,0.0,True
6,Arrochar/Fort Wadsworth,8,4,2,29.179166666666667,18.7,0.5,2026-03,unreliable_trip_rate,0.0,1.0,0.0,0.0,True
6,Arrochar/Fort Wadsworth,19,2,1,21.75,12.733333333333333,0.5,2026-03,unreliable_trip_rate,1.0,0.0,0.0,0.0,True
6,Arrochar/Fort Wadsworth,23,2,1,26.741666666666667,13.3,0.5,2026-03,unreliable_trip_rate,1.0,0.0,0.0,0.0,True
8,Astoria Park,16,2,1,59.425000000000004,46.4,0.5,2026-03,unreliable_trip_rate,0.0,1.0,0.0,0.0,True
8,Astoria Park,18,2,1,36.25,33.275,0.5,2026-03,unreliable_trip_rate,0.0,1.0,0.0,0.0,True
9,Auburndale,4,4,2,26.525,16.616666666666667,0.5,2026-03,unreliable_trip_rate,0.0,1.0,0.0,0.0,True
9,Auburndale,12,8,4,47.1625,33.71666666666667,0.5,2026-03,unreliable_trip_rate,0.0,1.0,0.0,0.0,True
9,Auburndale,23,4,2,29.366666666666667,23.666666666666668,0.5,2026-03,unreliable_trip_rate,0.0,1.0,0.0,0.0,True
10,Baisley Park,2,10,5,19.148333333333333,18.066666666666666,0.5,2026-03,unreliable_trip_rate,0.0,1.0,0.0,0.0,True
11,Bath Beach,6,16,8,43.675,28.8,0.5,2026-03,unreliable_trip_rate,0.0,1.0,0.0,0.0,True
11,Bath Beach,10,18,9,48.5,28.966666666666665,0.5,2026-03,unreliable_trip_rate,0.0,1.0,0.0,0.0,True
12,Battery Park,5,2,1,15.524999999999999,10.783333333333333,0.5,2026-03,unreliable_trip_rate,0.0,1.0,0.0,0.0,True
12,Battery Park,6,2,1,12.483333333333334,10.416666666666666,0.5,2026-03,unreliable_trip_rate,0.0,1.0,0.0,0.0,True
14,Bay Ridge,2,12,6,19.1875,17.55,0.5,2026-03,unreliable_trip_rate,0.0,1.0,0.0,0.0,True
15,Bay Terrace/Fort Totten,18,6,3,33.46388888888889,33.275,0.5,2026-03,unreliable_trip_rate,0.0,1.0,0.0,0.0,True
16,Bayside,5,4,2,24.454166666666666,21.016666666666666,0.5,2026-03,unreliable_trip_rate,0.0,1.0,0.0,0.0,True
16,Bayside,15,16,8,57.82083333333333,46.11666666666667,0.5,2026-03,unreliable_trip_rate,0.0,1.0,0.0,0.0,True
19,Bellerose,4,4,2,19.0875,16.616666666666667,0.5,2026-03,unreliable_trip_rate,0.0,1.0,0.0,0.0,True
20,Belmont,17,22,11,41.46439393939394,30.216666666666665,0.5,2026-03,unreliable_trip_rate,0.0,1.0,0.0,0.0,True
21,Bensonhurst East,3,4,2,18.28333333333333,17.083333333333332,0.5,2026-03,unreliable_trip_rate,0.0,1.0,0.0,0.0,True
23,Bloomfield/Emerson Hill,11,4,2,19.358333333333334,14.416666666666666,0.5,2026-03,unreliable_trip_rate,1.0,0.0,0.0,0.0,True
29,Brighton Beach,19,16,8,30.70104166666667,21.483333333333334,0.5,2026-03,unreliable_trip_rate,0.0,1.0,0.0,0.0,True
30,Broad Channel,1,2,1,15.858333333333333,19.783333333333335,0.5,2026-03,unreliable_trip_rate,0.0,1.0,0.0,0.0,True
30,Broad Channel,11,2,1,51.275,33.733333333333334,0.5,2026-03,unreliable_trip_rate,0.0,1.0,0.0,0.0,True
32,Bronxdale,19,10,5,29.294999999999998,19.533333333333335,0.5,2026-03,unreliable_trip_rate,0.0,1.0,0.0,0.0,True
32,Bronxdale,20,20,10,33.17166666666667,18.75,0.5,2026-03,unreliable_trip_rate,0.0,1.0,0.0,0.0,True
35,Brownsville,2,8,4,21.764583333333334,17.55,0.5,2026-03,unreliable_trip_rate,0.0,1.0,0.0,0.0,True
38,Cambria Heights,1,4,2,24.804166666666667,19.783333333333335,0.5,2026-03,unreliable_trip_rate,0.0,1.0,0.0,0.0,True
38,Cambria Heights,19,8,4,33.25416666666667,28.791666666666668,0.5,2026-03,unreliable_trip_rate,0.0,1.0,0.0,0.0,True
40,Carroll Gardens,4,12,6,30.527777777777775,18.0,0.5,2026-03,unreliable_trip_rate,0.0,1.0,0.0,0.0,True
46,City Island,6,2,1,63.525000000000006,36.25,0.5,2026-03,unreliable_trip_rate,0.0,1.0,0.0,0.0,True
46,City Island,7,2,1,29.441666666666666,32.96666666666667,0.5,2026-03,unreliable_trip_rate,0.0,1.0,0.0,0.0,True
46,City Island,11,4,2,42.9625,38.75833333333333,0.5,2026-03,unreliable_trip_rate,0.0,1.0,0.0,0.0,True
46,City Island,20,4,2,23.683333333333334,18.75,0.5,2026-03,unreliable_trip_rate,0.0,1.0,0.0,0.0,True
46,City Island,23,2,1,26.30833333333333,16.5,0.5,2026-03,unreliable_trip_rate,0.0,1.0,0.0,0.0,True
47,Claremont/Bathgate,2,2,1,19.525,15.775,0.5,2026-03,unreliable_trip_rate,0.0,1.0,0.0,0.0,True
51,Co-Op City,0,10,5,25.011666666666667,15.466666666666667,0.5,2026-03,unreliable_trip_rate,0.0,1.0,0.0,0.0,True
51,Co-Op City,2,2,1,17.816666666666666,15.775,0.5,2026-03,unreliable_trip_rate,0.0,1.0,0.0,0.0,True
54,Columbia Street,2,2,1,22.200000000000003,17.55,0.5,2026-03,unreliable_trip_rate,0.0,1.0,0.0,0.0,True
54,Columbia Street,12,8,4,31.31875,29.45,0.5,2026-03,unreliable_trip_rate,0.0,1.0,0.0,0.0,True
57,Corona,17,6,3,59.22222222222222,40.916666666666664,0.5,2026-03,unreliable_trip_rate,0.0,1.0,0.0,0.0,True
57,Corona,19,2,1,29.283333333333335,28.791666666666668,0.5,2026-03,unreliable_trip_rate,0.0,1.0,0.0,0.0,True
58,Country Club,4,4,2,40.541666666666664,19.875,0.5,2026-03,unreliable_trip_rate,0.0,1.0,0.0,0.0,True
58,Country Club,10,4,2,51.916666666666664,36.916666666666664,0.5,2026-03,unreliable_trip_rate,0.0,1.0,0.0,0.0,True
58,Country Club,11,2,1,46.20833333333333,38.75833333333333,0.5,2026-03,unreliable_trip_rate,0.0,1.0,0.0,0.0,True
58,Country Club,16,2,1,41.55833333333334,35.666666666666664,0.5,2026-03,unreliable_trip_rate,0.0,1.0,0.0,0.0,True
58,Country Club,19,2,1,17.975,19.533333333333335,0.5,2026-03,unreliable_trip_rate,0.0,1.0,0.0,0.0,True
59,Crotona Park,17,4,2,24.65,30.216666666666665,0.5,2026-03,unreliable_trip_rate,0.0,1.0,0.0,0.0,True
63,Cypress Hills,19,26,13,25.560897435897438,21.483333333333334,0.5,2026-03,unreliable_trip_rate,0.0,1.0,0.0,0.0,True
63,Cypress Hills,22,26,13,26.573076923076922,20.533333333333335,0.5,2026-03,unreliable_trip_rate,0.0,1.0,0.0,0.0,True
64,Douglaston,13,4,2,48.454166666666666,36.766666666666666,0.5,2026-03,unreliable_trip_rate,0.0,1.0,0.0,0.0,True
67,Dyker Heights,4,4,2,27.216666666666665,18.0,0.5,2026-03,unreliable_trip_rate,0.0,1.0,0.0,0.0,True
69,East Concourse/Concourse Village,2,2,1,17.825,15.775,0.5,2026-03,unreliable_trip_rate,0.0,1.0,0.0,0.0,True
72,East Flatbush/Remsen Village,2,14,7,22.916666666666664,17.55,0.5,2026-03,unreliable_trip_rate,0.0,1.0,0.0,0.0,True
73,East Flushing,5,2,1,17.008333333333333,21.016666666666666,0.5,2026-03,unreliable_trip_rate,0.0,1.0,0.0,0.0,True
73,East Flushing,23,4,2,23.454166666666666,23.666666666666668,0.5,2026-03,unreliable_trip_rate,0.0,1.0,0.0,0.0,True
77,East New York/Pennsylvania Avenue,20,20,10,34.94166666666667,21.45,0.5,2026-03,unreliable_trip_rate,0.0,1.0,0.0,0.0,True
81,Eastchester,2,4,2,24.770833333333332,15.775,0.5,2026-03,unreliable_trip_rate,0.0,1.0,0.0,0.0,True
85,Erasmus,0,16,8,21.88854166666667,19.208333333333332,0.5,2026-03,unreliable_trip_rate,0.0,1.0,0.0,0.0,True
94,Fordham South,21,8,4,45.03333333333333,19.0,0.5,2026-03,unreliable_trip_rate,0.0,1.0,0.0,0.0,True
96,Forest Park/Highland Park,6,2,1,40.04166666666667,29.333333333333332,0.5,2026-03,unreliable_trip_rate,0.0,1.0,0.0,0.0,True
96,Forest Park/Highland Park,21,2,1,34.79166666666667,26.016666666666666,0.5,2026-03,unreliable_trip_rate,0.0,1.0,0.0,0.0,True
96,Forest Park/Highland Park,23,2,1,30.65833333333333,23.666666666666668,0.5,2026-03,unreliable_trip_rate,0.0,1.0,0.0,0.0,True
98,Fresh Meadows,6,12,6,40.89444444444444,29.333333333333332,0.5,2026-03,unreliable_trip_rate,0.0,1.0,0.0,0.0,True
101,Glen Oaks,2,2,1,15.591666666666667,18.066666666666666,0.5,2026-03,unreliable_trip_rate,0.0,1.0,0.0,0.0,True
102,Glendale,11,20,10,41.935833333333335,33.733333333333334,0.5,2026-03,unreliable_trip_rate,0.0,1.0,0.0,0.0,True
108,Gravesend,22,6,3,36.53611111111111,20.533333333333335,0.5,2026-03,unreliable_trip_rate,0.0,1.0,0.0,0.0,True
115,Grymes Hill/Clifton,17,2,1,26.041666666666664,13.966666666666667,0.5,2026-03,unreliable_trip_rate,1.0,0.0,0.0,0.0,True
117,Hammels/Arverne,1,2,1,29.166666666666664,19.783333333333335,0.5,2026-03,unreliable_trip_rate,0.0,1.0,0.0,0.0,True
117,Hammels/Arverne,2,6,3,20.633333333333333,18.066666666666666,0.5,2026-03,unreliable_trip_rate,0.0,1.0,0.0,0.0,True
117,Hammels/Arverne,3,4,2,25.929166666666667,16.633333333333333,0.5,2026-03,unreliable_trip_rate,0.0,1.0,0.0,0.0,True
117,Hammels/Arverne,23,16,8,29.120833333333334,23.666666666666668,0.5,2026-03,unreliable_trip_rate,0.0,1.0,0.0,0.0,True
118,Heartland Village/Todt Hill,9,2,1,12.641666666666667,13.683333333333334,0.5,2026-03,unreliable_trip_rate,1.0,0.0,0.0,0.0,True
118,Heartland Village/Todt Hill,21,2,1,17.48333333333333,12.916666666666666,0.5,2026-03,unreliable_trip_rate,1.0,0.0,0.0,0.0,True
119,Highbridge,2,4,2,19.033333333333335,15.775,0.5,2026-03,unreliable_trip_rate,0.0,1.0,0.0,0.0,True
120,Highbridge Park,1,2,1,16.683333333333334,11.616666666666667,0.5,2026-03,unreliable_trip_rate,0.0,1.0,0.0,0.0,True
120,Highbridge Park,11,2,1,20.941666666666666,13.216666666666667,0.5,2026-03,unreliable_trip_rate,0.0,1.0,0.0,0.0,True
120,Highbridge Park,16,2,1,15.166666666666668,13.116666666666667,0.5,2026-03,unreliable_trip_rate,0.0,1.0,0.0,0.0,True
123,Homecrest,7,22,11,49.25151515151515,28.233333333333334,0.5,2026-03,unreliable_trip_rate,0.0,1.0,0.0,0.0,True
124,Howard Beach,1,6,3,20.558333333333334,19.783333333333335,0.5,2026-03,unreliable_trip_rate,0.0,1.0,0.0,0.0,True
128,Inwood Hill Park,0,2,1,29.508333333333333,11.833333333333334,0.5,2026-03,unreliable_trip_rate,0.0,1.0,0.0,0.0,True
131,Jamaica Estates,2,4,2,27.28333333333333,18.066666666666666,0.5,2026-03,unreliable_trip_rate,0.0,1.0,0.0,0.0,True
133,Kensington,2,6,3,22.902777777777775,17.55,0.5,2026-03,unreliable_trip_rate,0.0,1.0,0.0,0.0,True
139,Laurelton,18,14,7,41.142857142857146,33.275,0.5,2026-03,unreliable_trip_rate,0.0,1.0,0.0,0.0,True
147,Longwood,1,2,1,17.45,14.416666666666666,0.5,2026-03,unreliable_trip_rate,0.0,1.0,0.0,0.0,True
147,Longwood,2,4,2,19.05,15.775,0.5,2026-03,unreliable_trip_rate,0.0,1.0,0.0,0.0,True
149,Madison,2,2,1,19.483333333333334,17.55,0.5,2026-03,unreliable_trip_rate,0.0,1.0,0.0,0.0,True
149,Madison,21,4,2,26.508333333333333,20.95,0.5,2026-03,unreliable_trip_rate,0.0,1.0,0.0,0.0,True
149,Madison,23,6,3,30.0,19.45,0.5,2026-03,unreliable_trip_rate,0.0,1.0,0.0,0.0,True
150,Manhattan Beach,4,2,1,31.925,18.0,0.5,2026-03,unreliable_trip_rate,0.0,1.0,0.0,0.0,True
150,Manhattan Beach,18,20,10,40.165,22.833333333333332,0.5,2026-03,unreliable_trip_rate,0.0,1.0,0.0,0.0,True
153,Marble Hill,0,4,2,17.825,11.833333333333334,0.5,2026-03,unreliable_trip_rate,0.0,1.0,0.0,0.0,True
153,Marble Hill,1,2,1,14.850000000000001,11.616666666666667,0.5,2026-03,unreliable_trip_rate,0.0,1.0,0.0,0.0,True
153,Marble Hill,2,2,1,12.133333333333333,11.133333333333333,0.5,2026-03,unreliable_trip_rate,0.0,1.0,0.0,0.0,True
153,Marble Hill,16,10,5,27.939999999999998,13.116666666666667,0.5,2026-03,unreliable_trip_rate,0.0,1.0,0.0,0.0,True
154,Marine Park/Floyd Bennett Field,16,2,1,53.075,28.8,0.5,2026-03,unreliable_trip_rate,0.0,1.0,0.0,0.0,True
160,Middle Village,2,4,2,24.929166666666667,18.066666666666666,0.5,2026-03,unreliable_trip_rate,0.0,1.0,0.0,0.0,True
165,Midwood,3,6,3,25.933333333333334,17.083333333333332,0.5,2026-03,unreliable_trip_rate,0.0,1.0,0.0,0.0,True
165,Midwood,21,18,9,31.96111111111111,20.95,0.5,2026-03,unreliable_trip_rate,0.0,1.0,0.0,0.0,True
171,Murray Hill-Queens,9,24,12,45.38055555555555,36.666666666666664,0.5,2026-03,unreliable_trip_rate,0.0,1.0,0.0,0.0,True
171,Murray Hill-Queens,15,16,8,49.907291666666666,46.11666666666667,0.5,2026-03,unreliable_trip_rate,0.0,1.0,0.0,0.0,True
172,New Dorp/Midland Beach,6,2,1,23.099999999999998,13.283333333333333,0.5,2026-03,unreliable_trip_rate,1.0,0.0,0.0,0.0,True
172,New Dorp/Midland Beach,19,4,2,25.579166666666666,12.733333333333333,0.5,2026-03,unreliable_trip_rate,1.0,0.0,0.0,0.0,True
174,Norwood,22,16,8,24.326041666666665,18.116666666666667,0.5,2026-03,unreliable_trip_rate,0.0,1.0,0.0,0.0,True
175,Oakland Gardens,10,6,3,38.18055555555556,33.833333333333336,0.5,2026-03,unreliable_trip_rate,0.0,1.0,0.0,0.0,True
175,Oakland Gardens,12,8,4,36.56666666666667,33.71666666666667,0.5,2026-03,unreliable_trip_rate,0.0,1.0,0.0,0.0,True
175,Oakland Gardens,18,4,2,44.641666666666666,33.275,0.5,2026-03,unreliable_trip_rate,0.0,1.0,0.0,0.0,True
176,Oakwood,20,2,1,15.633333333333335,12.733333333333333,0.5,2026-03,unreliable_trip_rate,1.0,0.0,0.0,0.0,True
177,Ocean Hill,2,12,6,26.605555555555554,17.55,0.5,2026-03,unreliable_trip_rate,0.0,1.0,0.0,0.0,True
178,Ocean Parkway South,10,18,9,44.8962962962963,28.966666666666665,0.5,2026-03,unreliable_trip_rate,0.0,1.0,0.0,0.0,True
183,Pelham Bay,11,16,8,53.08645833333333,38.75833333333333,0.5,2026-03,unreliable_trip_rate,0.0,1.0,0.0,0.0,True
183,Pelham Bay,13,14,7,43.31190476190476,34.391666666666666,0.5,2026-03,unreliable_trip_rate,0.0,1.0,0.0,0.0,True
184,Pelham Bay Park,12,2,1,48.391666666666666,36.6,0.5,2026-03,unreliable_trip_rate,0.0,1.0,0.0,0.0,True
184,Pelham Bay Park,18,2,1,27.241666666666667,25.1,0.5,2026-03,unreliable_trip_rate,0.0,1.0,0.0,0.0,True
185,Pelham Parkway,20,16,8,27.211458333333333,18.75,0.5,2026-03,unreliable_trip_rate,0.0,1.0,0.0,0.0,True
185,Pelham Parkway,22,16,8,25.694791666666667,18.116666666666667,0.5,2026-03,unreliable_trip_rate,0.0,1.0,0.0,0.0,True
187,Port Richmond,12,2,1,13.7,14.466666666666667,0.5,2026-03,unreliable_trip_rate,1.0,0.0,0.0,0.0,True
190,Prospect Park,5,2,1,23.166666666666668,23.15,0.5,2026-03,unreliable_trip_rate,0.0,1.0,0.0,0.0,True
192,Queensboro Hill,15,6,3,48.775,46.11666666666667,0.5,2026-03,unreliable_trip_rate,0.0,1.0,0.0,0.0,True
194,Randalls Island,5,2,1,20.183333333333334,10.783333333333333,0.5,2026-03,unreliable_trip_rate,0.0,1.0,0.0,0.0,True
195,Red Hook,3,6,3,24.677777777777777,17.083333333333332,0.5,2026-03,unreliable_trip_rate,0.0,1.0,0.0,0.0,True
203,Rosedale,1,4,2,34.67916666666667,19.783333333333335,0.5,2026-03,unreliable_trip_rate,0.0,1.0,0.0,0.0,True
203,Rosedale,2,6,3,26.25277777777778,18.066666666666666,0.5,2026-03,unreliable_trip_rate,0.0,1.0,0.0,0.0,True
203,Rosedale,12,22,11,51.46136363636364,33.71666666666667,0.5,2026-03,unreliable_trip_rate,0.0,1.0,0.0,0.0,True
203,Rosedale,14,14,7,55.195238095238096,43.13333333333333,0.5,2026-03,unreliable_trip_rate,0.0,1.0,0.0,0.0,True
203,Rosedale,16,12,6,57.43472222222223,46.4,0.5,2026-03,unreliable_trip_rate,0.0,1.0,0.0,0.0,True
205,Saint Albans,22,16,8,32.52291666666667,25.416666666666668,0.5,2026-03,unreliable_trip_rate,0.0,1.0,0.0,0.0,True
213,Soundview/Castle Hill,1,2,1,41.90833333333333,14.416666666666666,0.5,2026-03,unreliable_trip_rate,0.0,1.0,0.0,0.0,True
214,South Beach/Dongan Hills,6,2,1,23.758333333333333,13.283333333333333,0.5,2026-03,unreliable_trip_rate,1.0,0.0,0.0,0.0,True
214,South Beach/Dongan Hills,8,2,1,58.858333333333334,18.7,0.5,2026-03,unreliable_trip_rate,0.0,1.0,0.0,0.0,True
214,South Beach/Dongan Hills,17,4,2,16.058333333333334,13.966666666666667,0.5,2026-03,unreliable_trip_rate,1.0,0.0,0.0,0.0,True
214,South Beach/Dongan Hills,22,2,1,16.191666666666666,13.366666666666667,0.5,2026-03,unreliable_trip_rate,1.0,0.0,0.0,0.0,True
218,Springfield Gardens North,1,2,1,24.041666666666668,19.783333333333335,0.5,2026-03,unreliable_trip_rate,0.0,1.0,0.0,0.0,True
221,Stapleton,9,2,1,15.608333333333333,13.683333333333334,0.5,2026-03,unreliable_trip_rate,1.0,0.0,0.0,0.0,True
221,Stapleton,23,2,1,15.825,13.3,0.5,2026-03,unreliable_trip_rate,1.0,0.0,0.0,0.0,True
222,Starrett City,21,16,8,30.759375,20.95,0.5,2026-03,unreliable_trip_rate,0.0,1.0,0.0,0.0,True
240,Van Cortlandt Park,7,16,8,52.00625,32.96666666666667,0.5,2026-03,unreliable_trip_rate,0.0,1.0,0.0,0.0,True
240,Van Cortlandt Park,9,8,4,46.208333333333336,35.75,0.5,2026-03,unreliable_trip_rate,0.0,1.0,0.0,0.0,True
250,Westchester Village/Unionport,1,4,2,15.754166666666666,14.416666666666666,0.5,2026-03,unreliable_trip_rate,0.0,1.0,0.0,0.0,True
251,Westerleigh,8,2,1,46.81666666666666,18.7,0.5,2026-03,unreliable_trip_rate,0.0,1.0,0.0,0.0,True
253,Willets Point,14,2,1,51.70833333333333,43.13333333333333,0.5,2026-03,unreliable_trip_rate,0.0,1.0,0.0,0.0,True
253,Willets Point,17,2,1,35.34166666666667,40.916666666666664,0.5,2026-03,unreliable_trip_rate,0.0,1.0,0.0,0.0,True
254,Williamsbridge/Olinville,1,6,3,17.283333333333335,14.416666666666666,0.5,2026-03,unreliable_trip_rate,0.0,1.0,0.0,0.0,True
257,Windsor Terrace,3,2,1,25.708333333333332,17.083333333333332,0.5,2026-03,unreliable_trip_rate,0.0,1.0,0.0,0.0,True
257,Windsor Terrace,16,14,7,38.68452380952381,28.8,0.5,2026-03,unreliable_trip_rate,0.0,1.0,0.0,0.0,True
259,Woodlawn/Wakefield,0,8,4,15.20625,15.466666666666667,0.5,2026-03,unreliable_trip_rate,0.0,1.0,0.0,0.0,True
259,Woodlawn/Wakefield,1,8,4,18.00208333333333,14.416666666666666,0.5,2026-03,unreliable_trip_rate,0.0,1.0,0.0,0.0,True
265,Outside of NYC,3,8,4,14.847916666666666,10.616666666666667,0.5,2026-03,unreliable_trip_rate,0.0,1.0,0.0,0.0,True
265,Outside of NYC,13,26,13,19.712179487179487,14.083333333333334,0.5,2026-03,unreliable_trip_rate,0.0,1.0,0.0,0.0,True
32,Bronxdale,17,29,14,43.88275862068965,30.216666666666665,0.4827586206896552,2026-03,unreliable_trip_rate,0.0,1.0,0.0,0.0,True
150,Manhattan Beach,15,29,14,50.3632183908046,29.55,0.4827586206896552,2026-03,unreliable_trip_rate,0.0,1.0,0.0,0.0,True
185,Pelham Parkway,14,29,14,50.17298850574713,31.883333333333333,0.4827586206896552,2026-03,unreliable_trip_rate,0.0,1.0,0.0,0.0,True
222,Starrett City,18,29,14,29.366666666666667,22.833333333333332,0.4827586206896552,2026-03,unreliable_trip_rate,0.0,1.0,0.0,0.0,True
235,University Heights/Morris Heights,4,29,14,31.06896551724138,19.875,0.4827586206896552,2026-03,unreliable_trip_rate,0.0,1.0,0.0,0.0,True
21,Bensonhurst East,16,27,13,38.873456790123456,28.8,0.48148148148148145,2026-03,unreliable_trip_rate,0.0,1.0,0.0,0.0,True
133,Kensington,5,27,13,35.712345679012344,23.15,0.48148148148148145,2026-03,unreliable_trip_rate,0.0,1.0,0.0,0.0,True
259,Woodlawn/Wakefield,17,27,13,41.342592592592595,30.216666666666665,0.48148148148148145,2026-03,unreliable_trip_rate,0.0,1.0,0.0,0.0,True
81,Eastchester,19,25,12,39.04333333333333,19.533333333333335,0.48,2026-03,unreliable_trip_rate,0.0,1.0,0.0,0.0,True
190,Prospect Park,16,25,12,34.769333333333336,28.8,0.48,2026-03,unreliable_trip_rate,0.0,1.0,0.0,0.0,True
218,Springfield Gardens North,20,25,12,39.92333333333333,27.266666666666666,0.48,2026-03,unreliable_trip_rate,0.0,1.0,0.0,0.0,True
257,Windsor Terrace,14,25,12,39.94866666666667,29.0,0.48,2026-03,unreliable_trip_rate,0.0,1.0,0.0,0.0,True
3,Allerton/Pelham Gardens,15,23,11,45.22826086956522,36.13333333333333,0.4782608695652174,2026-03,unreliable_trip_rate,0.0,1.0,0.0,0.0,True
11,Bath Beach,11,23,11,45.589130434782604,30.233333333333334,0.4782608695652174,2026-03,unreliable_trip_rate,0.0,1.0,0.0,0.0,True
182,Parkchester,22,23,11,26.076811594202898,18.116666666666667,0.4782608695652174,2026-03,unreliable_trip_rate,0.0,1.0,0.0,0.0,True
9,Auburndale,8,21,10,44.50873015873016,36.5,0.47619047619047616,2026-03,unreliable_trip_rate,0.0,1.0,0.0,0.0,True
124,Howard Beach,10,21,10,41.34920634920635,33.833333333333336,0.47619047619047616,2026-03,unreliable_trip_rate,0.0,1.0,0.0,0.0,True
136,Kingsbridge Heights,19,21,10,33.9531746031746,19.533333333333335,0.47619047619047616,2026-03,unreliable_trip_rate,0.0,1.0,0.0,0.0,True
106,Gowanus,4,19,9,19.8,18.0,0.47368421052631576,2026-03,unreliable_trip_rate,0.0,1.0,0.0,0.0,True
190,Prospect Park,23,19,9,24.11315789473684,19.45,0.47368421052631576,2026-03,unreliable_trip_rate,0.0,1.0,0.0,0.0,True
215,South Jamaica,3,19,9,21.41140350877193,16.633333333333333,0.47368421052631576,2026-03,unreliable_trip_rate,0.0,1.0,0.0,0.0,True
259,Woodlawn/Wakefield,15,19,9,57.83771929824562,36.13333333333333,0.47368421052631576,2026-03,unreliable_trip_rate,0.0,1.0,0.0,0.0,True
265,Outside of NYC,11,19,9,25.38421052631579,13.516666666666666,0.47368421052631576,2026-03,unreliable_trip_rate,0.0,1.0,0.0,0.0,True
29,Brighton Beach,20,17,8,33.28529411764706,21.45,0.47058823529411764,2026-03,unreliable_trip_rate,0.0,1.0,0.0,0.0,True
192,Queensboro Hill,10,17,8,41.7921568627451,33.833333333333336,0.47058823529411764,2026-03,unreliable_trip_rate,0.0,1.0,0.0,0.0,True
242,Van Nest/Morris Park,4,17,8,30.690196078431374,19.875,0.47058823529411764,2026-03,unreliable_trip_rate,0.0,1.0,0.0,0.0,True
11,Bath Beach,15,15,7,44.95666666666667,29.55,0.4666666666666667,2026-03,unreliable_trip_rate,0.0,1.0,0.0,0.0,True
67,Dyker Heights,5,15,7,32.30555555555556,23.15,0.4666666666666667,2026-03,unreliable_trip_rate,0.0,1.0,0.0,0.0,True
133,Kensington,21,15,7,28.553333333333335,20.95,0.4666666666666667,2026-03,unreliable_trip_rate,0.0,1.0,0.0,0.0,True
136,Kingsbridge Heights,22,15,7,23.646666666666665,18.116666666666667,0.4666666666666667,2026-03,unreliable_trip_rate,0.0,1.0,0.0,0.0,True
153,Marble Hill,19,15,7,17.67,11.75,0.4666666666666667,2026-03,unreliable_trip_rate,0.0,1.0,0.0,0.0,True
195,Red Hook,1,15,7,22.06222222222222,18.65,0.4666666666666667,2026-03,unreliable_trip_rate,0.0,1.0,0.0,0.0,True
201,Rockaway Park,12,15,7,45.54333333333333,33.71666666666667,0.4666666666666667,2026-03,unreliable_trip_rate,0.0,1.0,0.0,0.0,True
203,Rosedale,20,15,7,30.595555555555556,27.266666666666666,0.4666666666666667,2026-03,unreliable_trip_rate,0.0,1.0,0.0,0.0,True
19,Bellerose,7,28,13,47.35297619047619,33.9,0.4642857142857143,2026-03,unreliable_trip_rate,0.0,1.0,0.0,0.0,True
119,Highbridge,16,28,13,43.487500000000004,35.666666666666664,0.4642857142857143,2026-03,unreliable_trip_rate,0.0,1.0,0.0,0.0,True
185,Pelham Parkway,15,28,13,58.207142857142856,36.13333333333333,0.4642857142857143,2026-03,unreliable_trip_rate,0.0,1.0,0.0,0.0,True
18,Bedford Park,18,26,12,38.72179487179487,25.1,0.46153846153846156,2026-03,unreliable_trip_rate,0.0,1.0,0.0,0.0,True
19,Bellerose,8,26,12,41.59615384615385,36.5,0.46153846153846156,2026-03,unreliable_trip_rate,0.0,1.0,0.0,0.0,True
26,Borough Park,5,13,6,36.65,23.15,0.46153846153846156,2026-03,unreliable_trip_rate,0.0,1.0,0.0,0.0,True
29,Brighton Beach,17,26,12,46.830128205128204,26.25,0.46153846153846156,2026-03,unreliable_trip_rate,0.0,1.0,0.0,0.0,True
69,East Concourse/Concourse Village,3,13,6,18.702564102564104,15.950000000000001,0.46153846153846156,2026-03,unreliable_trip_rate,0.0,1.0,0.0,0.0,True
190,Prospect Park,9,13,6,31.77820512820513,27.983333333333334,0.46153846153846156,2026-03,unreliable_trip_rate,0.0,1.0,0.0,0.0,True
201,Rockaway Park,17,13,6,50.71153846153846,40.916666666666664,0.46153846153846156,2026-03,unreliable_trip_rate,0.0,1.0,0.0,0.0,True
201,Rockaway Park,18,13,6,38.08205128205128,33.275,0.46153846153846156,2026-03,unreliable_trip_rate,0.0,1.0,0.0,0.0,True
3,Allerton/Pelham Gardens,11,24,11,42.92083333333333,38.75833333333333,0.4583333333333333,2026-03,unreliable_trip_rate,0.0,1.0,0.0,0.0,True
3,Allerton/Pelham Gardens,13,24,11,48.50208333333333,34.391666666666666,0.4583333333333333,2026-03,unreliable_trip_rate,0.0,1.0,0.0,0.0,True
12,Battery Park,10,24,11,16.629166666666666,12.583333333333334,0.4583333333333333,2026-03,unreliable_trip_rate,0.0,1.0,0.0,0.0,True
16,Bayside,6,24,11,35.68611111111111,29.333333333333332,0.4583333333333333,2026-03,unreliable_trip_rate,0.0,1.0,0.0,0.0,True
121,Hillcrest/Pomonok,21,24,11,33.67986111111111,26.016666666666666,0.4583333333333333,2026-03,unreliable_trip_rate,0.0,1.0,0.0,0.0,True
183,Pelham Bay,9,24,11,48.575694444444444,35.75,0.4583333333333333,2026-03,unreliable_trip_rate,0.0,1.0,0.0,0.0,True
250,Westchester Village/Unionport,23,24,11,22.338194444444444,16.5,0.4583333333333333,2026-03,unreliable_trip_rate,0.0,1.0,0.0,0.0,True
62,Crown Heights South,2,11,5,23.213636363636365,17.55,0.45454545454545453,2026-03,unreliable_trip_rate,0.0,1.0,0.0,0.0,True
73,East Flushing,11,11,5,38.63636363636363,33.733333333333334,0.45454545454545453,2026-03,unreliable_trip_rate,0.0,1.0,0.0,0.0,True
86,Far Rockaway,21,11,5,39.39242424242424,26.016666666666666,0.45454545454545453,2026-03,unreliable_trip_rate,0.0,1.0,0.0,0.0,True
91,Flatlands,1,11,5,43.23787878787879,18.65,0.45454545454545453,2026-03,unreliable_trip_rate,0.0,1.0,0.0,0.0,True
119,Highbridge,20,22,10,22.65909090909091,18.75,0.45454545454545453,2026-03,unreliable_trip_rate,0.0,1.0,0.0,0.0,True
139,Laurelton,20,11,5,33.52878787878788,27.266666666666666,0.45454545454545453,2026-03,unreliable_trip_rate,0.0,1.0,0.0,0.0,True
201,Rockaway Park,10,22,10,49.432575757575755,33.833333333333336,0.45454545454545453,2026-03,unreliable_trip_rate,0.0,1.0,0.0,0.0,True
203,Rosedale,18,11,5,41.14545454545455,33.275,0.45454545454545453,2026-03,unreliable_trip_rate,0.0,1.0,0.0,0.0,True
210,Sheepshead Bay,19,22,10,28.9,21.483333333333334,0.45454545454545453,2026-03,unreliable_trip_rate,0.0,1.0,0.0,0.0,True
240,Van Cortlandt Park,12,11,5,50.9969696969697,36.6,0.45454545454545453,2026-03,unreliable_trip_rate,0.0,1.0,0.0,0.0,True
241,Van Cortlandt Village,23,11,5,33.13484848484848,16.5,0.45454545454545453,2026-03,unreliable_trip_rate,0.0,1.0,0.0,0.0,True
32,Bronxdale,22,20,9,23.294166666666666,18.116666666666667,0.45,2026-03,unreliable_trip_rate,0.0,1.0,0.0,0.0,True
98,Fresh Meadows,7,20,9,40.193333333333335,33.9,0.45,2026-03,unreliable_trip_rate,0.0,1.0,0.0,0.0,True
182,Parkchester,21,20,9,29.174166666666668,19.0,0.45,2026-03,unreliable_trip_rate,0.0,1.0,0.0,0.0,True
241,Van Cortlandt Village,21,20,9,25.008333333333333,19.0,0.45,2026-03,unreliable_trip_rate,0.0,1.0,0.0,0.0,True
265,Outside of NYC,9,20,9,27.69666666666667,14.291666666666666,0.45,2026-03,unreliable_trip_rate,0.0,1.0,0.0,0.0,True
77,East New York/Pennsylvania Avenue,22,29,13,23.40632183908046,20.533333333333335,0.4482758620689655,2026-03,unreliable_trip_rate,0.0,1.0,0.0,0.0,True
149,Madison,18,29,13,31.826436781609196,22.833333333333332,0.4482758620689655,2026-03,unreliable_trip_rate,0.0,1.0,0.0,0.0,True
3,Allerton/Pelham Gardens,19,18,8,24.162962962962965,19.533333333333335,0.4444444444444444,2026-03,unreliable_trip_rate,0.0,1.0,0.0,0.0,True
11,Bath Beach,9,18,8,42.25,27.983333333333334,0.4444444444444444,2026-03,unreliable_trip_rate,0.0,1.0,0.0,0.0,True
19,Bellerose,15,18,8,50.41759259259259,46.11666666666667,0.4444444444444444,2026-03,unreliable_trip_rate,0.0,1.0,0.0,0.0,True
20,Belmont,1,9,4,19.381481481481483,14.416666666666666,0.4444444444444444,2026-03,unreliable_trip_rate,0.0,1.0,0.0,0.0,True
21,Bensonhurst East,21,9,4,26.574074074074073,20.95,0.4444444444444444,2026-03,unreliable_trip_rate,0.0,1.0,0.0,0.0,True
60,Crotona Park East,0,9,4,19.916666666666668,15.466666666666667,0.4444444444444444,2026-03,unreliable_trip_rate,0.0,1.0,0.0,0.0,True
98,Fresh Meadows,13,9,4,46.89259259259259,36.766666666666666,0.4444444444444444,2026-03,unreliable_trip_rate,0.0,1.0,0.0,0.0,True
120,Highbridge Park,14,9,4,19.555555555555557,13.25,0.4444444444444444,2026-03,unreliable_trip_rate,0.0,1.0,0.0,0.0,True
165,Midwood,23,18,8,25.51388888888889,19.45,0.4444444444444444,2026-03,unreliable_trip_rate,0.0,1.0,0.0,0.0,True
175,Oakland Gardens,16,9,4,48.15555555555556,46.4,0.4444444444444444,2026-03,unreliable_trip_rate,0.0,1.0,0.0,0.0,True
178,Ocean Parkway South,16,27,12,40.05123456790123,28.8,0.4444444444444444,2026-03,unreliable_trip_rate,0.0,1.0,0.0,0.0,True
182,Parkchester,19,27,12,30.408024691358023,19.533333333333335,0.4444444444444444,2026-03,unreliable_trip_rate,0.0,1.0,0.0,0.0,True
201,Rockaway Park,22,9,4,22.770370370370372,25.416666666666668,0.4444444444444444,2026-03,unreliable_trip_rate,0.0,1.0,0.0,0.0,True
265,Outside of NYC,21,18,8,16.73888888888889,12.725,0.4444444444444444,2026-03,unreliable_trip_rate,0.0,1.0,0.0,0.0,True
131,Jamaica Estates,12,25,11,36.94266666666667,33.71666666666667,0.44,2026-03,unreliable_trip_rate,0.0,1.0,0.0,0.0,True
133,Kensington,23,25,11,21.941333333333333,19.45,0.44,2026-03,unreliable_trip_rate,0.0,1.0,0.0,0.0,True
227,Sunset Park East,20,25,11,27.295333333333332,21.45,0.44,2026-03,unreliable_trip_rate,0.0,1.0,0.0,0.0,True
257,Windsor Terrace,15,25,11,37.43066666666667,29.55,0.44,2026-03,unreliable_trip_rate,0.0,1.0,0.0,0.0,True
62,Crown Heights South,1,16,7,29.485416666666666,18.65,0.4375,2026-03,unreliable_trip_rate,0.0,1.0,0.0,0.0,True
89,Flatbush/Ditmas Park,1,16,7,21.658333333333335,18.65,0.4375,2026-03,unreliable_trip_rate,0.0,1.0,0.0,0.0,True
265,Outside of NYC,22,16,7,21.371875,15.391666666666666,0.4375,2026-03,unreliable_trip_rate,0.0,1.0,0.0,0.0,True
135,Kew Gardens Hills,4,23,10,24.61086956521739,16.616666666666667,0.43478260869565216,2026-03,unreliable_trip_rate,0.0,1.0,0.0,0.0,True
9,Auburndale,9,7,3,31.895238095238092,36.666666666666664,0.42857142857142855,2026-03,unreliable_trip_rate,0.0,1.0,0.0,0.0,True
9,Auburndale,15,7,3,69.1952380952381,46.11666666666667,0.42857142857142855,2026-03,unreliable_trip_rate,0.0,1.0,0.0,0.0,True
12,Battery Park,22,14,6,13.178571428571429,12.333333333333334,0.42857142857142855,2026-03,unreliable_trip_rate,0.0,1.0,0.0,0.0,True
13,Battery Park City,2,21,9,14.856349206349208,11.133333333333333,0.42857142857142855,2026-03,unreliable_trip_rate,0.0,1.0,0.0,0.0,True
15,Bay Terrace/Fort Totten,8,14,6,51.233333333333334,36.5,0.42857142857142855,2026-03,unreliable_trip_rate,0.0,1.0,0.0,0.0,True
20,Belmont,14,21,9,42.91349206349206,31.883333333333333,0.42857142857142855,2026-03,unreliable_trip_rate,0.0,1.0,0.0,0.0,True
21,Bensonhurst East,20,14,6,33.94285714285714,21.45,0.42857142857142855,2026-03,unreliable_trip_rate,0.0,1.0,0.0,0.0,True
31,Bronx Park,9,7,3,37.14047619047619,35.75,0.42857142857142855,2026-03,unreliable_trip_rate,0.0,1.0,0.0,0.0,True
34,Brooklyn Navy Yard,13,14,6,28.817857142857143,28.733333333333334,0.42857142857142855,2026-03,unreliable_trip_rate,0.0,1.0,0.0,0.0,True
47,Claremont/Bathgate,1,7,3,18.08809523809524,14.416666666666666,0.42857142857142855,2026-03,unreliable_trip_rate,0.0,1.0,0.0,0.0,True
54,Columbia Street,15,7,3,34.457142857142856,29.55,0.42857142857142855,2026-03,unreliable_trip_rate,0.0,1.0,0.0,0.0,True
64,Douglaston,12,7,3,34.16904761904762,33.71666666666667,0.42857142857142855,2026-03,unreliable_trip_rate,0.0,1.0,0.0,0.0,True
64,Douglaston,19,7,3,25.423809523809524,28.791666666666668,0.42857142857142855,2026-03,unreliable_trip_rate,0.0,1.0,0.0,0.0,True
67,Dyker Heights,20,14,6,31.295238095238094,21.45,0.42857142857142855,2026-03,unreliable_trip_rate,0.0,1.0,0.0,0.0,True
81,Eastchester,3,7,3,22.307142857142857,15.950000000000001,0.42857142857142855,2026-03,unreliable_trip_rate,0.0,1.0,0.0,0.0,True
108,Gravesend,19,7,3,32.554761904761904,21.483333333333334,0.42857142857142855,2026-03,unreliable_trip_rate,0.0,1.0,0.0,0.0,True
108,Gravesend,21,7,3,30.78809523809524,20.95,0.42857142857142855,2026-03,unreliable_trip_rate,0.0,1.0,0.0,0.0,True
120,Highbridge Park,21,7,3,18.552380952380954,12.0,0.42857142857142855,2026-03,unreliable_trip_rate,0.0,1.0,0.0,0.0,True
160,Middle Village,3,14,6,24.308333333333334,16.633333333333333,0.42857142857142855,2026-03,unreliable_trip_rate,0.0,1.0,0.0,0.0,True
171,Murray Hill-Queens,16,7,3,52.60952380952381,46.4,0.42857142857142855,2026-03,unreliable_trip_rate,0.0,1.0,0.0,0.0,True
174,Norwood,23,21,9,23.08809523809524,16.5,0.42857142857142855,2026-03,unreliable_trip_rate,0.0,1.0,0.0,0.0,True
183,Pelham Bay,10,14,6,36.97738095238095,36.916666666666664,0.42857142857142855,2026-03,unreliable_trip_rate,0.0,1.0,0.0,0.0,True
188,Prospect-Lefferts Gardens,2,28,12,19.823809523809526,17.55,0.42857142857142855,2026-03,unreliable_trip_rate,0.0,1.0,0.0,0.0,True
194,Randalls Island,11,7,3,14.504761904761905,13.216666666666667,0.42857142857142855,2026-03,unreliable_trip_rate,0.0,1.0,0.0,0.0,True
194,Randalls Island,22,7,3,13.983333333333334,12.333333333333334,0.42857142857142855,2026-03,unreliable_trip_rate,0.0,1.0,0.0,0.0,True
201,Rockaway Park,19,14,6,44.48809523809524,28.791666666666668,0.42857142857142855,2026-03,unreliable_trip_rate,0.0,1.0,0.0,0.0,True
203,Rosedale,21,7,3,30.266666666666662,26.016666666666666,0.42857142857142855,2026-03,unreliable_trip_rate,0.0,1.0,0.0,0.0,True
203,Rosedale,22,14,6,25.62142857142857,25.416666666666668,0.42857142857142855,2026-03,unreliable_trip_rate,0.0,1.0,0.0,0.0,True
208,Schuylerville/Edgewater Park,1,7,3,14.061904761904762,14.416666666666666,0.42857142857142855,2026-03,unreliable_trip_rate,0.0,1.0,0.0,0.0,True
215,South Jamaica,1,14,6,24.11785714285714,19.783333333333335,0.42857142857142855,2026-03,unreliable_trip_rate,0.0,1.0,0.0,0.0,True
221,Stapleton,8,21,9,22.04126984126984,18.7,0.42857142857142855,2026-03,unreliable_trip_rate,0.0,1.0,0.0,0.0,True
227,Sunset Park East,3,7,3,24.914285714285715,17.083333333333332,0.42857142857142855,2026-03,unreliable_trip_rate,0.0,1.0,0.0,0.0,True
240,Van Cortlandt Park,16,7,3,49.523809523809526,35.666666666666664,0.42857142857142855,2026-03,unreliable_trip_rate,0.0,1.0,0.0,0.0,True
259,Woodlawn/Wakefield,13,28,12,44.8375,34.391666666666666,0.42857142857142855,2026-03,unreliable_trip_rate,0.0,1.0,0.0,0.0,True
259,Woodlawn/Wakefield,19,7,3,48.53809523809524,19.533333333333335,0.42857142857142855,2026-03,unreliable_trip_rate,0.0,1.0,0.0,0.0,True
259,Woodlawn/Wakefield,23,7,3,19.545238095238094,16.5,0.42857142857142855,2026-03,unreliable_trip_rate,0.0,1.0,0.0,0.0,True
136,Kingsbridge Heights,20,26,11,37.01538461538461,18.75,0.4230769230769231,2026-03,unreliable_trip_rate,0.0,1.0,0.0,0.0,True
218,Springfield Gardens North,21,26,11,34.74551282051282,26.016666666666666,0.4230769230769231,2026-03,unreliable_trip_rate,0.0,1.0,0.0,0.0,True
185,Pelham Parkway,19,19,8,31.213157894736838,19.533333333333335,0.42105263157894735,2026-03,unreliable_trip_rate,0.0,1.0,0.0,0.0,True
189,Prospect Heights,2,19,8,19.976315789473684,17.55,0.42105263157894735,2026-03,unreliable_trip_rate,0.0,1.0,0.0,0.0,True
195,Red Hook,5,19,8,31.433333333333334,23.15,0.42105263157894735,2026-03,unreliable_trip_rate,0.0,1.0,0.0,0.0,True
265,Outside of NYC,19,19,8,20.403508771929822,12.308333333333334,0.42105263157894735,2026-03,unreliable_trip_rate,0.0,1.0,0.0,0.0,True
11,Bath Beach,13,24,10,39.58541666666667,28.733333333333334,0.4166666666666667,2026-03,unreliable_trip_rate,0.0,1.0,0.0,0.0,True
34,Brooklyn Navy Yard,22,12,5,22.795833333333334,20.533333333333335,0.4166666666666667,2026-03,unreliable_trip_rate,0.0,1.0,0.0,0.0,True
38,Cambria Heights,15,12,5,50.95972222222222,46.11666666666667,0.4166666666666667,2026-03,unreliable_trip_rate,0.0,1.0,0.0,0.0,True
101,Glen Oaks,5,12,5,36.28888888888889,21.016666666666666,0.4166666666666667,2026-03,unreliable_trip_rate,0.0,1.0,0.0,0.0,True
106,Gowanus,3,24,10,18.75,17.083333333333332,0.4166666666666667,2026-03,unreliable_trip_rate,0.0,1.0,0.0,0.0,True
123,Homecrest,21,12,5,26.45138888888889,20.95,0.4166666666666667,2026-03,unreliable_trip_rate,0.0,1.0,0.0,0.0,True
136,Kingsbridge Heights,23,12,5,21.8125,16.5,0.4166666666666667,2026-03,unreliable_trip_rate,0.0,1.0,0.0,0.0,True
147,Longwood,19,24,10,27.034027777777776,19.533333333333335,0.4166666666666667,2026-03,unreliable_trip_rate,0.0,1.0,0.0,0.0,True
183,Pelham Bay,23,12,5,17.538888888888888,16.5,0.4166666666666667,2026-03,unreliable_trip_rate,0.0,1.0,0.0,0.0,True
188,Prospect-Lefferts Gardens,1,24,10,23.086805555555557,18.65,0.4166666666666667,2026-03,unreliable_trip_rate,0.0,1.0,0.0,0.0,True
192,Queensboro Hill,16,12,5,64.15138888888889,46.4,0.4166666666666667,2026-03,unreliable_trip_rate,0.0,1.0,0.0,0.0,True
210,Sheepshead Bay,20,12,5,27.93472222222222,21.45,0.4166666666666667,2026-03,unreliable_trip_rate,0.0,1.0,0.0,0.0,True
241,Van Cortlandt Village,5,24,10,40.2125,34.34166666666667,0.4166666666666667,2026-03,unreliable_trip_rate,0.0,1.0,0.0,0.0,True
185,Pelham Parkway,9,29,12,44.25574712643679,35.75,0.41379310344827586,2026-03,unreliable_trip_rate,0.0,1.0,0.0,0.0,True
201,Rockaway Park,8,29,12,52.05287356321839,36.5,0.41379310344827586,2026-03,unreliable_trip_rate,0.0,1.0,0.0,0.0,True
220,Spuyten Duyvil/Kingsbridge,23,29,12,19.566091954022987,16.5,0.41379310344827586,2026-03,unreliable_trip_rate,0.0,1.0,0.0,0.0,True
248,West Farms/Bronx River,13,29,12,39.791954022988506,34.391666666666666,0.41379310344827586,2026-03,unreliable_trip_rate,0.0,1.0,0.0,0.0,True
264,Unknown,3,29,12,13.640804597701148,10.616666666666667,0.41379310344827586,2026-03,unreliable_trip_rate,0.0,1.0,0.0,0.0,True
28,Briarwood/Jamaica Hills,3,17,7,17.572549019607845,16.633333333333333,0.4117647058823529,2026-03,unreliable_trip_rate,0.0,1.0,0.0,0.0,True
55,Coney Island,22,17,7,28.88137254901961,20.533333333333335,0.4117647058823529,2026-03,unreliable_trip_rate,0.0,1.0,0.0,0.0,True
101,Glen Oaks,15,17,7,56.66078431372549,46.11666666666667,0.4117647058823529,2026-03,unreliable_trip_rate,0.0,1.0,0.0,0.0,True
122,Hollis,13,17,7,51.878431372549024,36.766666666666666,0.4117647058823529,2026-03,unreliable_trip_rate,0.0,1.0,0.0,0.0,True
126,Hunts Point,21,17,7,28.30686274509804,19.0,0.4117647058823529,2026-03,unreliable_trip_rate,0.0,1.0,0.0,0.0,True
265,Outside of NYC,0,17,7,21.75294117647059,14.25,0.4117647058823529,2026-03,unreliable_trip_rate,0.0,1.0,0.0,0.0,True
191,Queens Village,19,22,9,30.971969696969698,28.791666666666668,0.4090909090909091,2026-03,unreliable_trip_rate,0.0,1.0,0.0,0.0,True
208,Schuylerville/Edgewater Park,13,22,9,40.59318181818182,34.391666666666666,0.4090909090909091,2026-03,unreliable_trip_rate,0.0,1.0,0.0,0.0,True
177,Ocean Hill,3,27,11,20.93641975308642,17.083333333333332,0.4074074074074074,2026-03,unreliable_trip_rate,0.0,1.0,0.0,0.0,True
205,Saint Albans,17,27,11,42.42901234567901,40.916666666666664,0.4074074074074074,2026-03,unreliable_trip_rate,0.0,1.0,0.0,0.0,True
208,Schuylerville/Edgewater Park,10,27,11,40.99691358024692,36.916666666666664,0.4074074074074074,2026-03,unreliable_trip_rate,0.0,1.0,0.0,0.0,True
9,Auburndale,11,15,6,33.468888888888884,33.733333333333334,0.4,2026-03,unreliable_trip_rate,0.0,1.0,0.0,0.0,True
11,Bath Beach,8,20,8,41.0075,28.458333333333332,0.4,2026-03,unreliable_trip_rate,0.0,1.0,0.0,0.0,True
12,Battery Park,9,20,8,15.49,12.35,0.4,2026-03,unreliable_trip_rate,0.0,1.0,0.0,0.0,True
12,Battery Park,20,10,4,14.953333333333333,11.783333333333333,0.4,2026-03,unreliable_trip_rate,0.0,1.0,0.0,0.0,True
15,Bay Terrace/Fort Totten,9,15,6,47.218888888888884,36.666666666666664,0.4,2026-03,unreliable_trip_rate,0.0,1.0,0.0,0.0,True
16,Bayside,16,10,4,48.013333333333335,46.4,0.4,2026-03,unreliable_trip_rate,0.0,1.0,0.0,0.0,True
18,Bedford Park,3,5,2,19.03666666666667,15.950000000000001,0.4,2026-03,unreliable_trip_rate,0.0,1.0,0.0,0.0,True
19,Bellerose,18,10,4,42.24333333333333,33.275,0.4,2026-03,unreliable_trip_rate,0.0,1.0,0.0,0.0,True
20,Belmont,19,25,10,30.650666666666666,19.533333333333335,0.4,2026-03,unreliable_trip_rate,0.0,1.0,0.0,0.0,True
31,Bronx Park,10,5,2,32.343333333333334,36.916666666666664,0.4,2026-03,unreliable_trip_rate,0.0,1.0,0.0,0.0,True
31,Bronx Park,15,10,4,50.489999999999995,36.13333333333333,0.4,2026-03,unreliable_trip_rate,0.0,1.0,0.0,0.0,True
31,Bronx Park,17,10,4,48.91166666666667,30.216666666666665,0.4,2026-03,unreliable_trip_rate,0.0,1.0,0.0,0.0,True
31,Bronx Park,20,5,2,23.89666666666667,18.75,0.4,2026-03,unreliable_trip_rate,0.0,1.0,0.0,0.0,True
32,Bronxdale,15,25,10,46.852,36.13333333333333,0.4,2026-03,unreliable_trip_rate,0.0,1.0,0.0,0.0,True
38,Cambria Heights,3,5,2,15.496666666666666,16.633333333333333,0.4,2026-03,unreliable_trip_rate,0.0,1.0,0.0,0.0,True
47,Claremont/Bathgate,3,5,2,18.873333333333335,15.950000000000001,0.4,2026-03,unreliable_trip_rate,0.0,1.0,0.0,0.0,True
64,Douglaston,14,10,4,58.42999999999999,43.13333333333333,0.4,2026-03,unreliable_trip_rate,0.0,1.0,0.0,0.0,True
78,East Tremont,3,5,2,28.023333333333333,15.950000000000001,0.4,2026-03,unreliable_trip_rate,0.0,1.0,0.0,0.0,True
81,Eastchester,0,5,2,20.723333333333333,15.466666666666667,0.4,2026-03,unreliable_trip_rate,0.0,1.0,0.0,0.0,True
85,Erasmus,3,10,4,26.419999999999998,17.083333333333332,0.4,2026-03,unreliable_trip_rate,0.0,1.0,0.0,0.0,True
91,Flatlands,2,5,2,24.746666666666666,17.55,0.4,2026-03,unreliable_trip_rate,0.0,1.0,0.0,0.0,True
94,Fordham South,13,20,8,51.105000000000004,34.391666666666666,0.4,2026-03,unreliable_trip_rate,0.0,1.0,0.0,0.0,True
98,Fresh Meadows,12,10,4,39.49166666666667,33.71666666666667,0.4,2026-03,unreliable_trip_rate,0.0,1.0,0.0,0.0,True
101,Glen Oaks,7,15,6,36.007777777777775,33.9,0.4,2026-03,unreliable_trip_rate,0.0,1.0,0.0,0.0,True
108,Gravesend,0,5,2,24.0,19.208333333333332,0.4,2026-03,unreliable_trip_rate,0.0,1.0,0.0,0.0,True
122,Hollis,16,10,4,48.714999999999996,46.4,0.4,2026-03,unreliable_trip_rate,0.0,1.0,0.0,0.0,True
126,Hunts Point,22,15,6,20.618888888888886,18.116666666666667,0.4,2026-03,unreliable_trip_rate,0.0,1.0,0.0,0.0,True
147,Longwood,21,5,2,37.223333333333336,19.0,0.4,2026-03,unreliable_trip_rate,0.0,1.0,0.0,0.0,True
147,Longwood,23,10,4,20.831666666666667,16.5,0.4,2026-03,unreliable_trip_rate,0.0,1.0,0.0,0.0,True
153,Marble Hill,22,10,4,14.801666666666668,12.333333333333334,0.4,2026-03,unreliable_trip_rate,0.0,1.0,0.0,0.0,True
154,Marine Park/Floyd Bennett Field,14,5,2,37.3,29.0,0.4,2026-03,unreliable_trip_rate,0.0,1.0,0.0,0.0,True
155,Marine Park/Mill Basin,5,25,10,42.33133333333333,23.15,0.4,2026-03,unreliable_trip_rate,0.0,1.0,0.0,0.0,True
167,Morrisania/Melrose,1,5,2,20.316666666666666,14.416666666666666,0.4,2026-03,unreliable_trip_rate,0.0,1.0,0.0,0.0,True
171,Murray Hill-Queens,7,25,10,36.724666666666664,33.9,0.4,2026-03,unreliable_trip_rate,0.0,1.0,0.0,0.0,True
171,Murray Hill-Queens,13,15,6,46.68333333333333,36.766666666666666,0.4,2026-03,unreliable_trip_rate,0.0,1.0,0.0,0.0,True
171,Murray Hill-Queens,18,15,6,34.6,33.275,0.4,2026-03,unreliable_trip_rate,0.0,1.0,0.0,0.0,True
173,North Corona,10,10,4,40.025,33.833333333333336,0.4,2026-03,unreliable_trip_rate,0.0,1.0,0.0,0.0,True
175,Oakland Gardens,5,10,4,30.163333333333334,21.016666666666666,0.4,2026-03,unreliable_trip_rate,0.0,1.0,0.0,0.0,True
175,Oakland Gardens,7,15,6,32.833333333333336,33.9,0.4,2026-03,unreliable_trip_rate,0.0,1.0,0.0,0.0,True
175,Oakland Gardens,21,15,6,29.345555555555556,26.016666666666666,0.4,2026-03,unreliable_trip_rate,0.0,1.0,0.0,0.0,True
178,Ocean Parkway South,20,5,2,26.44666666666667,21.45,0.4,2026-03,unreliable_trip_rate,0.0,1.0,0.0,0.0,True
183,Pelham Bay,4,5,2,40.256666666666675,19.875,0.4,2026-03,unreliable_trip_rate,0.0,1.0,0.0,0.0,True
191,Queens Village,18,25,10,38.26133333333333,33.275,0.4,2026-03,unreliable_trip_rate,0.0,1.0,0.0,0.0,True
194,Randalls Island,12,5,2,13.1,13.216666666666667,0.4,2026-03,unreliable_trip_rate,0.0,1.0,0.0,0.0,True
214,South Beach/Dongan Hills,14,20,8,19.929166666666667,14.716666666666667,0.4,2026-03,unreliable_trip_rate,1.0,0.0,0.0,0.0,True
235,University Heights/Morris Heights,20,25,10,28.398000000000003,18.75,0.4,2026-03,unreliable_trip_rate,0.0,1.0,0.0,0.0,True
21,Bensonhurst East,18,28,11,28.560714285714287,22.833333333333332,0.39285714285714285,2026-03,unreliable_trip_rate,0.0,1.0,0.0,0.0,True
250,Westchester Village/Unionport,19,28,11,26.5,19.533333333333335,0.39285714285714285,2026-03,unreliable_trip_rate,0.0,1.0,0.0,0.0,True
3,Allerton/Pelham Gardens,12,23,9,43.77391304347826,36.6,0.391304347826087,2026-03,unreliable_trip_rate,0.0,1.0,0.0,0.0,True
94,Fordham South,12,23,9,36.405072463768114,36.6,0.391304347826087,2026-03,unreliable_trip_rate,0.0,1.0,0.0,0.0,True
203,Rosedale,11,23,9,45.41956521739131,33.733333333333334,0.391304347826087,2026-03,unreliable_trip_rate,0.0,1.0,0.0,0.0,True
20,Belmont,18,18,7,29.255555555555556,25.1,0.3888888888888889,2026-03,unreliable_trip_rate,0.0,1.0,0.0,0.0,True
66,DUMBO/Vinegar Hill,3,18,7,18.211111111111112,17.083333333333332,0.3888888888888889,2026-03,unreliable_trip_rate,0.0,1.0,0.0,0.0,True
101,Glen Oaks,12,18,7,37.137962962962966,33.71666666666667,0.3888888888888889,2026-03,unreliable_trip_rate,0.0,1.0,0.0,0.0,True
136,Kingsbridge Heights,4,18,7,27.10185185185185,19.875,0.3888888888888889,2026-03,unreliable_trip_rate,0.0,1.0,0.0,0.0,True
147,Longwood,17,18,7,34.737037037037034,30.216666666666665,0.3888888888888889,2026-03,unreliable_trip_rate,0.0,1.0,0.0,0.0,True
200,Riverdale/North Riverdale/Fieldston,19,18,7,26.63703703703704,19.533333333333335,0.3888888888888889,2026-03,unreliable_trip_rate,0.0,1.0,0.0,0.0,True
54,Columbia Street,17,26,10,27.90448717948718,26.25,0.38461538461538464,2026-03,unreliable_trip_rate,0.0,1.0,0.0,0.0,True
67,Dyker Heights,17,26,10,33.857692307692304,26.25,0.38461538461538464,2026-03,unreliable_trip_rate,0.0,1.0,0.0,0.0,True
78,East Tremont,21,26,10,30.069230769230767,19.0,0.38461538461538464,2026-03,unreliable_trip_rate,0.0,1.0,0.0,0.0,True
123,Homecrest,22,13,5,23.617948717948714,20.533333333333335,0.38461538461538464,2026-03,unreliable_trip_rate,0.0,1.0,0.0,0.0,True
139,Laurelton,22,13,5,36.967948717948715,25.416666666666668,0.38461538461538464,2026-03,unreliable_trip_rate,0.0,1.0,0.0,0.0,True
183,Pelham Bay,21,13,5,24.611538461538462,19.0,0.38461538461538464,2026-03,unreliable_trip_rate,0.0,1.0,0.0,0.0,True
265,Outside of NYC,4,13,5,13.997435897435897,10.308333333333334,0.38461538461538464,2026-03,unreliable_trip_rate,0.0,1.0,0.0,0.0,True
265,Outside of NYC,18,26,10,15.341025641025642,13.058333333333334,0.38461538461538464,2026-03,unreliable_trip_rate,0.0,1.0,0.0,0.0,True
28,Briarwood/Jamaica Hills,21,21,8,26.812698412698417,26.016666666666666,0.38095238095238093,2026-03,unreliable_trip_rate,0.0,1.0,0.0,0.0,True
77,East New York/Pennsylvania Avenue,23,21,8,21.738888888888887,19.45,0.38095238095238093,2026-03,unreliable_trip_rate,0.0,1.0,0.0,0.0,True
101,Glen Oaks,14,21,8,39.946825396825396,43.13333333333333,0.38095238095238093,2026-03,unreliable_trip_rate,0.0,1.0,0.0,0.0,True
169,Mount Hope,21,21,8,25.97222222222222,19.0,0.38095238095238093,2026-03,unreliable_trip_rate,0.0,1.0,0.0,0.0,True
208,Schuylerville/Edgewater Park,22,21,8,22.725396825396825,18.116666666666667,0.38095238095238093,2026-03,unreliable_trip_rate,0.0,1.0,0.0,0.0,True
63,Cypress Hills,23,29,11,23.517241379310345,19.45,0.3793103448275862,2026-03,unreliable_trip_rate,0.0,1.0,0.0,0.0,True
208,Schuylerville/Edgewater Park,11,29,11,42.856896551724134,38.75833333333333,0.3793103448275862,2026-03,unreliable_trip_rate,0.0,1.0,0.0,0.0,True
9,Auburndale,13,8,3,50.95625,36.766666666666666,0.375,2026-03,unreliable_trip_rate,0.0,1.0,0.0,0.0,True
10,Baisley Park,3,16,6,21.583333333333332,16.633333333333333,0.375,2026-03,unreliable_trip_rate,0.0,1.0,0.0,0.0,True
16,Bayside,10,8,3,36.6375,33.833333333333336,0.375,2026-03,unreliable_trip_rate,0.0,1.0,0.0,0.0,True
46,City Island,17,8,3,36.97083333333333,30.216666666666665,0.375,2026-03,unreliable_trip_rate,0.0,1.0,0.0,0.0,True
54,Columbia Street,4,8,3,19.125,18.0,0.375,2026-03,unreliable_trip_rate,0.0,1.0,0.0,0.0,True
58,Country Club,6,8,3,41.8,36.25,0.375,2026-03,unreliable_trip_rate,0.0,1.0,0.0,0.0,True
64,Douglaston,8,8,3,38.6625,36.5,0.375,2026-03,unreliable_trip_rate,0.0,1.0,0.0,0.0,True
72,East Flatbush/Remsen Village,3,24,9,20.811805555555555,17.083333333333332,0.375,2026-03,unreliable_trip_rate,0.0,1.0,0.0,0.0,True
73,East Flushing,19,8,3,32.666666666666664,28.791666666666668,0.375,2026-03,unreliable_trip_rate,0.0,1.0,0.0,0.0,True
94,Fordham South,15,16,6,55.571875,36.13333333333333,0.375,2026-03,unreliable_trip_rate,0.0,1.0,0.0,0.0,True
131,Jamaica Estates,1,8,3,21.735416666666666,19.783333333333335,0.375,2026-03,unreliable_trip_rate,0.0,1.0,0.0,0.0,True
131,Jamaica Estates,5,24,9,23.691666666666666,21.016666666666666,0.375,2026-03,unreliable_trip_rate,0.0,1.0,0.0,0.0,True
139,Laurelton,13,16,6,44.532291666666666,36.766666666666666,0.375,2026-03,unreliable_trip_rate,0.0,1.0,0.0,0.0,True
153,Marble Hill,18,8,3,22.308333333333334,12.25,0.375,2026-03,unreliable_trip_rate,0.0,1.0,0.0,0.0,True
171,Murray Hill-Queens,8,24,9,44.19236111111112,36.5,0.375,2026-03,unreliable_trip_rate,0.0,1.0,0.0,0.0,True
190,Prospect Park,1,8,3,23.108333333333334,18.65,0.375,2026-03,unreliable_trip_rate,0.0,1.0,0.0,0.0,True
203,Rosedale,0,16,6,24.573958333333334,21.883333333333333,0.375,2026-03,unreliable_trip_rate,0.0,1.0,0.0,0.0,True
205,Saint Albans,23,16,6,27.679166666666667,23.666666666666668,0.375,2026-03,unreliable_trip_rate,0.0,1.0,0.0,0.0,True
219,Springfield Gardens South,1,16,6,22.085416666666667,19.783333333333335,0.375,2026-03,unreliable_trip_rate,0.0,1.0,0.0,0.0,True
240,Van Cortlandt Park,15,8,3,37.26875,36.13333333333333,0.375,2026-03,unreliable_trip_rate,0.0,1.0,0.0,0.0,True
240,Van Cortlandt Park,18,8,3,31.36875,25.1,0.375,2026-03,unreliable_trip_rate,0.0,1.0,0.0,0.0,True
22,Bensonhurst West,17,27,10,34.31172839506173,26.25,0.37037037037037035,2026-03,unreliable_trip_rate,0.0,1.0,0.0,0.0,True
26,Borough Park,6,27,10,40.379629629629626,28.8,0.37037037037037035,2026-03,unreliable_trip_rate,0.0,1.0,0.0,0.0,True
66,DUMBO/Vinegar Hill,4,27,10,18.298148148148147,18.0,0.37037037037037035,2026-03,unreliable_trip_rate,0.0,1.0,0.0,0.0,True
212,Soundview/Bruckner,20,27,10,26.794444444444448,18.75,0.37037037037037035,2026-03,unreliable_trip_rate,0.0,1.0,0.0,0.0,True
242,Van Nest/Morris Park,5,27,10,36.51234567901235,34.34166666666667,0.37037037037037035,2026-03,unreliable_trip_rate,0.0,1.0,0.0,0.0,True
247,West Concourse,1,27,10,15.85925925925926,14.416666666666666,0.37037037037037035,2026-03,unreliable_trip_rate,0.0,1.0,0.0,0.0,True
123,Homecrest,20,19,7,25.282456140350877,21.45,0.3684210526315789,2026-03,unreliable_trip_rate,0.0,1.0,0.0,0.0,True
147,Longwood,20,19,7,26.764912280701754,18.75,0.3684210526315789,2026-03,unreliable_trip_rate,0.0,1.0,0.0,0.0,True
208,Schuylerville/Edgewater Park,5,19,7,34.96754385964912,34.34166666666667,0.3684210526315789,2026-03,unreliable_trip_rate,0.0,1.0,0.0,0.0,True
53,College Point,5,11,4,24.91969696969697,21.016666666666666,0.36363636363636365,2026-03,unreliable_trip_rate,0.0,1.0,0.0,0.0,True
60,Crotona Park East,4,11,4,30.44090909090909,19.875,0.36363636363636365,2026-03,unreliable_trip_rate,0.0,1.0,0.0,0.0,True
67,Dyker Heights,12,22,8,33.91212121212121,29.45,0.36363636363636365,2026-03,unreliable_trip_rate,0.0,1.0,0.0,0.0,True
73,East Flushing,8,11,4,34.32575757575757,36.5,0.36363636363636365,2026-03,unreliable_trip_rate,0.0,1.0,0.0,0.0,True
94,Fordham South,1,11,4,16.515151515151516,14.416666666666666,0.36363636363636365,2026-03,unreliable_trip_rate,0.0,1.0,0.0,0.0,True
98,Fresh Meadows,8,11,4,42.44090909090909,36.5,0.36363636363636365,2026-03,unreliable_trip_rate,0.0,1.0,0.0,0.0,True
101,Glen Oaks,17,11,4,43.00909090909091,40.916666666666664,0.36363636363636365,2026-03,unreliable_trip_rate,0.0,1.0,0.0,0.0,True
119,Highbridge,22,11,4,20.112121212121213,18.116666666666667,0.36363636363636365,2026-03,unreliable_trip_rate,0.0,1.0,0.0,0.0,True
150,Manhattan Beach,11,22,8,35.92121212121212,30.233333333333334,0.36363636363636365,2026-03,unreliable_trip_rate,0.0,1.0,0.0,0.0,True
153,Marble Hill,23,11,4,15.254545454545456,12.05,0.36363636363636365,2026-03,unreliable_trip_rate,0.0,1.0,0.0,0.0,True
190,Prospect Park,14,22,8,38.151515151515156,29.0,0.36363636363636365,2026-03,unreliable_trip_rate,0.0,1.0,0.0,0.0,True
192,Queensboro Hill,17,11,4,41.596969696969694,40.916666666666664,0.36363636363636365,2026-03,unreliable_trip_rate,0.0,1.0,0.0,0.0,True
248,West Farms/Bronx River,21,22,8,25.041666666666664,19.0,0.36363636363636365,2026-03,unreliable_trip_rate,0.0,1.0,0.0,0.0,True
19,Bellerose,14,25,9,39.468,43.13333333333333,0.36,2026-03,unreliable_trip_rate,0.0,1.0,0.0,0.0,True
248,West Farms/Bronx River,15,25,9,37.53866666666667,36.13333333333333,0.36,2026-03,unreliable_trip_rate,0.0,1.0,0.0,0.0,True
3,Allerton/Pelham Gardens,4,14,5,20.542857142857144,19.875,0.35714285714285715,2026-03,unreliable_trip_rate,0.0,1.0,0.0,0.0,True
19,Bellerose,17,14,5,43.642857142857146,40.916666666666664,0.35714285714285715,2026-03,unreliable_trip_rate,0.0,1.0,0.0,0.0,True
49,Clinton Hill,2,28,10,19.223214285714285,17.55,0.35714285714285715,2026-03,unreliable_trip_rate,0.0,1.0,0.0,0.0,True
81,Eastchester,23,14,5,16.354761904761904,16.5,0.35714285714285715,2026-03,unreliable_trip_rate,0.0,1.0,0.0,0.0,True
83,Elmhurst/Maspeth,3,28,10,17.785119047619048,16.633333333333333,0.35714285714285715,2026-03,unreliable_trip_rate,0.0,1.0,0.0,0.0,True
98,Fresh Meadows,9,14,5,36.12619047619047,36.666666666666664,0.35714285714285715,2026-03,unreliable_trip_rate,0.0,1.0,0.0,0.0,True
126,Hunts Point,0,14,5,20.059523809523807,15.466666666666667,0.35714285714285715,2026-03,unreliable_trip_rate,0.0,1.0,0.0,0.0,True
149,Madison,20,14,5,20.420238095238094,21.45,0.35714285714285715,2026-03,unreliable_trip_rate,0.0,1.0,0.0,0.0,True
174,Norwood,21,14,5,19.64404761904762,19.0,0.35714285714285715,2026-03,unreliable_trip_rate,0.0,1.0,0.0,0.0,True
183,Pelham Bay,15,14,5,43.09166666666666,36.13333333333333,0.35714285714285715,2026-03,unreliable_trip_rate,0.0,1.0,0.0,0.0,True
183,Pelham Bay,18,14,5,39.517857142857146,25.1,0.35714285714285715,2026-03,unreliable_trip_rate,0.0,1.0,0.0,0.0,True
190,Prospect Park,11,14,5,39.21547619047619,30.233333333333334,0.35714285714285715,2026-03,unreliable_trip_rate,0.0,1.0,0.0,0.0,True
220,Spuyten Duyvil/Kingsbridge,4,14,5,27.592857142857145,19.875,0.35714285714285715,2026-03,unreliable_trip_rate,0.0,1.0,0.0,0.0,True
241,Van Cortlandt Village,16,28,10,45.295833333333334,35.666666666666664,0.35714285714285715,2026-03,unreliable_trip_rate,0.0,1.0,0.0,0.0,True
242,Van Nest/Morris Park,21,14,5,21.057142857142857,19.0,0.35714285714285715,2026-03,unreliable_trip_rate,0.0,1.0,0.0,0.0,True
9,Auburndale,7,17,6,34.05196078431373,33.9,0.35294117647058826,2026-03,unreliable_trip_rate,0.0,1.0,0.0,0.0,True
72,East Flatbush/Remsen Village,0,17,6,19.37450980392157,19.208333333333332,0.35294117647058826,2026-03,unreliable_trip_rate,0.0,1.0,0.0,0.0,True
178,Ocean Parkway South,11,17,6,33.022549019607844,30.233333333333334,0.35294117647058826,2026-03,unreliable_trip_rate,0.0,1.0,0.0,0.0,True
180,Ozone Park,11,17,6,38.990196078431374,33.733333333333334,0.35294117647058826,2026-03,unreliable_trip_rate,0.0,1.0,0.0,0.0,True
265,Outside of NYC,5,17,6,13.959803921568627,10.758333333333333,0.35294117647058826,2026-03,unreliable_trip_rate,0.0,1.0,0.0,0.0,True
3,Allerton/Pelham Gardens,14,20,7,34.88333333333333,31.883333333333333,0.35,2026-03,unreliable_trip_rate,0.0,1.0,0.0,0.0,True
149,Madison,16,20,7,27.310000000000002,28.8,0.35,2026-03,unreliable_trip_rate,0.0,1.0,0.0,0.0,True
178,Ocean Parkway South,12,20,7,33.47833333333333,29.45,0.35,2026-03,unreliable_trip_rate,0.0,1.0,0.0,0.0,True
124,Howard Beach,11,23,8,32.81449275362319,33.733333333333334,0.34782608695652173,2026-03,unreliable_trip_rate,0.0,1.0,0.0,0.0,True
160,Middle Village,4,23,8,15.929710144927537,16.616666666666667,0.34782608695652173,2026-03,unreliable_trip_rate,0.0,1.0,0.0,0.0,True
180,Ozone Park,13,23,8,33.1695652173913,36.766666666666666,0.34782608695652173,2026-03,unreliable_trip_rate,0.0,1.0,0.0,0.0,True
250,Westchester Village/Unionport,4,23,8,25.666666666666668,19.875,0.34782608695652173,2026-03,unreliable_trip_rate,0.0,1.0,0.0,0.0,True
195,Red Hook,0,26,9,21.05448717948718,19.208333333333332,0.34615384615384615,2026-03,unreliable_trip_rate,0.0,1.0,0.0,0.0,True
200,Riverdale/North Riverdale/Fieldston,13,26,9,45.353846153846156,34.391666666666666,0.34615384615384615,2026-03,unreliable_trip_rate,0.0,1.0,0.0,0.0,True
67,Dyker Heights,9,29,10,35.47241379310345,27.983333333333334,0.3448275862068966,2026-03,unreliable_trip_rate,0.0,1.0,0.0,0.0,True
76,East New York,1,29,10,18.06494252873563,18.65,0.3448275862068966,2026-03,unreliable_trip_rate,0.0,1.0,0.0,0.0,True
200,Riverdale/North Riverdale/Fieldston,16,29,10,34.1316091954023,35.666666666666664,0.3448275862068966,2026-03,unreliable_trip_rate,0.0,1.0,0.0,0.0,True
217,South Williamsburg,17,29,10,32.262068965517244,26.25,0.3448275862068966,2026-03,unreliable_trip_rate,0.0,1.0,0.0,0.0,True
1,Newark Airport,10,3,1,11.661111111111111,13.9,0.3333333333333333,2026-03,unreliable_trip_rate,1.0,0.0,0.0,0.0,True
1,Newark Airport,16,3,1,9.155555555555557,14.533333333333333,0.3333333333333333,2026-03,unreliable_trip_rate,1.0,0.0,0.0,0.0,True
1,Newark Airport,17,3,1,6.772222222222222,13.966666666666667,0.3333333333333333,2026-03,unreliable_trip_rate,1.0,0.0,0.0,0.0,True
6,Arrochar/Fort Wadsworth,9,6,2,14.611111111111112,13.683333333333334,0.3333333333333333,2026-03,unreliable_trip_rate,1.0,0.0,0.0,0.0,True
9,Auburndale,3,3,1,14.049999999999999,16.633333333333333,0.3333333333333333,2026-03,unreliable_trip_rate,0.0,1.0,0.0,0.0,True
9,Auburndale,16,6,2,50.041666666666664,46.4,0.3333333333333333,2026-03,unreliable_trip_rate,0.0,1.0,0.0,0.0,True
11,Bath Beach,21,6,2,22.441666666666666,20.95,0.3333333333333333,2026-03,unreliable_trip_rate,0.0,1.0,0.0,0.0,True
16,Bayside,4,6,2,15.219444444444443,16.616666666666667,0.3333333333333333,2026-03,unreliable_trip_rate,0.0,1.0,0.0,0.0,True
16,Bayside,12,9,3,27.66111111111111,33.71666666666667,0.3333333333333333,2026-03,unreliable_trip_rate,0.0,1.0,0.0,0.0,True
18,Bedford Park,0,9,3,21.772222222222222,15.466666666666667,0.3333333333333333,2026-03,unreliable_trip_rate,0.0,1.0,0.0,0.0,True
19,Bellerose,1,3,1,19.377777777777776,19.783333333333335,0.3333333333333333,2026-03,unreliable_trip_rate,0.0,1.0,0.0,0.0,True
20,Belmont,4,6,2,33.40277777777778,19.875,0.3333333333333333,2026-03,unreliable_trip_rate,0.0,1.0,0.0,0.0,True
21,Bensonhurst East,1,6,2,20.20277777777778,18.65,0.3333333333333333,2026-03,unreliable_trip_rate,0.0,1.0,0.0,0.0,True
22,Bensonhurst West,1,9,3,17.912962962962965,18.65,0.3333333333333333,2026-03,unreliable_trip_rate,0.0,1.0,0.0,0.0,True
22,Bensonhurst West,23,9,3,16.75185185185185,19.45,0.3333333333333333,2026-03,unreliable_trip_rate,0.0,1.0,0.0,0.0,True
23,Bloomfield/Emerson Hill,16,3,1,15.816666666666668,14.533333333333333,0.3333333333333333,2026-03,unreliable_trip_rate,1.0,0.0,0.0,0.0,True
28,Briarwood/Jamaica Hills,4,18,6,16.482407407407408,16.616666666666667,0.3333333333333333,2026-03,unreliable_trip_rate,0.0,1.0,0.0,0.0,True
31,Bronx Park,8,9,3,38.15555555555555,32.88333333333333,0.3333333333333333,2026-03,unreliable_trip_rate,0.0,1.0,0.0,0.0,True
31,Bronx Park,13,9,3,36.72962962962963,34.391666666666666,0.3333333333333333,2026-03,unreliable_trip_rate,0.0,1.0,0.0,0.0,True
32,Bronxdale,23,12,4,19.829166666666666,16.5,0.3333333333333333,2026-03,unreliable_trip_rate,0.0,1.0,0.0,0.0,True
38,Cambria Heights,21,3,1,31.311111111111114,26.016666666666666,0.3333333333333333,2026-03,unreliable_trip_rate,0.0,1.0,0.0,0.0,True
47,Claremont/Bathgate,0,6,2,14.583333333333334,15.466666666666667,0.3333333333333333,2026-03,unreliable_trip_rate,0.0,1.0,0.0,0.0,True
54,Columbia Street,0,12,4,20.718055555555555,19.208333333333332,0.3333333333333333,2026-03,unreliable_trip_rate,0.0,1.0,0.0,0.0,True
55,Coney Island,2,3,1,17.73333333333333,17.55,0.3333333333333333,2026-03,unreliable_trip_rate,0.0,1.0,0.0,0.0,True
58,Country Club,5,3,1,35.96666666666667,34.34166666666667,0.3333333333333333,2026-03,unreliable_trip_rate,0.0,1.0,0.0,0.0,True
58,Country Club,13,3,1,35.83888888888889,34.391666666666666,0.3333333333333333,2026-03,unreliable_trip_rate,0.0,1.0,0.0,0.0,True
59,Crotona Park,12,3,1,43.02222222222222,36.6,0.3333333333333333,2026-03,unreliable_trip_rate,0.0,1.0,0.0,0.0,True
59,Crotona Park,15,3,1,42.64444444444444,36.13333333333333,0.3333333333333333,2026-03,unreliable_trip_rate,0.0,1.0,0.0,0.0,True
60,Crotona Park East,18,27,9,34.068518518518516,25.1,0.3333333333333333,2026-03,unreliable_trip_rate,0.0,1.0,0.0,0.0,True
63,Cypress Hills,20,27,9,21.012962962962963,21.45,0.3333333333333333,2026-03,unreliable_trip_rate,0.0,1.0,0.0,0.0,True
64,Douglaston,6,6,2,41.952777777777776,29.333333333333332,0.3333333333333333,2026-03,unreliable_trip_rate,0.0,1.0,0.0,0.0,True
67,Dyker Heights,16,18,6,33.21018518518518,28.8,0.3333333333333333,2026-03,unreliable_trip_rate,0.0,1.0,0.0,0.0,True
67,Dyker Heights,21,9,3,20.65740740740741,20.95,0.3333333333333333,2026-03,unreliable_trip_rate,0.0,1.0,0.0,0.0,True
72,East Flatbush/Remsen Village,1,6,2,19.566666666666666,18.65,0.3333333333333333,2026-03,unreliable_trip_rate,0.0,1.0,0.0,0.0,True
73,East Flushing,6,6,2,22.372222222222224,29.333333333333332,0.3333333333333333,2026-03,unreliable_trip_rate,0.0,1.0,0.0,0.0,True
73,East Flushing,9,3,1,49.01111111111111,36.666666666666664,0.3333333333333333,2026-03,unreliable_trip_rate,0.0,1.0,0.0,0.0,True
73,East Flushing,12,6,2,35.78333333333334,33.71666666666667,0.3333333333333333,2026-03,unreliable_trip_rate,0.0,1.0,0.0,0.0,True
73,East Flushing,16,3,1,48.98888888888888,46.4,0.3333333333333333,2026-03,unreliable_trip_rate,0.0,1.0,0.0,0.0,True
77,East New York/Pennsylvania Avenue,1,6,2,25.349999999999998,18.65,0.3333333333333333,2026-03,unreliable_trip_rate,0.0,1.0,0.0,0.0,True
78,East Tremont,2,3,1,18.705555555555556,15.775,0.3333333333333333,2026-03,unreliable_trip_rate,0.0,1.0,0.0,0.0,True
92,Flushing,2,15,5,18.883333333333333,18.066666666666666,0.3333333333333333,2026-03,unreliable_trip_rate,0.0,1.0,0.0,0.0,True
94,Fordham South,3,3,1,17.45,15.950000000000001,0.3333333333333333,2026-03,unreliable_trip_rate,0.0,1.0,0.0,0.0,True
94,Fordham South,16,18,6,38.70740740740741,35.666666666666664,0.3333333333333333,2026-03,unreliable_trip_rate,0.0,1.0,0.0,0.0,True
94,Fordham South,17,27,9,38.087037037037035,30.216666666666665,0.3333333333333333,2026-03,unreliable_trip_rate,0.0,1.0,0.0,0.0,True
94,Fordham South,23,6,2,24.48888888888889,16.5,0.3333333333333333,2026-03,unreliable_trip_rate,0.0,1.0,0.0,0.0,True
96,Forest Park/Highland Park,11,3,1,37.855555555555554,33.733333333333334,0.3333333333333333,2026-03,unreliable_trip_rate,0.0,1.0,0.0,0.0,True
98,Fresh Meadows,14,18,6,46.74444444444444,43.13333333333333,0.3333333333333333,2026-03,unreliable_trip_rate,0.0,1.0,0.0,0.0,True
98,Fresh Meadows,18,6,2,40.855555555555554,33.275,0.3333333333333333,2026-03,unreliable_trip_rate,0.0,1.0,0.0,0.0,True
101,Glen Oaks,11,6,2,44.57222222222222,33.733333333333334,0.3333333333333333,2026-03,unreliable_trip_rate,0.0,1.0,0.0,0.0,True
108,Gravesend,23,6,2,22.79444444444444,19.45,0.3333333333333333,2026-03,unreliable_trip_rate,0.0,1.0,0.0,0.0,True
122,Hollis,3,3,1,23.450000000000003,16.633333333333333,0.3333333333333333,2026-03,unreliable_trip_rate,0.0,1.0,0.0,0.0,True
133,Kensington,4,9,3,18.99074074074074,18.0,0.3333333333333333,2026-03,unreliable_trip_rate,0.0,1.0,0.0,0.0,True
147,Longwood,3,3,1,18.266666666666666,15.950000000000001,0.3333333333333333,2026-03,unreliable_trip_rate,0.0,1.0,0.0,0.0,True
153,Marble Hill,4,3,1,8.433333333333334,11.433333333333334,0.3333333333333333,2026-03,unreliable_trip_rate,0.0,1.0,0.0,0.0,True
153,Marble Hill,20,12,4,11.930555555555555,11.783333333333333,0.3333333333333333,2026-03,unreliable_trip_rate,0.0,1.0,0.0,0.0,True
154,Marine Park/Floyd Bennett Field,8,3,1,58.588888888888896,28.458333333333332,0.3333333333333333,2026-03,unreliable_trip_rate,0.0,1.0,0.0,0.0,True
154,Marine Park/Floyd Bennett Field,11,3,1,38.544444444444444,30.233333333333334,0.3333333333333333,2026-03,unreliable_trip_rate,0.0,1.0,0.0,0.0,True
154,Marine Park/Floyd Bennett Field,18,3,1,33.28333333333334,22.833333333333332,0.3333333333333333,2026-03,unreliable_trip_rate,0.0,1.0,0.0,0.0,True
165,Midwood,0,6,2,19.630555555555556,19.208333333333332,0.3333333333333333,2026-03,unreliable_trip_rate,0.0,1.0,0.0,0.0,True
165,Midwood,2,3,1,14.411111111111111,17.55,0.3333333333333333,2026-03,unreliable_trip_rate,0.0,1.0,0.0,0.0,True
167,Morrisania/Melrose,3,9,3,16.866666666666667,15.950000000000001,0.3333333333333333,2026-03,unreliable_trip_rate,0.0,1.0,0.0,0.0,True
167,Morrisania/Melrose,23,18,6,17.160185185185185,16.5,0.3333333333333333,2026-03,unreliable_trip_rate,0.0,1.0,0.0,0.0,True
169,Mount Hope,4,18,6,23.16111111111111,19.875,0.3333333333333333,2026-03,unreliable_trip_rate,0.0,1.0,0.0,0.0,True
173,North Corona,11,21,7,38.77063492063492,33.733333333333334,0.3333333333333333,2026-03,unreliable_trip_rate,0.0,1.0,0.0,0.0,True
177,Ocean Hill,1,21,7,21.596031746031745,18.65,0.3333333333333333,2026-03,unreliable_trip_rate,0.0,1.0,0.0,0.0,True
180,Ozone Park,2,6,2,15.986111111111112,18.066666666666666,0.3333333333333333,2026-03,unreliable_trip_rate,0.0,1.0,0.0,0.0,True
183,Pelham Bay,14,9,3,48.75185185185185,31.883333333333333,0.3333333333333333,2026-03,unreliable_trip_rate,0.0,1.0,0.0,0.0,True
183,Pelham Bay,17,12,4,38.6625,30.216666666666665,0.3333333333333333,2026-03,unreliable_trip_rate,0.0,1.0,0.0,0.0,True
184,Pelham Bay Park,9,3,1,29.816666666666663,35.75,0.3333333333333333,2026-03,unreliable_trip_rate,0.0,1.0,0.0,0.0,True
185,Pelham Parkway,23,15,5,16.265555555555558,16.5,0.3333333333333333,2026-03,unreliable_trip_rate,0.0,1.0,0.0,0.0,True
190,Prospect Park,19,12,4,26.377777777777776,21.483333333333334,0.3333333333333333,2026-03,unreliable_trip_rate,0.0,1.0,0.0,0.0,True
191,Queens Village,21,21,7,27.94126984126984,26.016666666666666,0.3333333333333333,2026-03,unreliable_trip_rate,0.0,1.0,0.0,0.0,True
192,Queensboro Hill,6,12,4,33.523611111111116,29.333333333333332,0.3333333333333333,2026-03,unreliable_trip_rate,0.0,1.0,0.0,0.0,True
192,Queensboro Hill,8,18,6,34.49907407407407,36.5,0.3333333333333333,2026-03,unreliable_trip_rate,0.0,1.0,0.0,0.0,True
192,Queensboro Hill,12,24,8,34.71805555555556,33.71666666666667,0.3333333333333333,2026-03,unreliable_trip_rate,0.0,1.0,0.0,0.0,True
193,Queensbridge/Ravenswood,2,6,2,14.702777777777778,18.066666666666666,0.3333333333333333,2026-03,unreliable_trip_rate,0.0,1.0,0.0,0.0,True
193,Queensbridge/Ravenswood,3,12,4,17.243055555555554,16.633333333333333,0.3333333333333333,2026-03,unreliable_trip_rate,0.0,1.0,0.0,0.0,True
196,Rego Park,2,3,1,21.127777777777776,18.066666666666666,0.3333333333333333,2026-03,unreliable_trip_rate,0.0,1.0,0.0,0.0,True
196,Rego Park,5,24,8,25.134027777777778,21.016666666666666,0.3333333333333333,2026-03,unreliable_trip_rate,0.0,1.0,0.0,0.0,True
200,Riverdale/North Riverdale/Fieldston,0,6,2,22.844444444444445,15.466666666666667,0.3333333333333333,2026-03,unreliable_trip_rate,0.0,1.0,0.0,0.0,True
200,Riverdale/North Riverdale/Fieldston,5,6,2,41.986111111111114,34.34166666666667,0.3333333333333333,2026-03,unreliable_trip_rate,0.0,1.0,0.0,0.0,True
200,Riverdale/North Riverdale/Fieldston,6,9,3,53.65555555555555,36.25,0.3333333333333333,2026-03,unreliable_trip_rate,0.0,1.0,0.0,0.0,True
200,Riverdale/North Riverdale/Fieldston,23,6,2,16.125,16.5,0.3333333333333333,2026-03,unreliable_trip_rate,0.0,1.0,0.0,0.0,True
201,Rockaway Park,0,3,1,17.516666666666666,21.883333333333333,0.3333333333333333,2026-03,unreliable_trip_rate,0.0,1.0,0.0,0.0,True
201,Rockaway Park,15,18,6,48.73425925925926,46.11666666666667,0.3333333333333333,2026-03,unreliable_trip_rate,0.0,1.0,0.0,0.0,True
203,Rosedale,23,12,4,37.875,23.666666666666668,0.3333333333333333,2026-03,unreliable_trip_rate,0.0,1.0,0.0,0.0,True
212,Soundview/Bruckner,2,3,1,13.844444444444447,15.775,0.3333333333333333,2026-03,unreliable_trip_rate,0.0,1.0,0.0,0.0,True
212,Soundview/Bruckner,12,24,8,42.30138888888889,36.6,0.3333333333333333,2026-03,unreliable_trip_rate,0.0,1.0,0.0,0.0,True
213,Soundview/Castle Hill,23,27,9,22.385185185185183,16.5,0.3333333333333333,2026-03,unreliable_trip_rate,0.0,1.0,0.0,0.0,True
222,Starrett City,3,3,1,26.055555555555557,17.083333333333332,0.3333333333333333,2026-03,unreliable_trip_rate,0.0,1.0,0.0,0.0,True
240,Van Cortlandt Park,20,3,1,34.47777777777778,18.75,0.3333333333333333,2026-03,unreliable_trip_rate,0.0,1.0,0.0,0.0,True
240,Van Cortlandt Park,23,3,1,30.227777777777778,16.5,0.3333333333333333,2026-03,unreliable_trip_rate,0.0,1.0,0.0,0.0,True
242,Van Nest/Morris Park,1,6,2,16.88888888888889,14.416666666666666,0.3333333333333333,2026-03,unreliable_trip_rate,0.0,1.0,0.0,0.0,True
242,Van Nest/Morris Park,22,15,5,19.985555555555557,18.116666666666667,0.3333333333333333,2026-03,unreliable_trip_rate,0.0,1.0,0.0,0.0,True
248,West Farms/Bronx River,19,18,6,26.131481481481483,19.533333333333335,0.3333333333333333,2026-03,unreliable_trip_rate,0.0,1.0,0.0,0.0,True
248,West Farms/Bronx River,23,12,4,18.53611111111111,16.5,0.3333333333333333,2026-03,unreliable_trip_rate,0.0,1.0,0.0,0.0,True
257,Windsor Terrace,13,27,9,31.73765432098765,28.733333333333334,0.3333333333333333,2026-03,unreliable_trip_rate,0.0,1.0,0.0,0.0,True
258,Woodhaven,2,9,3,18.146296296296295,18.066666666666666,0.3333333333333333,2026-03,unreliable_trip_rate,0.0,1.0,0.0,0.0,True
259,Woodlawn/Wakefield,3,6,2,19.352777777777778,15.950000000000001,0.3333333333333333,2026-03,unreliable_trip_rate,0.0,1.0,0.0,0.0,True
18,Bedford Park,21,28,9,27.383333333333333,19.0,0.32142857142857145,2026-03,unreliable_trip_rate,0.0,1.0,0.0,0.0,True
124,Howard Beach,12,28,9,34.31369047619047,33.71666666666667,0.32142857142857145,2026-03,unreliable_trip_rate,0.0,1.0,0.0,0.0,True
67,Dyker Heights,11,25,8,30.348000000000003,30.233333333333334,0.32,2026-03,unreliable_trip_rate,0.0,1.0,0.0,0.0,True
69,East Concourse/Concourse Village,4,25,8,23.307333333333332,19.875,0.32,2026-03,unreliable_trip_rate,0.0,1.0,0.0,0.0,True
127,Inwood,2,25,8,12.648,11.133333333333333,0.32,2026-03,unreliable_trip_rate,0.0,1.0,0.0,0.0,True
250,Westchester Village/Unionport,20,25,8,24.221999999999998,18.75,0.32,2026-03,unreliable_trip_rate,0.0,1.0,0.0,0.0,True
18,Bedford Park,17,22,7,36.138636363636365,30.216666666666665,0.3181818181818182,2026-03,unreliable_trip_rate,0.0,1.0,0.0,0.0,True
32,Bronxdale,4,22,7,22.100757575757576,19.875,0.3181818181818182,2026-03,unreliable_trip_rate,0.0,1.0,0.0,0.0,True
53,College Point,6,22,7,35.31136363636364,29.333333333333332,0.3181818181818182,2026-03,unreliable_trip_rate,0.0,1.0,0.0,0.0,True
60,Crotona Park East,16,22,7,39.47651515151515,35.666666666666664,0.3181818181818182,2026-03,unreliable_trip_rate,0.0,1.0,0.0,0.0,True
77,East New York/Pennsylvania Avenue,0,22,7,20.215151515151515,19.208333333333332,0.3181818181818182,2026-03,unreliable_trip_rate,0.0,1.0,0.0,0.0,True
178,Ocean Parkway South,14,22,7,35.85606060606061,29.0,0.3181818181818182,2026-03,unreliable_trip_rate,0.0,1.0,0.0,0.0,True
259,Woodlawn/Wakefield,14,22,7,34.33560606060606,31.883333333333333,0.3181818181818182,2026-03,unreliable_trip_rate,0.0,1.0,0.0,0.0,True
265,Outside of NYC,7,22,7,12.781060606060606,12.625,0.3181818181818182,2026-03,unreliable_trip_rate,0.0,1.0,0.0,0.0,True
22,Bensonhurst West,16,19,6,30.58245614035088,28.8,0.3157894736842105,2026-03,unreliable_trip_rate,0.0,1.0,0.0,0.0,True
93,Flushing Meadows-Corona Park,9,19,6,35.11140350877193,36.666666666666664,0.3157894736842105,2026-03,unreliable_trip_rate,0.0,1.0,0.0,0.0,True
106,Gowanus,2,19,6,20.657894736842106,17.55,0.3157894736842105,2026-03,unreliable_trip_rate,0.0,1.0,0.0,0.0,True
190,Prospect Park,18,19,6,22.16140350877193,22.833333333333332,0.3157894736842105,2026-03,unreliable_trip_rate,0.0,1.0,0.0,0.0,True
208,Schuylerville/Edgewater Park,0,19,6,17.192105263157895,15.466666666666667,0.3157894736842105,2026-03,unreliable_trip_rate,0.0,1.0,0.0,0.0,True
248,West Farms/Bronx River,18,19,6,30.075438596491225,25.1,0.3157894736842105,2026-03,unreliable_trip_rate,0.0,1.0,0.0,0.0,True
257,Windsor Terrace,20,19,6,20.717543859649123,21.45,0.3157894736842105,2026-03,unreliable_trip_rate,0.0,1.0,0.0,0.0,True
9,Auburndale,10,16,5,34.653125,33.833333333333336,0.3125,2026-03,unreliable_trip_rate,0.0,1.0,0.0,0.0,True
20,Belmont,20,16,5,20.947916666666668,18.75,0.3125,2026-03,unreliable_trip_rate,0.0,1.0,0.0,0.0,True
133,Kensington,22,16,5,20.219791666666666,20.533333333333335,0.3125,2026-03,unreliable_trip_rate,0.0,1.0,0.0,0.0,True
160,Middle Village,12,16,5,32.359375,33.71666666666667,0.3125,2026-03,unreliable_trip_rate,0.0,1.0,0.0,0.0,True
126,Hunts Point,18,29,9,27.095402298850573,25.1,0.3103448275862069,2026-03,unreliable_trip_rate,0.0,1.0,0.0,0.0,True
139,Laurelton,14,29,9,40.04597701149425,43.13333333333333,0.3103448275862069,2026-03,unreliable_trip_rate,0.0,1.0,0.0,0.0,True
147,Longwood,18,29,9,28.520689655172415,25.1,0.3103448275862069,2026-03,unreliable_trip_rate,0.0,1.0,0.0,0.0,True
217,South Williamsburg,13,29,9,29.53965517241379,28.733333333333334,0.3103448275862069,2026-03,unreliable_trip_rate,0.0,1.0,0.0,0.0,True
247,West Concourse,0,29,9,17.22471264367816,15.466666666666667,0.3103448275862069,2026-03,unreliable_trip_rate,0.0,1.0,0.0,0.0,True
3,Allerton/Pelham Gardens,20,13,4,19.07820512820513,18.75,0.3076923076923077,2026-03,unreliable_trip_rate,0.0,1.0,0.0,0.0,True
33,Brooklyn Heights,3,13,4,18.348717948717947,17.083333333333332,0.3076923076923077,2026-03,unreliable_trip_rate,0.0,1.0,0.0,0.0,True
34,Brooklyn Navy Yard,0,13,4,22.088461538461537,19.208333333333332,0.3076923076923077,2026-03,unreliable_trip_rate,0.0,1.0,0.0,0.0,True
94,Fordham South,20,13,4,31.611538461538462,18.75,0.3076923076923077,2026-03,unreliable_trip_rate,0.0,1.0,0.0,0.0,True
135,Kew Gardens Hills,19,13,4,24.34102564102564,28.791666666666668,0.3076923076923077,2026-03,unreliable_trip_rate,0.0,1.0,0.0,0.0,True
159,Melrose South,1,13,4,16.934615384615384,14.416666666666666,0.3076923076923077,2026-03,unreliable_trip_rate,0.0,1.0,0.0,0.0,True
178,Ocean Parkway South,15,13,4,33.885897435897434,29.55,0.3076923076923077,2026-03,unreliable_trip_rate,0.0,1.0,0.0,0.0,True
200,Riverdale/North Riverdale/Fieldston,15,26,8,39.18141025641026,36.13333333333333,0.3076923076923077,2026-03,unreliable_trip_rate,0.0,1.0,0.0,0.0,True
210,Sheepshead Bay,22,13,4,23.38076923076923,20.533333333333335,0.3076923076923077,2026-03,unreliable_trip_rate,0.0,1.0,0.0,0.0,True
241,Van Cortlandt Village,20,26,8,19.787820512820513,18.75,0.3076923076923077,2026-03,unreliable_trip_rate,0.0,1.0,0.0,0.0,True
248,West Farms/Bronx River,20,13,4,20.73076923076923,18.75,0.3076923076923077,2026-03,unreliable_trip_rate,0.0,1.0,0.0,0.0,True
250,Westchester Village/Unionport,13,26,8,34.92820512820513,34.391666666666666,0.3076923076923077,2026-03,unreliable_trip_rate,0.0,1.0,0.0,0.0,True
252,Whitestone,15,13,4,41.18076923076923,46.11666666666667,0.3076923076923077,2026-03,unreliable_trip_rate,0.0,1.0,0.0,0.0,True
22,Bensonhurst West,19,23,7,23.81449275362319,21.483333333333334,0.30434782608695654,2026-03,unreliable_trip_rate,0.0,1.0,0.0,0.0,True
47,Claremont/Bathgate,19,23,7,25.63550724637681,19.533333333333335,0.30434782608695654,2026-03,unreliable_trip_rate,0.0,1.0,0.0,0.0,True
67,Dyker Heights,18,23,7,23.652173913043477,22.833333333333332,0.30434782608695654,2026-03,unreliable_trip_rate,0.0,1.0,0.0,0.0,True
67,Dyker Heights,19,23,7,25.676086956521736,21.483333333333334,0.30434782608695654,2026-03,unreliable_trip_rate,0.0,1.0,0.0,0.0,True
174,Norwood,20,23,7,24.7768115942029,18.75,0.30434782608695654,2026-03,unreliable_trip_rate,0.0,1.0,0.0,0.0,True
217,South Williamsburg,0,23,7,19.24927536231884,19.208333333333332,0.30434782608695654,2026-03,unreliable_trip_rate,0.0,1.0,0.0,0.0,True
16,Bayside,14,20,6,51.151666666666664,43.13333333333333,0.3,2026-03,unreliable_trip_rate,0.0,1.0,0.0,0.0,True
47,Claremont/Bathgate,21,10,3,19.96333333333333,19.0,0.3,2026-03,unreliable_trip_rate,0.0,1.0,0.0,0.0,True
53,College Point,4,10,3,18.75,16.616666666666667,0.3,2026-03,unreliable_trip_rate,0.0,1.0,0.0,0.0,True
60,Crotona Park East,22,20,6,24.22833333333333,18.116666666666667,0.3,2026-03,unreliable_trip_rate,0.0,1.0,0.0,0.0,True
64,Douglaston,9,10,3,38.705,36.666666666666664,0.3,2026-03,unreliable_trip_rate,0.0,1.0,0.0,0.0,True
64,Douglaston,17,10,3,53.11,40.916666666666664,0.3,2026-03,unreliable_trip_rate,0.0,1.0,0.0,0.0,True
85,Erasmus,1,10,3,17.085,18.65,0.3,2026-03,unreliable_trip_rate,0.0,1.0,0.0,0.0,True
86,Far Rockaway,23,10,3,29.67166666666667,23.666666666666668,0.3,2026-03,unreliable_trip_rate,0.0,1.0,0.0,0.0,True
101,Glen Oaks,13,20,6,42.44583333333334,36.766666666666666,0.3,2026-03,unreliable_trip_rate,0.0,1.0,0.0,0.0,True
101,Glen Oaks,20,10,3,33.75333333333334,27.266666666666666,0.3,2026-03,unreliable_trip_rate,0.0,1.0,0.0,0.0,True
102,Glendale,3,10,3,17.211666666666666,16.633333333333333,0.3,2026-03,unreliable_trip_rate,0.0,1.0,0.0,0.0,True
133,Kensington,20,20,6,21.109166666666667,21.45,0.3,2026-03,unreliable_trip_rate,0.0,1.0,0.0,0.0,True
135,Kew Gardens Hills,16,20,6,45.309999999999995,46.4,0.3,2026-03,unreliable_trip_rate,0.0,1.0,0.0,0.0,True
159,Melrose South,3,20,6,18.361666666666668,15.950000000000001,0.3,2026-03,unreliable_trip_rate,0.0,1.0,0.0,0.0,True
192,Queensboro Hill,9,10,3,37.843333333333334,36.666666666666664,0.3,2026-03,unreliable_trip_rate,0.0,1.0,0.0,0.0,True
196,Rego Park,4,10,3,15.878333333333334,16.616666666666667,0.3,2026-03,unreliable_trip_rate,0.0,1.0,0.0,0.0,True
200,Riverdale/North Riverdale/Fieldston,22,10,3,19.119999999999997,18.116666666666667,0.3,2026-03,unreliable_trip_rate,0.0,1.0,0.0,0.0,True
201,Rockaway Park,21,10,3,23.776666666666667,26.016666666666666,0.3,2026-03,unreliable_trip_rate,0.0,1.0,0.0,0.0,True
203,Rosedale,13,10,3,30.889999999999997,36.766666666666666,0.3,2026-03,unreliable_trip_rate,0.0,1.0,0.0,0.0,True
207,Saint Michaels Cemetery/Woodside,15,10,3,45.75666666666667,46.11666666666667,0.3,2026-03,unreliable_trip_rate,0.0,1.0,0.0,0.0,True
240,Van Cortlandt Park,10,10,3,36.92,36.916666666666664,0.3,2026-03,unreliable_trip_rate,0.0,1.0,0.0,0.0,True
179,Old Astoria,3,27,8,16.984567901234566,16.633333333333333,0.2962962962962963,2026-03,unreliable_trip_rate,0.0,1.0,0.0,0.0,True
26,Borough Park,0,17,5,14.964705882352941,19.208333333333332,0.29411764705882354,2026-03,unreliable_trip_rate,0.0,1.0,0.0,0.0,True
94,Fordham South,18,17,5,28.78333333333333,25.1,0.29411764705882354,2026-03,unreliable_trip_rate,0.0,1.0,0.0,0.0,True
190,Prospect Park,17,17,5,26.37549019607843,26.25,0.29411764705882354,2026-03,unreliable_trip_rate,0.0,1.0,0.0,0.0,True
218,Springfield Gardens North,22,17,5,25.54607843137255,25.416666666666668,0.29411764705882354,2026-03,unreliable_trip_rate,0.0,1.0,0.0,0.0,True
227,Sunset Park East,0,17,5,18.977450980392156,19.208333333333332,0.29411764705882354,2026-03,unreliable_trip_rate,0.0,1.0,0.0,0.0,True
227,Sunset Park East,23,17,5,20.457843137254905,19.45,0.29411764705882354,2026-03,unreliable_trip_rate,0.0,1.0,0.0,0.0,True
252,Whitestone,13,17,5,32.83235294117647,36.766666666666666,0.29411764705882354,2026-03,unreliable_trip_rate,0.0,1.0,0.0,0.0,True
121,Hillcrest/Pomonok,5,24,7,24.506249999999998,21.016666666666666,0.2916666666666667,2026-03,unreliable_trip_rate,0.0,1.0,0.0,0.0,True
15,Bay Terrace/Fort Totten,17,7,2,51.07619047619048,40.916666666666664,0.2857142857142857,2026-03,unreliable_trip_rate,0.0,1.0,0.0,0.0,True
18,Bedford Park,20,28,8,27.133333333333333,18.75,0.2857142857142857,2026-03,unreliable_trip_rate,0.0,1.0,0.0,0.0,True
34,Brooklyn Navy Yard,1,14,4,27.282142857142855,18.65,0.2857142857142857,2026-03,unreliable_trip_rate,0.0,1.0,0.0,0.0,True
53,College Point,1,7,2,13.802380952380952,19.783333333333335,0.2857142857142857,2026-03,unreliable_trip_rate,0.0,1.0,0.0,0.0,True
54,Columbia Street,18,28,8,24.529761904761905,22.833333333333332,0.2857142857142857,2026-03,unreliable_trip_rate,0.0,1.0,0.0,0.0,True
59,Crotona Park,6,7,2,43.33095238095238,36.25,0.2857142857142857,2026-03,unreliable_trip_rate,0.0,1.0,0.0,0.0,True
64,Douglaston,16,7,2,49.12619047619047,46.4,0.2857142857142857,2026-03,unreliable_trip_rate,0.0,1.0,0.0,0.0,True
77,East New York/Pennsylvania Avenue,2,7,2,16.385714285714283,17.55,0.2857142857142857,2026-03,unreliable_trip_rate,0.0,1.0,0.0,0.0,True
92,Flushing,1,28,8,18.764285714285712,19.783333333333335,0.2857142857142857,2026-03,unreliable_trip_rate,0.0,1.0,0.0,0.0,True
101,Glen Oaks,19,7,2,30.276190476190475,28.791666666666668,0.2857142857142857,2026-03,unreliable_trip_rate,0.0,1.0,0.0,0.0,True
133,Kensington,0,21,6,21.615873015873017,19.208333333333332,0.2857142857142857,2026-03,unreliable_trip_rate,0.0,1.0,0.0,0.0,True
153,Marble Hill,21,7,2,17.992857142857144,12.0,0.2857142857142857,2026-03,unreliable_trip_rate,0.0,1.0,0.0,0.0,True
167,Morrisania/Melrose,4,21,6,24.512698412698413,19.875,0.2857142857142857,2026-03,unreliable_trip_rate,0.0,1.0,0.0,0.0,True
182,Parkchester,0,7,2,21.402380952380952,15.466666666666667,0.2857142857142857,2026-03,unreliable_trip_rate,0.0,1.0,0.0,0.0,True
190,Prospect Park,10,14,4,26.98095238095238,28.966666666666665,0.2857142857142857,2026-03,unreliable_trip_rate,0.0,1.0,0.0,0.0,True
190,Prospect Park,15,21,6,28.725396825396825,29.55,0.2857142857142857,2026-03,unreliable_trip_rate,0.0,1.0,0.0,0.0,True
195,Red Hook,4,14,4,22.49642857142857,18.0,0.2857142857142857,2026-03,unreliable_trip_rate,0.0,1.0,0.0,0.0,True
210,Sheepshead Bay,21,7,2,17.797619047619047,20.95,0.2857142857142857,2026-03,unreliable_trip_rate,0.0,1.0,0.0,0.0,True
218,Springfield Gardens North,0,14,4,19.98333333333333,21.883333333333333,0.2857142857142857,2026-03,unreliable_trip_rate,0.0,1.0,0.0,0.0,True
218,Springfield Gardens North,23,21,6,24.19126984126984,23.666666666666668,0.2857142857142857,2026-03,unreliable_trip_rate,0.0,1.0,0.0,0.0,True
222,Starrett City,0,7,2,14.716666666666667,19.208333333333332,0.2857142857142857,2026-03,unreliable_trip_rate,0.0,1.0,0.0,0.0,True
227,Sunset Park East,1,7,2,17.347619047619048,18.65,0.2857142857142857,2026-03,unreliable_trip_rate,0.0,1.0,0.0,0.0,True
220,Spuyten Duyvil/Kingsbridge,22,25,7,20.435333333333332,18.116666666666667,0.28,2026-03,unreliable_trip_rate,0.0,1.0,0.0,0.0,True
227,Sunset Park East,19,25,7,25.194000000000003,21.483333333333334,0.28,2026-03,unreliable_trip_rate,0.0,1.0,0.0,0.0,True
19,Bellerose,12,18,5,27.266666666666666,33.71666666666667,0.2777777777777778,2026-03,unreliable_trip_rate,0.0,1.0,0.0,0.0,True
38,Cambria Heights,14,18,5,50.46018518518518,43.13333333333333,0.2777777777777778,2026-03,unreliable_trip_rate,0.0,1.0,0.0,0.0,True
77,East New York/Pennsylvania Avenue,3,18,5,20.68425925925926,17.083333333333332,0.2777777777777778,2026-03,unreliable_trip_rate,0.0,1.0,0.0,0.0,True
122,Hollis,12,18,5,33.80462962962963,33.71666666666667,0.2777777777777778,2026-03,unreliable_trip_rate,0.0,1.0,0.0,0.0,True
135,Kew Gardens Hills,21,18,5,31.174999999999997,26.016666666666666,0.2777777777777778,2026-03,unreliable_trip_rate,0.0,1.0,0.0,0.0,True
155,Marine Park/Mill Basin,23,18,5,18.35,19.45,0.2777777777777778,2026-03,unreliable_trip_rate,0.0,1.0,0.0,0.0,True
171,Murray Hill-Queens,21,18,5,21.203703703703706,26.016666666666666,0.2777777777777778,2026-03,unreliable_trip_rate,0.0,1.0,0.0,0.0,True
190,Prospect Park,7,18,5,27.947222222222223,28.233333333333334,0.2777777777777778,2026-03,unreliable_trip_rate,0.0,1.0,0.0,0.0,True
257,Windsor Terrace,23,18,5,17.873148148148147,19.45,0.2777777777777778,2026-03,unreliable_trip_rate,0.0,1.0,0.0,0.0,True
33,Brooklyn Heights,4,29,8,19.56896551724138,18.0,0.27586206896551724,2026-03,unreliable_trip_rate,0.0,1.0,0.0,0.0,True
40,Carroll Gardens,1,29,8,21.529310344827586,18.65,0.27586206896551724,2026-03,unreliable_trip_rate,0.0,1.0,0.0,0.0,True
250,Westchester Village/Unionport,12,29,8,39.16896551724138,36.6,0.27586206896551724,2026-03,unreliable_trip_rate,0.0,1.0,0.0,0.0,True
10,Baisley Park,1,11,3,19.930303030303033,19.783333333333335,0.2727272727272727,2026-03,unreliable_trip_rate,0.0,1.0,0.0,0.0,True
93,Flushing Meadows-Corona Park,10,11,3,29.033333333333335,33.833333333333336,0.2727272727272727,2026-03,unreliable_trip_rate,0.0,1.0,0.0,0.0,True
150,Manhattan Beach,8,22,6,35.696969696969695,28.458333333333332,0.2727272727272727,2026-03,unreliable_trip_rate,0.0,1.0,0.0,0.0,True
208,Schuylerville/Edgewater Park,14,22,6,35.75530303030303,31.883333333333333,0.2727272727272727,2026-03,unreliable_trip_rate,0.0,1.0,0.0,0.0,True
250,Westchester Village/Unionport,21,11,3,19.30909090909091,19.0,0.2727272727272727,2026-03,unreliable_trip_rate,0.0,1.0,0.0,0.0,True
265,Outside of NYC,2,11,3,12.434848484848485,9.366666666666667,0.2727272727272727,2026-03,unreliable_trip_rate,0.0,1.0,0.0,0.0,True
19,Bellerose,16,26,7,45.21602564102564,46.4,0.2692307692307692,2026-03,unreliable_trip_rate,0.0,1.0,0.0,0.0,True
94,Fordham South,14,26,7,35.330128205128204,31.883333333333333,0.2692307692307692,2026-03,unreliable_trip_rate,0.0,1.0,0.0,0.0,True
26,Borough Park,4,15,4,19.512222222222224,18.0,0.26666666666666666,2026-03,unreliable_trip_rate,0.0,1.0,0.0,0.0,True
39,Canarsie,1,15,4,18.56222222222222,18.65,0.26666666666666666,2026-03,unreliable_trip_rate,0.0,1.0,0.0,0.0,True
94,Fordham South,19,15,4,26.35222222222222,19.533333333333335,0.26666666666666666,2026-03,unreliable_trip_rate,0.0,1.0,0.0,0.0,True
126,Hunts Point,4,15,4,21.445555555555554,19.875,0.26666666666666666,2026-03,unreliable_trip_rate,0.0,1.0,0.0,0.0,True
167,Morrisania/Melrose,21,15,4,28.043333333333333,19.0,0.26666666666666666,2026-03,unreliable_trip_rate,0.0,1.0,0.0,0.0,True
171,Murray Hill-Queens,6,15,4,25.14,29.333333333333332,0.26666666666666666,2026-03,unreliable_trip_rate,0.0,1.0,0.0,0.0,True
178,Ocean Parkway South,18,15,4,21.917777777777776,22.833333333333332,0.26666666666666666,2026-03,unreliable_trip_rate,0.0,1.0,0.0,0.0,True
212,Soundview/Bruckner,23,15,4,17.70777777777778,16.5,0.26666666666666666,2026-03,unreliable_trip_rate,0.0,1.0,0.0,0.0,True
217,South Williamsburg,2,15,4,16.292222222222225,17.55,0.26666666666666666,2026-03,unreliable_trip_rate,0.0,1.0,0.0,0.0,True
241,Van Cortlandt Village,4,15,4,24.392222222222223,19.875,0.26666666666666666,2026-03,unreliable_trip_rate,0.0,1.0,0.0,0.0,True
98,Fresh Meadows,17,19,5,33.30614035087719,40.916666666666664,0.2631578947368421,2026-03,unreliable_trip_rate,0.0,1.0,0.0,0.0,True
165,Midwood,22,19,5,20.307894736842105,20.533333333333335,0.2631578947368421,2026-03,unreliable_trip_rate,0.0,1.0,0.0,0.0,True
192,Queensboro Hill,22,19,5,24.64298245614035,25.416666666666668,0.2631578947368421,2026-03,unreliable_trip_rate,0.0,1.0,0.0,0.0,True
201,Rockaway Park,16,19,5,41.771929824561404,46.4,0.2631578947368421,2026-03,unreliable_trip_rate,0.0,1.0,0.0,0.0,True
217,South Williamsburg,1,19,5,15.22719298245614,18.65,0.2631578947368421,2026-03,unreliable_trip_rate,0.0,1.0,0.0,0.0,True
54,Columbia Street,22,23,6,19.129710144927536,20.533333333333335,0.2608695652173913,2026-03,unreliable_trip_rate,0.0,1.0,0.0,0.0,True
78,East Tremont,23,23,6,21.65144927536232,16.5,0.2608695652173913,2026-03,unreliable_trip_rate,0.0,1.0,0.0,0.0,True
10,Baisley Park,0,27,7,20.24691358024691,21.883333333333333,0.25925925925925924,2026-03,unreliable_trip_rate,0.0,1.0,0.0,0.0,True
26,Borough Park,20,27,7,20.24382716049383,21.45,0.25925925925925924,2026-03,unreliable_trip_rate,0.0,1.0,0.0,0.0,True
106,Gowanus,5,27,7,21.89135802469136,23.15,0.25925925925925924,2026-03,unreliable_trip_rate,0.0,1.0,0.0,0.0,True
159,Melrose South,0,27,7,18.462962962962962,15.466666666666667,0.25925925925925924,2026-03,unreliable_trip_rate,0.0,1.0,0.0,0.0,True
3,Allerton/Pelham Gardens,22,12,3,16.318055555555556,18.116666666666667,0.25,2026-03,unreliable_trip_rate,0.0,1.0,0.0,0.0,True
15,Bay Terrace/Fort Totten,0,4,1,16.6875,21.883333333333333,0.25,2026-03,unreliable_trip_rate,0.0,1.0,0.0,0.0,True
15,Bay Terrace/Fort Totten,16,4,1,40.920833333333334,46.4,0.25,2026-03,unreliable_trip_rate,0.0,1.0,0.0,0.0,True
15,Bay Terrace/Fort Totten,20,4,1,21.016666666666666,27.266666666666666,0.25,2026-03,unreliable_trip_rate,0.0,1.0,0.0,0.0,True
16,Bayside,2,8,2,14.079166666666666,18.066666666666666,0.25,2026-03,unreliable_trip_rate,0.0,1.0,0.0,0.0,True
18,Bedford Park,22,16,4,17.476041666666667,18.116666666666667,0.25,2026-03,unreliable_trip_rate,0.0,1.0,0.0,0.0,True
20,Belmont,3,4,1,14.716666666666667,15.950000000000001,0.25,2026-03,unreliable_trip_rate,0.0,1.0,0.0,0.0,True
21,Bensonhurst East,2,4,1,21.34166666666667,17.55,0.25,2026-03,unreliable_trip_rate,0.0,1.0,0.0,0.0,True
21,Bensonhurst East,19,16,4,22.364583333333332,21.483333333333334,0.25,2026-03,unreliable_trip_rate,0.0,1.0,0.0,0.0,True
22,Bensonhurst West,3,4,1,14.195833333333333,17.083333333333332,0.25,2026-03,unreliable_trip_rate,0.0,1.0,0.0,0.0,True
29,Brighton Beach,23,8,2,21.170833333333334,19.45,0.25,2026-03,unreliable_trip_rate,0.0,1.0,0.0,0.0,True
34,Brooklyn Navy Yard,8,12,3,25.865277777777777,28.458333333333332,0.25,2026-03,unreliable_trip_rate,0.0,1.0,0.0,0.0,True
34,Brooklyn Navy Yard,23,8,2,19.777083333333334,19.45,0.25,2026-03,unreliable_trip_rate,0.0,1.0,0.0,0.0,True
38,Cambria Heights,22,4,1,23.245833333333334,25.416666666666668,0.25,2026-03,unreliable_trip_rate,0.0,1.0,0.0,0.0,True
47,Claremont/Bathgate,20,28,7,20.08154761904762,18.75,0.25,2026-03,unreliable_trip_rate,0.0,1.0,0.0,0.0,True
52,Cobble Hill,2,4,1,21.4375,17.55,0.25,2026-03,unreliable_trip_rate,0.0,1.0,0.0,0.0,True
52,Cobble Hill,4,4,1,15.945833333333333,18.0,0.25,2026-03,unreliable_trip_rate,0.0,1.0,0.0,0.0,True
53,College Point,2,4,1,18.016666666666666,18.066666666666666,0.25,2026-03,unreliable_trip_rate,0.0,1.0,0.0,0.0,True
57,Corona,20,4,1,26.45,27.266666666666666,0.25,2026-03,unreliable_trip_rate,0.0,1.0,0.0,0.0,True
59,Crotona Park,8,8,2,37.72083333333333,32.88333333333333,0.25,2026-03,unreliable_trip_rate,0.0,1.0,0.0,0.0,True
60,Crotona Park East,3,4,1,21.2625,15.950000000000001,0.25,2026-03,unreliable_trip_rate,0.0,1.0,0.0,0.0,True
63,Cypress Hills,1,16,4,15.404166666666667,18.65,0.25,2026-03,unreliable_trip_rate,0.0,1.0,0.0,0.0,True
64,Douglaston,20,4,1,34.391666666666666,27.266666666666666,0.25,2026-03,unreliable_trip_rate,0.0,1.0,0.0,0.0,True
67,Dyker Heights,23,4,1,17.670833333333334,19.45,0.25,2026-03,unreliable_trip_rate,0.0,1.0,0.0,0.0,True
69,East Concourse/Concourse Village,1,16,4,16.60625,14.416666666666666,0.25,2026-03,unreliable_trip_rate,0.0,1.0,0.0,0.0,True
73,East Flushing,13,4,1,25.779166666666665,36.766666666666666,0.25,2026-03,unreliable_trip_rate,0.0,1.0,0.0,0.0,True
76,East New York,2,20,5,17.179166666666667,17.55,0.25,2026-03,unreliable_trip_rate,0.0,1.0,0.0,0.0,True
85,Erasmus,2,8,2,16.633333333333333,17.55,0.25,2026-03,unreliable_trip_rate,0.0,1.0,0.0,0.0,True
86,Far Rockaway,2,4,1,11.65,18.066666666666666,0.25,2026-03,unreliable_trip_rate,0.0,1.0,0.0,0.0,True
92,Flushing,3,20,5,15.488333333333333,16.633333333333333,0.25,2026-03,unreliable_trip_rate,0.0,1.0,0.0,0.0,True
96,Forest Park/Highland Park,9,8,2,38.68958333333333,36.666666666666664,0.25,2026-03,unreliable_trip_rate,0.0,1.0,0.0,0.0,True
96,Forest Park/Highland Park,10,4,1,28.65833333333333,33.833333333333336,0.25,2026-03,unreliable_trip_rate,0.0,1.0,0.0,0.0,True
102,Glendale,1,4,1,21.345833333333335,19.783333333333335,0.25,2026-03,unreliable_trip_rate,0.0,1.0,0.0,0.0,True
108,Gravesend,3,4,1,16.34583333333333,17.083333333333332,0.25,2026-03,unreliable_trip_rate,0.0,1.0,0.0,0.0,True
119,Highbridge,4,28,7,21.098809523809525,19.875,0.25,2026-03,unreliable_trip_rate,0.0,1.0,0.0,0.0,True
119,Highbridge,21,20,5,21.8425,19.0,0.25,2026-03,unreliable_trip_rate,0.0,1.0,0.0,0.0,True
121,Hillcrest/Pomonok,2,4,1,18.529166666666665,18.066666666666666,0.25,2026-03,unreliable_trip_rate,0.0,1.0,0.0,0.0,True
123,Homecrest,23,16,4,15.986458333333333,19.45,0.25,2026-03,unreliable_trip_rate,0.0,1.0,0.0,0.0,True
124,Howard Beach,4,16,4,20.360416666666666,16.616666666666667,0.25,2026-03,unreliable_trip_rate,0.0,1.0,0.0,0.0,True
124,Howard Beach,13,28,7,27.998214285714287,36.766666666666666,0.25,2026-03,unreliable_trip_rate,0.0,1.0,0.0,0.0,True
131,Jamaica Estates,20,8,2,21.625,27.266666666666666,0.25,2026-03,unreliable_trip_rate,0.0,1.0,0.0,0.0,True
131,Jamaica Estates,23,12,3,23.641666666666666,23.666666666666668,0.25,2026-03,unreliable_trip_rate,0.0,1.0,0.0,0.0,True
135,Kew Gardens Hills,20,24,6,26.773611111111112,27.266666666666666,0.25,2026-03,unreliable_trip_rate,0.0,1.0,0.0,0.0,True
139,Laurelton,1,4,1,15.775,19.783333333333335,0.25,2026-03,unreliable_trip_rate,0.0,1.0,0.0,0.0,True
150,Manhattan Beach,22,8,2,22.827083333333334,20.533333333333335,0.25,2026-03,unreliable_trip_rate,0.0,1.0,0.0,0.0,True
154,Marine Park/Floyd Bennett Field,13,4,1,32.02916666666667,28.733333333333334,0.25,2026-03,unreliable_trip_rate,0.0,1.0,0.0,0.0,True
154,Marine Park/Floyd Bennett Field,15,4,1,32.983333333333334,29.55,0.25,2026-03,unreliable_trip_rate,0.0,1.0,0.0,0.0,True
155,Marine Park/Mill Basin,3,4,1,13.9125,17.083333333333332,0.25,2026-03,unreliable_trip_rate,0.0,1.0,0.0,0.0,True
160,Middle Village,18,16,4,29.375,33.275,0.25,2026-03,unreliable_trip_rate,0.0,1.0,0.0,0.0,True
171,Murray Hill-Queens,3,8,2,13.764583333333334,16.633333333333333,0.25,2026-03,unreliable_trip_rate,0.0,1.0,0.0,0.0,True
171,Murray Hill-Queens,17,4,1,28.208333333333332,40.916666666666664,0.25,2026-03,unreliable_trip_rate,0.0,1.0,0.0,0.0,True
173,North Corona,14,24,6,36.544444444444444,43.13333333333333,0.25,2026-03,unreliable_trip_rate,0.0,1.0,0.0,0.0,True
174,Norwood,4,4,1,21.512500000000003,19.875,0.25,2026-03,unreliable_trip_rate,0.0,1.0,0.0,0.0,True
175,Oakland Gardens,17,8,2,29.504166666666666,40.916666666666664,0.25,2026-03,unreliable_trip_rate,0.0,1.0,0.0,0.0,True
178,Ocean Parkway South,13,28,7,32.951190476190476,28.733333333333334,0.25,2026-03,unreliable_trip_rate,0.0,1.0,0.0,0.0,True
178,Ocean Parkway South,21,4,1,21.670833333333334,20.95,0.25,2026-03,unreliable_trip_rate,0.0,1.0,0.0,0.0,True
182,Parkchester,1,4,1,11.975,14.416666666666666,0.25,2026-03,unreliable_trip_rate,0.0,1.0,0.0,0.0,True
185,Pelham Parkway,0,8,2,19.27916666666667,15.466666666666667,0.25,2026-03,unreliable_trip_rate,0.0,1.0,0.0,0.0,True
190,Prospect Park,13,12,3,28.180555555555554,28.733333333333334,0.25,2026-03,unreliable_trip_rate,0.0,1.0,0.0,0.0,True
190,Prospect Park,20,12,3,21.92222222222222,21.45,0.25,2026-03,unreliable_trip_rate,0.0,1.0,0.0,0.0,True
191,Queens Village,0,12,3,20.615277777777777,21.883333333333333,0.25,2026-03,unreliable_trip_rate,0.0,1.0,0.0,0.0,True
200,Riverdale/North Riverdale/Fieldston,14,16,4,38.76875,31.883333333333333,0.25,2026-03,unreliable_trip_rate,0.0,1.0,0.0,0.0,True
205,Saint Albans,2,4,1,17.804166666666667,18.066666666666666,0.25,2026-03,unreliable_trip_rate,0.0,1.0,0.0,0.0,True
207,Saint Michaels Cemetery/Woodside,0,4,1,23.03333333333333,21.883333333333333,0.25,2026-03,unreliable_trip_rate,0.0,1.0,0.0,0.0,True
207,Saint Michaels Cemetery/Woodside,18,4,1,26.833333333333336,33.275,0.25,2026-03,unreliable_trip_rate,0.0,1.0,0.0,0.0,True
208,Schuylerville/Edgewater Park,2,12,3,14.947222222222223,15.775,0.25,2026-03,unreliable_trip_rate,0.0,1.0,0.0,0.0,True
213,Soundview/Castle Hill,2,4,1,15.75,15.775,0.25,2026-03,unreliable_trip_rate,0.0,1.0,0.0,0.0,True
217,South Williamsburg,5,24,6,25.57777777777778,23.15,0.25,2026-03,unreliable_trip_rate,0.0,1.0,0.0,0.0,True
219,Springfield Gardens South,2,8,2,18.9875,18.066666666666666,0.25,2026-03,unreliable_trip_rate,0.0,1.0,0.0,0.0,True
240,Van Cortlandt Park,6,16,4,37.526041666666664,36.25,0.25,2026-03,unreliable_trip_rate,0.0,1.0,0.0,0.0,True
240,Van Cortlandt Park,11,8,2,48.3625,38.75833333333333,0.25,2026-03,unreliable_trip_rate,0.0,1.0,0.0,0.0,True
240,Van Cortlandt Park,14,4,1,24.675,31.883333333333333,0.25,2026-03,unreliable_trip_rate,0.0,1.0,0.0,0.0,True
252,Whitestone,2,4,1,18.69166666666667,18.066666666666666,0.25,2026-03,unreliable_trip_rate,0.0,1.0,0.0,0.0,True
252,Whitestone,12,16,4,30.617708333333333,33.71666666666667,0.25,2026-03,unreliable_trip_rate,0.0,1.0,0.0,0.0,True
257,Windsor Terrace,4,4,1,16.141666666666666,18.0,0.25,2026-03,unreliable_trip_rate,0.0,1.0,0.0,0.0,True
257,Windsor Terrace,17,28,7,27.311904761904763,26.25,0.25,2026-03,unreliable_trip_rate,0.0,1.0,0.0,0.0,True
257,Windsor Terrace,21,16,4,21.222916666666666,20.95,0.25,2026-03,unreliable_trip_rate,0.0,1.0,0.0,0.0,True
259,Woodlawn/Wakefield,2,4,1,15.554166666666667,15.775,0.25,2026-03,unreliable_trip_rate,0.0,1.0,0.0,0.0,True
180,Ozone Park,9,29,7,32.11609195402299,36.666666666666664,0.2413793103448276,2026-03,unreliable_trip_rate,0.0,1.0,0.0,0.0,True
124,Howard Beach,19,25,6,29.25,28.791666666666668,0.24,2026-03,unreliable_trip_rate,0.0,1.0,0.0,0.0,True
124,Howard Beach,22,25,6,23.31,25.416666666666668,0.24,2026-03,unreliable_trip_rate,0.0,1.0,0.0,0.0,True
265,Outside of NYC,23,25,6,11.266666666666667,11.95,0.24,2026-03,unreliable_trip_rate,0.0,1.0,0.0,0.0,True
63,Cypress Hills,21,17,4,18.041176470588233,20.95,0.23529411764705882,2026-03,unreliable_trip_rate,0.0,1.0,0.0,0.0,True
93,Flushing Meadows-Corona Park,1,17,4,19.521568627450982,19.783333333333335,0.23529411764705882,2026-03,unreliable_trip_rate,0.0,1.0,0.0,0.0,True
94,Fordham South,4,17,4,19.801960784313724,19.875,0.23529411764705882,2026-03,unreliable_trip_rate,0.0,1.0,0.0,0.0,True
180,Ozone Park,12,17,4,34.306862745098044,33.71666666666667,0.23529411764705882,2026-03,unreliable_trip_rate,0.0,1.0,0.0,0.0,True
217,South Williamsburg,4,17,4,16.40686274509804,18.0,0.23529411764705882,2026-03,unreliable_trip_rate,0.0,1.0,0.0,0.0,True
19,Bellerose,13,26,6,36.42179487179487,36.766666666666666,0.23076923076923078,2026-03,unreliable_trip_rate,0.0,1.0,0.0,0.0,True
119,Highbridge,18,26,6,23.181410256410256,25.1,0.23076923076923078,2026-03,unreliable_trip_rate,0.0,1.0,0.0,0.0,True
135,Kew Gardens Hills,23,13,3,19.039743589743587,23.666666666666668,0.23076923076923078,2026-03,unreliable_trip_rate,0.0,1.0,0.0,0.0,True
155,Marine Park/Mill Basin,0,13,3,20.49230769230769,19.208333333333332,0.23076923076923078,2026-03,unreliable_trip_rate,0.0,1.0,0.0,0.0,True
180,Ozone Park,1,13,3,29.083333333333336,19.783333333333335,0.23076923076923078,2026-03,unreliable_trip_rate,0.0,1.0,0.0,0.0,True
180,Ozone Park,22,26,6,23.75897435897436,25.416666666666668,0.23076923076923078,2026-03,unreliable_trip_rate,0.0,1.0,0.0,0.0,True
191,Queens Village,3,13,3,18.216666666666665,16.633333333333333,0.23076923076923078,2026-03,unreliable_trip_rate,0.0,1.0,0.0,0.0,True
201,Rockaway Park,20,13,3,24.974358974358974,27.266666666666666,0.23076923076923078,2026-03,unreliable_trip_rate,0.0,1.0,0.0,0.0,True
212,Soundview/Bruckner,22,13,3,16.983333333333334,18.116666666666667,0.23076923076923078,2026-03,unreliable_trip_rate,0.0,1.0,0.0,0.0,True
217,South Williamsburg,3,13,3,15.419230769230769,17.083333333333332,0.23076923076923078,2026-03,unreliable_trip_rate,0.0,1.0,0.0,0.0,True
222,Starrett City,22,13,3,18.773076923076925,20.533333333333335,0.23076923076923078,2026-03,unreliable_trip_rate,0.0,1.0,0.0,0.0,True
248,West Farms/Bronx River,16,26,6,40.00192307692308,35.666666666666664,0.23076923076923078,2026-03,unreliable_trip_rate,0.0,1.0,0.0,0.0,True
95,Forest Hills,3,22,5,16.324242424242424,16.633333333333333,0.22727272727272727,2026-03,unreliable_trip_rate,0.0,1.0,0.0,0.0,True
101,Glen Oaks,16,22,5,41.40833333333333,46.4,0.22727272727272727,2026-03,unreliable_trip_rate,0.0,1.0,0.0,0.0,True
168,Mott Haven/Port Morris,2,22,5,16.21212121212121,15.775,0.22727272727272727,2026-03,unreliable_trip_rate,0.0,1.0,0.0,0.0,True
169,Mount Hope,23,22,5,16.59090909090909,16.5,0.22727272727272727,2026-03,unreliable_trip_rate,0.0,1.0,0.0,0.0,True
191,Queens Village,4,22,5,25.954545454545453,16.616666666666667,0.22727272727272727,2026-03,unreliable_trip_rate,0.0,1.0,0.0,0.0,True
16,Bayside,1,9,2,16.598148148148148,19.783333333333335,0.2222222222222222,2026-03,unreliable_trip_rate,0.0,1.0,0.0,0.0,True
20,Belmont,6,27,6,35.16111111111111,36.25,0.2222222222222222,2026-03,unreliable_trip_rate,0.0,1.0,0.0,0.0,True
20,Belmont,22,9,2,14.872222222222222,18.116666666666667,0.2222222222222222,2026-03,unreliable_trip_rate,0.0,1.0,0.0,0.0,True
28,Briarwood/Jamaica Hills,2,9,2,16.62222222222222,18.066666666666666,0.2222222222222222,2026-03,unreliable_trip_rate,0.0,1.0,0.0,0.0,True
29,Brighton Beach,22,9,2,16.572222222222223,20.533333333333335,0.2222222222222222,2026-03,unreliable_trip_rate,0.0,1.0,0.0,0.0,True
31,Bronx Park,5,9,2,29.807407407407407,34.34166666666667,0.2222222222222222,2026-03,unreliable_trip_rate,0.0,1.0,0.0,0.0,True
40,Carroll Gardens,2,9,2,17.237037037037037,17.55,0.2222222222222222,2026-03,unreliable_trip_rate,0.0,1.0,0.0,0.0,True
54,Columbia Street,11,18,4,26.06666666666667,30.233333333333334,0.2222222222222222,2026-03,unreliable_trip_rate,0.0,1.0,0.0,0.0,True
63,Cypress Hills,2,9,2,21.30185185185185,17.55,0.2222222222222222,2026-03,unreliable_trip_rate,0.0,1.0,0.0,0.0,True
83,Elmhurst/Maspeth,10,27,6,27.703086419753088,33.833333333333336,0.2222222222222222,2026-03,unreliable_trip_rate,0.0,1.0,0.0,0.0,True
96,Forest Park/Highland Park,7,9,2,33.88148148148148,33.9,0.2222222222222222,2026-03,unreliable_trip_rate,0.0,1.0,0.0,0.0,True
98,Fresh Meadows,11,18,4,31.811111111111114,33.733333333333334,0.2222222222222222,2026-03,unreliable_trip_rate,0.0,1.0,0.0,0.0,True
98,Fresh Meadows,19,9,2,37.66111111111111,28.791666666666668,0.2222222222222222,2026-03,unreliable_trip_rate,0.0,1.0,0.0,0.0,True
98,Fresh Meadows,21,9,2,21.96851851851852,26.016666666666666,0.2222222222222222,2026-03,unreliable_trip_rate,0.0,1.0,0.0,0.0,True
131,Jamaica Estates,3,9,2,15.57037037037037,16.633333333333333,0.2222222222222222,2026-03,unreliable_trip_rate,0.0,1.0,0.0,0.0,True
131,Jamaica Estates,19,18,4,28.76574074074074,28.791666666666668,0.2222222222222222,2026-03,unreliable_trip_rate,0.0,1.0,0.0,0.0,True
136,Kingsbridge Heights,5,18,4,32.11388888888889,34.34166666666667,0.2222222222222222,2026-03,unreliable_trip_rate,0.0,1.0,0.0,0.0,True
169,Mount Hope,22,18,4,17.07962962962963,18.116666666666667,0.2222222222222222,2026-03,unreliable_trip_rate,0.0,1.0,0.0,0.0,True
175,Oakland Gardens,14,9,2,32.61296296296296,43.13333333333333,0.2222222222222222,2026-03,unreliable_trip_rate,0.0,1.0,0.0,0.0,True
178,Ocean Parkway South,22,9,2,13.38888888888889,20.533333333333335,0.2222222222222222,2026-03,unreliable_trip_rate,0.0,1.0,0.0,0.0,True
190,Prospect Park,0,18,4,19.641666666666666,19.208333333333332,0.2222222222222222,2026-03,unreliable_trip_rate,0.0,1.0,0.0,0.0,True
190,Prospect Park,8,9,2,27.30925925925926,28.458333333333332,0.2222222222222222,2026-03,unreliable_trip_rate,0.0,1.0,0.0,0.0,True
212,Soundview/Bruckner,3,9,2,22.575925925925926,15.950000000000001,0.2222222222222222,2026-03,unreliable_trip_rate,0.0,1.0,0.0,0.0,True
212,Soundview/Bruckner,15,18,4,35.464814814814815,36.13333333333333,0.2222222222222222,2026-03,unreliable_trip_rate,0.0,1.0,0.0,0.0,True
212,Soundview/Bruckner,18,27,6,24.28395061728395,25.1,0.2222222222222222,2026-03,unreliable_trip_rate,0.0,1.0,0.0,0.0,True
222,Starrett City,23,9,2,19.0962962962963,19.45,0.2222222222222222,2026-03,unreliable_trip_rate,0.0,1.0,0.0,0.0,True
235,University Heights/Morris Heights,23,27,6,17.56975308641975,16.5,0.2222222222222222,2026-03,unreliable_trip_rate,0.0,1.0,0.0,0.0,True
54,Columbia Street,21,23,5,21.51014492753623,20.95,0.21739130434782608,2026-03,unreliable_trip_rate,0.0,1.0,0.0,0.0,True
95,Forest Hills,2,23,5,17.131159420289855,18.066666666666666,0.21739130434782608,2026-03,unreliable_trip_rate,0.0,1.0,0.0,0.0,True
9,Auburndale,14,14,3,38.56547619047619,43.13333333333333,0.21428571428571427,2026-03,unreliable_trip_rate,0.0,1.0,0.0,0.0,True
52,Cobble Hill,1,14,3,18.515476190476193,18.65,0.21428571428571427,2026-03,unreliable_trip_rate,0.0,1.0,0.0,0.0,True
60,Crotona Park East,23,14,3,19.53095238095238,16.5,0.21428571428571427,2026-03,unreliable_trip_rate,0.0,1.0,0.0,0.0,True
67,Dyker Heights,13,14,3,34.429761904761904,28.733333333333334,0.21428571428571427,2026-03,unreliable_trip_rate,0.0,1.0,0.0,0.0,True
73,East Flushing,7,14,3,27.152380952380952,33.9,0.21428571428571427,2026-03,unreliable_trip_rate,0.0,1.0,0.0,0.0,True
93,Flushing Meadows-Corona Park,11,14,3,28.336904761904766,33.733333333333334,0.21428571428571427,2026-03,unreliable_trip_rate,0.0,1.0,0.0,0.0,True
124,Howard Beach,21,28,6,22.81964285714286,26.016666666666666,0.21428571428571427,2026-03,unreliable_trip_rate,0.0,1.0,0.0,0.0,True
159,Melrose South,2,14,3,18.054761904761904,15.775,0.21428571428571427,2026-03,unreliable_trip_rate,0.0,1.0,0.0,0.0,True
169,Mount Hope,1,14,3,13.888095238095238,14.416666666666666,0.21428571428571427,2026-03,unreliable_trip_rate,0.0,1.0,0.0,0.0,True
180,Ozone Park,19,14,3,20.870238095238097,28.791666666666668,0.21428571428571427,2026-03,unreliable_trip_rate,0.0,1.0,0.0,0.0,True
180,Ozone Park,21,14,3,23.571428571428573,26.016666666666666,0.21428571428571427,2026-03,unreliable_trip_rate,0.0,1.0,0.0,0.0,True
192,Queensboro Hill,14,28,6,41.12261904761905,43.13333333333333,0.21428571428571427,2026-03,unreliable_trip_rate,0.0,1.0,0.0,0.0,True
215,South Jamaica,0,28,6,21.989285714285717,21.883333333333333,0.21428571428571427,2026-03,unreliable_trip_rate,0.0,1.0,0.0,0.0,True
26,Borough Park,21,19,4,16.830701754385966,20.95,0.21052631578947367,2026-03,unreliable_trip_rate,0.0,1.0,0.0,0.0,True
51,Co-Op City,23,19,4,19.840350877192982,16.5,0.21052631578947367,2026-03,unreliable_trip_rate,0.0,1.0,0.0,0.0,True
183,Pelham Bay,12,19,4,33.906140350877195,36.6,0.21052631578947367,2026-03,unreliable_trip_rate,0.0,1.0,0.0,0.0,True
248,West Farms/Bronx River,22,19,4,18.417543859649122,18.116666666666667,0.21052631578947367,2026-03,unreliable_trip_rate,0.0,1.0,0.0,0.0,True
258,Woodhaven,20,19,4,27.210526315789473,27.266666666666666,0.21052631578947367,2026-03,unreliable_trip_rate,0.0,1.0,0.0,0.0,True
33,Brooklyn Heights,2,24,5,16.99861111111111,17.55,0.20833333333333334,2026-03,unreliable_trip_rate,0.0,1.0,0.0,0.0,True
39,Canarsie,0,24,5,16.64513888888889,19.208333333333332,0.20833333333333334,2026-03,unreliable_trip_rate,0.0,1.0,0.0,0.0,True
70,East Elmhurst,4,24,5,17.15277777777778,16.616666666666667,0.20833333333333334,2026-03,unreliable_trip_rate,0.0,1.0,0.0,0.0,True
160,Middle Village,11,24,5,27.754166666666666,33.733333333333334,0.20833333333333334,2026-03,unreliable_trip_rate,0.0,1.0,0.0,0.0,True
124,Howard Beach,18,29,6,31.51609195402299,33.275,0.20689655172413793,2026-03,unreliable_trip_rate,0.0,1.0,0.0,0.0,True
6,Arrochar/Fort Wadsworth,17,5,1,14.936666666666667,13.966666666666667,0.2,2026-03,unreliable_trip_rate,1.0,0.0,0.0,0.0,True
16,Bayside,17,10,2,27.988333333333333,40.916666666666664,0.2,2026-03,unreliable_trip_rate,0.0,1.0,0.0,0.0,True
19,Bellerose,22,5,1,22.60333333333333,25.416666666666668,0.2,2026-03,unreliable_trip_rate,0.0,1.0,0.0,0.0,True
34,Brooklyn Navy Yard,11,10,2,24.84,30.233333333333334,0.2,2026-03,unreliable_trip_rate,0.0,1.0,0.0,0.0,True
46,City Island,21,5,1,20.48,19.0,0.2,2026-03,unreliable_trip_rate,0.0,1.0,0.0,0.0,True
53,College Point,12,5,1,34.61333333333333,33.71666666666667,0.2,2026-03,unreliable_trip_rate,0.0,1.0,0.0,0.0,True
54,Columbia Street,13,5,1,22.67,28.733333333333334,0.2,2026-03,unreliable_trip_rate,0.0,1.0,0.0,0.0,True
54,Columbia Street,14,10,2,24.965,29.0,0.2,2026-03,unreliable_trip_rate,0.0,1.0,0.0,0.0,True
58,Country Club,9,5,1,35.373333333333335,35.75,0.2,2026-03,unreliable_trip_rate,0.0,1.0,0.0,0.0,True
64,Douglaston,11,5,1,31.856666666666666,33.733333333333334,0.2,2026-03,unreliable_trip_rate,0.0,1.0,0.0,0.0,True
96,Forest Park/Highland Park,14,5,1,37.07,43.13333333333333,0.2,2026-03,unreliable_trip_rate,0.0,1.0,0.0,0.0,True
98,Fresh Meadows,22,15,3,25.41888888888889,25.416666666666668,0.2,2026-03,unreliable_trip_rate,0.0,1.0,0.0,0.0,True
122,Hollis,15,20,4,40.95833333333333,46.11666666666667,0.2,2026-03,unreliable_trip_rate,0.0,1.0,0.0,0.0,True
122,Hollis,22,5,1,30.123333333333335,25.416666666666668,0.2,2026-03,unreliable_trip_rate,0.0,1.0,0.0,0.0,True
135,Kew Gardens Hills,3,10,2,16.085,16.633333333333333,0.2,2026-03,unreliable_trip_rate,0.0,1.0,0.0,0.0,True
139,Laurelton,19,10,2,22.55,28.791666666666668,0.2,2026-03,unreliable_trip_rate,0.0,1.0,0.0,0.0,True
147,Longwood,22,10,2,16.323333333333334,18.116666666666667,0.2,2026-03,unreliable_trip_rate,0.0,1.0,0.0,0.0,True
172,New Dorp/Midland Beach,7,5,1,18.1,26.333333333333332,0.2,2026-03,unreliable_trip_rate,0.0,1.0,0.0,0.0,True
173,North Corona,18,25,5,27.936666666666664,33.275,0.2,2026-03,unreliable_trip_rate,0.0,1.0,0.0,0.0,True
175,Oakland Gardens,9,15,3,27.64888888888889,36.666666666666664,0.2,2026-03,unreliable_trip_rate,0.0,1.0,0.0,0.0,True
175,Oakland Gardens,15,5,1,45.42333333333333,46.11666666666667,0.2,2026-03,unreliable_trip_rate,0.0,1.0,0.0,0.0,True
183,Pelham Bay,0,5,1,15.446666666666667,15.466666666666667,0.2,2026-03,unreliable_trip_rate,0.0,1.0,0.0,0.0,True
183,Pelham Bay,22,5,1,17.189999999999998,18.116666666666667,0.2,2026-03,unreliable_trip_rate,0.0,1.0,0.0,0.0,True
195,Red Hook,2,5,1,17.953333333333333,17.55,0.2,2026-03,unreliable_trip_rate,0.0,1.0,0.0,0.0,True
200,Riverdale/North Riverdale/Fieldston,18,20,4,24.604166666666664,25.1,0.2,2026-03,unreliable_trip_rate,0.0,1.0,0.0,0.0,True
207,Saint Michaels Cemetery/Woodside,19,5,1,18.71,28.791666666666668,0.2,2026-03,unreliable_trip_rate,0.0,1.0,0.0,0.0,True
241,Van Cortlandt Village,0,10,2,18.125,15.466666666666667,0.2,2026-03,unreliable_trip_rate,0.0,1.0,0.0,0.0,True
248,West Farms/Bronx River,0,20,4,13.635,15.466666666666667,0.2,2026-03,unreliable_trip_rate,0.0,1.0,0.0,0.0,True
149,Madison,19,26,5,20.632051282051286,21.483333333333334,0.19230769230769232,2026-03,unreliable_trip_rate,0.0,1.0,0.0,0.0,True
200,Riverdale/North Riverdale/Fieldston,17,26,5,29.774358974358975,30.216666666666665,0.19230769230769232,2026-03,unreliable_trip_rate,0.0,1.0,0.0,0.0,True
258,Woodhaven,0,26,5,18.450641025641026,21.883333333333333,0.19230769230769232,2026-03,unreliable_trip_rate,0.0,1.0,0.0,0.0,True
54,Columbia Street,7,21,4,25.917460317460318,28.233333333333334,0.19047619047619047,2026-03,unreliable_trip_rate,0.0,1.0,0.0,0.0,True
60,Crotona Park East,19,21,4,18.526190476190475,19.533333333333335,0.19047619047619047,2026-03,unreliable_trip_rate,0.0,1.0,0.0,0.0,True
66,DUMBO/Vinegar Hill,2,21,4,17.043650793650794,17.55,0.19047619047619047,2026-03,unreliable_trip_rate,0.0,1.0,0.0,0.0,True
197,Richmond Hill,1,21,4,14.626190476190475,19.783333333333335,0.19047619047619047,2026-03,unreliable_trip_rate,0.0,1.0,0.0,0.0,True
208,Schuylerville/Edgewater Park,17,21,4,25.44047619047619,30.216666666666665,0.19047619047619047,2026-03,unreliable_trip_rate,0.0,1.0,0.0,0.0,True
53,College Point,13,16,3,36.10520833333334,36.766666666666666,0.1875,2026-03,unreliable_trip_rate,0.0,1.0,0.0,0.0,True
98,Fresh Meadows,15,16,3,36.00416666666666,46.11666666666667,0.1875,2026-03,unreliable_trip_rate,0.0,1.0,0.0,0.0,True
123,Homecrest,0,16,3,14.375,19.208333333333332,0.1875,2026-03,unreliable_trip_rate,0.0,1.0,0.0,0.0,True
134,Kew Gardens,4,16,3,16.357291666666665,16.616666666666667,0.1875,2026-03,unreliable_trip_rate,0.0,1.0,0.0,0.0,True
160,Middle Village,5,16,3,17.584375,21.016666666666666,0.1875,2026-03,unreliable_trip_rate,0.0,1.0,0.0,0.0,True
26,Borough Park,22,27,5,17.130864197530865,20.533333333333335,0.18518518518518517,2026-03,unreliable_trip_rate,0.0,1.0,0.0,0.0,True
53,College Point,14,27,5,39.90864197530864,43.13333333333333,0.18518518518518517,2026-03,unreliable_trip_rate,0.0,1.0,0.0,0.0,True
69,East Concourse/Concourse Village,0,27,5,15.734567901234568,15.466666666666667,0.18518518518518517,2026-03,unreliable_trip_rate,0.0,1.0,0.0,0.0,True
69,East Concourse/Concourse Village,21,27,5,17.612962962962964,19.0,0.18518518518518517,2026-03,unreliable_trip_rate,0.0,1.0,0.0,0.0,True
258,Woodhaven,16,27,5,32.705555555555556,46.4,0.18518518518518517,2026-03,unreliable_trip_rate,0.0,1.0,0.0,0.0,True
6,Arrochar/Fort Wadsworth,7,11,2,21.125757575757575,26.333333333333332,0.18181818181818182,2026-03,unreliable_trip_rate,0.0,1.0,0.0,0.0,True
19,Bellerose,11,11,2,25.94848484848485,33.733333333333334,0.18181818181818182,2026-03,unreliable_trip_rate,0.0,1.0,0.0,0.0,True
86,Far Rockaway,22,11,2,14.542424242424243,25.416666666666668,0.18181818181818182,2026-03,unreliable_trip_rate,0.0,1.0,0.0,0.0,True
89,Flatbush/Ditmas Park,2,11,2,14.227272727272727,17.55,0.18181818181818182,2026-03,unreliable_trip_rate,0.0,1.0,0.0,0.0,True
102,Glendale,15,11,2,33.348484848484844,46.11666666666667,0.18181818181818182,2026-03,unreliable_trip_rate,0.0,1.0,0.0,0.0,True
135,Kew Gardens Hills,14,22,4,37.470454545454544,43.13333333333333,0.18181818181818182,2026-03,unreliable_trip_rate,0.0,1.0,0.0,0.0,True
136,Kingsbridge Heights,0,11,2,14.251515151515152,15.466666666666667,0.18181818181818182,2026-03,unreliable_trip_rate,0.0,1.0,0.0,0.0,True
150,Manhattan Beach,23,11,2,17.74848484848485,19.45,0.18181818181818182,2026-03,unreliable_trip_rate,0.0,1.0,0.0,0.0,True
171,Murray Hill-Queens,19,11,2,24.060606060606062,28.791666666666668,0.18181818181818182,2026-03,unreliable_trip_rate,0.0,1.0,0.0,0.0,True
171,Murray Hill-Queens,20,11,2,22.048484848484847,27.266666666666666,0.18181818181818182,2026-03,unreliable_trip_rate,0.0,1.0,0.0,0.0,True
173,North Corona,9,22,4,26.003030303030304,36.666666666666664,0.18181818181818182,2026-03,unreliable_trip_rate,0.0,1.0,0.0,0.0,True
178,Ocean Parkway South,19,11,2,15.659090909090908,21.483333333333334,0.18181818181818182,2026-03,unreliable_trip_rate,0.0,1.0,0.0,0.0,True
183,Pelham Bay,20,11,2,18.342424242424244,18.75,0.18181818181818182,2026-03,unreliable_trip_rate,0.0,1.0,0.0,0.0,True
197,Richmond Hill,2,22,4,13.05378787878788,18.066666666666666,0.18181818181818182,2026-03,unreliable_trip_rate,0.0,1.0,0.0,0.0,True
220,Spuyten Duyvil/Kingsbridge,3,11,2,17.986363636363635,15.950000000000001,0.18181818181818182,2026-03,unreliable_trip_rate,0.0,1.0,0.0,0.0,True
173,North Corona,19,28,5,22.817857142857143,28.791666666666668,0.17857142857142858,2026-03,unreliable_trip_rate,0.0,1.0,0.0,0.0,True
258,Woodhaven,18,28,5,24.002976190476193,33.275,0.17857142857142858,2026-03,unreliable_trip_rate,0.0,1.0,0.0,0.0,True
53,College Point,9,17,3,30.892156862745097,36.666666666666664,0.17647058823529413,2026-03,unreliable_trip_rate,0.0,1.0,0.0,0.0,True
131,Jamaica Estates,0,17,3,18.355882352941176,21.883333333333333,0.17647058823529413,2026-03,unreliable_trip_rate,0.0,1.0,0.0,0.0,True
192,Queensboro Hill,23,17,3,20.359803921568627,23.666666666666668,0.17647058823529413,2026-03,unreliable_trip_rate,0.0,1.0,0.0,0.0,True
207,Saint Michaels Cemetery/Woodside,10,17,3,16.098039215686274,33.833333333333336,0.17647058823529413,2026-03,unreliable_trip_rate,0.0,1.0,0.0,0.0,True
252,Whitestone,6,17,3,27.32843137254902,29.333333333333332,0.17647058823529413,2026-03,unreliable_trip_rate,0.0,1.0,0.0,0.0,True
252,Whitestone,18,17,3,31.296078431372546,33.275,0.17647058823529413,2026-03,unreliable_trip_rate,0.0,1.0,0.0,0.0,True
28,Briarwood/Jamaica Hills,1,23,4,18.946376811594202,19.783333333333335,0.17391304347826086,2026-03,unreliable_trip_rate,0.0,1.0,0.0,0.0,True
54,Columbia Street,23,23,4,17.955797101449274,19.45,0.17391304347826086,2026-03,unreliable_trip_rate,0.0,1.0,0.0,0.0,True
93,Flushing Meadows-Corona Park,7,23,4,27.21159420289855,33.9,0.17391304347826086,2026-03,unreliable_trip_rate,0.0,1.0,0.0,0.0,True
40,Carroll Gardens,15,29,5,27.10632183908046,29.55,0.1724137931034483,2026-03,unreliable_trip_rate,0.0,1.0,0.0,0.0,True
160,Middle Village,16,29,5,40.257471264367815,46.4,0.1724137931034483,2026-03,unreliable_trip_rate,0.0,1.0,0.0,0.0,True
9,Auburndale,18,12,2,21.581944444444446,33.275,0.16666666666666666,2026-03,unreliable_trip_rate,0.0,1.0,0.0,0.0,True
15,Bay Terrace/Fort Totten,13,6,1,35.416666666666664,36.766666666666666,0.16666666666666666,2026-03,unreliable_trip_rate,0.0,1.0,0.0,0.0,True
15,Bay Terrace/Fort Totten,23,6,1,22.625,23.666666666666668,0.16666666666666666,2026-03,unreliable_trip_rate,0.0,1.0,0.0,0.0,True
16,Bayside,20,12,2,23.97638888888889,27.266666666666666,0.16666666666666666,2026-03,unreliable_trip_rate,0.0,1.0,0.0,0.0,True
18,Bedford Park,1,6,1,13.719444444444443,14.416666666666666,0.16666666666666666,2026-03,unreliable_trip_rate,0.0,1.0,0.0,0.0,True
18,Bedford Park,23,18,3,13.862037037037036,16.5,0.16666666666666666,2026-03,unreliable_trip_rate,0.0,1.0,0.0,0.0,True
19,Bellerose,19,6,1,35.56944444444444,28.791666666666668,0.16666666666666666,2026-03,unreliable_trip_rate,0.0,1.0,0.0,0.0,True
21,Bensonhurst East,0,6,1,18.42222222222222,19.208333333333332,0.16666666666666666,2026-03,unreliable_trip_rate,0.0,1.0,0.0,0.0,True
21,Bensonhurst East,23,6,1,17.841666666666665,19.45,0.16666666666666666,2026-03,unreliable_trip_rate,0.0,1.0,0.0,0.0,True
31,Bronx Park,16,6,1,43.786111111111104,35.666666666666664,0.16666666666666666,2026-03,unreliable_trip_rate,0.0,1.0,0.0,0.0,True
47,Claremont/Bathgate,22,18,3,21.585185185185182,18.116666666666667,0.16666666666666666,2026-03,unreliable_trip_rate,0.0,1.0,0.0,0.0,True
60,Crotona Park East,1,6,1,11.669444444444444,14.416666666666666,0.16666666666666666,2026-03,unreliable_trip_rate,0.0,1.0,0.0,0.0,True
71,East Flatbush/Farragut,2,12,2,15.252777777777778,17.55,0.16666666666666666,2026-03,unreliable_trip_rate,0.0,1.0,0.0,0.0,True
78,East Tremont,0,12,2,12.311111111111112,15.466666666666667,0.16666666666666666,2026-03,unreliable_trip_rate,0.0,1.0,0.0,0.0,True
93,Flushing Meadows-Corona Park,5,6,1,16.099999999999998,21.016666666666666,0.16666666666666666,2026-03,unreliable_trip_rate,0.0,1.0,0.0,0.0,True
123,Homecrest,1,6,1,12.355555555555554,18.65,0.16666666666666666,2026-03,unreliable_trip_rate,0.0,1.0,0.0,0.0,True
131,Jamaica Estates,18,18,3,26.202777777777776,33.275,0.16666666666666666,2026-03,unreliable_trip_rate,0.0,1.0,0.0,0.0,True
139,Laurelton,21,6,1,19.352777777777778,26.016666666666666,0.16666666666666666,2026-03,unreliable_trip_rate,0.0,1.0,0.0,0.0,True
147,Longwood,5,24,4,33.07986111111111,34.34166666666667,0.16666666666666666,2026-03,unreliable_trip_rate,0.0,1.0,0.0,0.0,True
149,Madison,22,6,1,16.122222222222224,20.533333333333335,0.16666666666666666,2026-03,unreliable_trip_rate,0.0,1.0,0.0,0.0,True
154,Marine Park/Floyd Bennett Field,22,6,1,15.22777777777778,20.533333333333335,0.16666666666666666,2026-03,unreliable_trip_rate,0.0,1.0,0.0,0.0,True
169,Mount Hope,0,18,3,14.63425925925926,15.466666666666667,0.16666666666666666,2026-03,unreliable_trip_rate,0.0,1.0,0.0,0.0,True
169,Mount Hope,2,6,1,18.075,15.775,0.16666666666666666,2026-03,unreliable_trip_rate,0.0,1.0,0.0,0.0,True
175,Oakland Gardens,20,6,1,24.272222222222222,27.266666666666666,0.16666666666666666,2026-03,unreliable_trip_rate,0.0,1.0,0.0,0.0,True
175,Oakland Gardens,22,6,1,24.491666666666664,25.416666666666668,0.16666666666666666,2026-03,unreliable_trip_rate,0.0,1.0,0.0,0.0,True
190,Prospect Park,6,6,1,31.322222222222223,28.8,0.16666666666666666,2026-03,unreliable_trip_rate,0.0,1.0,0.0,0.0,True
190,Prospect Park,22,12,2,20.7375,20.533333333333335,0.16666666666666666,2026-03,unreliable_trip_rate,0.0,1.0,0.0,0.0,True
208,Schuylerville/Edgewater Park,15,24,4,36.48125,36.13333333333333,0.16666666666666666,2026-03,unreliable_trip_rate,0.0,1.0,0.0,0.0,True
213,Soundview/Castle Hill,3,6,1,17.11388888888889,15.950000000000001,0.16666666666666666,2026-03,unreliable_trip_rate,0.0,1.0,0.0,0.0,True
214,South Beach/Dongan Hills,20,6,1,6.3500000000000005,12.733333333333333,0.16666666666666666,2026-03,unreliable_trip_rate,1.0,0.0,0.0,0.0,True
215,South Jamaica,2,12,2,13.520833333333334,18.066666666666666,0.16666666666666666,2026-03,unreliable_trip_rate,0.0,1.0,0.0,0.0,True
221,Stapleton,21,6,1,9.341666666666667,12.916666666666666,0.16666666666666666,2026-03,unreliable_trip_rate,1.0,0.0,0.0,0.0,True
240,Van Cortlandt Park,17,6,1,33.75,30.216666666666665,0.16666666666666666,2026-03,unreliable_trip_rate,0.0,1.0,0.0,0.0,True
242,Van Nest/Morris Park,2,6,1,17.30277777777778,15.775,0.16666666666666666,2026-03,unreliable_trip_rate,0.0,1.0,0.0,0.0,True
247,West Concourse,2,12,2,16.205555555555556,15.775,0.16666666666666666,2026-03,unreliable_trip_rate,0.0,1.0,0.0,0.0,True
250,Westchester Village/Unionport,2,6,1,12.519444444444444,15.775,0.16666666666666666,2026-03,unreliable_trip_rate,0.0,1.0,0.0,0.0,True
252,Whitestone,0,6,1,19.619444444444444,21.883333333333333,0.16666666666666666,2026-03,unreliable_trip_rate,0.0,1.0,0.0,0.0,True
257,Windsor Terrace,0,12,2,17.941666666666666,19.208333333333332,0.16666666666666666,2026-03,unreliable_trip_rate,0.0,1.0,0.0,0.0,True
258,Woodhaven,1,6,1,17.65277777777778,19.783333333333335,0.16666666666666666,2026-03,unreliable_trip_rate,0.0,1.0,0.0,0.0,True
258,Woodhaven,21,18,3,22.38888888888889,26.016666666666666,0.16666666666666666,2026-03,unreliable_trip_rate,0.0,1.0,0.0,0.0,True
124,Howard Beach,15,25,4,34.815333333333335,46.11666666666667,0.16,2026-03,unreliable_trip_rate,0.0,1.0,0.0,0.0,True
93,Flushing Meadows-Corona Park,8,19,3,29.146491228070175,36.5,0.15789473684210525,2026-03,unreliable_trip_rate,0.0,1.0,0.0,0.0,True
173,North Corona,3,19,3,14.340350877192984,16.633333333333333,0.15789473684210525,2026-03,unreliable_trip_rate,0.0,1.0,0.0,0.0,True
247,West Concourse,4,19,3,17.575438596491228,19.875,0.15789473684210525,2026-03,unreliable_trip_rate,0.0,1.0,0.0,0.0,True
14,Bay Ridge,1,13,2,16.957692307692305,18.65,0.15384615384615385,2026-03,unreliable_trip_rate,0.0,1.0,0.0,0.0,True
16,Bayside,22,13,2,23.0,25.416666666666668,0.15384615384615385,2026-03,unreliable_trip_rate,0.0,1.0,0.0,0.0,True
28,Briarwood/Jamaica Hills,20,26,4,20.493589743589745,27.266666666666666,0.15384615384615385,2026-03,unreliable_trip_rate,0.0,1.0,0.0,0.0,True
34,Brooklyn Navy Yard,12,13,2,25.143589743589743,29.45,0.15384615384615385,2026-03,unreliable_trip_rate,0.0,1.0,0.0,0.0,True
40,Carroll Gardens,3,13,2,13.51923076923077,17.083333333333332,0.15384615384615385,2026-03,unreliable_trip_rate,0.0,1.0,0.0,0.0,True
56,Corona,0,26,4,17.894871794871793,21.883333333333333,0.15384615384615385,2026-03,unreliable_trip_rate,0.0,1.0,0.0,0.0,True
71,East Flatbush/Farragut,0,13,2,17.37820512820513,19.208333333333332,0.15384615384615385,2026-03,unreliable_trip_rate,0.0,1.0,0.0,0.0,True
93,Flushing Meadows-Corona Park,12,13,2,27.626923076923074,33.71666666666667,0.15384615384615385,2026-03,unreliable_trip_rate,0.0,1.0,0.0,0.0,True
102,Glendale,4,13,2,13.133333333333335,16.616666666666667,0.15384615384615385,2026-03,unreliable_trip_rate,0.0,1.0,0.0,0.0,True
167,Morrisania/Melrose,0,13,2,15.28974358974359,15.466666666666667,0.15384615384615385,2026-03,unreliable_trip_rate,0.0,1.0,0.0,0.0,True
173,North Corona,2,13,2,13.073076923076922,18.066666666666666,0.15384615384615385,2026-03,unreliable_trip_rate,0.0,1.0,0.0,0.0,True
180,Ozone Park,16,13,2,22.494871794871795,46.4,0.15384615384615385,2026-03,unreliable_trip_rate,0.0,1.0,0.0,0.0,True
190,Prospect Park,21,13,2,17.43717948717949,20.95,0.15384615384615385,2026-03,unreliable_trip_rate,0.0,1.0,0.0,0.0,True
192,Queensboro Hill,19,13,2,22.996153846153845,28.791666666666668,0.15384615384615385,2026-03,unreliable_trip_rate,0.0,1.0,0.0,0.0,True
257,Windsor Terrace,22,13,2,17.95641025641026,20.533333333333335,0.15384615384615385,2026-03,unreliable_trip_rate,0.0,1.0,0.0,0.0,True
259,Woodlawn/Wakefield,21,13,2,18.016666666666666,19.0,0.15384615384615385,2026-03,unreliable_trip_rate,0.0,1.0,0.0,0.0,True
53,College Point,21,20,3,22.490833333333335,26.016666666666666,0.15,2026-03,unreliable_trip_rate,0.0,1.0,0.0,0.0,True
54,Columbia Street,19,20,3,19.81,21.483333333333334,0.15,2026-03,unreliable_trip_rate,0.0,1.0,0.0,0.0,True
160,Middle Village,13,20,3,29.976666666666667,36.766666666666666,0.15,2026-03,unreliable_trip_rate,0.0,1.0,0.0,0.0,True
179,Old Astoria,2,20,3,14.36,18.066666666666666,0.15,2026-03,unreliable_trip_rate,0.0,1.0,0.0,0.0,True
173,North Corona,17,27,4,29.43888888888889,40.916666666666664,0.14814814814814814,2026-03,unreliable_trip_rate,0.0,1.0,0.0,0.0,True
196,Rego Park,22,27,4,19.75679012345679,25.416666666666668,0.14814814814814814,2026-03,unreliable_trip_rate,0.0,1.0,0.0,0.0,True
11,Bath Beach,22,7,1,16.047619047619047,20.533333333333335,0.14285714285714285,2026-03,unreliable_trip_rate,0.0,1.0,0.0,0.0,True
19,Bellerose,20,7,1,20.323809523809523,27.266666666666666,0.14285714285714285,2026-03,unreliable_trip_rate,0.0,1.0,0.0,0.0,True
34,Brooklyn Navy Yard,7,7,1,23.792857142857144,28.233333333333334,0.14285714285714285,2026-03,unreliable_trip_rate,0.0,1.0,0.0,0.0,True
53,College Point,22,28,4,19.38095238095238,25.416666666666668,0.14285714285714285,2026-03,unreliable_trip_rate,0.0,1.0,0.0,0.0,True
56,Corona,3,14,2,12.353571428571428,16.633333333333333,0.14285714285714285,2026-03,unreliable_trip_rate,0.0,1.0,0.0,0.0,True
93,Flushing Meadows-Corona Park,4,7,1,13.530952380952382,16.616666666666667,0.14285714285714285,2026-03,unreliable_trip_rate,0.0,1.0,0.0,0.0,True
102,Glendale,0,14,2,17.860714285714284,21.883333333333333,0.14285714285714285,2026-03,unreliable_trip_rate,0.0,1.0,0.0,0.0,True
102,Glendale,5,28,4,18.416071428571428,21.016666666666666,0.14285714285714285,2026-03,unreliable_trip_rate,0.0,1.0,0.0,0.0,True
102,Glendale,20,14,2,24.16547619047619,27.266666666666666,0.14285714285714285,2026-03,unreliable_trip_rate,0.0,1.0,0.0,0.0,True
136,Kingsbridge Heights,21,14,2,18.979761904761904,19.0,0.14285714285714285,2026-03,unreliable_trip_rate,0.0,1.0,0.0,0.0,True
157,Maspeth,17,21,3,30.216666666666665,40.916666666666664,0.14285714285714285,2026-03,unreliable_trip_rate,0.0,1.0,0.0,0.0,True
160,Middle Village,1,7,1,16.392857142857142,19.783333333333335,0.14285714285714285,2026-03,unreliable_trip_rate,0.0,1.0,0.0,0.0,True
180,Ozone Park,3,7,1,14.0,16.633333333333333,0.14285714285714285,2026-03,unreliable_trip_rate,0.0,1.0,0.0,0.0,True
180,Ozone Park,15,14,2,28.075,46.11666666666667,0.14285714285714285,2026-03,unreliable_trip_rate,0.0,1.0,0.0,0.0,True
208,Schuylerville/Edgewater Park,21,21,3,17.96984126984127,19.0,0.14285714285714285,2026-03,unreliable_trip_rate,0.0,1.0,0.0,0.0,True
210,Sheepshead Bay,1,7,1,14.414285714285715,18.65,0.14285714285714285,2026-03,unreliable_trip_rate,0.0,1.0,0.0,0.0,True
210,Sheepshead Bay,23,14,2,15.552380952380952,19.45,0.14285714285714285,2026-03,unreliable_trip_rate,0.0,1.0,0.0,0.0,True
252,Whitestone,21,14,2,17.38452380952381,26.016666666666666,0.14285714285714285,2026-03,unreliable_trip_rate,0.0,1.0,0.0,0.0,True
258,Woodhaven,19,28,4,20.333928571428572,28.791666666666668,0.14285714285714285,2026-03,unreliable_trip_rate,0.0,1.0,0.0,0.0,True
258,Woodhaven,23,21,3,21.866666666666667,23.666666666666668,0.14285714285714285,2026-03,unreliable_trip_rate,0.0,1.0,0.0,0.0,True
134,Kew Gardens,5,29,4,19.03390804597701,21.016666666666666,0.13793103448275862,2026-03,unreliable_trip_rate,0.0,1.0,0.0,0.0,True
22,Bensonhurst West,20,22,3,16.825757575757578,21.45,0.13636363636363635,2026-03,unreliable_trip_rate,0.0,1.0,0.0,0.0,True
157,Maspeth,10,22,3,24.78257575757576,33.833333333333336,0.13636363636363635,2026-03,unreliable_trip_rate,0.0,1.0,0.0,0.0,True
219,Springfield Gardens South,0,22,3,19.899242424242427,21.883333333333333,0.13636363636363635,2026-03,unreliable_trip_rate,0.0,1.0,0.0,0.0,True
227,Sunset Park East,4,22,3,13.842424242424242,18.0,0.13636363636363635,2026-03,unreliable_trip_rate,0.0,1.0,0.0,0.0,True
53,College Point,17,15,2,32.63444444444444,40.916666666666664,0.13333333333333333,2026-03,unreliable_trip_rate,0.0,1.0,0.0,0.0,True
54,Columbia Street,20,15,2,19.444444444444446,21.45,0.13333333333333333,2026-03,unreliable_trip_rate,0.0,1.0,0.0,0.0,True
169,Mount Hope,3,15,2,13.935555555555556,15.950000000000001,0.13333333333333333,2026-03,unreliable_trip_rate,0.0,1.0,0.0,0.0,True
208,Schuylerville/Edgewater Park,23,15,2,15.387777777777778,16.5,0.13333333333333333,2026-03,unreliable_trip_rate,0.0,1.0,0.0,0.0,True
213,Soundview/Castle Hill,0,15,2,15.325555555555555,15.466666666666667,0.13333333333333333,2026-03,unreliable_trip_rate,0.0,1.0,0.0,0.0,True
250,Westchester Village/Unionport,0,15,2,12.368888888888888,15.466666666666667,0.13333333333333333,2026-03,unreliable_trip_rate,0.0,1.0,0.0,0.0,True
102,Glendale,14,23,3,24.882608695652173,43.13333333333333,0.13043478260869565,2026-03,unreliable_trip_rate,0.0,1.0,0.0,0.0,True
102,Glendale,17,23,3,27.14710144927536,40.916666666666664,0.13043478260869565,2026-03,unreliable_trip_rate,0.0,1.0,0.0,0.0,True
124,Howard Beach,20,23,3,23.21231884057971,27.266666666666666,0.13043478260869565,2026-03,unreliable_trip_rate,0.0,1.0,0.0,0.0,True
147,Longwood,4,23,3,18.01521739130435,19.875,0.13043478260869565,2026-03,unreliable_trip_rate,0.0,1.0,0.0,0.0,True
160,Middle Village,20,23,3,22.686956521739127,27.266666666666666,0.13043478260869565,2026-03,unreliable_trip_rate,0.0,1.0,0.0,0.0,True
247,West Concourse,3,23,3,12.842028985507246,15.950000000000001,0.13043478260869565,2026-03,unreliable_trip_rate,0.0,1.0,0.0,0.0,True
9,Auburndale,22,8,1,17.889583333333334,25.416666666666668,0.125,2026-03,unreliable_trip_rate,0.0,1.0,0.0,0.0,True
16,Bayside,19,8,1,16.504166666666666,28.791666666666668,0.125,2026-03,unreliable_trip_rate,0.0,1.0,0.0,0.0,True
20,Belmont,10,24,3,36.47361111111111,36.916666666666664,0.125,2026-03,unreliable_trip_rate,0.0,1.0,0.0,0.0,True
26,Borough Park,2,8,1,14.195833333333333,17.55,0.125,2026-03,unreliable_trip_rate,0.0,1.0,0.0,0.0,True
52,Cobble Hill,5,16,2,21.866666666666667,23.15,0.125,2026-03,unreliable_trip_rate,0.0,1.0,0.0,0.0,True
56,Corona,2,8,1,13.508333333333333,18.066666666666666,0.125,2026-03,unreliable_trip_rate,0.0,1.0,0.0,0.0,True
71,East Flatbush/Farragut,1,16,2,15.154166666666667,18.65,0.125,2026-03,unreliable_trip_rate,0.0,1.0,0.0,0.0,True
73,East Flushing,0,8,1,17.385416666666668,21.883333333333333,0.125,2026-03,unreliable_trip_rate,0.0,1.0,0.0,0.0,True
73,East Flushing,21,8,1,15.779166666666667,26.016666666666666,0.125,2026-03,unreliable_trip_rate,0.0,1.0,0.0,0.0,True
78,East Tremont,1,8,1,13.122916666666667,14.416666666666666,0.125,2026-03,unreliable_trip_rate,0.0,1.0,0.0,0.0,True
83,Elmhurst/Maspeth,15,24,3,28.58611111111111,46.11666666666667,0.125,2026-03,unreliable_trip_rate,0.0,1.0,0.0,0.0,True
98,Fresh Meadows,16,16,2,28.18541666666667,46.4,0.125,2026-03,unreliable_trip_rate,0.0,1.0,0.0,0.0,True
121,Hillcrest/Pomonok,0,16,2,19.629166666666666,21.883333333333333,0.125,2026-03,unreliable_trip_rate,0.0,1.0,0.0,0.0,True
135,Kew Gardens Hills,0,8,1,18.53125,21.883333333333333,0.125,2026-03,unreliable_trip_rate,0.0,1.0,0.0,0.0,True
139,Laurelton,23,16,2,16.513541666666665,23.666666666666668,0.125,2026-03,unreliable_trip_rate,0.0,1.0,0.0,0.0,True
160,Middle Village,0,16,2,16.442708333333332,21.883333333333333,0.125,2026-03,unreliable_trip_rate,0.0,1.0,0.0,0.0,True
180,Ozone Park,10,16,2,27.722916666666666,33.833333333333336,0.125,2026-03,unreliable_trip_rate,0.0,1.0,0.0,0.0,True
212,Soundview/Bruckner,0,8,1,14.18125,15.466666666666667,0.125,2026-03,unreliable_trip_rate,0.0,1.0,0.0,0.0,True
227,Sunset Park East,22,8,1,17.98125,20.533333333333335,0.125,2026-03,unreliable_trip_rate,0.0,1.0,0.0,0.0,True
235,University Heights/Morris Heights,21,25,3,17.21666666666667,19.0,0.12,2026-03,unreliable_trip_rate,0.0,1.0,0.0,0.0,True
60,Crotona Park East,20,17,2,17.846078431372547,18.75,0.11764705882352941,2026-03,unreliable_trip_rate,0.0,1.0,0.0,0.0,True
173,North Corona,15,17,2,34.07549019607843,46.11666666666667,0.11764705882352941,2026-03,unreliable_trip_rate,0.0,1.0,0.0,0.0,True
192,Queensboro Hill,13,17,2,27.674509803921566,36.766666666666666,0.11764705882352941,2026-03,unreliable_trip_rate,0.0,1.0,0.0,0.0,True
252,Whitestone,19,17,2,22.0921568627451,28.791666666666668,0.11764705882352941,2026-03,unreliable_trip_rate,0.0,1.0,0.0,0.0,True
252,Whitestone,20,17,2,18.45,27.266666666666666,0.11764705882352941,2026-03,unreliable_trip_rate,0.0,1.0,0.0,0.0,True
252,Whitestone,22,17,2,17.21764705882353,25.416666666666668,0.11764705882352941,2026-03,unreliable_trip_rate,0.0,1.0,0.0,0.0,True
49,Clinton Hill,3,26,3,16.987820512820512,17.083333333333332,0.11538461538461539,2026-03,unreliable_trip_rate,0.0,1.0,0.0,0.0,True
83,Elmhurst/Maspeth,0,26,3,14.01025641025641,21.883333333333333,0.11538461538461539,2026-03,unreliable_trip_rate,0.0,1.0,0.0,0.0,True
102,Glendale,13,26,3,29.246153846153845,36.766666666666666,0.11538461538461539,2026-03,unreliable_trip_rate,0.0,1.0,0.0,0.0,True
122,Hollis,14,26,3,24.455128205128208,43.13333333333333,0.11538461538461539,2026-03,unreliable_trip_rate,0.0,1.0,0.0,0.0,True
173,North Corona,1,26,3,14.206410256410257,19.783333333333335,0.11538461538461539,2026-03,unreliable_trip_rate,0.0,1.0,0.0,0.0,True
22,Bensonhurst West,22,9,1,12.52037037037037,20.533333333333335,0.1111111111111111,2026-03,unreliable_trip_rate,0.0,1.0,0.0,0.0,True
26,Borough Park,1,9,1,14.06851851851852,18.65,0.1111111111111111,2026-03,unreliable_trip_rate,0.0,1.0,0.0,0.0,True
53,College Point,10,9,1,32.34259259259259,33.833333333333336,0.1111111111111111,2026-03,unreliable_trip_rate,0.0,1.0,0.0,0.0,True
53,College Point,19,9,1,21.12962962962963,28.791666666666668,0.1111111111111111,2026-03,unreliable_trip_rate,0.0,1.0,0.0,0.0,True
54,Columbia Street,10,18,2,22.79537037037037,28.966666666666665,0.1111111111111111,2026-03,unreliable_trip_rate,0.0,1.0,0.0,0.0,True
93,Flushing Meadows-Corona Park,21,27,3,21.664814814814818,26.016666666666666,0.1111111111111111,2026-03,unreliable_trip_rate,0.0,1.0,0.0,0.0,True
101,Glen Oaks,23,9,1,16.735185185185188,23.666666666666668,0.1111111111111111,2026-03,unreliable_trip_rate,0.0,1.0,0.0,0.0,True
119,Highbridge,0,9,1,16.085185185185182,15.466666666666667,0.1111111111111111,2026-03,unreliable_trip_rate,0.0,1.0,0.0,0.0,True
121,Hillcrest/Pomonok,20,18,2,21.45740740740741,27.266666666666666,0.1111111111111111,2026-03,unreliable_trip_rate,0.0,1.0,0.0,0.0,True
126,Hunts Point,23,27,3,15.54814814814815,16.5,0.1111111111111111,2026-03,unreliable_trip_rate,0.0,1.0,0.0,0.0,True
193,Queensbridge/Ravenswood,1,18,2,16.021296296296295,19.783333333333335,0.1111111111111111,2026-03,unreliable_trip_rate,0.0,1.0,0.0,0.0,True
241,Van Cortlandt Village,3,9,1,15.761111111111111,15.950000000000001,0.1111111111111111,2026-03,unreliable_trip_rate,0.0,1.0,0.0,0.0,True
106,Gowanus,6,28,3,22.77857142857143,28.8,0.10714285714285714,2026-03,unreliable_trip_rate,0.0,1.0,0.0,0.0,True
11,Bath Beach,17,10,1,23.58833333333333,26.25,0.1,2026-03,unreliable_trip_rate,0.0,1.0,0.0,0.0,True
22,Bensonhurst West,0,10,1,13.788333333333332,19.208333333333332,0.1,2026-03,unreliable_trip_rate,0.0,1.0,0.0,0.0,True
47,Claremont/Bathgate,23,10,1,15.59,16.5,0.1,2026-03,unreliable_trip_rate,0.0,1.0,0.0,0.0,True
53,College Point,0,20,2,19.044166666666666,21.883333333333333,0.1,2026-03,unreliable_trip_rate,0.0,1.0,0.0,0.0,True
180,Ozone Park,17,20,2,27.178333333333335,40.916666666666664,0.1,2026-03,unreliable_trip_rate,0.0,1.0,0.0,0.0,True
207,Saint Michaels Cemetery/Woodside,16,10,1,33.15833333333334,46.4,0.1,2026-03,unreliable_trip_rate,0.0,1.0,0.0,0.0,True
101,Glen Oaks,0,21,2,18.561111111111114,21.883333333333333,0.09523809523809523,2026-03,unreliable_trip_rate,0.0,1.0,0.0,0.0,True
102,Glendale,21,21,2,23.223015873015875,26.016666666666666,0.09523809523809523,2026-03,unreliable_trip_rate,0.0,1.0,0.0,0.0,True
147,Longwood,16,21,2,25.737301587301587,35.666666666666664,0.09523809523809523,2026-03,unreliable_trip_rate,0.0,1.0,0.0,0.0,True
180,Ozone Park,14,21,2,22.248412698412697,43.13333333333333,0.09523809523809523,2026-03,unreliable_trip_rate,0.0,1.0,0.0,0.0,True
235,University Heights/Morris Heights,22,21,2,18.038095238095238,18.116666666666667,0.09523809523809523,2026-03,unreliable_trip_rate,0.0,1.0,0.0,0.0,True
20,Belmont,0,11,1,14.433333333333332,15.466666666666667,0.09090909090909091,2026-03,unreliable_trip_rate,0.0,1.0,0.0,0.0,True
83,Elmhurst/Maspeth,1,22,2,13.625,19.783333333333335,0.09090909090909091,2026-03,unreliable_trip_rate,0.0,1.0,0.0,0.0,True
83,Elmhurst/Maspeth,2,22,2,13.907575757575758,18.066666666666666,0.09090909090909091,2026-03,unreliable_trip_rate,0.0,1.0,0.0,0.0,True
102,Glendale,18,22,2,24.90757575757576,33.275,0.09090909090909091,2026-03,unreliable_trip_rate,0.0,1.0,0.0,0.0,True
180,Ozone Park,20,11,1,19.177272727272726,27.266666666666666,0.09090909090909091,2026-03,unreliable_trip_rate,0.0,1.0,0.0,0.0,True
183,Pelham Bay,19,11,1,13.687878787878788,19.533333333333335,0.09090909090909091,2026-03,unreliable_trip_rate,0.0,1.0,0.0,0.0,True
185,Pelham Parkway,4,11,1,16.39848484848485,19.875,0.09090909090909091,2026-03,unreliable_trip_rate,0.0,1.0,0.0,0.0,True
196,Rego Park,3,11,1,16.546969696969697,16.633333333333333,0.09090909090909091,2026-03,unreliable_trip_rate,0.0,1.0,0.0,0.0,True
210,Sheepshead Bay,0,11,1,14.410606060606062,19.208333333333332,0.09090909090909091,2026-03,unreliable_trip_rate,0.0,1.0,0.0,0.0,True
252,Whitestone,17,11,1,30.325757575757578,40.916666666666664,0.09090909090909091,2026-03,unreliable_trip_rate,0.0,1.0,0.0,0.0,True
52,Cobble Hill,6,23,2,21.752898550724638,28.8,0.08695652173913043,2026-03,unreliable_trip_rate,0.0,1.0,0.0,0.0,True
70,East Elmhurst,5,23,2,18.596376811594205,21.016666666666666,0.08695652173913043,2026-03,unreliable_trip_rate,0.0,1.0,0.0,0.0,True
124,Howard Beach,14,23,2,30.410869565217393,43.13333333333333,0.08695652173913043,2026-03,unreliable_trip_rate,0.0,1.0,0.0,0.0,True
15,Bay Terrace/Fort Totten,15,12,1,35.168055555555554,46.11666666666667,0.08333333333333333,2026-03,unreliable_trip_rate,0.0,1.0,0.0,0.0,True
16,Bayside,21,12,1,16.584722222222222,26.016666666666666,0.08333333333333333,2026-03,unreliable_trip_rate,0.0,1.0,0.0,0.0,True
20,Belmont,23,12,1,13.545833333333334,16.5,0.08333333333333333,2026-03,unreliable_trip_rate,0.0,1.0,0.0,0.0,True
53,College Point,15,12,1,40.42777777777778,46.11666666666667,0.08333333333333333,2026-03,unreliable_trip_rate,0.0,1.0,0.0,0.0,True
54,Columbia Street,16,12,1,25.394444444444446,28.8,0.08333333333333333,2026-03,unreliable_trip_rate,0.0,1.0,0.0,0.0,True
83,Elmhurst/Maspeth,21,24,2,18.614583333333332,26.016666666666666,0.08333333333333333,2026-03,unreliable_trip_rate,0.0,1.0,0.0,0.0,True
134,Kew Gardens,3,12,1,10.801388888888889,16.633333333333333,0.08333333333333333,2026-03,unreliable_trip_rate,0.0,1.0,0.0,0.0,True
160,Middle Village,17,24,2,31.70069444444444,40.916666666666664,0.08333333333333333,2026-03,unreliable_trip_rate,0.0,1.0,0.0,0.0,True
192,Queensboro Hill,20,12,1,17.726388888888888,27.266666666666666,0.08333333333333333,2026-03,unreliable_trip_rate,0.0,1.0,0.0,0.0,True
207,Saint Michaels Cemetery/Woodside,9,12,1,11.744444444444445,36.666666666666664,0.08333333333333333,2026-03,unreliable_trip_rate,0.0,1.0,0.0,0.0,True
252,Whitestone,14,12,1,30.673611111111114,43.13333333333333,0.08333333333333333,2026-03,unreliable_trip_rate,0.0,1.0,0.0,0.0,True
91,Flatlands,0,25,2,14.493333333333332,19.208333333333332,0.08,2026-03,unreliable_trip_rate,0.0,1.0,0.0,0.0,True
93,Flushing Meadows-Corona Park,13,25,2,22.807333333333332,36.766666666666666,0.08,2026-03,unreliable_trip_rate,0.0,1.0,0.0,0.0,True
157,Maspeth,15,25,2,31.558000000000003,46.11666666666667,0.08,2026-03,unreliable_trip_rate,0.0,1.0,0.0,0.0,True
180,Ozone Park,0,25,2,16.614,21.883333333333333,0.08,2026-03,unreliable_trip_rate,0.0,1.0,0.0,0.0,True
6,Arrochar/Fort Wadsworth,10,13,1,14.302564102564103,14.083333333333332,0.07692307692307693,2026-03,unreliable_trip_rate,0.0,1.0,0.0,0.0,True
53,College Point,16,26,2,39.1224358974359,46.4,0.07692307692307693,2026-03,unreliable_trip_rate,0.0,1.0,0.0,0.0,True
155,Marine Park/Mill Basin,22,26,2,15.196794871794872,20.533333333333335,0.07692307692307693,2026-03,unreliable_trip_rate,0.0,1.0,0.0,0.0,True
93,Flushing Meadows-Corona Park,14,27,2,29.41604938271605,43.13333333333333,0.07407407407407407,2026-03,unreliable_trip_rate,0.0,1.0,0.0,0.0,True
29,Brighton Beach,0,14,1,13.686904761904762,19.208333333333332,0.07142857142857142,2026-03,unreliable_trip_rate,0.0,1.0,0.0,0.0,True
94,Fordham South,22,14,1,15.905952380952382,18.116666666666667,0.07142857142857142,2026-03,unreliable_trip_rate,0.0,1.0,0.0,0.0,True
119,Highbridge,23,14,1,14.816666666666666,16.5,0.07142857142857142,2026-03,unreliable_trip_rate,0.0,1.0,0.0,0.0,True
131,Jamaica Estates,4,14,1,14.702380952380953,16.616666666666667,0.07142857142857142,2026-03,unreliable_trip_rate,0.0,1.0,0.0,0.0,True
83,Elmhurst/Maspeth,5,29,2,15.833333333333334,21.016666666666666,0.06896551724137931,2026-03,unreliable_trip_rate,0.0,1.0,0.0,0.0,True
134,Kew Gardens,0,29,2,13.982183908045977,21.883333333333333,0.06896551724137931,2026-03,unreliable_trip_rate,0.0,1.0,0.0,0.0,True
135,Kew Gardens Hills,18,29,2,23.95862068965517,33.275,0.06896551724137931,2026-03,unreliable_trip_rate,0.0,1.0,0.0,0.0,True
34,Brooklyn Navy Yard,21,15,1,18.181111111111115,20.95,0.06666666666666667,2026-03,unreliable_trip_rate,0.0,1.0,0.0,0.0,True
192,Queensboro Hill,4,15,1,13.16111111111111,16.616666666666667,0.06666666666666667,2026-03,unreliable_trip_rate,0.0,1.0,0.0,0.0,True
196,Rego Park,0,15,1,15.566666666666666,21.883333333333333,0.06666666666666667,2026-03,unreliable_trip_rate,0.0,1.0,0.0,0.0,True
207,Saint Michaels Cemetery/Woodside,11,16,1,15.745833333333334,33.733333333333334,0.0625,2026-03,unreliable_trip_rate,0.0,1.0,0.0,0.0,True
212,Soundview/Bruckner,21,16,1,13.552083333333334,19.0,0.0625,2026-03,unreliable_trip_rate,0.0,1.0,0.0,0.0,True
220,Spuyten Duyvil/Kingsbridge,0,16,1,14.869791666666666,15.466666666666667,0.0625,2026-03,unreliable_trip_rate,0.0,1.0,0.0,0.0,True
121,Hillcrest/Pomonok,22,17,1,20.819607843137256,25.416666666666668,0.058823529411764705,2026-03,unreliable_trip_rate,0.0,1.0,0.0,0.0,True
180,Ozone Park,23,17,1,18.100980392156863,23.666666666666668,0.058823529411764705,2026-03,unreliable_trip_rate,0.0,1.0,0.0,0.0,True
135,Kew Gardens Hills,22,18,1,18.223148148148148,25.416666666666668,0.05555555555555555,2026-03,unreliable_trip_rate,0.0,1.0,0.0,0.0,True
173,North Corona,16,18,1,29.815740740740736,46.4,0.05555555555555555,2026-03,unreliable_trip_rate,0.0,1.0,0.0,0.0,True
102,Glendale,16,19,1,26.266666666666666,46.4,0.05263157894736842,2026-03,unreliable_trip_rate,0.0,1.0,0.0,0.0,True
19,Bellerose,23,21,1,14.834126984126984,23.666666666666668,0.047619047619047616,2026-03,unreliable_trip_rate,0.0,1.0,0.0,0.0,True
134,Kew Gardens,22,21,1,17.503174603174603,25.416666666666668,0.047619047619047616,2026-03,unreliable_trip_rate,0.0,1.0,0.0,0.0,True
15,Bay Terrace/Fort Totten,12,22,1,10.702272727272726,33.71666666666667,0.045454545454545456,2026-03,unreliable_trip_rate,0.0,1.0,0.0,0.0,True
102,Glendale,23,22,1,15.766666666666667,23.666666666666668,0.045454545454545456,2026-03,unreliable_trip_rate,0.0,1.0,0.0,0.0,True
40,Carroll Gardens,5,24,1,19.497916666666665,23.15,0.041666666666666664,2026-03,unreliable_trip_rate,0.0,1.0,0.0,0.0,True
173,North Corona,0,24,1,14.214583333333332,21.883333333333333,0.041666666666666664,2026-03,unreliable_trip_rate,0.0,1.0,0.0,0.0,True
134,Kew Gardens,1,25,1,13.689333333333334,19.783333333333335,0.04,2026-03,unreliable_trip_rate,0.0,1.0,0.0,0.0,True
160,Middle Village,15,25,1,33.650666666666666,46.11666666666667,0.04,2026-03,unreliable_trip_rate,0.0,1.0,0.0,0.0,True
212,Soundview/Bruckner,17,25,1,20.683333333333334,30.216666666666665,0.04,2026-03,unreliable_trip_rate,0.0,1.0,0.0,0.0,True
134,Kew Gardens,20,26,1,15.395512820512819,27.266666666666666,0.038461538461538464,2026-03,unreliable_trip_rate,0.0,1.0,0.0,0.0,True
28,Briarwood/Jamaica Hills,0,27,1,13.783333333333333,21.883333333333333,0.037037037037037035,2026-03,unreliable_trip_rate,0.0,1.0,0.0,0.0,True
121,Hillcrest/Pomonok,23,28,1,15.341071428571428,23.666666666666668,0.03571428571428571,2026-03,unreliable_trip_rate,0.0,1.0,0.0,0.0,True
93,Flushing Meadows-Corona Park,0,29,1,17.250574712643676,21.883333333333333,0.034482758620689655,2026-03,unreliable_trip_rate,0.0,1.0,0.0,0.0,True
1,Newark Airport,5,2,0,5.233333333333333,13.716666666666667,0.0,2026-03,unreliable_trip_rate,1.0,0.0,0.0,0.0,True
1,Newark Airport,6,1,0,10.683333333333334,13.283333333333333,0.0,2026-03,unreliable_trip_rate,1.0,0.0,0.0,0.0,True
1,Newark Airport,7,5,0,2.3600000000000003,13.016666666666667,0.0,2026-03,unreliable_trip_rate,1.0,0.0,0.0,0.0,True
1,Newark Airport,8,2,0,1.7083333333333335,13.75,0.0,2026-03,unreliable_trip_rate,1.0,0.0,0.0,0.0,True
1,Newark Airport,9,2,0,8.283333333333333,13.683333333333334,0.0,2026-03,unreliable_trip_rate,1.0,0.0,0.0,0.0,True
1,Newark Airport,15,2,0,2.7583333333333333,14.75,0.0,2026-03,unreliable_trip_rate,1.0,0.0,0.0,0.0,True
1,Newark Airport,18,2,0,2.3666666666666667,13.166666666666666,0.0,2026-03,unreliable_trip_rate,1.0,0.0,0.0,0.0,True
2,Jamaica Bay,0,2,0,23.083333333333336,21.883333333333333,0.0,2026-03,unreliable_trip_rate,0.0,1.0,0.0,0.0,True
2,Jamaica Bay,8,1,0,9.0,36.5,0.0,2026-03,unreliable_trip_rate,0.0,1.0,0.0,0.0,True
2,Jamaica Bay,10,1,0,19.066666666666666,33.833333333333336,0.0,2026-03,unreliable_trip_rate,0.0,1.0,0.0,0.0,True
2,Jamaica Bay,11,1,0,6.616666666666666,33.733333333333334,0.0,2026-03,unreliable_trip_rate,0.0,1.0,0.0,0.0,True
2,Jamaica Bay,21,1,0,24.233333333333334,26.016666666666666,0.0,2026-03,unreliable_trip_rate,0.0,1.0,0.0,0.0,True
6,Arrochar/Fort Wadsworth,11,2,0,9.266666666666667,14.416666666666666,0.0,2026-03,unreliable_trip_rate,1.0,0.0,0.0,0.0,True
6,Arrochar/Fort Wadsworth,14,2,0,10.691666666666666,14.716666666666667,0.0,2026-03,unreliable_trip_rate,1.0,0.0,0.0,0.0,True
6,Arrochar/Fort Wadsworth,18,1,0,1.6833333333333333,13.166666666666666,0.0,2026-03,unreliable_trip_rate,1.0,0.0,0.0,0.0,True
6,Arrochar/Fort Wadsworth,20,3,0,1.4666666666666668,12.733333333333333,0.0,2026-03,unreliable_trip_rate,1.0,0.0,0.0,0.0,True
6,Arrochar/Fort Wadsworth,21,2,0,2.0166666666666666,12.916666666666666,0.0,2026-03,unreliable_trip_rate,1.0,0.0,0.0,0.0,True
8,Astoria Park,0,3,0,13.77222222222222,21.883333333333333,0.0,2026-03,unreliable_trip_rate,0.0,1.0,0.0,0.0,True
8,Astoria Park,4,1,0,18.516666666666666,16.616666666666667,0.0,2026-03,unreliable_trip_rate,0.0,1.0,0.0,0.0,True
8,Astoria Park,9,1,0,3.3333333333333335,36.666666666666664,0.0,2026-03,unreliable_trip_rate,0.0,1.0,0.0,0.0,True
8,Astoria Park,10,2,0,14.208333333333332,33.833333333333336,0.0,2026-03,unreliable_trip_rate,0.0,1.0,0.0,0.0,True
8,Astoria Park,11,1,0,22.15,33.733333333333334,0.0,2026-03,unreliable_trip_rate,0.0,1.0,0.0,0.0,True
8,Astoria Park,13,1,0,39.1,36.766666666666666,0.0,2026-03,unreliable_trip_rate,0.0,1.0,0.0,0.0,True
8,Astoria Park,14,3,0,22.2,43.13333333333333,0.0,2026-03,unreliable_trip_rate,0.0,1.0,0.0,0.0,True
8,Astoria Park,17,3,0,37.61666666666667,40.916666666666664,0.0,2026-03,unreliable_trip_rate,0.0,1.0,0.0,0.0,True
8,Astoria Park,19,2,0,26.09166666666667,28.791666666666668,0.0,2026-03,unreliable_trip_rate,0.0,1.0,0.0,0.0,True
8,Astoria Park,20,2,0,17.558333333333334,27.266666666666666,0.0,2026-03,unreliable_trip_rate,0.0,1.0,0.0,0.0,True
8,Astoria Park,21,1,0,6.616666666666666,26.016666666666666,0.0,2026-03,unreliable_trip_rate,0.0,1.0,0.0,0.0,True
8,Astoria Park,22,1,0,2.65,25.416666666666668,0.0,2026-03,unreliable_trip_rate,0.0,1.0,0.0,0.0,True
8,Astoria Park,23,2,0,10.783333333333333,23.666666666666668,0.0,2026-03,unreliable_trip_rate,0.0,1.0,0.0,0.0,True
9,Auburndale,0,4,0,10.8125,21.883333333333333,0.0,2026-03,unreliable_trip_rate,0.0,1.0,0.0,0.0,True
9,Auburndale,1,3,0,18.45,19.783333333333335,0.0,2026-03,unreliable_trip_rate,0.0,1.0,0.0,0.0,True
9,Auburndale,2,1,0,17.866666666666667,18.066666666666666,0.0,2026-03,unreliable_trip_rate,0.0,1.0,0.0,0.0,True
9,Auburndale,17,4,0,16.945833333333333,40.916666666666664,0.0,2026-03,unreliable_trip_rate,0.0,1.0,0.0,0.0,True
9,Auburndale,19,3,0,12.511111111111111,28.791666666666668,0.0,2026-03,unreliable_trip_rate,0.0,1.0,0.0,0.0,True
9,Auburndale,20,5,0,17.330000000000002,27.266666666666666,0.0,2026-03,unreliable_trip_rate,0.0,1.0,0.0,0.0,True
11,Bath Beach,0,6,0,17.169444444444448,19.208333333333332,0.0,2026-03,unreliable_trip_rate,0.0,1.0,0.0,0.0,True
11,Bath Beach,1,1,0,12.066666666666666,18.65,0.0,2026-03,unreliable_trip_rate,0.0,1.0,0.0,0.0,True
11,Bath Beach,2,1,0,4.183333333333334,17.55,0.0,2026-03,unreliable_trip_rate,0.0,1.0,0.0,0.0,True
11,Bath Beach,3,3,0,8.933333333333332,17.083333333333332,0.0,2026-03,unreliable_trip_rate,0.0,1.0,0.0,0.0,True
11,Bath Beach,23,5,0,10.06,19.45,0.0,2026-03,unreliable_trip_rate,0.0,1.0,0.0,0.0,True
12,Battery Park,4,1,0,11.55,11.433333333333334,0.0,2026-03,unreliable_trip_rate,0.0,1.0,0.0,0.0,True
12,Battery Park,7,6,0,10.308333333333334,11.116666666666667,0.0,2026-03,unreliable_trip_rate,0.0,1.0,0.0,0.0,True
15,Bay Terrace/Fort Totten,3,1,0,8.85,16.633333333333333,0.0,2026-03,unreliable_trip_rate,0.0,1.0,0.0,0.0,True
15,Bay Terrace/Fort Totten,4,1,0,17.116666666666667,16.616666666666667,0.0,2026-03,unreliable_trip_rate,0.0,1.0,0.0,0.0,True
15,Bay Terrace/Fort Totten,19,3,0,14.85,28.791666666666668,0.0,2026-03,unreliable_trip_rate,0.0,1.0,0.0,0.0,True
15,Bay Terrace/Fort Totten,21,3,0,17.783333333333335,26.016666666666666,0.0,2026-03,unreliable_trip_rate,0.0,1.0,0.0,0.0,True
15,Bay Terrace/Fort Totten,22,2,0,12.0,25.416666666666668,0.0,2026-03,unreliable_trip_rate,0.0,1.0,0.0,0.0,True
16,Bayside,0,8,0,16.11875,21.883333333333333,0.0,2026-03,unreliable_trip_rate,0.0,1.0,0.0,0.0,True
16,Bayside,3,9,0,12.133333333333333,16.633333333333333,0.0,2026-03,unreliable_trip_rate,0.0,1.0,0.0,0.0,True
16,Bayside,18,3,0,21.494444444444444,33.275,0.0,2026-03,unreliable_trip_rate,0.0,1.0,0.0,0.0,True
16,Bayside,23,10,0,14.413333333333332,23.666666666666668,0.0,2026-03,unreliable_trip_rate,0.0,1.0,0.0,0.0,True
19,Bellerose,0,7,0,15.328571428571427,21.883333333333333,0.0,2026-03,unreliable_trip_rate,0.0,1.0,0.0,0.0,True
19,Bellerose,3,1,0,13.083333333333334,16.633333333333333,0.0,2026-03,unreliable_trip_rate,0.0,1.0,0.0,0.0,True
19,Bellerose,21,8,0,13.964583333333334,26.016666666666666,0.0,2026-03,unreliable_trip_rate,0.0,1.0,0.0,0.0,True
20,Belmont,2,2,0,12.316666666666666,15.775,0.0,2026-03,unreliable_trip_rate,0.0,1.0,0.0,0.0,True
22,Bensonhurst West,2,2,0,14.916666666666666,17.55,0.0,2026-03,unreliable_trip_rate,0.0,1.0,0.0,0.0,True
22,Bensonhurst West,21,12,0,12.594444444444443,20.95,0.0,2026-03,unreliable_trip_rate,0.0,1.0,0.0,0.0,True
23,Bloomfield/Emerson Hill,6,1,0,15.166666666666666,13.283333333333333,0.0,2026-03,unreliable_trip_rate,1.0,0.0,0.0,0.0,True
27,Breezy Point/Fort Tilden/Riis Beach,11,1,0,9.866666666666667,33.733333333333334,0.0,2026-03,unreliable_trip_rate,0.0,1.0,0.0,0.0,True
27,Breezy Point/Fort Tilden/Riis Beach,16,2,0,36.86666666666667,46.4,0.0,2026-03,unreliable_trip_rate,0.0,1.0,0.0,0.0,True
27,Breezy Point/Fort Tilden/Riis Beach,19,1,0,27.233333333333334,28.791666666666668,0.0,2026-03,unreliable_trip_rate,0.0,1.0,0.0,0.0,True
27,Breezy Point/Fort Tilden/Riis Beach,22,1,0,23.583333333333332,25.416666666666668,0.0,2026-03,unreliable_trip_rate,0.0,1.0,0.0,0.0,True
29,Brighton Beach,1,3,0,12.166666666666666,18.65,0.0,2026-03,unreliable_trip_rate,0.0,1.0,0.0,0.0,True
29,Brighton Beach,2,2,0,13.191666666666666,17.55,0.0,2026-03,unreliable_trip_rate,0.0,1.0,0.0,0.0,True
30,Broad Channel,2,1,0,7.916666666666667,18.066666666666666,0.0,2026-03,unreliable_trip_rate,0.0,1.0,0.0,0.0,True
30,Broad Channel,4,1,0,10.6,16.616666666666667,0.0,2026-03,unreliable_trip_rate,0.0,1.0,0.0,0.0,True
30,Broad Channel,8,2,0,24.033333333333335,36.5,0.0,2026-03,unreliable_trip_rate,0.0,1.0,0.0,0.0,True
30,Broad Channel,12,1,0,9.233333333333333,33.71666666666667,0.0,2026-03,unreliable_trip_rate,0.0,1.0,0.0,0.0,True
30,Broad Channel,15,1,0,7.45,46.11666666666667,0.0,2026-03,unreliable_trip_rate,0.0,1.0,0.0,0.0,True
30,Broad Channel,16,2,0,17.84166666666667,46.4,0.0,2026-03,unreliable_trip_rate,0.0,1.0,0.0,0.0,True
30,Broad Channel,20,2,0,18.125,27.266666666666666,0.0,2026-03,unreliable_trip_rate,0.0,1.0,0.0,0.0,True
30,Broad Channel,23,1,0,9.033333333333333,23.666666666666668,0.0,2026-03,unreliable_trip_rate,0.0,1.0,0.0,0.0,True
31,Bronx Park,0,1,0,10.5,15.466666666666667,0.0,2026-03,unreliable_trip_rate,0.0,1.0,0.0,0.0,True
31,Bronx Park,1,2,0,8.541666666666668,14.416666666666666,0.0,2026-03,unreliable_trip_rate,0.0,1.0,0.0,0.0,True
31,Bronx Park,6,7,0,28.87142857142857,36.25,0.0,2026-03,unreliable_trip_rate,0.0,1.0,0.0,0.0,True
31,Bronx Park,7,3,0,21.25,32.96666666666667,0.0,2026-03,unreliable_trip_rate,0.0,1.0,0.0,0.0,True
31,Bronx Park,18,3,0,24.655555555555555,25.1,0.0,2026-03,unreliable_trip_rate,0.0,1.0,0.0,0.0,True
31,Bronx Park,19,3,0,10.838888888888889,19.533333333333335,0.0,2026-03,unreliable_trip_rate,0.0,1.0,0.0,0.0,True
31,Bronx Park,21,1,0,22.533333333333335,19.0,0.0,2026-03,unreliable_trip_rate,0.0,1.0,0.0,0.0,True
31,Bronx Park,22,3,0,13.53888888888889,18.116666666666667,0.0,2026-03,unreliable_trip_rate,0.0,1.0,0.0,0.0,True
31,Bronx Park,23,4,0,11.670833333333333,16.5,0.0,2026-03,unreliable_trip_rate,0.0,1.0,0.0,0.0,True
32,Bronxdale,0,11,0,9.915151515151514,15.466666666666667,0.0,2026-03,unreliable_trip_rate,0.0,1.0,0.0,0.0,True
32,Bronxdale,1,2,0,13.716666666666667,14.416666666666666,0.0,2026-03,unreliable_trip_rate,0.0,1.0,0.0,0.0,True
32,Bronxdale,3,3,0,10.222222222222223,15.950000000000001,0.0,2026-03,unreliable_trip_rate,0.0,1.0,0.0,0.0,True
34,Brooklyn Navy Yard,9,8,0,18.666666666666664,27.983333333333334,0.0,2026-03,unreliable_trip_rate,0.0,1.0,0.0,0.0,True
34,Brooklyn Navy Yard,10,6,0,23.833333333333332,28.966666666666665,0.0,2026-03,unreliable_trip_rate,0.0,1.0,0.0,0.0,True
34,Brooklyn Navy Yard,14,15,0,20.037777777777777,29.0,0.0,2026-03,unreliable_trip_rate,0.0,1.0,0.0,0.0,True
38,Cambria Heights,0,1,0,20.783333333333335,21.883333333333333,0.0,2026-03,unreliable_trip_rate,0.0,1.0,0.0,0.0,True
38,Cambria Heights,2,3,0,16.599999999999998,18.066666666666666,0.0,2026-03,unreliable_trip_rate,0.0,1.0,0.0,0.0,True
38,Cambria Heights,20,2,0,18.016666666666666,27.266666666666666,0.0,2026-03,unreliable_trip_rate,0.0,1.0,0.0,0.0,True
44,Charleston/Tottenville,9,2,0,1.5,13.683333333333334,0.0,2026-03,unreliable_trip_rate,1.0,0.0,0.0,0.0,True
46,City Island,4,1,0,23.983333333333334,19.875,0.0,2026-03,unreliable_trip_rate,0.0,1.0,0.0,0.0,True
52,Cobble Hill,3,4,0,16.479166666666668,17.083333333333332,0.0,2026-03,unreliable_trip_rate,0.0,1.0,0.0,0.0,True
53,College Point,3,7,0,15.233333333333333,16.633333333333333,0.0,2026-03,unreliable_trip_rate,0.0,1.0,0.0,0.0,True
53,College Point,8,15,0,18.154444444444444,36.5,0.0,2026-03,unreliable_trip_rate,0.0,1.0,0.0,0.0,True
53,College Point,18,10,0,26.631666666666668,33.275,0.0,2026-03,unreliable_trip_rate,0.0,1.0,0.0,0.0,True
53,College Point,20,13,0,16.91794871794872,27.266666666666666,0.0,2026-03,unreliable_trip_rate,0.0,1.0,0.0,0.0,True
54,Columbia Street,1,3,0,9.7,18.65,0.0,2026-03,unreliable_trip_rate,0.0,1.0,0.0,0.0,True
54,Columbia Street,5,2,0,9.233333333333334,23.15,0.0,2026-03,unreliable_trip_rate,0.0,1.0,0.0,0.0,True
54,Columbia Street,6,7,0,16.283333333333335,28.8,0.0,2026-03,unreliable_trip_rate,0.0,1.0,0.0,0.0,True
56,Corona,1,8,0,15.575,19.783333333333335,0.0,2026-03,unreliable_trip_rate,0.0,1.0,0.0,0.0,True
57,Corona,0,3,0,11.905555555555557,21.883333333333333,0.0,2026-03,unreliable_trip_rate,0.0,1.0,0.0,0.0,True
57,Corona,1,2,0,7.291666666666666,19.783333333333335,0.0,2026-03,unreliable_trip_rate,0.0,1.0,0.0,0.0,True
57,Corona,3,3,0,11.627777777777778,16.633333333333333,0.0,2026-03,unreliable_trip_rate,0.0,1.0,0.0,0.0,True
57,Corona,4,3,0,11.094444444444443,16.616666666666667,0.0,2026-03,unreliable_trip_rate,0.0,1.0,0.0,0.0,True
57,Corona,5,3,0,18.072222222222223,21.016666666666666,0.0,2026-03,unreliable_trip_rate,0.0,1.0,0.0,0.0,True
57,Corona,7,1,0,7.75,33.9,0.0,2026-03,unreliable_trip_rate,0.0,1.0,0.0,0.0,True
57,Corona,8,4,0,14.166666666666666,36.5,0.0,2026-03,unreliable_trip_rate,0.0,1.0,0.0,0.0,True
57,Corona,9,1,0,11.65,36.666666666666664,0.0,2026-03,unreliable_trip_rate,0.0,1.0,0.0,0.0,True
57,Corona,10,1,0,21.766666666666666,33.833333333333336,0.0,2026-03,unreliable_trip_rate,0.0,1.0,0.0,0.0,True
57,Corona,11,1,0,28.166666666666668,33.733333333333334,0.0,2026-03,unreliable_trip_rate,0.0,1.0,0.0,0.0,True
57,Corona,12,1,0,27.05,33.71666666666667,0.0,2026-03,unreliable_trip_rate,0.0,1.0,0.0,0.0,True
57,Corona,13,1,0,16.866666666666667,36.766666666666666,0.0,2026-03,unreliable_trip_rate,0.0,1.0,0.0,0.0,True
57,Corona,14,1,0,46.6,43.13333333333333,0.0,2026-03,unreliable_trip_rate,0.0,1.0,0.0,0.0,True
57,Corona,16,1,0,44.11666666666667,46.4,0.0,2026-03,unreliable_trip_rate,0.0,1.0,0.0,0.0,True
57,Corona,21,2,0,12.708333333333332,26.016666666666666,0.0,2026-03,unreliable_trip_rate,0.0,1.0,0.0,0.0,True
57,Corona,22,5,0,14.986666666666668,25.416666666666668,0.0,2026-03,unreliable_trip_rate,0.0,1.0,0.0,0.0,True
57,Corona,23,1,0,8.633333333333333,23.666666666666668,0.0,2026-03,unreliable_trip_rate,0.0,1.0,0.0,0.0,True
58,Country Club,1,1,0,15.5,14.416666666666666,0.0,2026-03,unreliable_trip_rate,0.0,1.0,0.0,0.0,True
59,Crotona Park,7,3,0,16.733333333333334,32.96666666666667,0.0,2026-03,unreliable_trip_rate,0.0,1.0,0.0,0.0,True
59,Crotona Park,9,3,0,21.41111111111111,35.75,0.0,2026-03,unreliable_trip_rate,0.0,1.0,0.0,0.0,True
59,Crotona Park,10,1,0,14.516666666666667,36.916666666666664,0.0,2026-03,unreliable_trip_rate,0.0,1.0,0.0,0.0,True
59,Crotona Park,13,1,0,9.883333333333333,34.391666666666666,0.0,2026-03,unreliable_trip_rate,0.0,1.0,0.0,0.0,True
59,Crotona Park,19,2,0,15.041666666666668,19.533333333333335,0.0,2026-03,unreliable_trip_rate,0.0,1.0,0.0,0.0,True
59,Crotona Park,21,1,0,14.0,19.0,0.0,2026-03,unreliable_trip_rate,0.0,1.0,0.0,0.0,True
59,Crotona Park,22,1,0,22.383333333333333,18.116666666666667,0.0,2026-03,unreliable_trip_rate,0.0,1.0,0.0,0.0,True
60,Crotona Park East,2,1,0,15.0,15.775,0.0,2026-03,unreliable_trip_rate,0.0,1.0,0.0,0.0,True
64,Douglaston,0,3,0,21.03333333333333,21.883333333333333,0.0,2026-03,unreliable_trip_rate,0.0,1.0,0.0,0.0,True
64,Douglaston,1,2,0,14.341666666666665,19.783333333333335,0.0,2026-03,unreliable_trip_rate,0.0,1.0,0.0,0.0,True
64,Douglaston,2,1,0,7.366666666666666,18.066666666666666,0.0,2026-03,unreliable_trip_rate,0.0,1.0,0.0,0.0,True
64,Douglaston,3,1,0,1.0833333333333333,16.633333333333333,0.0,2026-03,unreliable_trip_rate,0.0,1.0,0.0,0.0,True
64,Douglaston,4,1,0,19.416666666666668,16.616666666666667,0.0,2026-03,unreliable_trip_rate,0.0,1.0,0.0,0.0,True
64,Douglaston,5,1,0,12.366666666666667,21.016666666666666,0.0,2026-03,unreliable_trip_rate,0.0,1.0,0.0,0.0,True
64,Douglaston,7,2,0,25.791666666666664,33.9,0.0,2026-03,unreliable_trip_rate,0.0,1.0,0.0,0.0,True
64,Douglaston,18,4,0,13.458333333333334,33.275,0.0,2026-03,unreliable_trip_rate,0.0,1.0,0.0,0.0,True
64,Douglaston,21,7,0,12.397619047619047,26.016666666666666,0.0,2026-03,unreliable_trip_rate,0.0,1.0,0.0,0.0,True
64,Douglaston,22,4,0,15.566666666666666,25.416666666666668,0.0,2026-03,unreliable_trip_rate,0.0,1.0,0.0,0.0,True
64,Douglaston,23,8,0,18.004166666666666,23.666666666666668,0.0,2026-03,unreliable_trip_rate,0.0,1.0,0.0,0.0,True
67,Dyker Heights,0,2,0,16.716666666666665,19.208333333333332,0.0,2026-03,unreliable_trip_rate,0.0,1.0,0.0,0.0,True
67,Dyker Heights,1,1,0,15.1,18.65,0.0,2026-03,unreliable_trip_rate,0.0,1.0,0.0,0.0,True
67,Dyker Heights,2,2,0,6.808333333333334,17.55,0.0,2026-03,unreliable_trip_rate,0.0,1.0,0.0,0.0,True
67,Dyker Heights,3,1,0,6.083333333333333,17.083333333333332,0.0,2026-03,unreliable_trip_rate,0.0,1.0,0.0,0.0,True
73,East Flushing,1,1,0,5.5,19.783333333333335,0.0,2026-03,unreliable_trip_rate,0.0,1.0,0.0,0.0,True
73,East Flushing,3,2,0,10.641666666666666,16.633333333333333,0.0,2026-03,unreliable_trip_rate,0.0,1.0,0.0,0.0,True
73,East Flushing,4,3,0,12.011111111111111,16.616666666666667,0.0,2026-03,unreliable_trip_rate,0.0,1.0,0.0,0.0,True
73,East Flushing,14,6,0,32.422222222222224,43.13333333333333,0.0,2026-03,unreliable_trip_rate,0.0,1.0,0.0,0.0,True
73,East Flushing,18,1,0,7.866666666666666,33.275,0.0,2026-03,unreliable_trip_rate,0.0,1.0,0.0,0.0,True
73,East Flushing,20,3,0,13.116666666666667,27.266666666666666,0.0,2026-03,unreliable_trip_rate,0.0,1.0,0.0,0.0,True
73,East Flushing,22,5,0,15.616666666666665,25.416666666666668,0.0,2026-03,unreliable_trip_rate,0.0,1.0,0.0,0.0,True
81,Eastchester,1,3,0,9.844444444444443,14.416666666666666,0.0,2026-03,unreliable_trip_rate,0.0,1.0,0.0,0.0,True
84,Eltingville/Annadale/Prince's Bay,9,1,0,1.45,13.683333333333334,0.0,2026-03,unreliable_trip_rate,1.0,0.0,0.0,0.0,True
84,Eltingville/Annadale/Prince's Bay,10,1,0,1.5833333333333333,14.083333333333332,0.0,2026-03,unreliable_trip_rate,0.0,1.0,0.0,0.0,True
84,Eltingville/Annadale/Prince's Bay,18,1,0,1.05,13.166666666666666,0.0,2026-03,unreliable_trip_rate,1.0,0.0,0.0,0.0,True
86,Far Rockaway,0,10,0,11.790000000000001,21.883333333333333,0.0,2026-03,unreliable_trip_rate,0.0,1.0,0.0,0.0,True
93,Flushing Meadows-Corona Park,2,3,0,20.894444444444446,18.066666666666666,0.0,2026-03,unreliable_trip_rate,0.0,1.0,0.0,0.0,True
93,Flushing Meadows-Corona Park,3,4,0,10.841666666666667,16.633333333333333,0.0,2026-03,unreliable_trip_rate,0.0,1.0,0.0,0.0,True
93,Flushing Meadows-Corona Park,6,11,0,17.437878787878788,29.333333333333332,0.0,2026-03,unreliable_trip_rate,0.0,1.0,0.0,0.0,True
96,Forest Park/Highland Park,2,1,0,6.0,18.066666666666666,0.0,2026-03,unreliable_trip_rate,0.0,1.0,0.0,0.0,True
96,Forest Park/Highland Park,4,1,0,7.116666666666666,16.616666666666667,0.0,2026-03,unreliable_trip_rate,0.0,1.0,0.0,0.0,True
96,Forest Park/Highland Park,5,1,0,16.166666666666668,21.016666666666666,0.0,2026-03,unreliable_trip_rate,0.0,1.0,0.0,0.0,True
96,Forest Park/Highland Park,8,3,0,24.711111111111112,36.5,0.0,2026-03,unreliable_trip_rate,0.0,1.0,0.0,0.0,True
96,Forest Park/Highland Park,12,3,0,22.61111111111111,33.71666666666667,0.0,2026-03,unreliable_trip_rate,0.0,1.0,0.0,0.0,True
96,Forest Park/Highland Park,13,6,0,19.591666666666665,36.766666666666666,0.0,2026-03,unreliable_trip_rate,0.0,1.0,0.0,0.0,True
96,Forest Park/Highland Park,15,2,0,18.666666666666664,46.11666666666667,0.0,2026-03,unreliable_trip_rate,0.0,1.0,0.0,0.0,True
96,Forest Park/Highland Park,16,3,0,16.055555555555554,46.4,0.0,2026-03,unreliable_trip_rate,0.0,1.0,0.0,0.0,True
96,Forest Park/Highland Park,17,2,0,32.733333333333334,40.916666666666664,0.0,2026-03,unreliable_trip_rate,0.0,1.0,0.0,0.0,True
96,Forest Park/Highland Park,18,3,0,12.616666666666667,33.275,0.0,2026-03,unreliable_trip_rate,0.0,1.0,0.0,0.0,True
96,Forest Park/Highland Park,19,2,0,16.5,28.791666666666668,0.0,2026-03,unreliable_trip_rate,0.0,1.0,0.0,0.0,True
96,Forest Park/Highland Park,20,2,0,15.041666666666666,27.266666666666666,0.0,2026-03,unreliable_trip_rate,0.0,1.0,0.0,0.0,True
96,Forest Park/Highland Park,22,1,0,18.333333333333332,25.416666666666668,0.0,2026-03,unreliable_trip_rate,0.0,1.0,0.0,0.0,True
98,Fresh Meadows,0,3,0,13.066666666666668,21.883333333333333,0.0,2026-03,unreliable_trip_rate,0.0,1.0,0.0,0.0,True
98,Fresh Meadows,1,3,0,18.11111111111111,19.783333333333335,0.0,2026-03,unreliable_trip_rate,0.0,1.0,0.0,0.0,True
98,Fresh Meadows,2,1,0,9.366666666666667,18.066666666666666,0.0,2026-03,unreliable_trip_rate,0.0,1.0,0.0,0.0,True
98,Fresh Meadows,3,1,0,11.033333333333333,16.633333333333333,0.0,2026-03,unreliable_trip_rate,0.0,1.0,0.0,0.0,True
98,Fresh Meadows,20,2,0,7.0,27.266666666666666,0.0,2026-03,unreliable_trip_rate,0.0,1.0,0.0,0.0,True
98,Fresh Meadows,23,8,0,16.295833333333334,23.666666666666668,0.0,2026-03,unreliable_trip_rate,0.0,1.0,0.0,0.0,True
101,Glen Oaks,1,4,0,15.820833333333335,19.783333333333335,0.0,2026-03,unreliable_trip_rate,0.0,1.0,0.0,0.0,True
101,Glen Oaks,18,5,0,22.236666666666668,33.275,0.0,2026-03,unreliable_trip_rate,0.0,1.0,0.0,0.0,True
101,Glen Oaks,21,5,0,24.130000000000003,26.016666666666666,0.0,2026-03,unreliable_trip_rate,0.0,1.0,0.0,0.0,True
101,Glen Oaks,22,4,0,15.029166666666667,25.416666666666668,0.0,2026-03,unreliable_trip_rate,0.0,1.0,0.0,0.0,True
102,Glendale,2,2,0,13.841666666666667,18.066666666666666,0.0,2026-03,unreliable_trip_rate,0.0,1.0,0.0,0.0,True
102,Glendale,22,18,0,17.427777777777777,25.416666666666668,0.0,2026-03,unreliable_trip_rate,0.0,1.0,0.0,0.0,True
108,Gravesend,1,4,0,8.754166666666666,18.65,0.0,2026-03,unreliable_trip_rate,0.0,1.0,0.0,0.0,True
109,Great Kills,8,6,0,2.058333333333333,18.7,0.0,2026-03,unreliable_trip_rate,0.0,1.0,0.0,0.0,True
109,Great Kills,10,1,0,1.5,14.083333333333332,0.0,2026-03,unreliable_trip_rate,0.0,1.0,0.0,0.0,True
109,Great Kills,21,1,0,1.2,12.916666666666666,0.0,2026-03,unreliable_trip_rate,1.0,0.0,0.0,0.0,True
111,Green-Wood Cemetery,14,1,0,21.15,29.0,0.0,2026-03,unreliable_trip_rate,0.0,1.0,0.0,0.0,True
111,Green-Wood Cemetery,20,1,0,14.4,21.45,0.0,2026-03,unreliable_trip_rate,0.0,1.0,0.0,0.0,True
115,Grymes Hill/Clifton,7,4,0,18.833333333333336,26.333333333333332,0.0,2026-03,unreliable_trip_rate,0.0,1.0,0.0,0.0,True
118,Heartland Village/Todt Hill,10,1,0,14.5,14.083333333333332,0.0,2026-03,unreliable_trip_rate,0.0,1.0,0.0,0.0,True
120,Highbridge Park,0,3,0,7.344444444444444,11.833333333333334,0.0,2026-03,unreliable_trip_rate,0.0,1.0,0.0,0.0,True
120,Highbridge Park,3,1,0,2.45,10.833333333333334,0.0,2026-03,unreliable_trip_rate,0.0,1.0,0.0,0.0,True
120,Highbridge Park,20,1,0,8.0,11.783333333333333,0.0,2026-03,unreliable_trip_rate,0.0,1.0,0.0,0.0,True
121,Hillcrest/Pomonok,1,2,0,13.333333333333332,19.783333333333335,0.0,2026-03,unreliable_trip_rate,0.0,1.0,0.0,0.0,True
122,Hollis,2,1,0,11.016666666666667,18.066666666666666,0.0,2026-03,unreliable_trip_rate,0.0,1.0,0.0,0.0,True
122,Hollis,23,6,0,16.11388888888889,23.666666666666668,0.0,2026-03,unreliable_trip_rate,0.0,1.0,0.0,0.0,True
124,Howard Beach,16,21,0,22.753968253968253,46.4,0.0,2026-03,unreliable_trip_rate,0.0,1.0,0.0,0.0,True
124,Howard Beach,17,26,0,23.317307692307693,40.916666666666664,0.0,2026-03,unreliable_trip_rate,0.0,1.0,0.0,0.0,True
126,Hunts Point,1,5,0,12.603333333333333,14.416666666666666,0.0,2026-03,unreliable_trip_rate,0.0,1.0,0.0,0.0,True
126,Hunts Point,2,2,0,13.683333333333334,15.775,0.0,2026-03,unreliable_trip_rate,0.0,1.0,0.0,0.0,True
126,Hunts Point,3,4,0,12.758333333333333,15.950000000000001,0.0,2026-03,unreliable_trip_rate,0.0,1.0,0.0,0.0,True
131,Jamaica Estates,22,10,0,14.611666666666668,25.416666666666668,0.0,2026-03,unreliable_trip_rate,0.0,1.0,0.0,0.0,True
133,Kensington,1,8,0,11.716666666666667,18.65,0.0,2026-03,unreliable_trip_rate,0.0,1.0,0.0,0.0,True
133,Kensington,3,6,0,14.744444444444445,17.083333333333332,0.0,2026-03,unreliable_trip_rate,0.0,1.0,0.0,0.0,True
134,Kew Gardens,2,8,0,12.883333333333333,18.066666666666666,0.0,2026-03,unreliable_trip_rate,0.0,1.0,0.0,0.0,True
135,Kew Gardens Hills,1,2,0,19.53333333333333,19.783333333333335,0.0,2026-03,unreliable_trip_rate,0.0,1.0,0.0,0.0,True
135,Kew Gardens Hills,2,1,0,13.95,18.066666666666666,0.0,2026-03,unreliable_trip_rate,0.0,1.0,0.0,0.0,True
136,Kingsbridge Heights,1,5,0,8.793333333333333,14.416666666666666,0.0,2026-03,unreliable_trip_rate,0.0,1.0,0.0,0.0,True
136,Kingsbridge Heights,2,3,0,13.244444444444445,15.775,0.0,2026-03,unreliable_trip_rate,0.0,1.0,0.0,0.0,True
139,Laurelton,0,5,0,16.236666666666668,21.883333333333333,0.0,2026-03,unreliable_trip_rate,0.0,1.0,0.0,0.0,True
139,Laurelton,2,2,0,8.85,18.066666666666666,0.0,2026-03,unreliable_trip_rate,0.0,1.0,0.0,0.0,True
149,Madison,0,2,0,8.658333333333333,19.208333333333332,0.0,2026-03,unreliable_trip_rate,0.0,1.0,0.0,0.0,True
149,Madison,1,2,0,8.716666666666667,18.65,0.0,2026-03,unreliable_trip_rate,0.0,1.0,0.0,0.0,True
149,Madison,4,1,0,3.283333333333333,18.0,0.0,2026-03,unreliable_trip_rate,0.0,1.0,0.0,0.0,True
150,Manhattan Beach,0,9,0,12.803703703703704,19.208333333333332,0.0,2026-03,unreliable_trip_rate,0.0,1.0,0.0,0.0,True
150,Manhattan Beach,1,3,0,7.227777777777778,18.65,0.0,2026-03,unreliable_trip_rate,0.0,1.0,0.0,0.0,True
150,Manhattan Beach,2,2,0,10.816666666666666,17.55,0.0,2026-03,unreliable_trip_rate,0.0,1.0,0.0,0.0,True
150,Manhattan Beach,20,4,0,16.65,21.45,0.0,2026-03,unreliable_trip_rate,0.0,1.0,0.0,0.0,True
150,Manhattan Beach,21,4,0,13.933333333333334,20.95,0.0,2026-03,unreliable_trip_rate,0.0,1.0,0.0,0.0,True
154,Marine Park/Floyd Bennett Field,6,1,0,20.25,28.8,0.0,2026-03,unreliable_trip_rate,0.0,1.0,0.0,0.0,True
154,Marine Park/Floyd Bennett Field,7,2,0,13.941666666666666,28.233333333333334,0.0,2026-03,unreliable_trip_rate,0.0,1.0,0.0,0.0,True
154,Marine Park/Floyd Bennett Field,9,3,0,17.26111111111111,27.983333333333334,0.0,2026-03,unreliable_trip_rate,0.0,1.0,0.0,0.0,True
154,Marine Park/Floyd Bennett Field,10,2,0,33.15,28.966666666666665,0.0,2026-03,unreliable_trip_rate,0.0,1.0,0.0,0.0,True
154,Marine Park/Floyd Bennett Field,12,2,0,27.108333333333334,29.45,0.0,2026-03,unreliable_trip_rate,0.0,1.0,0.0,0.0,True
154,Marine Park/Floyd Bennett Field,19,3,0,13.733333333333334,21.483333333333334,0.0,2026-03,unreliable_trip_rate,0.0,1.0,0.0,0.0,True
154,Marine Park/Floyd Bennett Field,20,3,0,12.277777777777779,21.45,0.0,2026-03,unreliable_trip_rate,0.0,1.0,0.0,0.0,True
154,Marine Park/Floyd Bennett Field,21,1,0,21.2,20.95,0.0,2026-03,unreliable_trip_rate,0.0,1.0,0.0,0.0,True
154,Marine Park/Floyd Bennett Field,23,3,0,18.038888888888888,19.45,0.0,2026-03,unreliable_trip_rate,0.0,1.0,0.0,0.0,True
155,Marine Park/Mill Basin,1,8,0,12.214583333333334,18.65,0.0,2026-03,unreliable_trip_rate,0.0,1.0,0.0,0.0,True
156,Mariners Harbor,12,1,0,17.133333333333333,14.466666666666667,0.0,2026-03,unreliable_trip_rate,1.0,0.0,0.0,0.0,True
156,Mariners Harbor,14,2,0,11.108333333333334,14.716666666666667,0.0,2026-03,unreliable_trip_rate,1.0,0.0,0.0,0.0,True
156,Mariners Harbor,16,1,0,14.4,14.533333333333333,0.0,2026-03,unreliable_trip_rate,1.0,0.0,0.0,0.0,True
160,Middle Village,23,20,0,14.364166666666668,23.666666666666668,0.0,2026-03,unreliable_trip_rate,0.0,1.0,0.0,0.0,True
165,Midwood,1,1,0,4.683333333333334,18.65,0.0,2026-03,unreliable_trip_rate,0.0,1.0,0.0,0.0,True
167,Morrisania/Melrose,2,2,0,12.558333333333334,15.775,0.0,2026-03,unreliable_trip_rate,0.0,1.0,0.0,0.0,True
171,Murray Hill-Queens,0,13,0,15.306410256410256,21.883333333333333,0.0,2026-03,unreliable_trip_rate,0.0,1.0,0.0,0.0,True
171,Murray Hill-Queens,1,3,0,10.972222222222221,19.783333333333335,0.0,2026-03,unreliable_trip_rate,0.0,1.0,0.0,0.0,True
171,Murray Hill-Queens,2,3,0,15.861111111111109,18.066666666666666,0.0,2026-03,unreliable_trip_rate,0.0,1.0,0.0,0.0,True
171,Murray Hill-Queens,5,5,0,16.493333333333332,21.016666666666666,0.0,2026-03,unreliable_trip_rate,0.0,1.0,0.0,0.0,True
171,Murray Hill-Queens,22,10,0,12.476666666666667,25.416666666666668,0.0,2026-03,unreliable_trip_rate,0.0,1.0,0.0,0.0,True
171,Murray Hill-Queens,23,14,0,11.869047619047619,23.666666666666668,0.0,2026-03,unreliable_trip_rate,0.0,1.0,0.0,0.0,True
172,New Dorp/Midland Beach,0,1,0,15.033333333333333,13.0,0.0,2026-03,unreliable_trip_rate,1.0,0.0,0.0,0.0,True
172,New Dorp/Midland Beach,12,2,0,6.541666666666666,14.466666666666667,0.0,2026-03,unreliable_trip_rate,1.0,0.0,0.0,0.0,True
172,New Dorp/Midland Beach,20,3,0,1.2833333333333334,12.733333333333333,0.0,2026-03,unreliable_trip_rate,1.0,0.0,0.0,0.0,True
172,New Dorp/Midland Beach,21,2,0,3.0333333333333337,12.916666666666666,0.0,2026-03,unreliable_trip_rate,1.0,0.0,0.0,0.0,True
175,Oakland Gardens,0,1,0,21.866666666666667,21.883333333333333,0.0,2026-03,unreliable_trip_rate,0.0,1.0,0.0,0.0,True
175,Oakland Gardens,2,2,0,10.675,18.066666666666666,0.0,2026-03,unreliable_trip_rate,0.0,1.0,0.0,0.0,True
175,Oakland Gardens,13,9,0,19.907407407407405,36.766666666666666,0.0,2026-03,unreliable_trip_rate,0.0,1.0,0.0,0.0,True
175,Oakland Gardens,19,4,0,21.291666666666664,28.791666666666668,0.0,2026-03,unreliable_trip_rate,0.0,1.0,0.0,0.0,True
175,Oakland Gardens,23,5,0,14.296666666666667,23.666666666666668,0.0,2026-03,unreliable_trip_rate,0.0,1.0,0.0,0.0,True
176,Oakwood,2,1,0,1.5333333333333334,11.916666666666666,0.0,2026-03,unreliable_trip_rate,1.0,0.0,0.0,0.0,True
176,Oakwood,5,1,0,2.9,13.716666666666667,0.0,2026-03,unreliable_trip_rate,1.0,0.0,0.0,0.0,True
176,Oakwood,8,2,0,12.958333333333332,18.7,0.0,2026-03,unreliable_trip_rate,0.0,1.0,0.0,0.0,True
176,Oakwood,9,2,0,15.125,13.683333333333334,0.0,2026-03,unreliable_trip_rate,1.0,0.0,0.0,0.0,True
176,Oakwood,10,1,0,12.3,14.083333333333332,0.0,2026-03,unreliable_trip_rate,0.0,1.0,0.0,0.0,True
176,Oakwood,19,1,0,14.366666666666667,12.733333333333333,0.0,2026-03,unreliable_trip_rate,1.0,0.0,0.0,0.0,True
176,Oakwood,21,1,0,1.9,12.916666666666666,0.0,2026-03,unreliable_trip_rate,1.0,0.0,0.0,0.0,True
178,Ocean Parkway South,0,6,0,6.963888888888889,19.208333333333332,0.0,2026-03,unreliable_trip_rate,0.0,1.0,0.0,0.0,True
178,Ocean Parkway South,2,2,0,7.491666666666666,17.55,0.0,2026-03,unreliable_trip_rate,0.0,1.0,0.0,0.0,True
183,Pelham Bay,2,2,0,15.341666666666667,15.775,0.0,2026-03,unreliable_trip_rate,0.0,1.0,0.0,0.0,True
183,Pelham Bay,3,3,0,13.966666666666667,15.950000000000001,0.0,2026-03,unreliable_trip_rate,0.0,1.0,0.0,0.0,True
184,Pelham Bay Park,0,1,0,6.466666666666667,15.466666666666667,0.0,2026-03,unreliable_trip_rate,0.0,1.0,0.0,0.0,True
184,Pelham Bay Park,2,2,0,18.358333333333334,15.775,0.0,2026-03,unreliable_trip_rate,0.0,1.0,0.0,0.0,True
184,Pelham Bay Park,5,1,0,36.75,34.34166666666667,0.0,2026-03,unreliable_trip_rate,0.0,1.0,0.0,0.0,True
184,Pelham Bay Park,13,1,0,23.116666666666667,34.391666666666666,0.0,2026-03,unreliable_trip_rate,0.0,1.0,0.0,0.0,True
184,Pelham Bay Park,15,1,0,12.45,36.13333333333333,0.0,2026-03,unreliable_trip_rate,0.0,1.0,0.0,0.0,True
184,Pelham Bay Park,19,1,0,14.733333333333333,19.533333333333335,0.0,2026-03,unreliable_trip_rate,0.0,1.0,0.0,0.0,True
185,Pelham Parkway,1,2,0,8.066666666666666,14.416666666666666,0.0,2026-03,unreliable_trip_rate,0.0,1.0,0.0,0.0,True
185,Pelham Parkway,3,5,0,11.72,15.950000000000001,0.0,2026-03,unreliable_trip_rate,0.0,1.0,0.0,0.0,True
187,Port Richmond,8,1,0,14.083333333333334,18.7,0.0,2026-03,unreliable_trip_rate,0.0,1.0,0.0,0.0,True
187,Port Richmond,9,1,0,11.2,13.683333333333334,0.0,2026-03,unreliable_trip_rate,1.0,0.0,0.0,0.0,True
190,Prospect Park,3,3,0,15.02222222222222,17.083333333333332,0.0,2026-03,unreliable_trip_rate,0.0,1.0,0.0,0.0,True
191,Queens Village,1,8,0,9.8625,19.783333333333335,0.0,2026-03,unreliable_trip_rate,0.0,1.0,0.0,0.0,True
192,Queensboro Hill,0,3,0,13.566666666666665,21.883333333333333,0.0,2026-03,unreliable_trip_rate,0.0,1.0,0.0,0.0,True
192,Queensboro Hill,1,1,0,6.25,19.783333333333335,0.0,2026-03,unreliable_trip_rate,0.0,1.0,0.0,0.0,True
192,Queensboro Hill,2,1,0,16.416666666666668,18.066666666666666,0.0,2026-03,unreliable_trip_rate,0.0,1.0,0.0,0.0,True
192,Queensboro Hill,3,2,0,11.9,16.633333333333333,0.0,2026-03,unreliable_trip_rate,0.0,1.0,0.0,0.0,True
192,Queensboro Hill,18,6,0,21.572222222222223,33.275,0.0,2026-03,unreliable_trip_rate,0.0,1.0,0.0,0.0,True
192,Queensboro Hill,21,8,0,14.477083333333333,26.016666666666666,0.0,2026-03,unreliable_trip_rate,0.0,1.0,0.0,0.0,True
194,Randalls Island,1,2,0,10.5,11.616666666666667,0.0,2026-03,unreliable_trip_rate,0.0,1.0,0.0,0.0,True
194,Randalls Island,4,1,0,12.866666666666667,11.433333333333334,0.0,2026-03,unreliable_trip_rate,0.0,1.0,0.0,0.0,True
196,Rego Park,1,6,0,13.65,19.783333333333335,0.0,2026-03,unreliable_trip_rate,0.0,1.0,0.0,0.0,True
199,Rikers Island,19,1,0,13.35,19.533333333333335,0.0,2026-03,unreliable_trip_rate,0.0,1.0,0.0,0.0,True
200,Riverdale/North Riverdale/Fieldston,21,8,0,17.658333333333335,19.0,0.0,2026-03,unreliable_trip_rate,0.0,1.0,0.0,0.0,True
201,Rockaway Park,1,2,0,13.375,19.783333333333335,0.0,2026-03,unreliable_trip_rate,0.0,1.0,0.0,0.0,True
204,Rossville/Woodrow,4,1,0,6.033333333333333,12.9,0.0,2026-03,unreliable_trip_rate,1.0,0.0,0.0,0.0,True
206,Saint George/New Brighton,8,1,0,20.816666666666666,18.7,0.0,2026-03,unreliable_trip_rate,0.0,1.0,0.0,0.0,True
206,Saint George/New Brighton,14,1,0,7.016666666666667,14.716666666666667,0.0,2026-03,unreliable_trip_rate,1.0,0.0,0.0,0.0,True
206,Saint George/New Brighton,20,1,0,9.916666666666666,12.733333333333333,0.0,2026-03,unreliable_trip_rate,1.0,0.0,0.0,0.0,True
207,Saint Michaels Cemetery/Woodside,1,3,0,19.305555555555554,19.783333333333335,0.0,2026-03,unreliable_trip_rate,0.0,1.0,0.0,0.0,True
207,Saint Michaels Cemetery/Woodside,2,1,0,15.816666666666666,18.066666666666666,0.0,2026-03,unreliable_trip_rate,0.0,1.0,0.0,0.0,True
207,Saint Michaels Cemetery/Woodside,4,2,0,13.358333333333334,16.616666666666667,0.0,2026-03,unreliable_trip_rate,0.0,1.0,0.0,0.0,True
207,Saint Michaels Cemetery/Woodside,5,1,0,2.933333333333333,21.016666666666666,0.0,2026-03,unreliable_trip_rate,0.0,1.0,0.0,0.0,True
207,Saint Michaels Cemetery/Woodside,7,3,0,13.994444444444445,33.9,0.0,2026-03,unreliable_trip_rate,0.0,1.0,0.0,0.0,True
207,Saint Michaels Cemetery/Woodside,8,3,0,15.861111111111112,36.5,0.0,2026-03,unreliable_trip_rate,0.0,1.0,0.0,0.0,True
207,Saint Michaels Cemetery/Woodside,12,8,0,4.189583333333333,33.71666666666667,0.0,2026-03,unreliable_trip_rate,0.0,1.0,0.0,0.0,True
207,Saint Michaels Cemetery/Woodside,13,21,0,6.247619047619047,36.766666666666666,0.0,2026-03,unreliable_trip_rate,0.0,1.0,0.0,0.0,True
207,Saint Michaels Cemetery/Woodside,14,11,0,13.646969696969698,43.13333333333333,0.0,2026-03,unreliable_trip_rate,0.0,1.0,0.0,0.0,True
207,Saint Michaels Cemetery/Woodside,17,3,0,28.377777777777776,40.916666666666664,0.0,2026-03,unreliable_trip_rate,0.0,1.0,0.0,0.0,True
207,Saint Michaels Cemetery/Woodside,20,5,0,11.706666666666667,27.266666666666666,0.0,2026-03,unreliable_trip_rate,0.0,1.0,0.0,0.0,True
207,Saint Michaels Cemetery/Woodside,21,4,0,14.783333333333333,26.016666666666666,0.0,2026-03,unreliable_trip_rate,0.0,1.0,0.0,0.0,True
207,Saint Michaels Cemetery/Woodside,22,6,0,12.330555555555556,25.416666666666668,0.0,2026-03,unreliable_trip_rate,0.0,1.0,0.0,0.0,True
207,Saint Michaels Cemetery/Woodside,23,1,0,19.05,23.666666666666668,0.0,2026-03,unreliable_trip_rate,0.0,1.0,0.0,0.0,True
208,Schuylerville/Edgewater Park,3,8,0,14.216666666666667,15.950000000000001,0.0,2026-03,unreliable_trip_rate,0.0,1.0,0.0,0.0,True
210,Sheepshead Bay,2,2,0,4.5,17.55,0.0,2026-03,unreliable_trip_rate,0.0,1.0,0.0,0.0,True
212,Soundview/Bruckner,1,1,0,14.433333333333334,14.416666666666666,0.0,2026-03,unreliable_trip_rate,0.0,1.0,0.0,0.0,True
214,South Beach/Dongan Hills,7,2,0,15.458333333333332,26.333333333333332,0.0,2026-03,unreliable_trip_rate,0.0,1.0,0.0,0.0,True
214,South Beach/Dongan Hills,21,4,0,1.3958333333333335,12.916666666666666,0.0,2026-03,unreliable_trip_rate,1.0,0.0,0.0,0.0,True
220,Spuyten Duyvil/Kingsbridge,1,4,0,11.55,14.416666666666666,0.0,2026-03,unreliable_trip_rate,0.0,1.0,0.0,0.0,True
220,Spuyten Duyvil/Kingsbridge,2,4,0,11.041666666666668,15.775,0.0,2026-03,unreliable_trip_rate,0.0,1.0,0.0,0.0,True
221,Stapleton,0,1,0,2.65,13.0,0.0,2026-03,unreliable_trip_rate,1.0,0.0,0.0,0.0,True
221,Stapleton,5,1,0,3.2666666666666666,13.716666666666667,0.0,2026-03,unreliable_trip_rate,1.0,0.0,0.0,0.0,True
221,Stapleton,11,2,0,11.366666666666667,14.416666666666666,0.0,2026-03,unreliable_trip_rate,1.0,0.0,0.0,0.0,True
221,Stapleton,16,2,0,14.975,14.533333333333333,0.0,2026-03,unreliable_trip_rate,1.0,0.0,0.0,0.0,True
221,Stapleton,19,1,0,12.366666666666667,12.733333333333333,0.0,2026-03,unreliable_trip_rate,1.0,0.0,0.0,0.0,True
221,Stapleton,20,1,0,1.5833333333333333,12.733333333333333,0.0,2026-03,unreliable_trip_rate,1.0,0.0,0.0,0.0,True
227,Sunset Park East,2,1,0,9.066666666666666,17.55,0.0,2026-03,unreliable_trip_rate,0.0,1.0,0.0,0.0,True
235,University Heights/Morris Heights,1,4,0,11.070833333333333,14.416666666666666,0.0,2026-03,unreliable_trip_rate,0.0,1.0,0.0,0.0,True
235,University Heights/Morris Heights,2,2,0,15.625,15.775,0.0,2026-03,unreliable_trip_rate,0.0,1.0,0.0,0.0,True
240,Van Cortlandt Park,0,1,0,17.666666666666668,15.466666666666667,0.0,2026-03,unreliable_trip_rate,0.0,1.0,0.0,0.0,True
240,Van Cortlandt Park,1,2,0,13.925,14.416666666666666,0.0,2026-03,unreliable_trip_rate,0.0,1.0,0.0,0.0,True
240,Van Cortlandt Park,2,4,0,10.795833333333334,15.775,0.0,2026-03,unreliable_trip_rate,0.0,1.0,0.0,0.0,True
240,Van Cortlandt Park,22,4,0,11.708333333333332,18.116666666666667,0.0,2026-03,unreliable_trip_rate,0.0,1.0,0.0,0.0,True
241,Van Cortlandt Village,1,4,0,9.149999999999999,14.416666666666666,0.0,2026-03,unreliable_trip_rate,0.0,1.0,0.0,0.0,True
242,Van Nest/Morris Park,3,4,0,13.345833333333333,15.950000000000001,0.0,2026-03,unreliable_trip_rate,0.0,1.0,0.0,0.0,True
245,West Brighton,11,1,0,16.75,14.416666666666666,0.0,2026-03,unreliable_trip_rate,1.0,0.0,0.0,0.0,True
245,West Brighton,13,1,0,17.433333333333334,14.433333333333334,0.0,2026-03,unreliable_trip_rate,1.0,0.0,0.0,0.0,True
248,West Farms/Bronx River,1,4,0,15.270833333333332,14.416666666666666,0.0,2026-03,unreliable_trip_rate,0.0,1.0,0.0,0.0,True
248,West Farms/Bronx River,2,3,0,10.511111111111111,15.775,0.0,2026-03,unreliable_trip_rate,0.0,1.0,0.0,0.0,True
250,Westchester Village/Unionport,3,9,0,12.64074074074074,15.950000000000001,0.0,2026-03,unreliable_trip_rate,0.0,1.0,0.0,0.0,True
251,Westerleigh,7,1,0,26.333333333333332,26.333333333333332,0.0,2026-03,unreliable_trip_rate,0.0,1.0,0.0,0.0,True
251,Westerleigh,21,1,0,13.433333333333334,12.916666666666666,0.0,2026-03,unreliable_trip_rate,1.0,0.0,0.0,0.0,True
252,Whitestone,3,3,0,15.716666666666667,16.633333333333333,0.0,2026-03,unreliable_trip_rate,0.0,1.0,0.0,0.0,True
252,Whitestone,16,9,0,21.175925925925927,46.4,0.0,2026-03,unreliable_trip_rate,0.0,1.0,0.0,0.0,True
252,Whitestone,23,12,0,17.543055555555554,23.666666666666668,0.0,2026-03,unreliable_trip_rate,0.0,1.0,0.0,0.0,True
253,Willets Point,0,1,0,14.733333333333333,21.883333333333333,0.0,2026-03,unreliable_trip_rate,0.0,1.0,0.0,0.0,True
253,Willets Point,1,1,0,19.15,19.783333333333335,0.0,2026-03,unreliable_trip_rate,0.0,1.0,0.0,0.0,True
253,Willets Point,2,1,0,1.7,18.066666666666666,0.0,2026-03,unreliable_trip_rate,0.0,1.0,0.0,0.0,True
253,Willets Point,8,1,0,40.46666666666667,36.5,0.0,2026-03,unreliable_trip_rate,0.0,1.0,0.0,0.0,True
253,Willets Point,12,2,0,35.41666666666667,33.71666666666667,0.0,2026-03,unreliable_trip_rate,0.0,1.0,0.0,0.0,True
253,Willets Point,16,1,0,16.783333333333335,46.4,0.0,2026-03,unreliable_trip_rate,0.0,1.0,0.0,0.0,True
253,Willets Point,19,1,0,4.05,28.791666666666668,0.0,2026-03,unreliable_trip_rate,0.0,1.0,0.0,0.0,True
253,Willets Point,20,1,0,27.2,27.266666666666666,0.0,2026-03,unreliable_trip_rate,0.0,1.0,0.0,0.0,True
253,Willets Point,21,1,0,12.766666666666667,26.016666666666666,0.0,2026-03,unreliable_trip_rate,0.0,1.0,0.0,0.0,True
253,Willets Point,22,1,0,23.25,25.416666666666668,0.0,2026-03,unreliable_trip_rate,0.0,1.0,0.0,0.0,True
257,Windsor Terrace,1,2,0,10.708333333333332,18.65,0.0,2026-03,unreliable_trip_rate,0.0,1.0,0.0,0.0,True
257,Windsor Terrace,2,1,0,19.0,17.55,0.0,2026-03,unreliable_trip_rate,0.0,1.0,0.0,0.0,True
258,Woodhaven,22,14,0,15.189285714285715,25.416666666666668,0.0,2026-03,unreliable_trip_rate,0.0,1.0,0.0,0.0,True
259,Woodlawn/Wakefield,22,5,0,13.309999999999999,18.116666666666667,0.0,2026-03,unreliable_trip_rate,0.0,1.0,0.0,0.0,True
