2026-09-19 06:46:29,067 | INFO | ingest | [ingest] start for 2026-01
2026-09-19 06:46:29,068 | INFO | ingest | Skipping download, raw file already present: yellow_tripdata_2026-01.parquet (64.2 MB)
2026-09-19 06:46:30,186 | INFO | ingest | [completeness] yellow_tripdata_2026-01.parquet: 3,724,889 rows
2026-09-19 06:46:30,212 | INFO | ingest | [completeness] yellow_tripdata_2026-01.parquet: pickup range 2025-12-31 23:57:29 .. 2026-02-01 00:45:01 (expected within 2026-01-01 .. 2026-01-31)
2026-09-19 06:46:30,218 | INFO | ingest | Skipping download, raw file already present: taxi_zone_lookup.csv (0.0 MB)
2026-09-19 06:46:30,221 | INFO | ingest | [completeness] taxi_zone_lookup.csv: 265 rows
2026-09-19 06:46:50,733 | INFO | ingest | [ingest] start for 2026-01
2026-09-19 06:46:50,733 | INFO | ingest | Skipping download, raw file already present: yellow_tripdata_2026-01.parquet (64.2 MB)
2026-09-19 06:46:50,931 | INFO | ingest | [completeness] yellow_tripdata_2026-01.parquet: 3,724,889 rows
2026-09-19 06:46:50,955 | INFO | ingest | [completeness] yellow_tripdata_2026-01.parquet: pickup range 2025-12-31 23:57:29 .. 2026-02-01 00:45:01 (expected within 2026-01-01 .. 2026-01-31)
2026-09-19 06:46:50,960 | INFO | ingest | Skipping download, raw file already present: taxi_zone_lookup.csv (0.0 MB)
2026-09-19 06:46:50,963 | INFO | ingest | [completeness] taxi_zone_lookup.csv: 265 rows
2026-09-19 06:46:50,966 | INFO | ingest | Requesting Open-Meteo archive for 2026-01 (2026-01-01 .. 2026-01-31)
2026-09-19 06:46:51,623 | INFO | ingest | Saved 744 hourly weather rows -> weather_2026-01.csv
2026-09-19 06:46:51,626 | INFO | ingest | [completeness] weather_2026-01.csv: 744 hourly rows (expected ~744)
2026-09-19 06:46:51,628 | INFO | ingest | [ingest] done for 2026-01: trips=yellow_tripdata_2026-01.parquet, zones=taxi_zone_lookup.csv, weather=weather_2026-01.csv
2026-09-19 06:46:52,025 | INFO | ingest | [ingest] start for 2026-01
2026-09-19 06:46:52,025 | INFO | ingest | Skipping download, raw file already present: yellow_tripdata_2026-01.parquet (64.2 MB)
2026-09-19 06:46:52,116 | INFO | ingest | [completeness] yellow_tripdata_2026-01.parquet: 3,724,889 rows
2026-09-19 06:46:52,140 | INFO | ingest | [completeness] yellow_tripdata_2026-01.parquet: pickup range 2025-12-31 23:57:29 .. 2026-02-01 00:45:01 (expected within 2026-01-01 .. 2026-01-31)
2026-09-19 06:46:52,145 | INFO | ingest | Skipping download, raw file already present: taxi_zone_lookup.csv (0.0 MB)
2026-09-19 06:46:52,147 | INFO | ingest | [completeness] taxi_zone_lookup.csv: 265 rows
2026-09-19 06:46:52,148 | INFO | ingest | Skipping download, raw file already present: weather_2026-01.csv (0.0 MB)
2026-09-19 06:46:52,149 | INFO | ingest | [completeness] weather_2026-01.csv: 744 hourly rows (expected ~744)
2026-09-19 06:46:52,149 | INFO | ingest | [ingest] done for 2026-01: trips=yellow_tripdata_2026-01.parquet, zones=taxi_zone_lookup.csv, weather=weather_2026-01.csv
2026-09-19 06:46:57,522 | INFO | ingest | [ingest] start for 2026-02
2026-09-19 06:46:57,522 | INFO | ingest | Skipping download, raw file already present: yellow_tripdata_2026-02.parquet (58.7 MB)
2026-09-19 06:46:57,636 | INFO | ingest | [completeness] yellow_tripdata_2026-02.parquet: 3,399,866 rows
2026-09-19 06:46:57,652 | INFO | ingest | [completeness] yellow_tripdata_2026-02.parquet: pickup range 2026-01-31 23:31:23 .. 2026-03-01 00:51:48 (expected within 2026-02-01 .. 2026-02-28)
2026-09-19 06:46:57,656 | INFO | ingest | Skipping download, raw file already present: taxi_zone_lookup.csv (0.0 MB)
2026-09-19 06:46:57,657 | INFO | ingest | [completeness] taxi_zone_lookup.csv: 265 rows
2026-09-19 06:46:57,658 | INFO | ingest | Requesting Open-Meteo archive for 2026-02 (2026-02-01 .. 2026-02-28)
2026-09-19 06:46:58,270 | INFO | ingest | Saved 672 hourly weather rows -> weather_2026-02.csv
2026-09-19 06:46:58,274 | INFO | ingest | [completeness] weather_2026-02.csv: 672 hourly rows (expected ~672)
2026-09-19 06:46:58,277 | INFO | ingest | [ingest] done for 2026-02: trips=yellow_tripdata_2026-02.parquet, zones=taxi_zone_lookup.csv, weather=weather_2026-02.csv
2026-09-19 06:46:58,277 | INFO | ingest | [ingest] start for 2026-03
2026-09-19 06:46:58,278 | INFO | ingest | Skipping download, raw file already present: yellow_tripdata_2026-03.parquet (67.9 MB)
2026-09-19 06:46:58,368 | INFO | ingest | [completeness] yellow_tripdata_2026-03.parquet: 3,952,451 rows
2026-09-19 06:46:58,386 | INFO | ingest | [completeness] yellow_tripdata_2026-03.parquet: pickup range 2008-12-31 23:03:20 .. 2026-04-01 00:06:25 (expected within 2026-03-01 .. 2026-03-31)
2026-09-19 06:46:58,392 | INFO | ingest | Skipping download, raw file already present: taxi_zone_lookup.csv (0.0 MB)
2026-09-19 06:46:58,393 | INFO | ingest | [completeness] taxi_zone_lookup.csv: 265 rows
2026-09-19 06:46:58,394 | INFO | ingest | Requesting Open-Meteo archive for 2026-03 (2026-03-01 .. 2026-03-31)
2026-09-19 06:46:59,012 | INFO | ingest | Saved 744 hourly weather rows -> weather_2026-03.csv
2026-09-19 06:46:59,015 | INFO | ingest | [completeness] weather_2026-03.csv: 744 hourly rows (expected ~744)
2026-09-19 06:46:59,018 | INFO | ingest | [ingest] done for 2026-03: trips=yellow_tripdata_2026-03.parquet, zones=taxi_zone_lookup.csv, weather=weather_2026-03.csv
2026-09-19 06:49:30,436 | INFO | ingest | [ingest] start for 2026-01
2026-09-19 06:49:30,436 | INFO | ingest | Skipping download, raw file already present: yellow_tripdata_2026-01.parquet (64.2 MB)
2026-09-19 06:49:30,707 | INFO | ingest | [completeness] yellow_tripdata_2026-01.parquet: 3,724,889 rows
2026-09-19 06:49:30,727 | INFO | ingest | [completeness] yellow_tripdata_2026-01.parquet: pickup range 2025-12-31 23:57:29 .. 2026-02-01 00:45:01 (expected within 2026-01-01 .. 2026-01-31)
2026-09-19 06:49:30,732 | INFO | ingest | Skipping download, raw file already present: taxi_zone_lookup.csv (0.0 MB)
2026-09-19 06:49:30,737 | INFO | ingest | [completeness] taxi_zone_lookup.csv: 265 rows
2026-09-19 06:49:30,738 | INFO | ingest | Skipping download, raw file already present: weather_2026-01.csv (0.0 MB)
2026-09-19 06:49:30,739 | INFO | ingest | [completeness] weather_2026-01.csv: 744 hourly rows (expected ~744)
2026-09-19 06:49:30,739 | INFO | ingest | [ingest] done for 2026-01: trips=yellow_tripdata_2026-01.parquet, zones=taxi_zone_lookup.csv, weather=weather_2026-01.csv
2026-09-19 06:50:27,372 | INFO | ingest | [ingest] start for 2026-01
2026-09-19 06:50:27,372 | INFO | ingest | Skipping download, raw file already present: yellow_tripdata_2026-01.parquet (64.2 MB)
2026-09-19 06:50:27,546 | INFO | ingest | [completeness] yellow_tripdata_2026-01.parquet: 3,724,889 rows
2026-09-19 06:50:27,562 | INFO | ingest | [completeness] yellow_tripdata_2026-01.parquet: pickup range 2025-12-31 23:57:29 .. 2026-02-01 00:45:01 (expected within 2026-01-01 .. 2026-01-31)
2026-09-19 06:50:27,567 | INFO | ingest | Skipping download, raw file already present: taxi_zone_lookup.csv (0.0 MB)
2026-09-19 06:50:27,571 | INFO | ingest | [completeness] taxi_zone_lookup.csv: 265 rows
2026-09-19 06:50:27,571 | INFO | ingest | Requesting Open-Meteo archive for 2026-01 (2026-01-01 .. 2026-01-31)
2026-09-19 06:50:28,247 | INFO | ingest | Saved 744 hourly weather rows -> weather_2026-01.csv
2026-09-19 06:50:28,250 | INFO | ingest | [completeness] weather_2026-01.csv: 744 hourly rows (expected ~744)
2026-09-19 06:50:28,253 | INFO | ingest | [ingest] done for 2026-01: trips=yellow_tripdata_2026-01.parquet, zones=taxi_zone_lookup.csv, weather=weather_2026-01.csv
2026-09-19 06:50:28,253 | INFO | ingest | [ingest] start for 2026-02
2026-09-19 06:50:28,253 | INFO | ingest | Skipping download, raw file already present: yellow_tripdata_2026-02.parquet (58.7 MB)
2026-09-19 06:50:28,335 | INFO | ingest | [completeness] yellow_tripdata_2026-02.parquet: 3,399,866 rows
2026-09-19 06:50:28,348 | INFO | ingest | [completeness] yellow_tripdata_2026-02.parquet: pickup range 2026-01-31 23:31:23 .. 2026-03-01 00:51:48 (expected within 2026-02-01 .. 2026-02-28)
2026-09-19 06:50:28,354 | INFO | ingest | Skipping download, raw file already present: taxi_zone_lookup.csv (0.0 MB)
2026-09-19 06:50:28,355 | INFO | ingest | [completeness] taxi_zone_lookup.csv: 265 rows
2026-09-19 06:50:28,355 | INFO | ingest | Requesting Open-Meteo archive for 2026-02 (2026-02-01 .. 2026-02-28)
2026-09-19 06:50:28,972 | INFO | ingest | Saved 672 hourly weather rows -> weather_2026-02.csv
2026-09-19 06:50:28,976 | INFO | ingest | [completeness] weather_2026-02.csv: 672 hourly rows (expected ~672)
2026-09-19 06:50:28,980 | INFO | ingest | [ingest] done for 2026-02: trips=yellow_tripdata_2026-02.parquet, zones=taxi_zone_lookup.csv, weather=weather_2026-02.csv
2026-09-19 06:50:28,980 | INFO | ingest | [ingest] start for 2026-03
2026-09-19 06:50:28,981 | INFO | ingest | Skipping download, raw file already present: yellow_tripdata_2026-03.parquet (67.9 MB)
2026-09-19 06:50:29,099 | INFO | ingest | [completeness] yellow_tripdata_2026-03.parquet: 3,952,451 rows
2026-09-19 06:50:29,112 | INFO | ingest | [completeness] yellow_tripdata_2026-03.parquet: pickup range 2008-12-31 23:03:20 .. 2026-04-01 00:06:25 (expected within 2026-03-01 .. 2026-03-31)
2026-09-19 06:50:29,117 | INFO | ingest | Skipping download, raw file already present: taxi_zone_lookup.csv (0.0 MB)
2026-09-19 06:50:29,117 | INFO | ingest | [completeness] taxi_zone_lookup.csv: 265 rows
2026-09-19 06:50:29,117 | INFO | ingest | Requesting Open-Meteo archive for 2026-03 (2026-03-01 .. 2026-03-31)
2026-09-19 06:50:29,730 | INFO | ingest | Saved 744 hourly weather rows -> weather_2026-03.csv
2026-09-19 06:50:29,732 | INFO | ingest | [completeness] weather_2026-03.csv: 744 hourly rows (expected ~744)
2026-09-19 06:50:29,735 | INFO | ingest | [ingest] done for 2026-03: trips=yellow_tripdata_2026-03.parquet, zones=taxi_zone_lookup.csv, weather=weather_2026-03.csv
2026-09-19 06:51:05,707 | INFO | ingest | [ingest] start for 2026-01
2026-09-19 06:51:05,707 | INFO | ingest | Skipping download, raw file already present: yellow_tripdata_2026-01.parquet (64.2 MB)
2026-09-19 06:51:05,960 | INFO | ingest | [completeness] yellow_tripdata_2026-01.parquet: 3,724,889 rows
2026-09-19 06:51:05,984 | INFO | ingest | [completeness] yellow_tripdata_2026-01.parquet: pickup range 2025-12-31 23:57:29 .. 2026-02-01 00:45:01 (expected within 2026-01-01 .. 2026-01-31)
2026-09-19 06:51:05,989 | INFO | ingest | Skipping download, raw file already present: taxi_zone_lookup.csv (0.0 MB)
2026-09-19 06:51:05,994 | INFO | ingest | [completeness] taxi_zone_lookup.csv: 265 rows
2026-09-19 06:51:05,995 | INFO | ingest | Skipping download, raw file already present: weather_2026-01.csv (0.0 MB)
2026-09-19 06:51:05,996 | INFO | ingest | [completeness] weather_2026-01.csv: 744 hourly rows (expected ~744)
2026-09-19 06:51:05,996 | INFO | ingest | [ingest] done for 2026-01: trips=yellow_tripdata_2026-01.parquet, zones=taxi_zone_lookup.csv, weather=weather_2026-01.csv
2026-09-25 12:00:15,347 | INFO | ingest | [ingest] start for 2026-01
2026-09-25 12:00:15,347 | INFO | ingest | Skipping download, raw file already present: yellow_tripdata_2026-01.parquet (64.2 MB)
2026-09-25 12:00:15,724 | INFO | ingest | [completeness] yellow_tripdata_2026-01.parquet: 3,724,889 rows
2026-09-25 12:00:15,754 | INFO | ingest | [completeness] yellow_tripdata_2026-01.parquet: pickup range 2025-12-31 23:57:29 .. 2026-02-01 00:45:01 (expected within 2026-01-01 .. 2026-01-31)
2026-09-25 12:00:15,760 | INFO | ingest | Skipping download, raw file already present: taxi_zone_lookup.csv (0.0 MB)
2026-09-25 12:00:15,770 | INFO | ingest | [completeness] taxi_zone_lookup.csv: 265 rows
2026-09-25 12:00:15,772 | INFO | ingest | Skipping download, raw file already present: weather_2026-01.csv (0.0 MB)
2026-09-25 12:00:15,773 | INFO | ingest | [completeness] weather_2026-01.csv: 744 hourly rows (expected ~744)
2026-09-25 12:00:15,773 | INFO | ingest | [ingest] done for 2026-01: trips=yellow_tripdata_2026-01.parquet, zones=taxi_zone_lookup.csv, weather=weather_2026-01.csv
2026-09-25 12:00:15,773 | INFO | validate | === VALIDATE START: 2026-01 ===
2026-09-25 12:00:16,064 | INFO | validate | [profile] shape: 3,724,889 rows x 20 cols
2026-09-25 12:00:16,067 | INFO | validate | [profile] dtypes:
VendorID                          int32
tpep_pickup_datetime     datetime64[us]
tpep_dropoff_datetime    datetime64[us]
passenger_count                 float64
trip_distance                   float64
RatecodeID                      float64
store_and_fwd_flag                  str
PULocationID                      int32
DOLocationID                      int32
payment_type                      int64
fare_amount                     float64
extra                           float64
mta_tax                         float64
tip_amount                      float64
tolls_amount                    float64
improvement_surcharge           float64
total_amount                    float64
congestion_surcharge            float64
Airport_fee                     float64
cbd_congestion_fee              float64
2026-09-25 12:00:16,206 | INFO | validate | [profile] null counts (non-zero only):
passenger_count         1088058
RatecodeID              1088058
store_and_fwd_flag      1088058
congestion_surcharge    1088058
Airport_fee             1088058
2026-09-25 12:00:16,330 | INFO | validate | [profile] duration_min quantiles:
0.00     -11.70
0.01       0.00
0.50      13.37
0.99      71.43
1.00    7507.90
2026-09-25 12:00:16,402 | INFO | validate | [profile] fare_amount quantiles:
0.00   -2555.2
0.01      -3.0
0.50      15.6
0.99      81.4
1.00    2555.2
2026-09-25 12:00:16,479 | INFO | validate | [profile] trip_distance quantiles:
0.00         0.00
0.01         0.00
0.50         1.81
0.99        19.54
1.00    269097.48
2026-09-25 12:00:16,527 | INFO | validate | [profile] passenger_count quantiles:
0.00    0.0
0.01    1.0
0.50    1.0
0.99    4.0
1.00    9.0
2026-09-25 12:00:18,983 | INFO | validate | [profile] duplicates: 0 full-row, 35723 on (pickup, dropoff, PU, DO)
2026-09-25 12:00:18,988 | INFO | validate | [profile] pickup range: 2025-12-31 23:57:29 .. 2026-02-01 00:45:01
2026-09-25 12:00:19,072 | INFO | validate | [rules] invalid_duration         violations: 85,290
2026-09-25 12:00:19,072 | INFO | validate | [rules] negative_fare            violations: 39,463
2026-09-25 12:00:19,073 | INFO | validate | [rules] implausible_distance     violations: 162
2026-09-25 12:00:19,074 | INFO | validate | [rules] unknown_pickup_zone      violations: 0
2026-09-25 12:00:19,074 | INFO | validate | [rules] unknown_dropoff_zone     violations: 0
2026-09-25 12:00:19,075 | INFO | validate | [rules] invalid_passenger_count  violations: 14,794
2026-09-25 12:00:19,076 | INFO | validate | [rules] pickup_outside_month     violations: 1
2026-09-25 12:00:23,217 | INFO | validate | [validate] 2026-01: 3,590,046 valid, 134,843 rejected (3.62%)
2026-09-25 12:00:23,274 | INFO | validate | [validate] rejection reasons:
rejection_reason
invalid_duration           85290
negative_fare              39463
invalid_passenger_count    14794
implausible_distance         162
pickup_outside_month           1
2026-09-25 12:00:23,274 | INFO | validate | === VALIDATE END: 2026-01 ===
2026-09-25 12:00:24,893 | INFO | validate | [validate] wrote 2026-01_clean.parquet (3,590,046 rows) and 2026-01_rejected.csv (134,843 rows)
2026-09-25 12:00:55,210 | INFO | ingest | [ingest] start for 2026-02
2026-09-25 12:00:55,211 | INFO | ingest | Skipping download, raw file already present: yellow_tripdata_2026-02.parquet (58.7 MB)
2026-09-25 12:00:55,383 | INFO | ingest | [completeness] yellow_tripdata_2026-02.parquet: 3,399,866 rows
2026-09-25 12:00:55,399 | INFO | ingest | [completeness] yellow_tripdata_2026-02.parquet: pickup range 2026-01-31 23:31:23 .. 2026-03-01 00:51:48 (expected within 2026-02-01 .. 2026-02-28)
2026-09-25 12:00:55,403 | INFO | ingest | Skipping download, raw file already present: taxi_zone_lookup.csv (0.0 MB)
2026-09-25 12:00:55,408 | INFO | ingest | [completeness] taxi_zone_lookup.csv: 265 rows
2026-09-25 12:00:55,409 | INFO | ingest | Skipping download, raw file already present: weather_2026-02.csv (0.0 MB)
2026-09-25 12:00:55,409 | INFO | ingest | [completeness] weather_2026-02.csv: 672 hourly rows (expected ~672)
2026-09-25 12:00:55,410 | INFO | ingest | [ingest] done for 2026-02: trips=yellow_tripdata_2026-02.parquet, zones=taxi_zone_lookup.csv, weather=weather_2026-02.csv
2026-09-25 12:00:55,410 | INFO | validate | === VALIDATE START: 2026-02 ===
2026-09-25 12:00:55,568 | INFO | validate | [profile] shape: 3,399,866 rows x 20 cols
2026-09-25 12:00:55,570 | INFO | validate | [profile] dtypes:
VendorID                          int32
tpep_pickup_datetime     datetime64[us]
tpep_dropoff_datetime    datetime64[us]
passenger_count                 float64
trip_distance                   float64
RatecodeID                      float64
store_and_fwd_flag                  str
PULocationID                      int32
DOLocationID                      int32
payment_type                      int64
fare_amount                     float64
extra                           float64
mta_tax                         float64
tip_amount                      float64
tolls_amount                    float64
improvement_surcharge           float64
total_amount                    float64
congestion_surcharge            float64
Airport_fee                     float64
cbd_congestion_fee              float64
2026-09-25 12:00:55,638 | INFO | validate | [profile] null counts (non-zero only):
passenger_count         1023317
RatecodeID              1023317
store_and_fwd_flag      1023317
congestion_surcharge    1023317
Airport_fee             1023317
2026-09-25 12:00:55,736 | INFO | validate | [profile] duration_min quantiles:
0.00      -1.05
0.01       0.00
0.50      14.02
0.99      72.52
1.00    9265.15
2026-09-25 12:00:55,800 | INFO | validate | [profile] fare_amount quantiles:
0.00   -2084.1
0.01       3.0
0.50      16.3
0.99      80.7
1.00    2084.1
2026-09-25 12:00:55,863 | INFO | validate | [profile] trip_distance quantiles:
0.00         0.00
0.01         0.00
0.50         1.80
0.99        19.41
1.00    328522.20
2026-09-25 12:00:55,897 | INFO | validate | [profile] passenger_count quantiles:
0.00    0.0
0.01    1.0
0.50    1.0
0.99    4.0
1.00    9.0
2026-09-25 12:00:57,894 | INFO | validate | [profile] duplicates: 0 full-row, 24402 on (pickup, dropoff, PU, DO)
2026-09-25 12:00:57,899 | INFO | validate | [profile] pickup range: 2026-01-31 23:31:23 .. 2026-03-01 00:51:48
2026-09-25 12:00:57,974 | INFO | validate | [rules] invalid_duration         violations: 74,974
2026-09-25 12:00:57,975 | INFO | validate | [rules] negative_fare            violations: 26,721
2026-09-25 12:00:57,975 | INFO | validate | [rules] implausible_distance     violations: 172
2026-09-25 12:00:57,976 | INFO | validate | [rules] unknown_pickup_zone      violations: 0
2026-09-25 12:00:57,977 | INFO | validate | [rules] unknown_dropoff_zone     violations: 0
2026-09-25 12:00:57,978 | INFO | validate | [rules] invalid_passenger_count  violations: 12,888
2026-09-25 12:00:57,978 | INFO | validate | [rules] pickup_outside_month     violations: 4
2026-09-25 12:01:01,235 | INFO | validate | [validate] 2026-02: 3,288,955 valid, 110,911 rejected (3.26%)
2026-09-25 12:01:01,277 | INFO | validate | [validate] rejection reasons:
rejection_reason
invalid_duration           74974
negative_fare              26721
invalid_passenger_count    12888
implausible_distance         172
pickup_outside_month           4
2026-09-25 12:01:01,277 | INFO | validate | === VALIDATE END: 2026-02 ===
2026-09-25 12:01:02,562 | INFO | validate | [validate] wrote 2026-02_clean.parquet (3,288,955 rows) and 2026-02_rejected.csv (110,911 rows)
2026-09-25 12:01:02,563 | INFO | ingest | [ingest] start for 2026-03
2026-09-25 12:01:02,563 | INFO | ingest | Skipping download, raw file already present: yellow_tripdata_2026-03.parquet (67.9 MB)
2026-09-25 12:01:02,648 | INFO | ingest | [completeness] yellow_tripdata_2026-03.parquet: 3,952,451 rows
2026-09-25 12:01:02,664 | INFO | ingest | [completeness] yellow_tripdata_2026-03.parquet: pickup range 2008-12-31 23:03:20 .. 2026-04-01 00:06:25 (expected within 2026-03-01 .. 2026-03-31)
2026-09-25 12:01:02,669 | INFO | ingest | Skipping download, raw file already present: taxi_zone_lookup.csv (0.0 MB)
2026-09-25 12:01:02,670 | INFO | ingest | [completeness] taxi_zone_lookup.csv: 265 rows
2026-09-25 12:01:02,670 | INFO | ingest | Skipping download, raw file already present: weather_2026-03.csv (0.0 MB)
2026-09-25 12:01:02,671 | INFO | ingest | [completeness] weather_2026-03.csv: 744 hourly rows (expected ~744)
2026-09-25 12:01:02,671 | INFO | ingest | [ingest] done for 2026-03: trips=yellow_tripdata_2026-03.parquet, zones=taxi_zone_lookup.csv, weather=weather_2026-03.csv
2026-09-25 12:01:02,671 | INFO | validate | === VALIDATE START: 2026-03 ===
2026-09-25 12:01:02,856 | INFO | validate | [profile] shape: 3,952,451 rows x 20 cols
2026-09-25 12:01:02,857 | INFO | validate | [profile] dtypes:
VendorID                          int32
tpep_pickup_datetime     datetime64[us]
tpep_dropoff_datetime    datetime64[us]
passenger_count                 float64
trip_distance                   float64
RatecodeID                      float64
store_and_fwd_flag                  str
PULocationID                      int32
DOLocationID                      int32
payment_type                      int64
fare_amount                     float64
extra                           float64
mta_tax                         float64
tip_amount                      float64
tolls_amount                    float64
improvement_surcharge           float64
total_amount                    float64
congestion_surcharge            float64
Airport_fee                     float64
cbd_congestion_fee              float64
2026-09-25 12:01:02,970 | INFO | validate | [profile] null counts (non-zero only):
passenger_count         945748
RatecodeID              945748
store_and_fwd_flag      945748
congestion_surcharge    945748
Airport_fee             945748
2026-09-25 12:01:03,093 | INFO | validate | [profile] duration_min quantiles:
0.00    -186.67
0.01       0.00
0.50      13.28
0.99      75.25
1.00    7620.60
2026-09-25 12:01:03,173 | INFO | validate | [profile] fare_amount quantiles:
0.00    -990.0
0.01       3.0
0.50      15.6
0.99      81.4
1.00    1843.3
2026-09-25 12:01:03,256 | INFO | validate | [profile] trip_distance quantiles:
0.00         0.00
0.01         0.00
0.50         1.82
0.99        19.58
1.00    288381.68
2026-09-25 12:01:03,310 | INFO | validate | [profile] passenger_count quantiles:
0.00    0.0
0.01    1.0
0.50    1.0
0.99    4.0
1.00    8.0
2026-09-25 12:01:05,638 | INFO | validate | [profile] duplicates: 0 full-row, 18963 on (pickup, dropoff, PU, DO)
2026-09-25 12:01:05,643 | INFO | validate | [profile] pickup range: 2008-12-31 23:03:20 .. 2026-04-01 00:06:25
2026-09-25 12:01:05,713 | INFO | validate | [rules] invalid_duration         violations: 90,147
2026-09-25 12:01:05,714 | INFO | validate | [rules] negative_fare            violations: 20,724
2026-09-25 12:01:05,715 | INFO | validate | [rules] implausible_distance     violations: 161
2026-09-25 12:01:05,716 | INFO | validate | [rules] unknown_pickup_zone      violations: 0
2026-09-25 12:01:05,716 | INFO | validate | [rules] unknown_dropoff_zone     violations: 0
2026-09-25 12:01:05,717 | INFO | validate | [rules] invalid_passenger_count  violations: 12,970
2026-09-25 12:01:05,718 | INFO | validate | [rules] pickup_outside_month     violations: 4
2026-09-25 12:01:09,451 | INFO | validate | [validate] 2026-03: 3,831,806 valid, 120,645 rejected (3.05%)
2026-09-25 12:01:09,498 | INFO | validate | [validate] rejection reasons:
rejection_reason
invalid_duration           90147
negative_fare              20724
invalid_passenger_count    12970
implausible_distance         161
pickup_outside_month           4
2026-09-25 12:01:09,498 | INFO | validate | === VALIDATE END: 2026-03 ===
2026-09-25 12:01:10,963 | INFO | validate | [validate] wrote 2026-03_clean.parquet (3,831,806 rows) and 2026-03_rejected.csv (120,645 rows)
2026-09-25 12:03:31,121 | INFO | validate | [profile] shape: 3,724,889 rows x 20 cols
2026-09-25 12:03:31,122 | INFO | validate | [profile] dtypes:
VendorID                          int32
tpep_pickup_datetime     datetime64[us]
tpep_dropoff_datetime    datetime64[us]
passenger_count                 float64
trip_distance                   float64
RatecodeID                      float64
store_and_fwd_flag                  str
PULocationID                      int32
DOLocationID                      int32
payment_type                      int64
fare_amount                     float64
extra                           float64
mta_tax                         float64
tip_amount                      float64
tolls_amount                    float64
improvement_surcharge           float64
total_amount                    float64
congestion_surcharge            float64
Airport_fee                     float64
cbd_congestion_fee              float64
2026-09-25 12:03:31,250 | INFO | validate | [profile] null counts (non-zero only):
passenger_count         1088058
RatecodeID              1088058
store_and_fwd_flag      1088058
congestion_surcharge    1088058
Airport_fee             1088058
2026-09-25 12:03:31,364 | INFO | validate | [profile] duration_min quantiles:
0.00     -11.70
0.01       0.00
0.50      13.37
0.99      71.43
1.00    7507.90
2026-09-25 12:03:31,434 | INFO | validate | [profile] fare_amount quantiles:
0.00   -2555.2
0.01      -3.0
0.50      15.6
0.99      81.4
1.00    2555.2
2026-09-25 12:03:31,508 | INFO | validate | [profile] trip_distance quantiles:
0.00         0.00
0.01         0.00
0.50         1.81
0.99        19.54
1.00    269097.48
2026-09-25 12:03:31,550 | INFO | validate | [profile] passenger_count quantiles:
0.00    0.0
0.01    1.0
0.50    1.0
0.99    4.0
1.00    9.0
2026-09-25 12:03:33,931 | INFO | validate | [profile] duplicates: 0 full-row, 35723 on (pickup, dropoff, PU, DO)
2026-09-25 12:03:33,937 | INFO | validate | [profile] pickup range: 2025-12-31 23:57:29 .. 2026-02-01 00:45:01
2026-09-25 12:04:13,401 | INFO | validate | [profile] shape: 3,724,889 rows x 20 cols
2026-09-25 12:04:13,403 | INFO | validate | [profile] dtypes:
VendorID                          int32
tpep_pickup_datetime     datetime64[us]
tpep_dropoff_datetime    datetime64[us]
passenger_count                 float64
trip_distance                   float64
RatecodeID                      float64
store_and_fwd_flag                  str
PULocationID                      int32
DOLocationID                      int32
payment_type                      int64
fare_amount                     float64
extra                           float64
mta_tax                         float64
tip_amount                      float64
tolls_amount                    float64
improvement_surcharge           float64
total_amount                    float64
congestion_surcharge            float64
Airport_fee                     float64
cbd_congestion_fee              float64
2026-09-25 12:04:13,510 | INFO | validate | [profile] null counts (non-zero only):
passenger_count         1088058
RatecodeID              1088058
store_and_fwd_flag      1088058
congestion_surcharge    1088058
Airport_fee             1088058
2026-09-25 12:04:13,619 | INFO | validate | [profile] duration_min quantiles:
0.00     -11.70
0.01       0.00
0.50      13.37
0.99      71.43
1.00    7507.90
2026-09-25 12:04:13,688 | INFO | validate | [profile] fare_amount quantiles:
0.00   -2555.2
0.01      -3.0
0.50      15.6
0.99      81.4
1.00    2555.2
2026-09-25 12:04:13,763 | INFO | validate | [profile] trip_distance quantiles:
0.00         0.00
0.01         0.00
0.50         1.81
0.99        19.54
1.00    269097.48
2026-09-25 12:04:13,809 | INFO | validate | [profile] passenger_count quantiles:
0.00    0.0
0.01    1.0
0.50    1.0
0.99    4.0
1.00    9.0
2026-09-25 12:04:16,131 | INFO | validate | [profile] duplicates: 0 full-row, 35723 on (pickup, dropoff, PU, DO)
2026-09-25 12:04:16,138 | INFO | validate | [profile] pickup range: 2025-12-31 23:57:29 .. 2026-02-01 00:45:01
2026-09-25 12:08:00,470 | INFO | model | === MODEL START: building event model from 3,590,046 clean rows ===
2026-09-25 12:08:01,381 | WARNING | model | [model] 15,139 zone-lookup joins did not match
2026-09-25 12:08:02,725 | WARNING | model | [model] 4 trips have no weather row for their pickup hour
2026-09-25 12:08:02,741 | INFO | model | [model] event model built: 3,590,046 rows x 26 cols
2026-09-25 12:08:02,789 | INFO | model | [model] median trip duration: 13.7 min | rainy share: 10.2%
2026-09-25 12:08:02,790 | INFO | model | === MODEL END ===
2026-09-25 12:08:04,034 | INFO | model | [model] wrote 2026-01_model.parquet (3,590,046 rows)
2026-09-25 12:09:53,532 | INFO | model | === MODEL START: building event model from 3,590,046 clean rows ===
2026-09-25 12:09:55,786 | WARNING | model | [model] 4 trips have no weather row for their pickup hour
2026-09-25 12:09:55,801 | INFO | model | [model] event model built: 3,590,046 rows x 26 cols
2026-09-25 12:09:55,857 | INFO | model | [model] median trip duration: 13.7 min | rainy share: 10.2%
2026-09-25 12:09:55,857 | INFO | model | === MODEL END ===
2026-09-25 12:09:57,293 | INFO | model | [model] wrote 2026-01_model.parquet (3,590,046 rows)
2026-09-25 12:09:58,036 | INFO | metrics | === METRICS START: 2026-01 (3,590,046 trips) ===
2026-09-25 12:09:58,856 | INFO | metrics | [metrics] benchmark tier zone_pair_hour       resolved 2,536,051 trips (1,053,995 open)
2026-09-25 12:09:59,074 | INFO | metrics | [metrics] benchmark tier pickup_zone_hour     resolved 1,029,602 trips (24,393 open)
2026-09-25 12:09:59,262 | INFO | metrics | [metrics] benchmark tier pickup_borough_hour  resolved 24,104 trips (289 open)
2026-09-25 12:09:59,341 | INFO | metrics | [metrics] benchmark tier citywide_hour        resolved 289 trips (0 open)
2026-09-25 12:09:59,507 | INFO | metrics | [metrics] delay rate: 32.77% of 3,590,046 trips exceed expected by >25%
2026-09-25 12:09:59,570 | INFO | metrics | [metrics] benchmark level mix:
benchmark_level
zone_pair_hour         2536051
pickup_zone_hour       1029602
pickup_borough_hour      24104
citywide_hour              289
2026-09-25 12:10:00,542 | INFO | metrics | [metrics] metric 1: 5,814 zone-hour rows (2,040 flagged low-sample)
2026-09-25 12:10:00,924 | INFO | metrics | [metrics] metric 2: overall unreliable rate 32.77% | worst zone-hour 100.00% (1 trips)
2026-09-25 12:10:01,561 | INFO | metrics | [metrics] metric 3: revenue/mile by borough:
pickup_borough   trips  revenue_per_mile
           EWR      30             16.40
     Manhattan 3074511             10.46
       Unknown    4580              8.67
      Brooklyn  153311              6.40
 Staten Island     460              5.97
        Queens  320937              5.82
         Bronx   36217              4.77
2026-09-25 12:10:03,296 | INFO | metrics | [metrics] metric 4: rainy delay rate 29.18% vs dry 33.18% (difference -4.00 pp, 4 trips excluded for no weather)
2026-09-25 12:10:03,997 | INFO | metrics | [metrics] metric 5: zero-distance 2.73% | zero-fare 0.04% | missing passenger_count 30.22%
2026-09-25 12:10:04,012 | INFO | metrics | [metrics] avg_duration_by_zone_hour      -> 5,814 rows
2026-09-25 12:10:04,012 | INFO | metrics | [metrics] unreliable_trip_rate           -> 5,814 rows
2026-09-25 12:10:04,012 | INFO | metrics | [metrics] revenue_per_mile_by_borough    -> 7 rows
2026-09-25 12:10:04,012 | INFO | metrics | [metrics] weather_delay_rate             -> 16 rows
2026-09-25 12:10:04,012 | INFO | metrics | [metrics] zero_trip_rate                 -> 8 rows
2026-09-25 12:10:04,012 | INFO | metrics | === METRICS END: 2026-01 ===
2026-09-25 12:10:04,152 | INFO | metrics | [metrics] wrote metrics_2026-01.csv
2026-09-25 12:10:04,152 | INFO | metrics | [metrics] wrote metrics_2026-01_avg_duration_by_zone_hour.csv
2026-09-25 12:10:04,152 | INFO | metrics | [metrics] wrote metrics_2026-01_unreliable_trip_rate.csv
2026-09-25 12:10:04,152 | INFO | metrics | [metrics] wrote metrics_2026-01_revenue_per_mile_by_borough.csv
2026-09-25 12:10:04,152 | INFO | metrics | [metrics] wrote metrics_2026-01_weather_delay_rate.csv
2026-09-25 12:10:04,152 | INFO | metrics | [metrics] wrote metrics_2026-01_zero_trip_rate.csv
2026-09-25 12:10:46,672 | INFO | pipeline | ======================================================================
2026-09-25 12:10:46,672 | INFO | pipeline | PIPELINE START for 2026-01
2026-09-25 12:10:46,672 | INFO | pipeline | ======================================================================
2026-09-25 12:10:46,672 | INFO | ingest | [ingest] start for 2026-01
2026-09-25 12:10:46,672 | INFO | ingest | Skipping download, raw file already present: yellow_tripdata_2026-01.parquet (64.2 MB)
2026-09-25 12:10:46,787 | INFO | ingest | [completeness] yellow_tripdata_2026-01.parquet: 3,724,889 rows
2026-09-25 12:10:46,807 | INFO | ingest | [completeness] yellow_tripdata_2026-01.parquet: pickup range 2025-12-31 23:57:29 .. 2026-02-01 00:45:01 (expected within 2026-01-01 .. 2026-01-31)
2026-09-25 12:10:46,811 | INFO | ingest | Skipping download, raw file already present: taxi_zone_lookup.csv (0.0 MB)
2026-09-25 12:10:46,816 | INFO | ingest | [completeness] taxi_zone_lookup.csv: 265 rows
2026-09-25 12:10:46,817 | INFO | ingest | Skipping download, raw file already present: weather_2026-01.csv (0.0 MB)
2026-09-25 12:10:46,818 | INFO | ingest | [completeness] weather_2026-01.csv: 744 hourly rows (expected ~744)
2026-09-25 12:10:46,818 | INFO | ingest | [ingest] done for 2026-01: trips=yellow_tripdata_2026-01.parquet, zones=taxi_zone_lookup.csv, weather=weather_2026-01.csv
2026-09-25 12:10:46,818 | INFO | pipeline | [pipeline] stage 1 ingest done in 0.1s
2026-09-25 12:10:46,818 | INFO | validate | === VALIDATE START: 2026-01 ===
2026-09-25 12:10:46,946 | INFO | validate | [profile] shape: 3,724,889 rows x 20 cols
2026-09-25 12:10:46,947 | INFO | validate | [profile] dtypes:
VendorID                          int32
tpep_pickup_datetime     datetime64[us]
tpep_dropoff_datetime    datetime64[us]
passenger_count                 float64
trip_distance                   float64
RatecodeID                      float64
store_and_fwd_flag                  str
PULocationID                      int32
DOLocationID                      int32
payment_type                      int64
fare_amount                     float64
extra                           float64
mta_tax                         float64
tip_amount                      float64
tolls_amount                    float64
improvement_surcharge           float64
total_amount                    float64
congestion_surcharge            float64
Airport_fee                     float64
cbd_congestion_fee              float64
2026-09-25 12:10:47,012 | INFO | validate | [profile] null counts (non-zero only):
passenger_count         1088058
RatecodeID              1088058
store_and_fwd_flag      1088058
congestion_surcharge    1088058
Airport_fee             1088058
2026-09-25 12:10:47,127 | INFO | validate | [profile] duration_min quantiles:
0.00     -11.70
0.01       0.00
0.50      13.37
0.99      71.43
1.00    7507.90
2026-09-25 12:10:47,198 | INFO | validate | [profile] fare_amount quantiles:
0.00   -2555.2
0.01      -3.0
0.50      15.6
0.99      81.4
1.00    2555.2
2026-09-25 12:10:47,270 | INFO | validate | [profile] trip_distance quantiles:
0.00         0.00
0.01         0.00
0.50         1.81
0.99        19.54
1.00    269097.48
2026-09-25 12:10:47,311 | INFO | validate | [profile] passenger_count quantiles:
0.00    0.0
0.01    1.0
0.50    1.0
0.99    4.0
1.00    9.0
2026-09-25 12:10:49,595 | INFO | validate | [profile] duplicates: 0 full-row, 35723 on (pickup, dropoff, PU, DO)
2026-09-25 12:10:49,600 | INFO | validate | [profile] pickup range: 2025-12-31 23:57:29 .. 2026-02-01 00:45:01
2026-09-25 12:10:49,675 | INFO | validate | [rules] invalid_duration         violations: 85,290
2026-09-25 12:10:49,676 | INFO | validate | [rules] negative_fare            violations: 39,463
2026-09-25 12:10:49,676 | INFO | validate | [rules] implausible_distance     violations: 162
2026-09-25 12:10:49,677 | INFO | validate | [rules] unknown_pickup_zone      violations: 0
2026-09-25 12:10:49,678 | INFO | validate | [rules] unknown_dropoff_zone     violations: 0
2026-09-25 12:10:49,678 | INFO | validate | [rules] invalid_passenger_count  violations: 14,794
2026-09-25 12:10:49,679 | INFO | validate | [rules] pickup_outside_month     violations: 1
2026-09-25 12:10:53,642 | INFO | validate | [validate] 2026-01: 3,590,046 valid, 134,843 rejected (3.62%)
2026-09-25 12:10:53,690 | INFO | validate | [validate] rejection reasons:
rejection_reason
invalid_duration           85290
negative_fare              39463
invalid_passenger_count    14794
implausible_distance         162
pickup_outside_month           1
2026-09-25 12:10:53,690 | INFO | validate | === VALIDATE END: 2026-01 ===
2026-09-25 12:10:55,305 | INFO | validate | [validate] wrote 2026-01_clean.parquet (3,590,046 rows) and 2026-01_rejected.csv (134,843 rows)
2026-09-25 12:10:55,305 | INFO | pipeline | [pipeline] stage 2 validate done in 8.5s (3,590,046 valid, 134,843 rejected)
2026-09-25 12:10:55,388 | INFO | model | === MODEL START: building event model from 3,590,046 clean rows ===
2026-09-25 12:10:57,493 | WARNING | model | [model] 4 trips have no weather row for their pickup hour
2026-09-25 12:10:57,505 | INFO | model | [model] event model built: 3,590,046 rows x 26 cols
2026-09-25 12:10:57,547 | INFO | model | [model] median trip duration: 13.7 min | rainy share: 10.2%
2026-09-25 12:10:57,547 | INFO | model | === MODEL END ===
2026-09-25 12:10:59,109 | INFO | model | [model] wrote 2026-01_model.parquet (3,590,046 rows)
2026-09-25 12:10:59,109 | INFO | pipeline | [pipeline] stage 3 model done in 3.8s (3,590,046 event rows)
2026-09-25 12:10:59,272 | INFO | metrics | === METRICS START: 2026-01 (3,590,046 trips) ===
2026-09-25 12:10:59,983 | INFO | metrics | [metrics] benchmark tier zone_pair_hour       resolved 2,536,051 trips (1,053,995 open)
2026-09-25 12:11:00,209 | INFO | metrics | [metrics] benchmark tier pickup_zone_hour     resolved 1,029,602 trips (24,393 open)
2026-09-25 12:11:00,388 | INFO | metrics | [metrics] benchmark tier pickup_borough_hour  resolved 24,104 trips (289 open)
2026-09-25 12:11:00,464 | INFO | metrics | [metrics] benchmark tier citywide_hour        resolved 289 trips (0 open)
2026-09-25 12:11:00,630 | INFO | metrics | [metrics] delay rate: 32.77% of 3,590,046 trips exceed expected by >25%
2026-09-25 12:11:00,693 | INFO | metrics | [metrics] benchmark level mix:
benchmark_level
zone_pair_hour         2536051
pickup_zone_hour       1029602
pickup_borough_hour      24104
citywide_hour              289
2026-09-25 12:11:01,652 | INFO | metrics | [metrics] metric 1: 5,814 zone-hour rows (2,040 low-sample, sorted last)
2026-09-25 12:11:01,652 | INFO | metrics | [metrics] metric 1 worst decision-grade cell: Central Harlem at 16:00 (51.6% delayed, 1,024 trips, avg 23.8 min vs expected 16.6 min)
2026-09-25 12:11:02,039 | INFO | metrics | [metrics] metric 2: overall unreliable rate 32.77%
2026-09-25 12:11:02,039 | INFO | metrics | [metrics] metric 2 interpretation: median benchmark + right-skewed durations means ~1/3 exceed 1.25x it by construction; read as a RELATIVE zone-hour ranking, not an absolute failure rate.
2026-09-25 12:11:02,609 | INFO | metrics | [metrics] metric 3: revenue/mile by borough:
pickup_borough   trips  revenue_per_mile
           EWR      30             16.40
     Manhattan 3074511             10.46
       Unknown    4580              8.67
      Brooklyn  153311              6.40
 Staten Island     460              5.97
        Queens  320937              5.82
         Bronx   36217              4.77
2026-09-25 12:11:04,272 | INFO | metrics | [metrics] metric 4: rainy delay rate 29.18% vs dry 33.18% (difference -4.00 pp, 4 trips excluded for no weather)
2026-09-25 12:11:04,950 | INFO | metrics | [metrics] metric 5: zero-distance 2.73% | zero-fare 0.04% | missing passenger_count 30.22%
2026-09-25 12:11:04,966 | INFO | metrics | [metrics] avg_duration_by_zone_hour      -> 5,814 rows
2026-09-25 12:11:04,966 | INFO | metrics | [metrics] unreliable_trip_rate           -> 5,814 rows
2026-09-25 12:11:04,966 | INFO | metrics | [metrics] revenue_per_mile_by_borough    -> 7 rows
2026-09-25 12:11:04,966 | INFO | metrics | [metrics] weather_delay_rate             -> 16 rows
2026-09-25 12:11:04,966 | INFO | metrics | [metrics] zero_trip_rate                 -> 8 rows
2026-09-25 12:11:04,966 | INFO | metrics | === METRICS END: 2026-01 ===
2026-09-25 12:11:05,104 | INFO | metrics | [metrics] wrote metrics_2026-01.csv
2026-09-25 12:11:05,104 | INFO | metrics | [metrics] wrote metrics_2026-01_avg_duration_by_zone_hour.csv
2026-09-25 12:11:05,104 | INFO | metrics | [metrics] wrote metrics_2026-01_unreliable_trip_rate.csv
2026-09-25 12:11:05,104 | INFO | metrics | [metrics] wrote metrics_2026-01_revenue_per_mile_by_borough.csv
2026-09-25 12:11:05,104 | INFO | metrics | [metrics] wrote metrics_2026-01_weather_delay_rate.csv
2026-09-25 12:11:05,104 | INFO | metrics | [metrics] wrote metrics_2026-01_zero_trip_rate.csv
2026-09-25 12:11:05,105 | INFO | pipeline | [pipeline] stage 4 metrics done in 6.0s (6 metric tables written)
2026-09-25 12:11:05,117 | INFO | pipeline | ======================================================================
2026-09-25 12:11:05,117 | INFO | pipeline | PIPELINE SUCCEEDED for 2026-01 in 18.4s
2026-09-25 12:11:05,117 | INFO | pipeline |   clean:    /Users/akshatsipany/SST/fde/nyc-tlc-assignment-2/data/processed/2026-01_clean.parquet
2026-09-25 12:11:05,117 | INFO | pipeline |   rejected: /Users/akshatsipany/SST/fde/nyc-tlc-assignment-2/data/rejected/2026-01_rejected.csv
2026-09-25 12:11:05,117 | INFO | pipeline |   model:    /Users/akshatsipany/SST/fde/nyc-tlc-assignment-2/data/processed/2026-01_model.parquet
2026-09-25 12:11:05,117 | INFO | pipeline |   metrics:  /Users/akshatsipany/SST/fde/nyc-tlc-assignment-2/output/metrics_2026-01.csv
2026-09-25 12:11:05,117 | INFO | pipeline |   metrics:  /Users/akshatsipany/SST/fde/nyc-tlc-assignment-2/output/metrics_2026-01_avg_duration_by_zone_hour.csv
2026-09-25 12:11:05,117 | INFO | pipeline |   metrics:  /Users/akshatsipany/SST/fde/nyc-tlc-assignment-2/output/metrics_2026-01_unreliable_trip_rate.csv
2026-09-25 12:11:05,117 | INFO | pipeline |   metrics:  /Users/akshatsipany/SST/fde/nyc-tlc-assignment-2/output/metrics_2026-01_revenue_per_mile_by_borough.csv
2026-09-25 12:11:05,117 | INFO | pipeline |   metrics:  /Users/akshatsipany/SST/fde/nyc-tlc-assignment-2/output/metrics_2026-01_weather_delay_rate.csv
2026-09-25 12:11:05,118 | INFO | pipeline |   metrics:  /Users/akshatsipany/SST/fde/nyc-tlc-assignment-2/output/metrics_2026-01_zero_trip_rate.csv
2026-09-25 12:11:05,118 | INFO | pipeline | ======================================================================
2026-09-25 12:11:05,118 | INFO | pipeline | ======================================================================
2026-09-25 12:11:05,118 | INFO | pipeline | PIPELINE START for 2026-02
2026-09-25 12:11:05,118 | INFO | pipeline | ======================================================================
2026-09-25 12:11:05,118 | INFO | ingest | [ingest] start for 2026-02
2026-09-25 12:11:05,118 | INFO | ingest | Skipping download, raw file already present: yellow_tripdata_2026-02.parquet (58.7 MB)
2026-09-25 12:11:05,176 | INFO | ingest | [completeness] yellow_tripdata_2026-02.parquet: 3,399,866 rows
2026-09-25 12:11:05,186 | INFO | ingest | [completeness] yellow_tripdata_2026-02.parquet: pickup range 2026-01-31 23:31:23 .. 2026-03-01 00:51:48 (expected within 2026-02-01 .. 2026-02-28)
2026-09-25 12:11:05,190 | INFO | ingest | Skipping download, raw file already present: taxi_zone_lookup.csv (0.0 MB)
2026-09-25 12:11:05,192 | INFO | ingest | [completeness] taxi_zone_lookup.csv: 265 rows
2026-09-25 12:11:05,192 | INFO | ingest | Skipping download, raw file already present: weather_2026-02.csv (0.0 MB)
2026-09-25 12:11:05,193 | INFO | ingest | [completeness] weather_2026-02.csv: 672 hourly rows (expected ~672)
2026-09-25 12:11:05,193 | INFO | ingest | [ingest] done for 2026-02: trips=yellow_tripdata_2026-02.parquet, zones=taxi_zone_lookup.csv, weather=weather_2026-02.csv
2026-09-25 12:11:05,193 | INFO | pipeline | [pipeline] stage 1 ingest done in 0.1s
2026-09-25 12:11:05,193 | INFO | validate | === VALIDATE START: 2026-02 ===
2026-09-25 12:11:05,277 | INFO | validate | [profile] shape: 3,399,866 rows x 20 cols
2026-09-25 12:11:05,277 | INFO | validate | [profile] dtypes:
VendorID                          int32
tpep_pickup_datetime     datetime64[us]
tpep_dropoff_datetime    datetime64[us]
passenger_count                 float64
trip_distance                   float64
RatecodeID                      float64
store_and_fwd_flag                  str
PULocationID                      int32
DOLocationID                      int32
payment_type                      int64
fare_amount                     float64
extra                           float64
mta_tax                         float64
tip_amount                      float64
tolls_amount                    float64
improvement_surcharge           float64
total_amount                    float64
congestion_surcharge            float64
Airport_fee                     float64
cbd_congestion_fee              float64
2026-09-25 12:11:05,313 | INFO | validate | [profile] null counts (non-zero only):
passenger_count         1023317
RatecodeID              1023317
store_and_fwd_flag      1023317
congestion_surcharge    1023317
Airport_fee             1023317
2026-09-25 12:11:05,414 | INFO | validate | [profile] duration_min quantiles:
0.00      -1.05
0.01       0.00
0.50      14.02
0.99      72.52
1.00    9265.15
2026-09-25 12:11:05,478 | INFO | validate | [profile] fare_amount quantiles:
0.00   -2084.1
0.01       3.0
0.50      16.3
0.99      80.7
1.00    2084.1
2026-09-25 12:11:05,544 | INFO | validate | [profile] trip_distance quantiles:
0.00         0.00
0.01         0.00
0.50         1.80
0.99        19.41
1.00    328522.20
2026-09-25 12:11:05,581 | INFO | validate | [profile] passenger_count quantiles:
0.00    0.0
0.01    1.0
0.50    1.0
0.99    4.0
1.00    9.0
2026-09-25 12:11:07,520 | INFO | validate | [profile] duplicates: 0 full-row, 24402 on (pickup, dropoff, PU, DO)
2026-09-25 12:11:07,524 | INFO | validate | [profile] pickup range: 2026-01-31 23:31:23 .. 2026-03-01 00:51:48
2026-09-25 12:11:07,589 | INFO | validate | [rules] invalid_duration         violations: 74,974
2026-09-25 12:11:07,590 | INFO | validate | [rules] negative_fare            violations: 26,721
2026-09-25 12:11:07,591 | INFO | validate | [rules] implausible_distance     violations: 172
2026-09-25 12:11:07,591 | INFO | validate | [rules] unknown_pickup_zone      violations: 0
2026-09-25 12:11:07,592 | INFO | validate | [rules] unknown_dropoff_zone     violations: 0
2026-09-25 12:11:07,592 | INFO | validate | [rules] invalid_passenger_count  violations: 12,888
2026-09-25 12:11:07,593 | INFO | validate | [rules] pickup_outside_month     violations: 4
2026-09-25 12:11:10,801 | INFO | validate | [validate] 2026-02: 3,288,955 valid, 110,911 rejected (3.26%)
2026-09-25 12:11:10,836 | INFO | validate | [validate] rejection reasons:
rejection_reason
invalid_duration           74974
negative_fare              26721
invalid_passenger_count    12888
implausible_distance         172
pickup_outside_month           4
2026-09-25 12:11:10,836 | INFO | validate | === VALIDATE END: 2026-02 ===
2026-09-25 12:11:12,183 | INFO | validate | [validate] wrote 2026-02_clean.parquet (3,288,955 rows) and 2026-02_rejected.csv (110,911 rows)
2026-09-25 12:11:12,183 | INFO | pipeline | [pipeline] stage 2 validate done in 7.0s (3,288,955 valid, 110,911 rejected)
2026-09-25 12:11:12,260 | INFO | model | === MODEL START: building event model from 3,288,955 clean rows ===
2026-09-25 12:11:14,092 | WARNING | model | [model] 12 trips have no weather row for their pickup hour
2026-09-25 12:11:14,102 | INFO | model | [model] event model built: 3,288,955 rows x 26 cols
2026-09-25 12:11:14,137 | INFO | model | [model] median trip duration: 14.3 min | rainy share: 9.0%
2026-09-25 12:11:14,137 | INFO | model | === MODEL END ===
2026-09-25 12:11:15,184 | INFO | model | [model] wrote 2026-02_model.parquet (3,288,955 rows)
2026-09-25 12:11:15,184 | INFO | pipeline | [pipeline] stage 3 model done in 3.0s (3,288,955 event rows)
2026-09-25 12:11:15,324 | INFO | metrics | === METRICS START: 2026-02 (3,288,955 trips) ===
2026-09-25 12:11:15,924 | INFO | metrics | [metrics] benchmark tier zone_pair_hour       resolved 2,279,368 trips (1,009,587 open)
2026-09-25 12:11:16,114 | INFO | metrics | [metrics] benchmark tier pickup_zone_hour     resolved 985,282 trips (24,305 open)
2026-09-25 12:11:16,258 | INFO | metrics | [metrics] benchmark tier pickup_borough_hour  resolved 24,037 trips (268 open)
2026-09-25 12:11:16,330 | INFO | metrics | [metrics] benchmark tier citywide_hour        resolved 268 trips (0 open)
2026-09-25 12:11:16,481 | INFO | metrics | [metrics] delay rate: 33.07% of 3,288,955 trips exceed expected by >25%
2026-09-25 12:11:16,537 | INFO | metrics | [metrics] benchmark level mix:
benchmark_level
zone_pair_hour         2279368
pickup_zone_hour        985282
pickup_borough_hour      24037
citywide_hour              268
2026-09-25 12:11:17,451 | INFO | metrics | [metrics] metric 1: 5,801 zone-hour rows (2,078 low-sample, sorted last)
2026-09-25 12:11:17,452 | INFO | metrics | [metrics] metric 1 worst decision-grade cell: Central Harlem at 17:00 (50.8% delayed, 1,298 trips, avg 20.5 min vs expected 14.8 min)
2026-09-25 12:11:17,798 | INFO | metrics | [metrics] metric 2: overall unreliable rate 33.07%
2026-09-25 12:11:17,798 | INFO | metrics | [metrics] metric 2 interpretation: median benchmark + right-skewed durations means ~1/3 exceed 1.25x it by construction; read as a RELATIVE zone-hour ranking, not an absolute failure rate.
2026-09-25 12:11:18,281 | INFO | metrics | [metrics] metric 3: revenue/mile by borough:
pickup_borough   trips  revenue_per_mile
           EWR      30             13.62
     Manhattan 2820350             10.96
       Unknown    3898              8.51
      Brooklyn  147509              6.85
 Staten Island     407              6.13
        Queens  282427              5.94
         Bronx   34334              5.00
2026-09-25 12:11:19,777 | INFO | metrics | [metrics] metric 4: rainy delay rate 27.68% vs dry 33.60% (difference -5.92 pp, 12 trips excluded for no weather)
2026-09-25 12:11:20,437 | INFO | metrics | [metrics] metric 5: zero-distance 3.02% | zero-fare 0.05% | missing passenger_count 31.03%
2026-09-25 12:11:20,451 | INFO | metrics | [metrics] avg_duration_by_zone_hour      -> 5,801 rows
2026-09-25 12:11:20,451 | INFO | metrics | [metrics] unreliable_trip_rate           -> 5,801 rows
2026-09-25 12:11:20,451 | INFO | metrics | [metrics] revenue_per_mile_by_borough    -> 7 rows
2026-09-25 12:11:20,451 | INFO | metrics | [metrics] weather_delay_rate             -> 16 rows
2026-09-25 12:11:20,451 | INFO | metrics | [metrics] zero_trip_rate                 -> 8 rows
2026-09-25 12:11:20,451 | INFO | metrics | === METRICS END: 2026-02 ===
2026-09-25 12:11:20,582 | INFO | metrics | [metrics] wrote metrics_2026-02.csv
2026-09-25 12:11:20,582 | INFO | metrics | [metrics] wrote metrics_2026-02_avg_duration_by_zone_hour.csv
2026-09-25 12:11:20,582 | INFO | metrics | [metrics] wrote metrics_2026-02_unreliable_trip_rate.csv
2026-09-25 12:11:20,582 | INFO | metrics | [metrics] wrote metrics_2026-02_revenue_per_mile_by_borough.csv
2026-09-25 12:11:20,582 | INFO | metrics | [metrics] wrote metrics_2026-02_weather_delay_rate.csv
2026-09-25 12:11:20,582 | INFO | metrics | [metrics] wrote metrics_2026-02_zero_trip_rate.csv
2026-09-25 12:11:20,583 | INFO | pipeline | [pipeline] stage 4 metrics done in 5.4s (6 metric tables written)
2026-09-25 12:11:20,594 | INFO | pipeline | ======================================================================
2026-09-25 12:11:20,594 | INFO | pipeline | PIPELINE SUCCEEDED for 2026-02 in 15.5s
2026-09-25 12:11:20,594 | INFO | pipeline |   clean:    /Users/akshatsipany/SST/fde/nyc-tlc-assignment-2/data/processed/2026-02_clean.parquet
2026-09-25 12:11:20,594 | INFO | pipeline |   rejected: /Users/akshatsipany/SST/fde/nyc-tlc-assignment-2/data/rejected/2026-02_rejected.csv
2026-09-25 12:11:20,594 | INFO | pipeline |   model:    /Users/akshatsipany/SST/fde/nyc-tlc-assignment-2/data/processed/2026-02_model.parquet
2026-09-25 12:11:20,594 | INFO | pipeline |   metrics:  /Users/akshatsipany/SST/fde/nyc-tlc-assignment-2/output/metrics_2026-02.csv
2026-09-25 12:11:20,594 | INFO | pipeline |   metrics:  /Users/akshatsipany/SST/fde/nyc-tlc-assignment-2/output/metrics_2026-02_avg_duration_by_zone_hour.csv
2026-09-25 12:11:20,594 | INFO | pipeline |   metrics:  /Users/akshatsipany/SST/fde/nyc-tlc-assignment-2/output/metrics_2026-02_unreliable_trip_rate.csv
2026-09-25 12:11:20,594 | INFO | pipeline |   metrics:  /Users/akshatsipany/SST/fde/nyc-tlc-assignment-2/output/metrics_2026-02_revenue_per_mile_by_borough.csv
2026-09-25 12:11:20,594 | INFO | pipeline |   metrics:  /Users/akshatsipany/SST/fde/nyc-tlc-assignment-2/output/metrics_2026-02_weather_delay_rate.csv
2026-09-25 12:11:20,594 | INFO | pipeline |   metrics:  /Users/akshatsipany/SST/fde/nyc-tlc-assignment-2/output/metrics_2026-02_zero_trip_rate.csv
2026-09-25 12:11:20,594 | INFO | pipeline | ======================================================================
2026-09-25 12:11:20,594 | INFO | pipeline | ======================================================================
2026-09-25 12:11:20,594 | INFO | pipeline | PIPELINE START for 2026-03
2026-09-25 12:11:20,594 | INFO | pipeline | ======================================================================
2026-09-25 12:11:20,594 | INFO | ingest | [ingest] start for 2026-03
2026-09-25 12:11:20,594 | INFO | ingest | Skipping download, raw file already present: yellow_tripdata_2026-03.parquet (67.9 MB)
2026-09-25 12:11:20,660 | INFO | ingest | [completeness] yellow_tripdata_2026-03.parquet: 3,952,451 rows
2026-09-25 12:11:20,674 | INFO | ingest | [completeness] yellow_tripdata_2026-03.parquet: pickup range 2008-12-31 23:03:20 .. 2026-04-01 00:06:25 (expected within 2026-03-01 .. 2026-03-31)
2026-09-25 12:11:20,679 | INFO | ingest | Skipping download, raw file already present: taxi_zone_lookup.csv (0.0 MB)
2026-09-25 12:11:20,680 | INFO | ingest | [completeness] taxi_zone_lookup.csv: 265 rows
2026-09-25 12:11:20,680 | INFO | ingest | Skipping download, raw file already present: weather_2026-03.csv (0.0 MB)
2026-09-25 12:11:20,681 | INFO | ingest | [completeness] weather_2026-03.csv: 744 hourly rows (expected ~744)
2026-09-25 12:11:20,681 | INFO | ingest | [ingest] done for 2026-03: trips=yellow_tripdata_2026-03.parquet, zones=taxi_zone_lookup.csv, weather=weather_2026-03.csv
2026-09-25 12:11:20,681 | INFO | pipeline | [pipeline] stage 1 ingest done in 0.1s
2026-09-25 12:11:20,681 | INFO | validate | === VALIDATE START: 2026-03 ===
2026-09-25 12:11:20,778 | INFO | validate | [profile] shape: 3,952,451 rows x 20 cols
2026-09-25 12:11:20,778 | INFO | validate | [profile] dtypes:
VendorID                          int32
tpep_pickup_datetime     datetime64[us]
tpep_dropoff_datetime    datetime64[us]
passenger_count                 float64
trip_distance                   float64
RatecodeID                      float64
store_and_fwd_flag                  str
PULocationID                      int32
DOLocationID                      int32
payment_type                      int64
fare_amount                     float64
extra                           float64
mta_tax                         float64
tip_amount                      float64
tolls_amount                    float64
improvement_surcharge           float64
total_amount                    float64
congestion_surcharge            float64
Airport_fee                     float64
cbd_congestion_fee              float64
2026-09-25 12:11:20,825 | INFO | validate | [profile] null counts (non-zero only):
passenger_count         945748
RatecodeID              945748
store_and_fwd_flag      945748
congestion_surcharge    945748
Airport_fee             945748
2026-09-25 12:11:20,932 | INFO | validate | [profile] duration_min quantiles:
0.00    -186.67
0.01       0.00
0.50      13.28
0.99      75.25
1.00    7620.60
2026-09-25 12:11:21,008 | INFO | validate | [profile] fare_amount quantiles:
0.00    -990.0
0.01       3.0
0.50      15.6
0.99      81.4
1.00    1843.3
2026-09-25 12:11:21,086 | INFO | validate | [profile] trip_distance quantiles:
0.00         0.00
0.01         0.00
0.50         1.82
0.99        19.58
1.00    288381.68
2026-09-25 12:11:21,132 | INFO | validate | [profile] passenger_count quantiles:
0.00    0.0
0.01    1.0
0.50    1.0
0.99    4.0
1.00    8.0
2026-09-25 12:11:23,434 | INFO | validate | [profile] duplicates: 0 full-row, 18963 on (pickup, dropoff, PU, DO)
2026-09-25 12:11:23,439 | INFO | validate | [profile] pickup range: 2008-12-31 23:03:20 .. 2026-04-01 00:06:25
2026-09-25 12:11:23,523 | INFO | validate | [rules] invalid_duration         violations: 90,147
2026-09-25 12:11:23,524 | INFO | validate | [rules] negative_fare            violations: 20,724
2026-09-25 12:11:23,525 | INFO | validate | [rules] implausible_distance     violations: 161
2026-09-25 12:11:23,525 | INFO | validate | [rules] unknown_pickup_zone      violations: 0
2026-09-25 12:11:23,526 | INFO | validate | [rules] unknown_dropoff_zone     violations: 0
2026-09-25 12:11:23,527 | INFO | validate | [rules] invalid_passenger_count  violations: 12,970
2026-09-25 12:11:23,527 | INFO | validate | [rules] pickup_outside_month     violations: 4
2026-09-25 12:11:27,125 | INFO | validate | [validate] 2026-03: 3,831,806 valid, 120,645 rejected (3.05%)
2026-09-25 12:11:27,167 | INFO | validate | [validate] rejection reasons:
rejection_reason
invalid_duration           90147
negative_fare              20724
invalid_passenger_count    12970
implausible_distance         161
pickup_outside_month           4
2026-09-25 12:11:27,167 | INFO | validate | === VALIDATE END: 2026-03 ===
2026-09-25 12:11:28,688 | INFO | validate | [validate] wrote 2026-03_clean.parquet (3,831,806 rows) and 2026-03_rejected.csv (120,645 rows)
2026-09-25 12:11:28,688 | INFO | pipeline | [pipeline] stage 2 validate done in 8.0s (3,831,806 valid, 120,645 rejected)
2026-09-25 12:11:28,787 | INFO | model | === MODEL START: building event model from 3,831,806 clean rows ===
2026-09-25 12:11:30,981 | WARNING | model | [model] 14 trips have no weather row for their pickup hour
2026-09-25 12:11:30,995 | INFO | model | [model] event model built: 3,831,806 rows x 26 cols
2026-09-25 12:11:31,045 | INFO | model | [model] median trip duration: 13.6 min | rainy share: 16.4%
2026-09-25 12:11:31,045 | INFO | model | === MODEL END ===
2026-09-25 12:11:32,401 | INFO | model | [model] wrote 2026-03_model.parquet (3,831,806 rows)
2026-09-25 12:11:32,401 | INFO | pipeline | [pipeline] stage 3 model done in 3.7s (3,831,806 event rows)
2026-09-25 12:11:32,571 | INFO | metrics | === METRICS START: 2026-03 (3,831,806 trips) ===
2026-09-25 12:11:33,290 | INFO | metrics | [metrics] benchmark tier zone_pair_hour       resolved 2,789,680 trips (1,042,126 open)
2026-09-25 12:11:33,520 | INFO | metrics | [metrics] benchmark tier pickup_zone_hour     resolved 1,018,413 trips (23,713 open)
2026-09-25 12:11:33,710 | INFO | metrics | [metrics] benchmark tier pickup_borough_hour  resolved 23,370 trips (343 open)
2026-09-25 12:11:33,793 | INFO | metrics | [metrics] benchmark tier citywide_hour        resolved 343 trips (0 open)
2026-09-25 12:11:33,968 | INFO | metrics | [metrics] delay rate: 31.23% of 3,831,806 trips exceed expected by >25%
2026-09-25 12:11:34,033 | INFO | metrics | [metrics] benchmark level mix:
benchmark_level
zone_pair_hour         2789680
pickup_zone_hour       1018413
pickup_borough_hour      23370
citywide_hour              343
2026-09-25 12:11:35,011 | INFO | metrics | [metrics] metric 1: 5,802 zone-hour rows (2,047 low-sample, sorted last)
2026-09-25 12:11:35,011 | INFO | metrics | [metrics] metric 1 worst decision-grade cell: South Ozone Park at 16:00 (59.3% delayed, 91 trips, avg 33.4 min vs expected 19.8 min)
2026-09-25 12:11:35,417 | INFO | metrics | [metrics] metric 2: overall unreliable rate 31.23%
2026-09-25 12:11:35,417 | INFO | metrics | [metrics] metric 2 interpretation: median benchmark + right-skewed durations means ~1/3 exceed 1.25x it by construction; read as a RELATIVE zone-hour ranking, not an absolute failure rate.
2026-09-25 12:11:35,999 | INFO | metrics | [metrics] metric 3: revenue/mile by borough:
pickup_borough   trips  revenue_per_mile
           EWR      31             35.77
     Manhattan 3295054             10.58
       Unknown    4721              8.48
      Brooklyn  157930              6.53
        Queens  334197              5.90
 Staten Island     437              5.82
         Bronx   39436              4.73
2026-09-25 12:11:37,603 | INFO | metrics | [metrics] metric 4: rainy delay rate 33.29% vs dry 30.83% (difference +2.46 pp, 14 trips excluded for no weather)
2026-09-25 12:11:38,292 | INFO | metrics | [metrics] metric 5: zero-distance 2.40% | zero-fare 0.06% | missing passenger_count 24.61%
2026-09-25 12:11:38,307 | INFO | metrics | [metrics] avg_duration_by_zone_hour      -> 5,802 rows
2026-09-25 12:11:38,307 | INFO | metrics | [metrics] unreliable_trip_rate           -> 5,802 rows
2026-09-25 12:11:38,307 | INFO | metrics | [metrics] revenue_per_mile_by_borough    -> 7 rows
2026-09-25 12:11:38,307 | INFO | metrics | [metrics] weather_delay_rate             -> 16 rows
2026-09-25 12:11:38,307 | INFO | metrics | [metrics] zero_trip_rate                 -> 8 rows
2026-09-25 12:11:38,307 | INFO | metrics | === METRICS END: 2026-03 ===
2026-09-25 12:11:38,442 | INFO | metrics | [metrics] wrote metrics_2026-03.csv
2026-09-25 12:11:38,443 | INFO | metrics | [metrics] wrote metrics_2026-03_avg_duration_by_zone_hour.csv
2026-09-25 12:11:38,443 | INFO | metrics | [metrics] wrote metrics_2026-03_unreliable_trip_rate.csv
2026-09-25 12:11:38,443 | INFO | metrics | [metrics] wrote metrics_2026-03_revenue_per_mile_by_borough.csv
2026-09-25 12:11:38,443 | INFO | metrics | [metrics] wrote metrics_2026-03_weather_delay_rate.csv
2026-09-25 12:11:38,443 | INFO | metrics | [metrics] wrote metrics_2026-03_zero_trip_rate.csv
2026-09-25 12:11:38,443 | INFO | pipeline | [pipeline] stage 4 metrics done in 6.0s (6 metric tables written)
2026-09-25 12:11:38,457 | INFO | pipeline | ======================================================================
2026-09-25 12:11:38,457 | INFO | pipeline | PIPELINE SUCCEEDED for 2026-03 in 17.9s
2026-09-25 12:11:38,457 | INFO | pipeline |   clean:    /Users/akshatsipany/SST/fde/nyc-tlc-assignment-2/data/processed/2026-03_clean.parquet
2026-09-25 12:11:38,457 | INFO | pipeline |   rejected: /Users/akshatsipany/SST/fde/nyc-tlc-assignment-2/data/rejected/2026-03_rejected.csv
2026-09-25 12:11:38,457 | INFO | pipeline |   model:    /Users/akshatsipany/SST/fde/nyc-tlc-assignment-2/data/processed/2026-03_model.parquet
2026-09-25 12:11:38,457 | INFO | pipeline |   metrics:  /Users/akshatsipany/SST/fde/nyc-tlc-assignment-2/output/metrics_2026-03.csv
2026-09-25 12:11:38,457 | INFO | pipeline |   metrics:  /Users/akshatsipany/SST/fde/nyc-tlc-assignment-2/output/metrics_2026-03_avg_duration_by_zone_hour.csv
2026-09-25 12:11:38,457 | INFO | pipeline |   metrics:  /Users/akshatsipany/SST/fde/nyc-tlc-assignment-2/output/metrics_2026-03_unreliable_trip_rate.csv
2026-09-25 12:11:38,457 | INFO | pipeline |   metrics:  /Users/akshatsipany/SST/fde/nyc-tlc-assignment-2/output/metrics_2026-03_revenue_per_mile_by_borough.csv
2026-09-25 12:11:38,457 | INFO | pipeline |   metrics:  /Users/akshatsipany/SST/fde/nyc-tlc-assignment-2/output/metrics_2026-03_weather_delay_rate.csv
2026-09-25 12:11:38,457 | INFO | pipeline |   metrics:  /Users/akshatsipany/SST/fde/nyc-tlc-assignment-2/output/metrics_2026-03_zero_trip_rate.csv
2026-09-25 12:11:38,457 | INFO | pipeline | ======================================================================
2026-09-25 12:11:38,457 | INFO | pipeline | All 3 month(s) completed successfully.
2026-09-25 12:11:50,507 | INFO | pipeline | ======================================================================
2026-09-25 12:11:50,507 | INFO | pipeline | PIPELINE START for 2026-01
2026-09-25 12:11:50,507 | INFO | pipeline | ======================================================================
2026-09-25 12:11:50,507 | INFO | ingest | [ingest] start for 2026-01
2026-09-25 12:11:50,507 | INFO | ingest | Skipping download, raw file already present: yellow_tripdata_2026-01.parquet (64.2 MB)
2026-09-25 12:11:50,628 | INFO | ingest | [completeness] yellow_tripdata_2026-01.parquet: 3,724,889 rows
2026-09-25 12:11:50,639 | INFO | ingest | [completeness] yellow_tripdata_2026-01.parquet: pickup range 2025-12-31 23:57:29 .. 2026-02-01 00:45:01 (expected within 2026-01-01 .. 2026-01-31)
2026-09-25 12:11:50,643 | INFO | ingest | Skipping download, raw file already present: taxi_zone_lookup.csv (0.0 MB)
2026-09-25 12:11:50,648 | INFO | ingest | [completeness] taxi_zone_lookup.csv: 265 rows
2026-09-25 12:11:50,649 | INFO | ingest | Skipping download, raw file already present: weather_2026-01.csv (0.0 MB)
2026-09-25 12:11:50,649 | INFO | ingest | [completeness] weather_2026-01.csv: 744 hourly rows (expected ~744)
2026-09-25 12:11:50,649 | INFO | ingest | [ingest] done for 2026-01: trips=yellow_tripdata_2026-01.parquet, zones=taxi_zone_lookup.csv, weather=weather_2026-01.csv
2026-09-25 12:11:50,650 | INFO | pipeline | [pipeline] stage 1 ingest done in 0.1s
2026-09-25 12:11:50,650 | INFO | validate | === VALIDATE START: 2026-01 ===
2026-09-25 12:11:50,741 | INFO | validate | [profile] shape: 3,724,889 rows x 20 cols
2026-09-25 12:11:50,742 | INFO | validate | [profile] dtypes:
VendorID                          int32
tpep_pickup_datetime     datetime64[us]
tpep_dropoff_datetime    datetime64[us]
passenger_count                 float64
trip_distance                   float64
RatecodeID                      float64
store_and_fwd_flag                  str
PULocationID                      int32
DOLocationID                      int32
payment_type                      int64
fare_amount                     float64
extra                           float64
mta_tax                         float64
tip_amount                      float64
tolls_amount                    float64
improvement_surcharge           float64
total_amount                    float64
congestion_surcharge            float64
Airport_fee                     float64
cbd_congestion_fee              float64
2026-09-25 12:11:50,825 | INFO | validate | [profile] null counts (non-zero only):
passenger_count         1088058
RatecodeID              1088058
store_and_fwd_flag      1088058
congestion_surcharge    1088058
Airport_fee             1088058
2026-09-25 12:11:50,932 | INFO | validate | [profile] duration_min quantiles:
0.00     -11.70
0.01       0.00
0.50      13.37
0.99      71.43
1.00    7507.90
2026-09-25 12:11:51,000 | INFO | validate | [profile] fare_amount quantiles:
0.00   -2555.2
0.01      -3.0
0.50      15.6
0.99      81.4
1.00    2555.2
2026-09-25 12:11:51,071 | INFO | validate | [profile] trip_distance quantiles:
0.00         0.00
0.01         0.00
0.50         1.81
0.99        19.54
1.00    269097.48
2026-09-25 12:11:51,112 | INFO | validate | [profile] passenger_count quantiles:
0.00    0.0
0.01    1.0
0.50    1.0
0.99    4.0
1.00    9.0
2026-09-25 12:11:53,359 | INFO | validate | [profile] duplicates: 0 full-row, 35723 on (pickup, dropoff, PU, DO)
2026-09-25 12:11:53,364 | INFO | validate | [profile] pickup range: 2025-12-31 23:57:29 .. 2026-02-01 00:45:01
2026-09-25 12:11:53,454 | INFO | validate | [rules] invalid_duration         violations: 85,290
2026-09-25 12:11:53,455 | INFO | validate | [rules] negative_fare            violations: 39,463
2026-09-25 12:11:53,456 | INFO | validate | [rules] implausible_distance     violations: 162
2026-09-25 12:11:53,457 | INFO | validate | [rules] unknown_pickup_zone      violations: 0
2026-09-25 12:11:53,458 | INFO | validate | [rules] unknown_dropoff_zone     violations: 0
2026-09-25 12:11:53,459 | INFO | validate | [rules] invalid_passenger_count  violations: 14,794
2026-09-25 12:11:53,460 | INFO | validate | [rules] pickup_outside_month     violations: 1
2026-09-25 12:11:58,099 | INFO | validate | [validate] 2026-01: 3,590,046 valid, 134,843 rejected (3.62%)
2026-09-25 12:11:58,146 | INFO | validate | [validate] rejection reasons:
rejection_reason
invalid_duration           85290
negative_fare              39463
invalid_passenger_count    14794
implausible_distance         162
pickup_outside_month           1
2026-09-25 12:11:58,146 | INFO | validate | === VALIDATE END: 2026-01 ===
2026-09-25 12:11:59,612 | INFO | validate | [validate] wrote 2026-01_clean.parquet (3,590,046 rows) and 2026-01_rejected.csv (134,843 rows)
2026-09-25 12:11:59,612 | INFO | pipeline | [pipeline] stage 2 validate done in 9.0s (3,590,046 valid, 134,843 rejected)
2026-09-25 12:11:59,751 | INFO | model | === MODEL START: building event model from 3,590,046 clean rows ===
2026-09-25 12:12:01,848 | WARNING | model | [model] 4 trips have no weather row for their pickup hour
2026-09-25 12:12:01,858 | INFO | model | [model] event model built: 3,590,046 rows x 26 cols
2026-09-25 12:12:01,906 | INFO | model | [model] median trip duration: 13.7 min | rainy share: 10.2%
2026-09-25 12:12:01,906 | INFO | model | === MODEL END ===
2026-09-25 12:12:03,210 | INFO | model | [model] wrote 2026-01_model.parquet (3,590,046 rows)
2026-09-25 12:12:03,210 | INFO | pipeline | [pipeline] stage 3 model done in 3.6s (3,590,046 event rows)
2026-09-25 12:12:03,352 | INFO | metrics | === METRICS START: 2026-01 (3,590,046 trips) ===
2026-09-25 12:12:04,019 | INFO | metrics | [metrics] benchmark tier zone_pair_hour       resolved 2,536,051 trips (1,053,995 open)
2026-09-25 12:12:04,222 | INFO | metrics | [metrics] benchmark tier pickup_zone_hour     resolved 1,029,602 trips (24,393 open)
2026-09-25 12:12:04,393 | INFO | metrics | [metrics] benchmark tier pickup_borough_hour  resolved 24,104 trips (289 open)
2026-09-25 12:12:04,472 | INFO | metrics | [metrics] benchmark tier citywide_hour        resolved 289 trips (0 open)
2026-09-25 12:12:04,635 | INFO | metrics | [metrics] delay rate: 32.77% of 3,590,046 trips exceed expected by >25%
2026-09-25 12:12:04,697 | INFO | metrics | [metrics] benchmark level mix:
benchmark_level
zone_pair_hour         2536051
pickup_zone_hour       1029602
pickup_borough_hour      24104
citywide_hour              289
2026-09-25 12:12:05,626 | INFO | metrics | [metrics] metric 1: 5,814 zone-hour rows (2,040 low-sample, sorted last)
2026-09-25 12:12:05,626 | INFO | metrics | [metrics] metric 1 worst decision-grade cell: Central Harlem at 16:00 (51.6% delayed, 1,024 trips, avg 23.8 min vs expected 16.6 min)
2026-09-25 12:12:06,000 | INFO | metrics | [metrics] metric 2: overall unreliable rate 32.77%
2026-09-25 12:12:06,001 | INFO | metrics | [metrics] metric 2 interpretation: median benchmark + right-skewed durations means ~1/3 exceed 1.25x it by construction; read as a RELATIVE zone-hour ranking, not an absolute failure rate.
2026-09-25 12:12:06,543 | INFO | metrics | [metrics] metric 3: revenue/mile by borough:
pickup_borough   trips  revenue_per_mile
           EWR      30             16.40
     Manhattan 3074511             10.46
       Unknown    4580              8.67
      Brooklyn  153311              6.40
 Staten Island     460              5.97
        Queens  320937              5.82
         Bronx   36217              4.77
2026-09-25 12:12:08,298 | INFO | metrics | [metrics] metric 4: rainy delay rate 29.18% vs dry 33.18% (difference -4.00 pp, 4 trips excluded for no weather)
2026-09-25 12:12:08,945 | INFO | metrics | [metrics] metric 5: zero-distance 2.73% | zero-fare 0.04% | missing passenger_count 30.22%
2026-09-25 12:12:08,961 | INFO | metrics | [metrics] avg_duration_by_zone_hour      -> 5,814 rows
2026-09-25 12:12:08,961 | INFO | metrics | [metrics] unreliable_trip_rate           -> 5,814 rows
2026-09-25 12:12:08,961 | INFO | metrics | [metrics] revenue_per_mile_by_borough    -> 7 rows
2026-09-25 12:12:08,961 | INFO | metrics | [metrics] weather_delay_rate             -> 16 rows
2026-09-25 12:12:08,961 | INFO | metrics | [metrics] zero_trip_rate                 -> 8 rows
2026-09-25 12:12:08,961 | INFO | metrics | === METRICS END: 2026-01 ===
2026-09-25 12:12:09,104 | INFO | metrics | [metrics] wrote metrics_2026-01.csv
2026-09-25 12:12:09,104 | INFO | metrics | [metrics] wrote metrics_2026-01_avg_duration_by_zone_hour.csv
2026-09-25 12:12:09,104 | INFO | metrics | [metrics] wrote metrics_2026-01_unreliable_trip_rate.csv
2026-09-25 12:12:09,104 | INFO | metrics | [metrics] wrote metrics_2026-01_revenue_per_mile_by_borough.csv
2026-09-25 12:12:09,104 | INFO | metrics | [metrics] wrote metrics_2026-01_weather_delay_rate.csv
2026-09-25 12:12:09,104 | INFO | metrics | [metrics] wrote metrics_2026-01_zero_trip_rate.csv
2026-09-25 12:12:09,105 | INFO | pipeline | [pipeline] stage 4 metrics done in 5.9s (6 metric tables written)
2026-09-25 12:12:09,119 | INFO | pipeline | ======================================================================
2026-09-25 12:12:09,119 | INFO | pipeline | PIPELINE SUCCEEDED for 2026-01 in 18.6s
2026-09-25 12:12:09,119 | INFO | pipeline |   clean:    /Users/akshatsipany/SST/fde/nyc-tlc-assignment-2/data/processed/2026-01_clean.parquet
2026-09-25 12:12:09,119 | INFO | pipeline |   rejected: /Users/akshatsipany/SST/fde/nyc-tlc-assignment-2/data/rejected/2026-01_rejected.csv
2026-09-25 12:12:09,120 | INFO | pipeline |   model:    /Users/akshatsipany/SST/fde/nyc-tlc-assignment-2/data/processed/2026-01_model.parquet
2026-09-25 12:12:09,120 | INFO | pipeline |   metrics:  /Users/akshatsipany/SST/fde/nyc-tlc-assignment-2/output/metrics_2026-01.csv
2026-09-25 12:12:09,120 | INFO | pipeline |   metrics:  /Users/akshatsipany/SST/fde/nyc-tlc-assignment-2/output/metrics_2026-01_avg_duration_by_zone_hour.csv
2026-09-25 12:12:09,120 | INFO | pipeline |   metrics:  /Users/akshatsipany/SST/fde/nyc-tlc-assignment-2/output/metrics_2026-01_unreliable_trip_rate.csv
2026-09-25 12:12:09,120 | INFO | pipeline |   metrics:  /Users/akshatsipany/SST/fde/nyc-tlc-assignment-2/output/metrics_2026-01_revenue_per_mile_by_borough.csv
2026-09-25 12:12:09,120 | INFO | pipeline |   metrics:  /Users/akshatsipany/SST/fde/nyc-tlc-assignment-2/output/metrics_2026-01_weather_delay_rate.csv
2026-09-25 12:12:09,120 | INFO | pipeline |   metrics:  /Users/akshatsipany/SST/fde/nyc-tlc-assignment-2/output/metrics_2026-01_zero_trip_rate.csv
2026-09-25 12:12:09,120 | INFO | pipeline | ======================================================================
2026-09-25 12:12:09,120 | INFO | pipeline | All 1 month(s) completed successfully.
2026-09-25 12:12:25,598 | INFO | pipeline | ======================================================================
2026-09-25 12:12:25,598 | INFO | pipeline | PIPELINE START for 2026-02
2026-09-25 12:12:25,598 | INFO | pipeline | ======================================================================
2026-09-25 12:12:25,598 | INFO | ingest | [ingest] start for 2026-02
2026-09-25 12:12:25,598 | INFO | ingest | Skipping download, raw file already present: yellow_tripdata_2026-02.parquet (0.0 MB)
2026-09-25 12:12:25,660 | ERROR | pipeline | PIPELINE FAILED for 2026-02: source problem: Raw file unreadable as Parquet: yellow_tripdata_2026-02.parquet: Could not open Parquet input source '<Buffer>': Parquet magic bytes not found in footer. Either the file is corrupted or this is not a parquet file.
2026-09-25 12:12:25,660 | ERROR | pipeline | ======================================================================
2026-09-25 12:12:25,660 | ERROR | pipeline | PIPELINE FINISHED WITH 1 FAILED MONTH(S):
2026-09-25 12:12:25,660 | ERROR | pipeline |   2026-02: Raw file unreadable as Parquet: yellow_tripdata_2026-02.parquet: Could not open Parquet input source '<Buffer>': Parquet magic bytes not found in footer. Either the file is corrupted or this is not a parquet file.
2026-09-25 12:20:29,399 | INFO | metrics | [metrics] benchmark tier zone_pair_hour       resolved 2,536,051 trips (1,053,995 open)
2026-09-25 12:20:29,639 | INFO | metrics | [metrics] benchmark tier pickup_zone_hour     resolved 1,029,602 trips (24,393 open)
2026-09-25 12:20:29,828 | INFO | metrics | [metrics] benchmark tier pickup_borough_hour  resolved 24,104 trips (289 open)
2026-09-25 12:20:29,908 | INFO | metrics | [metrics] benchmark tier citywide_hour        resolved 289 trips (0 open)
2026-09-25 12:20:30,092 | INFO | metrics | [metrics] delay rate: 32.77% of 3,590,046 trips exceed expected by >25%
2026-09-25 12:20:30,165 | INFO | metrics | [metrics] benchmark level mix:
benchmark_level
zone_pair_hour         2536051
pickup_zone_hour       1029602
pickup_borough_hour      24104
citywide_hour              289
2026-09-25 12:20:55,495 | INFO | pipeline | ======================================================================
2026-09-25 12:20:55,495 | INFO | pipeline | PIPELINE START for 2026-01
2026-09-25 12:20:55,495 | INFO | pipeline | ======================================================================
2026-09-25 12:20:55,495 | INFO | ingest | [ingest] start for 2026-01
2026-09-25 12:20:55,495 | INFO | ingest | Skipping download, raw file already present: yellow_tripdata_2026-01.parquet (64.2 MB)
2026-09-25 12:20:55,671 | INFO | ingest | [completeness] yellow_tripdata_2026-01.parquet: 3,724,889 rows
2026-09-25 12:20:55,689 | INFO | ingest | [completeness] yellow_tripdata_2026-01.parquet: pickup range 2025-12-31 23:57:29 .. 2026-02-01 00:45:01 (expected within 2026-01-01 .. 2026-01-31)
2026-09-25 12:20:55,693 | INFO | ingest | Skipping download, raw file already present: taxi_zone_lookup.csv (0.0 MB)
2026-09-25 12:20:55,700 | INFO | ingest | [completeness] taxi_zone_lookup.csv: 265 rows
2026-09-25 12:20:55,701 | INFO | ingest | Skipping download, raw file already present: weather_2026-01.csv (0.0 MB)
2026-09-25 12:20:55,701 | INFO | ingest | [completeness] weather_2026-01.csv: 744 hourly rows (expected ~744)
2026-09-25 12:20:55,701 | INFO | ingest | [ingest] done for 2026-01: trips=yellow_tripdata_2026-01.parquet, zones=taxi_zone_lookup.csv, weather=weather_2026-01.csv
2026-09-25 12:20:55,701 | INFO | pipeline | [pipeline] stage 1 ingest done in 0.2s
2026-09-25 12:20:55,701 | INFO | validate | === VALIDATE START: 2026-01 ===
2026-09-25 12:20:55,933 | INFO | validate | [profile] shape: 3,724,889 rows x 20 cols
2026-09-25 12:20:55,934 | INFO | validate | [profile] dtypes:
VendorID                          int32
tpep_pickup_datetime     datetime64[us]
tpep_dropoff_datetime    datetime64[us]
passenger_count                 float64
trip_distance                   float64
RatecodeID                      float64
store_and_fwd_flag                  str
PULocationID                      int32
DOLocationID                      int32
payment_type                      int64
fare_amount                     float64
extra                           float64
mta_tax                         float64
tip_amount                      float64
tolls_amount                    float64
improvement_surcharge           float64
total_amount                    float64
congestion_surcharge            float64
Airport_fee                     float64
cbd_congestion_fee              float64
2026-09-25 12:20:56,049 | INFO | validate | [profile] null counts (non-zero only):
passenger_count         1088058
RatecodeID              1088058
store_and_fwd_flag      1088058
congestion_surcharge    1088058
Airport_fee             1088058
2026-09-25 12:20:56,162 | INFO | validate | [profile] duration_min quantiles:
0.00     -11.70
0.01       0.00
0.50      13.37
0.99      71.43
1.00    7507.90
2026-09-25 12:20:56,230 | INFO | validate | [profile] fare_amount quantiles:
0.00   -2555.2
0.01      -3.0
0.50      15.6
0.99      81.4
1.00    2555.2
2026-09-25 12:20:56,311 | INFO | validate | [profile] trip_distance quantiles:
0.00         0.00
0.01         0.00
0.50         1.81
0.99        19.54
1.00    269097.48
2026-09-25 12:20:56,361 | INFO | validate | [profile] passenger_count quantiles:
0.00    0.0
0.01    1.0
0.50    1.0
0.99    4.0
1.00    9.0
2026-09-25 12:20:58,698 | INFO | validate | [profile] duplicates: 0 full-row, 35723 on (pickup, dropoff, PU, DO)
2026-09-25 12:20:58,703 | INFO | validate | [profile] pickup range: 2025-12-31 23:57:29 .. 2026-02-01 00:45:01
2026-09-25 12:20:58,786 | INFO | validate | [rules] invalid_duration         violations: 85,290
2026-09-25 12:20:58,787 | INFO | validate | [rules] negative_fare            violations: 39,463
2026-09-25 12:20:58,787 | INFO | validate | [rules] implausible_distance     violations: 162
2026-09-25 12:20:58,788 | INFO | validate | [rules] unknown_pickup_zone      violations: 0
2026-09-25 12:20:58,789 | INFO | validate | [rules] unknown_dropoff_zone     violations: 0
2026-09-25 12:20:58,789 | INFO | validate | [rules] invalid_passenger_count  violations: 14,794
2026-09-25 12:20:58,790 | INFO | validate | [rules] pickup_outside_month     violations: 1
2026-09-25 12:21:02,822 | INFO | validate | [validate] 2026-01: 3,590,046 valid, 134,843 rejected (3.62%)
2026-09-25 12:21:02,877 | INFO | validate | [validate] rejection reasons:
rejection_reason
invalid_duration           85290
negative_fare              39463
invalid_passenger_count    14794
implausible_distance         162
pickup_outside_month           1
2026-09-25 12:21:02,877 | INFO | validate | === VALIDATE END: 2026-01 ===
2026-09-25 12:21:04,530 | INFO | validate | [validate] wrote 2026-01_clean.parquet (3,590,046 rows) and 2026-01_rejected.csv (134,843 rows)
2026-09-25 12:21:04,530 | INFO | pipeline | [pipeline] stage 2 validate done in 8.8s (3,590,046 valid, 134,843 rejected)
2026-09-25 12:21:04,728 | INFO | model | === MODEL START: building event model from 3,590,046 clean rows ===
2026-09-25 12:21:07,008 | WARNING | model | [model] 4 trips have no weather row for their pickup hour
2026-09-25 12:21:07,021 | INFO | model | [model] event model built: 3,590,046 rows x 26 cols
2026-09-25 12:21:07,069 | INFO | model | [model] median trip duration: 13.7 min | rainy share: 10.2%
2026-09-25 12:21:07,069 | INFO | model | === MODEL END ===
2026-09-25 12:21:08,446 | INFO | model | [model] wrote 2026-01_model.parquet (3,590,046 rows)
2026-09-25 12:21:08,446 | INFO | pipeline | [pipeline] stage 3 model done in 3.9s (3,590,046 event rows)
2026-09-25 12:21:08,683 | INFO | metrics | === METRICS START: 2026-01 (3,590,046 trips) ===
2026-09-25 12:21:09,414 | INFO | metrics | [metrics] benchmark tier zone_pair_hour       resolved 2,536,051 trips (1,053,995 open)
2026-09-25 12:21:09,606 | INFO | metrics | [metrics] benchmark tier pickup_zone_hour     resolved 1,029,602 trips (24,393 open)
2026-09-25 12:21:09,769 | INFO | metrics | [metrics] benchmark tier pickup_borough_hour  resolved 24,104 trips (289 open)
2026-09-25 12:21:09,841 | INFO | metrics | [metrics] benchmark tier citywide_hour        resolved 289 trips (0 open)
2026-09-25 12:21:10,002 | INFO | metrics | [metrics] delay rate: 32.77% of 3,590,046 trips exceed expected by >25%
2026-09-25 12:21:10,064 | INFO | metrics | [metrics] benchmark level mix:
benchmark_level
zone_pair_hour         2536051
pickup_zone_hour       1029602
pickup_borough_hour      24104
citywide_hour              289
2026-09-25 12:21:11,017 | INFO | metrics | [metrics] metric 1: 5,814 zone-hour rows (2,040 low-sample, sorted last)
2026-09-25 12:21:11,017 | INFO | metrics | [metrics] metric 1 worst decision-grade cell: Central Harlem at 16:00 (51.6% delayed, 1,024 trips, avg 23.8 min vs expected 16.6 min)
2026-09-25 12:21:11,421 | INFO | metrics | [metrics] metric 2: overall unreliable rate 32.77%
2026-09-25 12:21:11,422 | INFO | metrics | [metrics] metric 2 interpretation: median benchmark + right-skewed durations means ~1/3 exceed 1.25x it by construction; read as a RELATIVE zone-hour ranking, not an absolute failure rate.
2026-09-25 12:21:12,103 | INFO | metrics | [metrics] metric 3: revenue/mile by borough:
pickup_borough   trips  revenue_per_mile
           EWR      30             16.40
     Manhattan 3074511             10.46
       Unknown    4580              8.67
      Brooklyn  153311              6.40
 Staten Island     460              5.97
        Queens  320937              5.82
         Bronx   36217              4.77
2026-09-25 12:21:13,864 | INFO | metrics | [metrics] metric 4: rainy delay rate 29.18% vs dry 33.18% (difference -4.00 pp, 4 trips excluded for no weather)
2026-09-25 12:21:14,936 | INFO | metrics | [metrics] metric 5: zero-distance 2.73% | zero-fare 0.04% | missing passenger_count 30.22%
2026-09-25 12:21:14,952 | INFO | metrics | [metrics] avg_duration_by_zone_hour      -> 5,814 rows
2026-09-25 12:21:14,952 | INFO | metrics | [metrics] unreliable_trip_rate           -> 5,814 rows
2026-09-25 12:21:14,952 | INFO | metrics | [metrics] revenue_per_mile_by_borough    -> 7 rows
2026-09-25 12:21:14,952 | INFO | metrics | [metrics] weather_delay_rate             -> 16 rows
2026-09-25 12:21:14,952 | INFO | metrics | [metrics] zero_trip_rate                 -> 8 rows
2026-09-25 12:21:14,952 | INFO | metrics | === METRICS END: 2026-01 ===
2026-09-25 12:21:15,100 | INFO | metrics | [metrics] wrote metrics_2026-01.csv
2026-09-25 12:21:15,100 | INFO | metrics | [metrics] wrote metrics_2026-01_avg_duration_by_zone_hour.csv
2026-09-25 12:21:15,101 | INFO | metrics | [metrics] wrote metrics_2026-01_unreliable_trip_rate.csv
2026-09-25 12:21:15,101 | INFO | metrics | [metrics] wrote metrics_2026-01_revenue_per_mile_by_borough.csv
2026-09-25 12:21:15,101 | INFO | metrics | [metrics] wrote metrics_2026-01_weather_delay_rate.csv
2026-09-25 12:21:15,101 | INFO | metrics | [metrics] wrote metrics_2026-01_zero_trip_rate.csv
2026-09-25 12:21:15,101 | INFO | pipeline | [pipeline] stage 4 metrics done in 6.6s (6 metric tables written)
2026-09-25 12:21:15,113 | INFO | pipeline | ======================================================================
2026-09-25 12:21:15,113 | INFO | pipeline | PIPELINE SUCCEEDED for 2026-01 in 19.6s
2026-09-25 12:21:15,113 | INFO | pipeline |   clean:    /Users/akshatsipany/SST/fde/nyc-tlc-assignment-2/data/processed/2026-01_clean.parquet
2026-09-25 12:21:15,113 | INFO | pipeline |   rejected: /Users/akshatsipany/SST/fde/nyc-tlc-assignment-2/data/rejected/2026-01_rejected.csv
2026-09-25 12:21:15,113 | INFO | pipeline |   model:    /Users/akshatsipany/SST/fde/nyc-tlc-assignment-2/data/processed/2026-01_model.parquet
2026-09-25 12:21:15,113 | INFO | pipeline |   metrics:  /Users/akshatsipany/SST/fde/nyc-tlc-assignment-2/output/metrics_2026-01.csv
2026-09-25 12:21:15,114 | INFO | pipeline |   metrics:  /Users/akshatsipany/SST/fde/nyc-tlc-assignment-2/output/metrics_2026-01_avg_duration_by_zone_hour.csv
2026-09-25 12:21:15,114 | INFO | pipeline |   metrics:  /Users/akshatsipany/SST/fde/nyc-tlc-assignment-2/output/metrics_2026-01_unreliable_trip_rate.csv
2026-09-25 12:21:15,114 | INFO | pipeline |   metrics:  /Users/akshatsipany/SST/fde/nyc-tlc-assignment-2/output/metrics_2026-01_revenue_per_mile_by_borough.csv
2026-09-25 12:21:15,114 | INFO | pipeline |   metrics:  /Users/akshatsipany/SST/fde/nyc-tlc-assignment-2/output/metrics_2026-01_weather_delay_rate.csv
2026-09-25 12:21:15,114 | INFO | pipeline |   metrics:  /Users/akshatsipany/SST/fde/nyc-tlc-assignment-2/output/metrics_2026-01_zero_trip_rate.csv
2026-09-25 12:21:15,114 | INFO | pipeline | ======================================================================
2026-09-25 12:21:15,114 | INFO | pipeline | All 1 month(s) completed successfully.
2026-09-25 17:53:14,121 | INFO | pipeline | ======================================================================
2026-09-25 17:53:14,122 | INFO | pipeline | PIPELINE START for 2026-01
2026-09-25 17:53:14,122 | INFO | pipeline | ======================================================================
2026-09-25 17:53:14,122 | INFO | ingest | [ingest] start for 2026-01
2026-09-25 17:53:14,122 | INFO | ingest | Skipping download, raw file already present: yellow_tripdata_2026-01.parquet (64.2 MB)
2026-09-25 17:53:14,416 | INFO | ingest | [completeness] yellow_tripdata_2026-01.parquet: 3,724,889 rows
2026-09-25 17:53:14,444 | INFO | ingest | [completeness] yellow_tripdata_2026-01.parquet: pickup range 2025-12-31 23:57:29 .. 2026-02-01 00:45:01 (expected within 2026-01-01 .. 2026-01-31)
2026-09-25 17:53:14,451 | INFO | ingest | Skipping download, raw file already present: taxi_zone_lookup.csv (0.0 MB)
2026-09-25 17:53:14,457 | INFO | ingest | [completeness] taxi_zone_lookup.csv: 265 rows
2026-09-25 17:53:14,459 | INFO | ingest | Skipping download, raw file already present: weather_2026-01.csv (0.0 MB)
2026-09-25 17:53:14,460 | INFO | ingest | [completeness] weather_2026-01.csv: 744 hourly rows (expected ~744)
2026-09-25 17:53:14,460 | INFO | ingest | [ingest] done for 2026-01: trips=yellow_tripdata_2026-01.parquet, zones=taxi_zone_lookup.csv, weather=weather_2026-01.csv
2026-09-25 17:53:14,460 | INFO | pipeline | [pipeline] stage 1 ingest done in 0.3s
2026-09-25 17:53:14,460 | INFO | validate | === VALIDATE START: 2026-01 ===
2026-09-25 17:53:14,725 | INFO | validate | [profile] shape: 3,724,889 rows x 20 cols
2026-09-25 17:53:14,728 | INFO | validate | [profile] dtypes:
VendorID                          int32
tpep_pickup_datetime     datetime64[us]
tpep_dropoff_datetime    datetime64[us]
passenger_count                 float64
trip_distance                   float64
RatecodeID                      float64
store_and_fwd_flag                  str
PULocationID                      int32
DOLocationID                      int32
payment_type                      int64
fare_amount                     float64
extra                           float64
mta_tax                         float64
tip_amount                      float64
tolls_amount                    float64
improvement_surcharge           float64
total_amount                    float64
congestion_surcharge            float64
Airport_fee                     float64
cbd_congestion_fee              float64
2026-09-25 17:53:14,885 | INFO | validate | [profile] null counts (non-zero only):
passenger_count         1088058
RatecodeID              1088058
store_and_fwd_flag      1088058
congestion_surcharge    1088058
Airport_fee             1088058
2026-09-25 17:53:15,381 | INFO | validate | [profile] duration_min quantiles:
0.00     -11.70
0.01       0.00
0.50      13.37
0.99      71.43
1.00    7507.90
2026-09-25 17:53:15,452 | INFO | validate | [profile] fare_amount quantiles:
0.00   -2555.2
0.01      -3.0
0.50      15.6
0.99      81.4
1.00    2555.2
2026-09-25 17:53:15,533 | INFO | validate | [profile] trip_distance quantiles:
0.00         0.00
0.01         0.00
0.50         1.81
0.99        19.54
1.00    269097.48
2026-09-25 17:53:15,582 | INFO | validate | [profile] passenger_count quantiles:
0.00    0.0
0.01    1.0
0.50    1.0
0.99    4.0
1.00    9.0
2026-09-25 17:53:17,780 | INFO | validate | [profile] duplicates: 0 full-row, 35723 on (pickup, dropoff, PU, DO)
2026-09-25 17:53:17,785 | INFO | validate | [profile] pickup range: 2025-12-31 23:57:29 .. 2026-02-01 00:45:01
2026-09-25 17:53:17,855 | INFO | validate | [rules] invalid_duration         violations: 85,290
2026-09-25 17:53:17,856 | INFO | validate | [rules] negative_fare            violations: 39,463
2026-09-25 17:53:17,856 | INFO | validate | [rules] implausible_distance     violations: 162
2026-09-25 17:53:17,857 | INFO | validate | [rules] unknown_pickup_zone      violations: 0
2026-09-25 17:53:17,858 | INFO | validate | [rules] unknown_dropoff_zone     violations: 0
2026-09-25 17:53:17,858 | INFO | validate | [rules] invalid_passenger_count  violations: 14,794
2026-09-25 17:53:17,859 | INFO | validate | [rules] pickup_outside_month     violations: 1
2026-09-25 17:53:22,273 | INFO | validate | [validate] 2026-01: 3,590,046 valid, 134,843 rejected (3.62%)
2026-09-25 17:53:22,354 | INFO | validate | [validate] rejection reasons:
rejection_reason
invalid_duration           85290
negative_fare              39463
invalid_passenger_count    14794
implausible_distance         162
pickup_outside_month           1
2026-09-25 17:53:22,354 | INFO | validate | === VALIDATE END: 2026-01 ===
2026-09-25 17:53:24,717 | INFO | validate | [validate] wrote 2026-01_clean.parquet (3,590,046 rows) and 2026-01_rejected.csv (134,843 rows)
2026-09-25 17:53:24,718 | INFO | pipeline | [pipeline] stage 2 validate done in 10.3s (3,590,046 valid, 134,843 rejected)
2026-09-25 17:53:25,143 | INFO | model | === MODEL START: building event model from 3,590,046 clean rows ===
2026-09-25 17:53:28,245 | WARNING | model | [model] 4 trips have no weather row for their pickup hour
2026-09-25 17:53:28,258 | INFO | model | [model] event model built: 3,590,046 rows x 26 cols
2026-09-25 17:53:28,328 | INFO | model | [model] median trip duration: 13.7 min | rainy share: 10.2%
2026-09-25 17:53:28,328 | INFO | model | === MODEL END ===
2026-09-25 17:53:29,795 | INFO | model | [model] wrote 2026-01_model.parquet (3,590,046 rows)
2026-09-25 17:53:29,795 | INFO | pipeline | [pipeline] stage 3 model done in 5.1s (3,590,046 event rows)
2026-09-25 17:53:30,179 | INFO | metrics | === METRICS START: 2026-01 (3,590,046 trips) ===
2026-09-25 17:53:31,041 | INFO | metrics | [metrics] benchmark tier zone_pair_hour       resolved 2,536,051 trips (1,053,995 open)
2026-09-25 17:53:31,242 | INFO | metrics | [metrics] benchmark tier pickup_zone_hour     resolved 1,029,602 trips (24,393 open)
2026-09-25 17:53:31,398 | INFO | metrics | [metrics] benchmark tier pickup_borough_hour  resolved 24,104 trips (289 open)
2026-09-25 17:53:31,467 | INFO | metrics | [metrics] benchmark tier citywide_hour        resolved 289 trips (0 open)
2026-09-25 17:53:31,627 | INFO | metrics | [metrics] delay rate: 32.77% of 3,590,046 trips exceed expected by >25%
2026-09-25 17:53:31,690 | INFO | metrics | [metrics] benchmark level mix:
benchmark_level
zone_pair_hour         2536051
pickup_zone_hour       1029602
pickup_borough_hour      24104
citywide_hour              289
2026-09-25 17:53:32,642 | INFO | metrics | [metrics] metric 1: 5,814 zone-hour rows (2,040 low-sample, sorted last)
2026-09-25 17:53:32,643 | INFO | metrics | [metrics] metric 1 worst decision-grade cell: Central Harlem at 16:00 (51.6% delayed, 1,024 trips, avg 23.8 min vs expected 16.6 min)
2026-09-25 17:53:33,020 | INFO | metrics | [metrics] metric 2: overall unreliable rate 32.77%
2026-09-25 17:53:33,020 | INFO | metrics | [metrics] metric 2 interpretation: median benchmark + right-skewed durations means ~1/3 exceed 1.25x it by construction; read as a RELATIVE zone-hour ranking, not an absolute failure rate.
2026-09-25 17:53:33,736 | INFO | metrics | [metrics] metric 3: revenue/mile by borough:
pickup_borough   trips  revenue_per_mile
           EWR      30             16.40
     Manhattan 3074511             10.46
       Unknown    4580              8.67
      Brooklyn  153311              6.40
 Staten Island     460              5.97
        Queens  320937              5.82
         Bronx   36217              4.77
2026-09-25 17:53:36,182 | INFO | metrics | [metrics] metric 4: rainy delay rate 29.18% vs dry 33.18% (difference -4.00 pp, 4 trips excluded for no weather)
2026-09-25 17:53:36,898 | INFO | metrics | [metrics] metric 5: zero-distance 2.73% | zero-fare 0.04% | missing passenger_count 30.22%
2026-09-25 17:53:36,917 | INFO | metrics | [metrics] avg_duration_by_zone_hour      -> 5,814 rows
2026-09-25 17:53:36,917 | INFO | metrics | [metrics] unreliable_trip_rate           -> 5,814 rows
2026-09-25 17:53:36,917 | INFO | metrics | [metrics] revenue_per_mile_by_borough    -> 7 rows
2026-09-25 17:53:36,917 | INFO | metrics | [metrics] weather_delay_rate             -> 16 rows
2026-09-25 17:53:36,917 | INFO | metrics | [metrics] zero_trip_rate                 -> 8 rows
2026-09-25 17:53:36,917 | INFO | metrics | === METRICS END: 2026-01 ===
2026-09-25 17:53:37,146 | INFO | metrics | [metrics] wrote metrics_2026-01.csv
2026-09-25 17:53:37,146 | INFO | metrics | [metrics] wrote metrics_2026-01_avg_duration_by_zone_hour.csv
2026-09-25 17:53:37,146 | INFO | metrics | [metrics] wrote metrics_2026-01_unreliable_trip_rate.csv
2026-09-25 17:53:37,146 | INFO | metrics | [metrics] wrote metrics_2026-01_revenue_per_mile_by_borough.csv
2026-09-25 17:53:37,146 | INFO | metrics | [metrics] wrote metrics_2026-01_weather_delay_rate.csv
2026-09-25 17:53:37,146 | INFO | metrics | [metrics] wrote metrics_2026-01_zero_trip_rate.csv
2026-09-25 17:53:37,146 | INFO | pipeline | [pipeline] stage 4 metrics done in 7.3s (6 metric tables written)
2026-09-25 17:53:37,161 | INFO | pipeline | ======================================================================
2026-09-25 17:53:37,161 | INFO | pipeline | PIPELINE SUCCEEDED for 2026-01 in 23.0s
2026-09-25 17:53:37,161 | INFO | pipeline |   clean:    /Users/akshatsipany/SST/fde/nyc-tlc-assignment-2/data/processed/2026-01_clean.parquet
2026-09-25 17:53:37,161 | INFO | pipeline |   rejected: /Users/akshatsipany/SST/fde/nyc-tlc-assignment-2/data/rejected/2026-01_rejected.csv
2026-09-25 17:53:37,161 | INFO | pipeline |   model:    /Users/akshatsipany/SST/fde/nyc-tlc-assignment-2/data/processed/2026-01_model.parquet
2026-09-25 17:53:37,161 | INFO | pipeline |   metrics:  /Users/akshatsipany/SST/fde/nyc-tlc-assignment-2/output/metrics_2026-01.csv
2026-09-25 17:53:37,161 | INFO | pipeline |   metrics:  /Users/akshatsipany/SST/fde/nyc-tlc-assignment-2/output/metrics_2026-01_avg_duration_by_zone_hour.csv
2026-09-25 17:53:37,161 | INFO | pipeline |   metrics:  /Users/akshatsipany/SST/fde/nyc-tlc-assignment-2/output/metrics_2026-01_unreliable_trip_rate.csv
2026-09-25 17:53:37,161 | INFO | pipeline |   metrics:  /Users/akshatsipany/SST/fde/nyc-tlc-assignment-2/output/metrics_2026-01_revenue_per_mile_by_borough.csv
2026-09-25 17:53:37,161 | INFO | pipeline |   metrics:  /Users/akshatsipany/SST/fde/nyc-tlc-assignment-2/output/metrics_2026-01_weather_delay_rate.csv
2026-09-25 17:53:37,161 | INFO | pipeline |   metrics:  /Users/akshatsipany/SST/fde/nyc-tlc-assignment-2/output/metrics_2026-01_zero_trip_rate.csv
2026-09-25 17:53:37,161 | INFO | pipeline | ======================================================================
2026-09-25 17:53:37,161 | INFO | pipeline | All 1 month(s) completed successfully.
2026-09-27 00:46:12,519 | INFO | pipeline | ======================================================================
2026-09-27 00:46:12,520 | INFO | pipeline | PIPELINE START for 2026-01
2026-09-27 00:46:12,520 | INFO | pipeline | ======================================================================
2026-09-27 00:46:12,520 | INFO | ingest | [ingest] start for 2026-01
2026-09-27 00:46:12,520 | INFO | ingest | Skipping download, raw file already present: yellow_tripdata_2026-01.parquet (64.2 MB)
2026-09-27 00:46:12,823 | INFO | ingest | [completeness] yellow_tripdata_2026-01.parquet: 3,724,889 rows
2026-09-27 00:46:12,843 | INFO | ingest | [completeness] yellow_tripdata_2026-01.parquet: pickup range 2025-12-31 23:57:29 .. 2026-02-01 00:45:01 (expected within 2026-01-01 .. 2026-01-31)
2026-09-27 00:46:12,849 | INFO | ingest | Skipping download, raw file already present: taxi_zone_lookup.csv (0.0 MB)
2026-09-27 00:46:12,855 | INFO | ingest | [completeness] taxi_zone_lookup.csv: 265 rows
2026-09-27 00:46:12,856 | INFO | ingest | Skipping download, raw file already present: weather_2026-01.csv (0.0 MB)
2026-09-27 00:46:12,857 | INFO | ingest | [completeness] weather_2026-01.csv: 744 hourly rows (expected ~744)
2026-09-27 00:46:12,857 | INFO | ingest | [ingest] done for 2026-01: trips=yellow_tripdata_2026-01.parquet, zones=taxi_zone_lookup.csv, weather=weather_2026-01.csv
2026-09-27 00:46:12,857 | INFO | pipeline | [pipeline] stage 1 ingest done in 0.3s
2026-09-27 00:46:12,857 | INFO | validate | === VALIDATE START: 2026-01 ===
2026-09-27 00:46:13,086 | INFO | validate | [profile] shape: 3,724,889 rows x 20 cols
2026-09-27 00:46:13,088 | INFO | validate | [profile] dtypes:
VendorID                          int32
tpep_pickup_datetime     datetime64[us]
tpep_dropoff_datetime    datetime64[us]
passenger_count                 float64
trip_distance                   float64
RatecodeID                      float64
store_and_fwd_flag                  str
PULocationID                      int32
DOLocationID                      int32
payment_type                      int64
fare_amount                     float64
extra                           float64
mta_tax                         float64
tip_amount                      float64
tolls_amount                    float64
improvement_surcharge           float64
total_amount                    float64
congestion_surcharge            float64
Airport_fee                     float64
cbd_congestion_fee              float64
2026-09-27 00:46:13,194 | INFO | validate | [profile] null counts (non-zero only):
passenger_count         1088058
RatecodeID              1088058
store_and_fwd_flag      1088058
congestion_surcharge    1088058
Airport_fee             1088058
2026-09-27 00:46:13,301 | INFO | validate | [profile] duration_min quantiles:
0.00     -11.70
0.01       0.00
0.50      13.37
0.99      71.43
1.00    7507.90
2026-09-27 00:46:13,367 | INFO | validate | [profile] fare_amount quantiles:
0.00   -2555.2
0.01      -3.0
0.50      15.6
0.99      81.4
1.00    2555.2
2026-09-27 00:46:13,437 | INFO | validate | [profile] trip_distance quantiles:
0.00         0.00
0.01         0.00
0.50         1.81
0.99        19.54
1.00    269097.48
2026-09-27 00:46:13,489 | INFO | validate | [profile] passenger_count quantiles:
0.00    0.0
0.01    1.0
0.50    1.0
0.99    4.0
1.00    9.0
2026-09-27 00:46:15,608 | INFO | validate | [profile] duplicates: 0 full-row, 35723 on (pickup, dropoff, PU, DO)
2026-09-27 00:46:15,612 | INFO | validate | [profile] pickup range: 2025-12-31 23:57:29 .. 2026-02-01 00:45:01
2026-09-27 00:46:15,678 | INFO | validate | [rules] invalid_duration         violations: 85,290
2026-09-27 00:46:15,679 | INFO | validate | [rules] negative_fare            violations: 39,463
2026-09-27 00:46:15,679 | INFO | validate | [rules] implausible_distance     violations: 162
2026-09-27 00:46:15,680 | INFO | validate | [rules] unknown_pickup_zone      violations: 0
2026-09-27 00:46:15,681 | INFO | validate | [rules] unknown_dropoff_zone     violations: 0
2026-09-27 00:46:15,681 | INFO | validate | [rules] invalid_passenger_count  violations: 14,794
2026-09-27 00:46:15,682 | INFO | validate | [rules] pickup_outside_month     violations: 1
2026-09-27 00:46:19,610 | INFO | validate | [validate] 2026-01: 3,590,046 valid, 134,843 rejected (3.62%)
2026-09-27 00:46:19,659 | INFO | validate | [validate] rejection reasons:
rejection_reason
invalid_duration           85290
negative_fare              39463
invalid_passenger_count    14794
implausible_distance         162
pickup_outside_month           1
2026-09-27 00:46:19,659 | INFO | validate | === VALIDATE END: 2026-01 ===
2026-09-27 00:46:21,409 | INFO | validate | [validate] wrote 2026-01_clean.parquet (3,590,046 rows) and 2026-01_rejected.csv (134,843 rows)
2026-09-27 00:46:21,409 | INFO | pipeline | [pipeline] stage 2 validate done in 8.6s (3,590,046 valid, 134,843 rejected)
2026-09-27 00:46:21,589 | INFO | model | === MODEL START: building event model from 3,590,046 clean rows ===
2026-09-27 00:46:23,742 | WARNING | model | [model] 4 trips have no weather row for their pickup hour
2026-09-27 00:46:23,756 | INFO | model | [model] event model built: 3,590,046 rows x 26 cols
2026-09-27 00:46:23,800 | INFO | model | [model] median trip duration: 13.7 min | rainy share: 10.2%
2026-09-27 00:46:23,800 | INFO | model | === MODEL END ===
2026-09-27 00:46:25,084 | INFO | model | [model] wrote 2026-01_model.parquet (3,590,046 rows)
2026-09-27 00:46:25,084 | INFO | pipeline | [pipeline] stage 3 model done in 3.7s (3,590,046 event rows)
2026-09-27 00:46:25,281 | INFO | metrics | === METRICS START: 2026-01 (3,590,046 trips) ===
2026-09-27 00:46:25,986 | INFO | metrics | [metrics] benchmark tier zone_pair_hour       resolved 2,536,051 trips (1,053,995 open)
2026-09-27 00:46:26,185 | INFO | metrics | [metrics] benchmark tier pickup_zone_hour     resolved 1,029,602 trips (24,393 open)
2026-09-27 00:46:26,345 | INFO | metrics | [metrics] benchmark tier pickup_borough_hour  resolved 24,104 trips (289 open)
2026-09-27 00:46:26,415 | INFO | metrics | [metrics] benchmark tier citywide_hour        resolved 289 trips (0 open)
2026-09-27 00:46:26,567 | INFO | metrics | [metrics] delay rate: 32.77% of 3,590,046 trips exceed expected by >25%
2026-09-27 00:46:26,630 | INFO | metrics | [metrics] benchmark level mix:
benchmark_level
zone_pair_hour         2536051
pickup_zone_hour       1029602
pickup_borough_hour      24104
citywide_hour              289
2026-09-27 00:46:27,555 | INFO | metrics | [metrics] metric 1: 5,814 zone-hour rows (2,040 low-sample, sorted last)
2026-09-27 00:46:27,555 | INFO | metrics | [metrics] metric 1 worst decision-grade cell: Central Harlem at 16:00 (51.6% delayed, 1,024 trips, avg 23.8 min vs expected 16.6 min)
2026-09-27 00:46:27,901 | INFO | metrics | [metrics] metric 2: overall unreliable rate 32.77%
2026-09-27 00:46:27,901 | INFO | metrics | [metrics] metric 2 interpretation: median benchmark + right-skewed durations means ~1/3 exceed 1.25x it by construction; read as a RELATIVE zone-hour ranking, not an absolute failure rate.
2026-09-27 00:46:28,467 | INFO | metrics | [metrics] metric 3: revenue/mile by borough:
pickup_borough   trips  revenue_per_mile
           EWR      30             16.40
     Manhattan 3074511             10.46
       Unknown    4580              8.67
      Brooklyn  153311              6.40
 Staten Island     460              5.97
        Queens  320937              5.82
         Bronx   36217              4.77
2026-09-27 00:46:29,977 | INFO | metrics | [metrics] metric 4: rainy delay rate 29.18% vs dry 33.18% (difference -4.00 pp, 4 trips excluded for no weather)
2026-09-27 00:46:30,530 | INFO | metrics | [metrics] metric 5: zero-distance 2.73% | zero-fare 0.04% | missing passenger_count 30.22%
2026-09-27 00:46:30,545 | INFO | metrics | [metrics] avg_duration_by_zone_hour      -> 5,814 rows
2026-09-27 00:46:30,545 | INFO | metrics | [metrics] unreliable_trip_rate           -> 5,814 rows
2026-09-27 00:46:30,546 | INFO | metrics | [metrics] revenue_per_mile_by_borough    -> 7 rows
2026-09-27 00:46:30,546 | INFO | metrics | [metrics] weather_delay_rate             -> 16 rows
2026-09-27 00:46:30,546 | INFO | metrics | [metrics] zero_trip_rate                 -> 8 rows
2026-09-27 00:46:30,546 | INFO | metrics | === METRICS END: 2026-01 ===
2026-09-27 00:46:30,694 | INFO | metrics | [metrics] wrote metrics_2026-01.csv
2026-09-27 00:46:30,694 | INFO | metrics | [metrics] wrote metrics_2026-01_avg_duration_by_zone_hour.csv
2026-09-27 00:46:30,694 | INFO | metrics | [metrics] wrote metrics_2026-01_unreliable_trip_rate.csv
2026-09-27 00:46:30,694 | INFO | metrics | [metrics] wrote metrics_2026-01_revenue_per_mile_by_borough.csv
2026-09-27 00:46:30,694 | INFO | metrics | [metrics] wrote metrics_2026-01_weather_delay_rate.csv
2026-09-27 00:46:30,694 | INFO | metrics | [metrics] wrote metrics_2026-01_zero_trip_rate.csv
2026-09-27 00:46:30,694 | INFO | pipeline | [pipeline] stage 4 metrics done in 5.6s (6 metric tables written)
2026-09-27 00:46:30,706 | INFO | pipeline | ======================================================================
2026-09-27 00:46:30,706 | INFO | pipeline | PIPELINE SUCCEEDED for 2026-01 in 18.2s
2026-09-27 00:46:30,706 | INFO | pipeline |   clean:    /Users/akshatsipany/SST/fde/nyc-tlc-assignment-2/data/processed/2026-01_clean.parquet
2026-09-27 00:46:30,706 | INFO | pipeline |   rejected: /Users/akshatsipany/SST/fde/nyc-tlc-assignment-2/data/rejected/2026-01_rejected.csv
2026-09-27 00:46:30,706 | INFO | pipeline |   model:    /Users/akshatsipany/SST/fde/nyc-tlc-assignment-2/data/processed/2026-01_model.parquet
2026-09-27 00:46:30,706 | INFO | pipeline |   metrics:  /Users/akshatsipany/SST/fde/nyc-tlc-assignment-2/output/metrics_2026-01.csv
2026-09-27 00:46:30,706 | INFO | pipeline |   metrics:  /Users/akshatsipany/SST/fde/nyc-tlc-assignment-2/output/metrics_2026-01_avg_duration_by_zone_hour.csv
2026-09-27 00:46:30,706 | INFO | pipeline |   metrics:  /Users/akshatsipany/SST/fde/nyc-tlc-assignment-2/output/metrics_2026-01_unreliable_trip_rate.csv
2026-09-27 00:46:30,706 | INFO | pipeline |   metrics:  /Users/akshatsipany/SST/fde/nyc-tlc-assignment-2/output/metrics_2026-01_revenue_per_mile_by_borough.csv
2026-09-27 00:46:30,706 | INFO | pipeline |   metrics:  /Users/akshatsipany/SST/fde/nyc-tlc-assignment-2/output/metrics_2026-01_weather_delay_rate.csv
2026-09-27 00:46:30,706 | INFO | pipeline |   metrics:  /Users/akshatsipany/SST/fde/nyc-tlc-assignment-2/output/metrics_2026-01_zero_trip_rate.csv
2026-09-27 00:46:30,706 | INFO | pipeline | ======================================================================
2026-09-27 00:46:30,706 | INFO | pipeline | ======================================================================
2026-09-27 00:46:30,706 | INFO | pipeline | PIPELINE START for 2026-02
2026-09-27 00:46:30,706 | INFO | pipeline | ======================================================================
2026-09-27 00:46:30,706 | INFO | ingest | [ingest] start for 2026-02
2026-09-27 00:46:30,706 | INFO | ingest | Skipping download, raw file already present: yellow_tripdata_2026-02.parquet (58.7 MB)
2026-09-27 00:46:30,821 | INFO | ingest | [completeness] yellow_tripdata_2026-02.parquet: 3,399,866 rows
2026-09-27 00:46:30,829 | INFO | ingest | [completeness] yellow_tripdata_2026-02.parquet: pickup range 2026-01-31 23:31:23 .. 2026-03-01 00:51:48 (expected within 2026-02-01 .. 2026-02-28)
2026-09-27 00:46:30,833 | INFO | ingest | Skipping download, raw file already present: taxi_zone_lookup.csv (0.0 MB)
2026-09-27 00:46:30,835 | INFO | ingest | [completeness] taxi_zone_lookup.csv: 265 rows
2026-09-27 00:46:30,835 | INFO | ingest | Skipping download, raw file already present: weather_2026-02.csv (0.0 MB)
2026-09-27 00:46:30,836 | INFO | ingest | [completeness] weather_2026-02.csv: 672 hourly rows (expected ~672)
2026-09-27 00:46:30,836 | INFO | ingest | [ingest] done for 2026-02: trips=yellow_tripdata_2026-02.parquet, zones=taxi_zone_lookup.csv, weather=weather_2026-02.csv
2026-09-27 00:46:30,836 | INFO | pipeline | [pipeline] stage 1 ingest done in 0.1s
2026-09-27 00:46:30,836 | INFO | validate | === VALIDATE START: 2026-02 ===
2026-09-27 00:46:30,926 | INFO | validate | [profile] shape: 3,399,866 rows x 20 cols
2026-09-27 00:46:30,926 | INFO | validate | [profile] dtypes:
VendorID                          int32
tpep_pickup_datetime     datetime64[us]
tpep_dropoff_datetime    datetime64[us]
passenger_count                 float64
trip_distance                   float64
RatecodeID                      float64
store_and_fwd_flag                  str
PULocationID                      int32
DOLocationID                      int32
payment_type                      int64
fare_amount                     float64
extra                           float64
mta_tax                         float64
tip_amount                      float64
tolls_amount                    float64
improvement_surcharge           float64
total_amount                    float64
congestion_surcharge            float64
Airport_fee                     float64
cbd_congestion_fee              float64
2026-09-27 00:46:30,955 | INFO | validate | [profile] null counts (non-zero only):
passenger_count         1023317
RatecodeID              1023317
store_and_fwd_flag      1023317
congestion_surcharge    1023317
Airport_fee             1023317
2026-09-27 00:46:31,047 | INFO | validate | [profile] duration_min quantiles:
0.00      -1.05
0.01       0.00
0.50      14.02
0.99      72.52
1.00    9265.15
2026-09-27 00:46:31,110 | INFO | validate | [profile] fare_amount quantiles:
0.00   -2084.1
0.01       3.0
0.50      16.3
0.99      80.7
1.00    2084.1
2026-09-27 00:46:31,173 | INFO | validate | [profile] trip_distance quantiles:
0.00         0.00
0.01         0.00
0.50         1.80
0.99        19.41
1.00    328522.20
2026-09-27 00:46:31,209 | INFO | validate | [profile] passenger_count quantiles:
0.00    0.0
0.01    1.0
0.50    1.0
0.99    4.0
1.00    9.0
2026-09-27 00:46:32,891 | INFO | validate | [profile] duplicates: 0 full-row, 24402 on (pickup, dropoff, PU, DO)
2026-09-27 00:46:32,894 | INFO | validate | [profile] pickup range: 2026-01-31 23:31:23 .. 2026-03-01 00:51:48
2026-09-27 00:46:32,947 | INFO | validate | [rules] invalid_duration         violations: 74,974
2026-09-27 00:46:32,948 | INFO | validate | [rules] negative_fare            violations: 26,721
2026-09-27 00:46:32,949 | INFO | validate | [rules] implausible_distance     violations: 172
2026-09-27 00:46:32,949 | INFO | validate | [rules] unknown_pickup_zone      violations: 0
2026-09-27 00:46:32,950 | INFO | validate | [rules] unknown_dropoff_zone     violations: 0
2026-09-27 00:46:32,950 | INFO | validate | [rules] invalid_passenger_count  violations: 12,888
2026-09-27 00:46:32,951 | INFO | validate | [rules] pickup_outside_month     violations: 4
2026-09-27 00:46:35,974 | INFO | validate | [validate] 2026-02: 3,288,955 valid, 110,911 rejected (3.26%)
2026-09-27 00:46:36,008 | INFO | validate | [validate] rejection reasons:
rejection_reason
invalid_duration           74974
negative_fare              26721
invalid_passenger_count    12888
implausible_distance         172
pickup_outside_month           4
2026-09-27 00:46:36,008 | INFO | validate | === VALIDATE END: 2026-02 ===
2026-09-27 00:46:37,360 | INFO | validate | [validate] wrote 2026-02_clean.parquet (3,288,955 rows) and 2026-02_rejected.csv (110,911 rows)
2026-09-27 00:46:37,360 | INFO | pipeline | [pipeline] stage 2 validate done in 6.5s (3,288,955 valid, 110,911 rejected)
2026-09-27 00:46:37,430 | INFO | model | === MODEL START: building event model from 3,288,955 clean rows ===
2026-09-27 00:46:39,113 | WARNING | model | [model] 12 trips have no weather row for their pickup hour
2026-09-27 00:46:39,121 | INFO | model | [model] event model built: 3,288,955 rows x 26 cols
2026-09-27 00:46:39,155 | INFO | model | [model] median trip duration: 14.3 min | rainy share: 9.0%
2026-09-27 00:46:39,155 | INFO | model | === MODEL END ===
2026-09-27 00:46:40,202 | INFO | model | [model] wrote 2026-02_model.parquet (3,288,955 rows)
2026-09-27 00:46:40,202 | INFO | pipeline | [pipeline] stage 3 model done in 2.8s (3,288,955 event rows)
2026-09-27 00:46:40,319 | INFO | metrics | === METRICS START: 2026-02 (3,288,955 trips) ===
2026-09-27 00:46:40,857 | INFO | metrics | [metrics] benchmark tier zone_pair_hour       resolved 2,279,368 trips (1,009,587 open)
2026-09-27 00:46:41,031 | INFO | metrics | [metrics] benchmark tier pickup_zone_hour     resolved 985,282 trips (24,305 open)
2026-09-27 00:46:41,161 | INFO | metrics | [metrics] benchmark tier pickup_borough_hour  resolved 24,037 trips (268 open)
2026-09-27 00:46:41,226 | INFO | metrics | [metrics] benchmark tier citywide_hour        resolved 268 trips (0 open)
2026-09-27 00:46:41,357 | INFO | metrics | [metrics] delay rate: 33.07% of 3,288,955 trips exceed expected by >25%
2026-09-27 00:46:41,416 | INFO | metrics | [metrics] benchmark level mix:
benchmark_level
zone_pair_hour         2279368
pickup_zone_hour        985282
pickup_borough_hour      24037
citywide_hour              268
2026-09-27 00:46:42,292 | INFO | metrics | [metrics] metric 1: 5,801 zone-hour rows (2,078 low-sample, sorted last)
2026-09-27 00:46:42,292 | INFO | metrics | [metrics] metric 1 worst decision-grade cell: Central Harlem at 17:00 (50.8% delayed, 1,298 trips, avg 20.5 min vs expected 14.8 min)
2026-09-27 00:46:42,598 | INFO | metrics | [metrics] metric 2: overall unreliable rate 33.07%
2026-09-27 00:46:42,598 | INFO | metrics | [metrics] metric 2 interpretation: median benchmark + right-skewed durations means ~1/3 exceed 1.25x it by construction; read as a RELATIVE zone-hour ranking, not an absolute failure rate.
2026-09-27 00:46:43,040 | INFO | metrics | [metrics] metric 3: revenue/mile by borough:
pickup_borough   trips  revenue_per_mile
           EWR      30             13.62
     Manhattan 2820350             10.96
       Unknown    3898              8.51
      Brooklyn  147509              6.85
 Staten Island     407              6.13
        Queens  282427              5.94
         Bronx   34334              5.00
2026-09-27 00:46:44,311 | INFO | metrics | [metrics] metric 4: rainy delay rate 27.68% vs dry 33.60% (difference -5.92 pp, 12 trips excluded for no weather)
2026-09-27 00:46:44,876 | INFO | metrics | [metrics] metric 5: zero-distance 3.02% | zero-fare 0.05% | missing passenger_count 31.03%
2026-09-27 00:46:44,890 | INFO | metrics | [metrics] avg_duration_by_zone_hour      -> 5,801 rows
2026-09-27 00:46:44,890 | INFO | metrics | [metrics] unreliable_trip_rate           -> 5,801 rows
2026-09-27 00:46:44,890 | INFO | metrics | [metrics] revenue_per_mile_by_borough    -> 7 rows
2026-09-27 00:46:44,890 | INFO | metrics | [metrics] weather_delay_rate             -> 16 rows
2026-09-27 00:46:44,890 | INFO | metrics | [metrics] zero_trip_rate                 -> 8 rows
2026-09-27 00:46:44,890 | INFO | metrics | === METRICS END: 2026-02 ===
2026-09-27 00:46:45,016 | INFO | metrics | [metrics] wrote metrics_2026-02.csv
2026-09-27 00:46:45,016 | INFO | metrics | [metrics] wrote metrics_2026-02_avg_duration_by_zone_hour.csv
2026-09-27 00:46:45,016 | INFO | metrics | [metrics] wrote metrics_2026-02_unreliable_trip_rate.csv
2026-09-27 00:46:45,016 | INFO | metrics | [metrics] wrote metrics_2026-02_revenue_per_mile_by_borough.csv
2026-09-27 00:46:45,016 | INFO | metrics | [metrics] wrote metrics_2026-02_weather_delay_rate.csv
2026-09-27 00:46:45,016 | INFO | metrics | [metrics] wrote metrics_2026-02_zero_trip_rate.csv
2026-09-27 00:46:45,017 | INFO | pipeline | [pipeline] stage 4 metrics done in 4.8s (6 metric tables written)
2026-09-27 00:46:45,027 | INFO | pipeline | ======================================================================
2026-09-27 00:46:45,027 | INFO | pipeline | PIPELINE SUCCEEDED for 2026-02 in 14.3s
2026-09-27 00:46:45,027 | INFO | pipeline |   clean:    /Users/akshatsipany/SST/fde/nyc-tlc-assignment-2/data/processed/2026-02_clean.parquet
2026-09-27 00:46:45,027 | INFO | pipeline |   rejected: /Users/akshatsipany/SST/fde/nyc-tlc-assignment-2/data/rejected/2026-02_rejected.csv
2026-09-27 00:46:45,027 | INFO | pipeline |   model:    /Users/akshatsipany/SST/fde/nyc-tlc-assignment-2/data/processed/2026-02_model.parquet
2026-09-27 00:46:45,027 | INFO | pipeline |   metrics:  /Users/akshatsipany/SST/fde/nyc-tlc-assignment-2/output/metrics_2026-02.csv
2026-09-27 00:46:45,027 | INFO | pipeline |   metrics:  /Users/akshatsipany/SST/fde/nyc-tlc-assignment-2/output/metrics_2026-02_avg_duration_by_zone_hour.csv
2026-09-27 00:46:45,027 | INFO | pipeline |   metrics:  /Users/akshatsipany/SST/fde/nyc-tlc-assignment-2/output/metrics_2026-02_unreliable_trip_rate.csv
2026-09-27 00:46:45,027 | INFO | pipeline |   metrics:  /Users/akshatsipany/SST/fde/nyc-tlc-assignment-2/output/metrics_2026-02_revenue_per_mile_by_borough.csv
2026-09-27 00:46:45,027 | INFO | pipeline |   metrics:  /Users/akshatsipany/SST/fde/nyc-tlc-assignment-2/output/metrics_2026-02_weather_delay_rate.csv
2026-09-27 00:46:45,027 | INFO | pipeline |   metrics:  /Users/akshatsipany/SST/fde/nyc-tlc-assignment-2/output/metrics_2026-02_zero_trip_rate.csv
2026-09-27 00:46:45,027 | INFO | pipeline | ======================================================================
2026-09-27 00:46:45,027 | INFO | pipeline | ======================================================================
2026-09-27 00:46:45,027 | INFO | pipeline | PIPELINE START for 2026-03
2026-09-27 00:46:45,027 | INFO | pipeline | ======================================================================
2026-09-27 00:46:45,027 | INFO | ingest | [ingest] start for 2026-03
2026-09-27 00:46:45,027 | INFO | ingest | Skipping download, raw file already present: yellow_tripdata_2026-03.parquet (67.9 MB)
2026-09-27 00:46:45,088 | INFO | ingest | [completeness] yellow_tripdata_2026-03.parquet: 3,952,451 rows
2026-09-27 00:46:45,098 | INFO | ingest | [completeness] yellow_tripdata_2026-03.parquet: pickup range 2008-12-31 23:03:20 .. 2026-04-01 00:06:25 (expected within 2026-03-01 .. 2026-03-31)
2026-09-27 00:46:45,103 | INFO | ingest | Skipping download, raw file already present: taxi_zone_lookup.csv (0.0 MB)
2026-09-27 00:46:45,104 | INFO | ingest | [completeness] taxi_zone_lookup.csv: 265 rows
2026-09-27 00:46:45,104 | INFO | ingest | Skipping download, raw file already present: weather_2026-03.csv (0.0 MB)
2026-09-27 00:46:45,105 | INFO | ingest | [completeness] weather_2026-03.csv: 744 hourly rows (expected ~744)
2026-09-27 00:46:45,106 | INFO | ingest | [ingest] done for 2026-03: trips=yellow_tripdata_2026-03.parquet, zones=taxi_zone_lookup.csv, weather=weather_2026-03.csv
2026-09-27 00:46:45,106 | INFO | pipeline | [pipeline] stage 1 ingest done in 0.1s
2026-09-27 00:46:45,106 | INFO | validate | === VALIDATE START: 2026-03 ===
2026-09-27 00:46:45,203 | INFO | validate | [profile] shape: 3,952,451 rows x 20 cols
2026-09-27 00:46:45,203 | INFO | validate | [profile] dtypes:
VendorID                          int32
tpep_pickup_datetime     datetime64[us]
tpep_dropoff_datetime    datetime64[us]
passenger_count                 float64
trip_distance                   float64
RatecodeID                      float64
store_and_fwd_flag                  str
PULocationID                      int32
DOLocationID                      int32
payment_type                      int64
fare_amount                     float64
extra                           float64
mta_tax                         float64
tip_amount                      float64
tolls_amount                    float64
improvement_surcharge           float64
total_amount                    float64
congestion_surcharge            float64
Airport_fee                     float64
cbd_congestion_fee              float64
2026-09-27 00:46:45,238 | INFO | validate | [profile] null counts (non-zero only):
passenger_count         945748
RatecodeID              945748
store_and_fwd_flag      945748
congestion_surcharge    945748
Airport_fee             945748
2026-09-27 00:46:45,336 | INFO | validate | [profile] duration_min quantiles:
0.00    -186.67
0.01       0.00
0.50      13.28
0.99      75.25
1.00    7620.60
2026-09-27 00:46:45,410 | INFO | validate | [profile] fare_amount quantiles:
0.00    -990.0
0.01       3.0
0.50      15.6
0.99      81.4
1.00    1843.3
2026-09-27 00:46:45,488 | INFO | validate | [profile] trip_distance quantiles:
0.00         0.00
0.01         0.00
0.50         1.82
0.99        19.58
1.00    288381.68
2026-09-27 00:46:45,531 | INFO | validate | [profile] passenger_count quantiles:
0.00    0.0
0.01    1.0
0.50    1.0
0.99    4.0
1.00    8.0
2026-09-27 00:46:47,544 | INFO | validate | [profile] duplicates: 0 full-row, 18963 on (pickup, dropoff, PU, DO)
2026-09-27 00:46:47,549 | INFO | validate | [profile] pickup range: 2008-12-31 23:03:20 .. 2026-04-01 00:06:25
2026-09-27 00:46:47,616 | INFO | validate | [rules] invalid_duration         violations: 90,147
2026-09-27 00:46:47,616 | INFO | validate | [rules] negative_fare            violations: 20,724
2026-09-27 00:46:47,617 | INFO | validate | [rules] implausible_distance     violations: 161
2026-09-27 00:46:47,618 | INFO | validate | [rules] unknown_pickup_zone      violations: 0
2026-09-27 00:46:47,618 | INFO | validate | [rules] unknown_dropoff_zone     violations: 0
2026-09-27 00:46:47,619 | INFO | validate | [rules] invalid_passenger_count  violations: 12,970
2026-09-27 00:46:47,620 | INFO | validate | [rules] pickup_outside_month     violations: 4
2026-09-27 00:46:50,985 | INFO | validate | [validate] 2026-03: 3,831,806 valid, 120,645 rejected (3.05%)
2026-09-27 00:46:51,024 | INFO | validate | [validate] rejection reasons:
rejection_reason
invalid_duration           90147
negative_fare              20724
invalid_passenger_count    12970
implausible_distance         161
pickup_outside_month           4
2026-09-27 00:46:51,024 | INFO | validate | === VALIDATE END: 2026-03 ===
2026-09-27 00:46:52,439 | INFO | validate | [validate] wrote 2026-03_clean.parquet (3,831,806 rows) and 2026-03_rejected.csv (120,645 rows)
2026-09-27 00:46:52,439 | INFO | pipeline | [pipeline] stage 2 validate done in 7.3s (3,831,806 valid, 120,645 rejected)
2026-09-27 00:46:52,526 | INFO | model | === MODEL START: building event model from 3,831,806 clean rows ===
2026-09-27 00:46:54,543 | WARNING | model | [model] 14 trips have no weather row for their pickup hour
2026-09-27 00:46:54,554 | INFO | model | [model] event model built: 3,831,806 rows x 26 cols
2026-09-27 00:46:54,601 | INFO | model | [model] median trip duration: 13.6 min | rainy share: 16.4%
2026-09-27 00:46:54,601 | INFO | model | === MODEL END ===
2026-09-27 00:46:56,059 | INFO | model | [model] wrote 2026-03_model.parquet (3,831,806 rows)
2026-09-27 00:46:56,059 | INFO | pipeline | [pipeline] stage 3 model done in 3.6s (3,831,806 event rows)
2026-09-27 00:46:56,209 | INFO | metrics | === METRICS START: 2026-03 (3,831,806 trips) ===
2026-09-27 00:46:56,842 | INFO | metrics | [metrics] benchmark tier zone_pair_hour       resolved 2,789,680 trips (1,042,126 open)
2026-09-27 00:46:57,022 | INFO | metrics | [metrics] benchmark tier pickup_zone_hour     resolved 1,018,413 trips (23,713 open)
2026-09-27 00:46:57,188 | INFO | metrics | [metrics] benchmark tier pickup_borough_hour  resolved 23,370 trips (343 open)
2026-09-27 00:46:57,265 | INFO | metrics | [metrics] benchmark tier citywide_hour        resolved 343 trips (0 open)
2026-09-27 00:46:57,410 | INFO | metrics | [metrics] delay rate: 31.23% of 3,831,806 trips exceed expected by >25%
2026-09-27 00:46:57,476 | INFO | metrics | [metrics] benchmark level mix:
benchmark_level
zone_pair_hour         2789680
pickup_zone_hour       1018413
pickup_borough_hour      23370
citywide_hour              343
2026-09-27 00:46:58,384 | INFO | metrics | [metrics] metric 1: 5,802 zone-hour rows (2,047 low-sample, sorted last)
2026-09-27 00:46:58,384 | INFO | metrics | [metrics] metric 1 worst decision-grade cell: South Ozone Park at 16:00 (59.3% delayed, 91 trips, avg 33.4 min vs expected 19.8 min)
2026-09-27 00:46:58,739 | INFO | metrics | [metrics] metric 2: overall unreliable rate 31.23%
2026-09-27 00:46:58,740 | INFO | metrics | [metrics] metric 2 interpretation: median benchmark + right-skewed durations means ~1/3 exceed 1.25x it by construction; read as a RELATIVE zone-hour ranking, not an absolute failure rate.
2026-09-27 00:46:59,295 | INFO | metrics | [metrics] metric 3: revenue/mile by borough:
pickup_borough   trips  revenue_per_mile
           EWR      31             35.77
     Manhattan 3295054             10.58
       Unknown    4721              8.48
      Brooklyn  157930              6.53
        Queens  334197              5.90
 Staten Island     437              5.82
         Bronx   39436              4.73
2026-09-27 00:47:00,933 | INFO | metrics | [metrics] metric 4: rainy delay rate 33.29% vs dry 30.83% (difference +2.46 pp, 14 trips excluded for no weather)
2026-09-27 00:47:01,542 | INFO | metrics | [metrics] metric 5: zero-distance 2.40% | zero-fare 0.06% | missing passenger_count 24.61%
2026-09-27 00:47:01,561 | INFO | metrics | [metrics] avg_duration_by_zone_hour      -> 5,802 rows
2026-09-27 00:47:01,561 | INFO | metrics | [metrics] unreliable_trip_rate           -> 5,802 rows
2026-09-27 00:47:01,561 | INFO | metrics | [metrics] revenue_per_mile_by_borough    -> 7 rows
2026-09-27 00:47:01,561 | INFO | metrics | [metrics] weather_delay_rate             -> 16 rows
2026-09-27 00:47:01,561 | INFO | metrics | [metrics] zero_trip_rate                 -> 8 rows
2026-09-27 00:47:01,561 | INFO | metrics | === METRICS END: 2026-03 ===
2026-09-27 00:47:01,694 | INFO | metrics | [metrics] wrote metrics_2026-03.csv
2026-09-27 00:47:01,694 | INFO | metrics | [metrics] wrote metrics_2026-03_avg_duration_by_zone_hour.csv
2026-09-27 00:47:01,694 | INFO | metrics | [metrics] wrote metrics_2026-03_unreliable_trip_rate.csv
2026-09-27 00:47:01,694 | INFO | metrics | [metrics] wrote metrics_2026-03_revenue_per_mile_by_borough.csv
2026-09-27 00:47:01,694 | INFO | metrics | [metrics] wrote metrics_2026-03_weather_delay_rate.csv
2026-09-27 00:47:01,694 | INFO | metrics | [metrics] wrote metrics_2026-03_zero_trip_rate.csv
2026-09-27 00:47:01,695 | INFO | pipeline | [pipeline] stage 4 metrics done in 5.6s (6 metric tables written)
2026-09-27 00:47:01,707 | INFO | pipeline | ======================================================================
2026-09-27 00:47:01,707 | INFO | pipeline | PIPELINE SUCCEEDED for 2026-03 in 16.7s
2026-09-27 00:47:01,707 | INFO | pipeline |   clean:    /Users/akshatsipany/SST/fde/nyc-tlc-assignment-2/data/processed/2026-03_clean.parquet
2026-09-27 00:47:01,708 | INFO | pipeline |   rejected: /Users/akshatsipany/SST/fde/nyc-tlc-assignment-2/data/rejected/2026-03_rejected.csv
2026-09-27 00:47:01,708 | INFO | pipeline |   model:    /Users/akshatsipany/SST/fde/nyc-tlc-assignment-2/data/processed/2026-03_model.parquet
2026-09-27 00:47:01,708 | INFO | pipeline |   metrics:  /Users/akshatsipany/SST/fde/nyc-tlc-assignment-2/output/metrics_2026-03.csv
2026-09-27 00:47:01,708 | INFO | pipeline |   metrics:  /Users/akshatsipany/SST/fde/nyc-tlc-assignment-2/output/metrics_2026-03_avg_duration_by_zone_hour.csv
2026-09-27 00:47:01,708 | INFO | pipeline |   metrics:  /Users/akshatsipany/SST/fde/nyc-tlc-assignment-2/output/metrics_2026-03_unreliable_trip_rate.csv
2026-09-27 00:47:01,708 | INFO | pipeline |   metrics:  /Users/akshatsipany/SST/fde/nyc-tlc-assignment-2/output/metrics_2026-03_revenue_per_mile_by_borough.csv
2026-09-27 00:47:01,708 | INFO | pipeline |   metrics:  /Users/akshatsipany/SST/fde/nyc-tlc-assignment-2/output/metrics_2026-03_weather_delay_rate.csv
2026-09-27 00:47:01,708 | INFO | pipeline |   metrics:  /Users/akshatsipany/SST/fde/nyc-tlc-assignment-2/output/metrics_2026-03_zero_trip_rate.csv
2026-09-27 00:47:01,708 | INFO | pipeline | ======================================================================
2026-09-27 00:47:01,708 | INFO | pipeline | All 3 month(s) completed successfully.
2026-09-27 01:02:26,652 | INFO | pipeline | ======================================================================
2026-09-27 01:02:26,652 | INFO | pipeline | PIPELINE START for 2026-01
2026-09-27 01:02:26,652 | INFO | pipeline | ======================================================================
2026-09-27 01:02:26,652 | INFO | ingest | [ingest] start for 2026-01
2026-09-27 01:02:26,652 | INFO | ingest | Skipping download, raw file already present: yellow_tripdata_2026-01.parquet (64.2 MB)
2026-09-27 01:02:26,830 | INFO | ingest | [completeness] yellow_tripdata_2026-01.parquet: 3,724,889 rows
2026-09-27 01:02:26,844 | INFO | ingest | [completeness] yellow_tripdata_2026-01.parquet: pickup range 2025-12-31 23:57:29 .. 2026-02-01 00:45:01 (expected within 2026-01-01 .. 2026-01-31)
2026-09-27 01:02:26,848 | INFO | ingest | Skipping download, raw file already present: taxi_zone_lookup.csv (0.0 MB)
2026-09-27 01:02:26,854 | INFO | ingest | [completeness] taxi_zone_lookup.csv: 265 rows
2026-09-27 01:02:26,855 | INFO | ingest | Skipping download, raw file already present: weather_2026-01.csv (0.0 MB)
2026-09-27 01:02:26,856 | INFO | ingest | [completeness] weather_2026-01.csv: 744 hourly rows (expected ~744)
2026-09-27 01:02:26,856 | INFO | ingest | [ingest] done for 2026-01: trips=yellow_tripdata_2026-01.parquet, zones=taxi_zone_lookup.csv, weather=weather_2026-01.csv
2026-09-27 01:02:26,856 | INFO | pipeline | [pipeline] stage 1 ingest done in 0.2s
2026-09-27 01:02:26,856 | INFO | validate | === VALIDATE START: 2026-01 ===
2026-09-27 01:02:27,061 | INFO | validate | [profile] shape: 3,724,889 rows x 20 cols
2026-09-27 01:02:27,062 | INFO | validate | [profile] dtypes:
VendorID                          int32
tpep_pickup_datetime     datetime64[us]
tpep_dropoff_datetime    datetime64[us]
passenger_count                 float64
trip_distance                   float64
RatecodeID                      float64
store_and_fwd_flag                  str
PULocationID                      int32
DOLocationID                      int32
payment_type                      int64
fare_amount                     float64
extra                           float64
mta_tax                         float64
tip_amount                      float64
tolls_amount                    float64
improvement_surcharge           float64
total_amount                    float64
congestion_surcharge            float64
Airport_fee                     float64
cbd_congestion_fee              float64
2026-09-27 01:02:27,173 | INFO | validate | [profile] null counts (non-zero only):
passenger_count         1088058
RatecodeID              1088058
store_and_fwd_flag      1088058
congestion_surcharge    1088058
Airport_fee             1088058
2026-09-27 01:02:27,282 | INFO | validate | [profile] duration_min quantiles:
0.00     -11.70
0.01       0.00
0.50      13.37
0.99      71.43
1.00    7507.90
2026-09-27 01:02:27,347 | INFO | validate | [profile] fare_amount quantiles:
0.00   -2555.2
0.01      -3.0
0.50      15.6
0.99      81.4
1.00    2555.2
2026-09-27 01:02:27,419 | INFO | validate | [profile] trip_distance quantiles:
0.00         0.00
0.01         0.00
0.50         1.81
0.99        19.54
1.00    269097.48
2026-09-27 01:02:27,467 | INFO | validate | [profile] passenger_count quantiles:
0.00    0.0
0.01    1.0
0.50    1.0
0.99    4.0
1.00    9.0
2026-09-27 01:02:29,629 | INFO | validate | [profile] duplicates: 0 full-row, 35723 on (pickup, dropoff, PU, DO)
2026-09-27 01:02:29,633 | INFO | validate | [profile] pickup range: 2025-12-31 23:57:29 .. 2026-02-01 00:45:01
2026-09-27 01:02:29,706 | INFO | validate | [rules] invalid_duration         violations: 85,290
2026-09-27 01:02:29,707 | INFO | validate | [rules] negative_fare            violations: 39,463
2026-09-27 01:02:29,708 | INFO | validate | [rules] implausible_distance     violations: 162
2026-09-27 01:02:29,708 | INFO | validate | [rules] unknown_pickup_zone      violations: 0
2026-09-27 01:02:29,709 | INFO | validate | [rules] unknown_dropoff_zone     violations: 0
2026-09-27 01:02:29,710 | INFO | validate | [rules] invalid_passenger_count  violations: 14,794
2026-09-27 01:02:29,710 | INFO | validate | [rules] pickup_outside_month     violations: 1
2026-09-27 01:02:33,602 | INFO | validate | [validate] 2026-01: 3,590,046 valid, 134,843 rejected (3.62%)
2026-09-27 01:02:33,658 | INFO | validate | [validate] rejection reasons:
rejection_reason
invalid_duration           85290
negative_fare              39463
invalid_passenger_count    14794
implausible_distance         162
pickup_outside_month           1
2026-09-27 01:02:33,659 | INFO | validate | === VALIDATE END: 2026-01 ===
2026-09-27 01:02:35,294 | INFO | validate | [validate] wrote 2026-01_clean.parquet (3,590,046 rows) and 2026-01_rejected.csv (134,843 rows)
2026-09-27 01:02:35,294 | INFO | pipeline | [pipeline] stage 2 validate done in 8.4s (3,590,046 valid, 134,843 rejected)
2026-09-27 01:02:35,460 | INFO | model | === MODEL START: building event model from 3,590,046 clean rows ===
2026-09-27 01:02:37,589 | WARNING | model | [model] 4 trips have no weather row for their pickup hour
2026-09-27 01:02:37,605 | INFO | model | [model] event model built: 3,590,046 rows x 26 cols
2026-09-27 01:02:37,649 | INFO | model | [model] median trip duration: 13.7 min | rainy share: 10.2%
2026-09-27 01:02:37,649 | INFO | model | === MODEL END ===
2026-09-27 01:02:39,001 | INFO | model | [model] wrote 2026-01_model.parquet (3,590,046 rows)
2026-09-27 01:02:39,001 | INFO | pipeline | [pipeline] stage 3 model done in 3.7s (3,590,046 event rows)
2026-09-27 01:02:39,216 | INFO | metrics | === METRICS START: 2026-01 (3,590,046 trips) ===
2026-09-27 01:02:39,926 | INFO | metrics | [metrics] benchmark tier zone_pair_hour       resolved 2,536,051 trips (1,053,995 open)
2026-09-27 01:02:40,119 | INFO | metrics | [metrics] benchmark tier pickup_zone_hour     resolved 1,029,602 trips (24,393 open)
2026-09-27 01:02:40,285 | INFO | metrics | [metrics] benchmark tier pickup_borough_hour  resolved 24,104 trips (289 open)
2026-09-27 01:02:40,355 | INFO | metrics | [metrics] benchmark tier citywide_hour        resolved 289 trips (0 open)
2026-09-27 01:02:40,501 | INFO | metrics | [metrics] delay rate: 32.77% of 3,590,046 trips exceed expected by >25%
2026-09-27 01:02:40,563 | INFO | metrics | [metrics] benchmark level mix:
benchmark_level
zone_pair_hour         2536051
pickup_zone_hour       1029602
pickup_borough_hour      24104
citywide_hour              289
2026-09-27 01:02:41,489 | INFO | metrics | [metrics] metric 1: 5,814 zone-hour rows (2,040 low-sample, sorted last)
2026-09-27 01:02:41,489 | INFO | metrics | [metrics] metric 1 worst decision-grade cell: Central Harlem at 16:00 (51.6% delayed, 1,024 trips, avg 23.8 min vs expected 16.6 min)
2026-09-27 01:02:41,861 | INFO | metrics | [metrics] metric 2: overall unreliable rate 32.77%
2026-09-27 01:02:41,861 | INFO | metrics | [metrics] metric 2 interpretation: median benchmark + right-skewed durations means ~1/3 exceed 1.25x it by construction; read as a RELATIVE zone-hour ranking, not an absolute failure rate.
2026-09-27 01:02:42,492 | INFO | metrics | [metrics] metric 3: revenue/mile by borough:
pickup_borough   trips  revenue_per_mile
           EWR      30             16.40
     Manhattan 3074511             10.46
       Unknown    4580              8.67
      Brooklyn  153311              6.40
 Staten Island     460              5.97
        Queens  320937              5.82
         Bronx   36217              4.77
2026-09-27 01:02:44,107 | INFO | metrics | [metrics] metric 4: rainy delay rate 29.18% vs dry 33.18% (difference -4.00 pp, 4 trips excluded for no weather)
2026-09-27 01:02:44,707 | INFO | metrics | [metrics] metric 5: zero-distance 2.73% | zero-fare 0.04% | missing passenger_count 30.22%
2026-09-27 01:02:44,722 | INFO | metrics | [metrics] avg_duration_by_zone_hour      -> 5,814 rows
2026-09-27 01:02:44,722 | INFO | metrics | [metrics] unreliable_trip_rate           -> 5,814 rows
2026-09-27 01:02:44,722 | INFO | metrics | [metrics] revenue_per_mile_by_borough    -> 7 rows
2026-09-27 01:02:44,722 | INFO | metrics | [metrics] weather_delay_rate             -> 16 rows
2026-09-27 01:02:44,722 | INFO | metrics | [metrics] zero_trip_rate                 -> 8 rows
2026-09-27 01:02:44,722 | INFO | metrics | === METRICS END: 2026-01 ===
2026-09-27 01:02:44,856 | INFO | metrics | [metrics] wrote metrics_2026-01.csv
2026-09-27 01:02:44,856 | INFO | metrics | [metrics] wrote metrics_2026-01_avg_duration_by_zone_hour.csv
2026-09-27 01:02:44,856 | INFO | metrics | [metrics] wrote metrics_2026-01_unreliable_trip_rate.csv
2026-09-27 01:02:44,856 | INFO | metrics | [metrics] wrote metrics_2026-01_revenue_per_mile_by_borough.csv
2026-09-27 01:02:44,856 | INFO | metrics | [metrics] wrote metrics_2026-01_weather_delay_rate.csv
2026-09-27 01:02:44,856 | INFO | metrics | [metrics] wrote metrics_2026-01_zero_trip_rate.csv
2026-09-27 01:02:44,857 | INFO | pipeline | [pipeline] stage 4 metrics done in 5.8s (6 metric tables written)
2026-09-27 01:02:44,868 | INFO | pipeline | ======================================================================
2026-09-27 01:02:44,868 | INFO | pipeline | PIPELINE SUCCEEDED for 2026-01 in 18.2s
2026-09-27 01:02:44,869 | INFO | pipeline |   clean:    /Users/akshatsipany/SST/fde/nyc-tlc-assignment-2/data/processed/2026-01_clean.parquet
2026-09-27 01:02:44,869 | INFO | pipeline |   rejected: /Users/akshatsipany/SST/fde/nyc-tlc-assignment-2/data/rejected/2026-01_rejected.csv
2026-09-27 01:02:44,869 | INFO | pipeline |   model:    /Users/akshatsipany/SST/fde/nyc-tlc-assignment-2/data/processed/2026-01_model.parquet
2026-09-27 01:02:44,869 | INFO | pipeline |   metrics:  /Users/akshatsipany/SST/fde/nyc-tlc-assignment-2/output/metrics_2026-01.csv
2026-09-27 01:02:44,869 | INFO | pipeline |   metrics:  /Users/akshatsipany/SST/fde/nyc-tlc-assignment-2/output/metrics_2026-01_avg_duration_by_zone_hour.csv
2026-09-27 01:02:44,869 | INFO | pipeline |   metrics:  /Users/akshatsipany/SST/fde/nyc-tlc-assignment-2/output/metrics_2026-01_unreliable_trip_rate.csv
2026-09-27 01:02:44,869 | INFO | pipeline |   metrics:  /Users/akshatsipany/SST/fde/nyc-tlc-assignment-2/output/metrics_2026-01_revenue_per_mile_by_borough.csv
2026-09-27 01:02:44,869 | INFO | pipeline |   metrics:  /Users/akshatsipany/SST/fde/nyc-tlc-assignment-2/output/metrics_2026-01_weather_delay_rate.csv
2026-09-27 01:02:44,869 | INFO | pipeline |   metrics:  /Users/akshatsipany/SST/fde/nyc-tlc-assignment-2/output/metrics_2026-01_zero_trip_rate.csv
2026-09-27 01:02:44,869 | INFO | pipeline | ======================================================================
2026-09-27 01:02:44,869 | INFO | pipeline | ======================================================================
2026-09-27 01:02:44,869 | INFO | pipeline | PIPELINE START for 2026-02
2026-09-27 01:02:44,869 | INFO | pipeline | ======================================================================
2026-09-27 01:02:44,869 | INFO | ingest | [ingest] start for 2026-02
2026-09-27 01:02:44,869 | INFO | ingest | Skipping download, raw file already present: yellow_tripdata_2026-02.parquet (58.7 MB)
2026-09-27 01:02:44,938 | INFO | ingest | [completeness] yellow_tripdata_2026-02.parquet: 3,399,866 rows
2026-09-27 01:02:44,947 | INFO | ingest | [completeness] yellow_tripdata_2026-02.parquet: pickup range 2026-01-31 23:31:23 .. 2026-03-01 00:51:48 (expected within 2026-02-01 .. 2026-02-28)
2026-09-27 01:02:44,951 | INFO | ingest | Skipping download, raw file already present: taxi_zone_lookup.csv (0.0 MB)
2026-09-27 01:02:44,953 | INFO | ingest | [completeness] taxi_zone_lookup.csv: 265 rows
2026-09-27 01:02:44,953 | INFO | ingest | Skipping download, raw file already present: weather_2026-02.csv (0.0 MB)
2026-09-27 01:02:44,954 | INFO | ingest | [completeness] weather_2026-02.csv: 672 hourly rows (expected ~672)
2026-09-27 01:02:44,954 | INFO | ingest | [ingest] done for 2026-02: trips=yellow_tripdata_2026-02.parquet, zones=taxi_zone_lookup.csv, weather=weather_2026-02.csv
2026-09-27 01:02:44,954 | INFO | pipeline | [pipeline] stage 1 ingest done in 0.1s
2026-09-27 01:02:44,954 | INFO | validate | === VALIDATE START: 2026-02 ===
2026-09-27 01:02:45,038 | INFO | validate | [profile] shape: 3,399,866 rows x 20 cols
2026-09-27 01:02:45,039 | INFO | validate | [profile] dtypes:
VendorID                          int32
tpep_pickup_datetime     datetime64[us]
tpep_dropoff_datetime    datetime64[us]
passenger_count                 float64
trip_distance                   float64
RatecodeID                      float64
store_and_fwd_flag                  str
PULocationID                      int32
DOLocationID                      int32
payment_type                      int64
fare_amount                     float64
extra                           float64
mta_tax                         float64
tip_amount                      float64
tolls_amount                    float64
improvement_surcharge           float64
total_amount                    float64
congestion_surcharge            float64
Airport_fee                     float64
cbd_congestion_fee              float64
2026-09-27 01:02:45,069 | INFO | validate | [profile] null counts (non-zero only):
passenger_count         1023317
RatecodeID              1023317
store_and_fwd_flag      1023317
congestion_surcharge    1023317
Airport_fee             1023317
2026-09-27 01:02:45,163 | INFO | validate | [profile] duration_min quantiles:
0.00      -1.05
0.01       0.00
0.50      14.02
0.99      72.52
1.00    9265.15
2026-09-27 01:02:45,225 | INFO | validate | [profile] fare_amount quantiles:
0.00   -2084.1
0.01       3.0
0.50      16.3
0.99      80.7
1.00    2084.1
2026-09-27 01:02:45,290 | INFO | validate | [profile] trip_distance quantiles:
0.00         0.00
0.01         0.00
0.50         1.80
0.99        19.41
1.00    328522.20
2026-09-27 01:02:45,326 | INFO | validate | [profile] passenger_count quantiles:
0.00    0.0
0.01    1.0
0.50    1.0
0.99    4.0
1.00    9.0
2026-09-27 01:02:47,092 | INFO | validate | [profile] duplicates: 0 full-row, 24402 on (pickup, dropoff, PU, DO)
2026-09-27 01:02:47,096 | INFO | validate | [profile] pickup range: 2026-01-31 23:31:23 .. 2026-03-01 00:51:48
2026-09-27 01:02:47,162 | INFO | validate | [rules] invalid_duration         violations: 74,974
2026-09-27 01:02:47,162 | INFO | validate | [rules] negative_fare            violations: 26,721
2026-09-27 01:02:47,163 | INFO | validate | [rules] implausible_distance     violations: 172
2026-09-27 01:02:47,163 | INFO | validate | [rules] unknown_pickup_zone      violations: 0
2026-09-27 01:02:47,164 | INFO | validate | [rules] unknown_dropoff_zone     violations: 0
2026-09-27 01:02:47,165 | INFO | validate | [rules] invalid_passenger_count  violations: 12,888
2026-09-27 01:02:47,165 | INFO | validate | [rules] pickup_outside_month     violations: 4
2026-09-27 01:02:50,217 | INFO | validate | [validate] 2026-02: 3,288,955 valid, 110,911 rejected (3.26%)
2026-09-27 01:02:50,254 | INFO | validate | [validate] rejection reasons:
rejection_reason
invalid_duration           74974
negative_fare              26721
invalid_passenger_count    12888
implausible_distance         172
pickup_outside_month           4
2026-09-27 01:02:50,254 | INFO | validate | === VALIDATE END: 2026-02 ===
2026-09-27 01:02:51,652 | INFO | validate | [validate] wrote 2026-02_clean.parquet (3,288,955 rows) and 2026-02_rejected.csv (110,911 rows)
2026-09-27 01:02:51,652 | INFO | pipeline | [pipeline] stage 2 validate done in 6.7s (3,288,955 valid, 110,911 rejected)
2026-09-27 01:02:51,727 | INFO | model | === MODEL START: building event model from 3,288,955 clean rows ===
2026-09-27 01:02:53,450 | WARNING | model | [model] 12 trips have no weather row for their pickup hour
2026-09-27 01:02:53,458 | INFO | model | [model] event model built: 3,288,955 rows x 26 cols
2026-09-27 01:02:53,492 | INFO | model | [model] median trip duration: 14.3 min | rainy share: 9.0%
2026-09-27 01:02:53,492 | INFO | model | === MODEL END ===
2026-09-27 01:02:54,756 | INFO | model | [model] wrote 2026-02_model.parquet (3,288,955 rows)
2026-09-27 01:02:54,756 | INFO | pipeline | [pipeline] stage 3 model done in 3.1s (3,288,955 event rows)
2026-09-27 01:02:54,877 | INFO | metrics | === METRICS START: 2026-02 (3,288,955 trips) ===
2026-09-27 01:02:55,420 | INFO | metrics | [metrics] benchmark tier zone_pair_hour       resolved 2,279,368 trips (1,009,587 open)
2026-09-27 01:02:55,593 | INFO | metrics | [metrics] benchmark tier pickup_zone_hour     resolved 985,282 trips (24,305 open)
2026-09-27 01:02:55,727 | INFO | metrics | [metrics] benchmark tier pickup_borough_hour  resolved 24,037 trips (268 open)
2026-09-27 01:02:55,793 | INFO | metrics | [metrics] benchmark tier citywide_hour        resolved 268 trips (0 open)
2026-09-27 01:02:55,924 | INFO | metrics | [metrics] delay rate: 33.07% of 3,288,955 trips exceed expected by >25%
2026-09-27 01:02:55,980 | INFO | metrics | [metrics] benchmark level mix:
benchmark_level
zone_pair_hour         2279368
pickup_zone_hour        985282
pickup_borough_hour      24037
citywide_hour              268
2026-09-27 01:02:56,846 | INFO | metrics | [metrics] metric 1: 5,801 zone-hour rows (2,078 low-sample, sorted last)
2026-09-27 01:02:56,846 | INFO | metrics | [metrics] metric 1 worst decision-grade cell: Central Harlem at 17:00 (50.8% delayed, 1,298 trips, avg 20.5 min vs expected 14.8 min)
2026-09-27 01:02:57,155 | INFO | metrics | [metrics] metric 2: overall unreliable rate 33.07%
2026-09-27 01:02:57,155 | INFO | metrics | [metrics] metric 2 interpretation: median benchmark + right-skewed durations means ~1/3 exceed 1.25x it by construction; read as a RELATIVE zone-hour ranking, not an absolute failure rate.
2026-09-27 01:02:57,598 | INFO | metrics | [metrics] metric 3: revenue/mile by borough:
pickup_borough   trips  revenue_per_mile
           EWR      30             13.62
     Manhattan 2820350             10.96
       Unknown    3898              8.51
      Brooklyn  147509              6.85
 Staten Island     407              6.13
        Queens  282427              5.94
         Bronx   34334              5.00
2026-09-27 01:02:58,762 | INFO | metrics | [metrics] metric 4: rainy delay rate 27.68% vs dry 33.60% (difference -5.92 pp, 12 trips excluded for no weather)
2026-09-27 01:02:59,287 | INFO | metrics | [metrics] metric 5: zero-distance 3.02% | zero-fare 0.05% | missing passenger_count 31.03%
2026-09-27 01:02:59,299 | INFO | metrics | [metrics] avg_duration_by_zone_hour      -> 5,801 rows
2026-09-27 01:02:59,299 | INFO | metrics | [metrics] unreliable_trip_rate           -> 5,801 rows
2026-09-27 01:02:59,299 | INFO | metrics | [metrics] revenue_per_mile_by_borough    -> 7 rows
2026-09-27 01:02:59,299 | INFO | metrics | [metrics] weather_delay_rate             -> 16 rows
2026-09-27 01:02:59,299 | INFO | metrics | [metrics] zero_trip_rate                 -> 8 rows
2026-09-27 01:02:59,299 | INFO | metrics | === METRICS END: 2026-02 ===
2026-09-27 01:02:59,421 | INFO | metrics | [metrics] wrote metrics_2026-02.csv
2026-09-27 01:02:59,421 | INFO | metrics | [metrics] wrote metrics_2026-02_avg_duration_by_zone_hour.csv
2026-09-27 01:02:59,421 | INFO | metrics | [metrics] wrote metrics_2026-02_unreliable_trip_rate.csv
2026-09-27 01:02:59,421 | INFO | metrics | [metrics] wrote metrics_2026-02_revenue_per_mile_by_borough.csv
2026-09-27 01:02:59,421 | INFO | metrics | [metrics] wrote metrics_2026-02_weather_delay_rate.csv
2026-09-27 01:02:59,421 | INFO | metrics | [metrics] wrote metrics_2026-02_zero_trip_rate.csv
2026-09-27 01:02:59,422 | INFO | pipeline | [pipeline] stage 4 metrics done in 4.6s (6 metric tables written)
2026-09-27 01:02:59,433 | INFO | pipeline | ======================================================================
2026-09-27 01:02:59,433 | INFO | pipeline | PIPELINE SUCCEEDED for 2026-02 in 14.6s
2026-09-27 01:02:59,433 | INFO | pipeline |   clean:    /Users/akshatsipany/SST/fde/nyc-tlc-assignment-2/data/processed/2026-02_clean.parquet
2026-09-27 01:02:59,433 | INFO | pipeline |   rejected: /Users/akshatsipany/SST/fde/nyc-tlc-assignment-2/data/rejected/2026-02_rejected.csv
2026-09-27 01:02:59,433 | INFO | pipeline |   model:    /Users/akshatsipany/SST/fde/nyc-tlc-assignment-2/data/processed/2026-02_model.parquet
2026-09-27 01:02:59,433 | INFO | pipeline |   metrics:  /Users/akshatsipany/SST/fde/nyc-tlc-assignment-2/output/metrics_2026-02.csv
2026-09-27 01:02:59,433 | INFO | pipeline |   metrics:  /Users/akshatsipany/SST/fde/nyc-tlc-assignment-2/output/metrics_2026-02_avg_duration_by_zone_hour.csv
2026-09-27 01:02:59,433 | INFO | pipeline |   metrics:  /Users/akshatsipany/SST/fde/nyc-tlc-assignment-2/output/metrics_2026-02_unreliable_trip_rate.csv
2026-09-27 01:02:59,433 | INFO | pipeline |   metrics:  /Users/akshatsipany/SST/fde/nyc-tlc-assignment-2/output/metrics_2026-02_revenue_per_mile_by_borough.csv
2026-09-27 01:02:59,433 | INFO | pipeline |   metrics:  /Users/akshatsipany/SST/fde/nyc-tlc-assignment-2/output/metrics_2026-02_weather_delay_rate.csv
2026-09-27 01:02:59,433 | INFO | pipeline |   metrics:  /Users/akshatsipany/SST/fde/nyc-tlc-assignment-2/output/metrics_2026-02_zero_trip_rate.csv
2026-09-27 01:02:59,433 | INFO | pipeline | ======================================================================
2026-09-27 01:02:59,433 | INFO | pipeline | ======================================================================
2026-09-27 01:02:59,433 | INFO | pipeline | PIPELINE START for 2026-03
2026-09-27 01:02:59,433 | INFO | pipeline | ======================================================================
2026-09-27 01:02:59,433 | INFO | ingest | [ingest] start for 2026-03
2026-09-27 01:02:59,433 | INFO | ingest | Skipping download, raw file already present: yellow_tripdata_2026-03.parquet (67.9 MB)
2026-09-27 01:02:59,496 | INFO | ingest | [completeness] yellow_tripdata_2026-03.parquet: 3,952,451 rows
2026-09-27 01:02:59,506 | INFO | ingest | [completeness] yellow_tripdata_2026-03.parquet: pickup range 2008-12-31 23:03:20 .. 2026-04-01 00:06:25 (expected within 2026-03-01 .. 2026-03-31)
2026-09-27 01:02:59,511 | INFO | ingest | Skipping download, raw file already present: taxi_zone_lookup.csv (0.0 MB)
2026-09-27 01:02:59,512 | INFO | ingest | [completeness] taxi_zone_lookup.csv: 265 rows
2026-09-27 01:02:59,512 | INFO | ingest | Skipping download, raw file already present: weather_2026-03.csv (0.0 MB)
2026-09-27 01:02:59,513 | INFO | ingest | [completeness] weather_2026-03.csv: 744 hourly rows (expected ~744)
2026-09-27 01:02:59,513 | INFO | ingest | [ingest] done for 2026-03: trips=yellow_tripdata_2026-03.parquet, zones=taxi_zone_lookup.csv, weather=weather_2026-03.csv
2026-09-27 01:02:59,513 | INFO | pipeline | [pipeline] stage 1 ingest done in 0.1s
2026-09-27 01:02:59,513 | INFO | validate | === VALIDATE START: 2026-03 ===
2026-09-27 01:02:59,647 | INFO | validate | [profile] shape: 3,952,451 rows x 20 cols
2026-09-27 01:02:59,648 | INFO | validate | [profile] dtypes:
VendorID                          int32
tpep_pickup_datetime     datetime64[us]
tpep_dropoff_datetime    datetime64[us]
passenger_count                 float64
trip_distance                   float64
RatecodeID                      float64
store_and_fwd_flag                  str
PULocationID                      int32
DOLocationID                      int32
payment_type                      int64
fare_amount                     float64
extra                           float64
mta_tax                         float64
tip_amount                      float64
tolls_amount                    float64
improvement_surcharge           float64
total_amount                    float64
congestion_surcharge            float64
Airport_fee                     float64
cbd_congestion_fee              float64
2026-09-27 01:02:59,716 | INFO | validate | [profile] null counts (non-zero only):
passenger_count         945748
RatecodeID              945748
store_and_fwd_flag      945748
congestion_surcharge    945748
Airport_fee             945748
2026-09-27 01:02:59,821 | INFO | validate | [profile] duration_min quantiles:
0.00    -186.67
0.01       0.00
0.50      13.28
0.99      75.25
1.00    7620.60
2026-09-27 01:02:59,895 | INFO | validate | [profile] fare_amount quantiles:
0.00    -990.0
0.01       3.0
0.50      15.6
0.99      81.4
1.00    1843.3
2026-09-27 01:02:59,972 | INFO | validate | [profile] trip_distance quantiles:
0.00         0.00
0.01         0.00
0.50         1.82
0.99        19.58
1.00    288381.68
2026-09-27 01:03:00,016 | INFO | validate | [profile] passenger_count quantiles:
0.00    0.0
0.01    1.0
0.50    1.0
0.99    4.0
1.00    8.0
2026-09-27 01:03:02,060 | INFO | validate | [profile] duplicates: 0 full-row, 18963 on (pickup, dropoff, PU, DO)
2026-09-27 01:03:02,064 | INFO | validate | [profile] pickup range: 2008-12-31 23:03:20 .. 2026-04-01 00:06:25
2026-09-27 01:03:02,132 | INFO | validate | [rules] invalid_duration         violations: 90,147
2026-09-27 01:03:02,133 | INFO | validate | [rules] negative_fare            violations: 20,724
2026-09-27 01:03:02,134 | INFO | validate | [rules] implausible_distance     violations: 161
2026-09-27 01:03:02,134 | INFO | validate | [rules] unknown_pickup_zone      violations: 0
2026-09-27 01:03:02,135 | INFO | validate | [rules] unknown_dropoff_zone     violations: 0
2026-09-27 01:03:02,136 | INFO | validate | [rules] invalid_passenger_count  violations: 12,970
2026-09-27 01:03:02,136 | INFO | validate | [rules] pickup_outside_month     violations: 4
2026-09-27 01:03:05,472 | INFO | validate | [validate] 2026-03: 3,831,806 valid, 120,645 rejected (3.05%)
2026-09-27 01:03:05,513 | INFO | validate | [validate] rejection reasons:
rejection_reason
invalid_duration           90147
negative_fare              20724
invalid_passenger_count    12970
implausible_distance         161
pickup_outside_month           4
2026-09-27 01:03:05,513 | INFO | validate | === VALIDATE END: 2026-03 ===
2026-09-27 01:03:06,908 | INFO | validate | [validate] wrote 2026-03_clean.parquet (3,831,806 rows) and 2026-03_rejected.csv (120,645 rows)
2026-09-27 01:03:06,908 | INFO | pipeline | [pipeline] stage 2 validate done in 7.4s (3,831,806 valid, 120,645 rejected)
2026-09-27 01:03:07,001 | INFO | model | === MODEL START: building event model from 3,831,806 clean rows ===
2026-09-27 01:03:09,371 | WARNING | model | [model] 14 trips have no weather row for their pickup hour
2026-09-27 01:03:09,382 | INFO | model | [model] event model built: 3,831,806 rows x 26 cols
2026-09-27 01:03:09,434 | INFO | model | [model] median trip duration: 13.6 min | rainy share: 16.4%
2026-09-27 01:03:09,434 | INFO | model | === MODEL END ===
2026-09-27 01:03:10,913 | INFO | model | [model] wrote 2026-03_model.parquet (3,831,806 rows)
2026-09-27 01:03:10,913 | INFO | pipeline | [pipeline] stage 3 model done in 4.0s (3,831,806 event rows)
2026-09-27 01:03:11,104 | INFO | metrics | === METRICS START: 2026-03 (3,831,806 trips) ===
2026-09-27 01:03:11,758 | INFO | metrics | [metrics] benchmark tier zone_pair_hour       resolved 2,789,680 trips (1,042,126 open)
2026-09-27 01:03:11,947 | INFO | metrics | [metrics] benchmark tier pickup_zone_hour     resolved 1,018,413 trips (23,713 open)
2026-09-27 01:03:12,117 | INFO | metrics | [metrics] benchmark tier pickup_borough_hour  resolved 23,370 trips (343 open)
2026-09-27 01:03:12,193 | INFO | metrics | [metrics] benchmark tier citywide_hour        resolved 343 trips (0 open)
2026-09-27 01:03:12,344 | INFO | metrics | [metrics] delay rate: 31.23% of 3,831,806 trips exceed expected by >25%
2026-09-27 01:03:12,408 | INFO | metrics | [metrics] benchmark level mix:
benchmark_level
zone_pair_hour         2789680
pickup_zone_hour       1018413
pickup_borough_hour      23370
citywide_hour              343
2026-09-27 01:03:13,324 | INFO | metrics | [metrics] metric 1: 5,802 zone-hour rows (2,047 low-sample, sorted last)
2026-09-27 01:03:13,324 | INFO | metrics | [metrics] metric 1 worst decision-grade cell: South Ozone Park at 16:00 (59.3% delayed, 91 trips, avg 33.4 min vs expected 19.8 min)
2026-09-27 01:03:13,684 | INFO | metrics | [metrics] metric 2: overall unreliable rate 31.23%
2026-09-27 01:03:13,684 | INFO | metrics | [metrics] metric 2 interpretation: median benchmark + right-skewed durations means ~1/3 exceed 1.25x it by construction; read as a RELATIVE zone-hour ranking, not an absolute failure rate.
2026-09-27 01:03:14,267 | INFO | metrics | [metrics] metric 3: revenue/mile by borough:
pickup_borough   trips  revenue_per_mile
           EWR      31             35.77
     Manhattan 3295054             10.58
       Unknown    4721              8.48
      Brooklyn  157930              6.53
        Queens  334197              5.90
 Staten Island     437              5.82
         Bronx   39436              4.73
2026-09-27 01:03:15,939 | INFO | metrics | [metrics] metric 4: rainy delay rate 33.29% vs dry 30.83% (difference +2.46 pp, 14 trips excluded for no weather)
2026-09-27 01:03:16,557 | INFO | metrics | [metrics] metric 5: zero-distance 2.40% | zero-fare 0.06% | missing passenger_count 24.61%
2026-09-27 01:03:16,573 | INFO | metrics | [metrics] avg_duration_by_zone_hour      -> 5,802 rows
2026-09-27 01:03:16,573 | INFO | metrics | [metrics] unreliable_trip_rate           -> 5,802 rows
2026-09-27 01:03:16,573 | INFO | metrics | [metrics] revenue_per_mile_by_borough    -> 7 rows
2026-09-27 01:03:16,573 | INFO | metrics | [metrics] weather_delay_rate             -> 16 rows
2026-09-27 01:03:16,573 | INFO | metrics | [metrics] zero_trip_rate                 -> 8 rows
2026-09-27 01:03:16,574 | INFO | metrics | === METRICS END: 2026-03 ===
2026-09-27 01:03:16,700 | INFO | metrics | [metrics] wrote metrics_2026-03.csv
2026-09-27 01:03:16,700 | INFO | metrics | [metrics] wrote metrics_2026-03_avg_duration_by_zone_hour.csv
2026-09-27 01:03:16,700 | INFO | metrics | [metrics] wrote metrics_2026-03_unreliable_trip_rate.csv
2026-09-27 01:03:16,700 | INFO | metrics | [metrics] wrote metrics_2026-03_revenue_per_mile_by_borough.csv
2026-09-27 01:03:16,700 | INFO | metrics | [metrics] wrote metrics_2026-03_weather_delay_rate.csv
2026-09-27 01:03:16,700 | INFO | metrics | [metrics] wrote metrics_2026-03_zero_trip_rate.csv
2026-09-27 01:03:16,701 | INFO | pipeline | [pipeline] stage 4 metrics done in 5.8s (6 metric tables written)
2026-09-27 01:03:16,712 | INFO | pipeline | ======================================================================
2026-09-27 01:03:16,713 | INFO | pipeline | PIPELINE SUCCEEDED for 2026-03 in 17.3s
2026-09-27 01:03:16,713 | INFO | pipeline |   clean:    /Users/akshatsipany/SST/fde/nyc-tlc-assignment-2/data/processed/2026-03_clean.parquet
2026-09-27 01:03:16,713 | INFO | pipeline |   rejected: /Users/akshatsipany/SST/fde/nyc-tlc-assignment-2/data/rejected/2026-03_rejected.csv
2026-09-27 01:03:16,713 | INFO | pipeline |   model:    /Users/akshatsipany/SST/fde/nyc-tlc-assignment-2/data/processed/2026-03_model.parquet
2026-09-27 01:03:16,713 | INFO | pipeline |   metrics:  /Users/akshatsipany/SST/fde/nyc-tlc-assignment-2/output/metrics_2026-03.csv
2026-09-27 01:03:16,713 | INFO | pipeline |   metrics:  /Users/akshatsipany/SST/fde/nyc-tlc-assignment-2/output/metrics_2026-03_avg_duration_by_zone_hour.csv
2026-09-27 01:03:16,713 | INFO | pipeline |   metrics:  /Users/akshatsipany/SST/fde/nyc-tlc-assignment-2/output/metrics_2026-03_unreliable_trip_rate.csv
2026-09-27 01:03:16,713 | INFO | pipeline |   metrics:  /Users/akshatsipany/SST/fde/nyc-tlc-assignment-2/output/metrics_2026-03_revenue_per_mile_by_borough.csv
2026-09-27 01:03:16,713 | INFO | pipeline |   metrics:  /Users/akshatsipany/SST/fde/nyc-tlc-assignment-2/output/metrics_2026-03_weather_delay_rate.csv
2026-09-27 01:03:16,713 | INFO | pipeline |   metrics:  /Users/akshatsipany/SST/fde/nyc-tlc-assignment-2/output/metrics_2026-03_zero_trip_rate.csv
2026-09-27 01:03:16,713 | INFO | pipeline | ======================================================================
2026-09-27 01:03:16,713 | INFO | pipeline | All 3 month(s) completed successfully.
2026-09-27 01:22:49,109 | INFO | pipeline | ======================================================================
2026-09-27 01:22:49,109 | INFO | pipeline | PIPELINE START for 2026-01
2026-09-27 01:22:49,109 | INFO | pipeline | ======================================================================
2026-09-27 01:22:49,109 | INFO | ingest | [ingest] start for 2026-01
2026-09-27 01:22:49,109 | INFO | ingest | Skipping download, raw file already present: yellow_tripdata_2026-01.parquet (64.2 MB)
2026-09-27 01:22:49,289 | INFO | ingest | [completeness] yellow_tripdata_2026-01.parquet: 3,724,889 rows
2026-09-27 01:22:49,309 | INFO | ingest | [completeness] yellow_tripdata_2026-01.parquet: pickup range 2025-12-31 23:57:29 .. 2026-02-01 00:45:01 (expected within 2026-01-01 .. 2026-01-31)
2026-09-27 01:22:49,313 | INFO | ingest | Skipping download, raw file already present: taxi_zone_lookup.csv (0.0 MB)
2026-09-27 01:22:49,367 | INFO | ingest | [completeness] taxi_zone_lookup.csv: 265 rows
2026-09-27 01:22:49,368 | INFO | ingest | Skipping download, raw file already present: weather_2026-01.csv (0.0 MB)
2026-09-27 01:22:49,369 | INFO | ingest | [completeness] weather_2026-01.csv: 744 hourly rows (expected ~744)
2026-09-27 01:22:49,369 | INFO | ingest | [ingest] done for 2026-01: trips=yellow_tripdata_2026-01.parquet, zones=taxi_zone_lookup.csv, weather=weather_2026-01.csv
2026-09-27 01:22:49,369 | INFO | pipeline | [pipeline] stage 1 ingest done in 0.3s
2026-09-27 01:22:49,369 | INFO | validate | === VALIDATE START: 2026-01 ===
2026-09-27 01:22:49,552 | INFO | validate | [profile] shape: 3,724,889 rows x 20 cols
2026-09-27 01:22:49,553 | INFO | validate | [profile] dtypes:
VendorID                          int32
tpep_pickup_datetime     datetime64[us]
tpep_dropoff_datetime    datetime64[us]
passenger_count                 float64
trip_distance                   float64
RatecodeID                      float64
store_and_fwd_flag                  str
PULocationID                      int32
DOLocationID                      int32
payment_type                      int64
fare_amount                     float64
extra                           float64
mta_tax                         float64
tip_amount                      float64
tolls_amount                    float64
improvement_surcharge           float64
total_amount                    float64
congestion_surcharge            float64
Airport_fee                     float64
cbd_congestion_fee              float64
2026-09-27 01:22:49,633 | INFO | validate | [profile] null counts (non-zero only):
passenger_count         1088058
RatecodeID              1088058
store_and_fwd_flag      1088058
congestion_surcharge    1088058
Airport_fee             1088058
2026-09-27 01:22:49,739 | INFO | validate | [profile] duration_min quantiles:
0.00     -11.70
0.01       0.00
0.50      13.37
0.99      71.43
1.00    7507.90
2026-09-27 01:22:49,802 | INFO | validate | [profile] fare_amount quantiles:
0.00   -2555.2
0.01      -3.0
0.50      15.6
0.99      81.4
1.00    2555.2
2026-09-27 01:22:49,872 | INFO | validate | [profile] trip_distance quantiles:
0.00         0.00
0.01         0.00
0.50         1.81
0.99        19.54
1.00    269097.48
2026-09-27 01:22:49,911 | INFO | validate | [profile] passenger_count quantiles:
0.00    0.0
0.01    1.0
0.50    1.0
0.99    4.0
1.00    9.0
2026-09-27 01:22:51,992 | INFO | validate | [profile] duplicates: 0 full-row, 35723 on (pickup, dropoff, PU, DO)
2026-09-27 01:22:51,997 | INFO | validate | [profile] pickup range: 2025-12-31 23:57:29 .. 2026-02-01 00:45:01
2026-09-27 01:22:52,065 | INFO | validate | [rules] invalid_duration         violations: 85,290
2026-09-27 01:22:52,066 | INFO | validate | [rules] negative_fare            violations: 39,463
2026-09-27 01:22:52,067 | INFO | validate | [rules] implausible_distance     violations: 162
2026-09-27 01:22:52,068 | INFO | validate | [rules] unknown_pickup_zone      violations: 0
2026-09-27 01:22:52,068 | INFO | validate | [rules] unknown_dropoff_zone     violations: 0
2026-09-27 01:22:52,069 | INFO | validate | [rules] invalid_passenger_count  violations: 14,794
2026-09-27 01:22:52,070 | INFO | validate | [rules] pickup_outside_month     violations: 1
2026-09-27 01:22:55,978 | INFO | validate | [validate] 2026-01: 3,590,046 valid, 134,843 rejected (3.62%)
2026-09-27 01:22:56,034 | INFO | validate | [validate] rejection reasons:
rejection_reason
invalid_duration           85290
negative_fare              39463
invalid_passenger_count    14794
implausible_distance         162
pickup_outside_month           1
2026-09-27 01:22:56,034 | INFO | validate | === VALIDATE END: 2026-01 ===
2026-09-27 01:22:57,646 | INFO | validate | [validate] wrote 2026-01_clean.parquet (3,590,046 rows) and 2026-01_rejected.csv (134,843 rows)
2026-09-27 01:22:57,646 | INFO | pipeline | [pipeline] stage 2 validate done in 8.3s (3,590,046 valid, 134,843 rejected)
2026-09-27 01:22:57,755 | INFO | model | === MODEL START: building event model from 3,590,046 clean rows ===
2026-09-27 01:22:59,862 | WARNING | model | [model] 4 trips have no weather row for their pickup hour
2026-09-27 01:22:59,872 | INFO | model | [model] event model built: 3,590,046 rows x 26 cols
2026-09-27 01:22:59,918 | INFO | model | [model] median trip duration: 13.7 min | rainy share: 10.2%
2026-09-27 01:22:59,918 | INFO | model | === MODEL END ===
2026-09-27 01:23:01,223 | INFO | model | [model] wrote 2026-01_model.parquet (3,590,046 rows)
2026-09-27 01:23:01,223 | INFO | pipeline | [pipeline] stage 3 model done in 3.6s (3,590,046 event rows)
2026-09-27 01:23:01,507 | INFO | metrics | === METRICS START: 2026-01 (3,590,046 trips) ===
2026-09-27 01:23:02,223 | INFO | metrics | [metrics] benchmark tier zone_pair_hour       resolved 2,536,051 trips (1,053,995 open)
2026-09-27 01:23:02,427 | INFO | metrics | [metrics] benchmark tier pickup_zone_hour     resolved 1,029,602 trips (24,393 open)
2026-09-27 01:23:02,594 | INFO | metrics | [metrics] benchmark tier pickup_borough_hour  resolved 24,104 trips (289 open)
2026-09-27 01:23:02,668 | INFO | metrics | [metrics] benchmark tier citywide_hour        resolved 289 trips (0 open)
2026-09-27 01:23:02,830 | INFO | metrics | [metrics] delay rate: 32.77% of 3,590,046 trips exceed expected by >25%
2026-09-27 01:23:02,892 | INFO | metrics | [metrics] benchmark level mix:
benchmark_level
zone_pair_hour         2536051
pickup_zone_hour       1029602
pickup_borough_hour      24104
citywide_hour              289
2026-09-27 01:23:03,802 | INFO | metrics | [metrics] metric 1: 5,814 zone-hour rows (2,040 low-sample, sorted last)
2026-09-27 01:23:03,802 | INFO | metrics | [metrics] metric 1 worst decision-grade cell: Central Harlem at 16:00 (51.6% delayed, 1,024 trips, avg 23.8 min vs expected 16.6 min)
2026-09-27 01:23:04,149 | INFO | metrics | [metrics] metric 2: overall unreliable rate 32.77%
2026-09-27 01:23:04,149 | INFO | metrics | [metrics] metric 2 interpretation: median benchmark + right-skewed durations means ~1/3 exceed 1.25x it by construction; read as a RELATIVE zone-hour ranking, not an absolute failure rate.
2026-09-27 01:23:04,770 | INFO | metrics | [metrics] metric 3: revenue/mile by borough:
pickup_borough   trips  revenue_per_mile
           EWR      30             16.40
     Manhattan 3074511             10.46
       Unknown    4580              8.67
      Brooklyn  153311              6.40
 Staten Island     460              5.97
        Queens  320937              5.82
         Bronx   36217              4.77
2026-09-27 01:23:06,299 | INFO | metrics | [metrics] metric 4: rainy delay rate 29.18% vs dry 33.18% (difference -4.00 pp, 4 trips excluded for no weather)
2026-09-27 01:23:06,906 | INFO | metrics | [metrics] metric 5: zero-distance 2.73% | zero-fare 0.04% | missing passenger_count 30.22%
2026-09-27 01:23:06,922 | INFO | metrics | [metrics] avg_duration_by_zone_hour      -> 5,814 rows
2026-09-27 01:23:06,922 | INFO | metrics | [metrics] unreliable_trip_rate           -> 5,814 rows
2026-09-27 01:23:06,922 | INFO | metrics | [metrics] revenue_per_mile_by_borough    -> 7 rows
2026-09-27 01:23:06,922 | INFO | metrics | [metrics] weather_delay_rate             -> 16 rows
2026-09-27 01:23:06,922 | INFO | metrics | [metrics] zero_trip_rate                 -> 8 rows
2026-09-27 01:23:06,922 | INFO | metrics | === METRICS END: 2026-01 ===
2026-09-27 01:23:07,070 | INFO | metrics | [metrics] wrote metrics_2026-01.csv
2026-09-27 01:23:07,070 | INFO | metrics | [metrics] wrote metrics_2026-01_avg_duration_by_zone_hour.csv
2026-09-27 01:23:07,070 | INFO | metrics | [metrics] wrote metrics_2026-01_unreliable_trip_rate.csv
2026-09-27 01:23:07,070 | INFO | metrics | [metrics] wrote metrics_2026-01_revenue_per_mile_by_borough.csv
2026-09-27 01:23:07,070 | INFO | metrics | [metrics] wrote metrics_2026-01_weather_delay_rate.csv
2026-09-27 01:23:07,070 | INFO | metrics | [metrics] wrote metrics_2026-01_zero_trip_rate.csv
2026-09-27 01:23:07,070 | INFO | pipeline | [pipeline] stage 4 metrics done in 5.8s (6 metric tables written)
2026-09-27 01:23:07,082 | INFO | pipeline | ======================================================================
2026-09-27 01:23:07,082 | INFO | pipeline | PIPELINE SUCCEEDED for 2026-01 in 18.0s
2026-09-27 01:23:07,082 | INFO | pipeline |   clean:    /Users/akshatsipany/SST/fde/nyc-tlc-assignment-2/data/processed/2026-01_clean.parquet
2026-09-27 01:23:07,083 | INFO | pipeline |   rejected: /Users/akshatsipany/SST/fde/nyc-tlc-assignment-2/data/rejected/2026-01_rejected.csv
2026-09-27 01:23:07,083 | INFO | pipeline |   model:    /Users/akshatsipany/SST/fde/nyc-tlc-assignment-2/data/processed/2026-01_model.parquet
2026-09-27 01:23:07,083 | INFO | pipeline |   metrics:  /Users/akshatsipany/SST/fde/nyc-tlc-assignment-2/output/metrics_2026-01.csv
2026-09-27 01:23:07,083 | INFO | pipeline |   metrics:  /Users/akshatsipany/SST/fde/nyc-tlc-assignment-2/output/metrics_2026-01_avg_duration_by_zone_hour.csv
2026-09-27 01:23:07,083 | INFO | pipeline |   metrics:  /Users/akshatsipany/SST/fde/nyc-tlc-assignment-2/output/metrics_2026-01_unreliable_trip_rate.csv
2026-09-27 01:23:07,083 | INFO | pipeline |   metrics:  /Users/akshatsipany/SST/fde/nyc-tlc-assignment-2/output/metrics_2026-01_revenue_per_mile_by_borough.csv
2026-09-27 01:23:07,083 | INFO | pipeline |   metrics:  /Users/akshatsipany/SST/fde/nyc-tlc-assignment-2/output/metrics_2026-01_weather_delay_rate.csv
2026-09-27 01:23:07,083 | INFO | pipeline |   metrics:  /Users/akshatsipany/SST/fde/nyc-tlc-assignment-2/output/metrics_2026-01_zero_trip_rate.csv
2026-09-27 01:23:07,083 | INFO | pipeline | ======================================================================
2026-09-27 01:23:07,083 | INFO | pipeline | ======================================================================
2026-09-27 01:23:07,083 | INFO | pipeline | PIPELINE START for 2026-02
2026-09-27 01:23:07,083 | INFO | pipeline | ======================================================================
2026-09-27 01:23:07,083 | INFO | ingest | [ingest] start for 2026-02
2026-09-27 01:23:07,083 | INFO | ingest | Skipping download, raw file already present: yellow_tripdata_2026-02.parquet (58.7 MB)
2026-09-27 01:23:07,152 | INFO | ingest | [completeness] yellow_tripdata_2026-02.parquet: 3,399,866 rows
2026-09-27 01:23:07,166 | INFO | ingest | [completeness] yellow_tripdata_2026-02.parquet: pickup range 2026-01-31 23:31:23 .. 2026-03-01 00:51:48 (expected within 2026-02-01 .. 2026-02-28)
2026-09-27 01:23:07,170 | INFO | ingest | Skipping download, raw file already present: taxi_zone_lookup.csv (0.0 MB)
2026-09-27 01:23:07,172 | INFO | ingest | [completeness] taxi_zone_lookup.csv: 265 rows
2026-09-27 01:23:07,172 | INFO | ingest | Skipping download, raw file already present: weather_2026-02.csv (0.0 MB)
2026-09-27 01:23:07,173 | INFO | ingest | [completeness] weather_2026-02.csv: 672 hourly rows (expected ~672)
2026-09-27 01:23:07,173 | INFO | ingest | [ingest] done for 2026-02: trips=yellow_tripdata_2026-02.parquet, zones=taxi_zone_lookup.csv, weather=weather_2026-02.csv
2026-09-27 01:23:07,173 | INFO | pipeline | [pipeline] stage 1 ingest done in 0.1s
2026-09-27 01:23:07,173 | INFO | validate | === VALIDATE START: 2026-02 ===
2026-09-27 01:23:07,263 | INFO | validate | [profile] shape: 3,399,866 rows x 20 cols
2026-09-27 01:23:07,263 | INFO | validate | [profile] dtypes:
VendorID                          int32
tpep_pickup_datetime     datetime64[us]
tpep_dropoff_datetime    datetime64[us]
passenger_count                 float64
trip_distance                   float64
RatecodeID                      float64
store_and_fwd_flag                  str
PULocationID                      int32
DOLocationID                      int32
payment_type                      int64
fare_amount                     float64
extra                           float64
mta_tax                         float64
tip_amount                      float64
tolls_amount                    float64
improvement_surcharge           float64
total_amount                    float64
congestion_surcharge            float64
Airport_fee                     float64
cbd_congestion_fee              float64
2026-09-27 01:23:07,293 | INFO | validate | [profile] null counts (non-zero only):
passenger_count         1023317
RatecodeID              1023317
store_and_fwd_flag      1023317
congestion_surcharge    1023317
Airport_fee             1023317
2026-09-27 01:23:07,390 | INFO | validate | [profile] duration_min quantiles:
0.00      -1.05
0.01       0.00
0.50      14.02
0.99      72.52
1.00    9265.15
2026-09-27 01:23:07,454 | INFO | validate | [profile] fare_amount quantiles:
0.00   -2084.1
0.01       3.0
0.50      16.3
0.99      80.7
1.00    2084.1
2026-09-27 01:23:07,518 | INFO | validate | [profile] trip_distance quantiles:
0.00         0.00
0.01         0.00
0.50         1.80
0.99        19.41
1.00    328522.20
2026-09-27 01:23:07,555 | INFO | validate | [profile] passenger_count quantiles:
0.00    0.0
0.01    1.0
0.50    1.0
0.99    4.0
1.00    9.0
2026-09-27 01:23:09,276 | INFO | validate | [profile] duplicates: 0 full-row, 24402 on (pickup, dropoff, PU, DO)
2026-09-27 01:23:09,280 | INFO | validate | [profile] pickup range: 2026-01-31 23:31:23 .. 2026-03-01 00:51:48
2026-09-27 01:23:09,337 | INFO | validate | [rules] invalid_duration         violations: 74,974
2026-09-27 01:23:09,338 | INFO | validate | [rules] negative_fare            violations: 26,721
2026-09-27 01:23:09,339 | INFO | validate | [rules] implausible_distance     violations: 172
2026-09-27 01:23:09,339 | INFO | validate | [rules] unknown_pickup_zone      violations: 0
2026-09-27 01:23:09,340 | INFO | validate | [rules] unknown_dropoff_zone     violations: 0
2026-09-27 01:23:09,341 | INFO | validate | [rules] invalid_passenger_count  violations: 12,888
2026-09-27 01:23:09,341 | INFO | validate | [rules] pickup_outside_month     violations: 4
2026-09-27 01:23:12,411 | INFO | validate | [validate] 2026-02: 3,288,955 valid, 110,911 rejected (3.26%)
2026-09-27 01:23:12,447 | INFO | validate | [validate] rejection reasons:
rejection_reason
invalid_duration           74974
negative_fare              26721
invalid_passenger_count    12888
implausible_distance         172
pickup_outside_month           4
2026-09-27 01:23:12,447 | INFO | validate | === VALIDATE END: 2026-02 ===
2026-09-27 01:23:13,644 | INFO | validate | [validate] wrote 2026-02_clean.parquet (3,288,955 rows) and 2026-02_rejected.csv (110,911 rows)
2026-09-27 01:23:13,644 | INFO | pipeline | [pipeline] stage 2 validate done in 6.5s (3,288,955 valid, 110,911 rejected)
2026-09-27 01:23:13,720 | INFO | model | === MODEL START: building event model from 3,288,955 clean rows ===
2026-09-27 01:23:15,443 | WARNING | model | [model] 12 trips have no weather row for their pickup hour
2026-09-27 01:23:15,451 | INFO | model | [model] event model built: 3,288,955 rows x 26 cols
2026-09-27 01:23:15,485 | INFO | model | [model] median trip duration: 14.3 min | rainy share: 9.0%
2026-09-27 01:23:15,485 | INFO | model | === MODEL END ===
2026-09-27 01:23:16,735 | INFO | model | [model] wrote 2026-02_model.parquet (3,288,955 rows)
2026-09-27 01:23:16,735 | INFO | pipeline | [pipeline] stage 3 model done in 3.1s (3,288,955 event rows)
2026-09-27 01:23:16,860 | INFO | metrics | === METRICS START: 2026-02 (3,288,955 trips) ===
2026-09-27 01:23:17,428 | INFO | metrics | [metrics] benchmark tier zone_pair_hour       resolved 2,279,368 trips (1,009,587 open)
2026-09-27 01:23:17,595 | INFO | metrics | [metrics] benchmark tier pickup_zone_hour     resolved 985,282 trips (24,305 open)
2026-09-27 01:23:17,737 | INFO | metrics | [metrics] benchmark tier pickup_borough_hour  resolved 24,037 trips (268 open)
2026-09-27 01:23:17,804 | INFO | metrics | [metrics] benchmark tier citywide_hour        resolved 268 trips (0 open)
2026-09-27 01:23:17,952 | INFO | metrics | [metrics] delay rate: 33.07% of 3,288,955 trips exceed expected by >25%
2026-09-27 01:23:18,008 | INFO | metrics | [metrics] benchmark level mix:
benchmark_level
zone_pair_hour         2279368
pickup_zone_hour        985282
pickup_borough_hour      24037
citywide_hour              268
2026-09-27 01:23:18,877 | INFO | metrics | [metrics] metric 1: 5,801 zone-hour rows (2,078 low-sample, sorted last)
2026-09-27 01:23:18,877 | INFO | metrics | [metrics] metric 1 worst decision-grade cell: Central Harlem at 17:00 (50.8% delayed, 1,298 trips, avg 20.5 min vs expected 14.8 min)
2026-09-27 01:23:19,200 | INFO | metrics | [metrics] metric 2: overall unreliable rate 33.07%
2026-09-27 01:23:19,200 | INFO | metrics | [metrics] metric 2 interpretation: median benchmark + right-skewed durations means ~1/3 exceed 1.25x it by construction; read as a RELATIVE zone-hour ranking, not an absolute failure rate.
2026-09-27 01:23:19,657 | INFO | metrics | [metrics] metric 3: revenue/mile by borough:
pickup_borough   trips  revenue_per_mile
           EWR      30             13.62
     Manhattan 2820350             10.96
       Unknown    3898              8.51
      Brooklyn  147509              6.85
 Staten Island     407              6.13
        Queens  282427              5.94
         Bronx   34334              5.00
2026-09-27 01:23:20,901 | INFO | metrics | [metrics] metric 4: rainy delay rate 27.68% vs dry 33.60% (difference -5.92 pp, 12 trips excluded for no weather)
2026-09-27 01:23:21,424 | INFO | metrics | [metrics] metric 5: zero-distance 3.02% | zero-fare 0.05% | missing passenger_count 31.03%
2026-09-27 01:23:21,437 | INFO | metrics | [metrics] avg_duration_by_zone_hour      -> 5,801 rows
2026-09-27 01:23:21,437 | INFO | metrics | [metrics] unreliable_trip_rate           -> 5,801 rows
2026-09-27 01:23:21,437 | INFO | metrics | [metrics] revenue_per_mile_by_borough    -> 7 rows
2026-09-27 01:23:21,437 | INFO | metrics | [metrics] weather_delay_rate             -> 16 rows
2026-09-27 01:23:21,437 | INFO | metrics | [metrics] zero_trip_rate                 -> 8 rows
2026-09-27 01:23:21,437 | INFO | metrics | === METRICS END: 2026-02 ===
2026-09-27 01:23:21,581 | INFO | metrics | [metrics] wrote metrics_2026-02.csv
2026-09-27 01:23:21,581 | INFO | metrics | [metrics] wrote metrics_2026-02_avg_duration_by_zone_hour.csv
2026-09-27 01:23:21,581 | INFO | metrics | [metrics] wrote metrics_2026-02_unreliable_trip_rate.csv
2026-09-27 01:23:21,581 | INFO | metrics | [metrics] wrote metrics_2026-02_revenue_per_mile_by_borough.csv
2026-09-27 01:23:21,581 | INFO | metrics | [metrics] wrote metrics_2026-02_weather_delay_rate.csv
2026-09-27 01:23:21,581 | INFO | metrics | [metrics] wrote metrics_2026-02_zero_trip_rate.csv
2026-09-27 01:23:21,581 | INFO | pipeline | [pipeline] stage 4 metrics done in 4.8s (6 metric tables written)
2026-09-27 01:23:21,591 | INFO | pipeline | ======================================================================
2026-09-27 01:23:21,591 | INFO | pipeline | PIPELINE SUCCEEDED for 2026-02 in 14.5s
2026-09-27 01:23:21,591 | INFO | pipeline |   clean:    /Users/akshatsipany/SST/fde/nyc-tlc-assignment-2/data/processed/2026-02_clean.parquet
2026-09-27 01:23:21,591 | INFO | pipeline |   rejected: /Users/akshatsipany/SST/fde/nyc-tlc-assignment-2/data/rejected/2026-02_rejected.csv
2026-09-27 01:23:21,592 | INFO | pipeline |   model:    /Users/akshatsipany/SST/fde/nyc-tlc-assignment-2/data/processed/2026-02_model.parquet
2026-09-27 01:23:21,592 | INFO | pipeline |   metrics:  /Users/akshatsipany/SST/fde/nyc-tlc-assignment-2/output/metrics_2026-02.csv
2026-09-27 01:23:21,592 | INFO | pipeline |   metrics:  /Users/akshatsipany/SST/fde/nyc-tlc-assignment-2/output/metrics_2026-02_avg_duration_by_zone_hour.csv
2026-09-27 01:23:21,592 | INFO | pipeline |   metrics:  /Users/akshatsipany/SST/fde/nyc-tlc-assignment-2/output/metrics_2026-02_unreliable_trip_rate.csv
2026-09-27 01:23:21,592 | INFO | pipeline |   metrics:  /Users/akshatsipany/SST/fde/nyc-tlc-assignment-2/output/metrics_2026-02_revenue_per_mile_by_borough.csv
2026-09-27 01:23:21,592 | INFO | pipeline |   metrics:  /Users/akshatsipany/SST/fde/nyc-tlc-assignment-2/output/metrics_2026-02_weather_delay_rate.csv
2026-09-27 01:23:21,592 | INFO | pipeline |   metrics:  /Users/akshatsipany/SST/fde/nyc-tlc-assignment-2/output/metrics_2026-02_zero_trip_rate.csv
2026-09-27 01:23:21,592 | INFO | pipeline | ======================================================================
2026-09-27 01:23:21,592 | INFO | pipeline | ======================================================================
2026-09-27 01:23:21,592 | INFO | pipeline | PIPELINE START for 2026-03
2026-09-27 01:23:21,592 | INFO | pipeline | ======================================================================
2026-09-27 01:23:21,592 | INFO | ingest | [ingest] start for 2026-03
2026-09-27 01:23:21,592 | INFO | ingest | Skipping download, raw file already present: yellow_tripdata_2026-03.parquet (67.9 MB)
2026-09-27 01:23:21,658 | INFO | ingest | [completeness] yellow_tripdata_2026-03.parquet: 3,952,451 rows
2026-09-27 01:23:21,668 | INFO | ingest | [completeness] yellow_tripdata_2026-03.parquet: pickup range 2008-12-31 23:03:20 .. 2026-04-01 00:06:25 (expected within 2026-03-01 .. 2026-03-31)
2026-09-27 01:23:21,672 | INFO | ingest | Skipping download, raw file already present: taxi_zone_lookup.csv (0.0 MB)
2026-09-27 01:23:21,673 | INFO | ingest | [completeness] taxi_zone_lookup.csv: 265 rows
2026-09-27 01:23:21,674 | INFO | ingest | Skipping download, raw file already present: weather_2026-03.csv (0.0 MB)
2026-09-27 01:23:21,674 | INFO | ingest | [completeness] weather_2026-03.csv: 744 hourly rows (expected ~744)
2026-09-27 01:23:21,674 | INFO | ingest | [ingest] done for 2026-03: trips=yellow_tripdata_2026-03.parquet, zones=taxi_zone_lookup.csv, weather=weather_2026-03.csv
2026-09-27 01:23:21,674 | INFO | pipeline | [pipeline] stage 1 ingest done in 0.1s
2026-09-27 01:23:21,675 | INFO | validate | === VALIDATE START: 2026-03 ===
2026-09-27 01:23:21,771 | INFO | validate | [profile] shape: 3,952,451 rows x 20 cols
2026-09-27 01:23:21,772 | INFO | validate | [profile] dtypes:
VendorID                          int32
tpep_pickup_datetime     datetime64[us]
tpep_dropoff_datetime    datetime64[us]
passenger_count                 float64
trip_distance                   float64
RatecodeID                      float64
store_and_fwd_flag                  str
PULocationID                      int32
DOLocationID                      int32
payment_type                      int64
fare_amount                     float64
extra                           float64
mta_tax                         float64
tip_amount                      float64
tolls_amount                    float64
improvement_surcharge           float64
total_amount                    float64
congestion_surcharge            float64
Airport_fee                     float64
cbd_congestion_fee              float64
2026-09-27 01:23:21,822 | INFO | validate | [profile] null counts (non-zero only):
passenger_count         945748
RatecodeID              945748
store_and_fwd_flag      945748
congestion_surcharge    945748
Airport_fee             945748
2026-09-27 01:23:21,923 | INFO | validate | [profile] duration_min quantiles:
0.00    -186.67
0.01       0.00
0.50      13.28
0.99      75.25
1.00    7620.60
2026-09-27 01:23:21,997 | INFO | validate | [profile] fare_amount quantiles:
0.00    -990.0
0.01       3.0
0.50      15.6
0.99      81.4
1.00    1843.3
2026-09-27 01:23:22,073 | INFO | validate | [profile] trip_distance quantiles:
0.00         0.00
0.01         0.00
0.50         1.82
0.99        19.58
1.00    288381.68
2026-09-27 01:23:22,117 | INFO | validate | [profile] passenger_count quantiles:
0.00    0.0
0.01    1.0
0.50    1.0
0.99    4.0
1.00    8.0
2026-09-27 01:23:24,117 | INFO | validate | [profile] duplicates: 0 full-row, 18963 on (pickup, dropoff, PU, DO)
2026-09-27 01:23:24,121 | INFO | validate | [profile] pickup range: 2008-12-31 23:03:20 .. 2026-04-01 00:06:25
2026-09-27 01:23:24,183 | INFO | validate | [rules] invalid_duration         violations: 90,147
2026-09-27 01:23:24,184 | INFO | validate | [rules] negative_fare            violations: 20,724
2026-09-27 01:23:24,185 | INFO | validate | [rules] implausible_distance     violations: 161
2026-09-27 01:23:24,186 | INFO | validate | [rules] unknown_pickup_zone      violations: 0
2026-09-27 01:23:24,186 | INFO | validate | [rules] unknown_dropoff_zone     violations: 0
2026-09-27 01:23:24,187 | INFO | validate | [rules] invalid_passenger_count  violations: 12,970
2026-09-27 01:23:24,188 | INFO | validate | [rules] pickup_outside_month     violations: 4
2026-09-27 01:23:27,517 | INFO | validate | [validate] 2026-03: 3,831,806 valid, 120,645 rejected (3.05%)
2026-09-27 01:23:27,557 | INFO | validate | [validate] rejection reasons:
rejection_reason
invalid_duration           90147
negative_fare              20724
invalid_passenger_count    12970
implausible_distance         161
pickup_outside_month           4
2026-09-27 01:23:27,557 | INFO | validate | === VALIDATE END: 2026-03 ===
2026-09-27 01:23:29,231 | INFO | validate | [validate] wrote 2026-03_clean.parquet (3,831,806 rows) and 2026-03_rejected.csv (120,645 rows)
2026-09-27 01:23:29,231 | INFO | pipeline | [pipeline] stage 2 validate done in 7.6s (3,831,806 valid, 120,645 rejected)
2026-09-27 01:23:29,434 | INFO | model | === MODEL START: building event model from 3,831,806 clean rows ===
2026-09-27 01:23:31,537 | WARNING | model | [model] 14 trips have no weather row for their pickup hour
2026-09-27 01:23:31,549 | INFO | model | [model] event model built: 3,831,806 rows x 26 cols
2026-09-27 01:23:31,597 | INFO | model | [model] median trip duration: 13.6 min | rainy share: 16.4%
2026-09-27 01:23:31,597 | INFO | model | === MODEL END ===
2026-09-27 01:23:32,955 | INFO | model | [model] wrote 2026-03_model.parquet (3,831,806 rows)
2026-09-27 01:23:32,955 | INFO | pipeline | [pipeline] stage 3 model done in 3.7s (3,831,806 event rows)
2026-09-27 01:23:33,123 | INFO | metrics | === METRICS START: 2026-03 (3,831,806 trips) ===
2026-09-27 01:23:33,775 | INFO | metrics | [metrics] benchmark tier zone_pair_hour       resolved 2,789,680 trips (1,042,126 open)
2026-09-27 01:23:33,982 | INFO | metrics | [metrics] benchmark tier pickup_zone_hour     resolved 1,018,413 trips (23,713 open)
2026-09-27 01:23:34,154 | INFO | metrics | [metrics] benchmark tier pickup_borough_hour  resolved 23,370 trips (343 open)
2026-09-27 01:23:34,230 | INFO | metrics | [metrics] benchmark tier citywide_hour        resolved 343 trips (0 open)
2026-09-27 01:23:34,383 | INFO | metrics | [metrics] delay rate: 31.23% of 3,831,806 trips exceed expected by >25%
2026-09-27 01:23:34,449 | INFO | metrics | [metrics] benchmark level mix:
benchmark_level
zone_pair_hour         2789680
pickup_zone_hour       1018413
pickup_borough_hour      23370
citywide_hour              343
2026-09-27 01:23:35,372 | INFO | metrics | [metrics] metric 1: 5,802 zone-hour rows (2,047 low-sample, sorted last)
2026-09-27 01:23:35,373 | INFO | metrics | [metrics] metric 1 worst decision-grade cell: South Ozone Park at 16:00 (59.3% delayed, 91 trips, avg 33.4 min vs expected 19.8 min)
2026-09-27 01:23:35,733 | INFO | metrics | [metrics] metric 2: overall unreliable rate 31.23%
2026-09-27 01:23:35,733 | INFO | metrics | [metrics] metric 2 interpretation: median benchmark + right-skewed durations means ~1/3 exceed 1.25x it by construction; read as a RELATIVE zone-hour ranking, not an absolute failure rate.
2026-09-27 01:23:36,299 | INFO | metrics | [metrics] metric 3: revenue/mile by borough:
pickup_borough   trips  revenue_per_mile
           EWR      31             35.77
     Manhattan 3295054             10.58
       Unknown    4721              8.48
      Brooklyn  157930              6.53
        Queens  334197              5.90
 Staten Island     437              5.82
         Bronx   39436              4.73
2026-09-27 01:23:37,898 | INFO | metrics | [metrics] metric 4: rainy delay rate 33.29% vs dry 30.83% (difference +2.46 pp, 14 trips excluded for no weather)
2026-09-27 01:23:38,542 | INFO | metrics | [metrics] metric 5: zero-distance 2.40% | zero-fare 0.06% | missing passenger_count 24.61%
2026-09-27 01:23:38,556 | INFO | metrics | [metrics] avg_duration_by_zone_hour      -> 5,802 rows
2026-09-27 01:23:38,556 | INFO | metrics | [metrics] unreliable_trip_rate           -> 5,802 rows
2026-09-27 01:23:38,556 | INFO | metrics | [metrics] revenue_per_mile_by_borough    -> 7 rows
2026-09-27 01:23:38,557 | INFO | metrics | [metrics] weather_delay_rate             -> 16 rows
2026-09-27 01:23:38,557 | INFO | metrics | [metrics] zero_trip_rate                 -> 8 rows
2026-09-27 01:23:38,557 | INFO | metrics | === METRICS END: 2026-03 ===
2026-09-27 01:23:38,683 | INFO | metrics | [metrics] wrote metrics_2026-03.csv
2026-09-27 01:23:38,683 | INFO | metrics | [metrics] wrote metrics_2026-03_avg_duration_by_zone_hour.csv
2026-09-27 01:23:38,684 | INFO | metrics | [metrics] wrote metrics_2026-03_unreliable_trip_rate.csv
2026-09-27 01:23:38,684 | INFO | metrics | [metrics] wrote metrics_2026-03_revenue_per_mile_by_borough.csv
2026-09-27 01:23:38,684 | INFO | metrics | [metrics] wrote metrics_2026-03_weather_delay_rate.csv
2026-09-27 01:23:38,684 | INFO | metrics | [metrics] wrote metrics_2026-03_zero_trip_rate.csv
2026-09-27 01:23:38,684 | INFO | pipeline | [pipeline] stage 4 metrics done in 5.7s (6 metric tables written)
2026-09-27 01:23:38,696 | INFO | pipeline | ======================================================================
2026-09-27 01:23:38,696 | INFO | pipeline | PIPELINE SUCCEEDED for 2026-03 in 17.1s
2026-09-27 01:23:38,696 | INFO | pipeline |   clean:    /Users/akshatsipany/SST/fde/nyc-tlc-assignment-2/data/processed/2026-03_clean.parquet
2026-09-27 01:23:38,696 | INFO | pipeline |   rejected: /Users/akshatsipany/SST/fde/nyc-tlc-assignment-2/data/rejected/2026-03_rejected.csv
2026-09-27 01:23:38,696 | INFO | pipeline |   model:    /Users/akshatsipany/SST/fde/nyc-tlc-assignment-2/data/processed/2026-03_model.parquet
2026-09-27 01:23:38,696 | INFO | pipeline |   metrics:  /Users/akshatsipany/SST/fde/nyc-tlc-assignment-2/output/metrics_2026-03.csv
2026-09-27 01:23:38,696 | INFO | pipeline |   metrics:  /Users/akshatsipany/SST/fde/nyc-tlc-assignment-2/output/metrics_2026-03_avg_duration_by_zone_hour.csv
2026-09-27 01:23:38,696 | INFO | pipeline |   metrics:  /Users/akshatsipany/SST/fde/nyc-tlc-assignment-2/output/metrics_2026-03_unreliable_trip_rate.csv
2026-09-27 01:23:38,696 | INFO | pipeline |   metrics:  /Users/akshatsipany/SST/fde/nyc-tlc-assignment-2/output/metrics_2026-03_revenue_per_mile_by_borough.csv
2026-09-27 01:23:38,696 | INFO | pipeline |   metrics:  /Users/akshatsipany/SST/fde/nyc-tlc-assignment-2/output/metrics_2026-03_weather_delay_rate.csv
2026-09-27 01:23:38,696 | INFO | pipeline |   metrics:  /Users/akshatsipany/SST/fde/nyc-tlc-assignment-2/output/metrics_2026-03_zero_trip_rate.csv
2026-09-27 01:23:38,696 | INFO | pipeline | ======================================================================
2026-09-27 01:23:38,696 | INFO | pipeline | All 3 month(s) completed successfully.
